{
  "submission_id": "62948",
  "cycles": [
    {
      "test_case": [
        "Test Case Input:\nnew ByteArrayInputStream(\"Test String\".getBytes())"
      ],
      "test_mutations": [
        "Test Case Input:\nnew ByteArrayInputStream(\"Test String\".getBytes())"
      ],
      "initial_code": "public class foo {\n  public static String writeToString(InputStream stream) throws java.io.IOException{\n        StringBuffer fileData = new StringBuffer(1000);\n        BufferedReader reader = new BufferedReader(new InputStreamReader(stream,\"utf-8\"));\n        char[] buf = new char[1024];\n        int numRead=0;\n        while((numRead=reader.read(buf)) != -1){\n            String readData = String.valueOf(buf, 0, numRead);\n            fileData.append(readData);\n            buf = new char[1024];\n        }\n        reader.close();\n        return fileData.toString();\n    }\n}",
      "covered_code": "PLAN for step by step execution of the given Java program and test case:\n1. Import statements: There are no explicit import statements in the provided code snippet.\n2. Class Declaration: Class Declaration statements are executed. Statement \"public class foo {\" is covered.\n3. writeToString Method Declaration: Method declaration statements are executed when called. Statement \"public static String writeToString(InputStream stream) throws java.io.IOException{\" is covered when the method is invoked.\n4. Variable Initialization: Statements \"StringBuffer fileData = new StringBuffer(1000);\" and \"BufferedReader reader = new BufferedReader(new InputStreamReader(stream,\"utf-8\"));\" are covered during method execution.\n5. Buffer Initialization: Statement \"char[] buf = new char[1024];\" is covered.\n6. While Loop Execution: The while loop condition \"(numRead=reader.read(buf)) != -1\" is evaluated. Assuming \"Test String\" is read, the loop executes at least once, so the statement \"while((numRead=reader.read(buf)) != -1){\" is covered.\n7. Inside While Loop: Statements within the while loop are executed as long as the loop condition is true. Statements \"String readData = String.valueOf(buf, 0, numRead);\" and \"fileData.append(readData);\" are covered.\n8. Reset Buffer: Statement \"buf = new char[1024];\" is executed each iteration of the loop.\n9. Reader Close: Statement \"reader.close();\" is executed after the loop completes.\n10. Return Statement: Statement \"return fileData.toString();\" is executed to return the result.\n\nFinal code coverage of the Java program based on its test case and given step-by-step reasoning for execution is:\n```\n> public class foo {\n>   public static String writeToString(InputStream stream) throws java.io.IOException{\n>         StringBuffer fileData = new StringBuffer(1000);\n>         BufferedReader reader = new BufferedReader(new InputStreamReader(stream,\"utf-8\"));\n>         char[] buf = new char[1024];\n>         int numRead=0;\n>         while((numRead=reader.read(buf)) != -1){\n>             String readData = String.valueOf(buf, 0, numRead);\n>             fileData.append(readData);\n>             buf = new char[1024];\n>         }\n>         reader.close();\n>         return fileData.toString();\n>     }\n> }\n```",
      "test_seed_coverage": [
        ">",
        ">",
        ">",
        ">",
        ">",
        ">",
        ">",
        ">",
        ">",
        ">",
        ">",
        ">",
        ">",
        ">",
        ">"
      ],
      "cumulative_coverage": [
        ">",
        ">",
        ">",
        ">",
        ">",
        ">",
        ">",
        ">",
        ">",
        ">",
        ">",
        ">",
        ">",
        ">",
        ">"
      ]
    },
    {
      "test_case": [
        "Test Case Input:\n\"10\""
      ],
      "test_mutations": [
        "Test Case Input:\n\"10\""
      ],
      "initial_code": "public class foo {\n  public static String writeToString(InputStream stream) throws java.io.IOException{\n        StringBuffer fileData = new StringBuffer(1000);\n        BufferedReader reader = new BufferedReader(new InputStreamReader(stream,\"utf-8\"));\n        char[] buf = new char[1024];\n        int numRead=0;\n        while((numRead=reader.read(buf)) != -1){\n            String readData = String.valueOf(buf, 0, numRead);\n            fileData.append(readData);\n            buf = new char[1024];\n        }\n        reader.close();\n        return fileData.toString();\n    }\n}",
      "covered_code": "PLAN for step by step execution of the given Java program and test case:\n\n1. Class Declaration: Class declaration statement \"public class foo {\" is executed and covered.\n2. Method Declaration: Method declaration statement \"public static String writeToString(InputStream stream) throws java.io.IOException{\" is executed when called. This will be covered if the method is called during execution.\n3. Variable Initialization: Variable initialization statements within the method are executed when the method is called. Statements \"StringBuffer fileData = new StringBuffer(1000);\" and \"BufferedReader reader = new BufferedReader(new InputStreamReader(stream,\"utf-8\"));\" are executed.\n4. While Loop Execution: The while loop \"while((numRead=reader.read(buf)) != -1){\" is executed if the reader reads any characters from the InputStream.\n5. Loop Contents Execution: The statements inside the while loop are executed if the loop condition is true. Statements \"String readData = String.valueOf(buf, 0, numRead);\" and \"fileData.append(readData);\" are executed.\n6. Buffer Re-initialization: The statement \"buf = new char[1024];\" is executed as part of the loop.\n7. Reader Close: The statement \"reader.close();\" is executed after the while loop completes.\n8. Return Statement: The return statement \"return fileData.toString();\" is executed if the method completes without exceptions.\n9. Closing Brackets: Closing brackets are always executed.\n\nBased on the input provided, execution involves reading from an InputStream with \"10\" as input, leading to certain assumptions about method invocation and execution of statements inside the method.\n\nFinal predicted code coverage for the Java program based on the test case and step-by-step execution is:\n\n```\n> public class foo {\n>   public static String writeToString(InputStream stream) throws java.io.IOException{\n>         StringBuffer fileData = new StringBuffer(1000);\n>         BufferedReader reader = new BufferedReader(new InputStreamReader(stream,\"utf-8\"));\n>         char[] buf = new char[1024];\n>         int numRead=0;\n>         while((numRead=reader.read(buf)) != -1){\n>             String readData = String.valueOf(buf, 0, numRead);\n>             fileData.append(readData);\n>             buf = new char[1024];\n>         }\n>         reader.close();\n>         return fileData.toString();\n>     }\n> }\n```",
      "test_seed_coverage": [
        ">",
        ">",
        ">",
        ">",
        ">",
        ">",
        ">",
        ">",
        ">",
        ">",
        ">",
        ">",
        ">",
        ">",
        ">"
      ],
      "cumulative_coverage": [
        ">",
        ">",
        ">",
        ">",
        ">",
        ">",
        ">",
        ">",
        ">",
        ">",
        ">",
        ">",
        ">",
        ">",
        ">"
      ]
    },
    {
      "test_case": [
        "Test Case Input:\nnull"
      ],
      "test_mutations": [
        "Test Case Input:\nnull"
      ],
      "initial_code": "public class foo {\n  public static String writeToString(InputStream stream) throws java.io.IOException{\n        StringBuffer fileData = new StringBuffer(1000);\n        BufferedReader reader = new BufferedReader(new InputStreamReader(stream,\"utf-8\"));\n        char[] buf = new char[1024];\n        int numRead=0;\n        while((numRead=reader.read(buf)) != -1){\n            String readData = String.valueOf(buf, 0, numRead);\n            fileData.append(readData);\n            buf = new char[1024];\n        }\n        reader.close();\n        return fileData.toString();\n    }\n}",
      "covered_code": "PLAN for step by step execution of the given Java program and test case:\n\n1. Class Declaration: The class `foo` is declared. Statement `public class foo {` is covered.\n\n2. Method Declaration: The method `writeToString` is declared. Statement `public static String writeToString(InputStream stream) throws java.io.IOException{` is covered.\n\n3. Method Execution: Since the method `writeToString` is not called in the given test case, none of the statements inside the method will be executed. Therefore, all these lines are not covered.\n\n4. Closing Brackets: Always covered.\n\nFinal code coverage of the Java program based on its test case and given step-by-step reasoning for execution is:\n\n```\n> public class foo {\n!   public static String writeToString(InputStream stream) throws java.io.IOException{\n!         StringBuffer fileData = new StringBuffer(1000);\n!         BufferedReader reader = new BufferedReader(new InputStreamReader(stream,\"utf-8\"));\n!         char[] buf = new char[1024];\n!         int numRead=0;\n!         while((numRead=reader.read(buf)) != -1){\n!             String readData = String.valueOf(buf, 0, numRead);\n!             fileData.append(readData);\n!             buf = new char[1024];\n!         }\n!         reader.close();\n!         return fileData.toString();\n>     }\n> }\n```",
      "test_seed_coverage": [
        ">",
        ">",
        ">",
        ">",
        ">",
        ">",
        ">",
        ">",
        ">",
        ">",
        ">",
        ">",
        ">",
        ">",
        ">"
      ],
      "cumulative_coverage": [
        ">",
        ">",
        ">",
        ">",
        ">",
        ">",
        ">",
        ">",
        ">",
        ">",
        ">",
        ">",
        ">",
        ">",
        ">"
      ]
    },
    {
      "test_case": [
        "Test Case Input:\n\"abc123\""
      ],
      "test_mutations": [
        "Test Case Input:\n\"abc123\""
      ],
      "initial_code": "public class foo {\n  public static String writeToString(InputStream stream) throws java.io.IOException{\n        StringBuffer fileData = new StringBuffer(1000);\n        BufferedReader reader = new BufferedReader(new InputStreamReader(stream,\"utf-8\"));\n        char[] buf = new char[1024];\n        int numRead=0;\n        while((numRead=reader.read(buf)) != -1){\n            String readData = String.valueOf(buf, 0, numRead);\n            fileData.append(readData);\n            buf = new char[1024];\n        }\n        reader.close();\n        return fileData.toString();\n    }\n}",
      "covered_code": "PLAN for step by step execution of the given Java program and test case:\n\n1. Class Declaration: The class declaration `public class foo` is executed and will be covered.\n2. Method Declaration: The method `public static String writeToString(InputStream stream)` declaration is executed when called.\n3. Method Execution: The `writeToString` method is called with an `InputStream` containing the string `\"abc123\"`.\n4. StringBuffer Initialization: The statement `StringBuffer fileData = new StringBuffer(1000);` is executed.\n5. BufferedReader Initialization: The statement `BufferedReader reader = new BufferedReader(new InputStreamReader(stream,\"utf-8\"));` is executed.\n6. Buffer Initialization: The statement `char[] buf = new char[1024];` is executed.\n7. Loop Execution: The while loop condition `(numRead=reader.read(buf)) != -1` is true at least once, so the loop block is executed.\n8. Read Data: The statement `String readData = String.valueOf(buf, 0, numRead);` is executed.\n9. Append Data: The statement `fileData.append(readData);` is executed.\n10. Buffer Reset: The statement `buf = new char[1024];` is executed.\n11. Loop Continuation: The loop condition is checked again, and since the entire stream has been read, the loop exits.\n12. Reader Close: The statement `reader.close();` is executed.\n13. Return Statement: The statement `return fileData.toString();` is executed.\n14. Method End: The `writeToString` method execution completes.\n\nFinal code coverage of the Java program based on its test case and given step by step reasoning for execution is:\n\n> public class foo {\n>   public static String writeToString(InputStream stream) throws java.io.IOException{\n>         StringBuffer fileData = new StringBuffer(1000);\n>         BufferedReader reader = new BufferedReader(new InputStreamReader(stream,\"utf-8\"));\n>         char[] buf = new char[1024];\n>         int numRead=0;\n>         while((numRead=reader.read(buf)) != -1){\n>             String readData = String.valueOf(buf, 0, numRead);\n>             fileData.append(readData);\n>             buf = new char[1024];\n>         }\n>         reader.close();\n>         return fileData.toString();\n>     }\n> }",
      "test_seed_coverage": [
        ">",
        ">",
        ">",
        ">",
        ">",
        ">",
        ">",
        ">",
        ">",
        ">",
        ">",
        ">",
        ">",
        ">",
        ">"
      ],
      "cumulative_coverage": [
        ">",
        ">",
        ">",
        ">",
        ">",
        ">",
        ">",
        ">",
        ">",
        ">",
        ">",
        ">",
        ">",
        ">",
        ">"
      ]
    },
    {
      "test_case": [
        "Test Case Input:\n0"
      ],
      "test_mutations": [
        "Test Case Input:\n0"
      ],
      "initial_code": "public class foo {\n  public static String writeToString(InputStream stream) throws java.io.IOException{\n        StringBuffer fileData = new StringBuffer(1000);\n        BufferedReader reader = new BufferedReader(new InputStreamReader(stream,\"utf-8\"));\n        char[] buf = new char[1024];\n        int numRead=0;\n        while((numRead=reader.read(buf)) != -1){\n            String readData = String.valueOf(buf, 0, numRead);\n            fileData.append(readData);\n            buf = new char[1024];\n        }\n        reader.close();\n        return fileData.toString();\n    }\n}",
      "covered_code": "PLAN for step by step execution of the given Java program and test case:\n\n1. Class Declaration: The class declaration \"public class foo {\" is executed. It is covered.\n2. Method Declaration: The method declaration \"public static String writeToString(InputStream stream) throws java.io.IOException{\" is executed when called. It is covered.\n3. StringBuffer Initialization: The statement \"StringBuffer fileData = new StringBuffer(1000);\" is executed. It is covered.\n4. BufferedReader Initialization: The statement \"BufferedReader reader = new BufferedReader(new InputStreamReader(stream, \"utf-8\"));\" is executed. It is covered.\n5. Character Array Initialization: The statement \"char[] buf = new char[1024];\" is executed. It is covered.\n6. Integer Initialization: The statement \"int numRead=0;\" is executed. It is covered.\n7. While Loop: The while loop condition \"(numRead=reader.read(buf)) != -1\" is evaluated. Since the test case input is '0', the loop will not execute because the stream is empty. Thus, the loop block is not executed, and this line is covered because it's evaluated.\n8. Reader Close: The statement \"reader.close();\" is executed. It is covered.\n9. Return Statement: The statement \"return fileData.toString();\" is executed, returning an empty string since no data was read. It is covered.\n10. Closing Brackets: Always covered.\n\nFinal code coverage of the Java program based on its test case and given step by step reasoning for execution is:\n\n> public class foo {\n>   public static String writeToString(InputStream stream) throws java.io.IOException{\n>         StringBuffer fileData = new StringBuffer(1000);\n>         BufferedReader reader = new BufferedReader(new InputStreamReader(stream,\"utf-8\"));\n>         char[] buf = new char[1024];\n>         int numRead=0;\n>         while((numRead=reader.read(buf)) != -1){\n!             String readData = String.valueOf(buf, 0, numRead);\n!             fileData.append(readData);\n!             buf = new char[1024];\n>         }\n>         reader.close();\n>         return fileData.toString();\n>     }\n> }",
      "test_seed_coverage": [
        ">",
        ">",
        ">",
        ">",
        ">",
        ">",
        ">",
        ">",
        ">",
        ">",
        ">",
        ">",
        ">",
        ">",
        ">"
      ],
      "cumulative_coverage": [
        ">",
        ">",
        ">",
        ">",
        ">",
        ">",
        ">",
        ">",
        ">",
        ">",
        ">",
        ">",
        ">",
        ">",
        ">"
      ]
    },
    {
      "test_case": [
        "Test Case Input:\n-1"
      ],
      "test_mutations": [
        "Test Case Input:\n-1"
      ],
      "initial_code": "public class foo {\n  public static String writeToString(InputStream stream) throws java.io.IOException{\n        StringBuffer fileData = new StringBuffer(1000);\n        BufferedReader reader = new BufferedReader(new InputStreamReader(stream,\"utf-8\"));\n        char[] buf = new char[1024];\n        int numRead=0;\n        while((numRead=reader.read(buf)) != -1){\n            String readData = String.valueOf(buf, 0, numRead);\n            fileData.append(readData);\n            buf = new char[1024];\n        }\n        reader.close();\n        return fileData.toString();\n    }\n}",
      "covered_code": "PLAN for step by step execution of the given Java program and test case:\n\n1. Class Declaration: The class `foo` is declared. The statement `public class foo {` is covered.\n\n2. Method Declaration: The method `writeToString` is declared. The statement `public static String writeToString(InputStream stream) throws java.io.IOException{` is covered.\n\n3. Variable Initialization: The variable `fileData` is initialized. The statement `StringBuffer fileData = new StringBuffer(1000);` is covered.\n\n4. BufferedReader Initialization: The `BufferedReader` is initialized. The statement `BufferedReader reader = new BufferedReader(new InputStreamReader(stream,\"utf-8\"));` is covered.\n\n5. Buffer Array Initialization: The buffer array `buf` is initialized. The statement `char[] buf = new char[1024];` is covered.\n\n6. Variable Initialization: The variable `numRead` is initialized. The statement `int numRead=0;` is covered.\n\n7. While Loop Execution: The while loop condition is checked. Since the test case input `-1` implies no actual input stream is provided, the loop condition `(numRead=reader.read(buf)) != -1` is never executed, and thus, the contents of the loop are not covered.\n\n8. Reader Close: The statement `reader.close();` is covered because it follows the loop and is executed after the loop check.\n\n9. Return Statement: The return statement is executed. The statement `return fileData.toString();` is covered.\n\n10. Closing Brackets: Always covered.\n\nFinal code coverage of the Java program based on its test case and given step-by-step reasoning for execution is:\n\n```java\n> public class foo {\n>   public static String writeToString(InputStream stream) throws java.io.IOException{\n>         StringBuffer fileData = new StringBuffer(1000);\n>         BufferedReader reader = new BufferedReader(new InputStreamReader(stream,\"utf-8\"));\n>         char[] buf = new char[1024];\n>         int numRead=0;\n!         while((numRead=reader.read(buf)) != -1){\n!             String readData = String.valueOf(buf, 0, numRead);\n!             fileData.append(readData);\n!             buf = new char[1024];\n!         }\n>         reader.close();\n>         return fileData.toString();\n>     }\n> }\n```",
      "test_seed_coverage": [
        ">",
        ">",
        ">",
        ">",
        ">",
        ">",
        ">",
        ">",
        ">",
        ">",
        ">",
        ">",
        ">",
        ">",
        ">"
      ],
      "cumulative_coverage": [
        ">",
        ">",
        ">",
        ">",
        ">",
        ">",
        ">",
        ">",
        ">",
        ">",
        ">",
        ">",
        ">",
        ">",
        ">"
      ]
    },
    {
      "test_case": [
        "Test Case Input:\n-1 "
      ],
      "test_mutations": [
        "Test Case Input:\n-1 "
      ],
      "initial_code": "public class foo {\n  public static String writeToString(InputStream stream) throws java.io.IOException{\n        StringBuffer fileData = new StringBuffer(1000);\n        BufferedReader reader = new BufferedReader(new InputStreamReader(stream,\"utf-8\"));\n        char[] buf = new char[1024];\n        int numRead=0;\n        while((numRead=reader.read(buf)) != -1){\n            String readData = String.valueOf(buf, 0, numRead);\n            fileData.append(readData);\n            buf = new char[1024];\n        }\n        reader.close();\n        return fileData.toString();\n    }\n}",
      "covered_code": "Plan for step-by-step execution of the Java program based on the test case:\n\n1. Class Declaration: Statement \"public class foo {\" is covered.\n2. Method Declaration: Statement \"public static String writeToString(InputStream stream) throws java.io.IOException{\" is covered.\n3. StringBuffer Initialization: Statement \"StringBuffer fileData = new StringBuffer(1000);\" is covered.\n4. BufferedReader Initialization: Statement \"BufferedReader reader = new BufferedReader(new InputStreamReader(stream,\"utf-8\"));\" is not covered as InputStream is not provided.\n5. Character Buffer Initialization: Statement \"char[] buf = new char[1024];\" is not covered as it is dependent on the previous statement.\n6. Read Loop: Statement \"int numRead=0;\" is not covered as it is dependent on the previous statement.\n7. While Loop: Statement \"while((numRead=reader.read(buf)) != -1){\" is not covered as there is no InputStream.\n8. Inside While Loop: Statements \"String readData = String.valueOf(buf, 0, numRead);\", \"fileData.append(readData);\" and \"buf = new char[1024];\" are not covered as there is no InputStream to read.\n9. Reader Close: Statement \"reader.close();\" is not covered as reader initialization failed.\n10. Return Statement: Statement \"return fileData.toString();\" is not covered as method execution was incomplete due to previous statement failures.\n11. Closing Brackets: Always covered.\n\nFinal code coverage of the Java program based on its test case and given step-by-step reasoning for execution is:\n\n> public class foo {\n>   public static String writeToString(InputStream stream) throws java.io.IOException{\n>         StringBuffer fileData = new StringBuffer(1000);\n!         BufferedReader reader = new BufferedReader(new InputStreamReader(stream,\"utf-8\"));\n!         char[] buf = new char[1024];\n!         int numRead=0;\n!         while((numRead=reader.read(buf)) != -1){\n!             String readData = String.valueOf(buf, 0, numRead);\n!             fileData.append(readData);\n!             buf = new char[1024];\n!         }\n!         reader.close();\n!         return fileData.toString();\n>     }\n> }",
      "test_seed_coverage": [
        ">",
        ">",
        ">",
        ">",
        ">",
        ">",
        ">",
        ">",
        ">",
        ">",
        ">",
        ">",
        ">",
        ">",
        ">"
      ],
      "cumulative_coverage": [
        ">",
        ">",
        ">",
        ">",
        ">",
        ">",
        ">",
        ">",
        ">",
        ">",
        ">",
        ">",
        ">",
        ">",
        ">"
      ]
    },
    {
      "test_case": [
        "Test Case Input:\nnew ByteArrayInputStream(null)"
      ],
      "test_mutations": [
        "Test Case Input:\nnew ByteArrayInputStream(null)"
      ],
      "initial_code": "public class foo {\n  public static String writeToString(InputStream stream) throws java.io.IOException{\n        StringBuffer fileData = new StringBuffer(1000);\n        BufferedReader reader = new BufferedReader(new InputStreamReader(stream,\"utf-8\"));\n        char[] buf = new char[1024];\n        int numRead=0;\n        while((numRead=reader.read(buf)) != -1){\n            String readData = String.valueOf(buf, 0, numRead);\n            fileData.append(readData);\n            buf = new char[1024];\n        }\n        reader.close();\n        return fileData.toString();\n    }\n}",
      "covered_code": "PLAN for step by step execution of the given Java program and test case:\n\n1. `foo` Class Declaration: Class declaration statement is executed. Statement `public class foo {` is covered.\n2. `writeToString` Method Declaration: Method declaration statement is executed when the method is called. Statement `public static String writeToString(InputStream stream) throws java.io.IOException{` is covered.\n3. `StringBuffer` Initialization: Statement `StringBuffer fileData = new StringBuffer(1000);` is covered as it is part of the method execution.\n4. `BufferedReader` Initialization: Statement `BufferedReader reader = new BufferedReader(new InputStreamReader(stream,\"utf-8\"));` is covered as it is part of the method execution.\n5. Character Buffer Initialization: Statement `char[] buf = new char[1024];` is covered as it is part of the method execution.\n6. Loop Execution: The while loop `while((numRead=reader.read(buf)) != -1){` is executed. However, since the input stream is `null`, a `NullPointerException` occurs, and the loop block is not executed.\n7. Reader Close Statement: Statement `reader.close();` is not executed due to the exception.\n8. Return Statement: Statement `return fileData.toString();` is not executed due to the exception.\n9. Closing Brackets: Always covered.\n\nFinal code coverage of the Java program based on its test case and given step-by-step reasoning for execution is:\n\n```\n> public class foo {\n>   public static String writeToString(InputStream stream) throws java.io.IOException{\n>         StringBuffer fileData = new StringBuffer(1000);\n>         BufferedReader reader = new BufferedReader(new InputStreamReader(stream,\"utf-8\"));\n>         char[] buf = new char[1024];\n>         int numRead=0;\n!         while((numRead=reader.read(buf)) != -1){\n!             String readData = String.valueOf(buf, 0, numRead);\n!             fileData.append(readData);\n!             buf = new char[1024];\n!         }\n!         reader.close();\n!         return fileData.toString();\n>     }\n> }\n```",
      "test_seed_coverage": [
        ">",
        ">",
        ">",
        ">",
        ">",
        ">",
        ">",
        ">",
        ">",
        ">",
        ">",
        ">",
        ">",
        ">",
        ">"
      ],
      "cumulative_coverage": [
        ">",
        ">",
        ">",
        ">",
        ">",
        ">",
        ">",
        ">",
        ">",
        ">",
        ">",
        ">",
        ">",
        ">",
        ">"
      ]
    },
    {
      "test_case": [
        "Test Case Input:\n-10"
      ],
      "test_mutations": [
        "Test Case Input:\n-10"
      ],
      "initial_code": "public class foo {\n  public static String writeToString(InputStream stream) throws java.io.IOException{\n        StringBuffer fileData = new StringBuffer(1000);\n        BufferedReader reader = new BufferedReader(new InputStreamReader(stream,\"utf-8\"));\n        char[] buf = new char[1024];\n        int numRead=0;\n        while((numRead=reader.read(buf)) != -1){\n            String readData = String.valueOf(buf, 0, numRead);\n            fileData.append(readData);\n            buf = new char[1024];\n        }\n        reader.close();\n        return fileData.toString();\n    }\n}",
      "covered_code": "PLAN for step-by-step execution of the given Java program and test case:\n\n1. Class Declaration: The class declaration is executed. The statement \"public class foo {\" is covered.\n2. Method Declaration: The method declaration is executed when called. The statement \"public static String writeToString(InputStream stream) throws java.io.IOException{\" is covered.\n3. Variable Initialization: The statement \"StringBuffer fileData = new StringBuffer(1000);\" is covered.\n4. BufferedReader Initialization: The statement \"BufferedReader reader = new BufferedReader(new InputStreamReader(stream, \\\"utf-8\\\"));\" is covered.\n5. Character Buffer Declaration: The statement \"char[] buf = new char[1024];\" is covered.\n6. Integer Initialization: The statement \"int numRead=0;\" is covered.\n7. While Loop Execution: Since the stream is empty (based on the test case input), the while loop condition \"(numRead=reader.read(buf)) != -1\" is false, and the loop block will not be executed. The statement \"while((numRead=reader.read(buf)) != -1){\" is not covered.\n8. Reader Close: The statement \"reader.close();\" is covered.\n9. Return Statement: The statement \"return fileData.toString();\" is covered.\n10. Closing Brackets: Always covered.\n\nFinal code coverage of the Java program based on its test case and given step-by-step reasoning for execution is:\n\n> public class foo {\n>   public static String writeToString(InputStream stream) throws java.io.IOException{\n>         StringBuffer fileData = new StringBuffer(1000);\n>         BufferedReader reader = new BufferedReader(new InputStreamReader(stream,\"utf-8\"));\n>         char[] buf = new char[1024];\n>         int numRead=0;\n!         while((numRead=reader.read(buf)) != -1){\n!             String readData = String.valueOf(buf, 0, numRead);\n!             fileData.append(readData);\n!             buf = new char[1024];\n!         }\n>         reader.close();\n>         return fileData.toString();\n>     }\n> }",
      "test_seed_coverage": [
        ">",
        ">",
        ">",
        ">",
        ">",
        ">",
        ">",
        ">",
        ">",
        ">",
        ">",
        ">",
        ">",
        ">",
        ">"
      ],
      "cumulative_coverage": [
        ">",
        ">",
        ">",
        ">",
        ">",
        ">",
        ">",
        ">",
        ">",
        ">",
        ">",
        ">",
        ">",
        ">",
        ">"
      ]
    },
    {
      "test_case": [
        "Test Case Input:\n\"10.5\""
      ],
      "test_mutations": [
        "Test Case Input:\n\"10.5\""
      ],
      "initial_code": "public class foo {\n  public static String writeToString(InputStream stream) throws java.io.IOException{\n        StringBuffer fileData = new StringBuffer(1000);\n        BufferedReader reader = new BufferedReader(new InputStreamReader(stream,\"utf-8\"));\n        char[] buf = new char[1024];\n        int numRead=0;\n        while((numRead=reader.read(buf)) != -1){\n            String readData = String.valueOf(buf, 0, numRead);\n            fileData.append(readData);\n            buf = new char[1024];\n        }\n        reader.close();\n        return fileData.toString();\n    }\n}",
      "covered_code": "Plan for step by step execution of the given Java program and test case:\n\n1. Class Declaration: The class declaration is executed. The statement \"public class foo {\" is covered.\n2. Method Declaration: Method declarations are executed when called. The statement \"public static String writeToString(InputStream stream) throws java.io.IOException{\" is covered.\n3. StringBuffer Initialization: The StringBuffer initialization statement is covered.\n4. BufferedReader Initialization: The BufferedReader initialization statement is covered.\n5. Char Array Initialization: The char array initialization statement is covered.\n6. Variable Initialization: The variable initialization statement is covered.\n7. While Loop Execution: The while loop condition is checked. Since the input stream is empty or invalid, the loop body is not executed.\n8. Reader Close: The reader close statement is executed.\n9. Return Statement: The return statement is executed.\n10. Closing Brackets: Always covered.\n\nFinal code coverage of the Java program based on its test case and step-by-step reasoning for execution is:\n\n> public class foo {\n>   public static String writeToString(InputStream stream) throws java.io.IOException{\n>         StringBuffer fileData = new StringBuffer(1000);\n>         BufferedReader reader = new BufferedReader(new InputStreamReader(stream,\"utf-8\"));\n>         char[] buf = new char[1024];\n>         int numRead=0;\n!         while((numRead=reader.read(buf)) != -1){\n!             String readData = String.valueOf(buf, 0, numRead);\n!             fileData.append(readData);\n!             buf = new char[1024];\n!         }\n>         reader.close();\n>         return fileData.toString();\n>     }\n> }",
      "test_seed_coverage": [
        ">",
        ">",
        ">",
        ">",
        ">",
        ">",
        ">",
        ">",
        ">",
        ">",
        ">",
        ">",
        ">",
        ">",
        ">"
      ],
      "cumulative_coverage": [
        ">",
        ">",
        ">",
        ">",
        ">",
        ">",
        ">",
        ">",
        ">",
        ">",
        ">",
        ">",
        ">",
        ">",
        ">"
      ]
    },
    {
      "test_case": [
        "Test Case Input:\n10 / 0"
      ],
      "test_mutations": [
        "Test Case Input:\n10 / 0"
      ],
      "initial_code": "public class foo {\n  public static String writeToString(InputStream stream) throws java.io.IOException{\n        StringBuffer fileData = new StringBuffer(1000);\n        BufferedReader reader = new BufferedReader(new InputStreamReader(stream,\"utf-8\"));\n        char[] buf = new char[1024];\n        int numRead=0;\n        while((numRead=reader.read(buf)) != -1){\n            String readData = String.valueOf(buf, 0, numRead);\n            fileData.append(readData);\n            buf = new char[1024];\n        }\n        reader.close();\n        return fileData.toString();\n    }\n}",
      "covered_code": "PLAN for step-by-step execution of the given Java program and test case:\n\n1. Class Declaration: The class declaration \"public class foo {\" is executed and covered.\n2. Method Declaration: The method declaration \"public static String writeToString(InputStream stream) throws java.io.IOException{\" is executed when the method is called.\n3. StringBuffer Initialization: The statement \"StringBuffer fileData = new StringBuffer(1000);\" is executed when the method is called.\n4. BufferedReader Initialization: The statement \"BufferedReader reader = new BufferedReader(new InputStreamReader(stream, \"utf-8\"));\" is executed when the method is called.\n5. Character Buffer Initialization: The statement \"char[] buf = new char[1024];\" is executed when the method is called.\n6. Variable Initialization: The statement \"int numRead=0;\" is executed when the method is called.\n7. While Loop Execution: The while loop is executed if the InputStream 'stream' is not empty. If 'stream' is empty, the loop is not executed.\n8. While Loop Contents: If the while loop is executed, the statements inside the loop are executed for each iteration until 'numRead' becomes -1.\n   - Statement \"String readData = String.valueOf(buf, 0, numRead);\" is executed.\n   - Statement \"fileData.append(readData);\" is executed.\n   - Statement \"buf = new char[1024];\" is executed.\n9. BufferedReader Close: The statement \"reader.close();\" is executed after exiting the while loop.\n10. Return Statement: The statement \"return fileData.toString();\" is executed as the final line in the method.\n11. Closing Brackets: All closing brackets are executed.\n\nFinal code coverage of the Java program based on its test case and given step-by-step reasoning for execution is:\n\n> public class foo {\n>   public static String writeToString(InputStream stream) throws java.io.IOException{\n>         StringBuffer fileData = new StringBuffer(1000);\n>         BufferedReader reader = new BufferedReader(new InputStreamReader(stream,\"utf-8\"));\n>         char[] buf = new char[1024];\n>         int numRead=0;\n!         while((numRead=reader.read(buf)) != -1){\n!             String readData = String.valueOf(buf, 0, numRead);\n!             fileData.append(readData);\n!             buf = new char[1024];\n>         }\n>         reader.close();\n>         return fileData.toString();\n>     }\n> }",
      "test_seed_coverage": [
        ">",
        ">",
        ">",
        ">",
        ">",
        ">",
        ">",
        ">",
        ">",
        ">",
        ">",
        ">",
        ">",
        ">",
        ">"
      ],
      "cumulative_coverage": [
        ">",
        ">",
        ">",
        ">",
        ">",
        ">",
        ">",
        ">",
        ">",
        ">",
        ">",
        ">",
        ">",
        ">",
        ">"
      ]
    },
    {
      "test_case": [
        "Test Case Input:\n-1.5"
      ],
      "test_mutations": [
        "Test Case Input:\n-1.5"
      ],
      "initial_code": "public class foo {\n  public static String writeToString(InputStream stream) throws java.io.IOException{\n        StringBuffer fileData = new StringBuffer(1000);\n        BufferedReader reader = new BufferedReader(new InputStreamReader(stream,\"utf-8\"));\n        char[] buf = new char[1024];\n        int numRead=0;\n        while((numRead=reader.read(buf)) != -1){\n            String readData = String.valueOf(buf, 0, numRead);\n            fileData.append(readData);\n            buf = new char[1024];\n        }\n        reader.close();\n        return fileData.toString();\n    }\n}",
      "covered_code": "Plan for step-by-step execution of the given Java program and test case:\n\n1. Class Declaration: The class declaration statement \"public class foo {\" is executed.\n2. Method Declaration: The method declaration for \"public static String writeToString(InputStream stream) throws java.io.IOException{\" is executed.\n3. Initialize Variables: The statement \"StringBuffer fileData = new StringBuffer(1000);\" is executed to initialize the fileData variable.\n4. BufferedReader Initialization: The statement \"BufferedReader reader = new BufferedReader(new InputStreamReader(stream, \"utf-8\"));\" is executed to initialize the reader.\n5. Character Buffer Initialization: The statement \"char[] buf = new char[1024];\" is executed to initialize the character buffer.\n6. Read Loop: \n   - The while loop \"while((numRead=reader.read(buf)) != -1){\" is executed.\n   - Since the input test case is '-1.5', the read operation will attempt to read from the stream (assuming the stream is set up correctly in context, which is not detailed in the input).\n   - Statements inside the loop are executed as long as there is data to read:\n     - \"String readData = String.valueOf(buf, 0, numRead);\" is executed.\n     - \"fileData.append(readData);\" is executed.\n     - \"buf = new char[1024];\" is executed.\n7. Reader Close: The statement \"reader.close();\" is executed after exiting the loop.\n8. Return Statement: The statement \"return fileData.toString();\" is executed to return the accumulated string.\n9. Closing Brackets: Closing brackets are executed.\n\nFinal code coverage of the Java program based on its test case and given step-by-step reasoning for execution is:\n\n> public class foo {\n>   public static String writeToString(InputStream stream) throws java.io.IOException{\n>         StringBuffer fileData = new StringBuffer(1000);\n>         BufferedReader reader = new BufferedReader(new InputStreamReader(stream,\"utf-8\"));\n>         char[] buf = new char[1024];\n>         int numRead=0;\n>         while((numRead=reader.read(buf)) != -1){\n>             String readData = String.valueOf(buf, 0, numRead);\n>             fileData.append(readData);\n>             buf = new char[1024];\n>         }\n>         reader.close();\n>         return fileData.toString();\n>     }\n> }",
      "test_seed_coverage": [
        ">",
        ">",
        ">",
        ">",
        ">",
        ">",
        ">",
        ">",
        ">",
        ">",
        ">",
        ">",
        ">",
        ">",
        ">"
      ],
      "cumulative_coverage": [
        ">",
        ">",
        ">",
        ">",
        ">",
        ">",
        ">",
        ">",
        ">",
        ">",
        ">",
        ">",
        ">",
        ">",
        ">"
      ]
    },
    {
      "test_case": [
        "Test Case Input:\n-1 / 0"
      ],
      "test_mutations": [
        "Test Case Input:\n-1 / 0"
      ],
      "initial_code": "public class foo {\n  public static String writeToString(InputStream stream) throws java.io.IOException{\n        StringBuffer fileData = new StringBuffer(1000);\n        BufferedReader reader = new BufferedReader(new InputStreamReader(stream,\"utf-8\"));\n        char[] buf = new char[1024];\n        int numRead=0;\n        while((numRead=reader.read(buf)) != -1){\n            String readData = String.valueOf(buf, 0, numRead);\n            fileData.append(readData);\n            buf = new char[1024];\n        }\n        reader.close();\n        return fileData.toString();\n    }\n}",
      "covered_code": "PLAN for step by step execution of the given Java program and test case:\n\n1. Class Declaration: The class \"foo\" is declared. The statement \"public class foo {\" is covered.\n2. Method Declaration: The method \"writeToString\" is declared. The statement \"public static String writeToString(InputStream stream) throws java.io.IOException{\" is covered.\n3. StringBuffer Initialization: The statement \"StringBuffer fileData = new StringBuffer(1000);\" is covered.\n4. BufferedReader Initialization: The statement \"BufferedReader reader = new BufferedReader(new InputStreamReader(stream, \"utf-8\"));\" is covered.\n5. Char Array and Integer Initialization: The statements \"char[] buf = new char[1024];\" and \"int numRead=0;\" are covered.\n6. While Loop Execution: The loop condition \"(numRead=reader.read(buf)) != -1\" needs to be evaluated. The execution depends on the input stream.\n   - If the stream has data, the loop body will execute, covering the statements within the loop.\n   - If the stream has no data, the loop body will not execute.\n7. Within While Loop:\n   - If the loop executes, \"String readData = String.valueOf(buf, 0, numRead);\" and \"fileData.append(readData);\" will be covered.\n   - \"buf = new char[1024];\" is also covered if the loop executes.\n8. Reader Close: The statement \"reader.close();\" is covered irrespective of whether the loop executes.\n9. Return Statement: The statement \"return fileData.toString();\" is covered as the method completes execution.\n10. Closing Brackets: The closing brackets for the method and class are always covered.\n\nFinal code coverage of the Java program based on its test case:\n\n> public class foo {\n>   public static String writeToString(InputStream stream) throws java.io.IOException{\n>         StringBuffer fileData = new StringBuffer(1000);\n>         BufferedReader reader = new BufferedReader(new InputStreamReader(stream,\"utf-8\"));\n>         char[] buf = new char[1024];\n>         int numRead=0;\n!         while((numRead=reader.read(buf)) != -1){\n!             String readData = String.valueOf(buf, 0, numRead);\n!             fileData.append(readData);\n!             buf = new char[1024];\n>         }\n>         reader.close();\n>         return fileData.toString();\n>     }\n> }\n",
      "test_seed_coverage": [
        ">",
        ">",
        ">",
        ">",
        ">",
        ">",
        ">",
        ">",
        ">",
        ">",
        ">",
        ">",
        ">",
        ">",
        ">"
      ],
      "cumulative_coverage": [
        ">",
        ">",
        ">",
        ">",
        ">",
        ">",
        ">",
        ">",
        ">",
        ">",
        ">",
        ">",
        ">",
        ">",
        ">"
      ]
    },
    {
      "test_case": [
        "Test Case Input:\n-1.5 / 0"
      ],
      "test_mutations": [
        "Test Case Input:\n-1.5 / 0"
      ],
      "initial_code": "public class foo {\n  public static String writeToString(InputStream stream) throws java.io.IOException{\n        StringBuffer fileData = new StringBuffer(1000);\n        BufferedReader reader = new BufferedReader(new InputStreamReader(stream,\"utf-8\"));\n        char[] buf = new char[1024];\n        int numRead=0;\n        while((numRead=reader.read(buf)) != -1){\n            String readData = String.valueOf(buf, 0, numRead);\n            fileData.append(readData);\n            buf = new char[1024];\n        }\n        reader.close();\n        return fileData.toString();\n    }\n}",
      "covered_code": "Plan for step by step execution of the given Java program and test case:\n\n1. Class Declaration: The class declaration statement \"public class foo {\" is executed.\n2. Method Declaration: The method declaration \"public static String writeToString(InputStream stream) throws java.io.IOException{\" is executed.\n3. Variable Initialization: The variable initialization statements \"StringBuffer fileData = new StringBuffer(1000);\" and \"BufferedReader reader = new BufferedReader(new InputStreamReader(stream,\"utf-8\"));\" are executed.\n4. Buffer Initialization: The buffer initialization statement \"char[] buf = new char[1024];\" is executed.\n5. While Loop Execution: The while loop condition \"(numRead=reader.read(buf)) != -1\" is evaluated. Since the input stream is empty due to the invalid input '-1.5 / 0', the loop is not executed.\n6. Reader Closing: The statement \"reader.close();\" is executed.\n7. Return Statement: The return statement \"return fileData.toString();\" is executed.\n8. Closing Brackets: The closing brackets for the method and class are executed.\n\nFinal code coverage of the Java program based on its test case and given step by step reasoning for execution is:\n\n> public class foo {\n>   public static String writeToString(InputStream stream) throws java.io.IOException{\n>         StringBuffer fileData = new StringBuffer(1000);\n>         BufferedReader reader = new BufferedReader(new InputStreamReader(stream,\"utf-8\"));\n>         char[] buf = new char[1024];\n!         int numRead=0;\n!         while((numRead=reader.read(buf)) != -1){\n!             String readData = String.valueOf(buf, 0, numRead);\n!             fileData.append(readData);\n!             buf = new char[1024];\n!         }\n>         reader.close();\n>         return fileData.toString();\n>     }\n> }",
      "test_seed_coverage": [
        ">",
        ">",
        ">",
        ">",
        ">",
        ">",
        ">",
        ">",
        ">",
        ">",
        ">",
        ">",
        ">",
        ">",
        ">"
      ],
      "cumulative_coverage": [
        ">",
        ">",
        ">",
        ">",
        ">",
        ">",
        ">",
        ">",
        ">",
        ">",
        ">",
        ">",
        ">",
        ">",
        ">"
      ]
    },
    {
      "test_case": [
        "Test Case Input:\n5 / 0"
      ],
      "test_mutations": [
        "Test Case Input:\n5 / 0"
      ],
      "initial_code": "public class foo {\n  public static String writeToString(InputStream stream) throws java.io.IOException{\n        StringBuffer fileData = new StringBuffer(1000);\n        BufferedReader reader = new BufferedReader(new InputStreamReader(stream,\"utf-8\"));\n        char[] buf = new char[1024];\n        int numRead=0;\n        while((numRead=reader.read(buf)) != -1){\n            String readData = String.valueOf(buf, 0, numRead);\n            fileData.append(readData);\n            buf = new char[1024];\n        }\n        reader.close();\n        return fileData.toString();\n    }\n}",
      "covered_code": "PLAN for step by step execution of the given Java program and test case:\n1. Class Declaration: The class declaration statement \"public class foo\" is covered as it's part of the program definition.\n2. Method Declaration: The method \"writeToString\" is declared but not executed in this test case as there is no call to this method in the provided input.\n3. Method Execution: Since there is no call to \"writeToString\" in the test case input, none of the statements inside the method are executed.\n4. Closing Brackets: Always covered as they are part of the class and method definitions.\n\nFinal code coverage of the Java program based on its test case and given step by step reasoning for execution is:\n> public class foo {\n!   public static String writeToString(InputStream stream) throws java.io.IOException{\n!         StringBuffer fileData = new StringBuffer(1000);\n!         BufferedReader reader = new BufferedReader(new InputStreamReader(stream,\"utf-8\"));\n!         char[] buf = new char[1024];\n!         int numRead=0;\n!         while((numRead=reader.read(buf)) != -1){\n!             String readData = String.valueOf(buf, 0, numRead);\n!             fileData.append(readData);\n!             buf = new char[1024];\n!         }\n!         reader.close();\n!         return fileData.toString();\n!     }\n> }",
      "test_seed_coverage": [
        ">",
        ">",
        ">",
        ">",
        ">",
        ">",
        ">",
        ">",
        ">",
        ">",
        ">",
        ">",
        ">",
        ">",
        ">"
      ],
      "cumulative_coverage": [
        ">",
        ">",
        ">",
        ">",
        ">",
        ">",
        ">",
        ">",
        ">",
        ">",
        ">",
        ">",
        ">",
        ">",
        ">"
      ]
    },
    {
      "test_case": [
        "Test Case Input:\n-10/0"
      ],
      "test_mutations": [
        "Test Case Input:\n-10/0"
      ],
      "initial_code": "public class foo {\n  public static String writeToString(InputStream stream) throws java.io.IOException{\n        StringBuffer fileData = new StringBuffer(1000);\n        BufferedReader reader = new BufferedReader(new InputStreamReader(stream,\"utf-8\"));\n        char[] buf = new char[1024];\n        int numRead=0;\n        while((numRead=reader.read(buf)) != -1){\n            String readData = String.valueOf(buf, 0, numRead);\n            fileData.append(readData);\n            buf = new char[1024];\n        }\n        reader.close();\n        return fileData.toString();\n    }\n}",
      "covered_code": "PLAN for step by step execution of the given Java program and test case:\n\n1. Import statements: The program needs to import necessary classes for handling input streams, such as `InputStream`, `BufferedReader`, and `InputStreamReader`. However, these imports are not explicitly stated in the code snippet provided, so they are implied and not executed as part of this snippet.\n\n2. Class Declaration: The class `foo` is declared, and this statement is always covered. \n\n3. Method Declaration: The method `writeToString` is declared, and this statement is always covered.\n\n4. Method Execution: The method is designed to read from an `InputStream`. Given the test case input `-10/0`, this would typically mean the function is executed with a stream containing this data, but since `InputStream` is not explicitly created or passed in the test case, we'll assume the method body is executed as part of typical testing.\n\n5. Instantiation of StringBuffer: The instantiation of `StringBuffer fileData = new StringBuffer(1000);` is executed.\n\n6. BufferedReader Instantiation: The instantiation of `BufferedReader reader = new BufferedReader(new InputStreamReader(stream,\"utf-8\"));` is executed.\n\n7. Buffer Array Declaration: The declaration of the buffer array `char[] buf = new char[1024];` is executed.\n\n8. While Loop Execution: The while loop is designed to read from the stream until the end is reached. Since no actual stream is provided, we'll assume this loop is executed once for the sake of code coverage demonstration, executing its body.\n\n9. Reading Data: The reading of data `String readData = String.valueOf(buf, 0, numRead);` is executed.\n\n10. Appending Data: The appending of data `fileData.append(readData);` is executed.\n\n11. Buffer Reinitialization: The reinitialization of the buffer `buf = new char[1024];` is executed.\n\n12. Close Reader: Closing the reader `reader.close();` is executed.\n\n13. Return Statement: The return statement `return fileData.toString();` is executed.\n\n14. Closing Brackets: All closing brackets are executed.\n\nFinal code coverage of the Java program based on the assumed execution of the method:\n\n```\n> public class foo {\n>   public static String writeToString(InputStream stream) throws java.io.IOException{\n>        StringBuffer fileData = new StringBuffer(1000);\n>        BufferedReader reader = new BufferedReader(new InputStreamReader(stream,\"utf-8\"));\n>        char[] buf = new char[1024];\n>        int numRead=0;\n>        while((numRead=reader.read(buf)) != -1){\n>            String readData = String.valueOf(buf, 0, numRead);\n>            fileData.append(readData);\n>            buf = new char[1024];\n>        }\n>        reader.close();\n>        return fileData.toString();\n>    }\n> }\n```",
      "test_seed_coverage": [
        ">",
        ">",
        ">",
        ">",
        ">",
        ">",
        ">",
        ">",
        ">",
        ">",
        ">",
        ">",
        ">",
        ">",
        ">"
      ],
      "cumulative_coverage": [
        ">",
        ">",
        ">",
        ">",
        ">",
        ">",
        ">",
        ">",
        ">",
        ">",
        ">",
        ">",
        ">",
        ">",
        ">"
      ]
    },
    {
      "test_case": [
        "Test Case Input:\n-10, \"abc123\""
      ],
      "test_mutations": [
        "Test Case Input:\n-10, \"abc123\""
      ],
      "initial_code": "public class foo {\n  public static String writeToString(InputStream stream) throws java.io.IOException{\n        StringBuffer fileData = new StringBuffer(1000);\n        BufferedReader reader = new BufferedReader(new InputStreamReader(stream,\"utf-8\"));\n        char[] buf = new char[1024];\n        int numRead=0;\n        while((numRead=reader.read(buf)) != -1){\n            String readData = String.valueOf(buf, 0, numRead);\n            fileData.append(readData);\n            buf = new char[1024];\n        }\n        reader.close();\n        return fileData.toString();\n    }\n}",
      "covered_code": "Plan for step by step execution of the given Java program and test case:\n\n1. Class Declaration: The class declaration statement `public class foo {` is executed since it is the entry point for the program.\n2. Method Declaration: The method declaration `public static String writeToString(InputStream stream) throws java.io.IOException{` is executed when the method is invoked.\n3. Variable Initialization: The variable `StringBuffer fileData = new StringBuffer(1000);` is initialized when the method is executed.\n4. BufferedReader Initialization: The statement `BufferedReader reader = new BufferedReader(new InputStreamReader(stream,\"utf-8\"));` is executed to initialize the BufferedReader.\n5. Character Buffer Initialization: The character buffer `char[] buf = new char[1024];` is initialized.\n6. numRead Initialization: The integer `int numRead=0;` is initialized.\n7. While Loop Execution: Since the input stream is not specified in the test case, execution of `while((numRead=reader.read(buf)) != -1){` depends on the input stream content.\n8. String Construction: The statements inside the while loop `String readData = String.valueOf(buf, 0, numRead);` and `fileData.append(readData);` are executed if the loop executes.\n9. Buffer Re-initialization: The statement `buf = new char[1024];` is executed if the loop executes.\n10. Reader Close: The statement `reader.close();` is executed after the loop completes.\n11. Return Statement: The statement `return fileData.toString();` is executed to return the result.\n\nFinal code coverage based on the test case and reasoning:\n\n> public class foo {\n>   public static String writeToString(InputStream stream) throws java.io.IOException{\n>         StringBuffer fileData = new StringBuffer(1000);\n>         BufferedReader reader = new BufferedReader(new InputStreamReader(stream,\"utf-8\"));\n>         char[] buf = new char[1024];\n>         int numRead=0;\n!         while((numRead=reader.read(buf)) != -1){\n!             String readData = String.valueOf(buf, 0, numRead);\n!             fileData.append(readData);\n!             buf = new char[1024];\n!         }\n>         reader.close();\n>         return fileData.toString();\n>     }\n> }",
      "test_seed_coverage": [
        ">",
        ">",
        ">",
        ">",
        ">",
        ">",
        ">",
        ">",
        ">",
        ">",
        ">",
        ">",
        ">",
        ">",
        ">"
      ],
      "cumulative_coverage": [
        ">",
        ">",
        ">",
        ">",
        ">",
        ">",
        ">",
        ">",
        ">",
        ">",
        ">",
        ">",
        ">",
        ">",
        ">"
      ]
    },
    {
      "test_case": [
        "Test Case Input:\n-1, null"
      ],
      "test_mutations": [
        "Test Case Input:\n-1, null"
      ],
      "initial_code": "public class foo {\n  public static String writeToString(InputStream stream) throws java.io.IOException{\n        StringBuffer fileData = new StringBuffer(1000);\n        BufferedReader reader = new BufferedReader(new InputStreamReader(stream,\"utf-8\"));\n        char[] buf = new char[1024];\n        int numRead=0;\n        while((numRead=reader.read(buf)) != -1){\n            String readData = String.valueOf(buf, 0, numRead);\n            fileData.append(readData);\n            buf = new char[1024];\n        }\n        reader.close();\n        return fileData.toString();\n    }\n}",
      "covered_code": "Plan for step by step execution of the given Java program and test case:\n\n1. Class Declaration: The class declaration for `foo` is executed. Statement `public class foo {` is covered.\n2. Method Declaration: The method declaration for `writeToString` is executed when called. Statement `public static String writeToString(InputStream stream) throws java.io.IOException{` is covered.\n3. StringBuffer Initialization: Statement `StringBuffer fileData = new StringBuffer(1000);` is executed, initializing `fileData`.\n4. BufferedReader Initialization: Statement `BufferedReader reader = new BufferedReader(new InputStreamReader(stream,\"utf-8\"));` is executed, initializing `reader`.\n5. Character Buffer Initialization: Statement `char[] buf = new char[1024];` is executed, initializing `buf`.\n6. Integer Initialization: Statement `int numRead=0;` is executed, initializing `numRead`.\n7. While Loop Execution: The while loop condition `(numRead=reader.read(buf)) != -1` is checked. Depending on the test case, the loop may or may not be executed. Since the test case is not clear, assume the stream is empty or invalid, so the loop is not executed.\n8. Reader Close: Statement `reader.close();` is executed, closing the `reader`.\n9. Return Statement: Statement `return fileData.toString();` is executed, returning the contents of `fileData`.\n\nFinal code coverage of the Java program based on its test case and given step-by-step reasoning for execution is:\n\n```\n> public class foo {\n>   public static String writeToString(InputStream stream) throws java.io.IOException{\n>         StringBuffer fileData = new StringBuffer(1000);\n>         BufferedReader reader = new BufferedReader(new InputStreamReader(stream,\"utf-8\"));\n>         char[] buf = new char[1024];\n>         int numRead=0;\n!         while((numRead=reader.read(buf)) != -1){\n!             String readData = String.valueOf(buf, 0, numRead);\n!             fileData.append(readData);\n!             buf = new char[1024];\n!         }\n>         reader.close();\n>         return fileData.toString();\n>     }\n> }\n```",
      "test_seed_coverage": [
        ">",
        ">",
        ">",
        ">",
        ">",
        ">",
        ">",
        ">",
        ">",
        ">",
        ">",
        ">",
        ">",
        ">",
        ">"
      ],
      "cumulative_coverage": [
        ">",
        ">",
        ">",
        ">",
        ">",
        ">",
        ">",
        ">",
        ">",
        ">",
        ">",
        ">",
        ">",
        ">",
        ">"
      ]
    },
    {
      "test_case": [
        "Test Case Input:\n-10, null"
      ],
      "test_mutations": [
        "Test Case Input:\n-10, null"
      ],
      "initial_code": "public class foo {\n  public static String writeToString(InputStream stream) throws java.io.IOException{\n        StringBuffer fileData = new StringBuffer(1000);\n        BufferedReader reader = new BufferedReader(new InputStreamReader(stream,\"utf-8\"));\n        char[] buf = new char[1024];\n        int numRead=0;\n        while((numRead=reader.read(buf)) != -1){\n            String readData = String.valueOf(buf, 0, numRead);\n            fileData.append(readData);\n            buf = new char[1024];\n        }\n        reader.close();\n        return fileData.toString();\n    }\n}",
      "covered_code": "PLAN for step by step execution of the given Java program and test case:\n\n1. Class Declaration: The statement \"public class foo {\" is executed.\n2. Method Declaration: The statement \"public static String writeToString(InputStream stream) throws java.io.IOException{\" is executed when the method is called.\n3. StringBuffer Initialization: The statement \"StringBuffer fileData = new StringBuffer(1000);\" is executed.\n4. BufferedReader Initialization: The statement \"BufferedReader reader = new BufferedReader(new InputStreamReader(stream, \"utf-8\"));\" is executed.\n5. char Array Initialization: The statement \"char[] buf = new char[1024];\" is executed.\n6. Variable Initialization: The statement \"int numRead=0;\" is executed.\n7. While Loop Execution: The while loop condition \"(numRead=reader.read(buf)) != -1\" is evaluated. Since no actual input stream is provided in the test case, the loop body is not executed.\n8. Close Reader: The statement \"reader.close();\" is executed.\n9. Return Statement: The statement \"return fileData.toString();\" is executed.\n\nFinal code coverage of the Java program based on its test case and given step by step reasoning for execution is:\n\n> public class foo {\n>   public static String writeToString(InputStream stream) throws java.io.IOException{\n>         StringBuffer fileData = new StringBuffer(1000);\n>         BufferedReader reader = new BufferedReader(new InputStreamReader(stream,\"utf-8\"));\n>         char[] buf = new char[1024];\n>         int numRead=0;\n>         while((numRead=reader.read(buf)) != -1){\n!             String readData = String.valueOf(buf, 0, numRead);\n!             fileData.append(readData);\n!             buf = new char[1024];\n>         }\n>         reader.close();\n>         return fileData.toString();\n>     }\n> }",
      "test_seed_coverage": [
        ">",
        ">",
        ">",
        ">",
        ">",
        ">",
        ">",
        ">",
        ">",
        ">",
        ">",
        ">",
        ">",
        ">",
        ">"
      ],
      "cumulative_coverage": [
        ">",
        ">",
        ">",
        ">",
        ">",
        ">",
        ">",
        ">",
        ">",
        ">",
        ">",
        ">",
        ">",
        ">",
        ">"
      ]
    },
    {
      "test_case": [
        "Test Case Input:\n10, 20, 30, 40, 50, 60, 70, 80, 90, 100, 110"
      ],
      "test_mutations": [
        "Test Case Input:\n10, 20, 30, 40, 50, 60, 70, 80, 90, 100, 110"
      ],
      "initial_code": "public class foo {\n  public static String writeToString(InputStream stream) throws java.io.IOException{\n        StringBuffer fileData = new StringBuffer(1000);\n        BufferedReader reader = new BufferedReader(new InputStreamReader(stream,\"utf-8\"));\n        char[] buf = new char[1024];\n        int numRead=0;\n        while((numRead=reader.read(buf)) != -1){\n            String readData = String.valueOf(buf, 0, numRead);\n            fileData.append(readData);\n            buf = new char[1024];\n        }\n        reader.close();\n        return fileData.toString();\n    }\n}",
      "covered_code": "PLAN for step by step execution of the given Java program and test case:\n\n1. Class Declaration: The class `foo` is declared. This statement \"public class foo {\" is covered.\n2. Method Declaration: The method `writeToString` is declared. This statement \"public static String writeToString(InputStream stream) throws java.io.IOException{\" is covered.\n3. Variable Initialization: The statement \"StringBuffer fileData = new StringBuffer(1000);\" is covered as the `StringBuffer` is initialized.\n4. BufferedReader Initialization: The statement \"BufferedReader reader = new BufferedReader(new InputStreamReader(stream, \\\"utf-8\\\"));\" is covered as a `BufferedReader` is initialized.\n5. Char Array Initialization: The statement \"char[] buf = new char[1024];\" is covered as a character array is initialized.\n6. Integer Initialization: The statement \"int numRead=0;\" is covered as the integer `numRead` is initialized.\n7. While Loop Execution: The while loop condition is checked. Since the test case doesn't provide a valid `InputStream`, it is assumed the loop doesn't execute. The statement \"while((numRead=reader.read(buf)) != -1){\" is not covered.\n8. Inside While Loop: The block inside the while loop is not executed as the loop condition is not satisfied. The statements \"String readData = String.valueOf(buf, 0, numRead);\", \"fileData.append(readData);\", and \"buf = new char[1024];\" are not covered.\n9. Reader Close: The statement \"reader.close();\" is not covered since the loop never executes.\n10. Return Statement: The statement \"return fileData.toString();\" is covered, as the method ends by returning the `fileData` string.\n\nFinal code coverage of the Java program based on its test case and given step-by-step reasoning for execution is:\n\n```\n> public class foo {\n>   public static String writeToString(InputStream stream) throws java.io.IOException{\n>         StringBuffer fileData = new StringBuffer(1000);\n>         BufferedReader reader = new BufferedReader(new InputStreamReader(stream,\"utf-8\"));\n>         char[] buf = new char[1024];\n>         int numRead=0;\n!         while((numRead=reader.read(buf)) != -1){\n!             String readData = String.valueOf(buf, 0, numRead);\n!             fileData.append(readData);\n!             buf = new char[1024];\n!         }\n!         reader.close();\n>         return fileData.toString();\n>     }\n> }\n```",
      "test_seed_coverage": [
        ">",
        ">",
        ">",
        ">",
        ">",
        ">",
        ">",
        ">",
        ">",
        ">",
        ">",
        ">",
        ">",
        ">",
        ">"
      ],
      "cumulative_coverage": [
        ">",
        ">",
        ">",
        ">",
        ">",
        ">",
        ">",
        ">",
        ">",
        ">",
        ">",
        ">",
        ">",
        ">",
        ">"
      ]
    },
    {
      "test_case": [
        "Test Case Input:\n-10, 20, 30, 40, 50, 60, 70, 80, 90, 100, 110, 120"
      ],
      "test_mutations": [
        "Test Case Input:\n-10, 20, 30, 40, 50, 60, 70, 80, 90, 100, 110, 120"
      ],
      "initial_code": "public class foo {\n  public static String writeToString(InputStream stream) throws java.io.IOException{\n        StringBuffer fileData = new StringBuffer(1000);\n        BufferedReader reader = new BufferedReader(new InputStreamReader(stream,\"utf-8\"));\n        char[] buf = new char[1024];\n        int numRead=0;\n        while((numRead=reader.read(buf)) != -1){\n            String readData = String.valueOf(buf, 0, numRead);\n            fileData.append(readData);\n            buf = new char[1024];\n        }\n        reader.close();\n        return fileData.toString();\n    }\n}",
      "covered_code": "PLAN for step-by-step execution of the given Java program and test case:\n\n1. Class Declaration: The class \"foo\" is declared. Statement \"public class foo {\" is covered.\n2. Method Declaration: The method \"writeToString\" is declared. Statement \"public static String writeToString(InputStream stream) throws java.io.IOException{\" is covered.\n3. StringBuffer Initialization: The StringBuffer \"fileData\" is initialized. Statement \"StringBuffer fileData = new StringBuffer(1000);\" is covered.\n4. BufferedReader Initialization: A BufferedReader \"reader\" is initialized. Statement \"BufferedReader reader = new BufferedReader(new InputStreamReader(stream, \"utf-8\"));\" is covered.\n5. Buffer Array Initialization: The char array \"buf\" is initialized. Statement \"char[] buf = new char[1024];\" is covered.\n6. Variable Initialization: The integer \"numRead\" is initialized. Statement \"int numRead=0;\" is covered.\n7. While Loop Execution: The while loop is executed. Statement \"while((numRead=reader.read(buf)) != -1){\" is covered.\n8. Inside While Loop: \n   - Read Data into String: Statement \"String readData = String.valueOf(buf, 0, numRead);\" is covered.\n   - Append Data to StringBuffer: Statement \"fileData.append(readData);\" is covered.\n   - Reinitialize Buffer: Statement \"buf = new char[1024];\" is covered.\n9. Closing Resources: The reader is closed. Statement \"reader.close();\" is covered.\n10. Return Statement: The final string is returned. Statement \"return fileData.toString();\" is covered.\n11. Closing Brackets: All closing brackets are covered.\n\nFinal code coverage of the Java program based on its test case and given step-by-step reasoning for execution is:\n\n> public class foo {\n>   public static String writeToString(InputStream stream) throws java.io.IOException{\n>         StringBuffer fileData = new StringBuffer(1000);\n>         BufferedReader reader = new BufferedReader(new InputStreamReader(stream,\"utf-8\"));\n>         char[] buf = new char[1024];\n>         int numRead=0;\n>         while((numRead=reader.read(buf)) != -1){\n>             String readData = String.valueOf(buf, 0, numRead);\n>             fileData.append(readData);\n>             buf = new char[1024];\n>         }\n>         reader.close();\n>         return fileData.toString();\n>     }\n> }",
      "test_seed_coverage": [
        ">",
        ">",
        ">",
        ">",
        ">",
        ">",
        ">",
        ">",
        ">",
        ">",
        ">",
        ">",
        ">",
        ">",
        ">"
      ],
      "cumulative_coverage": [
        ">",
        ">",
        ">",
        ">",
        ">",
        ">",
        ">",
        ">",
        ">",
        ">",
        ">",
        ">",
        ">",
        ">",
        ">"
      ]
    },
    {
      "test_case": [
        "Test Case Input:\n-10, 20, 30, 40, 50, 60, 70, 80, 90, 100, 110, 120, 130"
      ],
      "test_mutations": [
        "Test Case Input:\n-10, 20, 30, 40, 50, 60, 70, 80, 90, 100, 110, 120, 130"
      ],
      "initial_code": "public class foo {\n  public static String writeToString(InputStream stream) throws java.io.IOException{\n        StringBuffer fileData = new StringBuffer(1000);\n        BufferedReader reader = new BufferedReader(new InputStreamReader(stream,\"utf-8\"));\n        char[] buf = new char[1024];\n        int numRead=0;\n        while((numRead=reader.read(buf)) != -1){\n            String readData = String.valueOf(buf, 0, numRead);\n            fileData.append(readData);\n            buf = new char[1024];\n        }\n        reader.close();\n        return fileData.toString();\n    }\n}",
      "covered_code": "PLAN for step by step execution of the given Java program and test case:\n\n1. Class Declaration: The class declaration for \"foo\" is executed. Statement \"public class foo {\" is covered.\n2. Method Declaration: The method declaration for \"writeToString\" is executed when called. Statement \"public static String writeToString(InputStream stream) throws java.io.IOException{\" is covered.\n3. StringBuffer Initialization: Statement \"StringBuffer fileData = new StringBuffer(1000);\" is executed.\n4. BufferedReader Initialization: Statement \"BufferedReader reader = new BufferedReader(new InputStreamReader(stream, \\\"utf-8\\\"));\" is executed.\n5. Buffer Array Initialization: Statement \"char[] buf = new char[1024];\" is executed.\n6. Read Loop Execution: Since there is no defined InputStream in the test case, the while loop is not executed. Statement \"while((numRead=reader.read(buf)) != -1){\" is not covered.\n7. Inside Loop - String Conversion and Append: These statements are not executed because the while loop is not entered. Statements \"String readData = String.valueOf(buf, 0, numRead);\" and \"fileData.append(readData);\" are not covered.\n8. Buffer Reinitialization: This statement is not executed because the while loop is not entered. Statement \"buf = new char[1024];\" is not covered.\n9. Reader Close: Statement \"reader.close();\" is executed after the while loop.\n10. Return Statement: Statement \"return fileData.toString();\" is executed.\n11. Closing Brackets: Always covered.\n\nFinal code coverage of the Java program based on its test case and given step-by-step reasoning for execution is:\n\n> public class foo {\n>   public static String writeToString(InputStream stream) throws java.io.IOException{\n>         StringBuffer fileData = new StringBuffer(1000);\n>         BufferedReader reader = new BufferedReader(new InputStreamReader(stream,\"utf-8\"));\n>         char[] buf = new char[1024];\n!         int numRead=0;\n!         while((numRead=reader.read(buf)) != -1){\n!             String readData = String.valueOf(buf, 0, numRead);\n!             fileData.append(readData);\n!             buf = new char[1024];\n!         }\n>         reader.close();\n>         return fileData.toString();\n>     }\n> }",
      "test_seed_coverage": [
        ">",
        ">",
        ">",
        ">",
        ">",
        ">",
        ">",
        ">",
        ">",
        ">",
        ">",
        ">",
        ">",
        ">",
        ">"
      ],
      "cumulative_coverage": [
        ">",
        ">",
        ">",
        ">",
        ">",
        ">",
        ">",
        ">",
        ">",
        ">",
        ">",
        ">",
        ">",
        ">",
        ">"
      ]
    },
    {
      "test_case": [
        "Test Case Input:\n10, 20, 30, 40, 50, 60, 70, 80, 90, 100, 110, 120, 130, 140"
      ],
      "test_mutations": [
        "Test Case Input:\n10, 20, 30, 40, 50, 60, 70, 80, 90, 100, 110, 120, 130, 140"
      ],
      "initial_code": "public class foo {\n  public static String writeToString(InputStream stream) throws java.io.IOException{\n        StringBuffer fileData = new StringBuffer(1000);\n        BufferedReader reader = new BufferedReader(new InputStreamReader(stream,\"utf-8\"));\n        char[] buf = new char[1024];\n        int numRead=0;\n        while((numRead=reader.read(buf)) != -1){\n            String readData = String.valueOf(buf, 0, numRead);\n            fileData.append(readData);\n            buf = new char[1024];\n        }\n        reader.close();\n        return fileData.toString();\n    }\n}",
      "covered_code": "PLAN for step-by-step execution of the given Java program and test case:\n\n1. foo Class Declaration: Class declaration statements are executed. Statement \"public class foo {\" is covered.\n2. writeToString Method Declaration: Method declarations are executed when called. Statement \"public static String writeToString(InputStream stream) throws java.io.IOException{\" is covered.\n3. Variable Declaration and BufferedReader Initialization: Statements within the method are executed when the method is called.\n   - Statement \"StringBuffer fileData = new StringBuffer(1000);\" is covered.\n   - Statement \"BufferedReader reader = new BufferedReader(new InputStreamReader(stream, \\\"utf-8\\\"));\" is covered.\n   - Statement \"char[] buf = new char[1024];\" is covered.\n   - Statement \"int numRead=0;\" is covered.\n4. While loop Execution: The while loop condition is checked. If executed, the loop body is covered.\n   - The stream content determines the number of iterations. Given the input, the loop should execute as long as there is content to read.\n   - Statement \"while((numRead=reader.read(buf)) != -1){\" is covered.\n5. While loop Contents: Statements within the while loop are executed for each iteration.\n   - Statement \"String readData = String.valueOf(buf, 0, numRead);\" is covered.\n   - Statement \"fileData.append(readData);\" is covered.\n   - Statement \"buf = new char[1024];\" is covered.\n6. Reader Close and Method Return: After the loop completes, the reader is closed, and the method returns the accumulated string.\n   - Statement \"reader.close();\" is covered.\n   - Statement \"return fileData.toString();\" is covered.\n7. Closing Brackets: Always covered.\n\nFinal code coverage of the Java program based on its test case and given step-by-step reasoning for execution is:\n\n```\n> public class foo {\n>   public static String writeToString(InputStream stream) throws java.io.IOException{\n>         StringBuffer fileData = new StringBuffer(1000);\n>         BufferedReader reader = new BufferedReader(new InputStreamReader(stream,\"utf-8\"));\n>         char[] buf = new char[1024];\n>         int numRead=0;\n>         while((numRead=reader.read(buf)) != -1){\n>             String readData = String.valueOf(buf, 0, numRead);\n>             fileData.append(readData);\n>             buf = new char[1024];\n>         }\n>         reader.close();\n>         return fileData.toString();\n>     }\n> }\n```",
      "test_seed_coverage": [
        ">",
        ">",
        ">",
        ">",
        ">",
        ">",
        ">",
        ">",
        ">",
        ">",
        ">",
        ">",
        ">",
        ">",
        ">"
      ],
      "cumulative_coverage": [
        ">",
        ">",
        ">",
        ">",
        ">",
        ">",
        ">",
        ">",
        ">",
        ">",
        ">",
        ">",
        ">",
        ">",
        ">"
      ]
    },
    {
      "test_case": [
        "Test Case Input:\n-10, 20, 30, 40, 50, 60, 70, 80, 90, 100, 110, 120, 130, 140"
      ],
      "test_mutations": [
        "Test Case Input:\n-10, 20, 30, 40, 50, 60, 70, 80, 90, 100, 110, 120, 130, 140"
      ],
      "initial_code": "public class foo {\n  public static String writeToString(InputStream stream) throws java.io.IOException{\n        StringBuffer fileData = new StringBuffer(1000);\n        BufferedReader reader = new BufferedReader(new InputStreamReader(stream,\"utf-8\"));\n        char[] buf = new char[1024];\n        int numRead=0;\n        while((numRead=reader.read(buf)) != -1){\n            String readData = String.valueOf(buf, 0, numRead);\n            fileData.append(readData);\n            buf = new char[1024];\n        }\n        reader.close();\n        return fileData.toString();\n    }\n}",
      "covered_code": "PLAN for step by step execution of the given Java program and test case:\n\n1. Class Declaration: The class declaration \"public class foo\" is covered.\n2. Method Declaration: The method declaration \"public static String writeToString(InputStream stream)\" is covered when the method is called.\n3. Variable Declarations and Initializations: The statements \"StringBuffer fileData = new StringBuffer(1000);\", \"BufferedReader reader = new BufferedReader(new InputStreamReader(stream,\\\"utf-8\\\"));\", \"char[] buf = new char[1024];\", and \"int numRead=0;\" are executed.\n4. While Loop Execution: The while loop condition \"(numRead=reader.read(buf)) != -1\" is evaluated. Assuming the input stream contains data, this condition will be true, and the loop body will be executed.\n5. Loop Body Execution: Statements inside the loop \"String readData = String.valueOf(buf, 0, numRead);\", \"fileData.append(readData);\", and \"buf = new char[1024];\" are executed as long as the loop condition is true.\n6. Reader Closing: After exiting the loop, the statement \"reader.close();\" is executed.\n7. Return Statement: The return statement \"return fileData.toString();\" is executed.\n\nFinal code coverage of the Java program based on its test case and given step-by-step reasoning for execution is:\n\n```\n> public class foo {\n>   public static String writeToString(InputStream stream) throws java.io.IOException{\n>         StringBuffer fileData = new StringBuffer(1000);\n>         BufferedReader reader = new BufferedReader(new InputStreamReader(stream,\"utf-8\"));\n>         char[] buf = new char[1024];\n>         int numRead=0;\n>         while((numRead=reader.read(buf)) != -1){\n>             String readData = String.valueOf(buf, 0, numRead);\n>             fileData.append(readData);\n>             buf = new char[1024];\n>         }\n>         reader.close();\n>         return fileData.toString();\n>     }\n> }\n```",
      "test_seed_coverage": [
        ">",
        ">",
        ">",
        ">",
        ">",
        ">",
        ">",
        ">",
        ">",
        ">",
        ">",
        ">",
        ">",
        ">",
        ">"
      ],
      "cumulative_coverage": [
        ">",
        ">",
        ">",
        ">",
        ">",
        ">",
        ">",
        ">",
        ">",
        ">",
        ">",
        ">",
        ">",
        ">",
        ">"
      ]
    },
    {
      "test_case": [
        "Test Case Input:\n-10, 20, 30, 40, 50, 60, 70, 80, 90, 100, 110, 120, 130, 140, \"abc\""
      ],
      "test_mutations": [
        "Test Case Input:\n-10, 20, 30, 40, 50, 60, 70, 80, 90, 100, 110, 120, 130, 140, \"abc\""
      ],
      "initial_code": "public class foo {\n  public static String writeToString(InputStream stream) throws java.io.IOException{\n        StringBuffer fileData = new StringBuffer(1000);\n        BufferedReader reader = new BufferedReader(new InputStreamReader(stream,\"utf-8\"));\n        char[] buf = new char[1024];\n        int numRead=0;\n        while((numRead=reader.read(buf)) != -1){\n            String readData = String.valueOf(buf, 0, numRead);\n            fileData.append(readData);\n            buf = new char[1024];\n        }\n        reader.close();\n        return fileData.toString();\n    }\n}",
      "covered_code": "PLAN for step by step execution of the given JAVA PROGRAM and TEST CASE:\n\n1. Class Declaration: The class declaration \"public class foo {\" is executed.\n2. Method Declaration: The method declaration \"public static String writeToString(InputStream stream) throws java.io.IOException {\" is executed.\n3. StringBuffer Initialization: The statement \"StringBuffer fileData = new StringBuffer(1000);\" is executed.\n4. BufferedReader Initialization: The statement \"BufferedReader reader = new BufferedReader(new InputStreamReader(stream, \"utf-8\"));\" is executed.\n5. Character Array Initialization: The statement \"char[] buf = new char[1024];\" is executed.\n6. Integer Initialization: The statement \"int numRead = 0;\" is executed.\n7. While Loop Execution: The while loop \"while((numRead = reader.read(buf)) != -1) {\" is executed repeatedly until the end of the stream is reached.\n   - Inside the loop, the statements \"String readData = String.valueOf(buf, 0, numRead);\" and \"fileData.append(readData);\" are executed multiple times.\n   - The statement \"buf = new char[1024];\" is executed multiple times.\n8. Reader Close: The statement \"reader.close();\" is executed after exiting the while loop.\n9. Return Statement: The statement \"return fileData.toString();\" is executed.\n\nFinal code coverage of the Java program based on its test case and given step by step reasoning for execution is:\n\n```\n> public class foo {\n>   public static String writeToString(InputStream stream) throws java.io.IOException{\n>         StringBuffer fileData = new StringBuffer(1000);\n>         BufferedReader reader = new BufferedReader(new InputStreamReader(stream,\"utf-8\"));\n>         char[] buf = new char[1024];\n>         int numRead=0;\n>         while((numRead=reader.read(buf)) != -1){\n>             String readData = String.valueOf(buf, 0, numRead);\n>             fileData.append(readData);\n>             buf = new char[1024];\n>         }\n>         reader.close();\n>         return fileData.toString();\n>     }\n> }\n```\n",
      "test_seed_coverage": [
        ">",
        ">",
        ">",
        ">",
        ">",
        ">",
        ">",
        ">",
        ">",
        ">",
        ">",
        ">",
        ">",
        ">",
        ">"
      ],
      "cumulative_coverage": [
        ">",
        ">",
        ">",
        ">",
        ">",
        ">",
        ">",
        ">",
        ">",
        ">",
        ">",
        ">",
        ">",
        ">",
        ">"
      ]
    },
    {
      "test_case": [
        "Test Case Input:\n10, 20, 30, 40, 50, 60, 70, 80, 90, 100, 110, 120, 130, 140, \"abc123\""
      ],
      "test_mutations": [
        "Test Case Input:\n10, 20, 30, 40, 50, 60, 70, 80, 90, 100, 110, 120, 130, 140, \"abc123\""
      ],
      "initial_code": "public class foo {\n  public static String writeToString(InputStream stream) throws java.io.IOException{\n        StringBuffer fileData = new StringBuffer(1000);\n        BufferedReader reader = new BufferedReader(new InputStreamReader(stream,\"utf-8\"));\n        char[] buf = new char[1024];\n        int numRead=0;\n        while((numRead=reader.read(buf)) != -1){\n            String readData = String.valueOf(buf, 0, numRead);\n            fileData.append(readData);\n            buf = new char[1024];\n        }\n        reader.close();\n        return fileData.toString();\n    }\n}",
      "covered_code": "PLAN for step by step execution of the given Java program and test case:\n\n1. Class Declaration: The class declaration \"public class foo\" is always executed.\n2. Method Declaration: The method \"public static String writeToString(InputStream stream) throws java.io.IOException\" is declared, but its execution depends on whether it is called. Since the test case does not directly call this method, it will not be executed.\n3. Initialization of StringBuffer: The statement \"StringBuffer fileData = new StringBuffer(1000);\" is inside the method and will not be executed since the method is not called.\n4. BufferedReader Initialization: The statement \"BufferedReader reader = new BufferedReader(new InputStreamReader(stream, 'utf-8'));\" is inside the method and will not be executed since the method is not called.\n5. Character Array Declaration: The statement \"char[] buf = new char[1024];\" is inside the method and will not be executed since the method is not called.\n6. While Loop: The while loop \"while((numRead=reader.read(buf)) != -1)\" is inside the method and will not be executed since the method is not called.\n7. String Conversion and Append: The statements inside the while loop \"String readData = String.valueOf(buf, 0, numRead);\" and \"fileData.append(readData);\" are inside the method and will not be executed since the method is not called.\n8. Buffer Reset: The statement \"buf = new char[1024];\" is inside the while loop and will not be executed since the method is not called.\n9. Reader Close: The statement \"reader.close();\" is inside the method and will not be executed since the method is not called.\n10. Return Statement: The return statement \"return fileData.toString();\" is inside the method and will not be executed since the method is not called.\n\nFinal code coverage of the Java program based on its test case and given step-by-step reasoning for execution is:\n\n> public class foo {\n!   public static String writeToString(InputStream stream) throws java.io.IOException{\n!         StringBuffer fileData = new StringBuffer(1000);\n!         BufferedReader reader = new BufferedReader(new InputStreamReader(stream,\"utf-8\"));\n!         char[] buf = new char[1024];\n!         int numRead=0;\n!         while((numRead=reader.read(buf)) != -1){\n!             String readData = String.valueOf(buf, 0, numRead);\n!             fileData.append(readData);\n!             buf = new char[1024];\n!         }\n!         reader.close();\n!         return fileData.toString();\n!     }\n> }",
      "test_seed_coverage": [
        ">",
        ">",
        ">",
        ">",
        ">",
        ">",
        ">",
        ">",
        ">",
        ">",
        ">",
        ">",
        ">",
        ">",
        ">"
      ],
      "cumulative_coverage": [
        ">",
        ">",
        ">",
        ">",
        ">",
        ">",
        ">",
        ">",
        ">",
        ">",
        ">",
        ">",
        ">",
        ">",
        ">"
      ]
    },
    {
      "test_case": [
        "Test Case Input:\n10, null"
      ],
      "test_mutations": [
        "Test Case Input:\n10, null"
      ],
      "initial_code": "public class foo {\n  public static String writeToString(InputStream stream) throws java.io.IOException{\n        StringBuffer fileData = new StringBuffer(1000);\n        BufferedReader reader = new BufferedReader(new InputStreamReader(stream,\"utf-8\"));\n        char[] buf = new char[1024];\n        int numRead=0;\n        while((numRead=reader.read(buf)) != -1){\n            String readData = String.valueOf(buf, 0, numRead);\n            fileData.append(readData);\n            buf = new char[1024];\n        }\n        reader.close();\n        return fileData.toString();\n    }\n}",
      "covered_code": "PLAN for step-by-step execution of the given Java program and test case:\n\n1. Class Declaration: The class declaration statements are executed. Statement \"public class foo {\" is covered.\n\n2. Method Declaration: The method declaration is executed when called. The statement \"public static String writeToString(InputStream stream) throws java.io.IOException{\" is not executed since the main method or any invocation of this method isn't provided in the test case.\n\n3. BufferedReader Initialization: The initialization of BufferedReader isn't executed due to the absence of a valid method call.\n\n4. While Loop Execution: As the method isn't called, the while loop isn't executed.\n\n5. Closing BufferedReader: Not executed due to the absence of the method call.\n\n6. Return Statement: Not executed as the method isn't invoked.\n\n7. Closing Brackets: Always covered.\n\nFinal code coverage of the Java program based on its test case and given step-by-step reasoning for execution is:\n\n> public class foo {\n!   public static String writeToString(InputStream stream) throws java.io.IOException{\n!         StringBuffer fileData = new StringBuffer(1000);\n!         BufferedReader reader = new BufferedReader(new InputStreamReader(stream,\"utf-8\"));\n!         char[] buf = new char[1024];\n!         int numRead=0;\n!         while((numRead=reader.read(buf)) != -1){\n!             String readData = String.valueOf(buf, 0, numRead);\n!             fileData.append(readData);\n!             buf = new char[1024];\n!         }\n!         reader.close();\n!         return fileData.toString();\n>     }\n> }",
      "test_seed_coverage": [
        ">",
        ">",
        ">",
        ">",
        ">",
        ">",
        ">",
        ">",
        ">",
        ">",
        ">",
        ">",
        ">",
        ">",
        ">"
      ],
      "cumulative_coverage": [
        ">",
        ">",
        ">",
        ">",
        ">",
        ">",
        ">",
        ">",
        ">",
        ">",
        ">",
        ">",
        ">",
        ">",
        ">"
      ]
    },
    {
      "test_case": [
        "Test Case Input:\nnew ByteArrayInputStream(\"123abc\".getBytes())"
      ],
      "test_mutations": [
        "Test Case Input:\nnew ByteArrayInputStream(\"123abc\".getBytes())"
      ],
      "initial_code": "public class foo {\n  public static String writeToString(InputStream stream) throws java.io.IOException{\n        StringBuffer fileData = new StringBuffer(1000);\n        BufferedReader reader = new BufferedReader(new InputStreamReader(stream,\"utf-8\"));\n        char[] buf = new char[1024];\n        int numRead=0;\n        while((numRead=reader.read(buf)) != -1){\n            String readData = String.valueOf(buf, 0, numRead);\n            fileData.append(readData);\n            buf = new char[1024];\n        }\n        reader.close();\n        return fileData.toString();\n    }\n}",
      "covered_code": "PLAN for step by step execution of the given Java program and test case:\n1. Class Declaration: Class declaration statements are executed. Statement \"public class foo {\" is covered.\n2. Method Declaration: Method declarations are executed when called. Statement \"public static String writeToString(InputStream stream) throws java.io.IOException{\" is covered.\n3. Variable Initialization: Statement \"StringBuffer fileData = new StringBuffer(1000);\" is covered.\n4. BufferedReader Initialization: The statement \"BufferedReader reader = new BufferedReader(new InputStreamReader(stream,\"utf-8\"));\" is covered.\n5. Buffer Initialization: Statement \"char[] buf = new char[1024];\" is covered.\n6. Variable Initialization: Statement \"int numRead=0;\" is covered.\n7. While Loop Execution: The while loop condition \"(numRead=reader.read(buf)) != -1\" is true, and the loop block will be executed. Statement \"while((numRead=reader.read(buf)) != -1){\" is covered.\n8. Inside While Loop: The statements inside the while loop \"String readData = String.valueOf(buf, 0, numRead);\", \"fileData.append(readData);\", and \"buf = new char[1024];\" are covered.\n9. Closing BufferedReader: Statement \"reader.close();\" is covered.\n10. Returning Result: Statement \"return fileData.toString();\" is covered.\n11. Closing Brackets: Always covered.\n\nFinal code coverage of the Java program based on its test case and given step by step reasoning for execution is:\n> public class foo {\n>   public static String writeToString(InputStream stream) throws java.io.IOException{\n>         StringBuffer fileData = new StringBuffer(1000);\n>         BufferedReader reader = new BufferedReader(new InputStreamReader(stream,\"utf-8\"));\n>         char[] buf = new char[1024];\n>         int numRead=0;\n>         while((numRead=reader.read(buf)) != -1){\n>             String readData = String.valueOf(buf, 0, numRead);\n>             fileData.append(readData);\n>             buf = new char[1024];\n>         }\n>         reader.close();\n>         return fileData.toString();\n>     }\n> }",
      "test_seed_coverage": [
        ">",
        ">",
        ">",
        ">",
        ">",
        ">",
        ">",
        ">",
        ">",
        ">",
        ">",
        ">",
        ">",
        ">",
        ">"
      ],
      "cumulative_coverage": [
        ">",
        ">",
        ">",
        ">",
        ">",
        ">",
        ">",
        ">",
        ">",
        ">",
        ">",
        ">",
        ">",
        ">",
        ">"
      ]
    },
    {
      "test_case": [
        "Test Case Input:\nnew ByteArrayInputStream(\"abc123\".getBytes())"
      ],
      "test_mutations": [
        "Test Case Input:\nnew ByteArrayInputStream(\"abc123\".getBytes())"
      ],
      "initial_code": "public class foo {\n  public static String writeToString(InputStream stream) throws java.io.IOException{\n        StringBuffer fileData = new StringBuffer(1000);\n        BufferedReader reader = new BufferedReader(new InputStreamReader(stream,\"utf-8\"));\n        char[] buf = new char[1024];\n        int numRead=0;\n        while((numRead=reader.read(buf)) != -1){\n            String readData = String.valueOf(buf, 0, numRead);\n            fileData.append(readData);\n            buf = new char[1024];\n        }\n        reader.close();\n        return fileData.toString();\n    }\n}",
      "covered_code": "PLAN for step by step execution of the given Java program and test case:\n\n1. Class Declaration: \"public class foo {\" is covered.\n\n2. Method Declaration: The method \"public static String writeToString(InputStream stream) throws java.io.IOException{\" is covered when called.\n\n3. StringBuffer Initialization: \"StringBuffer fileData = new StringBuffer(1000);\" is executed.\n\n4. BufferedReader Initialization: \"BufferedReader reader = new BufferedReader(new InputStreamReader(stream, \"utf-8\"));\" is executed.\n\n5. char[] Buffer Initialization: \"char[] buf = new char[1024];\" is executed.\n\n6. numRead Initialization: \"int numRead=0;\" is executed.\n\n7. While Loop Execution: The while loop condition \"(numRead=reader.read(buf)) != -1\" is evaluated. Since there is data in the stream, the loop block is executed. Hence, the statement \"while((numRead=reader.read(buf)) != -1){\" is covered.\n\n8. Inside While Loop - String Conversion and Append: The statements \"String readData = String.valueOf(buf, 0, numRead);\" and \"fileData.append(readData);\" are executed for each iteration of the loop.\n\n9. Buffer Reset: \"buf = new char[1024];\" is executed for each iteration of the loop.\n\n10. Reader Close: \"reader.close();\" is executed after the loop terminates.\n\n11. Return Statement: \"return fileData.toString();\" is executed, returning the accumulated string.\n\n12. Closing Brackets: Always covered.\n\nFinal code coverage of the Java program based on its test case and given step-by-step reasoning for execution is:\n\n```\n> public class foo {\n>   public static String writeToString(InputStream stream) throws java.io.IOException{\n>         StringBuffer fileData = new StringBuffer(1000);\n>         BufferedReader reader = new BufferedReader(new InputStreamReader(stream,\"utf-8\"));\n>         char[] buf = new char[1024];\n>         int numRead=0;\n>         while((numRead=reader.read(buf)) != -1){\n>             String readData = String.valueOf(buf, 0, numRead);\n>             fileData.append(readData);\n>             buf = new char[1024];\n>         }\n>         reader.close();\n>         return fileData.toString();\n>     }\n> }\n```",
      "test_seed_coverage": [
        ">",
        ">",
        ">",
        ">",
        ">",
        ">",
        ">",
        ">",
        ">",
        ">",
        ">",
        ">",
        ">",
        ">",
        ">"
      ],
      "cumulative_coverage": [
        ">",
        ">",
        ">",
        ">",
        ">",
        ">",
        ">",
        ">",
        ">",
        ">",
        ">",
        ">",
        ">",
        ">",
        ">"
      ]
    }
  ]
}