{
  "submission_id": "62957",
  "cycles": [
    {
      "test_case": [
        "Test Case Input:\nnew ByteArrayInputStream(\"test string\".getBytes())"
      ],
      "test_mutations": [
        "Test Case Input:\nnew ByteArrayInputStream(\"test string\".getBytes())"
      ],
      "initial_code": "public class foo {\n  public static String writeToString(InputStream stream) throws java.io.IOException{\n        StringBuffer fileData = new StringBuffer(1000);\n        BufferedReader reader = new BufferedReader(new InputStreamReader(stream,\"utf-8\"));\n        char[] buf = new char[1024];\n        int numRead=0;\n        while((numRead=reader.read(buf)) != -1){\n            String readData = String.valueOf(buf, 0, numRead);\n            fileData.append(readData);\n            buf = new char[1024];\n        }\n        reader.close();\n        return fileData.toString();\n    }\n}",
      "covered_code": "Plan for step-by-step execution of the given Java program and test case:\n\n1. foo Class Declaration: Class declaration statements are executed. Statement \"public class foo {\" is covered.\n2. writeToString Method Declaration: Method declarations are executed when called. Statement \"public static String writeToString(InputStream stream) throws java.io.IOException{\" is covered.\n3. StringBuffer Initialization: Statement \"StringBuffer fileData = new StringBuffer(1000);\" is executed.\n4. BufferedReader Initialization: Statement \"BufferedReader reader = new BufferedReader(new InputStreamReader(stream,\\\"utf-8\\\"));\" is executed.\n5. Character Buffer Initialization: Statement \"char[] buf = new char[1024];\" is executed.\n6. numRead Initialization: Statement \"int numRead=0;\" is executed.\n7. While Loop Execution: Loop condition \"(numRead=reader.read(buf)) != -1\" is evaluated. Assuming \"new ByteArrayInputStream(\\\"test string\\\".getBytes())\" is a valid input stream, the loop executes.\n8. Loop Contents Execution: Inside the loop, the following statements are executed:\n   - \"String readData = String.valueOf(buf, 0, numRead);\" is executed.\n   - \"fileData.append(readData);\" is executed.\n   - \"buf = new char[1024];\" is executed.\n9. Reader Close: Statement \"reader.close();\" is executed after the loop completes.\n10. Return Statement Execution: Statement \"return fileData.toString();\" is executed.\n11. Closing Brackets: Always covered.\n\nFinal code coverage of the Java program based on its test case and given step-by-step reasoning for execution is:\n\n> public class foo {\n>   public static String writeToString(InputStream stream) throws java.io.IOException{\n>         StringBuffer fileData = new StringBuffer(1000);\n>         BufferedReader reader = new BufferedReader(new InputStreamReader(stream,\"utf-8\"));\n>         char[] buf = new char[1024];\n>         int numRead=0;\n>         while((numRead=reader.read(buf)) != -1){\n>             String readData = String.valueOf(buf, 0, numRead);\n>             fileData.append(readData);\n>             buf = new char[1024];\n>         }\n>         reader.close();\n>         return fileData.toString();\n>     }\n> }",
      "test_seed_coverage": [
        ">",
        ">",
        ">",
        ">",
        ">",
        ">",
        ">",
        ">",
        ">",
        ">",
        ">",
        ">",
        ">",
        ">",
        ">"
      ],
      "cumulative_coverage": [
        ">",
        ">",
        ">",
        ">",
        ">",
        ">",
        ">",
        ">",
        ">",
        ">",
        ">",
        ">",
        ">",
        ">",
        ">"
      ]
    },
    {
      "test_case": [
        "Test Case Input:\nnull"
      ],
      "test_mutations": [
        "Test Case Input:\nnull"
      ],
      "initial_code": "public class foo {\n  public static String writeToString(InputStream stream) throws java.io.IOException{\n        StringBuffer fileData = new StringBuffer(1000);\n        BufferedReader reader = new BufferedReader(new InputStreamReader(stream,\"utf-8\"));\n        char[] buf = new char[1024];\n        int numRead=0;\n        while((numRead=reader.read(buf)) != -1){\n            String readData = String.valueOf(buf, 0, numRead);\n            fileData.append(readData);\n            buf = new char[1024];\n        }\n        reader.close();\n        return fileData.toString();\n    }\n}",
      "covered_code": "PLAN for step by step execution of the given Java program and test case:\n\n1. Class Declaration: Class declaration is executed. Statement \"public class foo {\" is covered.\n2. Method Declaration: Method declarations are executed when called. Method \"public static String writeToString(InputStream stream) throws java.io.IOException{\" is not covered since the method is never called due to the test case input being null.\n3. Variable Declaration and Initialization: Since the method writeToString is never called, statements within the method such as \"StringBuffer fileData = new StringBuffer(1000);\" are not covered.\n4. Reader Initialization: The statement \"BufferedReader reader = new BufferedReader(new InputStreamReader(stream,\"utf-8\"));\" is not covered as the method is never called.\n5. While Loop Execution: The while loop \"while((numRead=reader.read(buf)) != -1){\" is not executed, as the method is never called.\n6. Within While Loop: Statements within the while loop such as \"String readData = String.valueOf(buf, 0, numRead);\" and \"fileData.append(readData);\" are not covered.\n7. Reader Close: The statement \"reader.close();\" is not executed.\n8. Return Statement: The statement \"return fileData.toString();\" is not executed.\n9. Closing Brackets: Closing brackets are always covered.\n\nFinal code coverage of the Java program based on its test case is:\n\n> public class foo {\n!   public static String writeToString(InputStream stream) throws java.io.IOException{\n!         StringBuffer fileData = new StringBuffer(1000);\n!         BufferedReader reader = new BufferedReader(new InputStreamReader(stream,\"utf-8\"));\n!         char[] buf = new char[1024];\n!         int numRead=0;\n!         while((numRead=reader.read(buf)) != -1){\n!             String readData = String.valueOf(buf, 0, numRead);\n!             fileData.append(readData);\n!             buf = new char[1024];\n!         }\n!         reader.close();\n!         return fileData.toString();\n>     }\n> }",
      "test_seed_coverage": [
        ">",
        ">",
        ">",
        ">",
        ">",
        ">",
        ">",
        ">",
        ">",
        ">",
        ">",
        ">",
        ">",
        ">",
        ">"
      ],
      "cumulative_coverage": [
        ">",
        ">",
        ">",
        ">",
        ">",
        ">",
        ">",
        ">",
        ">",
        ">",
        ">",
        ">",
        ">",
        ">",
        ">"
      ]
    },
    {
      "test_case": [
        "Test Case Input:\n\"abc\""
      ],
      "test_mutations": [
        "Test Case Input:\n\"abc\""
      ],
      "initial_code": "public class foo {\n  public static String writeToString(InputStream stream) throws java.io.IOException{\n        StringBuffer fileData = new StringBuffer(1000);\n        BufferedReader reader = new BufferedReader(new InputStreamReader(stream,\"utf-8\"));\n        char[] buf = new char[1024];\n        int numRead=0;\n        while((numRead=reader.read(buf)) != -1){\n            String readData = String.valueOf(buf, 0, numRead);\n            fileData.append(readData);\n            buf = new char[1024];\n        }\n        reader.close();\n        return fileData.toString();\n    }\n}",
      "covered_code": "PLAN for step-by-step execution of the given Java program and test case:\n\n1. Class Declaration: The class declaration \"public class foo {\" is executed and thus covered.\n2. Method Declaration: The method \"public static String writeToString(InputStream stream) throws java.io.IOException{\" is executed when called, hence covered.\n3. InputStream Handling: The input stream `stream` is supposed to be passed to the method, which is indicated by the test case input: `['Test Case Input:\\n\"abc\"']`.\n4. StringBuffer Initialization: The statement \"StringBuffer fileData = new StringBuffer(1000);\" is executed and thus covered.\n5. BufferedReader Initialization: The BufferedReader is initialized with the InputStream, executing \"BufferedReader reader = new BufferedReader(new InputStreamReader(stream,\"utf-8\"));\" and covering it.\n6. Character Buffer Initialization: The statement \"char[] buf = new char[1024];\" is executed and hence covered.\n7. Character Reading Loop: The while loop \"while((numRead=reader.read(buf)) != -1){\" begins execution.\n8. Inside Loop Execution: Since the InputStream reads data successfully, the following statements are executed and covered:\n   - \"String readData = String.valueOf(buf, 0, numRead);\"\n   - \"fileData.append(readData);\"\n   - \"buf = new char[1024];\"\n9. End of While Loop: The loop continues until the end of the stream is reached.\n10. Reader Closing: The statement \"reader.close();\" is executed and hence covered.\n11. Return Statement: The statement \"return fileData.toString();\" is executed, returning the accumulated string data, thus covered.\n12. Closing Brackets: Closing brackets for the method and class are always covered.\n\nFinal code coverage of the Java program based on its test case and given step-by-step reasoning for execution is:\n\n> public class foo {\n>   public static String writeToString(InputStream stream) throws java.io.IOException{\n>         StringBuffer fileData = new StringBuffer(1000);\n>         BufferedReader reader = new BufferedReader(new InputStreamReader(stream,\"utf-8\"));\n>         char[] buf = new char[1024];\n>         int numRead=0;\n>         while((numRead=reader.read(buf)) != -1){\n>             String readData = String.valueOf(buf, 0, numRead);\n>             fileData.append(readData);\n>             buf = new char[1024];\n>         }\n>         reader.close();\n>         return fileData.toString();\n>     }\n> }",
      "test_seed_coverage": [
        ">",
        ">",
        ">",
        ">",
        ">",
        ">",
        ">",
        ">",
        ">",
        ">",
        ">",
        ">",
        ">",
        ">",
        ">"
      ],
      "cumulative_coverage": [
        ">",
        ">",
        ">",
        ">",
        ">",
        ">",
        ">",
        ">",
        ">",
        ">",
        ">",
        ">",
        ">",
        ">",
        ">"
      ]
    },
    {
      "test_case": [
        "Test Case Input:\n\"abc123\""
      ],
      "test_mutations": [
        "Test Case Input:\n\"abc123\""
      ],
      "initial_code": "public class foo {\n  public static String writeToString(InputStream stream) throws java.io.IOException{\n        StringBuffer fileData = new StringBuffer(1000);\n        BufferedReader reader = new BufferedReader(new InputStreamReader(stream,\"utf-8\"));\n        char[] buf = new char[1024];\n        int numRead=0;\n        while((numRead=reader.read(buf)) != -1){\n            String readData = String.valueOf(buf, 0, numRead);\n            fileData.append(readData);\n            buf = new char[1024];\n        }\n        reader.close();\n        return fileData.toString();\n    }\n}",
      "covered_code": "PLAN for step by step execution of the given Java program and test case:\n\n1. Class Declaration: Class declaration statement \"public class foo {\" is executed.\n2. Method Declaration: Method declaration \"public static String writeToString(InputStream stream) throws java.io.IOException{\" is executed when the method is called.\n3. Variable Initialization: Statement \"StringBuffer fileData = new StringBuffer(1000);\" is executed to initialize the StringBuffer.\n4. BufferedReader Initialization: Statement \"BufferedReader reader = new BufferedReader(new InputStreamReader(stream,\"utf-8\"));\" is executed to create a BufferedReader for reading the input stream.\n5. Character Buffer Initialization: Statement \"char[] buf = new char[1024];\" is executed to initialize a character buffer.\n6. Variable Initialization: Statement \"int numRead=0;\" is executed to initialize the integer variable numRead.\n7. While Loop Execution: The while loop \"while((numRead=reader.read(buf)) != -1){\" is executed as long as there are characters to read from the input stream.\n8. Inside While Loop: \n   - Statement \"String readData = String.valueOf(buf, 0, numRead);\" is executed to convert the read characters into a string.\n   - Statement \"fileData.append(readData);\" is executed to append the read data to the StringBuffer.\n   - Statement \"buf = new char[1024];\" is executed to reinitialize the character buffer.\n9. Closing BufferedReader: Statement \"reader.close();\" is executed after the while loop to close the BufferedReader.\n10. Return Statement: Statement \"return fileData.toString();\" is executed to return the contents of the StringBuffer as a string.\n11. Closing Bracket: The closing bracket for the method and class is executed.\n\nFinal code coverage of the Java program based on its test case and given step-by-step reasoning for execution is:\n\n> public class foo {\n>   public static String writeToString(InputStream stream) throws java.io.IOException{\n>         StringBuffer fileData = new StringBuffer(1000);\n>         BufferedReader reader = new BufferedReader(new InputStreamReader(stream,\"utf-8\"));\n>         char[] buf = new char[1024];\n>         int numRead=0;\n>         while((numRead=reader.read(buf)) != -1){\n>             String readData = String.valueOf(buf, 0, numRead);\n>             fileData.append(readData);\n>             buf = new char[1024];\n>         }\n>         reader.close();\n>         return fileData.toString();\n>     }\n> }",
      "test_seed_coverage": [
        ">",
        ">",
        ">",
        ">",
        ">",
        ">",
        ">",
        ">",
        ">",
        ">",
        ">",
        ">",
        ">",
        ">",
        ">"
      ],
      "cumulative_coverage": [
        ">",
        ">",
        ">",
        ">",
        ">",
        ">",
        ">",
        ">",
        ">",
        ">",
        ">",
        ">",
        ">",
        ">",
        ">"
      ]
    },
    {
      "test_case": [
        "Test Case Input:\n\"123abc\""
      ],
      "test_mutations": [
        "Test Case Input:\n\"123abc\""
      ],
      "initial_code": "public class foo {\n  public static String writeToString(InputStream stream) throws java.io.IOException{\n        StringBuffer fileData = new StringBuffer(1000);\n        BufferedReader reader = new BufferedReader(new InputStreamReader(stream,\"utf-8\"));\n        char[] buf = new char[1024];\n        int numRead=0;\n        while((numRead=reader.read(buf)) != -1){\n            String readData = String.valueOf(buf, 0, numRead);\n            fileData.append(readData);\n            buf = new char[1024];\n        }\n        reader.close();\n        return fileData.toString();\n    }\n}",
      "covered_code": "PLAN for step by step execution of the given Java program and test case:\n\n1. Class Declaration and Method Declaration: \n   - The class `foo` and the method `writeToString` declaration are executed when the method is called. Both statements are covered.\n\n2. Method Execution:\n   - The execution starts with invoking the `writeToString` method with the provided input stream. The method signature `public static String writeToString(InputStream stream) throws java.io.IOException{` is covered.\n\n3. StringBuffer Initialization:\n   - The statement `StringBuffer fileData = new StringBuffer(1000);` is executed to initialize `fileData`.\n\n4. BufferedReader Initialization:\n   - The statement `BufferedReader reader = new BufferedReader(new InputStreamReader(stream,\"utf-8\"));` is executed to create a `BufferedReader` object.\n\n5. Buffer Initialization:\n   - The statement `char[] buf = new char[1024];` is executed to initialize the `buf` array.\n\n6. Reading from InputStream:\n   - The while loop `while((numRead=reader.read(buf)) != -1){` is executed. The loop continues until the end of the stream is reached.\n\n7. Appending Read Data:\n   - Inside the loop, the statement `String readData = String.valueOf(buf, 0, numRead);` is executed to convert the read characters into a string.\n   - The statement `fileData.append(readData);` is executed to append the read data to `fileData`.\n\n8. Resetting Buffer:\n   - The statement `buf = new char[1024];` is executed to reset the buffer for the next read iteration.\n\n9. Closing Reader:\n   - After the loop, the statement `reader.close();` is executed to close the `BufferedReader`.\n\n10. Returning Result:\n   - The statement `return fileData.toString();` is executed to return the accumulated string data.\n\n11. Closing Braces:\n   - Always covered.\n\nFinal code coverage of the Java program based on its test case and given step by step reasoning for execution is:\n\n```\n> public class foo {\n>   public static String writeToString(InputStream stream) throws java.io.IOException{\n>         StringBuffer fileData = new StringBuffer(1000);\n>         BufferedReader reader = new BufferedReader(new InputStreamReader(stream,\"utf-8\"));\n>         char[] buf = new char[1024];\n>         int numRead=0;\n>         while((numRead=reader.read(buf)) != -1){\n>             String readData = String.valueOf(buf, 0, numRead);\n>             fileData.append(readData);\n>             buf = new char[1024];\n>         }\n>         reader.close();\n>         return fileData.toString();\n>     }\n> }\n```",
      "test_seed_coverage": [
        ">",
        ">",
        ">",
        ">",
        ">",
        ">",
        ">",
        ">",
        ">",
        ">",
        ">",
        ">",
        ">",
        ">",
        ">"
      ],
      "cumulative_coverage": [
        ">",
        ">",
        ">",
        ">",
        ">",
        ">",
        ">",
        ">",
        ">",
        ">",
        ">",
        ">",
        ">",
        ">",
        ">"
      ]
    },
    {
      "test_case": [
        "Test Case Input:\n0"
      ],
      "test_mutations": [
        "Test Case Input:\n0"
      ],
      "initial_code": "public class foo {\n  public static String writeToString(InputStream stream) throws java.io.IOException{\n        StringBuffer fileData = new StringBuffer(1000);\n        BufferedReader reader = new BufferedReader(new InputStreamReader(stream,\"utf-8\"));\n        char[] buf = new char[1024];\n        int numRead=0;\n        while((numRead=reader.read(buf)) != -1){\n            String readData = String.valueOf(buf, 0, numRead);\n            fileData.append(readData);\n            buf = new char[1024];\n        }\n        reader.close();\n        return fileData.toString();\n    }\n}",
      "covered_code": "PLAN for step by step execution of the given Java program and test case:\n1. Class Declaration: The class declaration statement \"public class foo {\" is executed and covered.\n2. Method Declaration: The method declaration \"public static String writeToString(InputStream stream) throws java.io.IOException{\" is executed and covered.\n3. StringBuffer Initialization: The statement \"StringBuffer fileData = new StringBuffer(1000);\" is executed and covered.\n4. BufferedReader Initialization: The statement \"BufferedReader reader = new BufferedReader(new InputStreamReader(stream,\"utf-8\"));\" is executed and covered.\n5. Character Array Initialization: The statement \"char[] buf = new char[1024];\" is executed and covered.\n6. Variable Initialization: The statement \"int numRead=0;\" is executed and covered.\n7. While Loop Execution: The while loop condition \"(numRead=reader.read(buf)) != -1\" is evaluated. Since the test case input is an empty stream, \"reader.read(buf)\" will return -1 immediately, causing the loop body to not be executed.\n8. Inside While Loop: As the while loop body is never executed, the statements within it are not covered.\n9. Reader Close: The statement \"reader.close();\" is executed and covered.\n10. Return Statement: The statement \"return fileData.toString();\" is executed and covered.\n11. Closing Brackets: The closing brackets for the method and class are always covered.\n\nFinal code coverage of the Java program based on its test case and given step-by-step reasoning for execution is:\n> public class foo {\n>   public static String writeToString(InputStream stream) throws java.io.IOException{\n>         StringBuffer fileData = new StringBuffer(1000);\n>         BufferedReader reader = new BufferedReader(new InputStreamReader(stream,\"utf-8\"));\n>         char[] buf = new char[1024];\n>         int numRead=0;\n!         while((numRead=reader.read(buf)) != -1){\n!             String readData = String.valueOf(buf, 0, numRead);\n!             fileData.append(readData);\n!             buf = new char[1024];\n!         }\n>         reader.close();\n>         return fileData.toString();\n>     }\n> }",
      "test_seed_coverage": [
        ">",
        ">",
        ">",
        ">",
        ">",
        ">",
        ">",
        ">",
        ">",
        ">",
        ">",
        ">",
        ">",
        ">",
        ">"
      ],
      "cumulative_coverage": [
        ">",
        ">",
        ">",
        ">",
        ">",
        ">",
        ">",
        ">",
        ">",
        ">",
        ">",
        ">",
        ">",
        ">",
        ">"
      ]
    },
    {
      "test_case": [
        "Test Case Input:\n10 / 0"
      ],
      "test_mutations": [
        "Test Case Input:\n10 / 0"
      ],
      "initial_code": "public class foo {\n  public static String writeToString(InputStream stream) throws java.io.IOException{\n        StringBuffer fileData = new StringBuffer(1000);\n        BufferedReader reader = new BufferedReader(new InputStreamReader(stream,\"utf-8\"));\n        char[] buf = new char[1024];\n        int numRead=0;\n        while((numRead=reader.read(buf)) != -1){\n            String readData = String.valueOf(buf, 0, numRead);\n            fileData.append(readData);\n            buf = new char[1024];\n        }\n        reader.close();\n        return fileData.toString();\n    }\n}",
      "covered_code": "PLAN:\n1. Class Declaration: The class declaration statement \"public class foo {\" is executed.\n2. Method Declaration: Method declarations are executed when called. The statement \"public static String writeToString(InputStream stream) throws java.io.IOException{\" is covered when the method is called.\n3. Variable Initialization: The statement \"StringBuffer fileData = new StringBuffer(1000);\" is executed, initializing the fileData variable.\n4. BufferedReader Initialization: The statement \"BufferedReader reader = new BufferedReader(new InputStreamReader(stream,\"utf-8\"));\" is executed, initializing the reader.\n5. Character Array Declaration: The statement \"char[] buf = new char[1024];\" is executed, declaring the character array buf.\n6. While Loop Execution: Since the input stream is not specified in the test case, assume the while loop is executed at least once. The loop condition \"(numRead=reader.read(buf)) != -1\" is checked and executed.\n7. Inside While Loop: The statements inside the while loop are executed since the loop is entered.\n   - \"String readData = String.valueOf(buf, 0, numRead);\" is executed.\n   - \"fileData.append(readData);\" is executed.\n   - \"buf = new char[1024];\" is executed.\n8. BufferedReader Closing: The statement \"reader.close();\" is executed after exiting the while loop.\n9. Return Statement: The statement \"return fileData.toString();\" is executed, returning the accumulated string.\n10. Closing Brackets: All closing brackets are executed.\n\nFinal code coverage of the Java program based on its test case and given step-by-step reasoning for execution is:\n\n> public class foo {\n>   public static String writeToString(InputStream stream) throws java.io.IOException{\n>         StringBuffer fileData = new StringBuffer(1000);\n>         BufferedReader reader = new BufferedReader(new InputStreamReader(stream,\"utf-8\"));\n>         char[] buf = new char[1024];\n>         int numRead=0;\n>         while((numRead=reader.read(buf)) != -1){\n>             String readData = String.valueOf(buf, 0, numRead);\n>             fileData.append(readData);\n>             buf = new char[1024];\n>         }\n>         reader.close();\n>         return fileData.toString();\n>     }\n> }",
      "test_seed_coverage": [
        ">",
        ">",
        ">",
        ">",
        ">",
        ">",
        ">",
        ">",
        ">",
        ">",
        ">",
        ">",
        ">",
        ">",
        ">"
      ],
      "cumulative_coverage": [
        ">",
        ">",
        ">",
        ">",
        ">",
        ">",
        ">",
        ">",
        ">",
        ">",
        ">",
        ">",
        ">",
        ">",
        ">"
      ]
    },
    {
      "test_case": [
        "Test Case Input:\n0 / 0"
      ],
      "test_mutations": [
        "Test Case Input:\n0 / 0"
      ],
      "initial_code": "public class foo {\n  public static String writeToString(InputStream stream) throws java.io.IOException{\n        StringBuffer fileData = new StringBuffer(1000);\n        BufferedReader reader = new BufferedReader(new InputStreamReader(stream,\"utf-8\"));\n        char[] buf = new char[1024];\n        int numRead=0;\n        while((numRead=reader.read(buf)) != -1){\n            String readData = String.valueOf(buf, 0, numRead);\n            fileData.append(readData);\n            buf = new char[1024];\n        }\n        reader.close();\n        return fileData.toString();\n    }\n}",
      "covered_code": "PLAN for step by step execution of the given Java program and test case:\n\n1. Class Declaration: The class declaration \"public class foo {\" is covered.\n2. Method Declaration: The method declaration \"public static String writeToString(InputStream stream) throws java.io.IOException{\" is covered.\n3. StringBuffer Initialization: The statement \"StringBuffer fileData = new StringBuffer(1000);\" will not be executed as the method is not called.\n4. BufferedReader Initialization: The statement \"BufferedReader reader = new BufferedReader(new InputStreamReader(stream,\"utf-8\"));\" will not be executed as the method is not called.\n5. Char Array Initialization: The statement \"char[] buf = new char[1024];\" will not be executed as the method is not called.\n6. numRead Initialization: The statement \"int numRead=0;\" will not be executed as the method is not called.\n7. While Loop Execution: The while loop \"while((numRead=reader.read(buf)) != -1){\" will not be executed as the method is not called.\n8. Inside While Loop Statements: None of the statements inside the while loop will be executed as the method is not called.\n9. Reader Close: The statement \"reader.close();\" will not be executed as the method is not called.\n10. Return Statement: The statement \"return fileData.toString();\" will not be executed as the method is not called.\n11. Closing Brackets: The closing brackets are always covered.\n\nFinal code coverage of the Java program based on its test case and given step by step reasoning for execution is:\n\n> public class foo {\n>   public static String writeToString(InputStream stream) throws java.io.IOException{\n!         StringBuffer fileData = new StringBuffer(1000);\n!         BufferedReader reader = new BufferedReader(new InputStreamReader(stream,\"utf-8\"));\n!         char[] buf = new char[1024];\n!         int numRead=0;\n!         while((numRead=reader.read(buf)) != -1){\n!             String readData = String.valueOf(buf, 0, numRead);\n!             fileData.append(readData);\n!             buf = new char[1024];\n!         }\n!         reader.close();\n!         return fileData.toString();\n>     }\n> }",
      "test_seed_coverage": [
        ">",
        ">",
        ">",
        ">",
        ">",
        ">",
        ">",
        ">",
        ">",
        ">",
        ">",
        ">",
        ">",
        ">",
        ">"
      ],
      "cumulative_coverage": [
        ">",
        ">",
        ">",
        ">",
        ">",
        ">",
        ">",
        ">",
        ">",
        ">",
        ">",
        ">",
        ">",
        ">",
        ">"
      ]
    },
    {
      "test_case": [
        "Test Case Input:\n-10 / 0"
      ],
      "test_mutations": [
        "Test Case Input:\n-10 / 0"
      ],
      "initial_code": "public class foo {\n  public static String writeToString(InputStream stream) throws java.io.IOException{\n        StringBuffer fileData = new StringBuffer(1000);\n        BufferedReader reader = new BufferedReader(new InputStreamReader(stream,\"utf-8\"));\n        char[] buf = new char[1024];\n        int numRead=0;\n        while((numRead=reader.read(buf)) != -1){\n            String readData = String.valueOf(buf, 0, numRead);\n            fileData.append(readData);\n            buf = new char[1024];\n        }\n        reader.close();\n        return fileData.toString();\n    }\n}",
      "covered_code": "PLAN for step-by-step execution of the given Java program and test case:\n\n1. Import statements: There are no explicit import statements, so none are covered.\n2. Class Declaration: The class declaration statement \"public class foo {\" is covered.\n3. Method Declaration: The method declaration \"public static String writeToString(InputStream stream) throws java.io.IOException{\" is covered.\n4. StringBuffer Initialization: The statement \"StringBuffer fileData = new StringBuffer(1000);\" will be covered.\n5. BufferedReader Initialization: The statement \"BufferedReader reader = new BufferedReader(new InputStreamReader(stream, \\\"utf-8\\\"));\" will be covered.\n6. Character Array Declaration: The statement \"char[] buf = new char[1024];\" will be covered.\n7. Integer Initialization: The statement \"int numRead=0;\" will be covered.\n8. While Loop Execution: The while loop \"while((numRead=reader.read(buf)) != -1){\" will be covered. However, since the input stream likely contains no data (as no data source is specified in the test case), the condition will be false, and the loop body will not execute.\n9. Inside While Loop: Since the while loop body is not executed, statements inside it (\"String readData = String.valueOf(buf, 0, numRead);\", \"fileData.append(readData);\", \"buf = new char[1024];\") are not covered.\n10. Closing BufferedReader: The statement \"reader.close();\" will be covered.\n11. Return Statement: The statement \"return fileData.toString();\" will be covered.\n12. Closing Brackets: Always covered.\n\nFinal code coverage of the Java program based on its test case and given step-by-step reasoning for execution is:\n\n```\n> public class foo {\n>   public static String writeToString(InputStream stream) throws java.io.IOException{\n>         StringBuffer fileData = new StringBuffer(1000);\n>         BufferedReader reader = new BufferedReader(new InputStreamReader(stream,\"utf-8\"));\n>         char[] buf = new char[1024];\n>         int numRead=0;\n>         while((numRead=reader.read(buf)) != -1){\n!             String readData = String.valueOf(buf, 0, numRead);\n!             fileData.append(readData);\n!             buf = new char[1024];\n>         }\n>         reader.close();\n>         return fileData.toString();\n>     }\n> }\n```",
      "test_seed_coverage": [
        ">",
        ">",
        ">",
        ">",
        ">",
        ">",
        ">",
        ">",
        ">",
        ">",
        ">",
        ">",
        ">",
        ">",
        ">"
      ],
      "cumulative_coverage": [
        ">",
        ">",
        ">",
        ">",
        ">",
        ">",
        ">",
        ">",
        ">",
        ">",
        ">",
        ">",
        ">",
        ">",
        ">"
      ]
    },
    {
      "test_case": [
        "Test Case Input:\n-5.5"
      ],
      "test_mutations": [
        "Test Case Input:\n-5.5"
      ],
      "initial_code": "public class foo {\n  public static String writeToString(InputStream stream) throws java.io.IOException{\n        StringBuffer fileData = new StringBuffer(1000);\n        BufferedReader reader = new BufferedReader(new InputStreamReader(stream,\"utf-8\"));\n        char[] buf = new char[1024];\n        int numRead=0;\n        while((numRead=reader.read(buf)) != -1){\n            String readData = String.valueOf(buf, 0, numRead);\n            fileData.append(readData);\n            buf = new char[1024];\n        }\n        reader.close();\n        return fileData.toString();\n    }\n}",
      "covered_code": "PLAN for step by step execution of the given Java program and test case:\n\n1. Class Declaration: The class foo is declared. Statement \"public class foo {\" is covered.\n2. Method Declaration: The method writeToString is declared. Statement \"public static String writeToString(InputStream stream) throws java.io.IOException{\" is covered.\n3. Variable Initialization: The variable fileData is initialized. Statement \"StringBuffer fileData = new StringBuffer(1000);\" is covered.\n4. BufferedReader Initialization: The BufferedReader object reader is initialized. Statement \"BufferedReader reader = new BufferedReader(new InputStreamReader(stream,\"utf-8\"));\" is covered.\n5. Buffer Initialization: The char array buf is initialized. Statement \"char[] buf = new char[1024];\" is covered.\n6. While Loop Execution: The while loop is executed. The condition \"(numRead=reader.read(buf)) != -1\" is checked. Statement \"while((numRead=reader.read(buf)) != -1){\" is covered.\n7. Inside While Loop: \n   - The String readData is initialized. Statement \"String readData = String.valueOf(buf, 0, numRead);\" is covered.\n   - The append method of StringBuffer is called. Statement \"fileData.append(readData);\" is covered.\n   - The buffer buf is reinitialized. Statement \"buf = new char[1024];\" is covered.\n8. Closing Reader: The reader is closed. Statement \"reader.close();\" is covered.\n9. Return Statement: The method returns fileData as a string. Statement \"return fileData.toString();\" is covered.\n10. Closing Brackets: All closing brackets are covered.\n\nFinal code coverage of the Java program based on its test case and given step by step reasoning for execution is:\n\n> public class foo {\n>   public static String writeToString(InputStream stream) throws java.io.IOException{\n>         StringBuffer fileData = new StringBuffer(1000);\n>         BufferedReader reader = new BufferedReader(new InputStreamReader(stream,\"utf-8\"));\n>         char[] buf = new char[1024];\n>         int numRead=0;\n>         while((numRead=reader.read(buf)) != -1){\n>             String readData = String.valueOf(buf, 0, numRead);\n>             fileData.append(readData);\n>             buf = new char[1024];\n>         }\n>         reader.close();\n>         return fileData.toString();\n>     }\n> }",
      "test_seed_coverage": [
        ">",
        ">",
        ">",
        ">",
        ">",
        ">",
        ">",
        ">",
        ">",
        ">",
        ">",
        ">",
        ">",
        ">",
        ">"
      ],
      "cumulative_coverage": [
        ">",
        ">",
        ">",
        ">",
        ">",
        ">",
        ">",
        ">",
        ">",
        ">",
        ">",
        ">",
        ">",
        ">",
        ">"
      ]
    },
    {
      "test_case": [
        "Test Case Input:\n-1.5"
      ],
      "test_mutations": [
        "Test Case Input:\n-1.5"
      ],
      "initial_code": "public class foo {\n  public static String writeToString(InputStream stream) throws java.io.IOException{\n        StringBuffer fileData = new StringBuffer(1000);\n        BufferedReader reader = new BufferedReader(new InputStreamReader(stream,\"utf-8\"));\n        char[] buf = new char[1024];\n        int numRead=0;\n        while((numRead=reader.read(buf)) != -1){\n            String readData = String.valueOf(buf, 0, numRead);\n            fileData.append(readData);\n            buf = new char[1024];\n        }\n        reader.close();\n        return fileData.toString();\n    }\n}",
      "covered_code": "PLAN for step-by-step execution of the given Java program and test case:\n\n1. Class Declaration: The class `foo` is declared, which is covered.\n2. Method Declaration: The method `writeToString` is declared, which is covered.\n3. InputStream Handling: The method accepts an `InputStream` argument, which is covered when the method is called.\n4. StringBuffer Initialization: The `StringBuffer` is initialized, which is covered upon method execution.\n5. BufferedReader Initialization: A `BufferedReader` is initialized using the provided `InputStream`, which is covered.\n6. Character Buffer Initialization: A character buffer `buf` is initialized, which is covered.\n7. Reading Loop Execution: The while loop begins execution. The loop condition `(numRead=reader.read(buf)) != -1` is checked, and the loop body is executed as long as the condition is true.\n8. Data Reading: `String readData = String.valueOf(buf, 0, numRead);` is executed when data is read.\n9. Data Appending: `fileData.append(readData);` is executed when data is appended to `fileData`.\n10. Buffer Reset: `buf = new char[1024];` is executed to reset the buffer for the next read iteration.\n11. Reading Loop Termination: The loop terminates when `reader.read(buf)` returns `-1`, indicating the end of the stream.\n12. Reader Closure: `reader.close();` is executed to close the `BufferedReader`.\n13. Return Statement: The method returns `fileData.toString();`, which is executed.\n\nFinal code coverage of the Java program based on its test case and step-by-step reasoning for execution is:\n\n> public class foo {\n>   public static String writeToString(InputStream stream) throws java.io.IOException{\n>         StringBuffer fileData = new StringBuffer(1000);\n>         BufferedReader reader = new BufferedReader(new InputStreamReader(stream,\"utf-8\"));\n>         char[] buf = new char[1024];\n>         int numRead=0;\n>         while((numRead=reader.read(buf)) != -1){\n>             String readData = String.valueOf(buf, 0, numRead);\n>             fileData.append(readData);\n>             buf = new char[1024];\n>         }\n>         reader.close();\n>         return fileData.toString();\n>     }\n> }",
      "test_seed_coverage": [
        ">",
        ">",
        ">",
        ">",
        ">",
        ">",
        ">",
        ">",
        ">",
        ">",
        ">",
        ">",
        ">",
        ">",
        ">"
      ],
      "cumulative_coverage": [
        ">",
        ">",
        ">",
        ">",
        ">",
        ">",
        ">",
        ">",
        ">",
        ">",
        ">",
        ">",
        ">",
        ">",
        ">"
      ]
    },
    {
      "test_case": [
        "Test Case Input:\n-5"
      ],
      "test_mutations": [
        "Test Case Input:\n-5"
      ],
      "initial_code": "public class foo {\n  public static String writeToString(InputStream stream) throws java.io.IOException{\n        StringBuffer fileData = new StringBuffer(1000);\n        BufferedReader reader = new BufferedReader(new InputStreamReader(stream,\"utf-8\"));\n        char[] buf = new char[1024];\n        int numRead=0;\n        while((numRead=reader.read(buf)) != -1){\n            String readData = String.valueOf(buf, 0, numRead);\n            fileData.append(readData);\n            buf = new char[1024];\n        }\n        reader.close();\n        return fileData.toString();\n    }\n}",
      "covered_code": "PLAN for step-by-step execution of the given Java program and test case:\n\n1. foo Class Declaration: Class declaration statements are executed. Statement \"public class foo {\" is covered.\n2. writeToString Method Declaration: Method declaration is executed when called. Statement \"public static String writeToString(InputStream stream) throws java.io.IOException{\" is covered.\n3. StringBuffer Initialization: Statement \"StringBuffer fileData = new StringBuffer(1000);\" is covered when the method is called.\n4. BufferedReader Initialization: Statement \"BufferedReader reader = new BufferedReader(new InputStreamReader(stream,\"utf-8\"));\" is covered when the method is called.\n5. char Array Initialization: Statement \"char[] buf = new char[1024];\" is covered when the method is called.\n6. int numRead Initialization: Statement \"int numRead=0;\" is covered when the method is called.\n7. While Loop Execution: Since there's no provided input stream execution, the while loop condition \"(numRead=reader.read(buf)) != -1\" will not be executed, hence it will not be covered.\n8. Reader Close: Statement \"reader.close();\" is not covered as the while loop is never entered.\n9. Return Statement: Statement \"return fileData.toString();\" is not covered as the method's main logic is never executed without a valid input stream.\n10. Closing Brackets: Always covered.\n\nFinal code coverage of the Java program based on its test case and given step-by-step reasoning for execution is:\n\n```\n> public class foo {\n>   public static String writeToString(InputStream stream) throws java.io.IOException{\n>         StringBuffer fileData = new StringBuffer(1000);\n>         BufferedReader reader = new BufferedReader(new InputStreamReader(stream,\"utf-8\"));\n>         char[] buf = new char[1024];\n>         int numRead=0;\n!         while((numRead=reader.read(buf)) != -1){\n!             String readData = String.valueOf(buf, 0, numRead);\n!             fileData.append(readData);\n!             buf = new char[1024];\n!         }\n!         reader.close();\n!         return fileData.toString();\n>     }\n> }\n```",
      "test_seed_coverage": [
        ">",
        ">",
        ">",
        ">",
        ">",
        ">",
        ">",
        ">",
        ">",
        ">",
        ">",
        ">",
        ">",
        ">",
        ">"
      ],
      "cumulative_coverage": [
        ">",
        ">",
        ">",
        ">",
        ">",
        ">",
        ">",
        ">",
        ">",
        ">",
        ">",
        ">",
        ">",
        ">",
        ">"
      ]
    },
    {
      "test_case": [
        "Test Case Input:\nnew FileInputStream(\"non_existent_file.txt\")"
      ],
      "test_mutations": [
        "Test Case Input:\nnew FileInputStream(\"non_existent_file.txt\")"
      ],
      "initial_code": "public class foo {\n  public static String writeToString(InputStream stream) throws java.io.IOException{\n        StringBuffer fileData = new StringBuffer(1000);\n        BufferedReader reader = new BufferedReader(new InputStreamReader(stream,\"utf-8\"));\n        char[] buf = new char[1024];\n        int numRead=0;\n        while((numRead=reader.read(buf)) != -1){\n            String readData = String.valueOf(buf, 0, numRead);\n            fileData.append(readData);\n            buf = new char[1024];\n        }\n        reader.close();\n        return fileData.toString();\n    }\n}",
      "covered_code": "PLAN for step by step execution of the given Java program and test case:\n\n1. Class Declaration: The class declaration statement \"public class foo {\" is executed.\n2. Method Declaration: The method declaration statement \"public static String writeToString(InputStream stream) throws java.io.IOException{\" is executed.\n3. Variable Declaration and Initialization: The statement \"StringBuffer fileData = new StringBuffer(1000);\" is executed.\n4. BufferedReader Initialization: The statement \"BufferedReader reader = new BufferedReader(new InputStreamReader(stream,\"utf-8\"));\" is executed.\n5. Character Array and Integer Variable Declaration: The statements \"char[] buf = new char[1024];\" and \"int numRead=0;\" are executed.\n6. While Loop Execution: Since the test case involves attempting to create a FileInputStream with a non-existent file, an IOException will be thrown before the while loop can execute. Therefore, the while loop statement \"while((numRead=reader.read(buf)) != -1){\" is not executed.\n7. Reader Close and Return: As the exception is thrown before reaching this point, the statements \"reader.close();\" and \"return fileData.toString();\" are not executed.\n8. Closing Brackets: The closing brackets are executed.\n\nFinal code coverage of the Java program based on its test case and given step-by-step reasoning for execution is:\n```\n> public class foo {\n>   public static String writeToString(InputStream stream) throws java.io.IOException{\n>         StringBuffer fileData = new StringBuffer(1000);\n>         BufferedReader reader = new BufferedReader(new InputStreamReader(stream,\"utf-8\"));\n>         char[] buf = new char[1024];\n>         int numRead=0;\n!         while((numRead=reader.read(buf)) != -1){\n!             String readData = String.valueOf(buf, 0, numRead);\n!             fileData.append(readData);\n!             buf = new char[1024];\n!         }\n!         reader.close();\n!         return fileData.toString();\n>     }\n> }\n```",
      "test_seed_coverage": [
        ">",
        ">",
        ">",
        ">",
        ">",
        ">",
        ">",
        ">",
        ">",
        ">",
        ">",
        ">",
        ">",
        ">",
        ">"
      ],
      "cumulative_coverage": [
        ">",
        ">",
        ">",
        ">",
        ">",
        ">",
        ">",
        ">",
        ">",
        ">",
        ">",
        ">",
        ">",
        ">",
        ">"
      ]
    },
    {
      "test_case": [
        "Test Case Input:\n-5 / 0"
      ],
      "test_mutations": [
        "Test Case Input:\n-5 / 0"
      ],
      "initial_code": "public class foo {\n  public static String writeToString(InputStream stream) throws java.io.IOException{\n        StringBuffer fileData = new StringBuffer(1000);\n        BufferedReader reader = new BufferedReader(new InputStreamReader(stream,\"utf-8\"));\n        char[] buf = new char[1024];\n        int numRead=0;\n        while((numRead=reader.read(buf)) != -1){\n            String readData = String.valueOf(buf, 0, numRead);\n            fileData.append(readData);\n            buf = new char[1024];\n        }\n        reader.close();\n        return fileData.toString();\n    }\n}",
      "covered_code": "PLAN for step by step execution of the given Java program and test case:\n1. Class Declaration: The class `foo` is declared. Statement `public class foo {` is covered.\n2. Method Declaration: The method `writeToString` is declared. Statement `public static String writeToString(InputStream stream) throws java.io.IOException{` is covered.\n3. Variable Initialization: The statement `StringBuffer fileData = new StringBuffer(1000);` initializes a `StringBuffer` object. It is covered.\n4. Reader Initialization: The statement `BufferedReader reader = new BufferedReader(new InputStreamReader(stream, \"utf-8\"));` initializes a `BufferedReader` object. It is covered.\n5. Buffer Initialization: The statement `char[] buf = new char[1024];` initializes a character buffer. It is covered.\n6. Variable Initialization: The statement `int numRead=0;` initializes an integer variable. It is covered.\n7. While Loop Execution: The while loop condition `(numRead=reader.read(buf)) != -1` is evaluated. Since the input stream is empty, `reader.read(buf)` will return `-1` immediately, and the while loop body will not be executed.\n8. Reader Close: The statement `reader.close();` is executed to close the `BufferedReader`. It is covered.\n9. Return Statement: The statement `return fileData.toString();` returns the `StringBuffer` content as a string. It is covered.\n10. Closing Brackets: All closing brackets are covered.\n\nFinal code coverage of the Java program based on its test case and given step by step reasoning for execution is:\n```\n> public class foo {\n>   public static String writeToString(InputStream stream) throws java.io.IOException{\n>         StringBuffer fileData = new StringBuffer(1000);\n>         BufferedReader reader = new BufferedReader(new InputStreamReader(stream,\"utf-8\"));\n>         char[] buf = new char[1024];\n>         int numRead=0;\n>         while((numRead=reader.read(buf)) != -1){\n!            String readData = String.valueOf(buf, 0, numRead);\n!            fileData.append(readData);\n!            buf = new char[1024];\n>         }\n>         reader.close();\n>         return fileData.toString();\n>     }\n> }\n```",
      "test_seed_coverage": [
        ">",
        ">",
        ">",
        ">",
        ">",
        ">",
        ">",
        ">",
        ">",
        ">",
        ">",
        ">",
        ">",
        ">",
        ">"
      ],
      "cumulative_coverage": [
        ">",
        ">",
        ">",
        ">",
        ">",
        ">",
        ">",
        ">",
        ">",
        ">",
        ">",
        ">",
        ">",
        ">",
        ">"
      ]
    },
    {
      "test_case": [
        "Test Case Input:\n3.14"
      ],
      "test_mutations": [
        "Test Case Input:\n3.14"
      ],
      "initial_code": "public class foo {\n  public static String writeToString(InputStream stream) throws java.io.IOException{\n        StringBuffer fileData = new StringBuffer(1000);\n        BufferedReader reader = new BufferedReader(new InputStreamReader(stream,\"utf-8\"));\n        char[] buf = new char[1024];\n        int numRead=0;\n        while((numRead=reader.read(buf)) != -1){\n            String readData = String.valueOf(buf, 0, numRead);\n            fileData.append(readData);\n            buf = new char[1024];\n        }\n        reader.close();\n        return fileData.toString();\n    }\n}",
      "covered_code": "Plan for step by step execution of the given Java program and test case:\n\n1. Class Declaration: Class declaration is executed. Statement \"public class foo {\" is covered.\n2. Method Declaration: Method declaration is executed when called. Statement \"public static String writeToString(InputStream stream) throws java.io.IOException{\" is covered.\n3. StringBuffer Initialization: Statement \"StringBuffer fileData = new StringBuffer(1000);\" is covered.\n4. BufferedReader Initialization: Statement \"BufferedReader reader = new BufferedReader(new InputStreamReader(stream, \"utf-8\"));\" is covered.\n5. Character Buffer Initialization: Statement \"char[] buf = new char[1024];\" is covered.\n6. Integer Initialization: Statement \"int numRead=0;\" is covered.\n7. While Loop Execution: The while loop condition \"(numRead=reader.read(buf)) != -1\" is checked. Since the test case input \"3.14\" is provided, the input stream will be processed, and the while loop will execute at least once. Statement \"while((numRead=reader.read(buf)) != -1){\" is covered.\n8. Inside While Loop:\n   - Reading Data: Statement \"String readData = String.valueOf(buf, 0, numRead);\" is covered.\n   - Appending Data: Statement \"fileData.append(readData);\" is covered.\n   - Buffer Reset: Statement \"buf = new char[1024];\" is covered.\n9. Reader Close: Statement \"reader.close();\" is covered.\n10. Return Statement: Statement \"return fileData.toString();\" is covered.\n11. Closing Brackets: Always covered.\n\nFinal predicted code coverage for the Java program based on the test case:\n\n> public class foo {\n>   public static String writeToString(InputStream stream) throws java.io.IOException{\n>         StringBuffer fileData = new StringBuffer(1000);\n>         BufferedReader reader = new BufferedReader(new InputStreamReader(stream,\"utf-8\"));\n>         char[] buf = new char[1024];\n>         int numRead=0;\n>         while((numRead=reader.read(buf)) != -1){\n>             String readData = String.valueOf(buf, 0, numRead);\n>             fileData.append(readData);\n>             buf = new char[1024];\n>         }\n>         reader.close();\n>         return fileData.toString();\n>     }\n> }",
      "test_seed_coverage": [
        ">",
        ">",
        ">",
        ">",
        ">",
        ">",
        ">",
        ">",
        ">",
        ">",
        ">",
        ">",
        ">",
        ">",
        ">"
      ],
      "cumulative_coverage": [
        ">",
        ">",
        ">",
        ">",
        ">",
        ">",
        ">",
        ">",
        ">",
        ">",
        ">",
        ">",
        ">",
        ">",
        ">"
      ]
    },
    {
      "test_case": [
        "Test Case Input:\n100 / 0"
      ],
      "test_mutations": [
        "Test Case Input:\n100 / 0"
      ],
      "initial_code": "public class foo {\n  public static String writeToString(InputStream stream) throws java.io.IOException{\n        StringBuffer fileData = new StringBuffer(1000);\n        BufferedReader reader = new BufferedReader(new InputStreamReader(stream,\"utf-8\"));\n        char[] buf = new char[1024];\n        int numRead=0;\n        while((numRead=reader.read(buf)) != -1){\n            String readData = String.valueOf(buf, 0, numRead);\n            fileData.append(readData);\n            buf = new char[1024];\n        }\n        reader.close();\n        return fileData.toString();\n    }\n}",
      "covered_code": "PLAN for step by step execution of the given Java program and test case:\n\n1. Class Declaration: The class declaration statement \"public class foo {\" is executed.\n2. Method Declaration: The method declaration for \"public static String writeToString(InputStream stream) throws java.io.IOException{\" is executed when the method is called.\n3. Variable Initialization: The statement \"StringBuffer fileData = new StringBuffer(1000);\" is executed.\n4. BufferedReader Initialization: The statement \"BufferedReader reader = new BufferedReader(new InputStreamReader(stream, 'utf-8'));\" is executed.\n5. Character Array Initialization: The statement \"char[] buf = new char[1024];\" is executed.\n6. Variable Initialization: The statement \"int numRead=0;\" is executed.\n7. While Loop Execution: \n   - The while loop condition \"(numRead=reader.read(buf)) != -1\" is evaluated.\n   - If the condition is true, the loop block is executed, including \"String readData = String.valueOf(buf, 0, numRead);\" and \"fileData.append(readData);\".\n   - The statement \"buf = new char[1024];\" is executed.\n   - This process repeats until the condition is false, at which point the loop exits.\n8. Reader Close: The statement \"reader.close();\" is executed.\n9. Return Statement: The statement \"return fileData.toString();\" is executed.\n10. Closing Brackets: Closing brackets are always executed.\n\nFinal code coverage of the Java program based on its test case and given step by step reasoning for execution is:\n\n> public class foo {\n>   public static String writeToString(InputStream stream) throws java.io.IOException{\n>         StringBuffer fileData = new StringBuffer(1000);\n>         BufferedReader reader = new BufferedReader(new InputStreamReader(stream,\"utf-8\"));\n>         char[] buf = new char[1024];\n>         int numRead=0;\n>         while((numRead=reader.read(buf)) != -1){\n>             String readData = String.valueOf(buf, 0, numRead);\n>             fileData.append(readData);\n>             buf = new char[1024];\n>         }\n>         reader.close();\n>         return fileData.toString();\n>     }\n> }",
      "test_seed_coverage": [
        ">",
        ">",
        ">",
        ">",
        ">",
        ">",
        ">",
        ">",
        ">",
        ">",
        ">",
        ">",
        ">",
        ">",
        ">"
      ],
      "cumulative_coverage": [
        ">",
        ">",
        ">",
        ">",
        ">",
        ">",
        ">",
        ">",
        ">",
        ">",
        ">",
        ">",
        ">",
        ">",
        ">"
      ]
    },
    {
      "test_case": [
        "Test Case Input:\nInteger.parseInt(\"abc\")"
      ],
      "test_mutations": [
        "Test Case Input:\nInteger.parseInt(\"abc\")"
      ],
      "initial_code": "public class foo {\n  public static String writeToString(InputStream stream) throws java.io.IOException{\n        StringBuffer fileData = new StringBuffer(1000);\n        BufferedReader reader = new BufferedReader(new InputStreamReader(stream,\"utf-8\"));\n        char[] buf = new char[1024];\n        int numRead=0;\n        while((numRead=reader.read(buf)) != -1){\n            String readData = String.valueOf(buf, 0, numRead);\n            fileData.append(readData);\n            buf = new char[1024];\n        }\n        reader.close();\n        return fileData.toString();\n    }\n}",
      "covered_code": "PLAN for step-by-step execution of the given Java program and test case:\n\n1. Class Declaration: The declaration of the class `foo` will be covered. Statement `public class foo {` is covered.\n2. Method Declaration: The method `writeToString` is declared but not executed since the test case does not invoke this method. Statement `public static String writeToString(InputStream stream) throws java.io.IOException{` is covered.\n3. StringBuffer Initialization: The initialization of `StringBuffer fileData` is part of the method body and not executed. Statement `StringBuffer fileData = new StringBuffer(1000);` is not covered.\n4. BufferedReader Initialization: The initialization of `BufferedReader reader` is part of the method body and not executed. Statement `BufferedReader reader = new BufferedReader(new InputStreamReader(stream,\"utf-8\"));` is not covered.\n5. Character Buffer Initialization: The initialization of `char[] buf` is part of the method body and not executed. Statement `char[] buf = new char[1024];` is not covered.\n6. Loop Execution: The while loop and its body are part of the method body and not executed. Statements `while((numRead=reader.read(buf)) != -1){`, `String readData = String.valueOf(buf, 0, numRead);`, `fileData.append(readData);`, and `buf = new char[1024];` are not covered.\n7. Reader Close: The `reader.close()` statement is part of the method body and not executed. Statement `reader.close();` is not covered.\n8. Return Statement: The return statement is part of the method body and not executed. Statement `return fileData.toString();` is not covered.\n9. Closing Bracket: The closing bracket of the method and class are covered.\n\nFinal code coverage of the Java program based on its test case and given step-by-step reasoning for execution is:\n\n> public class foo {\n!   public static String writeToString(InputStream stream) throws java.io.IOException{\n!         StringBuffer fileData = new StringBuffer(1000);\n!         BufferedReader reader = new BufferedReader(new InputStreamReader(stream,\"utf-8\"));\n!         char[] buf = new char[1024];\n!         int numRead=0;\n!         while((numRead=reader.read(buf)) != -1){\n!             String readData = String.valueOf(buf, 0, numRead);\n!             fileData.append(readData);\n!             buf = new char[1024];\n!         }\n!         reader.close();\n!         return fileData.toString();\n>     }\n> }",
      "test_seed_coverage": [
        ">",
        ">",
        ">",
        ">",
        ">",
        ">",
        ">",
        ">",
        ">",
        ">",
        ">",
        ">",
        ">",
        ">",
        ">"
      ],
      "cumulative_coverage": [
        ">",
        ">",
        ">",
        ">",
        ">",
        ">",
        ">",
        ">",
        ">",
        ">",
        ">",
        ">",
        ">",
        ">",
        ">"
      ]
    },
    {
      "test_case": [
        "Test Case Input:\n-1 / 0"
      ],
      "test_mutations": [
        "Test Case Input:\n-1 / 0"
      ],
      "initial_code": "public class foo {\n  public static String writeToString(InputStream stream) throws java.io.IOException{\n        StringBuffer fileData = new StringBuffer(1000);\n        BufferedReader reader = new BufferedReader(new InputStreamReader(stream,\"utf-8\"));\n        char[] buf = new char[1024];\n        int numRead=0;\n        while((numRead=reader.read(buf)) != -1){\n            String readData = String.valueOf(buf, 0, numRead);\n            fileData.append(readData);\n            buf = new char[1024];\n        }\n        reader.close();\n        return fileData.toString();\n    }\n}",
      "covered_code": "PLAN:\n\n1. Class Declaration: The class declaration for `foo` is covered.\n2. Method Declaration: The method `writeToString` is declared and will be covered when it is called.\n3. InputStreamReader and BufferedReader Initialization: These initializations will occur when `writeToString` is called with a valid InputStream.\n4. While Loop Execution: The while loop will execute as long as `numRead` is not -1. It will be covered if there's data to read from the provided InputStream.\n5. Close Reader: The `reader.close()` statement will execute after the while loop finishes.\n6. Return Statement: The `return fileData.toString()` will execute if no exceptions are thrown.\n\nFinal code coverage of the Java program based on its test case and given step by step reasoning for execution is:\n\n```\n> public class foo {\n>   public static String writeToString(InputStream stream) throws java.io.IOException{\n>         StringBuffer fileData = new StringBuffer(1000);\n>         BufferedReader reader = new BufferedReader(new InputStreamReader(stream,\"utf-8\"));\n>         char[] buf = new char[1024];\n>         int numRead=0;\n>         while((numRead=reader.read(buf)) != -1){\n>             String readData = String.valueOf(buf, 0, numRead);\n>             fileData.append(readData);\n>             buf = new char[1024];\n>         }\n>         reader.close();\n>         return fileData.toString();\n>     }\n> }\n```\n\nNote: The statements are considered executed assuming the method is called with a valid InputStream containing data.",
      "test_seed_coverage": [
        ">",
        ">",
        ">",
        ">",
        ">",
        ">",
        ">",
        ">",
        ">",
        ">",
        ">",
        ">",
        ">",
        ">",
        ">"
      ],
      "cumulative_coverage": [
        ">",
        ">",
        ">",
        ">",
        ">",
        ">",
        ">",
        ">",
        ">",
        ">",
        ">",
        ">",
        ">",
        ">",
        ">"
      ]
    },
    {
      "test_case": [
        "Test Case Input:\n-1"
      ],
      "test_mutations": [
        "Test Case Input:\n-1"
      ],
      "initial_code": "public class foo {\n  public static String writeToString(InputStream stream) throws java.io.IOException{\n        StringBuffer fileData = new StringBuffer(1000);\n        BufferedReader reader = new BufferedReader(new InputStreamReader(stream,\"utf-8\"));\n        char[] buf = new char[1024];\n        int numRead=0;\n        while((numRead=reader.read(buf)) != -1){\n            String readData = String.valueOf(buf, 0, numRead);\n            fileData.append(readData);\n            buf = new char[1024];\n        }\n        reader.close();\n        return fileData.toString();\n    }\n}",
      "covered_code": "PLAN for step by step execution of the given Java program and test case:\n\n1. Class Declaration: The class `foo` is declared and covered.\n2. Method Declaration: The method `writeToString` is declared and covered.\n3. Method Execution: Since there is no direct call to `writeToString` and no `main` method provided in the test case, the method `writeToString` is not executed.\n4. InputStream Initialization: As there is no `main` method or context provided, no input stream initialization or execution steps are performed.\n5. BufferedReader Initialization: Not executed due to the absence of a method call or main method.\n6. While Loop Execution: Not executed since the method is not called.\n7. Reader Close: Not executed due to the absence of a method call or main method.\n8. Return Statement: Not executed because the method is not called.\n\nFinal code coverage of the Java program based on its test case and given step by step reasoning for execution is:\n\n```\n> public class foo {\n>   public static String writeToString(InputStream stream) throws java.io.IOException{\n!         StringBuffer fileData = new StringBuffer(1000);\n!         BufferedReader reader = new BufferedReader(new InputStreamReader(stream,\"utf-8\"));\n!         char[] buf = new char[1024];\n!         int numRead=0;\n!         while((numRead=reader.read(buf)) != -1){\n!             String readData = String.valueOf(buf, 0, numRead);\n!             fileData.append(readData);\n!             buf = new char[1024];\n!         }\n!         reader.close();\n!         return fileData.toString();\n>     }\n> }\n```",
      "test_seed_coverage": [
        ">",
        ">",
        ">",
        ">",
        ">",
        ">",
        ">",
        ">",
        ">",
        ">",
        ">",
        ">",
        ">",
        ">",
        ">"
      ],
      "cumulative_coverage": [
        ">",
        ">",
        ">",
        ">",
        ">",
        ">",
        ">",
        ">",
        ">",
        ">",
        ">",
        ">",
        ">",
        ">",
        ">"
      ]
    },
    {
      "test_case": [
        "Test Case Input:\n-10 % 3"
      ],
      "test_mutations": [
        "Test Case Input:\n-10 % 3"
      ],
      "initial_code": "public class foo {\n  public static String writeToString(InputStream stream) throws java.io.IOException{\n        StringBuffer fileData = new StringBuffer(1000);\n        BufferedReader reader = new BufferedReader(new InputStreamReader(stream,\"utf-8\"));\n        char[] buf = new char[1024];\n        int numRead=0;\n        while((numRead=reader.read(buf)) != -1){\n            String readData = String.valueOf(buf, 0, numRead);\n            fileData.append(readData);\n            buf = new char[1024];\n        }\n        reader.close();\n        return fileData.toString();\n    }\n}",
      "covered_code": "PLAN for step by step execution of the given Java program and test case:\n1. Import statements: No import statements are present, so no lines are covered here.\n2. foo Class Declaration: Class declaration statements are executed. The statement \"public class foo {\" is covered.\n3. Method Declaration: Method declarations are executed when called. The method \"public static String writeToString(InputStream stream) throws java.io.IOException{\" is covered.\n4. StringBuffer Initialization: The statement \"StringBuffer fileData = new StringBuffer(1000);\" is covered during method execution.\n5. BufferedReader Initialization: The statement \"BufferedReader reader = new BufferedReader(new InputStreamReader(stream,\"utf-8\"));\" is covered during method execution.\n6. Char Array Initialization: The statement \"char[] buf = new char[1024];\" is covered during method execution.\n7. Variable Initialization: The statement \"int numRead=0;\" is covered during method execution.\n8. While Loop Execution: The while loop condition \"(numRead=reader.read(buf)) != -1\" is checked. Since input \"-10 % 3\" can be read from the stream, the loop block is executed. The statement \"while((numRead=reader.read(buf)) != -1){\" is covered.\n9. Inside While Loop: Statements \"String readData = String.valueOf(buf, 0, numRead);\", \"fileData.append(readData);\", \"buf = new char[1024];\" are executed within the loop.\n10. Closing BufferedReader: The statement \"reader.close();\" is covered after the loop execution.\n11. Return Statement: The statement \"return fileData.toString();\" is covered, returning the read data as a string.\n12. Closing Brackets: Always covered.\n\nFinal code coverage of the Java program based on its test case and given step-by-step reasoning for execution is:\n! import java.util.Scanner;\n> public class foo {\n>   public static String writeToString(InputStream stream) throws java.io.IOException{\n>         StringBuffer fileData = new StringBuffer(1000);\n>         BufferedReader reader = new BufferedReader(new InputStreamReader(stream,\"utf-8\"));\n>         char[] buf = new char[1024];\n>         int numRead=0;\n>         while((numRead=reader.read(buf)) != -1){\n>             String readData = String.valueOf(buf, 0, numRead);\n>             fileData.append(readData);\n>             buf = new char[1024];\n>         }\n>         reader.close();\n>         return fileData.toString();\n>     }\n> }",
      "test_seed_coverage": [
        ">",
        ">",
        ">",
        ">",
        ">",
        ">",
        ">",
        ">",
        ">",
        ">",
        ">",
        ">",
        ">",
        ">",
        ">",
        ">"
      ],
      "cumulative_coverage": [
        ">",
        ">",
        ">",
        ">",
        ">",
        ">",
        ">",
        ">",
        ">",
        ">",
        ">",
        ">",
        ">",
        ">",
        ">",
        ">"
      ]
    },
    {
      "test_case": [
        "Test Case Input:\nnew char[-1]"
      ],
      "test_mutations": [
        "Test Case Input:\nnew char[-1]"
      ],
      "initial_code": "public class foo {\n  public static String writeToString(InputStream stream) throws java.io.IOException{\n        StringBuffer fileData = new StringBuffer(1000);\n        BufferedReader reader = new BufferedReader(new InputStreamReader(stream,\"utf-8\"));\n        char[] buf = new char[1024];\n        int numRead=0;\n        while((numRead=reader.read(buf)) != -1){\n            String readData = String.valueOf(buf, 0, numRead);\n            fileData.append(readData);\n            buf = new char[1024];\n        }\n        reader.close();\n        return fileData.toString();\n    }\n}",
      "covered_code": "**PLAN for step by step execution of the given Java program and test case:**\n\n1. Class Declaration: Class declaration statements are executed. Statement `public class foo {` is covered.\n2. Method Declaration: Method declarations are executed when called. Statement `public static String writeToString(InputStream stream) throws java.io.IOException{` is covered.\n3. Local Variables Initialization: Statements `StringBuffer fileData = new StringBuffer(1000);`, `BufferedReader reader = new BufferedReader(new InputStreamReader(stream,\"utf-8\"));`, and `char[] buf = new char[1024];` are covered.\n4. Variable Initialization: Statement `int numRead=0;` is covered.\n5. While Loop Execution: Since `reader.read(buf)` is not executed due to the invalid character array size (-1), the loop condition `(numRead=reader.read(buf)) != -1` is not evaluated. Therefore, the statements inside the loop are not covered.\n6. Reader Close: Statement `reader.close();` is not covered due to the exception.\n7. Return Statement: Statement `return fileData.toString();` is not covered due to the exception.\n8. Closing Brackets: Always covered.\n\n**Final code coverage of the Java program based on its test case and step by step reasoning for execution is:**\n\n> public class foo {\n>   public static String writeToString(InputStream stream) throws java.io.IOException{\n>         StringBuffer fileData = new StringBuffer(1000);\n>         BufferedReader reader = new BufferedReader(new InputStreamReader(stream,\"utf-8\"));\n>         char[] buf = new char[1024];\n>         int numRead=0;\n!         while((numRead=reader.read(buf)) != -1){\n!             String readData = String.valueOf(buf, 0, numRead);\n!             fileData.append(readData);\n!             buf = new char[1024];\n!         }\n!         reader.close();\n!         return fileData.toString();\n>     }\n> }",
      "test_seed_coverage": [
        ">",
        ">",
        ">",
        ">",
        ">",
        ">",
        ">",
        ">",
        ">",
        ">",
        ">",
        ">",
        ">",
        ">",
        ">"
      ],
      "cumulative_coverage": [
        ">",
        ">",
        ">",
        ">",
        ">",
        ">",
        ">",
        ">",
        ">",
        ">",
        ">",
        ">",
        ">",
        ">",
        ">"
      ]
    },
    {
      "test_case": [
        "Test Case Input:\nnew char[5][-1]"
      ],
      "test_mutations": [
        "Test Case Input:\nnew char[5][-1]"
      ],
      "initial_code": "public class foo {\n  public static String writeToString(InputStream stream) throws java.io.IOException{\n        StringBuffer fileData = new StringBuffer(1000);\n        BufferedReader reader = new BufferedReader(new InputStreamReader(stream,\"utf-8\"));\n        char[] buf = new char[1024];\n        int numRead=0;\n        while((numRead=reader.read(buf)) != -1){\n            String readData = String.valueOf(buf, 0, numRead);\n            fileData.append(readData);\n            buf = new char[1024];\n        }\n        reader.close();\n        return fileData.toString();\n    }\n}",
      "covered_code": "**PLAN for step by step execution of the given Java program and test case:**\n\n1. Class Declaration: The class declaration statement \"public class foo {\" is executed.\n2. Method Declaration: The method declaration \"public static String writeToString(InputStream stream) throws java.io.IOException{\" is executed when the method is called.\n3. StringBuffer Initialization: The statement \"StringBuffer fileData = new StringBuffer(1000);\" is executed.\n4. BufferedReader Initialization: The statement \"BufferedReader reader = new BufferedReader(new InputStreamReader(stream, \"utf-8\"));\" is executed.\n5. char Array Initialization: The statement \"char[] buf = new char[1024];\" is executed.\n6. int numRead Initialization: The statement \"int numRead = 0;\" is executed.\n7. While Loop Execution: Since the input is 'new char[5][-1]', which is not a valid InputStream, the while loop \"(numRead = reader.read(buf)) != -1\" is not executed. \n8. Reader Close: The statement \"reader.close();\" is not executed because the loop is not entered.\n9. Return Statement: The statement \"return fileData.toString();\" is not executed because the loop is not entered.\n10. Closing Brackets: Closing brackets are executed.\n\n**Final predicted code coverage for the given code snippet:**\n\n> public class foo {\n>   public static String writeToString(InputStream stream) throws java.io.IOException{\n>         StringBuffer fileData = new StringBuffer(1000);\n>         BufferedReader reader = new BufferedReader(new InputStreamReader(stream,\"utf-8\"));\n>         char[] buf = new char[1024];\n>         int numRead=0;\n!         while((numRead=reader.read(buf)) != -1){\n!             String readData = String.valueOf(buf, 0, numRead);\n!             fileData.append(readData);\n!             buf = new char[1024];\n!         }\n!         reader.close();\n!         return fileData.toString();\n>     }\n> }",
      "test_seed_coverage": [
        ">",
        ">",
        ">",
        ">",
        ">",
        ">",
        ">",
        ">",
        ">",
        ">",
        ">",
        ">",
        ">",
        ">",
        ">"
      ],
      "cumulative_coverage": [
        ">",
        ">",
        ">",
        ">",
        ">",
        ">",
        ">",
        ">",
        ">",
        ">",
        ">",
        ">",
        ">",
        ">",
        ">"
      ]
    },
    {
      "test_case": [
        "Test Case Input:\nString.valueOf(null)"
      ],
      "test_mutations": [
        "Test Case Input:\nString.valueOf(null)"
      ],
      "initial_code": "public class foo {\n  public static String writeToString(InputStream stream) throws java.io.IOException{\n        StringBuffer fileData = new StringBuffer(1000);\n        BufferedReader reader = new BufferedReader(new InputStreamReader(stream,\"utf-8\"));\n        char[] buf = new char[1024];\n        int numRead=0;\n        while((numRead=reader.read(buf)) != -1){\n            String readData = String.valueOf(buf, 0, numRead);\n            fileData.append(readData);\n            buf = new char[1024];\n        }\n        reader.close();\n        return fileData.toString();\n    }\n}",
      "covered_code": "PLAN for step by step execution of the given Java program and test case:\n\n1. Class Declaration: The declaration of the class `foo` is executed. Statement `public class foo {` is covered.\n2. Method Declaration: The method declaration for `writeToString` is executed when the method is called. Statement `public static String writeToString(InputStream stream) throws java.io.IOException{` is covered.\n3. Variable Initialization: The initialization of `StringBuffer fileData` and the `BufferedReader reader` are executed. Statements `StringBuffer fileData = new StringBuffer(1000);` and `BufferedReader reader = new BufferedReader(new InputStreamReader(stream,\"utf-8\"));` are covered.\n4. Variable Declaration: The declaration of the `char` array `buf` and the variable `numRead` are executed. Statements `char[] buf = new char[1024];` and `int numRead=0;` are covered.\n5. While Loop Execution: The while loop is executed if `numRead` is not -1. The loop condition and body will be covered if the loop executes.\n6. Inside While Loop: The statements inside the while loop will be executed if the loop executes. Statements `String readData = String.valueOf(buf, 0, numRead);`, `fileData.append(readData);`, and `buf = new char[1024];` are covered if the loop executes.\n7. Reader Close: The statement `reader.close();` is executed regardless of whether the while loop executes or not. It is covered.\n8. Return Statement: The return statement `return fileData.toString();` is executed at the end of the method. It is covered.\n\nFinal code coverage of the Java program based on its test case and given step-by-step reasoning for execution is:\n\n```\n> public class foo {\n>   public static String writeToString(InputStream stream) throws java.io.IOException{\n>         StringBuffer fileData = new StringBuffer(1000);\n!         BufferedReader reader = new BufferedReader(new InputStreamReader(stream,\"utf-8\"));\n>         char[] buf = new char[1024];\n>         int numRead=0;\n!         while((numRead=reader.read(buf)) != -1){\n!             String readData = String.valueOf(buf, 0, numRead);\n!             fileData.append(readData);\n!             buf = new char[1024];\n!         }\n>         reader.close();\n>         return fileData.toString();\n>     }\n> }\n```",
      "test_seed_coverage": [
        ">",
        ">",
        ">",
        ">",
        ">",
        ">",
        ">",
        ">",
        ">",
        ">",
        ">",
        ">",
        ">",
        ">",
        ">"
      ],
      "cumulative_coverage": [
        ">",
        ">",
        ">",
        ">",
        ">",
        ">",
        ">",
        ">",
        ">",
        ">",
        ">",
        ">",
        ">",
        ">",
        ">"
      ]
    },
    {
      "test_case": [
        "Test Case Input:\n\"test string\""
      ],
      "test_mutations": [
        "Test Case Input:\n\"test string\""
      ],
      "initial_code": "public class foo {\n  public static String writeToString(InputStream stream) throws java.io.IOException{\n        StringBuffer fileData = new StringBuffer(1000);\n        BufferedReader reader = new BufferedReader(new InputStreamReader(stream,\"utf-8\"));\n        char[] buf = new char[1024];\n        int numRead=0;\n        while((numRead=reader.read(buf)) != -1){\n            String readData = String.valueOf(buf, 0, numRead);\n            fileData.append(readData);\n            buf = new char[1024];\n        }\n        reader.close();\n        return fileData.toString();\n    }\n}",
      "covered_code": "PLAN for step by step execution of the given java program and test case:\n\n1. Class Declaration: Execution starts with the class declaration. The statement \"public class foo {\" is covered.\n\n2. Method Declaration: Method declarations are executed when called. The statement \"public static String writeToString(InputStream stream) throws java.io.IOException{\" is covered.\n\n3. Variable Declaration and Initialization: The variable \"fileData\" and the BufferedReader \"reader\" are initialized. Statements \"StringBuffer fileData = new StringBuffer(1000);\" and \"BufferedReader reader = new BufferedReader(new InputStreamReader(stream,\"utf-8\"));\" are covered.\n\n4. Variable Declaration: The char array \"buf\" and integer \"numRead\" are initialized. Statements \"char[] buf = new char[1024];\" and \"int numRead=0;\" are covered.\n\n5. While Loop Execution: The while loop condition \"(numRead=reader.read(buf)) != -1\" will be checked. Since input is provided (\"test string\"), the loop will be executed at least once. The statement \"while((numRead=reader.read(buf)) != -1){\" is covered.\n\n6. Inside the While Loop: Statements inside the while loop are executed. \"String readData = String.valueOf(buf, 0, numRead);\" and \"fileData.append(readData);\" are covered. \"buf = new char[1024];\" is covered as it resets the buffer for the next read.\n\n7. Reader Close: The reader is closed after the loop execution. The statement \"reader.close();\" is covered.\n\n8. Return Statement: The method returns the fileData as a string. The statement \"return fileData.toString();\" is covered.\n\n9. Closing Brackets: Closing brackets of the method and class are always executed.\n\nFinal code coverage of the Java program based on its test case and given step by step reasoning for execution is:\n\n> public class foo {\n>   public static String writeToString(InputStream stream) throws java.io.IOException{\n>         StringBuffer fileData = new StringBuffer(1000);\n>         BufferedReader reader = new BufferedReader(new InputStreamReader(stream,\"utf-8\"));\n>         char[] buf = new char[1024];\n>         int numRead=0;\n>         while((numRead=reader.read(buf)) != -1){\n>             String readData = String.valueOf(buf, 0, numRead);\n>             fileData.append(readData);\n>             buf = new char[1024];\n>         }\n>         reader.close();\n>         return fileData.toString();\n>     }\n> }",
      "test_seed_coverage": [
        ">",
        ">",
        ">",
        ">",
        ">",
        ">",
        ">",
        ">",
        ">",
        ">",
        ">",
        ">",
        ">",
        ">",
        ">"
      ],
      "cumulative_coverage": [
        ">",
        ">",
        ">",
        ">",
        ">",
        ">",
        ">",
        ">",
        ">",
        ">",
        ">",
        ">",
        ">",
        ">",
        ">"
      ]
    },
    {
      "test_case": [
        "Test Case Input:\n-1/0"
      ],
      "test_mutations": [
        "Test Case Input:\n-1/0"
      ],
      "initial_code": "public class foo {\n  public static String writeToString(InputStream stream) throws java.io.IOException{\n        StringBuffer fileData = new StringBuffer(1000);\n        BufferedReader reader = new BufferedReader(new InputStreamReader(stream,\"utf-8\"));\n        char[] buf = new char[1024];\n        int numRead=0;\n        while((numRead=reader.read(buf)) != -1){\n            String readData = String.valueOf(buf, 0, numRead);\n            fileData.append(readData);\n            buf = new char[1024];\n        }\n        reader.close();\n        return fileData.toString();\n    }\n}",
      "covered_code": "PLAN for step-by-step execution of the given JAVA PROGRAM and TEST CASE:\n\n1. Class Declaration: The class `foo` is declared. This is covered as part of the program being compiled.\n2. Method Declaration: The method `writeToString` is declared. This method is not executed in the absence of a call in the provided test case.\n3. Method Body: \n   - `StringBuffer fileData = new StringBuffer(1000);` initializes a `StringBuffer`, but this line is not executed as the method is not called.\n   - `BufferedReader reader = new BufferedReader(new InputStreamReader(stream,\"utf-8\"));` initializes a `BufferedReader`, but this line is not executed.\n   - `char[] buf = new char[1024];` initializes a character buffer, but this line is not executed.\n   - `int numRead=0;` initializes an integer, but this line is not executed.\n   - The `while` loop and its contents (reading from the stream, appending to `StringBuffer`, and resetting the buffer) are not executed since the method is not called.\n   - `reader.close();` is not executed because the method is not called.\n   - `return fileData.toString();` is not executed because the method is not called.\n4. Closing Braces: The closing braces for the class and method are always covered.\n\nFinal predicted code coverage for the given JAVA PROGRAM based on its test case:\n\n```\n> public class foo {\n!   public static String writeToString(InputStream stream) throws java.io.IOException{\n!         StringBuffer fileData = new StringBuffer(1000);\n!         BufferedReader reader = new BufferedReader(new InputStreamReader(stream,\"utf-8\"));\n!         char[] buf = new char[1024];\n!         int numRead=0;\n!         while((numRead=reader.read(buf)) != -1){\n!             String readData = String.valueOf(buf, 0, numRead);\n!             fileData.append(readData);\n!             buf = new char[1024];\n!         }\n!         reader.close();\n!         return fileData.toString();\n>     }\n> }\n```",
      "test_seed_coverage": [
        ">",
        ">",
        ">",
        ">",
        ">",
        ">",
        ">",
        ">",
        ">",
        ">",
        ">",
        ">",
        ">",
        ">",
        ">"
      ],
      "cumulative_coverage": [
        ">",
        ">",
        ">",
        ">",
        ">",
        ">",
        ">",
        ">",
        ">",
        ">",
        ">",
        ">",
        ">",
        ">",
        ">"
      ]
    },
    {
      "test_case": [
        "Test Case Input:\nnew char[5][5]"
      ],
      "test_mutations": [
        "Test Case Input:\nnew char[5][5]"
      ],
      "initial_code": "public class foo {\n  public static String writeToString(InputStream stream) throws java.io.IOException{\n        StringBuffer fileData = new StringBuffer(1000);\n        BufferedReader reader = new BufferedReader(new InputStreamReader(stream,\"utf-8\"));\n        char[] buf = new char[1024];\n        int numRead=0;\n        while((numRead=reader.read(buf)) != -1){\n            String readData = String.valueOf(buf, 0, numRead);\n            fileData.append(readData);\n            buf = new char[1024];\n        }\n        reader.close();\n        return fileData.toString();\n    }\n}",
      "covered_code": "PLAN for step by step execution of the given Java program and test case:\n\n1. Class Declaration: Class Declaration statements are executed. Statement \"public class foo {\" is covered.\n\n2. Method Declaration: Method declarations are executed when called. Since the test case does not call the method \"writeToString\", the method declaration \"public static String writeToString(InputStream stream) throws java.io.IOException{\" is not covered.\n\n3. Variable Declarations within Method: All variable declarations within the method are not executed since the method is not called. Therefore, statements \"StringBuffer fileData = new StringBuffer(1000);\", \"BufferedReader reader = new BufferedReader(new InputStreamReader(stream,\"utf-8\"));\", \"char[] buf = new char[1024];\", and \"int numRead=0;\" are not covered.\n\n4. While Loop: The while loop is not executed since the method is not called. Therefore, statements \"while((numRead=reader.read(buf)) != -1){\", \"String readData = String.valueOf(buf, 0, numRead);\", \"fileData.append(readData);\", and \"buf = new char[1024];\" are not covered.\n\n5. Reader Close: The statement \"reader.close();\" is also not executed since the method is not called. \n\n6. Return Statement: The return statement \"return fileData.toString();\" is not executed as the method is not called.\n\n7. Closing Brackets: Always covered.\n\nFinal code coverage of the Java program based on its test case and given step-by-step reasoning for execution is:\n\n> public class foo {\n!   public static String writeToString(InputStream stream) throws java.io.IOException{\n!         StringBuffer fileData = new StringBuffer(1000);\n!         BufferedReader reader = new BufferedReader(new InputStreamReader(stream,\"utf-8\"));\n!         char[] buf = new char[1024];\n!         int numRead=0;\n!         while((numRead=reader.read(buf)) != -1){\n!             String readData = String.valueOf(buf, 0, numRead);\n!             fileData.append(readData);\n!             buf = new char[1024];\n!         }\n!         reader.close();\n!         return fileData.toString();\n>     }\n> }",
      "test_seed_coverage": [
        ">",
        ">",
        ">",
        ">",
        ">",
        ">",
        ">",
        ">",
        ">",
        ">",
        ">",
        ">",
        ">",
        ">",
        ">"
      ],
      "cumulative_coverage": [
        ">",
        ">",
        ">",
        ">",
        ">",
        ">",
        ">",
        ">",
        ">",
        ">",
        ">",
        ">",
        ">",
        ">",
        ">"
      ]
    },
    {
      "test_case": [
        "Test Case Input:\n5 / 0"
      ],
      "test_mutations": [
        "Test Case Input:\n5 / 0"
      ],
      "initial_code": "public class foo {\n  public static String writeToString(InputStream stream) throws java.io.IOException{\n        StringBuffer fileData = new StringBuffer(1000);\n        BufferedReader reader = new BufferedReader(new InputStreamReader(stream,\"utf-8\"));\n        char[] buf = new char[1024];\n        int numRead=0;\n        while((numRead=reader.read(buf)) != -1){\n            String readData = String.valueOf(buf, 0, numRead);\n            fileData.append(readData);\n            buf = new char[1024];\n        }\n        reader.close();\n        return fileData.toString();\n    }\n}",
      "covered_code": "PLAN for step by step execution of the given Java program and test case:\n\n1. Class Declaration: The class declaration for the class `foo` is executed. The statement `public class foo {` is covered.\n2. Method Declaration: The method declaration for `writeToString` is executed when the method is called. The statement `public static String writeToString(InputStream stream) throws java.io.IOException{` is covered.\n3. Variable Initialization: The statement `StringBuffer fileData = new StringBuffer(1000);` is executed.\n4. BufferedReader Initialization: The statement `BufferedReader reader = new BufferedReader(new InputStreamReader(stream,\"utf-8\"));` is executed.\n5. Character Buffer Declaration: The statement `char[] buf = new char[1024];` is executed.\n6. Read Loop: The while loop `while((numRead=reader.read(buf)) != -1)` is executed. Given the test case `5 / 0`, the while loop will execute successfully because input is provided.\n7. Inside the While Loop:\n   - The statement `String readData = String.valueOf(buf, 0, numRead);` is executed each time data is read.\n   - The statement `fileData.append(readData);` is executed each time data is appended.\n   - The statement `buf = new char[1024];` is executed to reset the buffer for the next read.\n8. After the While Loop: The statement `reader.close();` is executed after exiting the loop.\n9. Return Statement: The statement `return fileData.toString();` is executed to return the final string.\n\nFinal code coverage of the Java program based on its test case and given step by step reasoning for execution is:\n\n> public class foo {\n>   public static String writeToString(InputStream stream) throws java.io.IOException{\n>         StringBuffer fileData = new StringBuffer(1000);\n>         BufferedReader reader = new BufferedReader(new InputStreamReader(stream,\"utf-8\"));\n>         char[] buf = new char[1024];\n>         int numRead=0;\n>         while((numRead=reader.read(buf)) != -1){\n>             String readData = String.valueOf(buf, 0, numRead);\n>             fileData.append(readData);\n>             buf = new char[1024];\n>         }\n>         reader.close();\n>         return fileData.toString();\n>     }\n> }",
      "test_seed_coverage": [
        ">",
        ">",
        ">",
        ">",
        ">",
        ">",
        ">",
        ">",
        ">",
        ">",
        ">",
        ">",
        ">",
        ">",
        ">"
      ],
      "cumulative_coverage": [
        ">",
        ">",
        ">",
        ">",
        ">",
        ">",
        ">",
        ">",
        ">",
        ">",
        ">",
        ">",
        ">",
        ">",
        ">"
      ]
    },
    {
      "test_case": [
        "Test Case Input:\n-1 % 0"
      ],
      "test_mutations": [
        "Test Case Input:\n-1 % 0"
      ],
      "initial_code": "public class foo {\n  public static String writeToString(InputStream stream) throws java.io.IOException{\n        StringBuffer fileData = new StringBuffer(1000);\n        BufferedReader reader = new BufferedReader(new InputStreamReader(stream,\"utf-8\"));\n        char[] buf = new char[1024];\n        int numRead=0;\n        while((numRead=reader.read(buf)) != -1){\n            String readData = String.valueOf(buf, 0, numRead);\n            fileData.append(readData);\n            buf = new char[1024];\n        }\n        reader.close();\n        return fileData.toString();\n    }\n}",
      "covered_code": "PLAN for step-by-step execution of the given Java program and test case:\n\n1. Class Declaration: The class declaration statement \"public class foo {\" is executed.\n2. Method Declaration: The method declaration \"public static String writeToString(InputStream stream) throws java.io.IOException{\" is executed when the method is called.\n3. StringBuffer Initialization: The statement \"StringBuffer fileData = new StringBuffer(1000);\" is executed to initialize the StringBuffer.\n4. BufferedReader Initialization: The statement \"BufferedReader reader = new BufferedReader(new InputStreamReader(stream, \"utf-8\"));\" is executed to initialize the BufferedReader.\n5. Character Buffer Initialization: The statement \"char[] buf = new char[1024];\" is executed to initialize the character buffer.\n6. Read Loop Execution: The while loop statement \"while((numRead=reader.read(buf)) != -1){\" is executed. Inside the loop:\n   - The statement \"String readData = String.valueOf(buf, 0, numRead);\" is executed when data is read.\n   - The statement \"fileData.append(readData);\" is executed to append the read data to the StringBuffer.\n   - The statement \"buf = new char[1024];\" is executed to reset the buffer.\n7. Reader Close: The statement \"reader.close();\" is executed to close the BufferedReader.\n8. Return Statement: The statement \"return fileData.toString();\" is executed to return the file data as a string.\n9. Closing Brackets: The closing brackets for the method and class are always covered.\n\nFinal code coverage of the Java program based on its test case and given step-by-step reasoning for execution is:\n\n> public class foo {\n>   public static String writeToString(InputStream stream) throws java.io.IOException{\n>         StringBuffer fileData = new StringBuffer(1000);\n>         BufferedReader reader = new BufferedReader(new InputStreamReader(stream,\"utf-8\"));\n>         char[] buf = new char[1024];\n>         int numRead=0;\n>         while((numRead=reader.read(buf)) != -1){\n>             String readData = String.valueOf(buf, 0, numRead);\n>             fileData.append(readData);\n>             buf = new char[1024];\n>         }\n>         reader.close();\n>         return fileData.toString();\n>     }\n> }",
      "test_seed_coverage": [
        ">",
        ">",
        ">",
        ">",
        ">",
        ">",
        ">",
        ">",
        ">",
        ">",
        ">",
        ">",
        ">",
        ">",
        ">"
      ],
      "cumulative_coverage": [
        ">",
        ">",
        ">",
        ">",
        ">",
        ">",
        ">",
        ">",
        ">",
        ">",
        ">",
        ">",
        ">",
        ">",
        ">"
      ]
    }
  ]
}