{
  "submission_id": "62971",
  "cycles": [
    {
      "test_case": [
        "Test Case Input:\nnew ByteArrayInputStream(\"test input\".getBytes())"
      ],
      "test_mutations": [
        "Test Case Input:\nnew ByteArrayInputStream(\"test input\".getBytes())"
      ],
      "initial_code": "public class foo {\n  public static String writeToString(InputStream stream) throws java.io.IOException{\n        StringBuffer fileData = new StringBuffer(1000);\n        BufferedReader reader = new BufferedReader(new InputStreamReader(stream,\"utf-8\"));\n        char[] buf = new char[1024];\n        int numRead=0;\n        while((numRead=reader.read(buf)) != -1){\n            String readData = String.valueOf(buf, 0, numRead);\n            fileData.append(readData);\n            buf = new char[1024];\n        }\n        reader.close();\n        return fileData.toString();\n    }\n}",
      "covered_code": "PLAN:\n1. Class Declaration: The class declaration statement \"public class foo {\" is executed.\n2. Method Declaration: The method declaration \"public static String writeToString(InputStream stream) throws java.io.IOException{\" is executed when the method is called.\n3. StringBuffer Initialization: The statement \"StringBuffer fileData = new StringBuffer(1000);\" is executed.\n4. BufferedReader Initialization: The statement \"BufferedReader reader = new BufferedReader(new InputStreamReader(stream,\"utf-8\"));\" is executed.\n5. Character Buffer Initialization: The statement \"char[] buf = new char[1024];\" is executed.\n6. Reading from Stream: The while loop \"while((numRead=reader.read(buf)) != -1){\" repeatedly executes as long as there is data to read from the stream.\n7. Read Data Handling: Inside the while loop, the statements \"String readData = String.valueOf(buf, 0, numRead);\" and \"fileData.append(readData);\" are executed whenever data is read.\n8. Buffer Reset: The statement \"buf = new char[1024];\" within the loop is executed.\n9. Reader Closing: The statement \"reader.close();\" is executed after exiting the while loop.\n10. Return Statement: The statement \"return fileData.toString();\" is executed, returning the read data as a string.\n11. Closing Brackets: Closing brackets for the method and class are always covered.\n\nFinal code coverage of the Java program based on its test case and given step-by-step reasoning for execution is:\n> public class foo {\n>   public static String writeToString(InputStream stream) throws java.io.IOException{\n>         StringBuffer fileData = new StringBuffer(1000);\n>         BufferedReader reader = new BufferedReader(new InputStreamReader(stream,\"utf-8\"));\n>         char[] buf = new char[1024];\n>         int numRead=0;\n>         while((numRead=reader.read(buf)) != -1){\n>             String readData = String.valueOf(buf, 0, numRead);\n>             fileData.append(readData);\n>             buf = new char[1024];\n>         }\n>         reader.close();\n>         return fileData.toString();\n>     }\n> }",
      "test_seed_coverage": [
        ">",
        ">",
        ">",
        ">",
        ">",
        ">",
        ">",
        ">",
        ">",
        ">",
        ">",
        ">",
        ">",
        ">",
        ">"
      ],
      "cumulative_coverage": [
        ">",
        ">",
        ">",
        ">",
        ">",
        ">",
        ">",
        ">",
        ">",
        ">",
        ">",
        ">",
        ">",
        ">",
        ">"
      ]
    },
    {
      "test_case": [
        "Test Case Input:\n\"123abc\""
      ],
      "test_mutations": [
        "Test Case Input:\n\"123abc\""
      ],
      "initial_code": "public class foo {\n  public static String writeToString(InputStream stream) throws java.io.IOException{\n        StringBuffer fileData = new StringBuffer(1000);\n        BufferedReader reader = new BufferedReader(new InputStreamReader(stream,\"utf-8\"));\n        char[] buf = new char[1024];\n        int numRead=0;\n        while((numRead=reader.read(buf)) != -1){\n            String readData = String.valueOf(buf, 0, numRead);\n            fileData.append(readData);\n            buf = new char[1024];\n        }\n        reader.close();\n        return fileData.toString();\n    }\n}",
      "covered_code": "PLAN for step by step execution of the given Java program and test case:\n\n1. Class Declaration: The class declaration is executed. The statement \"public class foo {\" is covered.\n2. Method Declaration: The method declaration is executed when called. The statement \"public static String writeToString(InputStream stream) throws java.io.IOException{\" is covered.\n3. StringBuffer Initialization: The statement \"StringBuffer fileData = new StringBuffer(1000);\" is covered when the method is called.\n4. BufferedReader Initialization: The statement \"BufferedReader reader = new BufferedReader(new InputStreamReader(stream,\\\"utf-8\\\"));\" is covered when the method is called.\n5. Character Buffer Initialization: The statement \"char[] buf = new char[1024];\" is covered when the method is called.\n6. Read Operation: The statement \"int numRead=0;\" is covered when the method is called.\n7. While Loop: The while loop condition is evaluated. Assuming the test case input is passed correctly to the method, the loop will execute. The statement \"while((numRead=reader.read(buf)) != -1){\" is covered.\n8. Inside While Loop: The statements inside the while loop are executed for each iteration as long as the loop condition is true:\n   - \"String readData = String.valueOf(buf, 0, numRead);\" is covered.\n   - \"fileData.append(readData);\" is covered.\n   - \"buf = new char[1024];\" is covered.\n9. Reader Close: The statement \"reader.close();\" is covered after the loop completes.\n10. Return Statement: The statement \"return fileData.toString();\" is covered when the method returns.\n\nFinal code coverage of the Java program based on its test case and step by step reasoning for execution is:\n\n> public class foo {\n>   public static String writeToString(InputStream stream) throws java.io.IOException{\n>         StringBuffer fileData = new StringBuffer(1000);\n>         BufferedReader reader = new BufferedReader(new InputStreamReader(stream,\"utf-8\"));\n>         char[] buf = new char[1024];\n>         int numRead=0;\n>         while((numRead=reader.read(buf)) != -1){\n>             String readData = String.valueOf(buf, 0, numRead);\n>             fileData.append(readData);\n>             buf = new char[1024];\n>         }\n>         reader.close();\n>         return fileData.toString();\n>     }\n> }",
      "test_seed_coverage": [
        ">",
        ">",
        ">",
        ">",
        ">",
        ">",
        ">",
        ">",
        ">",
        ">",
        ">",
        ">",
        ">",
        ">",
        ">"
      ],
      "cumulative_coverage": [
        ">",
        ">",
        ">",
        ">",
        ">",
        ">",
        ">",
        ">",
        ">",
        ">",
        ">",
        ">",
        ">",
        ">",
        ">"
      ]
    },
    {
      "test_case": [
        "Test Case Input:\nnull"
      ],
      "test_mutations": [
        "Test Case Input:\nnull"
      ],
      "initial_code": "public class foo {\n  public static String writeToString(InputStream stream) throws java.io.IOException{\n        StringBuffer fileData = new StringBuffer(1000);\n        BufferedReader reader = new BufferedReader(new InputStreamReader(stream,\"utf-8\"));\n        char[] buf = new char[1024];\n        int numRead=0;\n        while((numRead=reader.read(buf)) != -1){\n            String readData = String.valueOf(buf, 0, numRead);\n            fileData.append(readData);\n            buf = new char[1024];\n        }\n        reader.close();\n        return fileData.toString();\n    }\n}",
      "covered_code": "PLAN for step by step execution of the given Java program and test case:\n\n1. Class Declaration: The class declaration statement \"public class foo {\" is executed.\n2. Method Declaration: The method declaration statement \"public static String writeToString(InputStream stream) throws java.io.IOException{\" is executed.\n3. StringBuffer Initialization: The statement \"StringBuffer fileData = new StringBuffer(1000);\" is executed.\n4. BufferedReader Initialization: The statement \"BufferedReader reader = new BufferedReader(new InputStreamReader(stream,\"utf-8\"));\" is executed.\n5. Char Array Initialization: The statement \"char[] buf = new char[1024];\" is executed.\n6. Variable Initialization: The statement \"int numRead=0;\" is executed.\n7. While Loop: The while loop \"while((numRead=reader.read(buf)) != -1){\" is not executed because the test case indicates a null input, meaning the InputStream is not initialized or provided, leading to an exception or failure to enter the loop.\n8. Reader Close: The statement \"reader.close();\" is not executed due to the absence of valid input.\n9. Return Statement: The statement \"return fileData.toString();\" is not executed due to the absence of valid input, resulting in no successful execution of the loop.\n10. Closing Brackets: Closing brackets are always executed.\n\nFinal code coverage of the Java program based on its test case and given step by step reasoning for execution is:\n> public class foo {\n>   public static String writeToString(InputStream stream) throws java.io.IOException{\n>         StringBuffer fileData = new StringBuffer(1000);\n>         BufferedReader reader = new BufferedReader(new InputStreamReader(stream,\"utf-8\"));\n>         char[] buf = new char[1024];\n>         int numRead=0;\n!         while((numRead=reader.read(buf)) != -1){\n!             String readData = String.valueOf(buf, 0, numRead);\n!             fileData.append(readData);\n!             buf = new char[1024];\n!         }\n!         reader.close();\n!         return fileData.toString();\n>     }\n> }",
      "test_seed_coverage": [
        ">",
        ">",
        ">",
        ">",
        ">",
        ">",
        ">",
        ">",
        ">",
        ">",
        ">",
        ">",
        ">",
        ">",
        ">"
      ],
      "cumulative_coverage": [
        ">",
        ">",
        ">",
        ">",
        ">",
        ">",
        ">",
        ">",
        ">",
        ">",
        ">",
        ">",
        ">",
        ">",
        ">"
      ]
    },
    {
      "test_case": [
        "Test Case Input:\n\"abc123\""
      ],
      "test_mutations": [
        "Test Case Input:\n\"abc123\""
      ],
      "initial_code": "public class foo {\n  public static String writeToString(InputStream stream) throws java.io.IOException{\n        StringBuffer fileData = new StringBuffer(1000);\n        BufferedReader reader = new BufferedReader(new InputStreamReader(stream,\"utf-8\"));\n        char[] buf = new char[1024];\n        int numRead=0;\n        while((numRead=reader.read(buf)) != -1){\n            String readData = String.valueOf(buf, 0, numRead);\n            fileData.append(readData);\n            buf = new char[1024];\n        }\n        reader.close();\n        return fileData.toString();\n    }\n}",
      "covered_code": "Plan for step-by-step execution of the given Java program and test case:\n\n1. Class Declaration: The class `foo` is declared and covered.\n2. Method Declaration: The method `writeToString` is declared and covered.\n3. Method Execution: The method `writeToString` is executed when called with the provided `InputStream`.\n4. Create `StringBuffer`: The statement `StringBuffer fileData = new StringBuffer(1000);` is executed.\n5. Create `BufferedReader`: The statement `BufferedReader reader = new BufferedReader(new InputStreamReader(stream,\"utf-8\"));` is executed.\n6. Buffer Initialization: The statement `char[] buf = new char[1024];` is executed.\n7. Loop Execution: The `while` loop checks if `(numRead=reader.read(buf)) != -1` and executes since the input \"abc123\" can be read.\n8. Read Data: The statement `String readData = String.valueOf(buf, 0, numRead);` is executed.\n9. Append Data: The statement `fileData.append(readData);` is executed.\n10. Buffer Reset: The statement `buf = new char[1024];` is executed.\n11. Loop Continuation: The `while` loop condition is checked again. Since the stream has been fully read, `numRead` becomes -1, terminating the loop.\n12. Close `BufferedReader`: The statement `reader.close();` is executed.\n13. Return String: The statement `return fileData.toString();` is executed.\n14. Closing Brackets: The closing brackets of the method and class are always covered.\n\nFinal code coverage of the Java program based on its test case and given step-by-step reasoning for execution is:\n\n```\n> public class foo {\n>   public static String writeToString(InputStream stream) throws java.io.IOException{\n>         StringBuffer fileData = new StringBuffer(1000);\n>         BufferedReader reader = new BufferedReader(new InputStreamReader(stream,\"utf-8\"));\n>         char[] buf = new char[1024];\n>         int numRead=0;\n>         while((numRead=reader.read(buf)) != -1){\n>             String readData = String.valueOf(buf, 0, numRead);\n>             fileData.append(readData);\n>             buf = new char[1024];\n>         }\n>         reader.close();\n>         return fileData.toString();\n>     }\n> }\n```",
      "test_seed_coverage": [
        ">",
        ">",
        ">",
        ">",
        ">",
        ">",
        ">",
        ">",
        ">",
        ">",
        ">",
        ">",
        ">",
        ">",
        ">"
      ],
      "cumulative_coverage": [
        ">",
        ">",
        ">",
        ">",
        ">",
        ">",
        ">",
        ">",
        ">",
        ">",
        ">",
        ">",
        ">",
        ">",
        ">"
      ]
    },
    {
      "test_case": [
        "Test Case Input:\n\"abc\""
      ],
      "test_mutations": [
        "Test Case Input:\n\"abc\""
      ],
      "initial_code": "public class foo {\n  public static String writeToString(InputStream stream) throws java.io.IOException{\n        StringBuffer fileData = new StringBuffer(1000);\n        BufferedReader reader = new BufferedReader(new InputStreamReader(stream,\"utf-8\"));\n        char[] buf = new char[1024];\n        int numRead=0;\n        while((numRead=reader.read(buf)) != -1){\n            String readData = String.valueOf(buf, 0, numRead);\n            fileData.append(readData);\n            buf = new char[1024];\n        }\n        reader.close();\n        return fileData.toString();\n    }\n}",
      "covered_code": "PLAN for step by step execution of the given Java program and test case:\n\n1. Class Declaration: The class `foo` is declared. Statement `public class foo {` is covered.\n2. Method Declaration: The method `writeToString` is declared. Statement `public static String writeToString(InputStream stream) throws java.io.IOException{` is covered.\n3. StringBuffer Initialization: Statement `StringBuffer fileData = new StringBuffer(1000);` is covered.\n4. BufferedReader Initialization: Statement `BufferedReader reader = new BufferedReader(new InputStreamReader(stream,\"utf-8\"));` is covered.\n5. Character Buffer Initialization: Statement `char[] buf = new char[1024];` is covered.\n6. numRead Initialization: Statement `int numRead=0;` is covered.\n7. While Loop Execution: Since the input stream is provided and we are reading from it, the while loop will be executed at least once. Statement `while((numRead=reader.read(buf)) != -1){` is covered.\n8. Inside While Loop: Statements within the while loop (`String readData = String.valueOf(buf, 0, numRead);`, `fileData.append(readData);`, `buf = new char[1024];`) are executed.\n9. Reader Close: After exiting the while loop, statement `reader.close();` is covered.\n10. Return Statement: The method returns the contents of `fileData`. Statement `return fileData.toString();` is covered.\n11. Closing Brackets: Closing brackets for the method and class are always covered.\n\nFinal code coverage of the Java program based on its test case and given step by step reasoning for execution is:\n\n> public class foo {\n>   public static String writeToString(InputStream stream) throws java.io.IOException{\n>         StringBuffer fileData = new StringBuffer(1000);\n>         BufferedReader reader = new BufferedReader(new InputStreamReader(stream,\"utf-8\"));\n>         char[] buf = new char[1024];\n>         int numRead=0;\n>         while((numRead=reader.read(buf)) != -1){\n>             String readData = String.valueOf(buf, 0, numRead);\n>             fileData.append(readData);\n>             buf = new char[1024];\n>         }\n>         reader.close();\n>         return fileData.toString();\n>     }\n> }",
      "test_seed_coverage": [
        ">",
        ">",
        ">",
        ">",
        ">",
        ">",
        ">",
        ">",
        ">",
        ">",
        ">",
        ">",
        ">",
        ">",
        ">"
      ],
      "cumulative_coverage": [
        ">",
        ">",
        ">",
        ">",
        ">",
        ">",
        ">",
        ">",
        ">",
        ">",
        ">",
        ">",
        ">",
        ">",
        ">"
      ]
    },
    {
      "test_case": [
        "Test Case Input:\n0"
      ],
      "test_mutations": [
        "Test Case Input:\n0"
      ],
      "initial_code": "public class foo {\n  public static String writeToString(InputStream stream) throws java.io.IOException{\n        StringBuffer fileData = new StringBuffer(1000);\n        BufferedReader reader = new BufferedReader(new InputStreamReader(stream,\"utf-8\"));\n        char[] buf = new char[1024];\n        int numRead=0;\n        while((numRead=reader.read(buf)) != -1){\n            String readData = String.valueOf(buf, 0, numRead);\n            fileData.append(readData);\n            buf = new char[1024];\n        }\n        reader.close();\n        return fileData.toString();\n    }\n}",
      "covered_code": "PLAN for step by step execution of the given Java program and test case:\n\n1. Class Declaration: The class `foo` is declared. Statement `public class foo {` is covered.\n2. Method Declaration: The method `writeToString` is declared but not called in the given test case. Statement `public static String writeToString(InputStream stream) throws java.io.IOException{` is not covered.\n3. Inside `writeToString` Method: Since the method is not called, none of the statements inside the method are executed, including:\n   - `StringBuffer fileData = new StringBuffer(1000);`\n   - `BufferedReader reader = new BufferedReader(new InputStreamReader(stream,\"utf-8\"));`\n   - `char[] buf = new char[1024];`\n   - `int numRead=0;`\n   - The `while` loop condition `(numRead=reader.read(buf)) != -1`\n   - Inside the `while` loop:\n     - `String readData = String.valueOf(buf, 0, numRead);`\n     - `fileData.append(readData);`\n     - `buf = new char[1024];`\n   - `reader.close();`\n   - `return fileData.toString();`\n4. Closing Brackets: Closing brackets are always covered.\n\nFinal code coverage of the Java program based on its test case and given step-by-step reasoning for execution is:\n\n```\n> public class foo {\n!   public static String writeToString(InputStream stream) throws java.io.IOException{\n!         StringBuffer fileData = new StringBuffer(1000);\n!         BufferedReader reader = new BufferedReader(new InputStreamReader(stream,\"utf-8\"));\n!         char[] buf = new char[1024];\n!         int numRead=0;\n!         while((numRead=reader.read(buf)) != -1){\n!             String readData = String.valueOf(buf, 0, numRead);\n!             fileData.append(readData);\n!             buf = new char[1024];\n!         }\n!         reader.close();\n!         return fileData.toString();\n>     }\n> }\n```",
      "test_seed_coverage": [
        ">",
        ">",
        ">",
        ">",
        ">",
        ">",
        ">",
        ">",
        ">",
        ">",
        ">",
        ">",
        ">",
        ">",
        ">"
      ],
      "cumulative_coverage": [
        ">",
        ">",
        ">",
        ">",
        ">",
        ">",
        ">",
        ">",
        ">",
        ">",
        ">",
        ">",
        ">",
        ">",
        ">"
      ]
    },
    {
      "test_case": [
        "Test Case Input:\n10 / 0"
      ],
      "test_mutations": [
        "Test Case Input:\n10 / 0"
      ],
      "initial_code": "public class foo {\n  public static String writeToString(InputStream stream) throws java.io.IOException{\n        StringBuffer fileData = new StringBuffer(1000);\n        BufferedReader reader = new BufferedReader(new InputStreamReader(stream,\"utf-8\"));\n        char[] buf = new char[1024];\n        int numRead=0;\n        while((numRead=reader.read(buf)) != -1){\n            String readData = String.valueOf(buf, 0, numRead);\n            fileData.append(readData);\n            buf = new char[1024];\n        }\n        reader.close();\n        return fileData.toString();\n    }\n}",
      "covered_code": "PLAN for step by step execution of the given Java program and test case:\n\n1. Class Declaration: The class declaration is executed. The statement \"public class foo {\" is covered.\n2. Method Declaration: Method declarations are executed when called. The statement \"public static String writeToString(InputStream stream) throws java.io.IOException{\" is covered.\n3. Variable Declaration and Initialization: Statements \"StringBuffer fileData = new StringBuffer(1000);\" and \"BufferedReader reader = new BufferedReader(new InputStreamReader(stream,\\\"utf-8\\\"));\" are covered, as they are executed when the method is called.\n4. Character Buffer Initialization: The statement \"char[] buf = new char[1024];\" is covered, as it is executed when the method is called.\n5. Read Loop: The while loop is executed if the condition \"(numRead=reader.read(buf)) != -1\" evaluates to true. If the stream has content, the loop will be executed, covering the loop statement.\n6. Inside the Loop: If the loop executes, the statements inside the loop are covered: \"String readData = String.valueOf(buf, 0, numRead);\" and \"fileData.append(readData);\".\n7. Re-initialization of Buffer: The statement \"buf = new char[1024];\" inside the loop is covered if the loop executes.\n8. Closing the Reader: Regardless of the loop execution, the statement \"reader.close();\" is covered as it is executed after exiting the loop.\n9. Return Statement: The statement \"return fileData.toString();\" is covered, as it is executed at the end of the method.\n10. Closing Brackets: Always covered.\n\nFinal code coverage of the Java program based on its test case and reasoning for execution is:\n\n> public class foo {\n>   public static String writeToString(InputStream stream) throws java.io.IOException{\n>         StringBuffer fileData = new StringBuffer(1000);\n>         BufferedReader reader = new BufferedReader(new InputStreamReader(stream,\"utf-8\"));\n>         char[] buf = new char[1024];\n>         int numRead=0;\n>         while((numRead=reader.read(buf)) != -1){\n>             String readData = String.valueOf(buf, 0, numRead);\n>             fileData.append(readData);\n>             buf = new char[1024];\n>         }\n>         reader.close();\n>         return fileData.toString();\n>     }\n> }",
      "test_seed_coverage": [
        ">",
        ">",
        ">",
        ">",
        ">",
        ">",
        ">",
        ">",
        ">",
        ">",
        ">",
        ">",
        ">",
        ">",
        ">"
      ],
      "cumulative_coverage": [
        ">",
        ">",
        ">",
        ">",
        ">",
        ">",
        ">",
        ">",
        ">",
        ">",
        ">",
        ">",
        ">",
        ">",
        ">"
      ]
    },
    {
      "test_case": [
        "Test Case Input:\n100 / 0"
      ],
      "test_mutations": [
        "Test Case Input:\n100 / 0"
      ],
      "initial_code": "public class foo {\n  public static String writeToString(InputStream stream) throws java.io.IOException{\n        StringBuffer fileData = new StringBuffer(1000);\n        BufferedReader reader = new BufferedReader(new InputStreamReader(stream,\"utf-8\"));\n        char[] buf = new char[1024];\n        int numRead=0;\n        while((numRead=reader.read(buf)) != -1){\n            String readData = String.valueOf(buf, 0, numRead);\n            fileData.append(readData);\n            buf = new char[1024];\n        }\n        reader.close();\n        return fileData.toString();\n    }\n}",
      "covered_code": "PLAN for step by step execution of the given Java program and test case:\n\n1. Class Declaration: The class `foo` is declared. \n2. Method Declaration: The method `writeToString` is declared and will be executed when called.\n3. Method Execution: The method `writeToString` will be executed once it's called with an `InputStream` argument. \n4. StringBuffer Initialization: The statement `StringBuffer fileData = new StringBuffer(1000);` is executed, initializing a `StringBuffer` with an initial capacity of 1000.\n5. BufferedReader Initialization: The statement `BufferedReader reader = new BufferedReader(new InputStreamReader(stream,\"utf-8\"));` is executed, initializing a `BufferedReader` to read from the given `InputStream` with UTF-8 encoding.\n6. Character Buffer Declaration: The statement `char[] buf = new char[1024];` is executed, initializing a character array buffer of size 1024.\n7. While Loop Execution: The while loop `while((numRead=reader.read(buf)) != -1)` is executed to read data into the buffer until the end of the stream is reached.\n8. String Conversion and Append: Inside the while loop, the statement `String readData = String.valueOf(buf, 0, numRead);` is executed, converting the read characters into a `String`, and the statement `fileData.append(readData);` is executed, appending the `String` to `fileData`.\n9. Character Buffer Re-initialization: Within the loop, the statement `buf = new char[1024];` is executed to reinitialize the buffer.\n10. Reader Close: After the loop, the statement `reader.close();` is executed to close the `BufferedReader`.\n11. Return Statement: The statement `return fileData.toString();` is executed to return the `String` representation of `fileData`.\n\nFinal code coverage of the Java program based on its test case and given step by step reasoning for execution is:\n\n> public class foo {\n>   public static String writeToString(InputStream stream) throws java.io.IOException{\n>         StringBuffer fileData = new StringBuffer(1000);\n>         BufferedReader reader = new BufferedReader(new InputStreamReader(stream,\"utf-8\"));\n>         char[] buf = new char[1024];\n>         int numRead=0;\n>         while((numRead=reader.read(buf)) != -1){\n>             String readData = String.valueOf(buf, 0, numRead);\n>             fileData.append(readData);\n>             buf = new char[1024];\n>         }\n>         reader.close();\n>         return fileData.toString();\n>     }\n> }\n\n",
      "test_seed_coverage": [
        ">",
        ">",
        ">",
        ">",
        ">",
        ">",
        ">",
        ">",
        ">",
        ">",
        ">",
        ">",
        ">",
        ">",
        ">"
      ],
      "cumulative_coverage": [
        ">",
        ">",
        ">",
        ">",
        ">",
        ">",
        ">",
        ">",
        ">",
        ">",
        ">",
        ">",
        ">",
        ">",
        ">"
      ]
    },
    {
      "test_case": [
        "Test Case Input:\n-1.5"
      ],
      "test_mutations": [
        "Test Case Input:\n-1.5"
      ],
      "initial_code": "public class foo {\n  public static String writeToString(InputStream stream) throws java.io.IOException{\n        StringBuffer fileData = new StringBuffer(1000);\n        BufferedReader reader = new BufferedReader(new InputStreamReader(stream,\"utf-8\"));\n        char[] buf = new char[1024];\n        int numRead=0;\n        while((numRead=reader.read(buf)) != -1){\n            String readData = String.valueOf(buf, 0, numRead);\n            fileData.append(readData);\n            buf = new char[1024];\n        }\n        reader.close();\n        return fileData.toString();\n    }\n}",
      "covered_code": "PLAN:\n\n1. Class Declaration: The class declaration statement \"public class foo {\" is executed.\n2. Method Declaration: The method declaration \"public static String writeToString(InputStream stream) throws java.io.IOException{\" is executed, but the method itself will not be executed without a call to it.\n3. Variable Declarations: The variable declarations inside the method body are executed if the method is called.\n4. BufferedReader Initialization: The BufferedReader is initialized when the method is called.\n5. While Loop Execution: The while loop is executed if the method is called and there is data to read from the InputStream.\n6. Inside While Loop: The statements inside the while loop are executed if the loop condition is true.\n7. Reader Close: The reader.close() statement is executed if the method is called.\n8. Return Statement: The return fileData.toString() statement is executed if the method is called.\n9. Closing Brackets: Closing brackets are always covered.\n\nFinal code coverage based on the provided test case:\n\n! public class foo {\n!   public static String writeToString(InputStream stream) throws java.io.IOException{\n!         StringBuffer fileData = new StringBuffer(1000);\n!         BufferedReader reader = new BufferedReader(new InputStreamReader(stream,\"utf-8\"));\n!         char[] buf = new char[1024];\n!         int numRead=0;\n!         while((numRead=reader.read(buf)) != -1){\n!             String readData = String.valueOf(buf, 0, numRead);\n!             fileData.append(readData);\n!             buf = new char[1024];\n!         }\n!         reader.close();\n!         return fileData.toString();\n!     }\n! }",
      "test_seed_coverage": [
        ">",
        ">",
        ">",
        ">",
        ">",
        ">",
        ">",
        ">",
        ">",
        ">",
        ">",
        ">",
        ">",
        ">",
        ">"
      ],
      "cumulative_coverage": [
        ">",
        ">",
        ">",
        ">",
        ">",
        ">",
        ">",
        ">",
        ">",
        ">",
        ">",
        ">",
        ">",
        ">",
        ">"
      ]
    },
    {
      "test_case": [
        "Test Case Input:\n-1"
      ],
      "test_mutations": [
        "Test Case Input:\n-1"
      ],
      "initial_code": "public class foo {\n  public static String writeToString(InputStream stream) throws java.io.IOException{\n        StringBuffer fileData = new StringBuffer(1000);\n        BufferedReader reader = new BufferedReader(new InputStreamReader(stream,\"utf-8\"));\n        char[] buf = new char[1024];\n        int numRead=0;\n        while((numRead=reader.read(buf)) != -1){\n            String readData = String.valueOf(buf, 0, numRead);\n            fileData.append(readData);\n            buf = new char[1024];\n        }\n        reader.close();\n        return fileData.toString();\n    }\n}",
      "covered_code": "PLAN for step by step execution of the given Java program and test case:\n\n1. Class Declaration and Method Declaration: The class `foo` and the method `writeToString` are declared but not executed until they are called. Statements \"public class foo {\" and \"public static String writeToString(InputStream stream) throws java.io.IOException{\" are not covered.\n\n2. InputStream Initialization: Since the test case input is not provided in a manner that indicates the creation of an InputStream or any method call, no execution takes place within this Java program.\n\n3. Execution of the method `writeToString`: Without a method call and a valid InputStream in the test case, the method `writeToString` is not executed.\n\n4. Inside the Method Execution: None of the statements within the method `writeToString` are executed because the method is never called.\n\n5. Closing Brackets: Closing brackets are part of the class and method declarations; they are technically covered when the corresponding declarations are considered, but not executed.\n\nFinal code coverage of the Java program based on its test case and given step-by-step reasoning for execution is:\n\n! public class foo {\n!   public static String writeToString(InputStream stream) throws java.io.IOException{\n!         StringBuffer fileData = new StringBuffer(1000);\n!         BufferedReader reader = new BufferedReader(new InputStreamReader(stream,\"utf-8\"));\n!         char[] buf = new char[1024];\n!         int numRead=0;\n!         while((numRead=reader.read(buf)) != -1){\n!             String readData = String.valueOf(buf, 0, numRead);\n!             fileData.append(readData);\n!             buf = new char[1024];\n!         }\n!         reader.close();\n!         return fileData.toString();\n!     }\n! }",
      "test_seed_coverage": [
        ">",
        ">",
        ">",
        ">",
        ">",
        ">",
        ">",
        ">",
        ">",
        ">",
        ">",
        ">",
        ">",
        ">",
        ">"
      ],
      "cumulative_coverage": [
        ">",
        ">",
        ">",
        ">",
        ">",
        ">",
        ">",
        ">",
        ">",
        ">",
        ">",
        ">",
        ">",
        ">",
        ">"
      ]
    },
    {
      "test_case": [
        "Test Case Input:\n-1\nTest Case Input:\n\"abc\"\nTest Case Input:\nnull\nTest Case Input:\n\"123abc\"\nTest Case Input:\nnew ByteArrayInputStream(\"test input\".getBytes())"
      ],
      "test_mutations": [
        "Test Case Input:\n-1\nTest Case Input:\n\"abc\"\nTest Case Input:\nnull\nTest Case Input:\n\"123abc\"\nTest Case Input:\nnew ByteArrayInputStream(\"test input\".getBytes())"
      ],
      "initial_code": "public class foo {\n  public static String writeToString(InputStream stream) throws java.io.IOException{\n        StringBuffer fileData = new StringBuffer(1000);\n        BufferedReader reader = new BufferedReader(new InputStreamReader(stream,\"utf-8\"));\n        char[] buf = new char[1024];\n        int numRead=0;\n        while((numRead=reader.read(buf)) != -1){\n            String readData = String.valueOf(buf, 0, numRead);\n            fileData.append(readData);\n            buf = new char[1024];\n        }\n        reader.close();\n        return fileData.toString();\n    }\n}",
      "covered_code": "PLAN for step-by-step execution of the given Java program and test case:\n1. Class Declaration: Class declaration statements are executed. The statement \"public class foo {\" is covered.\n2. Method Declaration: Method declarations are executed when called. The method \"public static String writeToString(InputStream stream) throws java.io.IOException{\" is covered.\n3. Variable Declaration and Initialization: The variable \"StringBuffer fileData = new StringBuffer(1000);\" is executed.\n4. BufferedReader Initialization: The statement \"BufferedReader reader = new BufferedReader(new InputStreamReader(stream,\"utf-8\"));\" is executed.\n5. Char Array Declaration: The statement \"char[] buf = new char[1024];\" is executed.\n6. Variable Initialization: The statement \"int numRead=0;\" is executed.\n7. While Loop Execution: The while loop \"while((numRead=reader.read(buf)) != -1){\" is executed when the input stream is valid.\n8. Loop Body Execution:\n   - The statement \"String readData = String.valueOf(buf, 0, numRead);\" is executed.\n   - The statement \"fileData.append(readData);\" is executed.\n   - The statement \"buf = new char[1024];\" is executed.\n9. Reader Close: The statement \"reader.close();\" is executed.\n10. Return Statement: The statement \"return fileData.toString();\" is executed.\n\nFinal code coverage of the Java program based on its test cases:\nFor each of the test cases, the method \"writeToString\" is called. Since the input stream handling is not clear without execution, I'll assume the valid input case for coverage prediction:\n\n> public class foo {\n>   public static String writeToString(InputStream stream) throws java.io.IOException{\n>         StringBuffer fileData = new StringBuffer(1000);\n>         BufferedReader reader = new BufferedReader(new InputStreamReader(stream,\"utf-8\"));\n>         char[] buf = new char[1024];\n>         int numRead=0;\n>         while((numRead=reader.read(buf)) != -1){\n>             String readData = String.valueOf(buf, 0, numRead);\n>             fileData.append(readData);\n>             buf = new char[1024];\n>         }\n>         reader.close();\n>         return fileData.toString();\n>     }\n> }",
      "test_seed_coverage": [
        ">",
        ">",
        ">",
        ">",
        ">",
        ">",
        ">",
        ">",
        ">",
        ">",
        ">",
        ">",
        ">",
        ">",
        ">"
      ],
      "cumulative_coverage": [
        ">",
        ">",
        ">",
        ">",
        ">",
        ">",
        ">",
        ">",
        ">",
        ">",
        ">",
        ">",
        ">",
        ">",
        ">"
      ]
    },
    {
      "test_case": [
        "Test Case Input:\n-1.5 / 0"
      ],
      "test_mutations": [
        "Test Case Input:\n-1.5 / 0"
      ],
      "initial_code": "public class foo {\n  public static String writeToString(InputStream stream) throws java.io.IOException{\n        StringBuffer fileData = new StringBuffer(1000);\n        BufferedReader reader = new BufferedReader(new InputStreamReader(stream,\"utf-8\"));\n        char[] buf = new char[1024];\n        int numRead=0;\n        while((numRead=reader.read(buf)) != -1){\n            String readData = String.valueOf(buf, 0, numRead);\n            fileData.append(readData);\n            buf = new char[1024];\n        }\n        reader.close();\n        return fileData.toString();\n    }\n}",
      "covered_code": "Plan for step-by-step execution of the given Java program and test case:\n\n1. Class Declaration: The class declaration statement \"public class foo {\" is executed and covered.\n2. Method Declaration: The method declaration \"public static String writeToString(InputStream stream) throws java.io.IOException{\" is executed and covered.\n3. Variable Initialization: The statement \"StringBuffer fileData = new StringBuffer(1000);\" initializes a StringBuffer object and is covered.\n4. BufferedReader Initialization: The statement \"BufferedReader reader = new BufferedReader(new InputStreamReader(stream, \"utf-8\"));\" initializes a BufferedReader object and is covered.\n5. Character Array Initialization: The statement \"char[] buf = new char[1024];\" initializes a character array and is covered.\n6. Variable Declaration: The statement \"int numRead=0;\" declares an integer variable and is covered.\n7. While Loop Execution: The while loop \"while((numRead=reader.read(buf)) != -1){\" is executed. However, since the input is '-1.5 / 0', the loop will not read any data as the InputStream is empty, so the loop body is not executed.\n8. While Loop Body: The statements inside the while loop (\"String readData = String.valueOf(buf, 0, numRead);\", \"fileData.append(readData);\", \"buf = new char[1024];\") are not executed because the loop condition is false.\n9. Close BufferedReader: The statement \"reader.close();\" is executed and covered.\n10. Return Statement: The return statement \"return fileData.toString();\" is executed and covered.\n11. Closing Brackets: The closing brackets for the method and class are executed and covered.\n\nFinal code coverage of the Java program based on its test case and execution plan is:\n\n> public class foo {\n>   public static String writeToString(InputStream stream) throws java.io.IOException{\n>         StringBuffer fileData = new StringBuffer(1000);\n>         BufferedReader reader = new BufferedReader(new InputStreamReader(stream,\"utf-8\"));\n>         char[] buf = new char[1024];\n>         int numRead=0;\n!         while((numRead=reader.read(buf)) != -1){\n!             String readData = String.valueOf(buf, 0, numRead);\n!             fileData.append(readData);\n!             buf = new char[1024];\n!         }\n>         reader.close();\n>         return fileData.toString();\n>     }\n> }",
      "test_seed_coverage": [
        ">",
        ">",
        ">",
        ">",
        ">",
        ">",
        ">",
        ">",
        ">",
        ">",
        ">",
        ">",
        ">",
        ">",
        ">"
      ],
      "cumulative_coverage": [
        ">",
        ">",
        ">",
        ">",
        ">",
        ">",
        ">",
        ">",
        ">",
        ">",
        ">",
        ">",
        ">",
        ">",
        ">"
      ]
    },
    {
      "test_case": [
        "Test Case Input:\n-1 / 0"
      ],
      "test_mutations": [
        "Test Case Input:\n-1 / 0"
      ],
      "initial_code": "public class foo {\n  public static String writeToString(InputStream stream) throws java.io.IOException{\n        StringBuffer fileData = new StringBuffer(1000);\n        BufferedReader reader = new BufferedReader(new InputStreamReader(stream,\"utf-8\"));\n        char[] buf = new char[1024];\n        int numRead=0;\n        while((numRead=reader.read(buf)) != -1){\n            String readData = String.valueOf(buf, 0, numRead);\n            fileData.append(readData);\n            buf = new char[1024];\n        }\n        reader.close();\n        return fileData.toString();\n    }\n}",
      "covered_code": "PLAN for step by step execution of the given java program and test case -\n\n1. Class Declaration: The class declaration statement \"public class foo {\" is executed.\n2. Method Declaration: The method declaration for \"public static String writeToString(InputStream stream) throws java.io.IOException{\" is executed.\n3. Variable Initialization: The statement \"StringBuffer fileData = new StringBuffer(1000);\" is executed to initialize the variable.\n4. BufferedReader Initialization: The statement \"BufferedReader reader = new BufferedReader(new InputStreamReader(stream, \"utf-8\"));\" is executed.\n5. Buffer Initialization: The statement \"char[] buf = new char[1024];\" is executed.\n6. Loop Execution: The while loop \"while((numRead=reader.read(buf)) != -1){\" is executed as it reads from the stream until EOF.\n7. Loop Contents: The contents inside the loop are executed:\n   - \"String readData = String.valueOf(buf, 0, numRead);\" is executed.\n   - \"fileData.append(readData);\" is executed.\n   - \"buf = new char[1024];\" is executed.\n8. Reader Close: After the loop, \"reader.close();\" is executed.\n9. Return Statement: The return statement \"return fileData.toString();\" is executed.\n10. Closing Brackets: All closing brackets are executed.\n\nFinal code coverage of the Java program based on the test case and given step-by-step reasoning for execution is:\n\n> public class foo {\n>   public static String writeToString(InputStream stream) throws java.io.IOException{\n>         StringBuffer fileData = new StringBuffer(1000);\n>         BufferedReader reader = new BufferedReader(new InputStreamReader(stream,\"utf-8\"));\n>         char[] buf = new char[1024];\n>         int numRead=0;\n>         while((numRead=reader.read(buf)) != -1){\n>             String readData = String.valueOf(buf, 0, numRead);\n>             fileData.append(readData);\n>             buf = new char[1024];\n>         }\n>         reader.close();\n>         return fileData.toString();\n>     }\n> }",
      "test_seed_coverage": [
        ">",
        ">",
        ">",
        ">",
        ">",
        ">",
        ">",
        ">",
        ">",
        ">",
        ">",
        ">",
        ">",
        ">",
        ">"
      ],
      "cumulative_coverage": [
        ">",
        ">",
        ">",
        ">",
        ">",
        ">",
        ">",
        ">",
        ">",
        ">",
        ">",
        ">",
        ">",
        ">",
        ">"
      ]
    },
    {
      "test_case": [
        "Test Case Input:\n10, \"abc\""
      ],
      "test_mutations": [
        "Test Case Input:\n10, \"abc\""
      ],
      "initial_code": "public class foo {\n  public static String writeToString(InputStream stream) throws java.io.IOException{\n        StringBuffer fileData = new StringBuffer(1000);\n        BufferedReader reader = new BufferedReader(new InputStreamReader(stream,\"utf-8\"));\n        char[] buf = new char[1024];\n        int numRead=0;\n        while((numRead=reader.read(buf)) != -1){\n            String readData = String.valueOf(buf, 0, numRead);\n            fileData.append(readData);\n            buf = new char[1024];\n        }\n        reader.close();\n        return fileData.toString();\n    }\n}",
      "covered_code": "PLAN for step by step execution of the given Java program and test case:\n1. Import statements: There are no import statements provided for the required classes (BufferedReader, InputStreamReader, InputStream, etc.), so any attempt to use these will result in a compilation error.\n2. foo Class Declaration: Class declaration statements are executed. Statement \"public class foo {\" is covered.\n3. writeToString Method Declaration: Method declarations are executed when called. Statement \"public static String writeToString(InputStream stream) throws java.io.IOException{\" is covered.\n4. Method Execution: Since the method writeToString is not directly called in the provided context, and there is a lack of context for execution, none of the statements inside the method are covered.\n5. Closing Brackets: Always covered.\n\nFinal code coverage of the Java program based on its test case and given step-by-step reasoning for execution is:\n```java\n> public class foo {\n>   public static String writeToString(InputStream stream) throws java.io.IOException{\n!         StringBuffer fileData = new StringBuffer(1000);\n!         BufferedReader reader = new BufferedReader(new InputStreamReader(stream,\"utf-8\"));\n!         char[] buf = new char[1024];\n!         int numRead=0;\n!         while((numRead=reader.read(buf)) != -1){\n!             String readData = String.valueOf(buf, 0, numRead);\n!             fileData.append(readData);\n!             buf = new char[1024];\n!         }\n!         reader.close();\n!         return fileData.toString();\n>     }\n> }\n```",
      "test_seed_coverage": [
        ">",
        ">",
        ">",
        ">",
        ">",
        ">",
        ">",
        ">",
        ">",
        ">",
        ">",
        ">",
        ">",
        ">",
        ">"
      ],
      "cumulative_coverage": [
        ">",
        ">",
        ">",
        ">",
        ">",
        ">",
        ">",
        ">",
        ">",
        ">",
        ">",
        ">",
        ">",
        ">",
        ">"
      ]
    },
    {
      "test_case": [
        "Test Case Input:\n-1, \"abc\""
      ],
      "test_mutations": [
        "Test Case Input:\n-1, \"abc\""
      ],
      "initial_code": "public class foo {\n  public static String writeToString(InputStream stream) throws java.io.IOException{\n        StringBuffer fileData = new StringBuffer(1000);\n        BufferedReader reader = new BufferedReader(new InputStreamReader(stream,\"utf-8\"));\n        char[] buf = new char[1024];\n        int numRead=0;\n        while((numRead=reader.read(buf)) != -1){\n            String readData = String.valueOf(buf, 0, numRead);\n            fileData.append(readData);\n            buf = new char[1024];\n        }\n        reader.close();\n        return fileData.toString();\n    }\n}",
      "covered_code": "**Plan for step-by-step execution of the given Java program and test case:**\n\n1. **Class Declaration:** Class declaration statements are executed. Statement \"public class foo {\" is covered.\n2. **writeToString Method Declaration:** Method declarations are executed when called. \"public static String writeToString(InputStream stream) throws java.io.IOException{\" is covered.\n3. **StringBuffer Initialization:** Statement \"StringBuffer fileData = new StringBuffer(1000);\" is executed when the method is called.\n4. **BufferedReader Initialization:** Statement \"BufferedReader reader = new BufferedReader(new InputStreamReader(stream,\"utf-8\"));\" is executed when the method is called.\n5. **Buffer Array Initialization:** Statement \"char[] buf = new char[1024];\" is executed when the method is called.\n6. **Variable Initialization:** Statement \"int numRead=0;\" is executed when the method is called.\n7. **While Loop Execution:** The while loop condition \"(numRead=reader.read(buf)) != -1\" is checked during execution.\n8. **Loop Contents:** Statements \"String readData = String.valueOf(buf, 0, numRead);\" and \"fileData.append(readData);\" are executed if the loop condition is true.\n9. **Buffer Reset:** Statement \"buf = new char[1024];\" is executed if the loop condition is true.\n10. **Reader Close:** Statement \"reader.close();\" is executed after the loop completes.\n11. **Return Statement:** Statement \"return fileData.toString();\" is executed after reader.close().\n12. **Closing Brackets:** Always covered.\n\n**Final code coverage of the Java program based on its test case and given step-by-step reasoning for execution is:**\n\n> public class foo {\n>   public static String writeToString(InputStream stream) throws java.io.IOException{\n>         StringBuffer fileData = new StringBuffer(1000);\n>         BufferedReader reader = new BufferedReader(new InputStreamReader(stream,\"utf-8\"));\n>         char[] buf = new char[1024];\n>         int numRead=0;\n!         while((numRead=reader.read(buf)) != -1){\n!             String readData = String.valueOf(buf, 0, numRead);\n!             fileData.append(readData);\n!             buf = new char[1024];\n>         }\n>         reader.close();\n>         return fileData.toString();\n>     }\n> }",
      "test_seed_coverage": [
        ">",
        ">",
        ">",
        ">",
        ">",
        ">",
        ">",
        ">",
        ">",
        ">",
        ">",
        ">",
        ">",
        ">",
        ">"
      ],
      "cumulative_coverage": [
        ">",
        ">",
        ">",
        ">",
        ">",
        ">",
        ">",
        ">",
        ">",
        ">",
        ">",
        ">",
        ">",
        ">",
        ">"
      ]
    },
    {
      "test_case": [
        "Test Case Input:\n-1, 0"
      ],
      "test_mutations": [
        "Test Case Input:\n-1, 0"
      ],
      "initial_code": "public class foo {\n  public static String writeToString(InputStream stream) throws java.io.IOException{\n        StringBuffer fileData = new StringBuffer(1000);\n        BufferedReader reader = new BufferedReader(new InputStreamReader(stream,\"utf-8\"));\n        char[] buf = new char[1024];\n        int numRead=0;\n        while((numRead=reader.read(buf)) != -1){\n            String readData = String.valueOf(buf, 0, numRead);\n            fileData.append(readData);\n            buf = new char[1024];\n        }\n        reader.close();\n        return fileData.toString();\n    }\n}",
      "covered_code": "PLAN for step-by-step execution of the given Java program and test case:\n\n1. Class Declaration: The class declaration statement \"public class foo {\" is executed and covered.\n\n2. Method Declaration: The method declaration \"public static String writeToString(InputStream stream) throws java.io.IOException{\" is executed when called, so it is covered.\n\n3. Buffer Initialization: Statements \"StringBuffer fileData = new StringBuffer(1000);\" and \"BufferedReader reader = new BufferedReader(new InputStreamReader(stream,\"utf-8\"));\" are executed and covered.\n\n4. Character Buffer Initialization: The statement \"char[] buf = new char[1024];\" is executed and covered.\n\n5. While Loop Execution: The while loop \"while((numRead=reader.read(buf)) != -1){\" is executed. Since the input stream is empty (as suggested by the test case input '-1, 0'), the condition is false, and the loop block is not executed. Therefore, the loop statement is covered, but its contents are not.\n\n6. Reader Closure: The statement \"reader.close();\" is executed and covered.\n\n7. Return Statement: The statement \"return fileData.toString();\" is executed and covered.\n\n8. Closing Brackets: Closing brackets are always covered.\n\nFinal predicted code coverage:\n\n> public class foo {\n>   public static String writeToString(InputStream stream) throws java.io.IOException{\n>         StringBuffer fileData = new StringBuffer(1000);\n>         BufferedReader reader = new BufferedReader(new InputStreamReader(stream,\"utf-8\"));\n>         char[] buf = new char[1024];\n>         int numRead=0;\n>         while((numRead=reader.read(buf)) != -1){\n!             String readData = String.valueOf(buf, 0, numRead);\n!             fileData.append(readData);\n!             buf = new char[1024];\n>         }\n>         reader.close();\n>         return fileData.toString();\n>     }\n> }",
      "test_seed_coverage": [
        ">",
        ">",
        ">",
        ">",
        ">",
        ">",
        ">",
        ">",
        ">",
        ">",
        ">",
        ">",
        ">",
        ">",
        ">"
      ],
      "cumulative_coverage": [
        ">",
        ">",
        ">",
        ">",
        ">",
        ">",
        ">",
        ">",
        ">",
        ">",
        ">",
        ">",
        ">",
        ">",
        ">"
      ]
    },
    {
      "test_case": [
        "Test Case Input:\n-1, 0, \"abc\""
      ],
      "test_mutations": [
        "Test Case Input:\n-1, 0, \"abc\""
      ],
      "initial_code": "public class foo {\n  public static String writeToString(InputStream stream) throws java.io.IOException{\n        StringBuffer fileData = new StringBuffer(1000);\n        BufferedReader reader = new BufferedReader(new InputStreamReader(stream,\"utf-8\"));\n        char[] buf = new char[1024];\n        int numRead=0;\n        while((numRead=reader.read(buf)) != -1){\n            String readData = String.valueOf(buf, 0, numRead);\n            fileData.append(readData);\n            buf = new char[1024];\n        }\n        reader.close();\n        return fileData.toString();\n    }\n}",
      "covered_code": "PLAN for step by step execution of the given Java program and test case:\n\n1. Class Declaration: The class `foo` declaration statement is executed. The statement \"public class foo {\" is covered.\n2. Method Declaration: The method `writeToString` is declared but not executed until called. The statement \"public static String writeToString(InputStream stream) throws java.io.IOException{\" is not covered yet.\n3. Execution Context: No method call is shown in the test case, so the `writeToString` method is not executed.\n4. Statements within Method: Since the method `writeToString` is not called, none of the statements inside this method are executed.\n5. Closing Brackets: Always covered.\n\nFinal code coverage of the Java program based on its test case and given step by step reasoning for execution is:\n\n```\n> public class foo {\n!   public static String writeToString(InputStream stream) throws java.io.IOException{\n!         StringBuffer fileData = new StringBuffer(1000);\n!         BufferedReader reader = new BufferedReader(new InputStreamReader(stream,\"utf-8\"));\n!         char[] buf = new char[1024];\n!         int numRead=0;\n!         while((numRead=reader.read(buf)) != -1){\n!             String readData = String.valueOf(buf, 0, numRead);\n!             fileData.append(readData);\n!             buf = new char[1024];\n!         }\n!         reader.close();\n!         return fileData.toString();\n>     }\n> }\n```",
      "test_seed_coverage": [
        ">",
        ">",
        ">",
        ">",
        ">",
        ">",
        ">",
        ">",
        ">",
        ">",
        ">",
        ">",
        ">",
        ">",
        ">"
      ],
      "cumulative_coverage": [
        ">",
        ">",
        ">",
        ">",
        ">",
        ">",
        ">",
        ">",
        ">",
        ">",
        ">",
        ">",
        ">",
        ">",
        ">"
      ]
    },
    {
      "test_case": [
        "Test Case Input:\n2, \"abc\""
      ],
      "test_mutations": [
        "Test Case Input:\n2, \"abc\""
      ],
      "initial_code": "public class foo {\n  public static String writeToString(InputStream stream) throws java.io.IOException{\n        StringBuffer fileData = new StringBuffer(1000);\n        BufferedReader reader = new BufferedReader(new InputStreamReader(stream,\"utf-8\"));\n        char[] buf = new char[1024];\n        int numRead=0;\n        while((numRead=reader.read(buf)) != -1){\n            String readData = String.valueOf(buf, 0, numRead);\n            fileData.append(readData);\n            buf = new char[1024];\n        }\n        reader.close();\n        return fileData.toString();\n    }\n}",
      "covered_code": "PLAN for step-by-step execution of the given Java program and test case:\n\n1. Class Declaration: The statement \"public class foo {\" is covered.\n2. Method Declaration: The statement \"public static String writeToString(InputStream stream) throws java.io.IOException{\" is covered.\n3. Variable Initialization: The statements \"StringBuffer fileData = new StringBuffer(1000);\" and \"BufferedReader reader = new BufferedReader(new InputStreamReader(stream,\\\"utf-8\\\"));\" are covered.\n4. InputStreamReader Initialization: Assuming the test case input stream is correctly set up, the statement \"BufferedReader reader = new BufferedReader(new InputStreamReader(stream,\\\"utf-8\\\"));\" is executed.\n5. Buffer Initialization: The statement \"char[] buf = new char[1024];\" is covered.\n6. Variable Initialization: The statement \"int numRead=0;\" is covered.\n7. While Loop: Assuming the input stream contains data, the statement \"while((numRead=reader.read(buf)) != -1){\" is covered.\n8. Inside While Loop: Statements \"String readData = String.valueOf(buf, 0, numRead);\" and \"fileData.append(readData);\" are covered.\n9. Loop Continuation: The statement \"buf = new char[1024];\" is covered.\n10. Reader Close: The statement \"reader.close();\" is executed after the loop.\n11. Return Statement: The statement \"return fileData.toString();\" is covered.\n12. Closing Brackets: Closing brackets are always covered.\n\nFinal code coverage of the Java program based on its test case and given step-by-step reasoning for execution is:\n\n```java\n> public class foo {\n>   public static String writeToString(InputStream stream) throws java.io.IOException{\n>         StringBuffer fileData = new StringBuffer(1000);\n>         BufferedReader reader = new BufferedReader(new InputStreamReader(stream,\"utf-8\"));\n>         char[] buf = new char[1024];\n>         int numRead=0;\n>         while((numRead=reader.read(buf)) != -1){\n>             String readData = String.valueOf(buf, 0, numRead);\n>             fileData.append(readData);\n>             buf = new char[1024];\n>         }\n>         reader.close();\n>         return fileData.toString();\n>     }\n> }\n```",
      "test_seed_coverage": [
        ">",
        ">",
        ">",
        ">",
        ">",
        ">",
        ">",
        ">",
        ">",
        ">",
        ">",
        ">",
        ">",
        ">",
        ">"
      ],
      "cumulative_coverage": [
        ">",
        ">",
        ">",
        ">",
        ">",
        ">",
        ">",
        ">",
        ">",
        ">",
        ">",
        ">",
        ">",
        ">",
        ">"
      ]
    },
    {
      "test_case": [
        "Test Case Input:\n10, -1"
      ],
      "test_mutations": [
        "Test Case Input:\n10, -1"
      ],
      "initial_code": "public class foo {\n  public static String writeToString(InputStream stream) throws java.io.IOException{\n        StringBuffer fileData = new StringBuffer(1000);\n        BufferedReader reader = new BufferedReader(new InputStreamReader(stream,\"utf-8\"));\n        char[] buf = new char[1024];\n        int numRead=0;\n        while((numRead=reader.read(buf)) != -1){\n            String readData = String.valueOf(buf, 0, numRead);\n            fileData.append(readData);\n            buf = new char[1024];\n        }\n        reader.close();\n        return fileData.toString();\n    }\n}",
      "covered_code": "PLAN for step by step execution of the given Java program and test case:\n\n1. Class Declaration and Method Declaration: The class `foo` and the method `writeToString` declarations are executed. Statements `public class foo {` and `public static String writeToString(InputStream stream) throws java.io.IOException {` are covered.\n\n2. StringBuffer Initialization: The `StringBuffer` named `fileData` is initialized with a capacity of 1000. Statement `StringBuffer fileData = new StringBuffer(1000);` is covered.\n\n3. BufferedReader Initialization: The `BufferedReader` named `reader` is initialized using `InputStreamReader` and the `stream` parameter with \"utf-8\" encoding. Statement `BufferedReader reader = new BufferedReader(new InputStreamReader(stream,\"utf-8\"));` is covered.\n\n4. Character Buffer Initialization: A character array `buf` of size 1024 is initialized. Statement `char[] buf = new char[1024];` is covered.\n\n5. While Loop Execution: The while loop condition `(numRead=reader.read(buf)) != -1` is evaluated, and if the condition is true, the loop block will be executed. Since the test case input is not executed in the code, assume the loop executes at least once. Statement `while((numRead=reader.read(buf)) != -1){` is covered.\n\n6. Inside While Loop: \n   - `numRead` characters are read into `buf`, and the string formed from `buf` is appended to `fileData`. Statements `String readData = String.valueOf(buf, 0, numRead);` and `fileData.append(readData);` are covered.\n   - `buf` is reinitialized to a new character array of size 1024 for the next read. Statement `buf = new char[1024];` is covered.\n\n7. BufferedReader Close: After exiting the loop, the `reader` is closed. Statement `reader.close();` is covered.\n\n8. Return Statement: The method returns the accumulated string from `fileData`. Statement `return fileData.toString();` is covered.\n\n9. Closing Brackets: Closing brackets are always covered for blocks that have been executed.\n\nFinal code coverage of the Java program based on its test case and given step-by-step reasoning for execution is:\n```\n> public class foo {\n>   public static String writeToString(InputStream stream) throws java.io.IOException{\n>         StringBuffer fileData = new StringBuffer(1000);\n>         BufferedReader reader = new BufferedReader(new InputStreamReader(stream,\"utf-8\"));\n>         char[] buf = new char[1024];\n>         int numRead=0;\n>         while((numRead=reader.read(buf)) != -1){\n>             String readData = String.valueOf(buf, 0, numRead);\n>             fileData.append(readData);\n>             buf = new char[1024];\n>         }\n>         reader.close();\n>         return fileData.toString();\n>     }\n> }\n```",
      "test_seed_coverage": [
        ">",
        ">",
        ">",
        ">",
        ">",
        ">",
        ">",
        ">",
        ">",
        ">",
        ">",
        ">",
        ">",
        ">",
        ">"
      ],
      "cumulative_coverage": [
        ">",
        ">",
        ">",
        ">",
        ">",
        ">",
        ">",
        ">",
        ">",
        ">",
        ">",
        ">",
        ">",
        ">",
        ">"
      ]
    },
    {
      "test_case": [
        "Test Case Input:\n10, null"
      ],
      "test_mutations": [
        "Test Case Input:\n10, null"
      ],
      "initial_code": "public class foo {\n  public static String writeToString(InputStream stream) throws java.io.IOException{\n        StringBuffer fileData = new StringBuffer(1000);\n        BufferedReader reader = new BufferedReader(new InputStreamReader(stream,\"utf-8\"));\n        char[] buf = new char[1024];\n        int numRead=0;\n        while((numRead=reader.read(buf)) != -1){\n            String readData = String.valueOf(buf, 0, numRead);\n            fileData.append(readData);\n            buf = new char[1024];\n        }\n        reader.close();\n        return fileData.toString();\n    }\n}",
      "covered_code": "PLAN for step-by-step execution of the given Java program and test case:\n\n1. Class Declaration: The class declaration statement \"public class foo {\" is executed.\n2. Method Declaration: The method declaration \"public static String writeToString(InputStream stream) throws java.io.IOException{\" is executed.\n3. StringBuffer Initialization: The statement \"StringBuffer fileData = new StringBuffer(1000);\" is executed.\n4. BufferedReader Initialization: The statement \"BufferedReader reader = new BufferedReader(new InputStreamReader(stream, \"utf-8\"));\" is executed.\n5. Character Buffer Initialization: The statement \"char[] buf = new char[1024];\" is executed.\n6. Integer Initialization: The statement \"int numRead=0;\" is executed.\n7. While Loop Execution: Since the stream is null, the statement \"(numRead=reader.read(buf)) != -1\" will throw a NullPointerException, and thus the loop and its contents are not executed.\n8. Reader Close: The statement \"reader.close();\" is not executed due to the exception.\n9. Return Statement: The statement \"return fileData.toString();\" is not executed due to the exception.\n10. Closing Brackets: Closing brackets are always covered.\n\nFinal code coverage of the Java program based on its test case and given step-by-step reasoning for execution is:\n\n> public class foo {\n>   public static String writeToString(InputStream stream) throws java.io.IOException{\n>         StringBuffer fileData = new StringBuffer(1000);\n>         BufferedReader reader = new BufferedReader(new InputStreamReader(stream,\"utf-8\"));\n>         char[] buf = new char[1024];\n>         int numRead=0;\n!         while((numRead=reader.read(buf)) != -1){\n!             String readData = String.valueOf(buf, 0, numRead);\n!             fileData.append(readData);\n!             buf = new char[1024];\n!         }\n!         reader.close();\n!         return fileData.toString();\n>     }\n> }",
      "test_seed_coverage": [
        ">",
        ">",
        ">",
        ">",
        ">",
        ">",
        ">",
        ">",
        ">",
        ">",
        ">",
        ">",
        ">",
        ">",
        ">"
      ],
      "cumulative_coverage": [
        ">",
        ">",
        ">",
        ">",
        ">",
        ">",
        ">",
        ">",
        ">",
        ">",
        ">",
        ">",
        ">",
        ">",
        ">"
      ]
    },
    {
      "test_case": [
        "Test Case Input:\nnew ByteArrayInputStream(null)"
      ],
      "test_mutations": [
        "Test Case Input:\nnew ByteArrayInputStream(null)"
      ],
      "initial_code": "public class foo {\n  public static String writeToString(InputStream stream) throws java.io.IOException{\n        StringBuffer fileData = new StringBuffer(1000);\n        BufferedReader reader = new BufferedReader(new InputStreamReader(stream,\"utf-8\"));\n        char[] buf = new char[1024];\n        int numRead=0;\n        while((numRead=reader.read(buf)) != -1){\n            String readData = String.valueOf(buf, 0, numRead);\n            fileData.append(readData);\n            buf = new char[1024];\n        }\n        reader.close();\n        return fileData.toString();\n    }\n}",
      "covered_code": "PLAN for step-by-step execution:\n\n1. Class Declaration: The class `foo` is declared. The statement `public class foo {` is covered.\n2. Method Declaration: The method `writeToString` is declared but not executed until called. The statement `public static String writeToString(InputStream stream) throws java.io.IOException{` is covered once the method is called.\n3. Variable Declarations: Variable declarations inside the method are covered when the method is executed.\n4. BufferedReader Initialization: The initialization of `BufferedReader` is covered.\n5. While Loop Execution: The while loop condition `(numRead=reader.read(buf)) != -1` is executed. If the stream is null or empty, this condition will not be satisfied, and the loop body will not execute.\n6. Reader Close: The statement `reader.close();` is executed, ensuring the reader is closed.\n7. Return Statement: The return statement `return fileData.toString();` is executed, returning the accumulated string (possibly empty if no data was read).\n8. Closing Brackets: Closing brackets are always covered.\n\nFinal predicted code coverage:\n\n```java\n> public class foo {\n>   public static String writeToString(InputStream stream) throws java.io.IOException{\n>         StringBuffer fileData = new StringBuffer(1000);\n>         BufferedReader reader = new BufferedReader(new InputStreamReader(stream,\"utf-8\"));\n>         char[] buf = new char[1024];\n>         int numRead=0;\n!         while((numRead=reader.read(buf)) != -1){\n!             String readData = String.valueOf(buf, 0, numRead);\n!             fileData.append(readData);\n!             buf = new char[1024];\n!         }\n>         reader.close();\n>         return fileData.toString();\n>     }\n> }\n```",
      "test_seed_coverage": [
        ">",
        ">",
        ">",
        ">",
        ">",
        ">",
        ">",
        ">",
        ">",
        ">",
        ">",
        ">",
        ">",
        ">",
        ">"
      ],
      "cumulative_coverage": [
        ">",
        ">",
        ">",
        ">",
        ">",
        ">",
        ">",
        ">",
        ">",
        ">",
        ">",
        ">",
        ">",
        ">",
        ">"
      ]
    },
    {
      "test_case": [
        "Test Case Input:\n10, 0"
      ],
      "test_mutations": [
        "Test Case Input:\n10, 0"
      ],
      "initial_code": "public class foo {\n  public static String writeToString(InputStream stream) throws java.io.IOException{\n        StringBuffer fileData = new StringBuffer(1000);\n        BufferedReader reader = new BufferedReader(new InputStreamReader(stream,\"utf-8\"));\n        char[] buf = new char[1024];\n        int numRead=0;\n        while((numRead=reader.read(buf)) != -1){\n            String readData = String.valueOf(buf, 0, numRead);\n            fileData.append(readData);\n            buf = new char[1024];\n        }\n        reader.close();\n        return fileData.toString();\n    }\n}",
      "covered_code": "PLAN for step by step execution of the given Java program and test case:\n\n1. Class Declaration: The class declaration statement \"public class foo {\" is executed and covered.\n\n2. Method Declaration: The method declaration \"public static String writeToString(InputStream stream) throws java.io.IOException{\" is executed when called, so it is covered when this method is invoked.\n\n3. Initialization of StringBuffer: The statement \"StringBuffer fileData = new StringBuffer(1000);\" is executed and covered.\n\n4. BufferedReader Initialization: The statement \"BufferedReader reader = new BufferedReader(new InputStreamReader(stream, 'utf-8'));\" is executed and covered.\n\n5. Initialization of char array: The statement \"char[] buf = new char[1024];\" is executed and covered.\n\n6. Initialization of numRead: The statement \"int numRead=0;\" is executed and covered.\n\n7. While Loop Execution: The while loop condition \"(numRead=reader.read(buf)) != -1\" is checked. Based on the given input, the loop will not execute, as the input stream contains \"10, 0\", which does not constitute valid content for reading into a buffer. Therefore, the loop body is not executed, and the condition is not covered.\n\n8. Reader Close: Since the code after the loop is executed regardless of the loop iteration, the statement \"reader.close();\" is executed and covered.\n\n9. Return Statement: The return statement \"return fileData.toString();\" is executed and covered.\n\n10. Closing Brackets: The closing brackets \"}\" are always executed and covered.\n\nFinal code coverage of the Java program based on its test case and given step by step reasoning for execution is:\n\n> public class foo {\n>   public static String writeToString(InputStream stream) throws java.io.IOException{\n>         StringBuffer fileData = new StringBuffer(1000);\n>         BufferedReader reader = new BufferedReader(new InputStreamReader(stream,\"utf-8\"));\n>         char[] buf = new char[1024];\n>         int numRead=0;\n!         while((numRead=reader.read(buf)) != -1){\n!             String readData = String.valueOf(buf, 0, numRead);\n!             fileData.append(readData);\n!             buf = new char[1024];\n!         }\n>         reader.close();\n>         return fileData.toString();\n>     }\n> }",
      "test_seed_coverage": [
        ">",
        ">",
        ">",
        ">",
        ">",
        ">",
        ">",
        ">",
        ">",
        ">",
        ">",
        ">",
        ">",
        ">",
        ">"
      ],
      "cumulative_coverage": [
        ">",
        ">",
        ">",
        ">",
        ">",
        ">",
        ">",
        ">",
        ">",
        ">",
        ">",
        ">",
        ">",
        ">",
        ">"
      ]
    },
    {
      "test_case": [
        "Test Case Input:\n10, / 0"
      ],
      "test_mutations": [
        "Test Case Input:\n10, / 0"
      ],
      "initial_code": "public class foo {\n  public static String writeToString(InputStream stream) throws java.io.IOException{\n        StringBuffer fileData = new StringBuffer(1000);\n        BufferedReader reader = new BufferedReader(new InputStreamReader(stream,\"utf-8\"));\n        char[] buf = new char[1024];\n        int numRead=0;\n        while((numRead=reader.read(buf)) != -1){\n            String readData = String.valueOf(buf, 0, numRead);\n            fileData.append(readData);\n            buf = new char[1024];\n        }\n        reader.close();\n        return fileData.toString();\n    }\n}",
      "covered_code": "PLAN for step by step execution of the given Java program and test case:\n\n1. Class Declaration: The class `foo` is declared. Statement `public class foo {` is always covered.\n\n2. Method Declaration: The method `writeToString` is declared. Statement `public static String writeToString(InputStream stream) throws java.io.IOException {` is covered when the method is called.\n\n3. Initializations and Reader Setup: The `StringBuffer` and `BufferedReader` are initialized. Statements `StringBuffer fileData = new StringBuffer(1000);` and `BufferedReader reader = new BufferedReader(new InputStreamReader(stream,\"utf-8\"));` are covered when the method is executed.\n\n4. Buffer Setup: The character array `buf` is initialized. Statement `char[] buf = new char[1024];` is covered.\n\n5. Loop Execution: The `while` loop is executed if the condition `(numRead=reader.read(buf)) != -1` is true. This loop will execute as long as the stream has data to read.\n\n6. Loop Contents: Inside the loop, `readData` is created, and `fileData` is appended. Statements `String readData = String.valueOf(buf, 0, numRead);` and `fileData.append(readData);` are covered as long as the loop executes.\n\n7. Buffer Reset: The buffer is reset within the loop. Statement `buf = new char[1024];` is covered with each loop iteration.\n\n8. Reader Close: The reader is closed after the loop finishes. Statement `reader.close();` is covered once the loop exits.\n\n9. Return Statement: The method returns the string representation of `fileData`. Statement `return fileData.toString();` is covered after the loop concludes and the reader is closed.\n\n10. Closing Brackets: The closing brackets of the class and method are always covered.\n\nFinal code coverage of the Java program based on its test case and given step by step reasoning for execution is:\n\n```\n> public class foo {\n>   public static String writeToString(InputStream stream) throws java.io.IOException{\n>         StringBuffer fileData = new StringBuffer(1000);\n>         BufferedReader reader = new BufferedReader(new InputStreamReader(stream,\"utf-8\"));\n>         char[] buf = new char[1024];\n>         int numRead=0;\n>         while((numRead=reader.read(buf)) != -1){\n>             String readData = String.valueOf(buf, 0, numRead);\n>             fileData.append(readData);\n>             buf = new char[1024];\n>         }\n>         reader.close();\n>         return fileData.toString();\n>     }\n> }\n```",
      "test_seed_coverage": [
        ">",
        ">",
        ">",
        ">",
        ">",
        ">",
        ">",
        ">",
        ">",
        ">",
        ">",
        ">",
        ">",
        ">",
        ">"
      ],
      "cumulative_coverage": [
        ">",
        ">",
        ">",
        ">",
        ">",
        ">",
        ">",
        ">",
        ">",
        ">",
        ">",
        ">",
        ">",
        ">",
        ">"
      ]
    }
  ]
}