{
  "submission_id": "65744",
  "cycles": [
    {
      "test_case": [
        "Test Case Input:\nnew File(\"input.txt\"), new File(\"output.txt\")"
      ],
      "test_mutations": [
        "Test Case Input:\nnew File(\"input.txt\"), new File(\"output.txt\")"
      ],
      "initial_code": "public class foo {\npublic static void copyFile(File sourceFile, File destFile) {\nFileChannel source = null;\nFileChannel destination = null;\n    try {\n        if (!destFile.exists()) {\n            destFile.createNewFile();\n        }\n    source = new FileInputStream(sourceFile).getChannel();\n    destination = new FileOutputStream(destFile).getChannel();\n    destination.transferFrom(source, 0, source.size());\n    } catch (Exception e) {\n        /* handle exception... */\n    } finally {\n    try {\n            if (source != null) {\n                source.close();\n            }\n            if (destination != null) {\n                destination.close();\n            }\n        } catch (Exception e) {\n            /* handle exception... */\n        }\n    }\n}\n}",
      "covered_code": "PLAN for step by step execution of the given Java program and test case:\n\n1. Class Declaration: The class `foo` is declared. This is covered.\n\n2. Method Declaration: The method `copyFile` is declared but not executed until called. This is covered.\n\n3. try Block: The try block starts and checks if the destination file exists. Since this is the first operation in the try block, it is covered.\n\n4. File Existence Check: The statement `if (!destFile.exists())` is executed, checking if the destination file exists. This is covered.\n\n5. File Creation: If the destination file does not exist, `destFile.createNewFile()` is executed. This is covered.\n\n6. File Channels: The source and destination channels are created using `FileInputStream` and `FileOutputStream`. These are covered.\n\n7. File Transfer: The file transfer operation `destination.transferFrom(source, 0, source.size())` is executed. This is covered.\n\n8. catch Block: The catch block is not executed since no exception is raised during the file operations.\n\n9. finally Block: The finally block is executed to close the source and destination channels. This is covered.\n\n10. Closing Channels: Both `source.close()` and `destination.close()` are executed if the channels are not null. These are covered.\n\n11. catch Block in finally: The inner catch block for handling exceptions during the closing of channels is not executed since no exception is raised.\n\nFinal code coverage of the Java program based on its test case and step-by-step execution:\n\n> public class foo {\n> public static void copyFile(File sourceFile, File destFile) {\n> FileChannel source = null;\n> FileChannel destination = null;\n>     try {\n>         if (!destFile.exists()) {\n>             destFile.createNewFile();\n>         }\n>     source = new FileInputStream(sourceFile).getChannel();\n>     destination = new FileOutputStream(destFile).getChannel();\n>     destination.transferFrom(source, 0, source.size());\n!     } catch (Exception e) {\n!         /* handle exception... */\n>     } finally {\n>     try {\n>             if (source != null) {\n>                 source.close();\n>             }\n>             if (destination != null) {\n>                 destination.close();\n>             }\n!         } catch (Exception e) {\n!             /* handle exception... */\n>         }\n>     }\n> }\n> }",
      "test_seed_coverage": [
        ">",
        ">",
        ">",
        ">",
        ">",
        ">",
        ">",
        ">",
        ">",
        ">",
        ">",
        "!",
        "!",
        ">",
        ">",
        ">",
        ">",
        ">",
        ">",
        ">",
        ">",
        "!",
        "!",
        ">",
        ">",
        ">",
        ">"
      ],
      "cumulative_coverage": [
        ">",
        ">",
        ">",
        ">",
        ">",
        ">",
        ">",
        ">",
        ">",
        ">",
        ">",
        "!",
        "!",
        ">",
        ">",
        ">",
        ">",
        ">",
        ">",
        ">",
        ">",
        "!",
        "!",
        ">",
        ">",
        ">",
        ">"
      ]
    },
    {
      "test_case": [
        "Test Case Input:\n\"10\", 5"
      ],
      "test_mutations": [
        "Test Case Input:\n\"10\", 5"
      ],
      "initial_code": "public class foo {\npublic static void copyFile(File sourceFile, File destFile) {\nFileChannel source = null;\nFileChannel destination = null;\n    try {\n        if (!destFile.exists()) {\n            destFile.createNewFile();\n        }\n    source = new FileInputStream(sourceFile).getChannel();\n    destination = new FileOutputStream(destFile).getChannel();\n    destination.transferFrom(source, 0, source.size());\n    } catch (Exception e) {\n        /* handle exception... */\n    } finally {\n    try {\n            if (source != null) {\n                source.close();\n            }\n            if (destination != null) {\n                destination.close();\n            }\n        } catch (Exception e) {\n            /* handle exception... */\n        }\n    }\n}\n}",
      "covered_code": "PLAN for step by step execution of the given Java program and test case:\n\n1. Class Declaration: The class declaration statement \"public class foo\" is executed and covered.\n\n2. Method Declaration: The method \"public static void copyFile(File sourceFile, File destFile)\" is declared but not executed directly as there is no main method or any method call in the provided code snippet. So, this line is covered as part of the structure but not actually executed.\n\n3. Variable Declarations: The statements \"FileChannel source = null;\" and \"FileChannel destination = null;\" are not executed as the method is not called, so these lines are not covered.\n\n4. Try Block: The entire try block is not executed since the method is not invoked. Therefore, statements within the try block are not covered.\n\n5. If Condition: The if condition \"if (!destFile.exists())\" is not executed because the method is not called, so this line is not covered.\n\n6. File Creation: The line \"destFile.createNewFile();\" is not executed because the method is not called, so this line is not covered.\n\n7. Channel Initialization: The lines for initializing source and destination channels are not executed because the method is not called, so these lines are not covered.\n\n8. Transfer Data: The line \"destination.transferFrom(source, 0, source.size());\" is not executed because the method is not called, so this line is not covered.\n\n9. Catch Block: The catch block \"catch (Exception e)\" is not executed because no exceptions are caught as the method is not called, so this block is not covered.\n\n10. Finally Block: The finally block is not executed because the method is not called, so statements within this block are not covered.\n\n11. Closing Channels: The lines for closing source and destination channels are not executed because the method is not called, so these lines are not covered.\n\n12. Second Catch Block: The second catch block \"catch (Exception e)\" is not executed because no exceptions are caught as the method is not called, so this block is not covered.\n\n13. Closing Brackets: Closing brackets are part of the structure and are not executed in the context of this question, but structurally they are included in the code.\n\nFinal code coverage of the Java program based on its test case and given step-by-step reasoning for execution is:\n\n```\n> public class foo {\n! public static void copyFile(File sourceFile, File destFile) {\n! FileChannel source = null;\n! FileChannel destination = null;\n!     try {\n!         if (!destFile.exists()) {\n!             destFile.createNewFile();\n!         }\n!     source = new FileInputStream(sourceFile).getChannel();\n!     destination = new FileOutputStream(destFile).getChannel();\n!     destination.transferFrom(source, 0, source.size());\n!     } catch (Exception e) {\n!         /* handle exception... */\n!     } finally {\n!     try {\n!             if (source != null) {\n!                 source.close();\n!             }\n!             if (destination != null) {\n!                 destination.close();\n!             }\n!         } catch (Exception e) {\n!             /* handle exception... */\n!         }\n!     }\n! }\n! }\n```",
      "test_seed_coverage": [
        ">",
        ">",
        ">",
        ">",
        ">",
        ">",
        ">",
        ">",
        ">",
        ">",
        ">",
        "!",
        "!",
        ">",
        ">",
        ">",
        ">",
        ">",
        ">",
        ">",
        ">",
        "!",
        "!",
        ">",
        ">",
        ">",
        ">"
      ],
      "cumulative_coverage": [
        ">",
        ">",
        ">",
        ">",
        ">",
        ">",
        ">",
        ">",
        ">",
        ">",
        ">",
        "!",
        "!",
        ">",
        ">",
        ">",
        ">",
        ">",
        ">",
        ">",
        ">",
        "!",
        "!",
        ">",
        ">",
        ">",
        ">"
      ]
    },
    {
      "test_case": [
        "Test Case Input:\nnew File(\"test.txt\"), new File(\"output.txt\")"
      ],
      "test_mutations": [
        "Test Case Input:\nnew File(\"test.txt\"), new File(\"output.txt\")"
      ],
      "initial_code": "public class foo {\npublic static void copyFile(File sourceFile, File destFile) {\nFileChannel source = null;\nFileChannel destination = null;\n    try {\n        if (!destFile.exists()) {\n            destFile.createNewFile();\n        }\n    source = new FileInputStream(sourceFile).getChannel();\n    destination = new FileOutputStream(destFile).getChannel();\n    destination.transferFrom(source, 0, source.size());\n    } catch (Exception e) {\n        /* handle exception... */\n    } finally {\n    try {\n            if (source != null) {\n                source.close();\n            }\n            if (destination != null) {\n                destination.close();\n            }\n        } catch (Exception e) {\n            /* handle exception... */\n        }\n    }\n}\n}",
      "covered_code": "PLAN for step by step execution of the given Java program and test case:\n\n1. Class Declaration: Class declaration statement \"public class foo {\" is executed.\n2. Method Declaration: Method declaration \"public static void copyFile(File sourceFile, File destFile) {\" is executed when called.\n3. Variable Declaration: Variable declarations \"FileChannel source = null;\" and \"FileChannel destination = null;\" are executed.\n4. Try Block: The try block is entered, and the statement \"try {\" is executed.\n5. Check if destination file exists: Statement \"if (!destFile.exists()) {\" is executed. Assuming the file does not exist, the statement \"destFile.createNewFile();\" is executed.\n6. File Channels: Statements \"source = new FileInputStream(sourceFile).getChannel();\" and \"destination = new FileOutputStream(destFile).getChannel();\" are executed.\n7. Transfer Data: Statement \"destination.transferFrom(source, 0, source.size());\" is executed.\n8. Exception Handling: The catch block is not executed since no exception occurs.\n9. Finally Block: The finally block is entered, and the statement \"finally {\" is executed.\n10. Close Source Channel: Statement \"if (source != null) {\" is executed, and statement \"source.close();\" is executed.\n11. Close Destination Channel: Statement \"if (destination != null) {\" is executed, and statement \"destination.close();\" is executed.\n12. Exception Handling in Finally: The catch block within finally is not executed since no exception occurs during the close operations.\n13. Closing Brackets: Closing brackets are executed.\n\nFinal predicted code coverage for the Java program:\n> public class foo {\n> public static void copyFile(File sourceFile, File destFile) {\n> FileChannel source = null;\n> FileChannel destination = null;\n>     try {\n>         if (!destFile.exists()) {\n>             destFile.createNewFile();\n>         }\n>     source = new FileInputStream(sourceFile).getChannel();\n>     destination = new FileOutputStream(destFile).getChannel();\n>     destination.transferFrom(source, 0, source.size());\n!     } catch (Exception e) {\n!         /* handle exception... */\n>     } finally {\n>     try {\n>             if (source != null) {\n>                 source.close();\n>             }\n>             if (destination != null) {\n>                 destination.close();\n>             }\n!         } catch (Exception e) {\n!             /* handle exception... */\n>         }\n>     }\n> }\n>}",
      "test_seed_coverage": [
        ">",
        ">",
        ">",
        ">",
        ">",
        ">",
        ">",
        ">",
        ">",
        ">",
        ">",
        "!",
        "!",
        ">",
        ">",
        ">",
        ">",
        ">",
        ">",
        ">",
        ">",
        "!",
        "!",
        ">",
        ">",
        ">",
        ">"
      ],
      "cumulative_coverage": [
        ">",
        ">",
        ">",
        ">",
        ">",
        ">",
        ">",
        ">",
        ">",
        ">",
        ">",
        "!",
        "!",
        ">",
        ">",
        ">",
        ">",
        ">",
        ">",
        ">",
        ">",
        "!",
        "!",
        ">",
        ">",
        ">",
        ">"
      ]
    },
    {
      "test_case": [
        "Test Case Input:\nnew File(\"input.txt\"), new File(\"nonexistent/output.txt\")"
      ],
      "test_mutations": [
        "Test Case Input:\nnew File(\"input.txt\"), new File(\"nonexistent/output.txt\")"
      ],
      "initial_code": "public class foo {\npublic static void copyFile(File sourceFile, File destFile) {\nFileChannel source = null;\nFileChannel destination = null;\n    try {\n        if (!destFile.exists()) {\n            destFile.createNewFile();\n        }\n    source = new FileInputStream(sourceFile).getChannel();\n    destination = new FileOutputStream(destFile).getChannel();\n    destination.transferFrom(source, 0, source.size());\n    } catch (Exception e) {\n        /* handle exception... */\n    } finally {\n    try {\n            if (source != null) {\n                source.close();\n            }\n            if (destination != null) {\n                destination.close();\n            }\n        } catch (Exception e) {\n            /* handle exception... */\n        }\n    }\n}\n}",
      "covered_code": "PLAN for step-by-step execution of the given Java program and test case:\n\n1. Class Declaration: Class declaration statements are executed. The statement \"public class foo {\" is covered.\n2. Method Declaration: Method declarations are executed when called. The statement \"public static void copyFile(File sourceFile, File destFile) {\" is covered.\n3. Variable Declaration and Initialization: Variable declarations for \"FileChannel source = null;\" and \"FileChannel destination = null;\" are covered.\n4. Try Block Execution: The try block is executed as there is no exception at the beginning. The statement \"try {\" is covered.\n5. Destination File Check: The statement \"if (!destFile.exists()) {\" is covered. Since \"destFile\" is \"nonexistent/output.txt\", the condition is true.\n6. Destination File Creation: The statement \"destFile.createNewFile();\" is covered as the destination file does not exist.\n7. Source File Channel Initialization: The statement \"source = new FileInputStream(sourceFile).getChannel();\" is covered. \"sourceFile\" is \"input.txt\".\n8. Destination File Channel Initialization: The statement \"destination = new FileOutputStream(destFile).getChannel();\" is covered.\n9. File Transfer: The statement \"destination.transferFrom(source, 0, source.size());\" is covered.\n10. Catch Block: The catch block \"catch (Exception e) {\" is not executed since no exception occurs during the try block execution.\n11. Finally Block Execution: The finally block \"finally {\" is always executed.\n12. Source Channel Closure: The statement \"if (source != null) {\" is covered, and \"source.close();\" is executed to close the source channel.\n13. Destination Channel Closure: The statement \"if (destination != null) {\" is covered, and \"destination.close();\" is executed to close the destination channel.\n14. Catch Block in Finally: The catch block \"catch (Exception e) {\" in the finally block is not executed since no exception occurs during channel closure.\n15. Closing Brackets: Always covered.\n\nFinal code coverage of the Java program based on its test case and given step-by-step reasoning for execution is:\n\n```\n> public class foo {\n> public static void copyFile(File sourceFile, File destFile) {\n> FileChannel source = null;\n> FileChannel destination = null;\n>     try {\n>         if (!destFile.exists()) {\n>             destFile.createNewFile();\n>         }\n>     source = new FileInputStream(sourceFile).getChannel();\n>     destination = new FileOutputStream(destFile).getChannel();\n>     destination.transferFrom(source, 0, source.size());\n!     } catch (Exception e) {\n!         /* handle exception... */\n>     } finally {\n>     try {\n>             if (source != null) {\n>                 source.close();\n>             }\n>             if (destination != null) {\n>                 destination.close();\n>             }\n!         } catch (Exception e) {\n!             /* handle exception... */\n>         }\n>     }\n> }\n> }\n```",
      "test_seed_coverage": [
        ">",
        ">",
        ">",
        ">",
        ">",
        ">",
        ">",
        ">",
        ">",
        ">",
        ">",
        "!",
        "!",
        ">",
        ">",
        ">",
        ">",
        ">",
        ">",
        ">",
        ">",
        "!",
        "!",
        ">",
        ">",
        ">",
        ">"
      ],
      "cumulative_coverage": [
        ">",
        ">",
        ">",
        ">",
        ">",
        ">",
        ">",
        ">",
        ">",
        ">",
        ">",
        "!",
        "!",
        ">",
        ">",
        ">",
        ">",
        ">",
        ">",
        ">",
        ">",
        "!",
        "!",
        ">",
        ">",
        ">",
        ">"
      ]
    },
    {
      "test_case": [
        "Test Case Input:\nnew File(\"input.txt\"), new File(\"existing/output.txt\")"
      ],
      "test_mutations": [
        "Test Case Input:\nnew File(\"input.txt\"), new File(\"existing/output.txt\")"
      ],
      "initial_code": "public class foo {\npublic static void copyFile(File sourceFile, File destFile) {\nFileChannel source = null;\nFileChannel destination = null;\n    try {\n        if (!destFile.exists()) {\n            destFile.createNewFile();\n        }\n    source = new FileInputStream(sourceFile).getChannel();\n    destination = new FileOutputStream(destFile).getChannel();\n    destination.transferFrom(source, 0, source.size());\n    } catch (Exception e) {\n        /* handle exception... */\n    } finally {\n    try {\n            if (source != null) {\n                source.close();\n            }\n            if (destination != null) {\n                destination.close();\n            }\n        } catch (Exception e) {\n            /* handle exception... */\n        }\n    }\n}\n}",
      "covered_code": "Plan for step by step execution of the given Java program and test case:\n\n1. Class Declaration: Class declaration statements are executed. Statement \"public class foo {\" is covered.\n2. Method Declaration: Method declarations are executed when called. \"public static void copyFile(File sourceFile, File destFile) {\" is covered.\n3. Variables Declaration: Declaration of variables \"FileChannel source = null;\" and \"FileChannel destination = null;\" are covered.\n4. Try Block: The try block is executed.\n5. If Condition: The if condition checks whether destFile exists. Since \"existing/output.txt\" already exists, the condition is false, and \"destFile.createNewFile();\" is not executed.\n6. FileChannel Operations: The source and destination channels are created, and \"destination.transferFrom(source, 0, source.size());\" is executed.\n7. Catch Block: The catch block is not executed since no exception is raised.\n8. Finally Block: The finally block is executed.\n9. Closing Channels: The conditions \"if (source != null)\" and \"if (destination != null)\" are both true, so the channels are closed.\n10. Closing Brackets: Always covered.\n\nFinal code coverage of the Java program based on its test case and given step by step reasoning for execution is:\n\n> public class foo {\n> public static void copyFile(File sourceFile, File destFile) {\n> FileChannel source = null;\n> FileChannel destination = null;\n>     try {\n!         if (!destFile.exists()) {\n!             destFile.createNewFile();\n>         }\n>     source = new FileInputStream(sourceFile).getChannel();\n>     destination = new FileOutputStream(destFile).getChannel();\n>     destination.transferFrom(source, 0, source.size());\n>     } catch (Exception e) {\n!         /* handle exception... */\n>     } finally {\n>     try {\n>             if (source != null) {\n>                 source.close();\n>             }\n>             if (destination != null) {\n>                 destination.close();\n>             }\n>         } catch (Exception e) {\n!             /* handle exception... */\n>         }\n>     }\n> }\n> }",
      "test_seed_coverage": [
        ">",
        ">",
        ">",
        ">",
        ">",
        ">",
        ">",
        ">",
        ">",
        ">",
        ">",
        ">",
        "!",
        ">",
        ">",
        ">",
        ">",
        ">",
        ">",
        ">",
        ">",
        ">",
        "!",
        ">",
        ">",
        ">",
        ">"
      ],
      "cumulative_coverage": [
        ">",
        ">",
        ">",
        ">",
        ">",
        ">",
        ">",
        ">",
        ">",
        ">",
        ">",
        ">",
        "!",
        ">",
        ">",
        ">",
        ">",
        ">",
        ">",
        ">",
        ">",
        ">",
        "!",
        ">",
        ">",
        ">",
        ">"
      ]
    },
    {
      "test_case": [
        "Test Case Input:\n\"abc\", 5"
      ],
      "test_mutations": [
        "Test Case Input:\n\"abc\", 5"
      ],
      "initial_code": "public class foo {\npublic static void copyFile(File sourceFile, File destFile) {\nFileChannel source = null;\nFileChannel destination = null;\n    try {\n        if (!destFile.exists()) {\n            destFile.createNewFile();\n        }\n    source = new FileInputStream(sourceFile).getChannel();\n    destination = new FileOutputStream(destFile).getChannel();\n    destination.transferFrom(source, 0, source.size());\n    } catch (Exception e) {\n        /* handle exception... */\n    } finally {\n    try {\n            if (source != null) {\n                source.close();\n            }\n            if (destination != null) {\n                destination.close();\n            }\n        } catch (Exception e) {\n            /* handle exception... */\n        }\n    }\n}\n}",
      "covered_code": "PLAN for step by step execution of the given Java program and test case:\n\n1. Class Declaration: Class declaration statement \"public class foo {\" is executed and covered.\n2. Method Declaration: Method declaration \"public static void copyFile(File sourceFile, File destFile) {\" is executed and covered.\n3. Variable Declaration: Variable declarations \"FileChannel source = null;\" and \"FileChannel destination = null;\" are executed and covered.\n4. Try Block: The try block is executed, and the statement \"try {\" is covered.\n5. If Condition: The if condition \"if (!destFile.exists()) {\" is executed. However, since the test case provided does not specify the existence of the file, we assume the condition may be executed. The statement \"destFile.createNewFile();\" is also assumed to be executed.\n6. Source FileChannel Initialization: Statement \"source = new FileInputStream(sourceFile).getChannel();\" is executed.\n7. Destination FileChannel Initialization: Statement \"destination = new FileOutputStream(destFile).getChannel();\" is executed.\n8. Transfer Data: Statement \"destination.transferFrom(source, 0, source.size());\" is executed.\n9. Catch Block: The catch block is not executed as no exception is specified in the test case.\n10. Finally Block: The finally block is executed, and the statement \"finally {\" is covered.\n11. Close Source Channel: Statement \"if (source != null) { source.close(); }\" is executed.\n12. Close Destination Channel: Statement \"if (destination != null) { destination.close(); }\" is executed.\n13. Catch Block within Finally: The inner catch block is not executed as no exception is specified for the close operations.\n\nFinal predicted code coverage for the Java program based on the given test case:\n\n> public class foo {\n> public static void copyFile(File sourceFile, File destFile) {\n> FileChannel source = null;\n> FileChannel destination = null;\n>     try {\n>         if (!destFile.exists()) {\n>             destFile.createNewFile();\n>         }\n>     source = new FileInputStream(sourceFile).getChannel();\n>     destination = new FileOutputStream(destFile).getChannel();\n>     destination.transferFrom(source, 0, source.size());\n!     } catch (Exception e) {\n!         /* handle exception... */\n>     } finally {\n>     try {\n>             if (source != null) {\n>                 source.close();\n>             }\n>             if (destination != null) {\n>                 destination.close();\n>             }\n!         } catch (Exception e) {\n!             /* handle exception... */\n>         }\n>     }\n> }\n> }",
      "test_seed_coverage": [
        ">",
        ">",
        ">",
        ">",
        ">",
        ">",
        ">",
        ">",
        ">",
        ">",
        ">",
        ">",
        "!",
        ">",
        ">",
        ">",
        ">",
        ">",
        ">",
        ">",
        ">",
        ">",
        "!",
        ">",
        ">",
        ">",
        ">"
      ],
      "cumulative_coverage": [
        ">",
        ">",
        ">",
        ">",
        ">",
        ">",
        ">",
        ">",
        ">",
        ">",
        ">",
        ">",
        "!",
        ">",
        ">",
        ">",
        ">",
        ">",
        ">",
        ">",
        ">",
        ">",
        "!",
        ">",
        ">",
        ">",
        ">"
      ]
    },
    {
      "test_case": [
        "Test Case Input:\nnew File(\"test.txt\"), new File(\"existing/output.txt\")"
      ],
      "test_mutations": [
        "Test Case Input:\nnew File(\"test.txt\"), new File(\"existing/output.txt\")"
      ],
      "initial_code": "public class foo {\npublic static void copyFile(File sourceFile, File destFile) {\nFileChannel source = null;\nFileChannel destination = null;\n    try {\n        if (!destFile.exists()) {\n            destFile.createNewFile();\n        }\n    source = new FileInputStream(sourceFile).getChannel();\n    destination = new FileOutputStream(destFile).getChannel();\n    destination.transferFrom(source, 0, source.size());\n    } catch (Exception e) {\n        /* handle exception... */\n    } finally {\n    try {\n            if (source != null) {\n                source.close();\n            }\n            if (destination != null) {\n                destination.close();\n            }\n        } catch (Exception e) {\n            /* handle exception... */\n        }\n    }\n}\n}",
      "covered_code": "PLAN for step by step execution of the given java program and test case:\n\n1. Class Declaration: The class `foo` is declared. This statement will be covered.\n2. Method Declaration: The method `copyFile` is declared. This declaration will be covered since the test case involves this method.\n3. Method Execution: The method `copyFile` is executed with the provided test case input. The method execution will be covered.\n4. File Existence Check: The statement `if (!destFile.exists())` is executed to check if the destination file exists. This will be covered.\n5. File Creation: The statement `destFile.createNewFile();` is executed if the destination file does not exist. Based on the test case, this line will be covered.\n6. File Channel Operations: The `FileChannel` objects `source` and `destination` are initialized using the given source and destination files. These initializations will be covered.\n7. File Transfer: The statement `destination.transferFrom(source, 0, source.size());` is executed to transfer data from the source to the destination. This will be covered.\n8. Exception Handling: The `catch` block is present but not executed since no exception is thrown in this test case. This block will not be covered.\n9. Finally Block: The `finally` block is executed to close the `FileChannel` objects. This will be covered.\n10. Closing Channels: The statements `if (source != null) { source.close(); }` and `if (destination != null) { destination.close(); }` are executed to close the channels. These will be covered.\n11. Closing Brackets: All closing brackets are covered.\n\nFinal code coverage of the Java program based on its test case and given step by step reasoning for execution is:\n\n> public class foo {\n> public static void copyFile(File sourceFile, File destFile) {\n> FileChannel source = null;\n> FileChannel destination = null;\n>     try {\n>         if (!destFile.exists()) {\n>             destFile.createNewFile();\n>         }\n>     source = new FileInputStream(sourceFile).getChannel();\n>     destination = new FileOutputStream(destFile).getChannel();\n>     destination.transferFrom(source, 0, source.size());\n!     } catch (Exception e) {\n!         /* handle exception... */\n>     } finally {\n>     try {\n>             if (source != null) {\n>                 source.close();\n>             }\n>             if (destination != null) {\n>                 destination.close();\n>             }\n!         } catch (Exception e) {\n!             /* handle exception... */\n>         }\n>     }\n> }\n> }",
      "test_seed_coverage": [
        ">",
        ">",
        ">",
        ">",
        ">",
        ">",
        ">",
        ">",
        ">",
        ">",
        ">",
        ">",
        "!",
        ">",
        ">",
        ">",
        ">",
        ">",
        ">",
        ">",
        ">",
        ">",
        "!",
        ">",
        ">",
        ">",
        ">"
      ],
      "cumulative_coverage": [
        ">",
        ">",
        ">",
        ">",
        ">",
        ">",
        ">",
        ">",
        ">",
        ">",
        ">",
        ">",
        "!",
        ">",
        ">",
        ">",
        ">",
        ">",
        ">",
        ">",
        ">",
        ">",
        "!",
        ">",
        ">",
        ">",
        ">"
      ]
    },
    {
      "test_case": [
        "Test Case Input:\nnew File(\"test.txt\"), new File(\"test.txt\")"
      ],
      "test_mutations": [
        "Test Case Input:\nnew File(\"test.txt\"), new File(\"test.txt\")"
      ],
      "initial_code": "public class foo {\npublic static void copyFile(File sourceFile, File destFile) {\nFileChannel source = null;\nFileChannel destination = null;\n    try {\n        if (!destFile.exists()) {\n            destFile.createNewFile();\n        }\n    source = new FileInputStream(sourceFile).getChannel();\n    destination = new FileOutputStream(destFile).getChannel();\n    destination.transferFrom(source, 0, source.size());\n    } catch (Exception e) {\n        /* handle exception... */\n    } finally {\n    try {\n            if (source != null) {\n                source.close();\n            }\n            if (destination != null) {\n                destination.close();\n            }\n        } catch (Exception e) {\n            /* handle exception... */\n        }\n    }\n}\n}",
      "covered_code": "PLAN for step by step execution of the given Java program and test case:\n1. Class Declaration: The class declaration \"public class foo {\" is executed.\n2. Method Declaration: The method declaration \"public static void copyFile(File sourceFile, File destFile) {\" is executed when called.\n3. Variable Declaration: The declarations \"FileChannel source = null;\" and \"FileChannel destination = null;\" are executed.\n4. Try Block Execution: The try block is executed.\n5. Check Destination File Existence: The statement \"if (!destFile.exists()) {\" is executed, and since destFile already exists, \"destFile.createNewFile();\" is not executed.\n6. Source File Channel Creation: The statement \"source = new FileInputStream(sourceFile).getChannel();\" is executed.\n7. Destination File Channel Creation: The statement \"destination = new FileOutputStream(destFile).getChannel();\" is executed.\n8. File Transfer: The statement \"destination.transferFrom(source, 0, source.size());\" is executed.\n9. Catch Block: The catch block \"catch (Exception e) {\" is not executed since no exception occurs.\n10. Finally Block: The finally block is executed.\n11. Close Source File Channel: The statement \"if (source != null) {\" is executed, and \"source.close();\" is executed.\n12. Close Destination File Channel: The statement \"if (destination != null) {\" is executed, and \"destination.close();\" is executed.\n13. Catch Block in Finally: The catch block in the finally block \"catch (Exception e) {\" is not executed since no exception occurs during closing.\n\nFinal code coverage of the Java program based on its test case and given step by step reasoning for execution is:\n> public class foo {\n> public static void copyFile(File sourceFile, File destFile) {\n> FileChannel source = null;\n> FileChannel destination = null;\n>     try {\n>         if (!destFile.exists()) {\n!             destFile.createNewFile();\n>         }\n>     source = new FileInputStream(sourceFile).getChannel();\n>     destination = new FileOutputStream(destFile).getChannel();\n>     destination.transferFrom(source, 0, source.size());\n!     } catch (Exception e) {\n>         /* handle exception... */\n>     } finally {\n>     try {\n>             if (source != null) {\n>                 source.close();\n>             }\n>             if (destination != null) {\n>                 destination.close();\n>             }\n!         } catch (Exception e) {\n>             /* handle exception... */\n>         }\n>     }\n> }\n> }",
      "test_seed_coverage": [
        ">",
        ">",
        ">",
        ">",
        ">",
        ">",
        ">",
        ">",
        ">",
        ">",
        ">",
        ">",
        ">",
        ">",
        ">",
        ">",
        ">",
        ">",
        ">",
        ">",
        ">",
        ">",
        ">",
        ">",
        ">",
        ">",
        ">"
      ],
      "cumulative_coverage": [
        ">",
        ">",
        ">",
        ">",
        ">",
        ">",
        ">",
        ">",
        ">",
        ">",
        ">",
        ">",
        ">",
        ">",
        ">",
        ">",
        ">",
        ">",
        ">",
        ">",
        ">",
        ">",
        ">",
        ">",
        ">",
        ">",
        ">"
      ]
    },
    {
      "test_case": [
        "Test Case Input:\nnull, new File(\"output.txt\")"
      ],
      "test_mutations": [
        "Test Case Input:\nnull, new File(\"output.txt\")"
      ],
      "initial_code": "public class foo {\npublic static void copyFile(File sourceFile, File destFile) {\nFileChannel source = null;\nFileChannel destination = null;\n    try {\n        if (!destFile.exists()) {\n            destFile.createNewFile();\n        }\n    source = new FileInputStream(sourceFile).getChannel();\n    destination = new FileOutputStream(destFile).getChannel();\n    destination.transferFrom(source, 0, source.size());\n    } catch (Exception e) {\n        /* handle exception... */\n    } finally {\n    try {\n            if (source != null) {\n                source.close();\n            }\n            if (destination != null) {\n                destination.close();\n            }\n        } catch (Exception e) {\n            /* handle exception... */\n        }\n    }\n}\n}",
      "covered_code": "PLAN for step by step execution of the given Java program and test case:\n1. Class Declaration: The class declaration statement `public class foo {` is executed.\n2. Method Declaration: The method `public static void copyFile(File sourceFile, File destFile) {` is executed when called.\n3. Variable Declaration: The declaration of `FileChannel source = null;` and `FileChannel destination = null;` are executed.\n4. Try Block Start: Execution enters the try block.\n5. If Statement: Since `destFile` does not exist, the statement `if (!destFile.exists()) {` is executed and `destFile.createNewFile();` is executed.\n6. FileChannel Initialization: The initialization `source = new FileInputStream(sourceFile).getChannel();` will throw a `NullPointerException` because `sourceFile` is `null`. The statement is executed and causes an exception.\n7. Catch Block: Execution jumps to the catch block due to the exception.\n8. Catch Block Handling: The catch block `catch (Exception e) { /* handle exception... */ }` is executed.\n9. Finally Block: Execution enters the finally block.\n10. Finally Block Try: The try block within the finally block `try {` is executed.\n11. Finally Block If Statements: The if statements `if (source != null) { source.close(); }` and `if (destination != null) { destination.close(); }` are executed, but since `source` and `destination` are `null`, the close methods are not called.\n12. Finally Block Catch: The catch block `catch (Exception e) { /* handle exception... */ }` within the finally block is not executed because no exception occurs in the finally block.\n\nFinal code coverage of the Java program based on its test case and given step by step reasoning for execution is:\n```\n> public class foo {\n> public static void copyFile(File sourceFile, File destFile) {\n> FileChannel source = null;\n> FileChannel destination = null;\n>     try {\n>         if (!destFile.exists()) {\n>             destFile.createNewFile();\n>         }\n>     source = new FileInputStream(sourceFile).getChannel();\n!     destination = new FileOutputStream(destFile).getChannel();\n!     destination.transferFrom(source, 0, source.size());\n>     } catch (Exception e) {\n>         /* handle exception... */\n>     } finally {\n>     try {\n>             if (source != null) {\n!                 source.close();\n>             }\n>             if (destination != null) {\n!                 destination.close();\n>             }\n>         } catch (Exception e) {\n>             /* handle exception... */\n>         }\n>     }\n> }\n> }\n```",
      "test_seed_coverage": [
        ">",
        ">",
        ">",
        ">",
        ">",
        ">",
        ">",
        ">",
        ">",
        ">",
        ">",
        ">",
        ">",
        ">",
        ">",
        ">",
        ">",
        ">",
        ">",
        ">",
        ">",
        ">",
        ">",
        ">",
        ">",
        ">",
        ">"
      ],
      "cumulative_coverage": [
        ">",
        ">",
        ">",
        ">",
        ">",
        ">",
        ">",
        ">",
        ">",
        ">",
        ">",
        ">",
        ">",
        ">",
        ">",
        ">",
        ">",
        ">",
        ">",
        ">",
        ">",
        ">",
        ">",
        ">",
        ">",
        ">",
        ">"
      ]
    },
    {
      "test_case": [
        "Test Case Input:\n10, 0"
      ],
      "test_mutations": [
        "Test Case Input:\n10, 0"
      ],
      "initial_code": "public class foo {\npublic static void copyFile(File sourceFile, File destFile) {\nFileChannel source = null;\nFileChannel destination = null;\n    try {\n        if (!destFile.exists()) {\n            destFile.createNewFile();\n        }\n    source = new FileInputStream(sourceFile).getChannel();\n    destination = new FileOutputStream(destFile).getChannel();\n    destination.transferFrom(source, 0, source.size());\n    } catch (Exception e) {\n        /* handle exception... */\n    } finally {\n    try {\n            if (source != null) {\n                source.close();\n            }\n            if (destination != null) {\n                destination.close();\n            }\n        } catch (Exception e) {\n            /* handle exception... */\n        }\n    }\n}\n}",
      "covered_code": "PLAN for step by step execution of the given Java program and test case:\n\n1. Class Declaration: Class declaration statement \"public class foo {\" is executed and covered.\n2. Method Declaration: Method declaration statement \"public static void copyFile(File sourceFile, File destFile) {\" is executed when called, but there is no call to this method in the provided test case, so it is not covered.\n3. Variable Initialization: Variable initialization statements \"FileChannel source = null;\" and \"FileChannel destination = null;\" are within the method and not executed since the method is not called.\n4. try block: The try block, including its contents, is not executed as the method is not called.\n5. catch block: The catch block is not executed as the method is not called.\n6. finally block: The finally block, including its contents, is not executed as the method is not called.\n7. Closing Brackets: Closing brackets for the class and method are executed and covered.\n\nFinal code coverage of the Java program based on its test case and given step by step reasoning for execution is:\n\n> public class foo {\n! public static void copyFile(File sourceFile, File destFile) {\n! FileChannel source = null;\n! FileChannel destination = null;\n!     try {\n!         if (!destFile.exists()) {\n!             destFile.createNewFile();\n!         }\n!     source = new FileInputStream(sourceFile).getChannel();\n!     destination = new FileOutputStream(destFile).getChannel();\n!     destination.transferFrom(source, 0, source.size());\n!     } catch (Exception e) {\n!         /* handle exception... */\n!     } finally {\n!     try {\n!             if (source != null) {\n!                 source.close();\n!             }\n!             if (destination != null) {\n!                 destination.close();\n!             }\n!         } catch (Exception e) {\n!             /* handle exception... */\n!         }\n!     }\n! }\n> }",
      "test_seed_coverage": [
        ">",
        ">",
        ">",
        ">",
        ">",
        ">",
        ">",
        ">",
        ">",
        ">",
        ">",
        ">",
        ">",
        ">",
        ">",
        ">",
        ">",
        ">",
        ">",
        ">",
        ">",
        ">",
        ">",
        ">",
        ">",
        ">",
        ">"
      ],
      "cumulative_coverage": [
        ">",
        ">",
        ">",
        ">",
        ">",
        ">",
        ">",
        ">",
        ">",
        ">",
        ">",
        ">",
        ">",
        ">",
        ">",
        ">",
        ">",
        ">",
        ">",
        ">",
        ">",
        ">",
        ">",
        ">",
        ">",
        ">",
        ">"
      ]
    },
    {
      "test_case": [
        "Test Case Input:\n0, 5"
      ],
      "test_mutations": [
        "Test Case Input:\n0, 5"
      ],
      "initial_code": "public class foo {\npublic static void copyFile(File sourceFile, File destFile) {\nFileChannel source = null;\nFileChannel destination = null;\n    try {\n        if (!destFile.exists()) {\n            destFile.createNewFile();\n        }\n    source = new FileInputStream(sourceFile).getChannel();\n    destination = new FileOutputStream(destFile).getChannel();\n    destination.transferFrom(source, 0, source.size());\n    } catch (Exception e) {\n        /* handle exception... */\n    } finally {\n    try {\n            if (source != null) {\n                source.close();\n            }\n            if (destination != null) {\n                destination.close();\n            }\n        } catch (Exception e) {\n            /* handle exception... */\n        }\n    }\n}\n}",
      "covered_code": "PLAN for step by step execution of the given Java program and test case:\n\n1. Class Declaration: The class `foo` is declared. Statement `public class foo {` is covered.\n2. Method Declaration: The method `copyFile` is declared. Statement `public static void copyFile(File sourceFile, File destFile) {` is covered.\n3. Variable Declarations: Variables `source` and `destination` are declared and initialized to `null`. Statements `FileChannel source = null;` and `FileChannel destination = null;` are covered.\n4. Try Block: The try block is entered. Statement `try {` is covered.\n5. Check Destination File: The if condition checks whether `destFile` exists. The condition `if (!destFile.exists()) {` is covered.\n6. Create New File: Since the test case input specifies `0, 5`, which does not directly relate to file existence, assume `destFile` doesn't exist. Statement `destFile.createNewFile();` is covered.\n7. Open Source and Destination Channels: Statements `source = new FileInputStream(sourceFile).getChannel();` and `destination = new FileOutputStream(destFile).getChannel();` would throw an exception due to use of `File` without initialization in the test case, so they are not covered.\n8. Transfer Data: Since the above statements threw an exception, `destination.transferFrom(source, 0, source.size());` is not covered.\n9. Catch Block: The catch block is entered due to the exception. Statement `catch (Exception e) {` and `/* handle exception... */` are covered.\n10. Finally Block: The finally block is entered. Statement `finally {` is covered.\n11. Close Source: Statement `if (source != null) { source.close(); }` is covered, but the inner block `source.close();` is not executed due to `source` still being `null`.\n12. Close Destination: Statement `if (destination != null) { destination.close(); }` is covered, but the inner block `destination.close();` is not executed due to `destination` still being `null`.\n13. Catch Block in Finally: The catch block in the finally block is covered because an exception might occur during `close()`. Statement `catch (Exception e) {` and `/* handle exception... */` are covered.\n\nFinal code coverage of the Java program based on its test case and given step-by-step reasoning for execution is:\n\n> public class foo {\n> public static void copyFile(File sourceFile, File destFile) {\n> FileChannel source = null;\n> FileChannel destination = null;\n>     try {\n>         if (!destFile.exists()) {\n>             destFile.createNewFile();\n!         }\n!     source = new FileInputStream(sourceFile).getChannel();\n!     destination = new FileOutputStream(destFile).getChannel();\n!     destination.transferFrom(source, 0, source.size());\n>     } catch (Exception e) {\n>         /* handle exception... */\n>     } finally {\n>     try {\n>             if (source != null) {\n!                 source.close();\n>             }\n>             if (destination != null) {\n!                 destination.close();\n>             }\n>         } catch (Exception e) {\n>             /* handle exception... */\n>         }\n>     }\n> }\n> }",
      "test_seed_coverage": [
        ">",
        ">",
        ">",
        ">",
        ">",
        ">",
        ">",
        ">",
        ">",
        ">",
        ">",
        ">",
        ">",
        ">",
        ">",
        ">",
        ">",
        ">",
        ">",
        ">",
        ">",
        ">",
        ">",
        ">",
        ">",
        ">",
        ">"
      ],
      "cumulative_coverage": [
        ">",
        ">",
        ">",
        ">",
        ">",
        ">",
        ">",
        ">",
        ">",
        ">",
        ">",
        ">",
        ">",
        ">",
        ">",
        ">",
        ">",
        ">",
        ">",
        ">",
        ">",
        ">",
        ">",
        ">",
        ">",
        ">",
        ">"
      ]
    },
    {
      "test_case": [
        "Test Case Input:\n10, \"abc\""
      ],
      "test_mutations": [
        "Test Case Input:\n10, \"abc\""
      ],
      "initial_code": "public class foo {\npublic static void copyFile(File sourceFile, File destFile) {\nFileChannel source = null;\nFileChannel destination = null;\n    try {\n        if (!destFile.exists()) {\n            destFile.createNewFile();\n        }\n    source = new FileInputStream(sourceFile).getChannel();\n    destination = new FileOutputStream(destFile).getChannel();\n    destination.transferFrom(source, 0, source.size());\n    } catch (Exception e) {\n        /* handle exception... */\n    } finally {\n    try {\n            if (source != null) {\n                source.close();\n            }\n            if (destination != null) {\n                destination.close();\n            }\n        } catch (Exception e) {\n            /* handle exception... */\n        }\n    }\n}\n}",
      "covered_code": "PLAN for step by step execution of the given Java program and test case:\n\n1. Class Declaration: The class declaration statement \"public class foo {\" is executed.\n2. Method Declaration: The method declaration \"public static void copyFile(File sourceFile, File destFile) {\" is executed when called.\n3. Variable Initialization: The variables \"FileChannel source = null;\" and \"FileChannel destination = null;\" are initialized.\n4. Try Block Execution: The try block is entered, and its statements are executed.\n5. File Existence Check: The if condition \"!destFile.exists()\" is evaluated. Since the test case inputs \"10\" and \"abc\" don't correspond to valid files, we assume this condition is true, and \"destFile.createNewFile();\" is executed.\n6. Resource Acquisition: The statements \"source = new FileInputStream(sourceFile).getChannel();\" and \"destination = new FileOutputStream(destFile).getChannel();\" are executed.\n7. File Transfer: The statement \"destination.transferFrom(source, 0, source.size());\" is executed.\n8. Catch Block: The catch block \"catch (Exception e) {...}\" is executed if an exception occurs during the try block. In this case, it is not executed as no exceptions are explicitly raised.\n9. Finally Block: The finally block is executed regardless of an exception, executing the statements to close resources.\n10. Resource Closure: The statements \"if (source != null) { source.close(); }\" and \"if (destination != null) { destination.close(); }\" are executed.\n11. Exception Handling in Finally: The catch block within the finally block is executed if an exception occurs during resource closure. In this case, it is not executed as no exceptions are explicitly raised.\n\nFinal predicted code coverage for the Java program:\n\n> public class foo {\n> public static void copyFile(File sourceFile, File destFile) {\n> FileChannel source = null;\n> FileChannel destination = null;\n>     try {\n>         if (!destFile.exists()) {\n>             destFile.createNewFile();\n>         }\n>     source = new FileInputStream(sourceFile).getChannel();\n>     destination = new FileOutputStream(destFile).getChannel();\n>     destination.transferFrom(source, 0, source.size());\n>     } catch (Exception e) {\n!         /* handle exception... */\n>     } finally {\n>     try {\n>             if (source != null) {\n>                 source.close();\n>             }\n>             if (destination != null) {\n>                 destination.close();\n>             }\n>         } catch (Exception e) {\n!             /* handle exception... */\n>         }\n>     }\n> }\n> }",
      "test_seed_coverage": [
        ">",
        ">",
        ">",
        ">",
        ">",
        ">",
        ">",
        ">",
        ">",
        ">",
        ">",
        ">",
        ">",
        ">",
        ">",
        ">",
        ">",
        ">",
        ">",
        ">",
        ">",
        ">",
        ">",
        ">",
        ">",
        ">",
        ">"
      ],
      "cumulative_coverage": [
        ">",
        ">",
        ">",
        ">",
        ">",
        ">",
        ">",
        ">",
        ">",
        ">",
        ">",
        ">",
        ">",
        ">",
        ">",
        ">",
        ">",
        ">",
        ">",
        ">",
        ">",
        ">",
        ">",
        ">",
        ">",
        ">",
        ">"
      ]
    },
    {
      "test_case": [
        "Test Case Input:\n\"abc\", new File(\"output.txt\")"
      ],
      "test_mutations": [
        "Test Case Input:\n\"abc\", new File(\"output.txt\")"
      ],
      "initial_code": "public class foo {\npublic static void copyFile(File sourceFile, File destFile) {\nFileChannel source = null;\nFileChannel destination = null;\n    try {\n        if (!destFile.exists()) {\n            destFile.createNewFile();\n        }\n    source = new FileInputStream(sourceFile).getChannel();\n    destination = new FileOutputStream(destFile).getChannel();\n    destination.transferFrom(source, 0, source.size());\n    } catch (Exception e) {\n        /* handle exception... */\n    } finally {\n    try {\n            if (source != null) {\n                source.close();\n            }\n            if (destination != null) {\n                destination.close();\n            }\n        } catch (Exception e) {\n            /* handle exception... */\n        }\n    }\n}\n}",
      "covered_code": "PLAN for step by step execution of the given Java program and test case:\n\n1. Class Declaration: The class declaration statement \"public class foo\" is executed and covered.\n2. Method Declaration: The method declaration \"public static void copyFile(File sourceFile, File destFile)\" is executed when called. This is covered when the method gets called.\n3. try Block Execution: The try block is entered, and the if statement is checked.\n4. if Statement Execution: The if statement \"if (!destFile.exists())\" is executed. Since the destFile is \"output.txt\", this statement is covered.\n5. File Creation: If the destination file does not exist, \"destFile.createNewFile()\" is executed and covered.\n6. Source File Channel Creation: \"source = new FileInputStream(sourceFile).getChannel();\" is executed and covered.\n7. Destination File Channel Creation: \"destination = new FileOutputStream(destFile).getChannel();\" is executed and covered.\n8. File Transfer: \"destination.transferFrom(source, 0, source.size());\" is executed and covered.\n9. catch Block Execution: Since no exceptions are expected, the catch block is not executed. Therefore, statements inside the catch block are not covered.\n10. finally Block Execution: The finally block is executed.\n11. Source Channel Close: The statement \"if (source != null) { source.close(); }\" is executed and covered.\n12. Destination Channel Close: The statement \"if (destination != null) { destination.close(); }\" is executed and covered.\n13. catch Block in finally: Since no exceptions are expected during channel closure, the catch block inside finally is not executed, and the statements are not covered.\n\nFinal code coverage of the Java program based on its test case and given step by step reasoning for execution is:\n\n> public class foo {\n> public static void copyFile(File sourceFile, File destFile) {\n> FileChannel source = null;\n> FileChannel destination = null;\n>     try {\n>         if (!destFile.exists()) {\n>             destFile.createNewFile();\n>         }\n>     source = new FileInputStream(sourceFile).getChannel();\n>     destination = new FileOutputStream(destFile).getChannel();\n>     destination.transferFrom(source, 0, source.size());\n!     } catch (Exception e) {\n!         /* handle exception... */\n>     } finally {\n>     try {\n>             if (source != null) {\n>                 source.close();\n>             }\n>             if (destination != null) {\n>                 destination.close();\n>             }\n!         } catch (Exception e) {\n!             /* handle exception... */\n>         }\n>     }\n> }\n> }",
      "test_seed_coverage": [
        ">",
        ">",
        ">",
        ">",
        ">",
        ">",
        ">",
        ">",
        ">",
        ">",
        ">",
        ">",
        ">",
        ">",
        ">",
        ">",
        ">",
        ">",
        ">",
        ">",
        ">",
        ">",
        ">",
        ">",
        ">",
        ">",
        ">"
      ],
      "cumulative_coverage": [
        ">",
        ">",
        ">",
        ">",
        ">",
        ">",
        ">",
        ">",
        ">",
        ">",
        ">",
        ">",
        ">",
        ">",
        ">",
        ">",
        ">",
        ">",
        ">",
        ">",
        ">",
        ">",
        ">",
        ">",
        ">",
        ">",
        ">"
      ]
    },
    {
      "test_case": [
        "Test Case Input:\nnull, null"
      ],
      "test_mutations": [
        "Test Case Input:\nnull, null"
      ],
      "initial_code": "public class foo {\npublic static void copyFile(File sourceFile, File destFile) {\nFileChannel source = null;\nFileChannel destination = null;\n    try {\n        if (!destFile.exists()) {\n            destFile.createNewFile();\n        }\n    source = new FileInputStream(sourceFile).getChannel();\n    destination = new FileOutputStream(destFile).getChannel();\n    destination.transferFrom(source, 0, source.size());\n    } catch (Exception e) {\n        /* handle exception... */\n    } finally {\n    try {\n            if (source != null) {\n                source.close();\n            }\n            if (destination != null) {\n                destination.close();\n            }\n        } catch (Exception e) {\n            /* handle exception... */\n        }\n    }\n}\n}",
      "covered_code": "PLAN for step by step execution of the given Java program and test case:\n\n1. Class Declaration: The class 'foo' is defined. Since there's no execution here, it is not covered.\n2. Method Declaration: The method 'copyFile' is defined. Since there's no execution here, it is not covered.\n3. Try Block: The try block is executed when attempting to copy the file. Since the input is null for both files, it will not be executed.\n4. File Existence Check: The statement 'if (!destFile.exists())' is not executed because destFile is null, which causes a NullPointerException.\n5. File Creation: The statement 'destFile.createNewFile()' is not executed due to the exception.\n6. Source FileChannel Creation: The statement 'source = new FileInputStream(sourceFile).getChannel()' is not executed due to the exception.\n7. Destination FileChannel Creation: The statement 'destination = new FileOutputStream(destFile).getChannel()' is not executed due to the exception.\n8. File Transfer: The statement 'destination.transferFrom(source, 0, source.size())' is not executed due to the exception.\n9. Catch Block: The catch block will be executed due to the exception thrown when checking destFile.\n10. Finally Block: The finally block is executed to attempt closing the channels.\n11. Close Source FileChannel: The statement 'if (source != null) { source.close(); }' is executed, but the condition is false, so the close method is not called.\n12. Close Destination FileChannel: The statement 'if (destination != null) { destination.close(); }' is executed, but the condition is false, so the close method is not called.\n13. Catch Block in Finally: The inner catch block is executed because of the exception thrown when checking destFile.\n\nFinal code coverage of the Java program based on its test case and given step-by-step reasoning for execution is:\n\n! public class foo {\n! public static void copyFile(File sourceFile, File destFile) {\n! FileChannel source = null;\n! FileChannel destination = null;\n!     try {\n!         if (!destFile.exists()) {\n!             destFile.createNewFile();\n!         }\n!     source = new FileInputStream(sourceFile).getChannel();\n!     destination = new FileOutputStream(destFile).getChannel();\n!     destination.transferFrom(source, 0, source.size());\n>     } catch (Exception e) {\n>         /* handle exception... */\n>     } finally {\n>     try {\n>             if (source != null) {\n!                 source.close();\n>             }\n>             if (destination != null) {\n!                 destination.close();\n>             }\n>         } catch (Exception e) {\n>             /* handle exception... */\n>         }\n>     }\n> }\n> }",
      "test_seed_coverage": [
        ">",
        ">",
        ">",
        ">",
        ">",
        ">",
        ">",
        ">",
        ">",
        ">",
        ">",
        ">",
        ">",
        ">",
        ">",
        ">",
        ">",
        ">",
        ">",
        ">",
        ">",
        ">",
        ">",
        ">",
        ">",
        ">",
        ">"
      ],
      "cumulative_coverage": [
        ">",
        ">",
        ">",
        ">",
        ">",
        ">",
        ">",
        ">",
        ">",
        ">",
        ">",
        ">",
        ">",
        ">",
        ">",
        ">",
        ">",
        ">",
        ">",
        ">",
        ">",
        ">",
        ">",
        ">",
        ">",
        ">",
        ">"
      ]
    },
    {
      "test_case": [
        "Test Case Input:\n0, -5"
      ],
      "test_mutations": [
        "Test Case Input:\n0, -5"
      ],
      "initial_code": "public class foo {\npublic static void copyFile(File sourceFile, File destFile) {\nFileChannel source = null;\nFileChannel destination = null;\n    try {\n        if (!destFile.exists()) {\n            destFile.createNewFile();\n        }\n    source = new FileInputStream(sourceFile).getChannel();\n    destination = new FileOutputStream(destFile).getChannel();\n    destination.transferFrom(source, 0, source.size());\n    } catch (Exception e) {\n        /* handle exception... */\n    } finally {\n    try {\n            if (source != null) {\n                source.close();\n            }\n            if (destination != null) {\n                destination.close();\n            }\n        } catch (Exception e) {\n            /* handle exception... */\n        }\n    }\n}\n}",
      "covered_code": "PLAN for step by step execution of the given Java program and test case:\n\n1. Class Declaration: The class `foo` is declared. The statement `public class foo {` will be covered.\n2. Method Declaration: The method `copyFile` is declared. The statement `public static void copyFile(File sourceFile, File destFile) {` will be covered.\n3. Variable Initialization: Variables `source` and `destination` are initialized to `null`. The statements `FileChannel source = null;` and `FileChannel destination = null;` will be covered.\n4. Try Block: The `try` block is entered. The statement `try {` will be covered.\n5. If Condition: The `if` condition to check if `destFile` exists is evaluated. Since `destFile` doesn't exist as per the test case inputs (0, -5), the condition `if (!destFile.exists()) {` will not be executed.\n6. File Channel Initialization: The file channels `source` and `destination` are initialized using `FileInputStream` and `FileOutputStream`. The statements `source = new FileInputStream(sourceFile).getChannel();` and `destination = new FileOutputStream(destFile).getChannel();` will not be executed due to the test case input.\n7. Transfer Data: The data transfer using `destination.transferFrom(source, 0, source.size());` will not be executed.\n8. Catch Block: The `catch` block is entered because an exception occurs due to invalid file inputs. The statement `catch (Exception e) {` will be covered.\n9. Finally Block: The `finally` block is entered. The statement `finally {` will be covered.\n10. Close Source: The `source` channel is checked for `null` and not closed because it is `null`. The statement `if (source != null) {` will not be executed.\n11. Close Destination: The `destination` channel is checked for `null` and not closed because it is `null`. The statement `if (destination != null) {` will not be executed.\n12. Catch Block in Finally: The `catch` block within `finally` is entered because of the possible exception. The statement `catch (Exception e) {` will be covered.\n13. Closing Brackets: Closing brackets for the `try`, `catch`, `finally`, and method are always covered.\n\nFinal code coverage of the Java program based on its test case and given step-by-step reasoning for execution is:\n\n```\n> public class foo {\n> public static void copyFile(File sourceFile, File destFile) {\n> FileChannel source = null;\n> FileChannel destination = null;\n>     try {\n!         if (!destFile.exists()) {\n!             destFile.createNewFile();\n!         }\n!     source = new FileInputStream(sourceFile).getChannel();\n!     destination = new FileOutputStream(destFile).getChannel();\n!     destination.transferFrom(source, 0, source.size());\n>     } catch (Exception e) {\n>         /* handle exception... */\n>     } finally {\n>     try {\n!             if (source != null) {\n!                 source.close();\n!             }\n!             if (destination != null) {\n!                 destination.close();\n!             }\n>         } catch (Exception e) {\n>             /* handle exception... */\n>         }\n>     }\n> }\n> }\n```",
      "test_seed_coverage": [
        ">",
        ">",
        ">",
        ">",
        ">",
        ">",
        ">",
        ">",
        ">",
        ">",
        ">",
        ">",
        ">",
        ">",
        ">",
        ">",
        ">",
        ">",
        ">",
        ">",
        ">",
        ">",
        ">",
        ">",
        ">",
        ">",
        ">"
      ],
      "cumulative_coverage": [
        ">",
        ">",
        ">",
        ">",
        ">",
        ">",
        ">",
        ">",
        ">",
        ">",
        ">",
        ">",
        ">",
        ">",
        ">",
        ">",
        ">",
        ">",
        ">",
        ">",
        ">",
        ">",
        ">",
        ">",
        ">",
        ">",
        ">"
      ]
    },
    {
      "test_case": [
        "Test Case Input:\n5, \"abc\""
      ],
      "test_mutations": [
        "Test Case Input:\n5, \"abc\""
      ],
      "initial_code": "public class foo {\npublic static void copyFile(File sourceFile, File destFile) {\nFileChannel source = null;\nFileChannel destination = null;\n    try {\n        if (!destFile.exists()) {\n            destFile.createNewFile();\n        }\n    source = new FileInputStream(sourceFile).getChannel();\n    destination = new FileOutputStream(destFile).getChannel();\n    destination.transferFrom(source, 0, source.size());\n    } catch (Exception e) {\n        /* handle exception... */\n    } finally {\n    try {\n            if (source != null) {\n                source.close();\n            }\n            if (destination != null) {\n                destination.close();\n            }\n        } catch (Exception e) {\n            /* handle exception... */\n        }\n    }\n}\n}",
      "covered_code": "PLAN for step-by-step execution of the given Java program and test case:\n\n1. Class Declaration: The class declaration statement \"public class foo {\" will be executed.\n2. Method Declaration: The method declaration statement \"public static void copyFile(File sourceFile, File destFile) {\" will be executed.\n3. Variable Declarations: The declarations \"FileChannel source = null;\" and \"FileChannel destination = null;\" will be executed.\n4. Try Block: The try block is entered, and its statements are executed sequentially.\n5. If Statement: The if statement \"if (!destFile.exists()) {\" is checked. Since destFile is not specified in the test case, we assume it doesn't exist, and the block \"destFile.createNewFile();\" will be executed.\n6. File InputStream and OutputStream: The statements \"source = new FileInputStream(sourceFile).getChannel();\" and \"destination = new FileOutputStream(destFile).getChannel();\" will attempt to execute, but will likely raise an exception due to invalid or unspecified File objects.\n7. Catch Block: Since an exception is expected, the catch block \"catch (Exception e) {/* handle exception... */}\" will be executed.\n8. Finally Block: The finally block is executed, and it contains statements to close the channels.\n9. Closing of Channels: The statements inside the finally block to close the channels will be attempted, but since the channels were likely not opened due to an earlier exception, these operations may not be executed or will execute without effect.\n10. Closing Brackets: All closing brackets are covered.\n\nFinal predicted code coverage for the given code snippet:\n\n> public class foo {\n> public static void copyFile(File sourceFile, File destFile) {\n> FileChannel source = null;\n> FileChannel destination = null;\n>     try {\n>         if (!destFile.exists()) {\n>             destFile.createNewFile();\n>         }\n!     source = new FileInputStream(sourceFile).getChannel();\n!     destination = new FileOutputStream(destFile).getChannel();\n!     destination.transferFrom(source, 0, source.size());\n>     } catch (Exception e) {\n>         /* handle exception... */\n>     } finally {\n>     try {\n!             if (source != null) {\n!                 source.close();\n!             }\n!             if (destination != null) {\n!                 destination.close();\n>             }\n>         } catch (Exception e) {\n>             /* handle exception... */\n>         }\n>     }\n> }\n> }",
      "test_seed_coverage": [
        ">",
        ">",
        ">",
        ">",
        ">",
        ">",
        ">",
        ">",
        ">",
        ">",
        ">",
        ">",
        ">",
        ">",
        ">",
        ">",
        ">",
        ">",
        ">",
        ">",
        ">",
        ">",
        ">",
        ">",
        ">",
        ">",
        ">"
      ],
      "cumulative_coverage": [
        ">",
        ">",
        ">",
        ">",
        ">",
        ">",
        ">",
        ">",
        ">",
        ">",
        ">",
        ">",
        ">",
        ">",
        ">",
        ">",
        ">",
        ">",
        ">",
        ">",
        ">",
        ">",
        ">",
        ">",
        ">",
        ">",
        ">"
      ]
    },
    {
      "test_case": [
        "Test Case Input:\n0, -1"
      ],
      "test_mutations": [
        "Test Case Input:\n0, -1"
      ],
      "initial_code": "public class foo {\npublic static void copyFile(File sourceFile, File destFile) {\nFileChannel source = null;\nFileChannel destination = null;\n    try {\n        if (!destFile.exists()) {\n            destFile.createNewFile();\n        }\n    source = new FileInputStream(sourceFile).getChannel();\n    destination = new FileOutputStream(destFile).getChannel();\n    destination.transferFrom(source, 0, source.size());\n    } catch (Exception e) {\n        /* handle exception... */\n    } finally {\n    try {\n            if (source != null) {\n                source.close();\n            }\n            if (destination != null) {\n                destination.close();\n            }\n        } catch (Exception e) {\n            /* handle exception... */\n        }\n    }\n}\n}",
      "covered_code": "PLAN for step by step execution of the given Java program and test case:\n\n1. Class Declaration: The class `foo` is declared. The line `public class foo {` is covered.\n\n2. Method Declaration: The `copyFile` method is declared but not executed yet. The line `public static void copyFile(File sourceFile, File destFile) {` is covered.\n\n3. Variable Declarations: The declarations `FileChannel source = null;` and `FileChannel destination = null;` are executed.\n\n4. Try Block Execution: \n   - The `try` block starts executing.\n   - The statement `if (!destFile.exists()) {` is executed, but since the input test case does not provide `destFile`, this line is not covered.\n   - The statement `destFile.createNewFile();` is not executed because the preceding `if` condition is not met.\n   - The statements for creating `source` and `destination` channels and transferring data `source = new FileInputStream(sourceFile).getChannel();`, `destination = new FileOutputStream(destFile).getChannel();`, and `destination.transferFrom(source, 0, source.size());` are not executed due to missing file inputs.\n\n5. Catch Block Execution: The `catch` block would execute if there is an exception, but the actions inside are not covered as the test case does not run the method.\n\n6. Finally Block Execution: \n   - The `finally` block is executed regardless of exceptions.\n   - The lines to close `source` and `destination` channels `if (source != null) { source.close(); }` and `if (destination != null) { destination.close(); }` are executed, but since channels were not initialized, the conditions are false, and closing statements are not executed.\n\n7. Closing Brackets: The closing brackets of the method and class are executed.\n\nFinal code coverage of the Java program based on its test case and given step by step reasoning for execution is:\n\n```\n> public class foo {\n> public static void copyFile(File sourceFile, File destFile) {\n> FileChannel source = null;\n> FileChannel destination = null;\n>     try {\n!         if (!destFile.exists()) {\n!             destFile.createNewFile();\n!         }\n!     source = new FileInputStream(sourceFile).getChannel();\n!     destination = new FileOutputStream(destFile).getChannel();\n!     destination.transferFrom(source, 0, source.size());\n>     } catch (Exception e) {\n!         /* handle exception... */\n>     } finally {\n>     try {\n!             if (source != null) {\n!                 source.close();\n!             }\n!             if (destination != null) {\n!                 destination.close();\n!             }\n>         } catch (Exception e) {\n!             /* handle exception... */\n>         }\n>     }\n> }\n> }\n```",
      "test_seed_coverage": [
        ">",
        ">",
        ">",
        ">",
        ">",
        ">",
        ">",
        ">",
        ">",
        ">",
        ">",
        ">",
        ">",
        ">",
        ">",
        ">",
        ">",
        ">",
        ">",
        ">",
        ">",
        ">",
        ">",
        ">",
        ">",
        ">",
        ">"
      ],
      "cumulative_coverage": [
        ">",
        ">",
        ">",
        ">",
        ">",
        ">",
        ">",
        ">",
        ">",
        ">",
        ">",
        ">",
        ">",
        ">",
        ">",
        ">",
        ">",
        ">",
        ">",
        ">",
        ">",
        ">",
        ">",
        ">",
        ">",
        ">",
        ">"
      ]
    },
    {
      "test_case": [
        "Test Case Input:\n0, 0"
      ],
      "test_mutations": [
        "Test Case Input:\n0, 0"
      ],
      "initial_code": "public class foo {\npublic static void copyFile(File sourceFile, File destFile) {\nFileChannel source = null;\nFileChannel destination = null;\n    try {\n        if (!destFile.exists()) {\n            destFile.createNewFile();\n        }\n    source = new FileInputStream(sourceFile).getChannel();\n    destination = new FileOutputStream(destFile).getChannel();\n    destination.transferFrom(source, 0, source.size());\n    } catch (Exception e) {\n        /* handle exception... */\n    } finally {\n    try {\n            if (source != null) {\n                source.close();\n            }\n            if (destination != null) {\n                destination.close();\n            }\n        } catch (Exception e) {\n            /* handle exception... */\n        }\n    }\n}\n}",
      "covered_code": "**PLAN for step by step execution of the given Java program and test case:**\n\n1. Class Declaration: The class `foo` is declared, which will be covered.\n2. Method Declaration: The method `copyFile` is declared, and since it is static, it is ready for execution when called. The method declaration is covered.\n3. Method Execution: The `copyFile` method is not executed because there is no call to the method in the provided test case. Therefore, the entire body of the method is not covered.\n4. Try Block: The try block is not executed because the method is not called.\n5. If Statement: The if statement checking `!destFile.exists()` is not executed.\n6. Channel Setup: The lines setting up `source` and `destination` channels are not executed.\n7. Transfer Operation: The line `destination.transferFrom(source, 0, source.size());` is not executed.\n8. Catch Block: The catch block is not executed because the try block is not entered.\n9. Finally Block: The finally block is not executed because the method is not called.\n10. Closing Channels: The lines closing `source` and `destination` are not executed.\n11. Exception Handling: The exception handling in the finally block is not executed.\n\n**Final code coverage of the Java program based on its test case and given step by step reasoning for execution is:**\n\n```java\n> public class foo {\n! public static void copyFile(File sourceFile, File destFile) {\n! FileChannel source = null;\n! FileChannel destination = null;\n!     try {\n!         if (!destFile.exists()) {\n!             destFile.createNewFile();\n!         }\n!     source = new FileInputStream(sourceFile).getChannel();\n!     destination = new FileOutputStream(destFile).getChannel();\n!     destination.transferFrom(source, 0, source.size());\n!     } catch (Exception e) {\n!         /* handle exception... */\n!     } finally {\n!     try {\n!             if (source != null) {\n!                 source.close();\n!             }\n!             if (destination != null) {\n!                 destination.close();\n!             }\n!         } catch (Exception e) {\n!             /* handle exception... */\n!         }\n!     }\n! }\n> }\n```",
      "test_seed_coverage": [
        ">",
        ">",
        ">",
        ">",
        ">",
        ">",
        ">",
        ">",
        ">",
        ">",
        ">",
        ">",
        ">",
        ">",
        ">",
        ">",
        ">",
        ">",
        ">",
        ">",
        ">",
        ">",
        ">",
        ">",
        ">",
        ">",
        ">"
      ],
      "cumulative_coverage": [
        ">",
        ">",
        ">",
        ">",
        ">",
        ">",
        ">",
        ">",
        ">",
        ">",
        ">",
        ">",
        ">",
        ">",
        ">",
        ">",
        ">",
        ">",
        ">",
        ">",
        ">",
        ">",
        ">",
        ">",
        ">",
        ">",
        ">"
      ]
    },
    {
      "test_case": [
        "Test Case Input:\n5, null"
      ],
      "test_mutations": [
        "Test Case Input:\n5, null"
      ],
      "initial_code": "public class foo {\npublic static void copyFile(File sourceFile, File destFile) {\nFileChannel source = null;\nFileChannel destination = null;\n    try {\n        if (!destFile.exists()) {\n            destFile.createNewFile();\n        }\n    source = new FileInputStream(sourceFile).getChannel();\n    destination = new FileOutputStream(destFile).getChannel();\n    destination.transferFrom(source, 0, source.size());\n    } catch (Exception e) {\n        /* handle exception... */\n    } finally {\n    try {\n            if (source != null) {\n                source.close();\n            }\n            if (destination != null) {\n                destination.close();\n            }\n        } catch (Exception e) {\n            /* handle exception... */\n        }\n    }\n}\n}",
      "covered_code": "PLAN for step by step execution of the given Java program and test case:\n\n1. Class Declaration: Class declaration statement \"public class foo {\" is covered.\n2. Method Declaration: Method declaration \"public static void copyFile(File sourceFile, File destFile) {\" is covered.\n3. Variable Declaration: Declaration of variables \"FileChannel source = null;\" and \"FileChannel destination = null;\" are covered.\n4. Try Block Execution: The try block is executed since there is no input to trigger it. Statement \"try {\" is covered.\n5. If Condition Check: The if statement \"if (!destFile.exists()) {\" is not covered since the input provided is null, so destFile does not exist.\n6. Source File Channel Creation: Statement \"source = new FileInputStream(sourceFile).getChannel();\" is not covered due to null input.\n7. Destination File Channel Creation: Statement \"destination = new FileOutputStream(destFile).getChannel();\" is not covered due to null input.\n8. File Transfer: Statement \"destination.transferFrom(source, 0, source.size());\" is not covered due to null input.\n9. Catch Block Execution: The catch block \"catch (Exception e) { /* handle exception... */ }\" is not executed because no exception is thrown due to lack of input.\n10. Finally Block Execution: The finally block is covered since it always executes after try-catch. Statement \"finally {\" is covered.\n11. Source Close: Statement \"if (source != null) { source.close(); }\" is not covered because source is null.\n12. Destination Close: Statement \"if (destination != null) { destination.close(); }\" is not covered because destination is null.\n13. End of Method: Closing brackets for method and class are covered.\n\nFinal code coverage of the Java program based on its test case and given step-by-step reasoning for execution is:\n\n```\n> public class foo {\n> public static void copyFile(File sourceFile, File destFile) {\n> FileChannel source = null;\n> FileChannel destination = null;\n>     try {\n!         if (!destFile.exists()) {\n!             destFile.createNewFile();\n!         }\n!     source = new FileInputStream(sourceFile).getChannel();\n!     destination = new FileOutputStream(destFile).getChannel();\n!     destination.transferFrom(source, 0, source.size());\n>     } catch (Exception e) {\n!         /* handle exception... */\n>     } finally {\n>     try {\n!             if (source != null) {\n!                 source.close();\n!             }\n!             if (destination != null) {\n!                 destination.close();\n!             }\n>         } catch (Exception e) {\n!             /* handle exception... */\n>         }\n>     }\n> }\n> }\n```",
      "test_seed_coverage": [
        ">",
        ">",
        ">",
        ">",
        ">",
        ">",
        ">",
        ">",
        ">",
        ">",
        ">",
        ">",
        ">",
        ">",
        ">",
        ">",
        ">",
        ">",
        ">",
        ">",
        ">",
        ">",
        ">",
        ">",
        ">",
        ">",
        ">"
      ],
      "cumulative_coverage": [
        ">",
        ">",
        ">",
        ">",
        ">",
        ">",
        ">",
        ">",
        ">",
        ">",
        ">",
        ">",
        ">",
        ">",
        ">",
        ">",
        ">",
        ">",
        ">",
        ">",
        ">",
        ">",
        ">",
        ">",
        ">",
        ">",
        ">"
      ]
    }
  ]
}