{
    "submission_id": "65767",
    "cycles": [
        {
            "test_case": [
                "Test Case Input:\nnew File(\"test.txt\"), new File(\"test_copy.txt\")"
            ],
            "test_mutations": [
                "Test Case Input:\nnew File(\"test.txt\"), new File(\"test_copy.txt\")"
            ],
            "initial_code": "public class foo {\npublic static void copyFile(File sourceFile, File destFile) {\nFileChannel source = null;\nFileChannel destination = null;\n    try {\n        if (!destFile.exists()) {\n            destFile.createNewFile();\n        }\n    source = new FileInputStream(sourceFile).getChannel();\n    destination = new FileOutputStream(destFile).getChannel();\n    destination.transferFrom(source, 0, source.size());\n    } catch (Exception e) {\n        /* handle exception... */\n    } finally {\n    try {\n            if (source != null) {\n                source.close();\n            }\n            if (destination != null) {\n                destination.close();\n            }\n        } catch (Exception e) {\n            /* handle exception... */\n        }\n    }\n}\n}",
            "covered_code": "PLAN for step-by-step execution of the given Java program and test case:\n\n1. Class Declaration: The class declaration statement \"public class foo\" is executed and covered.\n2. Method Declaration: The method declaration \"public static void copyFile(File sourceFile, File destFile)\" is executed when called.\n3. Initial Variable Declaration: Variables \"FileChannel source\" and \"FileChannel destination\" are initialized to null.\n4. Try Block Execution: The try block is entered.\n5. Destination File Check: The statement \"if (!destFile.exists())\" is executed. Since the test case does not specify the existence state of the destination file, assume it doesn't exist.\n6. Create New File: The statement \"destFile.createNewFile()\" is executed because the destination file doesn't exist.\n7. Source File Channel: The statement \"source = new FileInputStream(sourceFile).getChannel()\" is executed, initializing the source channel.\n8. Destination File Channel: The statement \"destination = new FileOutputStream(destFile).getChannel()\" is executed, initializing the destination channel.\n9. File Transfer: The statement \"destination.transferFrom(source, 0, source.size())\" is executed, transferring the content from source to destination.\n10. Catch Block: The catch block is not executed because no exception occurs.\n11. Finally Block Execution: The finally block is entered.\n12. Source Channel Close: The statement \"if (source != null)\" is true, so \"source.close()\" is executed.\n13. Destination Channel Close: The statement \"if (destination != null)\" is true, so \"destination.close()\" is executed.\n14. Catch Block in Finally: The nested catch block in the finally block is not executed because no exception occurs.\n\nFinal code coverage of the Java program based on its test case and given step-by-step reasoning for execution is:\n\n> public class foo {\n> public static void copyFile(File sourceFile, File destFile) {\n> FileChannel source = null;\n> FileChannel destination = null;\n>     try {\n>         if (!destFile.exists()) {\n>             destFile.createNewFile();\n>         }\n>     source = new FileInputStream(sourceFile).getChannel();\n>     destination = new FileOutputStream(destFile).getChannel();\n>     destination.transferFrom(source, 0, source.size());\n>     } catch (Exception e) {\n!         /* handle exception... */\n>     } finally {\n>     try {\n>             if (source != null) {\n>                 source.close();\n>             }\n>             if (destination != null) {\n>                 destination.close();\n>             }\n>         } catch (Exception e) {\n!             /* handle exception... */\n>         }\n>     }\n> }\n> }",
            "test_seed_coverage": [
                ">",
                ">",
                ">",
                ">",
                ">",
                ">",
                ">",
                ">",
                ">",
                ">",
                ">",
                ">",
                "!",
                ">",
                ">",
                ">",
                ">",
                ">",
                ">",
                ">",
                ">",
                ">",
                "!",
                ">",
                ">",
                ">",
                ">"
            ],
            "cumulative_coverage": [
                ">",
                ">",
                ">",
                ">",
                ">",
                ">",
                ">",
                ">",
                ">",
                ">",
                ">",
                ">",
                "!",
                ">",
                ">",
                ">",
                ">",
                ">",
                ">",
                ">",
                ">",
                ">",
                "!",
                ">",
                ">",
                ">",
                ">"
            ],
            "execution_output": "Exception in thread \"main\" java.util.NoSuchElementException: No line found\n\tat java.base/java.util.Scanner.nextLine(Scanner.java:1660)\n\tat foo.main(foo.java:46)"
        },
        {
            "test_case": [
                "Test Case Input:\nnull, new File(\"test_copy.txt\")"
            ],
            "test_mutations": [
                "Test Case Input:\nnull, new File(\"test_copy.txt\")"
            ],
            "initial_code": "public class foo {\npublic static void copyFile(File sourceFile, File destFile) {\nFileChannel source = null;\nFileChannel destination = null;\n    try {\n        if (!destFile.exists()) {\n            destFile.createNewFile();\n        }\n    source = new FileInputStream(sourceFile).getChannel();\n    destination = new FileOutputStream(destFile).getChannel();\n    destination.transferFrom(source, 0, source.size());\n    } catch (Exception e) {\n        /* handle exception... */\n    } finally {\n    try {\n            if (source != null) {\n                source.close();\n            }\n            if (destination != null) {\n                destination.close();\n            }\n        } catch (Exception e) {\n            /* handle exception... */\n        }\n    }\n}\n}",
            "covered_code": "PLAN for step-by-step execution of the given Java program and test case:\n1. Class Declaration: Class declaration statements are executed. Statement \"public class foo {\" is covered.\n2. Method Declaration: Method declarations are executed when called. Method \"public static void copyFile(File sourceFile, File destFile) {\" is covered.\n3. Variable Declaration: Variable declarations for \"FileChannel source = null;\" and \"FileChannel destination = null;\" are executed.\n4. Try Block Execution: Execution enters the try block since it is the first block of code within the method. Statement \"try {\" is covered.\n5. If Statement Execution: Since \"destFile\" does not exist, the condition \"!destFile.exists()\" is true. Statement \"if (!destFile.exists()) {\" is covered.\n6. Create New File: The file creation statement \"destFile.createNewFile();\" is executed because the condition is true.\n7. Source and Destination Channels: Since \"sourceFile\" is null, the statement \"source = new FileInputStream(sourceFile).getChannel();\" causes an exception, preventing the execution of subsequent lines in the try block.\n8. Catch Block Execution: Due to the exception, execution jumps to the catch block. Statement \"catch (Exception e) {\" is covered.\n9. Finally Block Execution: Execution enters the finally block after the catch block. Statement \"finally {\" is covered.\n10. Close Channels: Since \"source\" and \"destination\" are both null due to the exception, the conditions \"if (source != null)\" and \"if (destination != null)\" are false, and the close statements are not executed.\n11. Closing Brackets: Closing brackets are always covered.\n\nFinal code coverage of the Java program based on its test case and step-by-step reasoning:\n> public class foo {\n> public static void copyFile(File sourceFile, File destFile) {\n> FileChannel source = null;\n> FileChannel destination = null;\n>     try {\n>         if (!destFile.exists()) {\n>             destFile.createNewFile();\n!         }\n!     source = new FileInputStream(sourceFile).getChannel();\n!     destination = new FileOutputStream(destFile).getChannel();\n!     destination.transferFrom(source, 0, source.size());\n>     } catch (Exception e) {\n>         /* handle exception... */\n>     } finally {\n>     try {\n!             if (source != null) {\n!                 source.close();\n!             }\n!             if (destination != null) {\n!                 destination.close();\n!             }\n>         } catch (Exception e) {\n>             /* handle exception... */\n>         }\n>     }\n> }\n> }",
            "test_seed_coverage": [
                ">",
                ">",
                ">",
                ">",
                ">",
                ">",
                ">",
                ">",
                ">",
                ">",
                ">",
                ">",
                ">",
                ">",
                ">",
                ">",
                ">",
                ">",
                ">",
                ">",
                ">",
                ">",
                ">",
                ">",
                ">",
                ">",
                ">"
            ],
            "cumulative_coverage": [
                ">",
                ">",
                ">",
                ">",
                ">",
                ">",
                ">",
                ">",
                ">",
                ">",
                ">",
                ">",
                ">",
                ">",
                ">",
                ">",
                ">",
                ">",
                ">",
                ">",
                ">",
                ">",
                ">",
                ">",
                ">",
                ">",
                ">"
            ],
            "execution_output": "Exception in thread \"main\" java.util.NoSuchElementException: No line found\n\tat java.base/java.util.Scanner.nextLine(Scanner.java:1660)\n\tat foo.main(foo.java:46)"
        },
        {
            "test_case": [
                "Test Case Input:\n\"100\", \"200\""
            ],
            "test_mutations": [
                "Test Case Input:\n\"100\", \"200\""
            ],
            "initial_code": "public class foo {\npublic static void copyFile(File sourceFile, File destFile) {\nFileChannel source = null;\nFileChannel destination = null;\n    try {\n        if (!destFile.exists()) {\n            destFile.createNewFile();\n        }\n    source = new FileInputStream(sourceFile).getChannel();\n    destination = new FileOutputStream(destFile).getChannel();\n    destination.transferFrom(source, 0, source.size());\n    } catch (Exception e) {\n        /* handle exception... */\n    } finally {\n    try {\n            if (source != null) {\n                source.close();\n            }\n            if (destination != null) {\n                destination.close();\n            }\n        } catch (Exception e) {\n            /* handle exception... */\n        }\n    }\n}\n}",
            "covered_code": "PLAN for step by step execution of the given Java program and test case:\n\n1. Class Declaration: Class declaration is executed. Statement \"public class foo {\" is covered.\n2. Method Declaration: The method \"public static void copyFile(File sourceFile, File destFile) {\" is declared but not executed in the absence of a function call.\n3. Variables Declaration and Initialization: The variables \"FileChannel source\" and \"FileChannel destination\" are declared but not initialized due to lack of execution.\n4. Try Block Execution: Statements within the try block are not executed due to the absence of a function call.\n5. If Statement Execution: The if condition is not evaluated due to the absence of execution.\n6. File Channel Initialization: The statements \"source = new FileInputStream(sourceFile).getChannel();\" and \"destination = new FileOutputStream(destFile).getChannel();\" are not executed.\n7. File Transfer: The statement \"destination.transferFrom(source, 0, source.size());\" is not executed.\n8. Catch Block Execution: Statements within the catch block are not executed due to the absence of exceptions.\n9. Finally Block Execution: The finally block and its statements are not executed due to the absence of a function call.\n10. Close File Channels: The closing of \"source\" and \"destination\" is not executed, and exception handling within the finally block is not executed as well.\n11. Closing Brackets: Closing brackets are not covered as they are part of the function and class not executed.\n\nFinal code coverage of the Java program based on its test case and given step-by-step reasoning for execution is:\n\n! public class foo {\n! public static void copyFile(File sourceFile, File destFile) {\n! FileChannel source = null;\n! FileChannel destination = null;\n!     try {\n!         if (!destFile.exists()) {\n!             destFile.createNewFile();\n!         }\n!     source = new FileInputStream(sourceFile).getChannel();\n!     destination = new FileOutputStream(destFile).getChannel();\n!     destination.transferFrom(source, 0, source.size());\n!     } catch (Exception e) {\n!         /* handle exception... */\n!     } finally {\n!     try {\n!             if (source != null) {\n!                 source.close();\n!             }\n!             if (destination != null) {\n!                 destination.close();\n!             }\n!         } catch (Exception e) {\n!             /* handle exception... */\n!         }\n!     }\n! }\n! }",
            "test_seed_coverage": [
                ">",
                ">",
                ">",
                ">",
                ">",
                ">",
                ">",
                ">",
                ">",
                ">",
                ">",
                ">",
                ">",
                ">",
                ">",
                ">",
                ">",
                ">",
                ">",
                ">",
                ">",
                ">",
                ">",
                ">",
                ">",
                ">",
                ">"
            ],
            "cumulative_coverage": [
                ">",
                ">",
                ">",
                ">",
                ">",
                ">",
                ">",
                ">",
                ">",
                ">",
                ">",
                ">",
                ">",
                ">",
                ">",
                ">",
                ">",
                ">",
                ">",
                ">",
                ">",
                ">",
                ">",
                ">",
                ">",
                ">",
                ">"
            ],
            "execution_output": "Exception in thread \"main\" java.util.NoSuchElementException: No line found\n\tat java.base/java.util.Scanner.nextLine(Scanner.java:1660)\n\tat foo.main(foo.java:46)"
        },
        {
            "test_case": [
                "Test Case Input:\n\"abc\", new File(\"test_copy.txt\")"
            ],
            "test_mutations": [
                "Test Case Input:\n\"abc\", new File(\"test_copy.txt\")"
            ],
            "initial_code": "public class foo {\npublic static void copyFile(File sourceFile, File destFile) {\nFileChannel source = null;\nFileChannel destination = null;\n    try {\n        if (!destFile.exists()) {\n            destFile.createNewFile();\n        }\n    source = new FileInputStream(sourceFile).getChannel();\n    destination = new FileOutputStream(destFile).getChannel();\n    destination.transferFrom(source, 0, source.size());\n    } catch (Exception e) {\n        /* handle exception... */\n    } finally {\n    try {\n            if (source != null) {\n                source.close();\n            }\n            if (destination != null) {\n                destination.close();\n            }\n        } catch (Exception e) {\n            /* handle exception... */\n        }\n    }\n}\n}",
            "covered_code": "PLAN for step by step execution of the given Java program and test case:\n\n1. Class Declaration: The class declaration statement \"public class foo {\" is executed.\n\n2. Method Declaration: The method declaration \"public static void copyFile(File sourceFile, File destFile) {\" is executed when the method is called.\n\n3. Variable Initialization: The lines initializing \"FileChannel source = null;\" and \"FileChannel destination = null;\" are executed.\n\n4. Try Block Execution: The \"try\" block is entered, and its statements are executed sequentially.\n\n5. File Existence Check: The statement \"if (!destFile.exists()) {\" is executed to check if the destination file exists.\n\n6. File Creation: Since the destination file does not exist, \"destFile.createNewFile();\" is executed.\n\n7. Source File Channel: \"source = new FileInputStream(sourceFile).getChannel();\" attempts to execute, but it will throw an exception because the sourceFile is a string (\"abc\"), not a File object.\n\n8. Exception Handling: The \"catch\" block is executed due to the exception thrown in the try block.\n\n9. Finally Block Execution: The \"finally\" block is executed, attempting to close the channels.\n\n10. Closing Channels: The lines \"if (source != null) {\" and \"source.close();\" are not executed because the source was never successfully initialized. The same applies to \"if (destination != null) {\" and \"destination.close();\".\n\n11. Closing Brackets: All closing brackets are executed.\n\nFinal code coverage of the Java program based on its test case and given step-by-step reasoning for execution is:\n\n> public class foo {\n> public static void copyFile(File sourceFile, File destFile) {\n> FileChannel source = null;\n> FileChannel destination = null;\n>     try {\n>         if (!destFile.exists()) {\n>             destFile.createNewFile();\n!         }\n!     source = new FileInputStream(sourceFile).getChannel();\n!     destination = new FileOutputStream(destFile).getChannel();\n!     destination.transferFrom(source, 0, source.size());\n>     } catch (Exception e) {\n>         /* handle exception... */\n>     } finally {\n>     try {\n!             if (source != null) {\n!                 source.close();\n!             }\n!             if (destination != null) {\n!                 destination.close();\n>             }\n>         } catch (Exception e) {\n>             /* handle exception... */\n>         }\n>     }\n> }\n> }",
            "test_seed_coverage": [
                ">",
                ">",
                ">",
                ">",
                ">",
                ">",
                ">",
                ">",
                ">",
                ">",
                ">",
                ">",
                ">",
                ">",
                ">",
                ">",
                ">",
                ">",
                ">",
                ">",
                ">",
                ">",
                ">",
                ">",
                ">",
                ">",
                ">"
            ],
            "cumulative_coverage": [
                ">",
                ">",
                ">",
                ">",
                ">",
                ">",
                ">",
                ">",
                ">",
                ">",
                ">",
                ">",
                ">",
                ">",
                ">",
                ">",
                ">",
                ">",
                ">",
                ">",
                ">",
                ">",
                ">",
                ">",
                ">",
                ">",
                ">"
            ],
            "execution_output": "Exception in thread \"main\" java.util.NoSuchElementException: No line found\n\tat java.base/java.util.Scanner.nextLine(Scanner.java:1660)\n\tat foo.main(foo.java:46)"
        },
        {
            "test_case": [
                "Test Case Input:\nnew File(\"test.txt\"), new File(\"non_existing_folder/test_copy.txt\")"
            ],
            "test_mutations": [
                "Test Case Input:\nnew File(\"test.txt\"), new File(\"non_existing_folder/test_copy.txt\")"
            ],
            "initial_code": "public class foo {\npublic static void copyFile(File sourceFile, File destFile) {\nFileChannel source = null;\nFileChannel destination = null;\n    try {\n        if (!destFile.exists()) {\n            destFile.createNewFile();\n        }\n    source = new FileInputStream(sourceFile).getChannel();\n    destination = new FileOutputStream(destFile).getChannel();\n    destination.transferFrom(source, 0, source.size());\n    } catch (Exception e) {\n        /* handle exception... */\n    } finally {\n    try {\n            if (source != null) {\n                source.close();\n            }\n            if (destination != null) {\n                destination.close();\n            }\n        } catch (Exception e) {\n            /* handle exception... */\n        }\n    }\n}\n}",
            "covered_code": "PLAN for step-by-step execution of the given Java program and test case:\n\n1. Class Declaration: The class declaration is executed. Statement \"public class foo {\" is covered.\n\n2. Method Declaration: Method declaration is executed when called. Statement \"public static void copyFile(File sourceFile, File destFile) {\" is covered.\n\n3. Variable Initialization: The variables `source` and `destination` are declared and initialized to `null`. Statements \"FileChannel source = null;\" and \"FileChannel destination = null;\" are covered.\n\n4. Try Block Execution: The try block is entered, and its statements are executed.\n\n5. File Existence Check: The statement \"if (!destFile.exists()) {\" checks if the destination file exists. Since \"non_existing_folder/test_copy.txt\" does not exist, the condition is true, and the block is executed. This line is covered.\n\n6. File Creation: The statement \"destFile.createNewFile();\" is executed to create a new file. This line is covered.\n\n7. Source File Channel Creation: The statement \"source = new FileInputStream(sourceFile).getChannel();\" is executed to open a channel for the source file \"test.txt\". This line is covered.\n\n8. Destination File Channel Creation: The statement \"destination = new FileOutputStream(destFile).getChannel();\" is executed to open a channel for the destination file. This line is covered.\n\n9. File Transfer: The statement \"destination.transferFrom(source, 0, source.size());\" is executed to transfer data from the source file to the destination file. This line is covered.\n\n10. Exception Handling Block: The catch block is not executed because no exception occurs during the file operations. The line \"/* handle exception... */\" is not covered.\n\n11. Finally Block Execution: The finally block is entered, and its statements are executed.\n\n12. Source Channel Closing: The statement \"if (source != null) {\" checks if the source channel is not null, and the block is executed to close the source channel. This line is covered.\n\n13. Destination Channel Closing: The statement \"if (destination != null) {\" checks if the destination channel is not null, and the block is executed to close the destination channel. This line is covered.\n\n14. Exception Handling in Finally Block: The catch block for exceptions during the closing of channels is not executed because no exception occurs. The line \"/* handle exception... */\" is not covered.\n\n15. Closing Brackets: Always covered.\n\nFinal code coverage of the Java program based on its test case and given step-by-step reasoning for execution is:\n\n```java\n> public class foo {\n> public static void copyFile(File sourceFile, File destFile) {\n> FileChannel source = null;\n> FileChannel destination = null;\n>     try {\n>         if (!destFile.exists()) {\n>             destFile.createNewFile();\n>         }\n>     source = new FileInputStream(sourceFile).getChannel();\n>     destination = new FileOutputStream(destFile).getChannel();\n>     destination.transferFrom(source, 0, source.size());\n!     } catch (Exception e) {\n!         /* handle exception... */\n>     } finally {\n>     try {\n>             if (source != null) {\n>                 source.close();\n>             }\n>             if (destination != null) {\n>                 destination.close();\n>             }\n!         } catch (Exception e) {\n!             /* handle exception... */\n>         }\n>     }\n> }\n> }\n```",
            "test_seed_coverage": [
                ">",
                ">",
                ">",
                ">",
                ">",
                ">",
                ">",
                ">",
                ">",
                ">",
                ">",
                ">",
                ">",
                ">",
                ">",
                ">",
                ">",
                ">",
                ">",
                ">",
                ">",
                ">",
                ">",
                ">",
                ">",
                ">",
                ">"
            ],
            "cumulative_coverage": [
                ">",
                ">",
                ">",
                ">",
                ">",
                ">",
                ">",
                ">",
                ">",
                ">",
                ">",
                ">",
                ">",
                ">",
                ">",
                ">",
                ">",
                ">",
                ">",
                ">",
                ">",
                ">",
                ">",
                ">",
                ">",
                ">",
                ">"
            ],
            "execution_output": "Exception in thread \"main\" java.util.NoSuchElementException: No line found\n\tat java.base/java.util.Scanner.nextLine(Scanner.java:1660)\n\tat foo.main(foo.java:46)"
        },
        {
            "test_case": [
                "Test Case Input:\n3/0, new File(\"test_copy.txt\")"
            ],
            "test_mutations": [
                "Test Case Input:\n3/0, new File(\"test_copy.txt\")"
            ],
            "initial_code": "public class foo {\npublic static void copyFile(File sourceFile, File destFile) {\nFileChannel source = null;\nFileChannel destination = null;\n    try {\n        if (!destFile.exists()) {\n            destFile.createNewFile();\n        }\n    source = new FileInputStream(sourceFile).getChannel();\n    destination = new FileOutputStream(destFile).getChannel();\n    destination.transferFrom(source, 0, source.size());\n    } catch (Exception e) {\n        /* handle exception... */\n    } finally {\n    try {\n            if (source != null) {\n                source.close();\n            }\n            if (destination != null) {\n                destination.close();\n            }\n        } catch (Exception e) {\n            /* handle exception... */\n        }\n    }\n}\n}",
            "covered_code": "Plan for step by step execution of the given Java program and test case:\n\n1. foo Class Declaration: Class declaration is executed. Statement \"public class foo {\" is covered.\n2. copyFile Method Declaration: Method declaration is executed when the method is called. Statement \"public static void copyFile(File sourceFile, File destFile) {\" is covered.\n3. Variable Initialization: Statements \"FileChannel source = null;\" and \"FileChannel destination = null;\" are covered.\n4. Try Block Execution: The try block is executed. The statement \"try {\" is covered.\n5. If Condition Check: The if condition \"!destFile.exists()\" is checked. It is executed. The statement \"if (!destFile.exists()) {\" is covered.\n6. If Block Execution: If the destination file doesn't exist, \"destFile.createNewFile();\" is executed. The statement \"destFile.createNewFile();\" is covered.\n7. FileChannel Initialization: The file channels are initialized. The statements \"source = new FileInputStream(sourceFile).getChannel();\" and \"destination = new FileOutputStream(destFile).getChannel();\" are covered.\n8. File Transfer Execution: The statement \"destination.transferFrom(source, 0, source.size());\" is covered.\n9. Catch Block: Since no exception is thrown, the catch block is not executed. The statement \"catch (Exception e) {\" is not covered.\n10. Finally Block Execution: Finally block is always executed. The statement \"finally {\" is covered.\n11. Close Channels: The statements \"if (source != null) { source.close(); }\" and \"if (destination != null) { destination.close(); }\" are executed.\n12. Nested Try-Catch in Finally Block: The nested try-catch in the finally block is executed. The statement \"try {\" is covered, but the catch block is not executed since no exception occurs.\n13. Closing Brackets: Always covered.\n\nFinal code coverage of the Java program based on its test case and the given step-by-step reasoning for execution is:\n\n> public class foo {\n> public static void copyFile(File sourceFile, File destFile) {\n> FileChannel source = null;\n> FileChannel destination = null;\n>    try {\n>        if (!destFile.exists()) {\n>            destFile.createNewFile();\n>        }\n>    source = new FileInputStream(sourceFile).getChannel();\n>    destination = new FileOutputStream(destFile).getChannel();\n>    destination.transferFrom(source, 0, source.size());\n!    } catch (Exception e) {\n!        /* handle exception... */\n>    } finally {\n>    try {\n>            if (source != null) {\n>                source.close();\n>            }\n>            if (destination != null) {\n>                destination.close();\n>            }\n!        } catch (Exception e) {\n!            /* handle exception... */\n>        }\n>    }\n> }\n>}",
            "test_seed_coverage": [
                ">",
                ">",
                ">",
                ">",
                ">",
                ">",
                ">",
                ">",
                ">",
                ">",
                ">",
                ">",
                ">",
                ">",
                ">",
                ">",
                ">",
                ">",
                ">",
                ">",
                ">",
                ">",
                ">",
                ">",
                ">",
                ">",
                ">"
            ],
            "cumulative_coverage": [
                ">",
                ">",
                ">",
                ">",
                ">",
                ">",
                ">",
                ">",
                ">",
                ">",
                ">",
                ">",
                ">",
                ">",
                ">",
                ">",
                ">",
                ">",
                ">",
                ">",
                ">",
                ">",
                ">",
                ">",
                ">",
                ">",
                ">"
            ],
            "execution_output": "Exception in thread \"main\" java.util.NoSuchElementException: No line found\n\tat java.base/java.util.Scanner.nextLine(Scanner.java:1660)\n\tat foo.main(foo.java:46)"
        },
        {
            "test_case": [
                "Test Case Input:\n\"abc\", 0"
            ],
            "test_mutations": [
                "Test Case Input:\n\"abc\", 0"
            ],
            "initial_code": "public class foo {\npublic static void copyFile(File sourceFile, File destFile) {\nFileChannel source = null;\nFileChannel destination = null;\n    try {\n        if (!destFile.exists()) {\n            destFile.createNewFile();\n        }\n    source = new FileInputStream(sourceFile).getChannel();\n    destination = new FileOutputStream(destFile).getChannel();\n    destination.transferFrom(source, 0, source.size());\n    } catch (Exception e) {\n        /* handle exception... */\n    } finally {\n    try {\n            if (source != null) {\n                source.close();\n            }\n            if (destination != null) {\n                destination.close();\n            }\n        } catch (Exception e) {\n            /* handle exception... */\n        }\n    }\n}\n}",
            "covered_code": "give the PLAN for step by step execution of the given java program and test case-\n\n1. Class Declaration: The class declaration statement \"public class foo {\" is executed and covered.\n2. Method Declaration: The method declaration \"public static void copyFile(File sourceFile, File destFile) {\" is executed when called.\n3. Variable Declaration: The statements \"FileChannel source = null;\" and \"FileChannel destination = null;\" are executed and covered.\n4. Try Block: The try block begins execution. The statement \"try {\" is covered.\n5. Check Destination File: The condition to check if the destination file exists \"if (!destFile.exists()) {\" is executed.\n6. Create Destination File: The statement \"destFile.createNewFile();\" is executed if the condition is true.\n7. Open Source Channel: The statement \"source = new FileInputStream(sourceFile).getChannel();\" attempts to execute.\n8. Open Destination Channel: The statement \"destination = new FileOutputStream(destFile).getChannel();\" attempts to execute.\n9. Transfer Data: The statement \"destination.transferFrom(source, 0, source.size());\" attempts to execute.\n10. Catch Block: If an exception occurs, such as a FileNotFoundException due to the invalid test case input, the catch block \"catch (Exception e) { /* handle exception... */ }\" is executed.\n11. Finally Block: The finally block \"finally {\" is executed regardless of whether an exception occurred or not.\n12. Close Source Channel: The statement \"if (source != null) { source.close(); }\" is executed.\n13. Close Destination Channel: The statement \"if (destination != null) { destination.close(); }\" is executed.\n14. End of Finally Block: The closing bracket of the finally block is executed and covered.\n15. End of Method: The closing bracket of the method is executed and covered.\n16. End of Class: The closing bracket of the class is executed and covered.\n\nFinal code coverage of the Java program based on its test case and given step by step reasoning for execution is:\n\n> public class foo {\n> public static void copyFile(File sourceFile, File destFile) {\n> FileChannel source = null;\n> FileChannel destination = null;\n>     try {\n>         if (!destFile.exists()) {\n>             destFile.createNewFile();\n!         }\n!     source = new FileInputStream(sourceFile).getChannel();\n!     destination = new FileOutputStream(destFile).getChannel();\n!     destination.transferFrom(source, 0, source.size());\n>     } catch (Exception e) {\n>         /* handle exception... */\n>     } finally {\n>     try {\n>             if (source != null) {\n>                 source.close();\n>             }\n>             if (destination != null) {\n>                 destination.close();\n>             }\n>         } catch (Exception e) {\n>             /* handle exception... */\n>         }\n>     }\n> }\n> }",
            "test_seed_coverage": [
                ">",
                ">",
                ">",
                ">",
                ">",
                ">",
                ">",
                ">",
                ">",
                ">",
                ">",
                ">",
                ">",
                ">",
                ">",
                ">",
                ">",
                ">",
                ">",
                ">",
                ">",
                ">",
                ">",
                ">",
                ">",
                ">",
                ">"
            ],
            "cumulative_coverage": [
                ">",
                ">",
                ">",
                ">",
                ">",
                ">",
                ">",
                ">",
                ">",
                ">",
                ">",
                ">",
                ">",
                ">",
                ">",
                ">",
                ">",
                ">",
                ">",
                ">",
                ">",
                ">",
                ">",
                ">",
                ">",
                ">",
                ">"
            ],
            "execution_output": "Exception in thread \"main\" java.util.NoSuchElementException: No line found\n\tat java.base/java.util.Scanner.nextLine(Scanner.java:1660)\n\tat foo.main(foo.java:46)"
        },
        {
            "test_case": [
                "Test Case Input:\n\"100\", 0"
            ],
            "test_mutations": [
                "Test Case Input:\n\"100\", 0"
            ],
            "initial_code": "public class foo {\npublic static void copyFile(File sourceFile, File destFile) {\nFileChannel source = null;\nFileChannel destination = null;\n    try {\n        if (!destFile.exists()) {\n            destFile.createNewFile();\n        }\n    source = new FileInputStream(sourceFile).getChannel();\n    destination = new FileOutputStream(destFile).getChannel();\n    destination.transferFrom(source, 0, source.size());\n    } catch (Exception e) {\n        /* handle exception... */\n    } finally {\n    try {\n            if (source != null) {\n                source.close();\n            }\n            if (destination != null) {\n                destination.close();\n            }\n        } catch (Exception e) {\n            /* handle exception... */\n        }\n    }\n}\n}",
            "covered_code": "PLAN for step by step execution of the given Java program and test case:\n\n1. Class Declaration: The class `foo` is declared.\n2. Method Declaration: The method `copyFile` is declared.\n3. Try Block Execution: The `try` block begins execution.\n4. Destination File Existence Check: It checks if `destFile` exists. Since we don't have information about the existence of `destFile`, let's assume it exists.\n5. File Channels Initialization: The source and destination channels are initialized.\n6. Transfer from Source to Destination: Data is transferred from the source to the destination.\n7. Catch Block Execution: If an exception occurs, the catch block would handle it, but since no exception is specified, it's assumed not to be executed.\n8. Finally Block Execution: The `finally` block is executed.\n9. Source and Destination Close Check: It checks and closes both source and destination channels.\n10. Closing Brackets: The closing brackets for both the method and the class are executed.\n\nFinal code coverage of the Java program based on the test case and given step-by-step reasoning for execution is:\n\n```\n> public class foo {\n> public static void copyFile(File sourceFile, File destFile) {\n> FileChannel source = null;\n> FileChannel destination = null;\n>     try {\n>         if (!destFile.exists()) {\n!             destFile.createNewFile();\n>         }\n>     source = new FileInputStream(sourceFile).getChannel();\n>     destination = new FileOutputStream(destFile).getChannel();\n>     destination.transferFrom(source, 0, source.size());\n>     } catch (Exception e) {\n!         /* handle exception... */\n>     } finally {\n>     try {\n>             if (source != null) {\n>                 source.close();\n>             }\n>             if (destination != null) {\n>                 destination.close();\n>             }\n>         } catch (Exception e) {\n!             /* handle exception... */\n>         }\n>     }\n> }\n> }\n```",
            "test_seed_coverage": [
                ">",
                ">",
                ">",
                ">",
                ">",
                ">",
                ">",
                ">",
                ">",
                ">",
                ">",
                ">",
                ">",
                ">",
                ">",
                ">",
                ">",
                ">",
                ">",
                ">",
                ">",
                ">",
                ">",
                ">",
                ">",
                ">",
                ">"
            ],
            "cumulative_coverage": [
                ">",
                ">",
                ">",
                ">",
                ">",
                ">",
                ">",
                ">",
                ">",
                ">",
                ">",
                ">",
                ">",
                ">",
                ">",
                ">",
                ">",
                ">",
                ">",
                ">",
                ">",
                ">",
                ">",
                ">",
                ">",
                ">",
                ">"
            ],
            "execution_output": "Exception in thread \"main\" java.util.NoSuchElementException: No line found\n\tat java.base/java.util.Scanner.nextLine(Scanner.java:1660)\n\tat foo.main(foo.java:46)"
        },
        {
            "test_case": [
                "Test Case Input:\n5/0, new File(\"test_copy.txt\")"
            ],
            "test_mutations": [
                "Test Case Input:\n5/0, new File(\"test_copy.txt\")"
            ],
            "initial_code": "public class foo {\npublic static void copyFile(File sourceFile, File destFile) {\nFileChannel source = null;\nFileChannel destination = null;\n    try {\n        if (!destFile.exists()) {\n            destFile.createNewFile();\n        }\n    source = new FileInputStream(sourceFile).getChannel();\n    destination = new FileOutputStream(destFile).getChannel();\n    destination.transferFrom(source, 0, source.size());\n    } catch (Exception e) {\n        /* handle exception... */\n    } finally {\n    try {\n            if (source != null) {\n                source.close();\n            }\n            if (destination != null) {\n                destination.close();\n            }\n        } catch (Exception e) {\n            /* handle exception... */\n        }\n    }\n}\n}",
            "covered_code": "PLAN for step by step execution of the given Java program and test case:\n\n1. Class Declaration: The class `foo` is declared and will be covered.\n2. Method Declaration: The method `copyFile` is declared and will be covered when called.\n3. Method Call: The method `copyFile` is invoked with parameters `new File(\"5/0\")` and `new File(\"test_copy.txt\")`.\n4. Try Block Execution: The `try` block is entered since the program attempts to execute code that might throw exceptions.\n5. Check if Destination File Exists: Statement `if (!destFile.exists()) {` is executed.\n6. Create New File: Since `destFile` does not exist, `destFile.createNewFile();` is executed.\n7. File Input/Output Stream Creation: `source = new FileInputStream(sourceFile).getChannel();` and `destination = new FileOutputStream(destFile).getChannel();` are executed.\n8. File Transfer: `destination.transferFrom(source, 0, source.size());` is executed if no exceptions occur.\n9. Catch Block: The catch block is not executed because no exception is thrown during the file operations.\n10. Finally Block: The `finally` block is executed.\n11. Close Source: The first `if (source != null) {` and `source.close();` statements are executed.\n12. Close Destination: The second `if (destination != null) {` and `destination.close();` statements are executed.\n13. Catch Block within Finally: Not executed because no exceptions occur during the closing of channels.\n\nFinal code coverage of the Java program based on its test case and given step by step reasoning for execution is:\n\n> public class foo {\n> public static void copyFile(File sourceFile, File destFile) {\n> FileChannel source = null;\n> FileChannel destination = null;\n>     try {\n>         if (!destFile.exists()) {\n>             destFile.createNewFile();\n>         }\n>     source = new FileInputStream(sourceFile).getChannel();\n>     destination = new FileOutputStream(destFile).getChannel();\n>     destination.transferFrom(source, 0, source.size());\n!     } catch (Exception e) {\n!         /* handle exception... */\n>     } finally {\n>     try {\n>             if (source != null) {\n>                 source.close();\n>             }\n>             if (destination != null) {\n>                 destination.close();\n>             }\n!         } catch (Exception e) {\n!             /* handle exception... */\n>         }\n>     }\n> }\n> }",
            "test_seed_coverage": [
                ">",
                ">",
                ">",
                ">",
                ">",
                ">",
                ">",
                ">",
                ">",
                ">",
                ">",
                ">",
                ">",
                ">",
                ">",
                ">",
                ">",
                ">",
                ">",
                ">",
                ">",
                ">",
                ">",
                ">",
                ">",
                ">",
                ">"
            ],
            "cumulative_coverage": [
                ">",
                ">",
                ">",
                ">",
                ">",
                ">",
                ">",
                ">",
                ">",
                ">",
                ">",
                ">",
                ">",
                ">",
                ">",
                ">",
                ">",
                ">",
                ">",
                ">",
                ">",
                ">",
                ">",
                ">",
                ">",
                ">",
                ">"
            ],
            "execution_output": "Exception in thread \"main\" java.util.NoSuchElementException: No line found\n\tat java.base/java.util.Scanner.nextLine(Scanner.java:1660)\n\tat foo.main(foo.java:46)"
        },
        {
            "test_case": [
                "Test Case Input:\n0, new File(\"test_copy.txt\")"
            ],
            "test_mutations": [
                "Test Case Input:\n0, new File(\"test_copy.txt\")"
            ],
            "initial_code": "public class foo {\npublic static void copyFile(File sourceFile, File destFile) {\nFileChannel source = null;\nFileChannel destination = null;\n    try {\n        if (!destFile.exists()) {\n            destFile.createNewFile();\n        }\n    source = new FileInputStream(sourceFile).getChannel();\n    destination = new FileOutputStream(destFile).getChannel();\n    destination.transferFrom(source, 0, source.size());\n    } catch (Exception e) {\n        /* handle exception... */\n    } finally {\n    try {\n            if (source != null) {\n                source.close();\n            }\n            if (destination != null) {\n                destination.close();\n            }\n        } catch (Exception e) {\n            /* handle exception... */\n        }\n    }\n}\n}",
            "covered_code": "PLAN for step by step execution of the given Java program and test case:\n\n1. Class Declaration: Class declaration is executed. Statement \"public class foo {\" is covered.\n2. Method Declaration: Method declaration is executed when called. Statement \"public static void copyFile(File sourceFile, File destFile) {\" is covered.\n3. Variable Initialization: Variables \"FileChannel source = null;\" and \"FileChannel destination = null;\" are initialized and covered.\n4. Try Block Execution: The try block is executed since there is no exception raised before it. Statement \"try {\" is covered.\n5. DestFile Existence Check: The condition \"!destFile.exists()\" is true since the file \"test_copy.txt\" does not exist, so \"destFile.createNewFile();\" is covered.\n6. FileChannel Initialization: The statements for initializing \"source\" and \"destination\" are covered since \"sourceFile\" is valid: \"source = new FileInputStream(sourceFile).getChannel();\" and \"destination = new FileOutputStream(destFile).getChannel();\" are covered.\n7. File Transfer: The file transfer statement \"destination.transferFrom(source, 0, source.size());\" is covered.\n8. Catch Block: The catch block is not executed since no exception occurs. Statement \"catch (Exception e) {\" is not covered.\n9. Finally Block Execution: The finally block is always executed. Statement \"finally {\" is covered.\n10. Resource Closure: The statements to close \"source\" and \"destination\" are executed since neither is null: \"if (source != null) { source.close(); }\" and \"if (destination != null) { destination.close(); }\" are covered.\n11. Catch Block for Finally: The catch block within the finally block is not executed since no exception occurs. Statement \"catch (Exception e) {\" is not covered.\n12. Closing Brackets: Closing brackets are always covered.\n\nFinal code coverage of the Java program based on its test case and given step by step reasoning for execution is:\n\n> public class foo {\n> public static void copyFile(File sourceFile, File destFile) {\n> FileChannel source = null;\n> FileChannel destination = null;\n>     try {\n>         if (!destFile.exists()) {\n>             destFile.createNewFile();\n>         }\n>     source = new FileInputStream(sourceFile).getChannel();\n>     destination = new FileOutputStream(destFile).getChannel();\n>     destination.transferFrom(source, 0, source.size());\n!     } catch (Exception e) {\n!         /* handle exception... */\n>     } finally {\n>     try {\n>             if (source != null) {\n>                 source.close();\n>             }\n>             if (destination != null) {\n>                 destination.close();\n>             }\n!         } catch (Exception e) {\n!             /* handle exception... */\n>         }\n>     }\n> }\n> }",
            "test_seed_coverage": [
                ">",
                ">",
                ">",
                ">",
                ">",
                ">",
                ">",
                ">",
                ">",
                ">",
                ">",
                ">",
                ">",
                ">",
                ">",
                ">",
                ">",
                ">",
                ">",
                ">",
                ">",
                ">",
                ">",
                ">",
                ">",
                ">",
                ">"
            ],
            "cumulative_coverage": [
                ">",
                ">",
                ">",
                ">",
                ">",
                ">",
                ">",
                ">",
                ">",
                ">",
                ">",
                ">",
                ">",
                ">",
                ">",
                ">",
                ">",
                ">",
                ">",
                ">",
                ">",
                ">",
                ">",
                ">",
                ">",
                ">",
                ">"
            ],
            "execution_output": "Exception in thread \"main\" java.util.NoSuchElementException: No line found\n\tat java.base/java.util.Scanner.nextLine(Scanner.java:1660)\n\tat foo.main(foo.java:46)"
        },
        {
            "test_case": [
                "Test Case Input:\n5, \"test.txt\""
            ],
            "test_mutations": [
                "Test Case Input:\n5, \"test.txt\""
            ],
            "initial_code": "public class foo {\npublic static void copyFile(File sourceFile, File destFile) {\nFileChannel source = null;\nFileChannel destination = null;\n    try {\n        if (!destFile.exists()) {\n            destFile.createNewFile();\n        }\n    source = new FileInputStream(sourceFile).getChannel();\n    destination = new FileOutputStream(destFile).getChannel();\n    destination.transferFrom(source, 0, source.size());\n    } catch (Exception e) {\n        /* handle exception... */\n    } finally {\n    try {\n            if (source != null) {\n                source.close();\n            }\n            if (destination != null) {\n                destination.close();\n            }\n        } catch (Exception e) {\n            /* handle exception... */\n        }\n    }\n}\n}",
            "covered_code": "Plan for step-by-step execution of the given Java program and test case:\n\n1. Class Declaration: Class declaration is executed. Statement \"public class foo {\" is covered.\n2. Method Declaration: Method declaration is executed when called. Statement \"public static void copyFile(File sourceFile, File destFile) {\" is covered.\n3. Variable Declaration: Variables for FileChannel are declared but not initialized. Statements \"FileChannel source = null;\" and \"FileChannel destination = null;\" are covered.\n4. Try Block Execution: Try block is executed when the method is called. Statement \"try {\" is covered.\n5. File Existence Check: If statement inside the try block is executed. Statement \"if (!destFile.exists()) {\" is covered.\n6. File Creation: The statement inside the if block is executed if the condition is true. Statement \"destFile.createNewFile();\" is covered.\n7. Source File Channel Creation: FileInputStream creation and channel opening are executed. Statement \"source = new FileInputStream(sourceFile).getChannel();\" is covered.\n8. Destination File Channel Creation: FileOutputStream creation and channel opening are executed. Statement \"destination = new FileOutputStream(destFile).getChannel();\" is covered.\n9. File Transfer: The transferFrom method is executed. Statement \"destination.transferFrom(source, 0, source.size());\" is covered.\n10. Catch Block: Catch block is not executed unless an exception is thrown. The statement \"catch (Exception e) {\" is not covered.\n11. Finally Block Execution: Finally block is executed whether or not an exception is thrown. Statement \"finally {\" is covered.\n12. Source Channel Closure: If statement inside finally block is executed. Statement \"if (source != null) {\" is covered.\n13. Source Channel Close Method: Source close method is executed. Statement \"source.close();\" is covered.\n14. Destination Channel Closure: If statement inside finally block is executed. Statement \"if (destination != null) {\" is covered.\n15. Destination Channel Close Method: Destination close method is executed. Statement \"destination.close();\" is covered.\n16. Catch Block Inside Finally: Catch block inside finally block is never executed unless an exception is thrown during close operations. The statement \"catch (Exception e) {\" is not covered.\n17. Closing Brackets: Always covered.\n\nFinal code coverage of the Java program based on its test case and given step-by-step reasoning for execution is:\n\n```\n> public class foo {\n> public static void copyFile(File sourceFile, File destFile) {\n> FileChannel source = null;\n> FileChannel destination = null;\n> try {\n> if (!destFile.exists()) {\n> destFile.createNewFile();\n> }\n> source = new FileInputStream(sourceFile).getChannel();\n> destination = new FileOutputStream(destFile).getChannel();\n> destination.transferFrom(source, 0, source.size());\n! } catch (Exception e) {\n! /* handle exception... */\n> } finally {\n> try {\n> if (source != null) {\n> source.close();\n> }\n> if (destination != null) {\n> destination.close();\n> }\n! } catch (Exception e) {\n! /* handle exception... */\n> }\n> }\n> }\n> }\n```",
            "test_seed_coverage": [
                ">",
                ">",
                ">",
                ">",
                ">",
                ">",
                ">",
                ">",
                ">",
                ">",
                ">",
                ">",
                ">",
                ">",
                ">",
                ">",
                ">",
                ">",
                ">",
                ">",
                ">",
                ">",
                ">",
                ">",
                ">",
                ">",
                ">"
            ],
            "cumulative_coverage": [
                ">",
                ">",
                ">",
                ">",
                ">",
                ">",
                ">",
                ">",
                ">",
                ">",
                ">",
                ">",
                ">",
                ">",
                ">",
                ">",
                ">",
                ">",
                ">",
                ">",
                ">",
                ">",
                ">",
                ">",
                ">",
                ">",
                ">"
            ],
            "execution_output": "Exception in thread \"main\" java.util.NoSuchElementException: No line found\n\tat java.base/java.util.Scanner.nextLine(Scanner.java:1660)\n\tat foo.main(foo.java:46)"
        }
    ]
}