{
  "submission_id": "74971",
  "cycles": [
    {
      "test_case": [
        "Test Case Input:\n\"test\""
      ],
      "test_mutations": [
        "Test Case Input:\n\"test\""
      ],
      "initial_code": "public class foo {\npublic String hash(String victim) throws NoSuchAlgorithmException\n{\n    MessageDigest md = MessageDigest.getInstance(\"SHA1\");\n    md.reset();\n    byte[] buffer = victim.getBytes();\n    md.update(buffer);\n    byte[] digest = md.digest();\n    StringBuilder hexStr = new StringBuilder();\n    for (int i = 0; i < digest.length; i++) {\n        hexStr.append(Integer.toString( ( digest[i] & 0xff ) + 0x100, 16).substring( 1 ));\n    }\n    return hexStr.toString();\n}\n}",
      "covered_code": "Plan for step by step execution of the given Java program and test case:\n\n1. Class Declaration: The class `foo` is declared. The statement `public class foo {` is covered.\n2. Method Declaration: The method `hash` is declared. The statement `public String hash(String victim) throws NoSuchAlgorithmException` is covered.\n3. MessageDigest Instance Creation: The statement `MessageDigest md = MessageDigest.getInstance(\"SHA1\");` is covered.\n4. MessageDigest Reset: The statement `md.reset();` is covered.\n5. Byte Array Creation: The statement `byte[] buffer = victim.getBytes();` is covered.\n6. MessageDigest Update: The statement `md.update(buffer);` is covered.\n7. MessageDigest Digest: The statement `byte[] digest = md.digest();` is covered.\n8. StringBuilder Creation: The statement `StringBuilder hexStr = new StringBuilder();` is covered.\n9. For Loop Execution: The for loop condition is true and the loop block will be executed. The statement `for (int i = 0; i < digest.length; i++) {` is covered.\n10. Integer to String Conversion and Append: The statement `hexStr.append(Integer.toString( ( digest[i] & 0xff ) + 0x100, 16).substring( 1 ));` is covered.\n11. Return Statement: The statement `return hexStr.toString();` is covered.\n12. Closing Brackets: Always covered.\n\nFinal code coverage of the Java program based on its test case and given step by step reasoning for execution is:\n\n```\n> public class foo {\n> public String hash(String victim) throws NoSuchAlgorithmException\n> {\n>     MessageDigest md = MessageDigest.getInstance(\"SHA1\");\n>     md.reset();\n>     byte[] buffer = victim.getBytes();\n>     md.update(buffer);\n>     byte[] digest = md.digest();\n>     StringBuilder hexStr = new StringBuilder();\n>     for (int i = 0; i < digest.length; i++) {\n>         hexStr.append(Integer.toString( ( digest[i] & 0xff ) + 0x100, 16).substring( 1 ));\n>     }\n>     return hexStr.toString();\n> }\n> }\n```",
      "test_seed_coverage": [
        ">",
        ">",
        ">",
        ">",
        ">",
        ">",
        ">",
        ">",
        ">",
        ">",
        ">",
        ">",
        ">",
        ">",
        ">"
      ],
      "cumulative_coverage": [
        ">",
        ">",
        ">",
        ">",
        ">",
        ">",
        ">",
        ">",
        ">",
        ">",
        ">",
        ">",
        ">",
        ">",
        ">"
      ]
    },
    {
      "test_case": [
        "Test Case Input:\nnull"
      ],
      "test_mutations": [
        "Test Case Input:\nnull"
      ],
      "initial_code": "public class foo {\npublic String hash(String victim) throws NoSuchAlgorithmException\n{\n    MessageDigest md = MessageDigest.getInstance(\"SHA1\");\n    md.reset();\n    byte[] buffer = victim.getBytes();\n    md.update(buffer);\n    byte[] digest = md.digest();\n    StringBuilder hexStr = new StringBuilder();\n    for (int i = 0; i < digest.length; i++) {\n        hexStr.append(Integer.toString( ( digest[i] & 0xff ) + 0x100, 16).substring( 1 ));\n    }\n    return hexStr.toString();\n}\n}",
      "covered_code": "PLAN for step by step execution of the given Java program and test case:\n\n1. Class Declaration: Class declarations are covered. Statement \"public class foo {\" is covered.\n2. Method Declaration: The method \"hash\" is declared but not executed because there is no main method or any invocation of the hash method in the provided test case. The statement \"public String hash(String victim) throws NoSuchAlgorithmException\" is covered.\n3. Code Execution inside Method: Since the method is never called, none of the lines inside the method will be executed.\n4. Closing Brackets: Always covered.\n\nFinal code coverage of the Java program based on its test case and given step by step reasoning for execution is:\n\n> public class foo {\n> public String hash(String victim) throws NoSuchAlgorithmException\n! {\n!     MessageDigest md = MessageDigest.getInstance(\"SHA1\");\n!     md.reset();\n!     byte[] buffer = victim.getBytes();\n!     md.update(buffer);\n!     byte[] digest = md.digest();\n!     StringBuilder hexStr = new StringBuilder();\n!     for (int i = 0; i < digest.length; i++) {\n!         hexStr.append(Integer.toString( ( digest[i] & 0xff ) + 0x100, 16).substring( 1 ));\n!     }\n!     return hexStr.toString();\n> }\n> }",
      "test_seed_coverage": [
        ">",
        ">",
        ">",
        ">",
        ">",
        ">",
        ">",
        ">",
        ">",
        ">",
        ">",
        ">",
        ">",
        ">",
        ">"
      ],
      "cumulative_coverage": [
        ">",
        ">",
        ">",
        ">",
        ">",
        ">",
        ">",
        ">",
        ">",
        ">",
        ">",
        ">",
        ">",
        ">",
        ">"
      ]
    },
    {
      "test_case": [
        "Test Case Input:\n0 / 0"
      ],
      "test_mutations": [
        "Test Case Input:\n0 / 0"
      ],
      "initial_code": "public class foo {\npublic String hash(String victim) throws NoSuchAlgorithmException\n{\n    MessageDigest md = MessageDigest.getInstance(\"SHA1\");\n    md.reset();\n    byte[] buffer = victim.getBytes();\n    md.update(buffer);\n    byte[] digest = md.digest();\n    StringBuilder hexStr = new StringBuilder();\n    for (int i = 0; i < digest.length; i++) {\n        hexStr.append(Integer.toString( ( digest[i] & 0xff ) + 0x100, 16).substring( 1 ));\n    }\n    return hexStr.toString();\n}\n}",
      "covered_code": "PLAN for step by step execution of the given Java program and test case:\n\n1. Class Declaration: The class \"foo\" is declared. The statement \"public class foo {\" is covered.\n\n2. Method Declaration: The method \"hash\" is declared. The statement \"public String hash(String victim) throws NoSuchAlgorithmException\" is covered.\n\n3. Exception Handling: The method may throw a NoSuchAlgorithmException, but this is not tested or covered in this input scenario.\n\n4. MessageDigest Initialization: The MessageDigest is initialized with \"SHA1\". The statement \"MessageDigest md = MessageDigest.getInstance(\"SHA1\");\" is covered.\n\n5. MessageDigest Reset: The reset method is called on the MessageDigest. The statement \"md.reset();\" is covered.\n\n6. Convert String to Bytes: The input string \"victim\" is converted to a byte array. The statement \"byte[] buffer = victim.getBytes();\" is covered.\n\n7. Update MessageDigest: The byte array is used to update the MessageDigest. The statement \"md.update(buffer);\" is covered.\n\n8. Digest Calculation: The digest is calculated from the updated MessageDigest. The statement \"byte[] digest = md.digest();\" is covered.\n\n9. StringBuilder Initialization: A StringBuilder is initialized to build the hex string. The statement \"StringBuilder hexStr = new StringBuilder();\" is covered.\n\n10. For Loop Execution: The for loop iterates over the byte array \"digest\". Since \"digest\" is non-empty, the loop executes. The statement \"for (int i = 0; i < digest.length; i++) {\" is covered.\n\n11. Hex String Construction: Inside the loop, each byte is converted to a hex string and appended to the StringBuilder. The statement \"hexStr.append(Integer.toString( ( digest[i] & 0xff ) + 0x100, 16).substring( 1 ));\" is covered.\n\n12. Return Hex String: The constructed hex string is returned. The statement \"return hexStr.toString();\" is covered.\n\n13. Closing Brackets: Always covered.\n\nFinal code coverage of the Java program based on its test case and given step by step reasoning for execution is:\n\n```\n> public class foo {\n> public String hash(String victim) throws NoSuchAlgorithmException\n> {\n>     MessageDigest md = MessageDigest.getInstance(\"SHA1\");\n>     md.reset();\n>     byte[] buffer = victim.getBytes();\n>     md.update(buffer);\n>     byte[] digest = md.digest();\n>     StringBuilder hexStr = new StringBuilder();\n>     for (int i = 0; i < digest.length; i++) {\n>         hexStr.append(Integer.toString( ( digest[i] & 0xff ) + 0x100, 16).substring( 1 ));\n>     }\n>     return hexStr.toString();\n> }\n> }\n```",
      "test_seed_coverage": [
        ">",
        ">",
        ">",
        ">",
        ">",
        ">",
        ">",
        ">",
        ">",
        ">",
        ">",
        ">",
        ">",
        ">",
        ">"
      ],
      "cumulative_coverage": [
        ">",
        ">",
        ">",
        ">",
        ">",
        ">",
        ">",
        ">",
        ">",
        ">",
        ">",
        ">",
        ">",
        ">",
        ">"
      ]
    },
    {
      "test_case": [
        "Test Case Input:\n10 / 0"
      ],
      "test_mutations": [
        "Test Case Input:\n10 / 0"
      ],
      "initial_code": "public class foo {\npublic String hash(String victim) throws NoSuchAlgorithmException\n{\n    MessageDigest md = MessageDigest.getInstance(\"SHA1\");\n    md.reset();\n    byte[] buffer = victim.getBytes();\n    md.update(buffer);\n    byte[] digest = md.digest();\n    StringBuilder hexStr = new StringBuilder();\n    for (int i = 0; i < digest.length; i++) {\n        hexStr.append(Integer.toString( ( digest[i] & 0xff ) + 0x100, 16).substring( 1 ));\n    }\n    return hexStr.toString();\n}\n}",
      "covered_code": "Plan for step by step execution of the given Java program and test case:\n\n1. Import statements: There are no import statements in the given code.\n2. foo Class Declaration: The class declaration statement \"public class foo {\" is executed and covered.\n3. hash Method Declaration: The method declaration statement \"public String hash(String victim) throws NoSuchAlgorithmException\" is executed when called. It is covered.\n4. MessageDigest Initialization: The statement \"MessageDigest md = MessageDigest.getInstance(\"SHA1\");\" will be executed and covered, assuming the exception isn't thrown.\n5. Reset MessageDigest: The statement \"md.reset();\" will be executed and covered.\n6. Convert String to Bytes: The statement \"byte[] buffer = victim.getBytes();\" will be executed and covered.\n7. Update MessageDigest: The statement \"md.update(buffer);\" will be executed and covered.\n8. Compute Digest: The statement \"byte[] digest = md.digest();\" will be executed and covered.\n9. Initialize StringBuilder: The statement \"StringBuilder hexStr = new StringBuilder();\" will be executed and covered.\n10. For Loop Execution: The for loop \"for (int i = 0; i < digest.length; i++) {\" will be executed and covered.\n11. Append to StringBuilder: The statement \"hexStr.append(Integer.toString( ( digest[i] & 0xff ) + 0x100, 16).substring( 1 ));\" will be executed for each byte in the digest and covered.\n12. Return Statement: The statement \"return hexStr.toString();\" will be executed and covered.\n13. Closing Brackets: Always covered.\n\nFinal code coverage of the Java program based on its test case and given step by step reasoning for execution is:\n\n```\n> public class foo {\n> public String hash(String victim) throws NoSuchAlgorithmException\n> {\n>     MessageDigest md = MessageDigest.getInstance(\"SHA1\");\n>     md.reset();\n>     byte[] buffer = victim.getBytes();\n>     md.update(buffer);\n>     byte[] digest = md.digest();\n>     StringBuilder hexStr = new StringBuilder();\n>     for (int i = 0; i < digest.length; i++) {\n>         hexStr.append(Integer.toString( ( digest[i] & 0xff ) + 0x100, 16).substring( 1 ));\n>     }\n>     return hexStr.toString();\n> }\n> }\n```",
      "test_seed_coverage": [
        ">",
        ">",
        ">",
        ">",
        ">",
        ">",
        ">",
        ">",
        ">",
        ">",
        ">",
        ">",
        ">",
        ">",
        ">"
      ],
      "cumulative_coverage": [
        ">",
        ">",
        ">",
        ">",
        ">",
        ">",
        ">",
        ">",
        ">",
        ">",
        ">",
        ">",
        ">",
        ">",
        ">"
      ]
    },
    {
      "test_case": [
        "Test Case Input:\n\"abc\""
      ],
      "test_mutations": [
        "Test Case Input:\n\"abc\""
      ],
      "initial_code": "public class foo {\npublic String hash(String victim) throws NoSuchAlgorithmException\n{\n    MessageDigest md = MessageDigest.getInstance(\"SHA1\");\n    md.reset();\n    byte[] buffer = victim.getBytes();\n    md.update(buffer);\n    byte[] digest = md.digest();\n    StringBuilder hexStr = new StringBuilder();\n    for (int i = 0; i < digest.length; i++) {\n        hexStr.append(Integer.toString( ( digest[i] & 0xff ) + 0x100, 16).substring( 1 ));\n    }\n    return hexStr.toString();\n}\n}",
      "covered_code": "PLAN:\n1. Class Declaration: Class \"foo\" is declared.\n2. Method Declaration: The method \"hash\" is declared but not executed until called.\n3. Statement Execution: None of the statements within the \"hash\" method are executed because the method is not called.\n4. Imports and Exceptions: The import statement for \"NoSuchAlgorithmException\" is implicit and not executed.\n5. Closing Brackets: Always covered.\n\nFinal code coverage of the Java program based on its test case and given step-by-step reasoning for execution is:\n\n> public class foo {\n! public String hash(String victim) throws NoSuchAlgorithmException\n! {\n!     MessageDigest md = MessageDigest.getInstance(\"SHA1\");\n!     md.reset();\n!     byte[] buffer = victim.getBytes();\n!     md.update(buffer);\n!     byte[] digest = md.digest();\n!     StringBuilder hexStr = new StringBuilder();\n!     for (int i = 0; i < digest.length; i++) {\n!         hexStr.append(Integer.toString( ( digest[i] & 0xff ) + 0x100, 16).substring( 1 ));\n!     }\n!     return hexStr.toString();\n! }\n> }",
      "test_seed_coverage": [
        ">",
        ">",
        ">",
        ">",
        ">",
        ">",
        ">",
        ">",
        ">",
        ">",
        ">",
        ">",
        ">",
        ">",
        ">"
      ],
      "cumulative_coverage": [
        ">",
        ">",
        ">",
        ">",
        ">",
        ">",
        ">",
        ">",
        ">",
        ">",
        ">",
        ">",
        ">",
        ">",
        ">"
      ]
    },
    {
      "test_case": [
        "Test Case Input:\n-10 / 0"
      ],
      "test_mutations": [
        "Test Case Input:\n-10 / 0"
      ],
      "initial_code": "public class foo {\npublic String hash(String victim) throws NoSuchAlgorithmException\n{\n    MessageDigest md = MessageDigest.getInstance(\"SHA1\");\n    md.reset();\n    byte[] buffer = victim.getBytes();\n    md.update(buffer);\n    byte[] digest = md.digest();\n    StringBuilder hexStr = new StringBuilder();\n    for (int i = 0; i < digest.length; i++) {\n        hexStr.append(Integer.toString( ( digest[i] & 0xff ) + 0x100, 16).substring( 1 ));\n    }\n    return hexStr.toString();\n}\n}",
      "covered_code": "PLAN for step by step execution of the given Java program and test case:\n\n1. Class Declaration: The class `foo` is declared.\n2. Method Declaration: The method `hash` is declared with a parameter `victim` and checked for a `NoSuchAlgorithmException`.\n3. MessageDigest Initialization: The statement `MessageDigest md = MessageDigest.getInstance(\"SHA1\");` is executed.\n4. MessageDigest Reset: The statement `md.reset();` is executed.\n5. Convert String to Bytes: The statement `byte[] buffer = victim.getBytes();` is executed.\n6. Update MessageDigest: The statement `md.update(buffer);` is executed.\n7. Compute Digest: The statement `byte[] digest = md.digest();` is executed.\n8. StringBuilder Initialization: The statement `StringBuilder hexStr = new StringBuilder();` is executed.\n9. For Loop Execution: The loop `for (int i = 0; i < digest.length; i++)` is executed for each byte in the `digest`.\n10. Append to StringBuilder: The statement `hexStr.append(Integer.toString( ( digest[i] & 0xff ) + 0x100, 16).substring( 1 ));` is executed within the loop.\n11. Return Statement: The statement `return hexStr.toString();` is executed.\n\nFinal code coverage of the Java program based on its test case and given step by step reasoning for execution is:\n\n```\n> public class foo {\n> public String hash(String victim) throws NoSuchAlgorithmException\n> {\n>     MessageDigest md = MessageDigest.getInstance(\"SHA1\");\n>     md.reset();\n>     byte[] buffer = victim.getBytes();\n>     md.update(buffer);\n>     byte[] digest = md.digest();\n>     StringBuilder hexStr = new StringBuilder();\n>     for (int i = 0; i < digest.length; i++) {\n>         hexStr.append(Integer.toString( ( digest[i] & 0xff ) + 0x100, 16).substring( 1 ));\n>     }\n>     return hexStr.toString();\n> }\n> }\n```",
      "test_seed_coverage": [
        ">",
        ">",
        ">",
        ">",
        ">",
        ">",
        ">",
        ">",
        ">",
        ">",
        ">",
        ">",
        ">",
        ">",
        ">"
      ],
      "cumulative_coverage": [
        ">",
        ">",
        ">",
        ">",
        ">",
        ">",
        ">",
        ">",
        ">",
        ">",
        ">",
        ">",
        ">",
        ">",
        ">"
      ]
    },
    {
      "test_case": [
        "Test Case Input:\n\"123abc\""
      ],
      "test_mutations": [
        "Test Case Input:\n\"123abc\""
      ],
      "initial_code": "public class foo {\npublic String hash(String victim) throws NoSuchAlgorithmException\n{\n    MessageDigest md = MessageDigest.getInstance(\"SHA1\");\n    md.reset();\n    byte[] buffer = victim.getBytes();\n    md.update(buffer);\n    byte[] digest = md.digest();\n    StringBuilder hexStr = new StringBuilder();\n    for (int i = 0; i < digest.length; i++) {\n        hexStr.append(Integer.toString( ( digest[i] & 0xff ) + 0x100, 16).substring( 1 ));\n    }\n    return hexStr.toString();\n}\n}",
      "covered_code": "PLAN:\n1. Class Declaration: The class declaration \"public class foo {\" is executed and covered.\n2. Method Declaration: The method declaration \"public String hash(String victim) throws NoSuchAlgorithmException {\" is executed and covered when the method is called.\n3. MessageDigest Instance Creation: The statement \"MessageDigest md = MessageDigest.getInstance(\"SHA1\");\" is executed when the method is called.\n4. MessageDigest Reset: The statement \"md.reset();\" is executed.\n5. Getting Bytes from String: The statement \"byte[] buffer = victim.getBytes();\" is executed.\n6. MessageDigest Update: The statement \"md.update(buffer);\" is executed.\n7. Digest Calculation: The statement \"byte[] digest = md.digest();\" is executed.\n8. StringBuilder Declaration: The statement \"StringBuilder hexStr = new StringBuilder();\" is executed.\n9. For Loop Execution: The for loop \"for (int i = 0; i < digest.length; i++) {\" is executed since digest has a length.\n10. Loop Content Execution: The statement \"hexStr.append(Integer.toString( ( digest[i] & 0xff ) + 0x100, 16).substring( 1 ));\" is executed for each iteration of the loop.\n11. Return Statement: The statement \"return hexStr.toString();\" is executed, completing the method execution.\n12. Closing Brackets: Always executed.\n\nFinal code coverage of the Java program based on its test case and the given execution reasoning is:\n\n> public class foo {\n> public String hash(String victim) throws NoSuchAlgorithmException\n> {\n>     MessageDigest md = MessageDigest.getInstance(\"SHA1\");\n>     md.reset();\n>     byte[] buffer = victim.getBytes();\n>     md.update(buffer);\n>     byte[] digest = md.digest();\n>     StringBuilder hexStr = new StringBuilder();\n>     for (int i = 0; i < digest.length; i++) {\n>         hexStr.append(Integer.toString( ( digest[i] & 0xff ) + 0x100, 16).substring( 1 ));\n>     }\n>     return hexStr.toString();\n> }\n> }",
      "test_seed_coverage": [
        ">",
        ">",
        ">",
        ">",
        ">",
        ">",
        ">",
        ">",
        ">",
        ">",
        ">",
        ">",
        ">",
        ">",
        ">"
      ],
      "cumulative_coverage": [
        ">",
        ">",
        ">",
        ">",
        ">",
        ">",
        ">",
        ">",
        ">",
        ">",
        ">",
        ">",
        ">",
        ">",
        ">"
      ]
    },
    {
      "test_case": [
        "Test Case Input:\n\"null\""
      ],
      "test_mutations": [
        "Test Case Input:\n\"null\""
      ],
      "initial_code": "public class foo {\npublic String hash(String victim) throws NoSuchAlgorithmException\n{\n    MessageDigest md = MessageDigest.getInstance(\"SHA1\");\n    md.reset();\n    byte[] buffer = victim.getBytes();\n    md.update(buffer);\n    byte[] digest = md.digest();\n    StringBuilder hexStr = new StringBuilder();\n    for (int i = 0; i < digest.length; i++) {\n        hexStr.append(Integer.toString( ( digest[i] & 0xff ) + 0x100, 16).substring( 1 ));\n    }\n    return hexStr.toString();\n}\n}",
      "covered_code": "PLAN for step by step execution of the given Java program and test case:\n\n1. Class Declaration: The class \"foo\" is declared.\n2. Method Declaration: The method \"hash\" is declared.\n3. Method Call: Since there is no main method or test case that calls the \"hash\" method, the method is not executed.\n4. Statements Inside Method: None of the statements inside the \"hash\" method are executed because the method is never called.\n\nFinal code coverage of the Java program based on its test case and given step-by-step reasoning for execution is:\n\n! public class foo {\n! public String hash(String victim) throws NoSuchAlgorithmException\n! {\n!     MessageDigest md = MessageDigest.getInstance(\"SHA1\");\n!     md.reset();\n!     byte[] buffer = victim.getBytes();\n!     md.update(buffer);\n!     byte[] digest = md.digest();\n!     StringBuilder hexStr = new StringBuilder();\n!     for (int i = 0; i < digest.length; i++) {\n!         hexStr.append(Integer.toString( ( digest[i] & 0xff ) + 0x100, 16).substring( 1 ));\n!     }\n!     return hexStr.toString();\n! }\n! }",
      "test_seed_coverage": [
        ">",
        ">",
        ">",
        ">",
        ">",
        ">",
        ">",
        ">",
        ">",
        ">",
        ">",
        ">",
        ">",
        ">",
        ">"
      ],
      "cumulative_coverage": [
        ">",
        ">",
        ">",
        ">",
        ">",
        ">",
        ">",
        ">",
        ">",
        ">",
        ">",
        ">",
        ">",
        ">",
        ">"
      ]
    },
    {
      "test_case": [
        "Test Case Input:\ntest / 0"
      ],
      "test_mutations": [
        "Test Case Input:\ntest / 0"
      ],
      "initial_code": "public class foo {\npublic String hash(String victim) throws NoSuchAlgorithmException\n{\n    MessageDigest md = MessageDigest.getInstance(\"SHA1\");\n    md.reset();\n    byte[] buffer = victim.getBytes();\n    md.update(buffer);\n    byte[] digest = md.digest();\n    StringBuilder hexStr = new StringBuilder();\n    for (int i = 0; i < digest.length; i++) {\n        hexStr.append(Integer.toString( ( digest[i] & 0xff ) + 0x100, 16).substring( 1 ));\n    }\n    return hexStr.toString();\n}\n}",
      "covered_code": "PLAN for step by step execution of the given Java program and test case:\n1. Class Declaration: The class declaration statement \"public class foo {\" is executed and covered.\n2. Method Declaration: The method declaration \"public String hash(String victim) throws NoSuchAlgorithmException {\" is executed when the method is called.\n3. Instantiation of MessageDigest: The statement \"MessageDigest md = MessageDigest.getInstance(\"SHA1\");\" is executed, assuming the test case involves calling the hash method.\n4. MessageDigest Reset: The statement \"md.reset();\" is executed.\n5. Convert String to Bytes: The statement \"byte[] buffer = victim.getBytes();\" is executed.\n6. Update MessageDigest: The statement \"md.update(buffer);\" is executed.\n7. Digest Computation: The statement \"byte[] digest = md.digest();\" is executed.\n8. StringBuilder Initialization: The statement \"StringBuilder hexStr = new StringBuilder();\" is executed.\n9. For Loop Execution: The for loop statement \"for (int i = 0; i < digest.length; i++) {\" is executed, assuming digest has a non-zero length.\n10. Append to StringBuilder: The statement \"hexStr.append(Integer.toString( ( digest[i] & 0xff ) + 0x100, 16).substring( 1 ));\" is executed for each iteration of the loop.\n11. Return Statement: The statement \"return hexStr.toString();\" is executed.\n\nFinal code coverage of the Java program based on its test case and given step by step reasoning for execution is:\n\n> public class foo {\n> public String hash(String victim) throws NoSuchAlgorithmException\n> {\n>     MessageDigest md = MessageDigest.getInstance(\"SHA1\");\n>     md.reset();\n>     byte[] buffer = victim.getBytes();\n>     md.update(buffer);\n>     byte[] digest = md.digest();\n>     StringBuilder hexStr = new StringBuilder();\n>     for (int i = 0; i < digest.length; i++) {\n>         hexStr.append(Integer.toString( ( digest[i] & 0xff ) + 0x100, 16).substring( 1 ));\n>     }\n>     return hexStr.toString();\n> }\n> }",
      "test_seed_coverage": [
        ">",
        ">",
        ">",
        ">",
        ">",
        ">",
        ">",
        ">",
        ">",
        ">",
        ">",
        ">",
        ">",
        ">",
        ">"
      ],
      "cumulative_coverage": [
        ">",
        ">",
        ">",
        ">",
        ">",
        ">",
        ">",
        ">",
        ">",
        ">",
        ">",
        ">",
        ">",
        ">",
        ">"
      ]
    },
    {
      "test_case": [
        "Test Case Input:\n10.5 / 0"
      ],
      "test_mutations": [
        "Test Case Input:\n10.5 / 0"
      ],
      "initial_code": "public class foo {\npublic String hash(String victim) throws NoSuchAlgorithmException\n{\n    MessageDigest md = MessageDigest.getInstance(\"SHA1\");\n    md.reset();\n    byte[] buffer = victim.getBytes();\n    md.update(buffer);\n    byte[] digest = md.digest();\n    StringBuilder hexStr = new StringBuilder();\n    for (int i = 0; i < digest.length; i++) {\n        hexStr.append(Integer.toString( ( digest[i] & 0xff ) + 0x100, 16).substring( 1 ));\n    }\n    return hexStr.toString();\n}\n}",
      "covered_code": "PLAN for step by step execution of the given Java program and test case:\n1. Class Declaration: The class declaration is executed. Statement \"public class foo {\" is covered.\n2. Method Declaration: The method declaration is executed when called. Statement \"public String hash(String victim) throws NoSuchAlgorithmException\" is covered.\n3. Method Execution: The method is executed when called, but it is not called in this test case. Therefore, the statements inside the method are not covered.\n4. Closing Brackets: Always covered.\n\nFinal code coverage of the Java program based on its test case and given step-by-step reasoning for execution is:\n> public class foo {\n> public String hash(String victim) throws NoSuchAlgorithmException\n! {\n!     MessageDigest md = MessageDigest.getInstance(\"SHA1\");\n!     md.reset();\n!     byte[] buffer = victim.getBytes();\n!     md.update(buffer);\n!     byte[] digest = md.digest();\n!     StringBuilder hexStr = new StringBuilder();\n!     for (int i = 0; i < digest.length; i++) {\n!         hexStr.append(Integer.toString( ( digest[i] & 0xff ) + 0x100, 16).substring( 1 ));\n!     }\n!     return hexStr.toString();\n> }\n> }",
      "test_seed_coverage": [
        ">",
        ">",
        ">",
        ">",
        ">",
        ">",
        ">",
        ">",
        ">",
        ">",
        ">",
        ">",
        ">",
        ">",
        ">"
      ],
      "cumulative_coverage": [
        ">",
        ">",
        ">",
        ">",
        ">",
        ">",
        ">",
        ">",
        ">",
        ">",
        ">",
        ">",
        ">",
        ">",
        ">"
      ]
    },
    {
      "test_case": [
        "Test Case Input:\n-1 / 0"
      ],
      "test_mutations": [
        "Test Case Input:\n-1 / 0"
      ],
      "initial_code": "public class foo {\npublic String hash(String victim) throws NoSuchAlgorithmException\n{\n    MessageDigest md = MessageDigest.getInstance(\"SHA1\");\n    md.reset();\n    byte[] buffer = victim.getBytes();\n    md.update(buffer);\n    byte[] digest = md.digest();\n    StringBuilder hexStr = new StringBuilder();\n    for (int i = 0; i < digest.length; i++) {\n        hexStr.append(Integer.toString( ( digest[i] & 0xff ) + 0x100, 16).substring( 1 ));\n    }\n    return hexStr.toString();\n}\n}",
      "covered_code": "PLAN for step by step execution of the given Java program and test case:\n\n1. Class Declaration: The class declaration statement \"public class foo {\" is executed and covered.\n2. Method Declaration: The method declaration \"public String hash(String victim) throws NoSuchAlgorithmException {\" is executed and covered.\n3. MessageDigest Initialization: The statement \"MessageDigest md = MessageDigest.getInstance(\"SHA1\");\" is executed and covered.\n4. MessageDigest Reset: The statement \"md.reset();\" is executed and covered.\n5. Convert String to Bytes: The statement \"byte[] buffer = victim.getBytes();\" is executed and covered.\n6. Update MessageDigest: The statement \"md.update(buffer);\" is executed and covered.\n7. Digest Calculation: The statement \"byte[] digest = md.digest();\" is executed and covered.\n8. StringBuilder Initialization: The statement \"StringBuilder hexStr = new StringBuilder();\" is executed and covered.\n9. For Loop Execution: The for loop \"for (int i = 0; i < digest.length; i++) {\" is executed for each byte in the digest and covered.\n10. Hex String Conversion: The statement inside the loop \"hexStr.append(Integer.toString( ( digest[i] & 0xff ) + 0x100, 16).substring( 1 ));\" is executed and covered for each iteration.\n11. Return Statement: The statement \"return hexStr.toString();\" is executed and covered.\n12. Closing Brackets: All closing brackets are always covered.\n\nFinal code coverage of the Java program based on its test case and given step-by-step reasoning for execution is:\n\n> public class foo {\n> public String hash(String victim) throws NoSuchAlgorithmException\n> {\n>     MessageDigest md = MessageDigest.getInstance(\"SHA1\");\n>     md.reset();\n>     byte[] buffer = victim.getBytes();\n>     md.update(buffer);\n>     byte[] digest = md.digest();\n>     StringBuilder hexStr = new StringBuilder();\n>     for (int i = 0; i < digest.length; i++) {\n>         hexStr.append(Integer.toString( ( digest[i] & 0xff ) + 0x100, 16).substring( 1 ));\n>     }\n>     return hexStr.toString();\n> }\n> }",
      "test_seed_coverage": [
        ">",
        ">",
        ">",
        ">",
        ">",
        ">",
        ">",
        ">",
        ">",
        ">",
        ">",
        ">",
        ">",
        ">",
        ">"
      ],
      "cumulative_coverage": [
        ">",
        ">",
        ">",
        ">",
        ">",
        ">",
        ">",
        ">",
        ">",
        ">",
        ">",
        ">",
        ">",
        ">",
        ">"
      ]
    },
    {
      "test_case": [
        "Test Case Input:\n-1.5 / 0"
      ],
      "test_mutations": [
        "Test Case Input:\n-1.5 / 0"
      ],
      "initial_code": "public class foo {\npublic String hash(String victim) throws NoSuchAlgorithmException\n{\n    MessageDigest md = MessageDigest.getInstance(\"SHA1\");\n    md.reset();\n    byte[] buffer = victim.getBytes();\n    md.update(buffer);\n    byte[] digest = md.digest();\n    StringBuilder hexStr = new StringBuilder();\n    for (int i = 0; i < digest.length; i++) {\n        hexStr.append(Integer.toString( ( digest[i] & 0xff ) + 0x100, 16).substring( 1 ));\n    }\n    return hexStr.toString();\n}\n}",
      "covered_code": "Plan for step by step execution of the given Java program and test case:\n\n1. Class Declaration: The class `foo` is declared. This statement \"public class foo {\" is covered.\n2. Method Declaration: The method `hash` is declared within the class. This statement \"public String hash(String victim) throws NoSuchAlgorithmException {\" is covered.\n3. MessageDigest Creation: The program attempts to create a MessageDigest instance for SHA1. This statement \"MessageDigest md = MessageDigest.getInstance(\"SHA1\");\" is covered.\n4. MessageDigest Reset: The MessageDigest is reset. This statement \"md.reset();\" is covered.\n5. Byte Array Creation: The `getBytes` method is called on `victim`. This statement \"byte[] buffer = victim.getBytes();\" is covered.\n6. MessageDigest Update: The MessageDigest is updated with the byte array. This statement \"md.update(buffer);\" is covered.\n7. Digest Calculation: The digest is calculated. This statement \"byte[] digest = md.digest();\" is covered.\n8. StringBuilder Initialization: A StringBuilder is initialized. This statement \"StringBuilder hexStr = new StringBuilder();\" is covered.\n9. For Loop Execution: The for loop is executed for each byte in the digest. This statement \"for (int i = 0; i < digest.length; i++) {\" is covered.\n10. Hex String Construction: The hex string is constructed inside the for loop. This statement \"hexStr.append(Integer.toString( ( digest[i] & 0xff ) + 0x100, 16).substring( 1 ));\" is covered.\n11. Return Statement: The final hex string is returned. This statement \"return hexStr.toString();\" is covered.\n12. Closing Brackets: Closing brackets for the method and class are always covered.\n\nFinal code coverage of the Java program based on its test case and given step by step reasoning for execution is:\n\n> public class foo {\n> public String hash(String victim) throws NoSuchAlgorithmException\n> {\n>     MessageDigest md = MessageDigest.getInstance(\"SHA1\");\n>     md.reset();\n>     byte[] buffer = victim.getBytes();\n>     md.update(buffer);\n>     byte[] digest = md.digest();\n>     StringBuilder hexStr = new StringBuilder();\n>     for (int i = 0; i < digest.length; i++) {\n>         hexStr.append(Integer.toString( ( digest[i] & 0xff ) + 0x100, 16).substring( 1 ));\n>     }\n>     return hexStr.toString();\n> }\n> }",
      "test_seed_coverage": [
        ">",
        ">",
        ">",
        ">",
        ">",
        ">",
        ">",
        ">",
        ">",
        ">",
        ">",
        ">",
        ">",
        ">",
        ">"
      ],
      "cumulative_coverage": [
        ">",
        ">",
        ">",
        ">",
        ">",
        ">",
        ">",
        ">",
        ">",
        ">",
        ">",
        ">",
        ">",
        ">",
        ">"
      ]
    },
    {
      "test_case": [
        "Test Case Input:\n1 / 0"
      ],
      "test_mutations": [
        "Test Case Input:\n1 / 0"
      ],
      "initial_code": "public class foo {\npublic String hash(String victim) throws NoSuchAlgorithmException\n{\n    MessageDigest md = MessageDigest.getInstance(\"SHA1\");\n    md.reset();\n    byte[] buffer = victim.getBytes();\n    md.update(buffer);\n    byte[] digest = md.digest();\n    StringBuilder hexStr = new StringBuilder();\n    for (int i = 0; i < digest.length; i++) {\n        hexStr.append(Integer.toString( ( digest[i] & 0xff ) + 0x100, 16).substring( 1 ));\n    }\n    return hexStr.toString();\n}\n}",
      "covered_code": "PLAN for step by step execution of the given Java program and test case:\n\n1. Import statements: There are no import statements in this code snippet, so this step is skipped.\n2. foo Class Declaration: Class declaration statements are executed. Statement \"public class foo {\" is covered.\n3. hash Method Declaration: Method declarations are executed when called. \"public String hash(String victim) throws NoSuchAlgorithmException\" is covered.\n4. MessageDigest Initialization: The method \"MessageDigest md = MessageDigest.getInstance(\"SHA1\");\" is covered since it is executed.\n5. MessageDigest Reset: The statement \"md.reset();\" is executed and covered.\n6. Get Bytes from String: The statement \"byte[] buffer = victim.getBytes();\" is executed and covered.\n7. Update MessageDigest: The statement \"md.update(buffer);\" is executed and covered.\n8. Digest Calculation: The statement \"byte[] digest = md.digest();\" is executed and covered.\n9. StringBuilder Initialization: The statement \"StringBuilder hexStr = new StringBuilder();\" is executed and covered.\n10. For Loop Execution: The for loop is executed to convert the digest into a hex string.\n11. For Loop Contents: The statement \"hexStr.append(Integer.toString((digest[i] & 0xff) + 0x100, 16).substring(1));\" is executed for each byte in the digest.\n12. Return Statement: The statement \"return hexStr.toString();\" is executed and covered.\n13. Closing Brackets: Always covered.\n\nFinal code coverage of the Java program based on its test case and given step by step reasoning for execution is:\n\n```\n> public class foo {\n> public String hash(String victim) throws NoSuchAlgorithmException\n> {\n>     MessageDigest md = MessageDigest.getInstance(\"SHA1\");\n>     md.reset();\n>     byte[] buffer = victim.getBytes();\n>     md.update(buffer);\n>     byte[] digest = md.digest();\n>     StringBuilder hexStr = new StringBuilder();\n>     for (int i = 0; i < digest.length; i++) {\n>         hexStr.append(Integer.toString( ( digest[i] & 0xff ) + 0x100, 16).substring( 1 ));\n>     }\n>     return hexStr.toString();\n> }\n> }\n```",
      "test_seed_coverage": [
        ">",
        ">",
        ">",
        ">",
        ">",
        ">",
        ">",
        ">",
        ">",
        ">",
        ">",
        ">",
        ">",
        ">",
        ">"
      ],
      "cumulative_coverage": [
        ">",
        ">",
        ">",
        ">",
        ">",
        ">",
        ">",
        ">",
        ">",
        ">",
        ">",
        ">",
        ">",
        ">",
        ">"
      ]
    },
    {
      "test_case": [
        "Test Case Input:\nvictim = null"
      ],
      "test_mutations": [
        "Test Case Input:\nvictim = null"
      ],
      "initial_code": "public class foo {\npublic String hash(String victim) throws NoSuchAlgorithmException\n{\n    MessageDigest md = MessageDigest.getInstance(\"SHA1\");\n    md.reset();\n    byte[] buffer = victim.getBytes();\n    md.update(buffer);\n    byte[] digest = md.digest();\n    StringBuilder hexStr = new StringBuilder();\n    for (int i = 0; i < digest.length; i++) {\n        hexStr.append(Integer.toString( ( digest[i] & 0xff ) + 0x100, 16).substring( 1 ));\n    }\n    return hexStr.toString();\n}\n}",
      "covered_code": "PLAN for step by step execution of the given Java program and test case:\n\n1. Class Declaration: Class declaration statements are executed. Statement \"public class foo {\" is covered.\n2. Method Declaration: Method declarations are executed when called. The statement \"public String hash(String victim) throws NoSuchAlgorithmException\" is covered.\n3. Method Execution: The method `hash` will be called with `victim` as null.\n4. Exception Handling: When the method tries to execute `victim.getBytes()`, a `NullPointerException` will be thrown because `victim` is null. No further statements in the method will be executed.\n\nFinal code coverage of the Java program based on its test case and given step-by-step reasoning for execution is:\n\n> public class foo {\n> public String hash(String victim) throws NoSuchAlgorithmException\n{\n!     MessageDigest md = MessageDigest.getInstance(\"SHA1\");\n!     md.reset();\n!     byte[] buffer = victim.getBytes();\n!     md.update(buffer);\n!     byte[] digest = md.digest();\n!     StringBuilder hexStr = new StringBuilder();\n!     for (int i = 0; i < digest.length; i++) {\n!         hexStr.append(Integer.toString( ( digest[i] & 0xff ) + 0x100, 16).substring( 1 ));\n!     }\n!     return hexStr.toString();\n}\n}",
      "test_seed_coverage": [
        ">",
        ">",
        ">",
        ">",
        ">",
        ">",
        ">",
        ">",
        ">",
        ">",
        ">",
        ">",
        ">",
        ">",
        ">"
      ],
      "cumulative_coverage": [
        ">",
        ">",
        ">",
        ">",
        ">",
        ">",
        ">",
        ">",
        ">",
        ">",
        ">",
        ">",
        ">",
        ">",
        ">"
      ]
    }
  ]
}