{
    "submission_id": "74973",
    "cycles": [
        {
            "test_case": [
                "Test Case Input:\n\"test\""
            ],
            "test_mutations": [
                "Test Case Input:\n\"test\""
            ],
            "initial_code": "public class foo {\npublic String hash(String victim) throws NoSuchAlgorithmException\n{\n    MessageDigest md = MessageDigest.getInstance(\"SHA1\");\n    md.reset();\n    byte[] buffer = victim.getBytes();\n    md.update(buffer);\n    byte[] digest = md.digest();\n    StringBuilder hexStr = new StringBuilder();\n    for (int i = 0; i < digest.length; i++) {\n        hexStr.append(Integer.toString( ( digest[i] & 0xff ) + 0x100, 16).substring( 1 ));\n    }\n    return hexStr.toString();\n}\n}",
            "covered_code": "PLAN for step by step execution of the given Java program and test case:\n\n1. Class Declaration: Class declaration statements are executed. Statement \"public class foo {\" is covered.\n2. Method Declaration: Method declarations are executed when called. The method \"public String hash(String victim) throws NoSuchAlgorithmException\" is covered only when invoked.\n3. Method Execution: The method \"hash\" is invoked with the argument \"test\".\n4. MessageDigest Instance Creation: The statement \"MessageDigest md = MessageDigest.getInstance(\"SHA1\");\" is executed.\n5. MessageDigest Reset: The statement \"md.reset();\" is executed.\n6. Get Bytes from String: The statement \"byte[] buffer = victim.getBytes();\" is executed.\n7. Update MessageDigest: The statement \"md.update(buffer);\" is executed.\n8. Digest Calculation: The statement \"byte[] digest = md.digest();\" is executed.\n9. StringBuilder Initialization: The statement \"StringBuilder hexStr = new StringBuilder();\" is executed.\n10. For Loop Execution: Since digest has a length, the for loop condition (i < digest.length) is true, and the loop block will be executed.\n11. For Loop Contents: The statement \"hexStr.append(Integer.toString( ( digest[i] & 0xff ) + 0x100, 16).substring( 1 ));\" is executed within the for loop for each iteration.\n12. Return Statement: The statement \"return hexStr.toString();\" is executed.\n13. Closing Brackets: Always covered.\n\nFinal code coverage of the Java program based on its test case:\n\n> public class foo {\n> public String hash(String victim) throws NoSuchAlgorithmException\n> {\n>     MessageDigest md = MessageDigest.getInstance(\"SHA1\");\n>     md.reset();\n>     byte[] buffer = victim.getBytes();\n>     md.update(buffer);\n>     byte[] digest = md.digest();\n>     StringBuilder hexStr = new StringBuilder();\n>     for (int i = 0; i < digest.length; i++) {\n>         hexStr.append(Integer.toString( ( digest[i] & 0xff ) + 0x100, 16).substring( 1 ));\n>     }\n>     return hexStr.toString();\n> }\n> }",
            "test_seed_coverage": [
                ">",
                ">",
                ">",
                ">",
                ">",
                ">",
                ">",
                ">",
                ">",
                ">",
                ">",
                ">",
                ">",
                ">",
                ">"
            ],
            "cumulative_coverage": [
                ">",
                ">",
                ">",
                ">",
                ">",
                ">",
                ">",
                ">",
                ">",
                ">",
                ">",
                ">",
                ">",
                ">",
                ">"
            ],
            "execution_output": "Enter s (String):"
        },
        {
            "test_case": [
                "Test Case Input:\nnull"
            ],
            "test_mutations": [
                "Test Case Input:\nnull"
            ],
            "initial_code": "public class foo {\npublic String hash(String victim) throws NoSuchAlgorithmException\n{\n    MessageDigest md = MessageDigest.getInstance(\"SHA1\");\n    md.reset();\n    byte[] buffer = victim.getBytes();\n    md.update(buffer);\n    byte[] digest = md.digest();\n    StringBuilder hexStr = new StringBuilder();\n    for (int i = 0; i < digest.length; i++) {\n        hexStr.append(Integer.toString( ( digest[i] & 0xff ) + 0x100, 16).substring( 1 ));\n    }\n    return hexStr.toString();\n}\n}",
            "covered_code": "Plan for step by step execution of the given Java program and test case:\n\n1. Import Statements: No import statements are present, so none are executed.\n2. Class Declaration: The class 'foo' is declared. Statement \"public class foo {\" is covered.\n3. Method Declaration: The method 'hash' is declared but not executed because there is no main method or test case that calls it.\n4. Method Content: None of the statements within the 'hash' method are executed because the method is never called.\n5. Closing Brackets: Always covered.\n\nFinal code coverage of the Java program based on its test case and given step by step reasoning for execution is:\n\n! public class foo {\n! public String hash(String victim) throws NoSuchAlgorithmException\n! {\n!     MessageDigest md = MessageDigest.getInstance(\"SHA1\");\n!     md.reset();\n!     byte[] buffer = victim.getBytes();\n!     md.update(buffer);\n!     byte[] digest = md.digest();\n!     StringBuilder hexStr = new StringBuilder();\n!     for (int i = 0; i < digest.length; i++) {\n!         hexStr.append(Integer.toString( ( digest[i] & 0xff ) + 0x100, 16).substring( 1 ));\n!     }\n!     return hexStr.toString();\n! }\n! }",
            "test_seed_coverage": [
                ">",
                ">",
                ">",
                ">",
                ">",
                ">",
                ">",
                ">",
                ">",
                ">",
                ">",
                ">",
                ">",
                ">",
                ">"
            ],
            "cumulative_coverage": [
                ">",
                ">",
                ">",
                ">",
                ">",
                ">",
                ">",
                ">",
                ">",
                ">",
                ">",
                ">",
                ">",
                ">",
                ">"
            ],
            "execution_output": "Enter s (String):"
        },
        {
            "test_case": [
                "Test Case Input:\n0"
            ],
            "test_mutations": [
                "Test Case Input:\n0"
            ],
            "initial_code": "public class foo {\npublic String hash(String victim) throws NoSuchAlgorithmException\n{\n    MessageDigest md = MessageDigest.getInstance(\"SHA1\");\n    md.reset();\n    byte[] buffer = victim.getBytes();\n    md.update(buffer);\n    byte[] digest = md.digest();\n    StringBuilder hexStr = new StringBuilder();\n    for (int i = 0; i < digest.length; i++) {\n        hexStr.append(Integer.toString( ( digest[i] & 0xff ) + 0x100, 16).substring( 1 ));\n    }\n    return hexStr.toString();\n}\n}",
            "covered_code": "PLAN for step by step execution of the given Java program and test case:\n\n1. Class Declaration: The class `foo` is declared. The statement `public class foo {` is covered.\n2. Method Declaration: The method `hash` is declared. The statement `public String hash(String victim) throws NoSuchAlgorithmException {` is covered.\n3. MessageDigest Instance: The statement `MessageDigest md = MessageDigest.getInstance(\"SHA1\");` is not covered because the method `hash` is never called.\n4. MessageDigest Reset: The statement `md.reset();` is not covered.\n5. Convert String to Bytes: The statement `byte[] buffer = victim.getBytes();` is not covered.\n6. Update Digest: The statement `md.update(buffer);` is not covered.\n7. Compute Digest: The statement `byte[] digest = md.digest();` is not covered.\n8. StringBuilder Instance: The statement `StringBuilder hexStr = new StringBuilder();` is not covered.\n9. For Loop: The statement `for (int i = 0; i < digest.length; i++) {` is not covered.\n10. Append to StringBuilder: The statement `hexStr.append(Integer.toString( ( digest[i] & 0xff ) + 0x100, 16).substring( 1 ));` is not covered.\n11. Return Statement: The statement `return hexStr.toString();` is not covered.\n12. Closing Brackets: The closing brackets for the class and method are always covered.\n\nFinal code coverage of the Java program based on its test case and given step by step reasoning for execution is:\n\n> public class foo {\n> public String hash(String victim) throws NoSuchAlgorithmException\n{\n!     MessageDigest md = MessageDigest.getInstance(\"SHA1\");\n!     md.reset();\n!     byte[] buffer = victim.getBytes();\n!     md.update(buffer);\n!     byte[] digest = md.digest();\n!     StringBuilder hexStr = new StringBuilder();\n!     for (int i = 0; i < digest.length; i++) {\n!         hexStr.append(Integer.toString( ( digest[i] & 0xff ) + 0x100, 16).substring( 1 ));\n!     }\n!     return hexStr.toString();\n}\n> }",
            "test_seed_coverage": [
                ">",
                ">",
                ">",
                ">",
                ">",
                ">",
                ">",
                ">",
                ">",
                ">",
                ">",
                ">",
                ">",
                ">",
                ">"
            ],
            "cumulative_coverage": [
                ">",
                ">",
                ">",
                ">",
                ">",
                ">",
                ">",
                ">",
                ">",
                ">",
                ">",
                ">",
                ">",
                ">",
                ">"
            ],
            "execution_output": "Enter s (String):"
        },
        {
            "test_case": [
                "Test Case Input:\n\"abc\""
            ],
            "test_mutations": [
                "Test Case Input:\n\"abc\""
            ],
            "initial_code": "public class foo {\npublic String hash(String victim) throws NoSuchAlgorithmException\n{\n    MessageDigest md = MessageDigest.getInstance(\"SHA1\");\n    md.reset();\n    byte[] buffer = victim.getBytes();\n    md.update(buffer);\n    byte[] digest = md.digest();\n    StringBuilder hexStr = new StringBuilder();\n    for (int i = 0; i < digest.length; i++) {\n        hexStr.append(Integer.toString( ( digest[i] & 0xff ) + 0x100, 16).substring( 1 ));\n    }\n    return hexStr.toString();\n}\n}",
            "covered_code": "PLAN for step by step execution of the given Java program and test case:\n\n1. Class Declaration: The class declaration statement \"public class foo {\" is executed.\n\n2. Method Declaration: The method declaration \"public String hash(String victim) throws NoSuchAlgorithmException\" is executed when called.\n\n3. Method Execution: The method hash is executed with the input \"abc\".\n\n4. MessageDigest Initialization: The statement \"MessageDigest md = MessageDigest.getInstance(\"SHA1\");\" is executed.\n\n5. Reset MessageDigest: The statement \"md.reset();\" is executed.\n\n6. Get Bytes: The statement \"byte[] buffer = victim.getBytes();\" is executed.\n\n7. Update MessageDigest: The statement \"md.update(buffer);\" is executed.\n\n8. Digest MessageDigest: The statement \"byte[] digest = md.digest();\" is executed.\n\n9. Initialize StringBuilder: The statement \"StringBuilder hexStr = new StringBuilder();\" is executed.\n\n10. For Loop Execution: The for loop \"for (int i = 0; i < digest.length; i++) {\" is executed.\n\n11. Append to StringBuilder: The statement \"hexStr.append(Integer.toString( ( digest[i] & 0xff ) + 0x100, 16).substring( 1 ));\" is executed for each iteration of the loop.\n\n12. Return Statement: The statement \"return hexStr.toString();\" is executed.\n\nFinal code coverage of the Java program based on the test case and given step-by-step reasoning for execution is:\n\n> public class foo {\n> public String hash(String victim) throws NoSuchAlgorithmException\n> {\n>     MessageDigest md = MessageDigest.getInstance(\"SHA1\");\n>     md.reset();\n>     byte[] buffer = victim.getBytes();\n>     md.update(buffer);\n>     byte[] digest = md.digest();\n>     StringBuilder hexStr = new StringBuilder();\n>     for (int i = 0; i < digest.length; i++) {\n>         hexStr.append(Integer.toString( ( digest[i] & 0xff ) + 0x100, 16).substring( 1 ));\n>     }\n>     return hexStr.toString();\n> }\n> }",
            "test_seed_coverage": [
                ">",
                ">",
                ">",
                ">",
                ">",
                ">",
                ">",
                ">",
                ">",
                ">",
                ">",
                ">",
                ">",
                ">",
                ">"
            ],
            "cumulative_coverage": [
                ">",
                ">",
                ">",
                ">",
                ">",
                ">",
                ">",
                ">",
                ">",
                ">",
                ">",
                ">",
                ">",
                ">",
                ">"
            ],
            "execution_output": "Enter s (String):"
        },
        {
            "test_case": [
                "Test Case Input:\n\"123abc\""
            ],
            "test_mutations": [
                "Test Case Input:\n\"123abc\""
            ],
            "initial_code": "public class foo {\npublic String hash(String victim) throws NoSuchAlgorithmException\n{\n    MessageDigest md = MessageDigest.getInstance(\"SHA1\");\n    md.reset();\n    byte[] buffer = victim.getBytes();\n    md.update(buffer);\n    byte[] digest = md.digest();\n    StringBuilder hexStr = new StringBuilder();\n    for (int i = 0; i < digest.length; i++) {\n        hexStr.append(Integer.toString( ( digest[i] & 0xff ) + 0x100, 16).substring( 1 ));\n    }\n    return hexStr.toString();\n}\n}",
            "covered_code": "PLAN for step by step execution of the given Java program and test case:\n\n1. Class Declaration: The class declaration statement \"public class foo {\" is executed and covered.\n2. Method Declaration: The method declaration \"public String hash(String victim) throws NoSuchAlgorithmException\" is executed when called. However, since there is no main method or specific method call provided in the test case, the hash method is not invoked.\n3. Import Statements: The import statements are generally executed at the beginning of a program. However, since the provided code snippet does not include any import statements and the hash method is not called, no import statements are executed or covered.\n4. Method Execution: The body of the hash method is executed only when the method is called. Since the test case input does not provide any direct invocation of the hash method, none of the statements within the hash method are executed or covered.\n5. Closing Brackets: The closing bracket of the class is always executed.\n\nFinal code coverage of the Java program based on its test case and given step-by-step reasoning for execution is:\n\n> public class foo {\n! public String hash(String victim) throws NoSuchAlgorithmException\n! {\n!     MessageDigest md = MessageDigest.getInstance(\"SHA1\");\n!     md.reset();\n!     byte[] buffer = victim.getBytes();\n!     md.update(buffer);\n!     byte[] digest = md.digest();\n!     StringBuilder hexStr = new StringBuilder();\n!     for (int i = 0; i < digest.length; i++) {\n!         hexStr.append(Integer.toString( ( digest[i] & 0xff ) + 0x100, 16).substring( 1 ));\n!     }\n!     return hexStr.toString();\n! }\n> }",
            "test_seed_coverage": [
                ">",
                ">",
                ">",
                ">",
                ">",
                ">",
                ">",
                ">",
                ">",
                ">",
                ">",
                ">",
                ">",
                ">",
                ">"
            ],
            "cumulative_coverage": [
                ">",
                ">",
                ">",
                ">",
                ">",
                ">",
                ">",
                ">",
                ">",
                ">",
                ">",
                ">",
                ">",
                ">",
                ">"
            ],
            "execution_output": "Enter s (String):"
        },
        {
            "test_case": [
                "Test Case Input:\n\"123.45\""
            ],
            "test_mutations": [
                "Test Case Input:\n\"123.45\""
            ],
            "initial_code": "public class foo {\npublic String hash(String victim) throws NoSuchAlgorithmException\n{\n    MessageDigest md = MessageDigest.getInstance(\"SHA1\");\n    md.reset();\n    byte[] buffer = victim.getBytes();\n    md.update(buffer);\n    byte[] digest = md.digest();\n    StringBuilder hexStr = new StringBuilder();\n    for (int i = 0; i < digest.length; i++) {\n        hexStr.append(Integer.toString( ( digest[i] & 0xff ) + 0x100, 16).substring( 1 ));\n    }\n    return hexStr.toString();\n}\n}",
            "covered_code": "Plan for step-by-step execution of the given Java program and test case:\n\n1. Class Declaration: The class `foo` is being declared and will be covered.\n2. Method Declaration: The method `hash` is being declared. Since it will be invoked later, the declaration is covered.\n3. Method Invocation: The method `hash` is invoked with the input `\"123.45\"`. This covers the method invocation.\n4. MessageDigest Initialization: The `MessageDigest` object is initialized with \"SHA1\", and this line will be covered.\n5. MessageDigest Reset: The `reset` method on the `MessageDigest` object is called, and this line will be covered.\n6. Byte Array Conversion: The `victim` string is converted to a byte array, and this line will be covered.\n7. MessageDigest Update: The `update` method is called on the `MessageDigest` object with the byte buffer, and this line will be covered.\n8. Digest Calculation: The `digest` method is called to compute the hash, and this line will be covered.\n9. StringBuilder Initialization: The `StringBuilder` object is initialized, and this line will be covered.\n10. For Loop Execution: The for loop will iterate over the length of the `digest` array, covering the loop header and its contents.\n11. Hex String Construction: Within the loop, the `Integer.toString` method is called and the result is appended to the `StringBuilder`. These lines will be covered for each iteration.\n12. Return Statement: The computed hash is returned as a string, and this line will be covered.\n13. Closing Brackets: The closing brackets for the class and method are always covered.\n\nFinal code coverage of the Java program based on its test case and given step-by-step reasoning for execution is:\n\n> public class foo {\n> public String hash(String victim) throws NoSuchAlgorithmException\n> {\n>     MessageDigest md = MessageDigest.getInstance(\"SHA1\");\n>     md.reset();\n>     byte[] buffer = victim.getBytes();\n>     md.update(buffer);\n>     byte[] digest = md.digest();\n>     StringBuilder hexStr = new StringBuilder();\n>     for (int i = 0; i < digest.length; i++) {\n>         hexStr.append(Integer.toString( ( digest[i] & 0xff ) + 0x100, 16).substring( 1 ));\n>     }\n>     return hexStr.toString();\n> }\n> }",
            "test_seed_coverage": [
                ">",
                ">",
                ">",
                ">",
                ">",
                ">",
                ">",
                ">",
                ">",
                ">",
                ">",
                ">",
                ">",
                ">",
                ">"
            ],
            "cumulative_coverage": [
                ">",
                ">",
                ">",
                ">",
                ">",
                ">",
                ">",
                ">",
                ">",
                ">",
                ">",
                ">",
                ">",
                ">",
                ">"
            ],
            "execution_output": "Enter s (String):"
        },
        {
            "test_case": [
                "Test Case Input:\n0 / 0"
            ],
            "test_mutations": [
                "Test Case Input:\n0 / 0"
            ],
            "initial_code": "public class foo {\npublic String hash(String victim) throws NoSuchAlgorithmException\n{\n    MessageDigest md = MessageDigest.getInstance(\"SHA1\");\n    md.reset();\n    byte[] buffer = victim.getBytes();\n    md.update(buffer);\n    byte[] digest = md.digest();\n    StringBuilder hexStr = new StringBuilder();\n    for (int i = 0; i < digest.length; i++) {\n        hexStr.append(Integer.toString( ( digest[i] & 0xff ) + 0x100, 16).substring( 1 ));\n    }\n    return hexStr.toString();\n}\n}",
            "covered_code": "PLAN for step by step execution of the given Java program and test case:\n\n1. Class Declaration: The class declaration statement \"public class foo {\" is executed.\n2. Method Declaration: The method declaration statement \"public String hash(String victim) throws NoSuchAlgorithmException {\" is executed.\n3. MessageDigest Initialization: The statement \"MessageDigest md = MessageDigest.getInstance(\"SHA1\");\" is executed.\n4. MessageDigest Reset: The statement \"md.reset();\" is executed.\n5. Buffer Creation: The statement \"byte[] buffer = victim.getBytes();\" is executed.\n6. MessageDigest Update: The statement \"md.update(buffer);\" is executed.\n7. Digest Calculation: The statement \"byte[] digest = md.digest();\" is executed.\n8. StringBuilder Initialization: The statement \"StringBuilder hexStr = new StringBuilder();\" is executed.\n9. For Loop Execution: The for loop \"for (int i = 0; i < digest.length; i++) {\" is executed for each element in the digest array.\n10. StringBuilder Append: The statement inside the for loop \"hexStr.append(Integer.toString( ( digest[i] & 0xff ) + 0x100, 16).substring( 1 ));\" is executed for each element in the digest array.\n11. Return Statement: The statement \"return hexStr.toString();\" is executed.\n\nFinal code coverage of the Java program based on its test case and given step-by-step reasoning for execution is:\n\n> public class foo {\n> public String hash(String victim) throws NoSuchAlgorithmException\n> {\n>     MessageDigest md = MessageDigest.getInstance(\"SHA1\");\n>     md.reset();\n>     byte[] buffer = victim.getBytes();\n>     md.update(buffer);\n>     byte[] digest = md.digest();\n>     StringBuilder hexStr = new StringBuilder();\n>     for (int i = 0; i < digest.length; i++) {\n>         hexStr.append(Integer.toString( ( digest[i] & 0xff ) + 0x100, 16).substring( 1 ));\n>     }\n>     return hexStr.toString();\n> }\n> }",
            "test_seed_coverage": [
                ">",
                ">",
                ">",
                ">",
                ">",
                ">",
                ">",
                ">",
                ">",
                ">",
                ">",
                ">",
                ">",
                ">",
                ">"
            ],
            "cumulative_coverage": [
                ">",
                ">",
                ">",
                ">",
                ">",
                ">",
                ">",
                ">",
                ">",
                ">",
                ">",
                ">",
                ">",
                ">",
                ">"
            ],
            "execution_output": "Enter s (String):"
        },
        {
            "test_case": [
                "Test Case Input:\n100 / 0"
            ],
            "test_mutations": [
                "Test Case Input:\n100 / 0"
            ],
            "initial_code": "public class foo {\npublic String hash(String victim) throws NoSuchAlgorithmException\n{\n    MessageDigest md = MessageDigest.getInstance(\"SHA1\");\n    md.reset();\n    byte[] buffer = victim.getBytes();\n    md.update(buffer);\n    byte[] digest = md.digest();\n    StringBuilder hexStr = new StringBuilder();\n    for (int i = 0; i < digest.length; i++) {\n        hexStr.append(Integer.toString( ( digest[i] & 0xff ) + 0x100, 16).substring( 1 ));\n    }\n    return hexStr.toString();\n}\n}",
            "covered_code": "PLAN for step by step execution of the given Java program and test case:\n\n1. Class Declaration: The class declaration statement \"public class foo {\" is executed and covered.\n2. Method Declaration: The method declaration \"public String hash(String victim) throws NoSuchAlgorithmException\" is covered when the method is called.\n3. MessageDigest Instance Creation: The statement \"MessageDigest md = MessageDigest.getInstance(\"SHA1\");\" is executed and covered.\n4. MessageDigest Reset: The statement \"md.reset();\" is executed and covered.\n5. Byte Array Creation: The statement \"byte[] buffer = victim.getBytes();\" is executed and covered.\n6. MessageDigest Update: The statement \"md.update(buffer);\" is executed and covered.\n7. Digest Calculation: The statement \"byte[] digest = md.digest();\" is executed and covered.\n8. StringBuilder Initialization: The statement \"StringBuilder hexStr = new StringBuilder();\" is executed and covered.\n9. For Loop Execution: Since \"digest.length\" is greater than 0, the for loop condition is true, and the loop block will be executed.\n10. For Loop Contents: The statement inside the for loop \"hexStr.append(Integer.toString( ( digest[i] & 0xff ) + 0x100, 16).substring( 1 ));\" is executed and covered.\n11. Return Statement: The statement \"return hexStr.toString();\" is executed and covered.\n12. Closing Brackets: Always covered.\n\nFinal code coverage of the Java program based on its test case and given step by step reasoning for execution is:\n\n> public class foo {\n> public String hash(String victim) throws NoSuchAlgorithmException\n> {\n>     MessageDigest md = MessageDigest.getInstance(\"SHA1\");\n>     md.reset();\n>     byte[] buffer = victim.getBytes();\n>     md.update(buffer);\n>     byte[] digest = md.digest();\n>     StringBuilder hexStr = new StringBuilder();\n>     for (int i = 0; i < digest.length; i++) {\n>         hexStr.append(Integer.toString( ( digest[i] & 0xff ) + 0x100, 16).substring( 1 ));\n>     }\n>     return hexStr.toString();\n> }\n> }",
            "test_seed_coverage": [
                ">",
                ">",
                ">",
                ">",
                ">",
                ">",
                ">",
                ">",
                ">",
                ">",
                ">",
                ">",
                ">",
                ">",
                ">"
            ],
            "cumulative_coverage": [
                ">",
                ">",
                ">",
                ">",
                ">",
                ">",
                ">",
                ">",
                ">",
                ">",
                ">",
                ">",
                ">",
                ">",
                ">"
            ],
            "execution_output": "Enter s (String):"
        },
        {
            "test_case": [
                "Test Case Input:\n\"null\""
            ],
            "test_mutations": [
                "Test Case Input:\n\"null\""
            ],
            "initial_code": "public class foo {\npublic String hash(String victim) throws NoSuchAlgorithmException\n{\n    MessageDigest md = MessageDigest.getInstance(\"SHA1\");\n    md.reset();\n    byte[] buffer = victim.getBytes();\n    md.update(buffer);\n    byte[] digest = md.digest();\n    StringBuilder hexStr = new StringBuilder();\n    for (int i = 0; i < digest.length; i++) {\n        hexStr.append(Integer.toString( ( digest[i] & 0xff ) + 0x100, 16).substring( 1 ));\n    }\n    return hexStr.toString();\n}\n}",
            "covered_code": "PLAN for step by step execution of the given Java program and test case:\n\n1. Class Declaration: The class declaration statement \"public class foo\" is covered when the class is loaded.\n2. Method Declaration: The method declaration \"public String hash(String victim) throws NoSuchAlgorithmException\" is covered when the method is invoked.\n3. NoSuchAlgorithmException: The code handling NoSuchAlgorithmException is covered when the exception is thrown or handled, but since the test case is \"null\" and there is no actual execution, it is not covered.\n4. MessageDigest Initialization: The line \"MessageDigest md = MessageDigest.getInstance(\"SHA1\");\" will not be covered, as the test case input is \"null\" and there is no actual execution.\n5. Digest Reset: The line \"md.reset();\" will not be covered, as the test case input is \"null\" and there is no actual execution.\n6. Get Bytes: The line \"byte[] buffer = victim.getBytes();\" will not be covered, as the test case input is \"null\" and there is no actual execution.\n7. Update Digest: The line \"md.update(buffer);\" will not be covered, as the test case input is \"null\" and there is no actual execution.\n8. Digest Calculation: The line \"byte[] digest = md.digest();\" will not be covered, as the test case input is \"null\" and there is no actual execution.\n9. StringBuilder Initialization: The line \"StringBuilder hexStr = new StringBuilder();\" will not be covered, as the test case input is \"null\" and there is no actual execution.\n10. For Loop Execution: The for loop \"for (int i = 0; i < digest.length; i++)\" will not be covered, as the test case input is \"null\" and there is no actual execution.\n11. Append to StringBuilder: The line \"hexStr.append(Integer.toString( ( digest[i] & 0xff ) + 0x100, 16).substring( 1 ));\" will not be covered, as the test case input is \"null\" and there is no actual execution.\n12. Return Statement: The line \"return hexStr.toString();\" will not be covered, as the test case input is \"null\" and there is no actual execution.\n13. Closing Brackets: Always covered.\n\nFinal code coverage of the Java program based on its test case and given step by step reasoning for execution is:\n\n> public class foo {\n! public String hash(String victim) throws NoSuchAlgorithmException\n! {\n!     MessageDigest md = MessageDigest.getInstance(\"SHA1\");\n!     md.reset();\n!     byte[] buffer = victim.getBytes();\n!     md.update(buffer);\n!     byte[] digest = md.digest();\n!     StringBuilder hexStr = new StringBuilder();\n!     for (int i = 0; i < digest.length; i++) {\n!         hexStr.append(Integer.toString( ( digest[i] & 0xff ) + 0x100, 16).substring( 1 ));\n!     }\n!     return hexStr.toString();\n> }\n> }",
            "test_seed_coverage": [
                ">",
                ">",
                ">",
                ">",
                ">",
                ">",
                ">",
                ">",
                ">",
                ">",
                ">",
                ">",
                ">",
                ">",
                ">"
            ],
            "cumulative_coverage": [
                ">",
                ">",
                ">",
                ">",
                ">",
                ">",
                ">",
                ">",
                ">",
                ">",
                ">",
                ">",
                ">",
                ">",
                ">"
            ],
            "execution_output": "Enter s (String):"
        },
        {
            "test_case": [
                "Test Case Input:\n-10/0"
            ],
            "test_mutations": [
                "Test Case Input:\n-10/0"
            ],
            "initial_code": "public class foo {\npublic String hash(String victim) throws NoSuchAlgorithmException\n{\n    MessageDigest md = MessageDigest.getInstance(\"SHA1\");\n    md.reset();\n    byte[] buffer = victim.getBytes();\n    md.update(buffer);\n    byte[] digest = md.digest();\n    StringBuilder hexStr = new StringBuilder();\n    for (int i = 0; i < digest.length; i++) {\n        hexStr.append(Integer.toString( ( digest[i] & 0xff ) + 0x100, 16).substring( 1 ));\n    }\n    return hexStr.toString();\n}\n}",
            "covered_code": "PLAN for step by step execution of the given Java program and test case:\n1. Class Declaration: The class \"foo\" is declared. The statement \"public class foo {\" is covered.\n2. Method Declaration: The method \"hash\" is declared. The statement \"public String hash(String victim) throws NoSuchAlgorithmException {\" is covered.\n3. MessageDigest Instance: An instance of MessageDigest is obtained using \"SHA1\". The statement \"MessageDigest md = MessageDigest.getInstance(\"SHA1\");\" is covered.\n4. Digest Reset: The MessageDigest is reset. The statement \"md.reset();\" is covered.\n5. Get Bytes: The bytes of the input string \"victim\" are obtained. The statement \"byte[] buffer = victim.getBytes();\" is covered.\n6. Update Digest: The MessageDigest is updated with the byte buffer. The statement \"md.update(buffer);\" is covered.\n7. Calculate Digest: The digest is calculated. The statement \"byte[] digest = md.digest();\" is covered.\n8. StringBuilder Initialization: A StringBuilder is initialized. The statement \"StringBuilder hexStr = new StringBuilder();\" is covered.\n9. For Loop Execution: The loop iterates over the digest array. The statement \"for (int i = 0; i < digest.length; i++) {\" is covered.\n10. Append to StringBuilder: The hexadecimal representation of each byte in the digest is appended to the StringBuilder. The statement \"hexStr.append(Integer.toString( ( digest[i] & 0xff ) + 0x100, 16).substring( 1 ));\" is covered.\n11. Return Hash: The hexadecimal string is returned. The statement \"return hexStr.toString();\" is covered.\n\nFinal code coverage of the Java program based on its test case and given step by step reasoning for execution is:\n> public class foo {\n> public String hash(String victim) throws NoSuchAlgorithmException\n> {\n>     MessageDigest md = MessageDigest.getInstance(\"SHA1\");\n>     md.reset();\n>     byte[] buffer = victim.getBytes();\n>     md.update(buffer);\n>     byte[] digest = md.digest();\n>     StringBuilder hexStr = new StringBuilder();\n>     for (int i = 0; i < digest.length; i++) {\n>         hexStr.append(Integer.toString( ( digest[i] & 0xff ) + 0x100, 16).substring( 1 ));\n>     }\n>     return hexStr.toString();\n> }\n> }",
            "test_seed_coverage": [
                ">",
                ">",
                ">",
                ">",
                ">",
                ">",
                ">",
                ">",
                ">",
                ">",
                ">",
                ">",
                ">",
                ">",
                ">"
            ],
            "cumulative_coverage": [
                ">",
                ">",
                ">",
                ">",
                ">",
                ">",
                ">",
                ">",
                ">",
                ">",
                ">",
                ">",
                ">",
                ">",
                ">"
            ],
            "execution_output": "Enter s (String):"
        },
        {
            "test_case": [
                "Test Case Input:\n-10 / 0"
            ],
            "test_mutations": [
                "Test Case Input:\n-10 / 0"
            ],
            "initial_code": "public class foo {\npublic String hash(String victim) throws NoSuchAlgorithmException\n{\n    MessageDigest md = MessageDigest.getInstance(\"SHA1\");\n    md.reset();\n    byte[] buffer = victim.getBytes();\n    md.update(buffer);\n    byte[] digest = md.digest();\n    StringBuilder hexStr = new StringBuilder();\n    for (int i = 0; i < digest.length; i++) {\n        hexStr.append(Integer.toString( ( digest[i] & 0xff ) + 0x100, 16).substring( 1 ));\n    }\n    return hexStr.toString();\n}\n}",
            "covered_code": "PLAN for step by step execution of the given Java program and test case:\n\n1. No imports are present in the code, so no import statements are covered.\n2. Class Declaration: The class declaration \"public class foo {\" is executed and covered.\n3. Method Declaration: The method \"public String hash(String victim) throws NoSuchAlgorithmException\" is not executed because there's no test case that involves calling this method, so it is not covered.\n4. Statements within the hash method: The statements inside the method are not executed because the method is not called, so none of these statements are covered.\n5. Closing Brackets: Always covered.\n\nFinal code coverage of the Java program based on its test case and given step by step reasoning for execution is:\n\n```\n! public class foo {\n! public String hash(String victim) throws NoSuchAlgorithmException\n! {\n!     MessageDigest md = MessageDigest.getInstance(\"SHA1\");\n!     md.reset();\n!     byte[] buffer = victim.getBytes();\n!     md.update(buffer);\n!     byte[] digest = md.digest();\n!     StringBuilder hexStr = new StringBuilder();\n!     for (int i = 0; i < digest.length; i++) {\n!         hexStr.append(Integer.toString( ( digest[i] & 0xff ) + 0x100, 16).substring( 1 ));\n!     }\n!     return hexStr.toString();\n! }\n! }\n```",
            "test_seed_coverage": [
                ">",
                ">",
                ">",
                ">",
                ">",
                ">",
                ">",
                ">",
                ">",
                ">",
                ">",
                ">",
                ">",
                ">",
                ">"
            ],
            "cumulative_coverage": [
                ">",
                ">",
                ">",
                ">",
                ">",
                ">",
                ">",
                ">",
                ">",
                ">",
                ">",
                ">",
                ">",
                ">",
                ">"
            ],
            "execution_output": "Enter s (String):"
        },
        {
            "test_case": [
                "Test Case Input:\n-100 / 0"
            ],
            "test_mutations": [
                "Test Case Input:\n-100 / 0"
            ],
            "initial_code": "public class foo {\npublic String hash(String victim) throws NoSuchAlgorithmException\n{\n    MessageDigest md = MessageDigest.getInstance(\"SHA1\");\n    md.reset();\n    byte[] buffer = victim.getBytes();\n    md.update(buffer);\n    byte[] digest = md.digest();\n    StringBuilder hexStr = new StringBuilder();\n    for (int i = 0; i < digest.length; i++) {\n        hexStr.append(Integer.toString( ( digest[i] & 0xff ) + 0x100, 16).substring( 1 ));\n    }\n    return hexStr.toString();\n}\n}",
            "covered_code": "PLAN for step by step execution of the given Java program and test case:\n\n1. Class Declaration: Class declaration \"public class foo {\" is executed.\n2. Method Declaration: Method declaration for \"public String hash(String victim) throws NoSuchAlgorithmException\" is executed when called.\n3. MessageDigest Initialization: Statement \"MessageDigest md = MessageDigest.getInstance(\"SHA1\");\" is executed.\n4. Digest Reset: Statement \"md.reset();\" is executed.\n5. Buffer Creation: Statement \"byte[] buffer = victim.getBytes();\" is executed.\n6. Digest Update: Statement \"md.update(buffer);\" is executed.\n7. Digest Computation: Statement \"byte[] digest = md.digest();\" is executed.\n8. StringBuilder Initialization: Statement \"StringBuilder hexStr = new StringBuilder();\" is executed.\n9. For Loop Execution: Since digest.length is not specified in the test case, assuming it will execute for the length of digest. The loop and its contents will be executed.\n10. Hex String Construction: Statement \"hexStr.append(Integer.toString( ( digest[i] & 0xff ) + 0x100, 16).substring( 1 ));\" is executed within the loop.\n11. Return Statement: Statement \"return hexStr.toString();\" is executed.\n12. Closing Bracket of Method: Always covered.\n13. Closing Bracket of Class: Always covered.\n\nFinal code coverage of the Java program based on its test case and given step by step reasoning for execution is:\n\n> public class foo {\n> public String hash(String victim) throws NoSuchAlgorithmException\n> {\n>     MessageDigest md = MessageDigest.getInstance(\"SHA1\");\n>     md.reset();\n>     byte[] buffer = victim.getBytes();\n>     md.update(buffer);\n>     byte[] digest = md.digest();\n>     StringBuilder hexStr = new StringBuilder();\n>     for (int i = 0; i < digest.length; i++) {\n>         hexStr.append(Integer.toString( ( digest[i] & 0xff ) + 0x100, 16).substring( 1 ));\n>     }\n>     return hexStr.toString();\n> }\n> }",
            "test_seed_coverage": [
                ">",
                ">",
                ">",
                ">",
                ">",
                ">",
                ">",
                ">",
                ">",
                ">",
                ">",
                ">",
                ">",
                ">",
                ">"
            ],
            "cumulative_coverage": [
                ">",
                ">",
                ">",
                ">",
                ">",
                ">",
                ">",
                ">",
                ">",
                ">",
                ">",
                ">",
                ">",
                ">",
                ">"
            ],
            "execution_output": "Enter s (String):"
        },
        {
            "test_case": [
                "Test Case Input:\n-1 / 0"
            ],
            "test_mutations": [
                "Test Case Input:\n-1 / 0"
            ],
            "initial_code": "public class foo {\npublic String hash(String victim) throws NoSuchAlgorithmException\n{\n    MessageDigest md = MessageDigest.getInstance(\"SHA1\");\n    md.reset();\n    byte[] buffer = victim.getBytes();\n    md.update(buffer);\n    byte[] digest = md.digest();\n    StringBuilder hexStr = new StringBuilder();\n    for (int i = 0; i < digest.length; i++) {\n        hexStr.append(Integer.toString( ( digest[i] & 0xff ) + 0x100, 16).substring( 1 ));\n    }\n    return hexStr.toString();\n}\n}",
            "covered_code": "Plan for step-by-step execution of the given Java program and test case:\n\n1. Class Declaration: The class `foo` is declared. Statement `public class foo {` will be covered.\n2. Method Declaration: The method `hash` is declared. Statement `public String hash(String victim) throws NoSuchAlgorithmException {` is covered.\n3. MessageDigest Instance Creation: Statement `MessageDigest md = MessageDigest.getInstance(\"SHA1\");` will be covered.\n4. MessageDigest Reset: Statement `md.reset();` will be covered.\n5. Byte Array Creation: Statement `byte[] buffer = victim.getBytes();` will be covered.\n6. MessageDigest Update: Statement `md.update(buffer);` will be covered.\n7. Digest Calculation: Statement `byte[] digest = md.digest();` will be covered.\n8. StringBuilder Initialization: Statement `StringBuilder hexStr = new StringBuilder();` will be covered.\n9. For Loop Execution: The length of the digest array determines the number of iterations. The for loop `for (int i = 0; i < digest.length; i++) {` will be covered.\n10. Hex String Conversion: Within the loop, statement `hexStr.append(Integer.toString( ( digest[i] & 0xff ) + 0x100, 16).substring( 1 ));` will be executed for each byte of the digest array.\n11. Return Statement: Statement `return hexStr.toString();` will be covered.\n12. Closing Brackets: Always covered.\n\nFinal code coverage of the Java program based on its test case and given step-by-step reasoning for execution is:\n\n```\n> public class foo {\n> public String hash(String victim) throws NoSuchAlgorithmException\n> {\n>     MessageDigest md = MessageDigest.getInstance(\"SHA1\");\n>     md.reset();\n>     byte[] buffer = victim.getBytes();\n>     md.update(buffer);\n>     byte[] digest = md.digest();\n>     StringBuilder hexStr = new StringBuilder();\n>     for (int i = 0; i < digest.length; i++) {\n>         hexStr.append(Integer.toString( ( digest[i] & 0xff ) + 0x100, 16).substring( 1 ));\n>     }\n>     return hexStr.toString();\n> }\n> }\n```",
            "test_seed_coverage": [
                ">",
                ">",
                ">",
                ">",
                ">",
                ">",
                ">",
                ">",
                ">",
                ">",
                ">",
                ">",
                ">",
                ">",
                ">"
            ],
            "cumulative_coverage": [
                ">",
                ">",
                ">",
                ">",
                ">",
                ">",
                ">",
                ">",
                ">",
                ">",
                ">",
                ">",
                ">",
                ">",
                ">"
            ],
            "execution_output": "Enter s (String):"
        }
    ]
}