{
  "submission_id": "74972",
  "cycles": [
    {
      "test_case": [
        "Test Case Input:\n\"test\""
      ],
      "test_mutations": [
        "Test Case Input:\n\"test\""
      ],
      "initial_code": "public class foo {\npublic String hash(String victim) throws NoSuchAlgorithmException\n{\n    MessageDigest md = MessageDigest.getInstance(\"SHA1\");\n    md.reset();\n    byte[] buffer = victim.getBytes();\n    md.update(buffer);\n    byte[] digest = md.digest();\n    StringBuilder hexStr = new StringBuilder();\n    for (int i = 0; i < digest.length; i++) {\n        hexStr.append(Integer.toString( ( digest[i] & 0xff ) + 0x100, 16).substring( 1 ));\n    }\n    return hexStr.toString();\n}\n}",
      "covered_code": "PLAN for step by step execution of the given Java program and test case:\n\n1. foo Class Declaration: Class declaration statements are executed. Statement \"public class foo {\" is covered.\n2. hash Method Declaration: Method declarations are executed when called. The statement \"public String hash(String victim) throws NoSuchAlgorithmException {\" is covered.\n3. MessageDigest Initialization: The MessageDigest is initialized with the SHA-1 algorithm. The statement \"MessageDigest md = MessageDigest.getInstance(\"SHA1\");\" is covered.\n4. MessageDigest Reset: The reset method is called on the MessageDigest object. The statement \"md.reset();\" is covered.\n5. Convert String to Bytes: The input string \"test\" is converted to a byte array. The statement \"byte[] buffer = victim.getBytes();\" is covered.\n6. Update MessageDigest with Bytes: The MessageDigest object is updated with the byte array. The statement \"md.update(buffer);\" is covered.\n7. Digest Calculation: The digest method is called to calculate the hash. The statement \"byte[] digest = md.digest();\" is covered.\n8. StringBuilder Initialization: A StringBuilder object is initialized to build the hexadecimal string. The statement \"StringBuilder hexStr = new StringBuilder();\" is covered.\n9. For Loop Execution: The for loop iterates over the byte array to convert each byte to a hexadecimal string. The statement \"for (int i = 0; i < digest.length; i++) {\" is covered.\n10. Hexadecimal String Conversion: The conversion of each byte to a hexadecimal string and appending it to the StringBuilder is executed. The statement \"hexStr.append(Integer.toString( ( digest[i] & 0xff ) + 0x100, 16).substring( 1 ));\" is covered.\n11. Return Statement: The final hexadecimal string is returned. The statement \"return hexStr.toString();\" is covered.\n12. Closing Brackets: Always covered.\n\nFinal code coverage of the Java program based on its test case and given step-by-step reasoning for execution is:\n\n> public class foo {\n> public String hash(String victim) throws NoSuchAlgorithmException\n> {\n>     MessageDigest md = MessageDigest.getInstance(\"SHA1\");\n>     md.reset();\n>     byte[] buffer = victim.getBytes();\n>     md.update(buffer);\n>     byte[] digest = md.digest();\n>     StringBuilder hexStr = new StringBuilder();\n>     for (int i = 0; i < digest.length; i++) {\n>         hexStr.append(Integer.toString( ( digest[i] & 0xff ) + 0x100, 16).substring( 1 ));\n>     }\n>     return hexStr.toString();\n> }\n> }",
      "test_seed_coverage": [
        ">",
        ">",
        ">",
        ">",
        ">",
        ">",
        ">",
        ">",
        ">",
        ">",
        ">",
        ">",
        ">",
        ">",
        ">"
      ],
      "cumulative_coverage": [
        ">",
        ">",
        ">",
        ">",
        ">",
        ">",
        ">",
        ">",
        ">",
        ">",
        ">",
        ">",
        ">",
        ">",
        ">"
      ]
    },
    {
      "test_case": [
        "Test Case Input:\nnull"
      ],
      "test_mutations": [
        "Test Case Input:\nnull"
      ],
      "initial_code": "public class foo {\npublic String hash(String victim) throws NoSuchAlgorithmException\n{\n    MessageDigest md = MessageDigest.getInstance(\"SHA1\");\n    md.reset();\n    byte[] buffer = victim.getBytes();\n    md.update(buffer);\n    byte[] digest = md.digest();\n    StringBuilder hexStr = new StringBuilder();\n    for (int i = 0; i < digest.length; i++) {\n        hexStr.append(Integer.toString( ( digest[i] & 0xff ) + 0x100, 16).substring( 1 ));\n    }\n    return hexStr.toString();\n}\n}",
      "covered_code": "PLAN:\n1. Import Statements: No explicit import statement is present, but the implied import for `java.security.MessageDigest` and `java.security.NoSuchAlgorithmException` should be considered.\n2. Class Declaration: Class declaration statement \"public class foo {\" is covered.\n3. Method Declaration: Method declaration \"public String hash(String victim) throws NoSuchAlgorithmException {\" is covered when the method is invoked.\n4. MessageDigest Instance Creation: Statement \"MessageDigest md = MessageDigest.getInstance(\"SHA1\");\" is covered during method execution.\n5. Reset MessageDigest: Statement \"md.reset();\" is covered.\n6. Convert String to Bytes: Statement \"byte[] buffer = victim.getBytes();\" is covered.\n7. Update MessageDigest: Statement \"md.update(buffer);\" is covered.\n8. Digest Calculation: Statement \"byte[] digest = md.digest();\" is covered.\n9. StringBuilder Initialization: Statement \"StringBuilder hexStr = new StringBuilder();\" is covered.\n10. For Loop Execution: Statement \"for (int i = 0; i < digest.length; i++) {\" is covered.\n11. Append to StringBuilder: Inside the loop, \"hexStr.append(Integer.toString( ( digest[i] & 0xff ) + 0x100, 16).substring( 1 ));\" is covered for each iteration.\n12. Return Statement: Statement \"return hexStr.toString();\" is covered.\n13. Closing Brackets: Always covered.\n\nFinal code coverage of the Java program based on its test case and given step-by-step reasoning for execution is:\n```\n> public class foo {\n> public String hash(String victim) throws NoSuchAlgorithmException\n> {\n>     MessageDigest md = MessageDigest.getInstance(\"SHA1\");\n>     md.reset();\n>     byte[] buffer = victim.getBytes();\n>     md.update(buffer);\n>     byte[] digest = md.digest();\n>     StringBuilder hexStr = new StringBuilder();\n>     for (int i = 0; i < digest.length; i++) {\n>         hexStr.append(Integer.toString( ( digest[i] & 0xff ) + 0x100, 16).substring( 1 ));\n>     }\n>     return hexStr.toString();\n> }\n> }\n```",
      "test_seed_coverage": [
        ">",
        ">",
        ">",
        ">",
        ">",
        ">",
        ">",
        ">",
        ">",
        ">",
        ">",
        ">",
        ">",
        ">",
        ">"
      ],
      "cumulative_coverage": [
        ">",
        ">",
        ">",
        ">",
        ">",
        ">",
        ">",
        ">",
        ">",
        ">",
        ">",
        ">",
        ">",
        ">",
        ">"
      ]
    },
    {
      "test_case": [
        "Test Case Input:\n0"
      ],
      "test_mutations": [
        "Test Case Input:\n0"
      ],
      "initial_code": "public class foo {\npublic String hash(String victim) throws NoSuchAlgorithmException\n{\n    MessageDigest md = MessageDigest.getInstance(\"SHA1\");\n    md.reset();\n    byte[] buffer = victim.getBytes();\n    md.update(buffer);\n    byte[] digest = md.digest();\n    StringBuilder hexStr = new StringBuilder();\n    for (int i = 0; i < digest.length; i++) {\n        hexStr.append(Integer.toString( ( digest[i] & 0xff ) + 0x100, 16).substring( 1 ));\n    }\n    return hexStr.toString();\n}\n}",
      "covered_code": "PLAN:\n1. Class Declaration: The class \"foo\" is declared and will be covered.\n2. Method Declaration: The method \"hash\" is declared and will be covered.\n3. Exception Handling: The \"NoSuchAlgorithmException\" is declared in the method signature but not actually thrown or caught in the code provided.\n4. MessageDigest Initialization: Statement \"MessageDigest md = MessageDigest.getInstance(\"SHA1\");\" will be covered if the method is called.\n5. Resetting MessageDigest: Statement \"md.reset();\" will be covered if the method is called.\n6. Getting Bytes: Statement \"byte[] buffer = victim.getBytes();\" will be covered if the method is called.\n7. Updating MessageDigest: Statement \"md.update(buffer);\" will be covered if the method is called.\n8. Digest Calculation: Statement \"byte[] digest = md.digest();\" will be covered if the method is called.\n9. StringBuilder Initialization: Statement \"StringBuilder hexStr = new StringBuilder();\" will be covered if the method is called.\n10. For Loop Execution: The for loop \"for (int i = 0; i < digest.length; i++)\" will be covered if the method is called.\n11. Hex String Creation: Statement \"hexStr.append(Integer.toString((digest[i] & 0xff) + 0x100, 16).substring(1));\" will be covered if the method is called.\n12. Return Statement: Statement \"return hexStr.toString();\" will be covered if the method is called.\n\nFinal code coverage of the Java program based on its test case and given step by step reasoning for execution is:\n> public class foo {\n> public String hash(String victim) throws NoSuchAlgorithmException\n> {\n!     MessageDigest md = MessageDigest.getInstance(\"SHA1\");\n!     md.reset();\n!     byte[] buffer = victim.getBytes();\n!     md.update(buffer);\n!     byte[] digest = md.digest();\n!     StringBuilder hexStr = new StringBuilder();\n!     for (int i = 0; i < digest.length; i++) {\n!         hexStr.append(Integer.toString( ( digest[i] & 0xff ) + 0x100, 16).substring( 1 ));\n!     }\n!     return hexStr.toString();\n> }\n> }",
      "test_seed_coverage": [
        ">",
        ">",
        ">",
        ">",
        ">",
        ">",
        ">",
        ">",
        ">",
        ">",
        ">",
        ">",
        ">",
        ">",
        ">"
      ],
      "cumulative_coverage": [
        ">",
        ">",
        ">",
        ">",
        ">",
        ">",
        ">",
        ">",
        ">",
        ">",
        ">",
        ">",
        ">",
        ">",
        ">"
      ]
    },
    {
      "test_case": [
        "Test Case Input:\n\"123abc\""
      ],
      "test_mutations": [
        "Test Case Input:\n\"123abc\""
      ],
      "initial_code": "public class foo {\npublic String hash(String victim) throws NoSuchAlgorithmException\n{\n    MessageDigest md = MessageDigest.getInstance(\"SHA1\");\n    md.reset();\n    byte[] buffer = victim.getBytes();\n    md.update(buffer);\n    byte[] digest = md.digest();\n    StringBuilder hexStr = new StringBuilder();\n    for (int i = 0; i < digest.length; i++) {\n        hexStr.append(Integer.toString( ( digest[i] & 0xff ) + 0x100, 16).substring( 1 ));\n    }\n    return hexStr.toString();\n}\n}",
      "covered_code": "PLAN for step by step execution of the given Java program and test case:\n\n1. Class Declaration: The class declaration statement \"public class foo {\" is executed and covered.\n2. Method Declaration: The method declaration \"public String hash(String victim) throws NoSuchAlgorithmException {\" is executed and covered.\n3. MessageDigest Instance: The statement \"MessageDigest md = MessageDigest.getInstance(\"SHA1\");\" is executed. This will be covered.\n4. Reset MessageDigest: The statement \"md.reset();\" is executed and covered.\n5. Get Bytes: The statement \"byte[] buffer = victim.getBytes();\" is executed and covered.\n6. Update MessageDigest: The statement \"md.update(buffer);\" is executed and covered.\n7. Digest Calculation: The statement \"byte[] digest = md.digest();\" is executed and covered.\n8. StringBuilder Initialization: The statement \"StringBuilder hexStr = new StringBuilder();\" is executed and covered.\n9. For Loop Execution: Since digest.length > 0, the for loop will be executed. The statement \"for (int i = 0; i < digest.length; i++) {\" is covered.\n10. For Loop Contents: The statement within the loop \"hexStr.append(Integer.toString( ( digest[i] & 0xff ) + 0x100, 16).substring( 1 ));\" is executed and covered.\n11. Return Statement: The return statement \"return hexStr.toString();\" is executed and covered.\n12. Closing Brackets: Always covered.\n\nFinal code coverage of the Java program based on its test case and given step by step reasoning for execution:\n\n> public class foo {\n> public String hash(String victim) throws NoSuchAlgorithmException\n> {\n>     MessageDigest md = MessageDigest.getInstance(\"SHA1\");\n>     md.reset();\n>     byte[] buffer = victim.getBytes();\n>     md.update(buffer);\n>     byte[] digest = md.digest();\n>     StringBuilder hexStr = new StringBuilder();\n>     for (int i = 0; i < digest.length; i++) {\n>         hexStr.append(Integer.toString( ( digest[i] & 0xff ) + 0x100, 16).substring( 1 ));\n>     }\n>     return hexStr.toString();\n> }\n> }",
      "test_seed_coverage": [
        ">",
        ">",
        ">",
        ">",
        ">",
        ">",
        ">",
        ">",
        ">",
        ">",
        ">",
        ">",
        ">",
        ">",
        ">"
      ],
      "cumulative_coverage": [
        ">",
        ">",
        ">",
        ">",
        ">",
        ">",
        ">",
        ">",
        ">",
        ">",
        ">",
        ">",
        ">",
        ">",
        ">"
      ]
    },
    {
      "test_case": [
        "Test Case Input:\n3.14"
      ],
      "test_mutations": [
        "Test Case Input:\n3.14"
      ],
      "initial_code": "public class foo {\npublic String hash(String victim) throws NoSuchAlgorithmException\n{\n    MessageDigest md = MessageDigest.getInstance(\"SHA1\");\n    md.reset();\n    byte[] buffer = victim.getBytes();\n    md.update(buffer);\n    byte[] digest = md.digest();\n    StringBuilder hexStr = new StringBuilder();\n    for (int i = 0; i < digest.length; i++) {\n        hexStr.append(Integer.toString( ( digest[i] & 0xff ) + 0x100, 16).substring( 1 ));\n    }\n    return hexStr.toString();\n}\n}",
      "covered_code": "PLAN for step by step execution of the given Java program and test case:\n\n1. Import Statements: There are no explicit import statements in the code, but the `NoSuchAlgorithmException` and `MessageDigest` classes are part of the `java.security` package that need to be imported for the code to compile.\n\n2. Class Declaration: The class `foo` is declared and would be covered if the code is executed.\n\n3. Method Declaration: The method `hash` is declared. This is a non-static method, so it requires an instance of the `foo` class to be called.\n\n4. Method Execution: The method `hash` would be executed if it were called with a valid `String` input. The test case input `3.14` does not directly indicate a method call or usage context.\n\n5. Exception Handling: Since the method throws `NoSuchAlgorithmException`, this exception needs to be handled or declared in a calling method. This part is not explicitly covered in the input provided.\n\n6. String to Bytes Conversion: If the method `hash` is called, `victim.getBytes()` is executed.\n\n7. Digest Update: `md.update(buffer)` is executed if the method is called.\n\n8. Digest Calculation: `byte[] digest = md.digest()` is executed if the method is called.\n\n9. Hex String Building: The `for` loop is executed to build the hexadecimal string representation of the digest if the method is called.\n\n10. Return Statement: `return hexStr.toString()` is executed if the method is called.\n\nFinal code coverage of the Java program based on the provided test case and predicted step-by-step reasoning for execution:\n\n! public class foo {\n! public String hash(String victim) throws NoSuchAlgorithmException\n! {\n!     MessageDigest md = MessageDigest.getInstance(\"SHA1\");\n!     md.reset();\n!     byte[] buffer = victim.getBytes();\n!     md.update(buffer);\n!     byte[] digest = md.digest();\n!     StringBuilder hexStr = new StringBuilder();\n!     for (int i = 0; i < digest.length; i++) {\n!         hexStr.append(Integer.toString( ( digest[i] & 0xff ) + 0x100, 16).substring( 1 ));\n!     }\n!     return hexStr.toString();\n! }\n! }",
      "test_seed_coverage": [
        ">",
        ">",
        ">",
        ">",
        ">",
        ">",
        ">",
        ">",
        ">",
        ">",
        ">",
        ">",
        ">",
        ">",
        ">"
      ],
      "cumulative_coverage": [
        ">",
        ">",
        ">",
        ">",
        ">",
        ">",
        ">",
        ">",
        ">",
        ">",
        ">",
        ">",
        ">",
        ">",
        ">"
      ]
    },
    {
      "test_case": [
        "Test Case Input:\n-10"
      ],
      "test_mutations": [
        "Test Case Input:\n-10"
      ],
      "initial_code": "public class foo {\npublic String hash(String victim) throws NoSuchAlgorithmException\n{\n    MessageDigest md = MessageDigest.getInstance(\"SHA1\");\n    md.reset();\n    byte[] buffer = victim.getBytes();\n    md.update(buffer);\n    byte[] digest = md.digest();\n    StringBuilder hexStr = new StringBuilder();\n    for (int i = 0; i < digest.length; i++) {\n        hexStr.append(Integer.toString( ( digest[i] & 0xff ) + 0x100, 16).substring( 1 ));\n    }\n    return hexStr.toString();\n}\n}",
      "covered_code": "PLAN for step by step execution of the given Java program and test case:\n1. Class Declaration: The class declaration statement \"public class foo {\" is executed and covered.\n2. Method Declaration: The method declaration statement \"public String hash(String victim) throws NoSuchAlgorithmException {\" is executed and covered.\n3. MessageDigest Instance Creation: The code line \"MessageDigest md = MessageDigest.getInstance(\"SHA1\");\" is executed and covered.\n4. Reset MessageDigest: The line \"md.reset();\" is executed and covered.\n5. Get Bytes from String: The statement \"byte[] buffer = victim.getBytes();\" is executed and covered.\n6. Update MessageDigest with Byte Array: The line \"md.update(buffer);\" is executed and covered.\n7. Calculate Digest: The statement \"byte[] digest = md.digest();\" is executed and covered.\n8. StringBuilder Initialization: The line \"StringBuilder hexStr = new StringBuilder();\" is executed and covered.\n9. For Loop Execution: The for loop \"for (int i = 0; i < digest.length; i++) {\" is executed and covered because the digest array is always initialized with the hash value.\n10. Append Hexadecimal Representation: Inside the for loop, the line \"hexStr.append(Integer.toString( ( digest[i] & 0xff ) + 0x100, 16).substring( 1 ));\" is executed and covered for each iteration.\n11. Return Statement: The statement \"return hexStr.toString();\" is executed and covered since the method returns the result at the end.\n\nFinal code coverage of the Java program based on its test case and given step by step reasoning for execution is:\n```\n> public class foo {\n> public String hash(String victim) throws NoSuchAlgorithmException\n> {\n>     MessageDigest md = MessageDigest.getInstance(\"SHA1\");\n>     md.reset();\n>     byte[] buffer = victim.getBytes();\n>     md.update(buffer);\n>     byte[] digest = md.digest();\n>     StringBuilder hexStr = new StringBuilder();\n>     for (int i = 0; i < digest.length; i++) {\n>         hexStr.append(Integer.toString( ( digest[i] & 0xff ) + 0x100, 16).substring( 1 ));\n>     }\n>     return hexStr.toString();\n> }\n> }\n```",
      "test_seed_coverage": [
        ">",
        ">",
        ">",
        ">",
        ">",
        ">",
        ">",
        ">",
        ">",
        ">",
        ">",
        ">",
        ">",
        ">",
        ">"
      ],
      "cumulative_coverage": [
        ">",
        ">",
        ">",
        ">",
        ">",
        ">",
        ">",
        ">",
        ">",
        ">",
        ">",
        ">",
        ">",
        ">",
        ">"
      ]
    },
    {
      "test_case": [
        "Test Case Input:\n\"abc123\""
      ],
      "test_mutations": [
        "Test Case Input:\n\"abc123\""
      ],
      "initial_code": "public class foo {\npublic String hash(String victim) throws NoSuchAlgorithmException\n{\n    MessageDigest md = MessageDigest.getInstance(\"SHA1\");\n    md.reset();\n    byte[] buffer = victim.getBytes();\n    md.update(buffer);\n    byte[] digest = md.digest();\n    StringBuilder hexStr = new StringBuilder();\n    for (int i = 0; i < digest.length; i++) {\n        hexStr.append(Integer.toString( ( digest[i] & 0xff ) + 0x100, 16).substring( 1 ));\n    }\n    return hexStr.toString();\n}\n}",
      "covered_code": "PLAN for step-by-step execution of the given Java program and test case:\n\n1. Import statements: No import statements are present, so nothing is covered in this step.\n2. foo Class Declaration: Class declaration statements are executed. Statement \"public class foo {\" is covered.\n3. hash Method Declaration: Method declarations are executed when called. Statement \"public String hash(String victim) throws NoSuchAlgorithmException {\" is covered when the method is invoked.\n4. MessageDigest Instance: The line \"MessageDigest md = MessageDigest.getInstance(\"SHA1\");\" is covered when the method is executed.\n5. MessageDigest Reset: The line \"md.reset();\" is covered when the method is executed.\n6. Convert String to Bytes: The line \"byte[] buffer = victim.getBytes();\" is covered when the method is executed.\n7. Update MessageDigest: The line \"md.update(buffer);\" is covered when the method is executed.\n8. Digest Calculation: The line \"byte[] digest = md.digest();\" is covered when the method is executed.\n9. StringBuilder Initialization: The line \"StringBuilder hexStr = new StringBuilder();\" is covered when the method is executed.\n10. For Loop Execution: The for loop iterates over the length of the digest, executing the loop body. The line \"for (int i = 0; i < digest.length; i++) {\" is covered.\n11. Append to StringBuilder: Within the for loop, the line \"hexStr.append(Integer.toString((digest[i] & 0xff) + 0x100, 16).substring(1));\" is covered as it is executed for each iteration.\n12. Return Statement: The line \"return hexStr.toString();\" is covered as it executes after the loop completes.\n13. Closing Brackets: Always covered as part of the class and method closure.\n\nFinal code coverage of the Java program based on its test case and given step-by-step reasoning for execution is:\n\n```\n! // No import statements\n> public class foo {\n> public String hash(String victim) throws NoSuchAlgorithmException\n> {\n>     MessageDigest md = MessageDigest.getInstance(\"SHA1\");\n>     md.reset();\n>     byte[] buffer = victim.getBytes();\n>     md.update(buffer);\n>     byte[] digest = md.digest();\n>     StringBuilder hexStr = new StringBuilder();\n>     for (int i = 0; i < digest.length; i++) {\n>         hexStr.append(Integer.toString( ( digest[i] & 0xff ) + 0x100, 16).substring( 1 ));\n>     }\n>     return hexStr.toString();\n> }\n> }\n```",
      "test_seed_coverage": [
        ">",
        ">",
        ">",
        ">",
        ">",
        ">",
        ">",
        ">",
        ">",
        ">",
        ">",
        ">",
        ">",
        ">",
        ">",
        ">"
      ],
      "cumulative_coverage": [
        ">",
        ">",
        ">",
        ">",
        ">",
        ">",
        ">",
        ">",
        ">",
        ">",
        ">",
        ">",
        ">",
        ">",
        ">",
        ">"
      ]
    },
    {
      "test_case": [
        "Test Case Input:\n\"abc\""
      ],
      "test_mutations": [
        "Test Case Input:\n\"abc\""
      ],
      "initial_code": "public class foo {\npublic String hash(String victim) throws NoSuchAlgorithmException\n{\n    MessageDigest md = MessageDigest.getInstance(\"SHA1\");\n    md.reset();\n    byte[] buffer = victim.getBytes();\n    md.update(buffer);\n    byte[] digest = md.digest();\n    StringBuilder hexStr = new StringBuilder();\n    for (int i = 0; i < digest.length; i++) {\n        hexStr.append(Integer.toString( ( digest[i] & 0xff ) + 0x100, 16).substring( 1 ));\n    }\n    return hexStr.toString();\n}\n}",
      "covered_code": "PLAN:\n\n1. Class Declaration: The class `foo` is declared. This statement is covered.\n2. Method Declaration: The `hash` method is declared. This statement is covered.\n3. `MessageDigest` Instance Creation: The statement `MessageDigest md = MessageDigest.getInstance(\"SHA1\");` is executed to create an instance of `MessageDigest` using the \"SHA1\" algorithm. This statement is covered.\n4. Reset `MessageDigest`: The method `md.reset();` is executed to reset the `MessageDigest` object. This statement is covered.\n5. Convert String to Bytes: The statement `byte[] buffer = victim.getBytes();` is executed to convert the input string \"abc\" to a byte array. This statement is covered.\n6. Update `MessageDigest`: The method `md.update(buffer);` is executed to update the `MessageDigest` with the byte array. This statement is covered.\n7. Digest Calculation: The statement `byte[] digest = md.digest();` is executed to compute the hash. This statement is covered.\n8. StringBuilder Initialization: The statement `StringBuilder hexStr = new StringBuilder();` is executed to create a `StringBuilder` for constructing the hexadecimal string. This statement is covered.\n9. For Loop Execution: The for-loop iterates over the `digest` byte array to convert it to a hexadecimal string. The loop's header `for (int i = 0; i < digest.length; i++) {` is executed, resulting in multiple iterations. This statement is covered.\n10. Hexadecimal Conversion: The loop body `hexStr.append(Integer.toString((digest[i] & 0xff) + 0x100, 16).substring(1));` is executed multiple times to append the hexadecimal representation of each byte to `hexStr`. This statement is covered.\n11. Return Statement: The statement `return hexStr.toString();` is executed to return the final hexadecimal string. This statement is covered.\n12. Closing Brackets: The closing brackets for the method and class are always covered.\n\nFinal code coverage of the Java program based on its test case and given step by step reasoning for execution is:\n\n> public class foo {\n> public String hash(String victim) throws NoSuchAlgorithmException\n> {\n>     MessageDigest md = MessageDigest.getInstance(\"SHA1\");\n>     md.reset();\n>     byte[] buffer = victim.getBytes();\n>     md.update(buffer);\n>     byte[] digest = md.digest();\n>     StringBuilder hexStr = new StringBuilder();\n>     for (int i = 0; i < digest.length; i++) {\n>         hexStr.append(Integer.toString( ( digest[i] & 0xff ) + 0x100, 16).substring( 1 ));\n>     }\n>     return hexStr.toString();\n> }\n> }",
      "test_seed_coverage": [
        ">",
        ">",
        ">",
        ">",
        ">",
        ">",
        ">",
        ">",
        ">",
        ">",
        ">",
        ">",
        ">",
        ">",
        ">"
      ],
      "cumulative_coverage": [
        ">",
        ">",
        ">",
        ">",
        ">",
        ">",
        ">",
        ">",
        ">",
        ">",
        ">",
        ">",
        ">",
        ">",
        ">"
      ]
    },
    {
      "test_case": [
        "Test Case Input:\n\"123.45\""
      ],
      "test_mutations": [
        "Test Case Input:\n\"123.45\""
      ],
      "initial_code": "public class foo {\npublic String hash(String victim) throws NoSuchAlgorithmException\n{\n    MessageDigest md = MessageDigest.getInstance(\"SHA1\");\n    md.reset();\n    byte[] buffer = victim.getBytes();\n    md.update(buffer);\n    byte[] digest = md.digest();\n    StringBuilder hexStr = new StringBuilder();\n    for (int i = 0; i < digest.length; i++) {\n        hexStr.append(Integer.toString( ( digest[i] & 0xff ) + 0x100, 16).substring( 1 ));\n    }\n    return hexStr.toString();\n}\n}",
      "covered_code": "PLAN for step-by-step execution of the given Java program and test case:\n\n1. Class Declaration: The class declaration `public class foo` is executed.\n2. Method Declaration: The method declaration `public String hash(String victim)` is executed when called.\n3. Test Case Execution: The `hash` method is called with the input `\"123.45\"`.\n4. Exception Handling: The `NoSuchAlgorithmException` is checked, but since \"SHA1\" is a valid algorithm, no exception occurs.\n5. MessageDigest Initialization: The statement `MessageDigest md = MessageDigest.getInstance(\"SHA1\");` is executed.\n6. MessageDigest Reset: The statement `md.reset();` is executed.\n7. Byte Array Conversion: The statement `byte[] buffer = victim.getBytes();` is executed.\n8. MessageDigest Update: The statement `md.update(buffer);` is executed.\n9. Digest Calculation: The statement `byte[] digest = md.digest();` is executed.\n10. StringBuilder Initialization: The statement `StringBuilder hexStr = new StringBuilder();` is executed.\n11. For Loop Execution: The statement `for (int i = 0; i < digest.length; i++) {` is executed, covering the entire loop for all elements in `digest`.\n12. StringBuilder Append: The statement `hexStr.append(Integer.toString( ( digest[i] & 0xff ) + 0x100, 16).substring( 1 ));` is executed for each iteration of the loop.\n13. Return Statement: The statement `return hexStr.toString();` is executed, returning the resulting hash.\n\nFinal code coverage of the Java program based on its test case and given step-by-step reasoning for execution is:\n\n> public class foo {\n> public String hash(String victim) throws NoSuchAlgorithmException\n> {\n>     MessageDigest md = MessageDigest.getInstance(\"SHA1\");\n>     md.reset();\n>     byte[] buffer = victim.getBytes();\n>     md.update(buffer);\n>     byte[] digest = md.digest();\n>     StringBuilder hexStr = new StringBuilder();\n>     for (int i = 0; i < digest.length; i++) {\n>         hexStr.append(Integer.toString( ( digest[i] & 0xff ) + 0x100, 16).substring( 1 ));\n>     }\n>     return hexStr.toString();\n> }\n> }",
      "test_seed_coverage": [
        ">",
        ">",
        ">",
        ">",
        ">",
        ">",
        ">",
        ">",
        ">",
        ">",
        ">",
        ">",
        ">",
        ">",
        ">"
      ],
      "cumulative_coverage": [
        ">",
        ">",
        ">",
        ">",
        ">",
        ">",
        ">",
        ">",
        ">",
        ">",
        ">",
        ">",
        ">",
        ">",
        ">"
      ]
    },
    {
      "test_case": [
        "Test Case Input:\n\"abcd\""
      ],
      "test_mutations": [
        "Test Case Input:\n\"abcd\""
      ],
      "initial_code": "public class foo {\npublic String hash(String victim) throws NoSuchAlgorithmException\n{\n    MessageDigest md = MessageDigest.getInstance(\"SHA1\");\n    md.reset();\n    byte[] buffer = victim.getBytes();\n    md.update(buffer);\n    byte[] digest = md.digest();\n    StringBuilder hexStr = new StringBuilder();\n    for (int i = 0; i < digest.length; i++) {\n        hexStr.append(Integer.toString( ( digest[i] & 0xff ) + 0x100, 16).substring( 1 ));\n    }\n    return hexStr.toString();\n}\n}",
      "covered_code": "PLAN for step by step execution of the given Java program and test case:\n\n1. Class Declaration: Class declaration statements are executed. Statement \"public class foo {\" is covered.\n2. Method Declaration: The method \"hash\" is declared but not executed since it's never called in the provided test case. The declaration \"public String hash(String victim) throws NoSuchAlgorithmException\" is covered, but the execution of its body isn't.\n3. Method Execution: The method body, including the instantiation of MessageDigest, reset, update, digest, and the for-loop, will not be executed since the method is not called. Hence, none of the statements within \"hash\" method are covered.\n4. Closing Brackets: Closing brackets are always covered.\n\nFinal code coverage of the Java program based on its test case and given step by step reasoning for execution is:\n\n> public class foo {\n! public String hash(String victim) throws NoSuchAlgorithmException\n! {\n!     MessageDigest md = MessageDigest.getInstance(\"SHA1\");\n!     md.reset();\n!     byte[] buffer = victim.getBytes();\n!     md.update(buffer);\n!     byte[] digest = md.digest();\n!     StringBuilder hexStr = new StringBuilder();\n!     for (int i = 0; i < digest.length; i++) {\n!         hexStr.append(Integer.toString( ( digest[i] & 0xff ) + 0x100, 16).substring( 1 ));\n!     }\n!     return hexStr.toString();\n! }\n> }",
      "test_seed_coverage": [
        ">",
        ">",
        ">",
        ">",
        ">",
        ">",
        ">",
        ">",
        ">",
        ">",
        ">",
        ">",
        ">",
        ">",
        ">"
      ],
      "cumulative_coverage": [
        ">",
        ">",
        ">",
        ">",
        ">",
        ">",
        ">",
        ">",
        ">",
        ">",
        ">",
        ">",
        ">",
        ">",
        ">"
      ]
    },
    {
      "test_case": [
        "Test Case Input:\n-10.5"
      ],
      "test_mutations": [
        "Test Case Input:\n-10.5"
      ],
      "initial_code": "public class foo {\npublic String hash(String victim) throws NoSuchAlgorithmException\n{\n    MessageDigest md = MessageDigest.getInstance(\"SHA1\");\n    md.reset();\n    byte[] buffer = victim.getBytes();\n    md.update(buffer);\n    byte[] digest = md.digest();\n    StringBuilder hexStr = new StringBuilder();\n    for (int i = 0; i < digest.length; i++) {\n        hexStr.append(Integer.toString( ( digest[i] & 0xff ) + 0x100, 16).substring( 1 ));\n    }\n    return hexStr.toString();\n}\n}",
      "covered_code": "PLAN for step by step execution of the given Java program and test case:\n\n1. Class Declaration: The class declaration statement \"public class foo {\" is covered.\n2. Method Declaration: The method declaration statement \"public String hash(String victim) throws NoSuchAlgorithmException {\" is covered.\n3. MessageDigest Instance Creation: The statement \"MessageDigest md = MessageDigest.getInstance(\"SHA1\");\" is covered.\n4. Reset MessageDigest: The statement \"md.reset();\" is covered.\n5. Convert String to Bytes: The statement \"byte[] buffer = victim.getBytes();\" is covered.\n6. Update Digest with Bytes: The statement \"md.update(buffer);\" is covered.\n7. Digest Calculation: The statement \"byte[] digest = md.digest();\" is covered.\n8. StringBuilder Creation: The statement \"StringBuilder hexStr = new StringBuilder();\" is covered.\n9. For Loop Execution: Since the digest array has elements, the for loop condition \"for (int i = 0; i < digest.length; i++) {\" is covered.\n10. Inside For Loop: The statement \"hexStr.append(Integer.toString( ( digest[i] & 0xff ) + 0x100, 16).substring( 1 ));\" is covered in each iteration.\n11. Return Statement: The statement \"return hexStr.toString();\" is covered.\n12. Closing Brackets: Always covered.\n\nFinal code coverage of the Java program based on its test case and given step by step reasoning for execution is:\n\n> public class foo {\n> public String hash(String victim) throws NoSuchAlgorithmException\n> {\n>     MessageDigest md = MessageDigest.getInstance(\"SHA1\");\n>     md.reset();\n>     byte[] buffer = victim.getBytes();\n>     md.update(buffer);\n>     byte[] digest = md.digest();\n>     StringBuilder hexStr = new StringBuilder();\n>     for (int i = 0; i < digest.length; i++) {\n>         hexStr.append(Integer.toString( ( digest[i] & 0xff ) + 0x100, 16).substring( 1 ));\n>     }\n>     return hexStr.toString();\n> }\n> }",
      "test_seed_coverage": [
        ">",
        ">",
        ">",
        ">",
        ">",
        ">",
        ">",
        ">",
        ">",
        ">",
        ">",
        ">",
        ">",
        ">",
        ">"
      ],
      "cumulative_coverage": [
        ">",
        ">",
        ">",
        ">",
        ">",
        ">",
        ">",
        ">",
        ">",
        ">",
        ">",
        ">",
        ">",
        ">",
        ">"
      ]
    },
    {
      "test_case": [
        "Test Case Input:\n-2.5"
      ],
      "test_mutations": [
        "Test Case Input:\n-2.5"
      ],
      "initial_code": "public class foo {\npublic String hash(String victim) throws NoSuchAlgorithmException\n{\n    MessageDigest md = MessageDigest.getInstance(\"SHA1\");\n    md.reset();\n    byte[] buffer = victim.getBytes();\n    md.update(buffer);\n    byte[] digest = md.digest();\n    StringBuilder hexStr = new StringBuilder();\n    for (int i = 0; i < digest.length; i++) {\n        hexStr.append(Integer.toString( ( digest[i] & 0xff ) + 0x100, 16).substring( 1 ));\n    }\n    return hexStr.toString();\n}\n}",
      "covered_code": "Plan for step-by-step execution of the given Java program and test case:\n\n1. Class Declaration: The class `foo` is declared. This statement is covered.\n2. Method Declaration: The method `hash` is declared but not executed because it is not called in the given test case. The declaration is covered, but the method execution is not.\n3. MessageDigest Instance: The line `MessageDigest md = MessageDigest.getInstance(\"SHA1\");` would be executed if the method `hash` were called.\n4. Reset MessageDigest: The line `md.reset();` would be executed if the method `hash` were called.\n5. Get Bytes: The line `byte[] buffer = victim.getBytes();` would be executed if the method `hash` were called.\n6. Update MessageDigest: The line `md.update(buffer);` would be executed if the method `hash` were called.\n7. Digest Message: The line `byte[] digest = md.digest();` would be executed if the method `hash` were called.\n8. StringBuilder Initialization: The line `StringBuilder hexStr = new StringBuilder();` would be executed if the method `hash` were called.\n9. For Loop Execution: The for loop that processes the digest array would be executed if the method `hash` were called.\n10. Append Hex String: The line `hexStr.append(Integer.toString( ( digest[i] & 0xff ) + 0x100, 16).substring( 1 ));` would be executed if the method `hash` were called.\n11. Return Statement: The line `return hexStr.toString();` would be executed if the method `hash` were called.\n\nFinal code coverage of the Java program based on its test case:\n\n> public class foo {\n> public String hash(String victim) throws NoSuchAlgorithmException\n! {\n!     MessageDigest md = MessageDigest.getInstance(\"SHA1\");\n!     md.reset();\n!     byte[] buffer = victim.getBytes();\n!     md.update(buffer);\n!     byte[] digest = md.digest();\n!     StringBuilder hexStr = new StringBuilder();\n!     for (int i = 0; i < digest.length; i++) {\n!         hexStr.append(Integer.toString( ( digest[i] & 0xff ) + 0x100, 16).substring( 1 ));\n!     }\n!     return hexStr.toString();\n! }\n}",
      "test_seed_coverage": [
        ">",
        ">",
        ">",
        ">",
        ">",
        ">",
        ">",
        ">",
        ">",
        ">",
        ">",
        ">",
        ">",
        ">",
        ">"
      ],
      "cumulative_coverage": [
        ">",
        ">",
        ">",
        ">",
        ">",
        ">",
        ">",
        ">",
        ">",
        ">",
        ">",
        ">",
        ">",
        ">",
        ">"
      ]
    },
    {
      "test_case": [
        "Test Case Input:\n0.5"
      ],
      "test_mutations": [
        "Test Case Input:\n0.5"
      ],
      "initial_code": "public class foo {\npublic String hash(String victim) throws NoSuchAlgorithmException\n{\n    MessageDigest md = MessageDigest.getInstance(\"SHA1\");\n    md.reset();\n    byte[] buffer = victim.getBytes();\n    md.update(buffer);\n    byte[] digest = md.digest();\n    StringBuilder hexStr = new StringBuilder();\n    for (int i = 0; i < digest.length; i++) {\n        hexStr.append(Integer.toString( ( digest[i] & 0xff ) + 0x100, 16).substring( 1 ));\n    }\n    return hexStr.toString();\n}\n}",
      "covered_code": "PLAN for step by step execution of the given Java program and test case:\n1. Class Declaration: The class 'foo' is declared but not instantiated or used in the test case input provided; hence, this part is not executed.\n2. Method Declaration: The method 'hash' is declared but not called since there is no main method or any invocation of 'hash' in the test case input provided.\n3. Import Statement: Import statements are not present in the provided code snippet.\n4. Method Execution: The 'hash' method is not executed since there is no call to this method in the test case input.\n5. Closing Brackets: Closing brackets are part of the class and method declarations, so they are not executed as there is no execution of the class or method.\n\nFinal code coverage of the Java program based on its test case and given step-by-step reasoning for execution is:\n! public class foo {\n! public String hash(String victim) throws NoSuchAlgorithmException\n! {\n!     MessageDigest md = MessageDigest.getInstance(\"SHA1\");\n!     md.reset();\n!     byte[] buffer = victim.getBytes();\n!     md.update(buffer);\n!     byte[] digest = md.digest();\n!     StringBuilder hexStr = new StringBuilder();\n!     for (int i = 0; i < digest.length; i++) {\n!         hexStr.append(Integer.toString( ( digest[i] & 0xff ) + 0x100, 16).substring( 1 ));\n!     }\n!     return hexStr.toString();\n! }\n! }",
      "test_seed_coverage": [
        ">",
        ">",
        ">",
        ">",
        ">",
        ">",
        ">",
        ">",
        ">",
        ">",
        ">",
        ">",
        ">",
        ">",
        ">"
      ],
      "cumulative_coverage": [
        ">",
        ">",
        ">",
        ">",
        ">",
        ">",
        ">",
        ">",
        ">",
        ">",
        ">",
        ">",
        ">",
        ">",
        ">"
      ]
    },
    {
      "test_case": [
        "Test Case Input:\n\"1234567890\""
      ],
      "test_mutations": [
        "Test Case Input:\n\"1234567890\""
      ],
      "initial_code": "public class foo {\npublic String hash(String victim) throws NoSuchAlgorithmException\n{\n    MessageDigest md = MessageDigest.getInstance(\"SHA1\");\n    md.reset();\n    byte[] buffer = victim.getBytes();\n    md.update(buffer);\n    byte[] digest = md.digest();\n    StringBuilder hexStr = new StringBuilder();\n    for (int i = 0; i < digest.length; i++) {\n        hexStr.append(Integer.toString( ( digest[i] & 0xff ) + 0x100, 16).substring( 1 ));\n    }\n    return hexStr.toString();\n}\n}",
      "covered_code": "PLAN for step by step execution of the given Java program and test case:\n\n1. Class Declaration: The class `foo` is declared. This is covered.\n2. Method Declaration: The method `hash` is declared. This is covered.\n3. Exception Handling: The method `hash` throws a `NoSuchAlgorithmException`, which is handled at the method declaration level. This aspect is covered by the method declaration itself.\n4. MessageDigest Instance: The statement `MessageDigest md = MessageDigest.getInstance(\"SHA1\");` is executed to obtain a SHA-1 message digest instance. This is covered.\n5. MessageDigest Reset: The `md.reset();` statement is executed to reset the digest. This is covered.\n6. Get Bytes: The `victim.getBytes();` statement is executed to convert the input string `\"1234567890\"` to a byte array. This is covered.\n7. Update Digest: The `md.update(buffer);` statement is executed to update the message digest with the byte array. This is covered.\n8. Digest Computation: The `byte[] digest = md.digest();` statement is executed to compute the digest. This is covered.\n9. StringBuilder Initialization: The `StringBuilder hexStr = new StringBuilder();` statement is executed to create a new `StringBuilder` instance. This is covered.\n10. Digest Loop: The `for` loop `for (int i = 0; i < digest.length; i++) {` is executed to iterate over each byte in the digest. This is covered.\n11. Append Hex String: Inside the loop, `hexStr.append(Integer.toString((digest[i] & 0xff) + 0x100, 16).substring(1));` is executed to append the hexadecimal representation of each byte to the `StringBuilder`. This is covered.\n12. Return Statement: The `return hexStr.toString();` statement is executed to return the final hexadecimal string. This is covered.\n13. Closing Brackets: All closing brackets are covered as they are part of the method and class structure.\n\nFinal code coverage of the Java program based on its test case and given step by step reasoning for execution is:\n\n```\n> public class foo {\n> public String hash(String victim) throws NoSuchAlgorithmException\n> {\n>     MessageDigest md = MessageDigest.getInstance(\"SHA1\");\n>     md.reset();\n>     byte[] buffer = victim.getBytes();\n>     md.update(buffer);\n>     byte[] digest = md.digest();\n>     StringBuilder hexStr = new StringBuilder();\n>     for (int i = 0; i < digest.length; i++) {\n>         hexStr.append(Integer.toString( ( digest[i] & 0xff ) + 0x100, 16).substring( 1 ));\n>     }\n>     return hexStr.toString();\n> }\n> }\n```",
      "test_seed_coverage": [
        ">",
        ">",
        ">",
        ">",
        ">",
        ">",
        ">",
        ">",
        ">",
        ">",
        ">",
        ">",
        ">",
        ">",
        ">"
      ],
      "cumulative_coverage": [
        ">",
        ">",
        ">",
        ">",
        ">",
        ">",
        ">",
        ">",
        ">",
        ">",
        ">",
        ">",
        ">",
        ">",
        ">"
      ]
    },
    {
      "test_case": [
        "Test Case Input:\n\"\""
      ],
      "test_mutations": [
        "Test Case Input:\n\"\""
      ],
      "initial_code": "public class foo {\npublic String hash(String victim) throws NoSuchAlgorithmException\n{\n    MessageDigest md = MessageDigest.getInstance(\"SHA1\");\n    md.reset();\n    byte[] buffer = victim.getBytes();\n    md.update(buffer);\n    byte[] digest = md.digest();\n    StringBuilder hexStr = new StringBuilder();\n    for (int i = 0; i < digest.length; i++) {\n        hexStr.append(Integer.toString( ( digest[i] & 0xff ) + 0x100, 16).substring( 1 ));\n    }\n    return hexStr.toString();\n}\n}",
      "covered_code": "PLAN for step by step execution of the given Java program and test case:\n1. Class Declaration: The class declaration statement \"public class foo {\" is executed and covered.\n2. Method Declaration: The method declaration \"public String hash(String victim) throws NoSuchAlgorithmException\" is executed when the method is called, so it is covered.\n3. MessageDigest Initialization: The statement \"MessageDigest md = MessageDigest.getInstance(\"SHA1\");\" would be executed if the method is called.\n4. MessageDigest Reset: The statement \"md.reset();\" would be executed if the method is called.\n5. Obtain Byte Array: The statement \"byte[] buffer = victim.getBytes();\" would be executed if the method is called.\n6. Update MessageDigest: The statement \"md.update(buffer);\" would be executed if the method is called.\n7. Digest Computation: The statement \"byte[] digest = md.digest();\" would be executed if the method is called.\n8. StringBuilder Initialization: The statement \"StringBuilder hexStr = new StringBuilder();\" would be executed if the method is called.\n9. For Loop: The for loop \"for (int i = 0; i < digest.length; i++) {\" would be executed if the method is called.\n10. Append to StringBuilder: The statement \"hexStr.append(Integer.toString( ( digest[i] & 0xff ) + 0x100, 16).substring( 1 ));\" would be executed if the loop is entered.\n11. Return Statement: The statement \"return hexStr.toString();\" would be executed if the method is called.\n\nSince no test case input is provided, no execution of the method occurs, resulting in no statements inside the method being executed.\n\nFinal code coverage prediction for the Java program based on the test case:\n> public class foo {\n> public String hash(String victim) throws NoSuchAlgorithmException\n! {\n!     MessageDigest md = MessageDigest.getInstance(\"SHA1\");\n!     md.reset();\n!     byte[] buffer = victim.getBytes();\n!     md.update(buffer);\n!     byte[] digest = md.digest();\n!     StringBuilder hexStr = new StringBuilder();\n!     for (int i = 0; i < digest.length; i++) {\n!         hexStr.append(Integer.toString( ( digest[i] & 0xff ) + 0x100, 16).substring( 1 ));\n!     }\n!     return hexStr.toString();\n! }\n! }",
      "test_seed_coverage": [
        ">",
        ">",
        ">",
        ">",
        ">",
        ">",
        ">",
        ">",
        ">",
        ">",
        ">",
        ">",
        ">",
        ">",
        ">"
      ],
      "cumulative_coverage": [
        ">",
        ">",
        ">",
        ">",
        ">",
        ">",
        ">",
        ">",
        ">",
        ">",
        ">",
        ">",
        ">",
        ">",
        ">"
      ]
    },
    {
      "test_case": [
        "Test Case Input:\n\"12345678901234567890123456789012345678901234567890123456789012345678901234567890\""
      ],
      "test_mutations": [
        "Test Case Input:\n\"12345678901234567890123456789012345678901234567890123456789012345678901234567890\""
      ],
      "initial_code": "public class foo {\npublic String hash(String victim) throws NoSuchAlgorithmException\n{\n    MessageDigest md = MessageDigest.getInstance(\"SHA1\");\n    md.reset();\n    byte[] buffer = victim.getBytes();\n    md.update(buffer);\n    byte[] digest = md.digest();\n    StringBuilder hexStr = new StringBuilder();\n    for (int i = 0; i < digest.length; i++) {\n        hexStr.append(Integer.toString( ( digest[i] & 0xff ) + 0x100, 16).substring( 1 ));\n    }\n    return hexStr.toString();\n}\n}",
      "covered_code": "PLAN for step-by-step execution of the given Java program and test case:\n\n1. Class Declaration: The class declaration statement \"public class foo {\" is executed when the class is instantiated or its methods are called. \n2. Method Declaration: The method \"public String hash(String victim) throws NoSuchAlgorithmException\" is executed when this method is called.\n3. Exception Handling: The method can throw a NoSuchAlgorithmException, but it is not handled within this snippet.\n4. MessageDigest Instance: Statement \"MessageDigest md = MessageDigest.getInstance(\"SHA1\");\" is executed to get an instance of SHA1.\n5. Reset MessageDigest: Statement \"md.reset();\" is executed to reset the MessageDigest instance.\n6. Convert String to Bytes: Statement \"byte[] buffer = victim.getBytes();\" is executed to convert the input string into a byte array.\n7. Update MessageDigest: Statement \"md.update(buffer);\" is executed to update the MessageDigest with the byte array.\n8. Digest Calculation: Statement \"byte[] digest = md.digest();\" is executed to perform the hashing and get the digest.\n9. StringBuilder Initialization: Statement \"StringBuilder hexStr = new StringBuilder();\" is executed to initialize a StringBuilder to build the hex string.\n10. Loop through Digest: The for loop \"for (int i = 0; i < digest.length; i++) {\" is executed to iterate through each byte of the digest.\n11. Convert Byte to Hex: Statement \"hexStr.append(Integer.toString((digest[i] & 0xff) + 0x100, 16).substring(1));\" is executed for each iteration to convert the byte to a hex string and append it to the StringBuilder.\n12. Return Hex String: Statement \"return hexStr.toString();\" is executed to return the final hex string.\n\nFinal code coverage of the Java program based on the test case and step-by-step reasoning for execution is:\n\n> public class foo {\n> public String hash(String victim) throws NoSuchAlgorithmException\n> {\n>     MessageDigest md = MessageDigest.getInstance(\"SHA1\");\n>     md.reset();\n>     byte[] buffer = victim.getBytes();\n>     md.update(buffer);\n>     byte[] digest = md.digest();\n>     StringBuilder hexStr = new StringBuilder();\n>     for (int i = 0; i < digest.length; i++) {\n>         hexStr.append(Integer.toString( ( digest[i] & 0xff ) + 0x100, 16).substring( 1 ));\n>     }\n>     return hexStr.toString();\n> }\n> }",
      "test_seed_coverage": [
        ">",
        ">",
        ">",
        ">",
        ">",
        ">",
        ">",
        ">",
        ">",
        ">",
        ">",
        ">",
        ">",
        ">",
        ">"
      ],
      "cumulative_coverage": [
        ">",
        ">",
        ">",
        ">",
        ">",
        ">",
        ">",
        ">",
        ">",
        ">",
        ">",
        ">",
        ">",
        ">",
        ">"
      ]
    },
    {
      "test_case": [
        "Test Case Input:\n\"12.34\""
      ],
      "test_mutations": [
        "Test Case Input:\n\"12.34\""
      ],
      "initial_code": "public class foo {\npublic String hash(String victim) throws NoSuchAlgorithmException\n{\n    MessageDigest md = MessageDigest.getInstance(\"SHA1\");\n    md.reset();\n    byte[] buffer = victim.getBytes();\n    md.update(buffer);\n    byte[] digest = md.digest();\n    StringBuilder hexStr = new StringBuilder();\n    for (int i = 0; i < digest.length; i++) {\n        hexStr.append(Integer.toString( ( digest[i] & 0xff ) + 0x100, 16).substring( 1 ));\n    }\n    return hexStr.toString();\n}\n}",
      "covered_code": "PLAN for step-by-step execution of the given Java program and test case:\n1. Class Declaration: The class declaration statement \"public class foo {\" is executed.\n2. Method Declaration: The method declaration \"public String hash(String victim) throws NoSuchAlgorithmException\" is executed.\n3. Method Execution: The method is executed when called. Since the test case input is provided, the method will be executed.\n4. MessageDigest Instance: The statement \"MessageDigest md = MessageDigest.getInstance(\"SHA1\");\" is executed.\n5. MessageDigest Reset: The statement \"md.reset();\" is executed.\n6. Get Bytes: The statement \"byte[] buffer = victim.getBytes();\" is executed.\n7. Update MessageDigest: The statement \"md.update(buffer);\" is executed.\n8. Digest Calculation: The statement \"byte[] digest = md.digest();\" is executed.\n9. StringBuilder Initialization: The statement \"StringBuilder hexStr = new StringBuilder();\" is executed.\n10. For Loop Execution: The for loop will execute and iterate over each byte in the digest.\n11. Append Hexadecimal String: The statement within the loop \"hexStr.append(Integer.toString( ( digest[i] & 0xff ) + 0x100, 16).substring( 1 ));\" is executed for each iteration.\n12. Return Statement: The statement \"return hexStr.toString();\" is executed.\n13. Closing Brackets: Closing brackets are always executed.\n\nFinal code coverage of the Java program based on its test case and given step-by-step reasoning for execution is:\n```\n> public class foo {\n> public String hash(String victim) throws NoSuchAlgorithmException\n> {\n>     MessageDigest md = MessageDigest.getInstance(\"SHA1\");\n>     md.reset();\n>     byte[] buffer = victim.getBytes();\n>     md.update(buffer);\n>     byte[] digest = md.digest();\n>     StringBuilder hexStr = new StringBuilder();\n>     for (int i = 0; i < digest.length; i++) {\n>         hexStr.append(Integer.toString( ( digest[i] & 0xff ) + 0x100, 16).substring( 1 ));\n>     }\n>     return hexStr.toString();\n> }\n> }\n```",
      "test_seed_coverage": [
        ">",
        ">",
        ">",
        ">",
        ">",
        ">",
        ">",
        ">",
        ">",
        ">",
        ">",
        ">",
        ">",
        ">",
        ">"
      ],
      "cumulative_coverage": [
        ">",
        ">",
        ">",
        ">",
        ">",
        ">",
        ">",
        ">",
        ">",
        ">",
        ">",
        ">",
        ">",
        ">",
        ">"
      ]
    },
    {
      "test_case": [
        "Test Case Input:\n\"12345678901234567890123456789012345678901234567890123456789012345678901234567890123456789012345678901234567890\""
      ],
      "test_mutations": [
        "Test Case Input:\n\"12345678901234567890123456789012345678901234567890123456789012345678901234567890123456789012345678901234567890\""
      ],
      "initial_code": "public class foo {\npublic String hash(String victim) throws NoSuchAlgorithmException\n{\n    MessageDigest md = MessageDigest.getInstance(\"SHA1\");\n    md.reset();\n    byte[] buffer = victim.getBytes();\n    md.update(buffer);\n    byte[] digest = md.digest();\n    StringBuilder hexStr = new StringBuilder();\n    for (int i = 0; i < digest.length; i++) {\n        hexStr.append(Integer.toString( ( digest[i] & 0xff ) + 0x100, 16).substring( 1 ));\n    }\n    return hexStr.toString();\n}\n}",
      "covered_code": "PLAN for step by step execution of the given Java program and test case:\n\n1. Class Declaration: The class `foo` declaration is executed. Statement \"public class foo {\" is covered.\n\n2. Method Declaration: The `hash` method declaration is executed when called. Statement \"public String hash(String victim) throws NoSuchAlgorithmException {\" is covered.\n\n3. MessageDigest Instance Creation: The statement \"MessageDigest md = MessageDigest.getInstance(\"SHA1\");\" is executed.\n\n4. MessageDigest Reset: The statement \"md.reset();\" is executed.\n\n5. Convert String to Byte Array: The statement \"byte[] buffer = victim.getBytes();\" is executed.\n\n6. Update MessageDigest with Byte Array: The statement \"md.update(buffer);\" is executed.\n\n7. Digest the Updated MessageDigest: The statement \"byte[] digest = md.digest();\" is executed.\n\n8. StringBuilder for Hex String: The statement \"StringBuilder hexStr = new StringBuilder();\" is executed.\n\n9. For Loop Execution: The for loop condition (i < digest.length) is true, and the loop block will be executed. Statement \"for (int i = 0; i < digest.length; i++) {\" is covered.\n\n10. Append Hex Value to StringBuilder: The statement \"hexStr.append(Integer.toString( ( digest[i] & 0xff ) + 0x100, 16).substring( 1 ));\" is executed for each byte in the digest array.\n\n11. Return Hex String: The statement \"return hexStr.toString();\" is executed.\n\n12. Closing Brackets: Always covered.\n\nFinal code coverage of the Java program based on its test case and given step-by-step reasoning for execution is:\n\n```\n> public class foo {\n> public String hash(String victim) throws NoSuchAlgorithmException\n> {\n>     MessageDigest md = MessageDigest.getInstance(\"SHA1\");\n>     md.reset();\n>     byte[] buffer = victim.getBytes();\n>     md.update(buffer);\n>     byte[] digest = md.digest();\n>     StringBuilder hexStr = new StringBuilder();\n>     for (int i = 0; i < digest.length; i++) {\n>         hexStr.append(Integer.toString( ( digest[i] & 0xff ) + 0x100, 16).substring( 1 ));\n>     }\n>     return hexStr.toString();\n> }\n> }\n```",
      "test_seed_coverage": [
        ">",
        ">",
        ">",
        ">",
        ">",
        ">",
        ">",
        ">",
        ">",
        ">",
        ">",
        ">",
        ">",
        ">",
        ">"
      ],
      "cumulative_coverage": [
        ">",
        ">",
        ">",
        ">",
        ">",
        ">",
        ">",
        ">",
        ">",
        ">",
        ">",
        ">",
        ">",
        ">",
        ">"
      ]
    },
    {
      "test_case": [
        "Test Case Input:\n\"null\""
      ],
      "test_mutations": [
        "Test Case Input:\n\"null\""
      ],
      "initial_code": "public class foo {\npublic String hash(String victim) throws NoSuchAlgorithmException\n{\n    MessageDigest md = MessageDigest.getInstance(\"SHA1\");\n    md.reset();\n    byte[] buffer = victim.getBytes();\n    md.update(buffer);\n    byte[] digest = md.digest();\n    StringBuilder hexStr = new StringBuilder();\n    for (int i = 0; i < digest.length; i++) {\n        hexStr.append(Integer.toString( ( digest[i] & 0xff ) + 0x100, 16).substring( 1 ));\n    }\n    return hexStr.toString();\n}\n}",
      "covered_code": "PLAN for step by step execution of the given Java program and test case:\n\n1. Class Declaration: The class declaration statement \"public class foo\" is covered.\n2. Method Declaration: The method declaration \"public String hash(String victim) throws NoSuchAlgorithmException\" is covered.\n3. Method Execution: \n    a. The method is executed when called, but since the test case input is \"null\", the method is not called. Therefore, statements inside the method are not covered. \n4. Statements Coverage: Since the method is not executed, none of the statements inside the method are covered.\n5. Closing Brackets: Closing brackets are always covered.\n\nFinal code coverage of the Java program based on its test case and given step-by-step reasoning for execution is:\n\n> public class foo {\n> public String hash(String victim) throws NoSuchAlgorithmException\n! {\n!     MessageDigest md = MessageDigest.getInstance(\"SHA1\");\n!     md.reset();\n!     byte[] buffer = victim.getBytes();\n!     md.update(buffer);\n!     byte[] digest = md.digest();\n!     StringBuilder hexStr = new StringBuilder();\n!     for (int i = 0; i < digest.length; i++) {\n!         hexStr.append(Integer.toString( ( digest[i] & 0xff ) + 0x100, 16).substring( 1 ));\n!     }\n!     return hexStr.toString();\n> }\n> }",
      "test_seed_coverage": [
        ">",
        ">",
        ">",
        ">",
        ">",
        ">",
        ">",
        ">",
        ">",
        ">",
        ">",
        ">",
        ">",
        ">",
        ">"
      ],
      "cumulative_coverage": [
        ">",
        ">",
        ">",
        ">",
        ">",
        ">",
        ">",
        ">",
        ">",
        ">",
        ">",
        ">",
        ">",
        ">",
        ">"
      ]
    },
    {
      "test_case": [
        "Test Case Input:\n0.0"
      ],
      "test_mutations": [
        "Test Case Input:\n0.0"
      ],
      "initial_code": "public class foo {\npublic String hash(String victim) throws NoSuchAlgorithmException\n{\n    MessageDigest md = MessageDigest.getInstance(\"SHA1\");\n    md.reset();\n    byte[] buffer = victim.getBytes();\n    md.update(buffer);\n    byte[] digest = md.digest();\n    StringBuilder hexStr = new StringBuilder();\n    for (int i = 0; i < digest.length; i++) {\n        hexStr.append(Integer.toString( ( digest[i] & 0xff ) + 0x100, 16).substring( 1 ));\n    }\n    return hexStr.toString();\n}\n}",
      "covered_code": "PLAN for step by step execution of the given Java program and test case:\n\n1. Class Declaration: The class declaration statement \"public class foo {\" is executed and covered.\n2. Method Declaration: The method declaration \"public String hash(String victim) throws NoSuchAlgorithmException\" is executed when the method is called. It is covered.\n3. MessageDigest Initialization: The statement \"MessageDigest md = MessageDigest.getInstance(\"SHA1\");\" is covered when the method is executed.\n4. MessageDigest Reset: The statement \"md.reset();\" is covered.\n5. Byte Buffer Creation: The statement \"byte[] buffer = victim.getBytes();\" is covered.\n6. MessageDigest Update: The statement \"md.update(buffer);\" is covered.\n7. Digest Calculation: The statement \"byte[] digest = md.digest();\" is covered.\n8. StringBuilder Initialization: The statement \"StringBuilder hexStr = new StringBuilder();\" is covered.\n9. For Loop Execution: The for loop \"for (int i = 0; i < digest.length; i++)\" is executed, and all its contents are covered as the loop iterates over the digest byte array.\n10. Return Statement: The return statement \"return hexStr.toString();\" is covered when the method completes execution.\n\nFinal code coverage of the Java program based on its test case and given step by step reasoning for execution is:\n\n```\n> public class foo {\n> public String hash(String victim) throws NoSuchAlgorithmException\n> {\n>     MessageDigest md = MessageDigest.getInstance(\"SHA1\");\n>     md.reset();\n>     byte[] buffer = victim.getBytes();\n>     md.update(buffer);\n>     byte[] digest = md.digest();\n>     StringBuilder hexStr = new StringBuilder();\n>     for (int i = 0; i < digest.length; i++) {\n>         hexStr.append(Integer.toString( ( digest[i] & 0xff ) + 0x100, 16).substring( 1 ));\n>     }\n>     return hexStr.toString();\n> }\n> }\n```",
      "test_seed_coverage": [
        ">",
        ">",
        ">",
        ">",
        ">",
        ">",
        ">",
        ">",
        ">",
        ">",
        ">",
        ">",
        ">",
        ">",
        ">"
      ],
      "cumulative_coverage": [
        ">",
        ">",
        ">",
        ">",
        ">",
        ">",
        ">",
        ">",
        ">",
        ">",
        ">",
        ">",
        ">",
        ">",
        ">"
      ]
    },
    {
      "test_case": [
        "Test Case Input:\n-5"
      ],
      "test_mutations": [
        "Test Case Input:\n-5"
      ],
      "initial_code": "public class foo {\npublic String hash(String victim) throws NoSuchAlgorithmException\n{\n    MessageDigest md = MessageDigest.getInstance(\"SHA1\");\n    md.reset();\n    byte[] buffer = victim.getBytes();\n    md.update(buffer);\n    byte[] digest = md.digest();\n    StringBuilder hexStr = new StringBuilder();\n    for (int i = 0; i < digest.length; i++) {\n        hexStr.append(Integer.toString( ( digest[i] & 0xff ) + 0x100, 16).substring( 1 ));\n    }\n    return hexStr.toString();\n}\n}",
      "covered_code": "PLAN for step by step execution of the given Java program and test case:\n1. Class Declaration: Class declaration statements are executed. Statement \"public class foo {\" is covered.\n2. Method Declaration: The method hash is declared but not called in the test case. Statement \"public String hash(String victim) throws NoSuchAlgorithmException\" is not covered.\n3. Method Body: Since the method hash is not called, none of the statements inside the method are covered.\n4. Closing Brackets: Always covered.\n\nFinal code coverage of the Java program based on its test case and given step by step reasoning for execution is:\n> public class foo {\n! public String hash(String victim) throws NoSuchAlgorithmException\n! {\n!     MessageDigest md = MessageDigest.getInstance(\"SHA1\");\n!     md.reset();\n!     byte[] buffer = victim.getBytes();\n!     md.update(buffer);\n!     byte[] digest = md.digest();\n!     StringBuilder hexStr = new StringBuilder();\n!     for (int i = 0; i < digest.length; i++) {\n!         hexStr.append(Integer.toString( ( digest[i] & 0xff ) + 0x100, 16).substring( 1 ));\n!     }\n!     return hexStr.toString();\n! }\n> }",
      "test_seed_coverage": [
        ">",
        ">",
        ">",
        ">",
        ">",
        ">",
        ">",
        ">",
        ">",
        ">",
        ">",
        ">",
        ">",
        ">",
        ">"
      ],
      "cumulative_coverage": [
        ">",
        ">",
        ">",
        ">",
        ">",
        ">",
        ">",
        ">",
        ">",
        ">",
        ">",
        ">",
        ">",
        ">",
        ">"
      ]
    },
    {
      "test_case": [
        "Test Case Input:\n0/0"
      ],
      "test_mutations": [
        "Test Case Input:\n0/0"
      ],
      "initial_code": "public class foo {\npublic String hash(String victim) throws NoSuchAlgorithmException\n{\n    MessageDigest md = MessageDigest.getInstance(\"SHA1\");\n    md.reset();\n    byte[] buffer = victim.getBytes();\n    md.update(buffer);\n    byte[] digest = md.digest();\n    StringBuilder hexStr = new StringBuilder();\n    for (int i = 0; i < digest.length; i++) {\n        hexStr.append(Integer.toString( ( digest[i] & 0xff ) + 0x100, 16).substring( 1 ));\n    }\n    return hexStr.toString();\n}\n}",
      "covered_code": "PLAN for step by step execution of the given Java program and test case:\n1. Class Declaration : Class declaration statements are executed. Statement \"public class foo {\" is covered.\n2. Method Declaration : Method declarations are executed when called. Statement \"public String hash(String victim) throws NoSuchAlgorithmException {\" is not executed, as the method is not called in the test case.\n3. MessageDigest Instance Creation : Statement \"MessageDigest md = MessageDigest.getInstance(\"SHA1\");\" is not executed, as the method is not called.\n4. Reset MessageDigest : Statement \"md.reset();\" is not executed, as the method is not called.\n5. Convert String to Bytes : Statement \"byte[] buffer = victim.getBytes();\" is not executed, as the method is not called.\n6. Update MessageDigest with Bytes : Statement \"md.update(buffer);\" is not executed, as the method is not called.\n7. Digest Calculation : Statement \"byte[] digest = md.digest();\" is not executed, as the method is not called.\n8. StringBuilder Initialization : Statement \"StringBuilder hexStr = new StringBuilder();\" is not executed, as the method is not called.\n9. For Loop Execution : Statement \"for (int i = 0; i < digest.length; i++) {\" and its contents are not executed, as the method is not called.\n10. Return Statement : Statement \"return hexStr.toString();\" is not executed, as the method is not called.\n11. Closing Brackets : Closing brackets are always covered.\n\nFinal code coverage of the Java program based on its test case and given step by step reasoning for execution is:\n> public class foo {\n! public String hash(String victim) throws NoSuchAlgorithmException\n! {\n!     MessageDigest md = MessageDigest.getInstance(\"SHA1\");\n!     md.reset();\n!     byte[] buffer = victim.getBytes();\n!     md.update(buffer);\n!     byte[] digest = md.digest();\n!     StringBuilder hexStr = new StringBuilder();\n!     for (int i = 0; i < digest.length; i++) {\n!         hexStr.append(Integer.toString( ( digest[i] & 0xff ) + 0x100, 16).substring( 1 ));\n!     }\n!     return hexStr.toString();\n> }\n",
      "test_seed_coverage": [
        ">",
        ">",
        ">",
        ">",
        ">",
        ">",
        ">",
        ">",
        ">",
        ">",
        ">",
        ">",
        ">",
        ">",
        ">"
      ],
      "cumulative_coverage": [
        ">",
        ">",
        ">",
        ">",
        ">",
        ">",
        ">",
        ">",
        ">",
        ">",
        ">",
        ">",
        ">",
        ">",
        ">"
      ]
    },
    {
      "test_case": [
        "Test Case Input:\n-2/0"
      ],
      "test_mutations": [
        "Test Case Input:\n-2/0"
      ],
      "initial_code": "public class foo {\npublic String hash(String victim) throws NoSuchAlgorithmException\n{\n    MessageDigest md = MessageDigest.getInstance(\"SHA1\");\n    md.reset();\n    byte[] buffer = victim.getBytes();\n    md.update(buffer);\n    byte[] digest = md.digest();\n    StringBuilder hexStr = new StringBuilder();\n    for (int i = 0; i < digest.length; i++) {\n        hexStr.append(Integer.toString( ( digest[i] & 0xff ) + 0x100, 16).substring( 1 ));\n    }\n    return hexStr.toString();\n}\n}",
      "covered_code": "PLAN for step by step execution of the given Java program and test case:\n\n1. Class Declaration: The class `foo` is declared. The statement `public class foo {` is covered.\n\n2. Method Declaration: The method `hash` is declared. The statement `public String hash(String victim) throws NoSuchAlgorithmException {` is covered.\n\n3. MessageDigest Instance: The `MessageDigest` instance is created. The statement `MessageDigest md = MessageDigest.getInstance(\"SHA1\");` is covered.\n\n4. MessageDigest Reset: The `reset` method is called on the `MessageDigest` instance. The statement `md.reset();` is covered.\n\n5. Convert String to Bytes: The `victim` string is converted to a byte array. The statement `byte[] buffer = victim.getBytes();` is covered.\n\n6. Update MessageDigest: The `update` method is called on the `MessageDigest` instance with the byte array. The statement `md.update(buffer);` is covered.\n\n7. Digest Calculation: The `digest` method is called to calculate the hash. The statement `byte[] digest = md.digest();` is covered.\n\n8. StringBuilder Initialization: A `StringBuilder` is initialized. The statement `StringBuilder hexStr = new StringBuilder();` is covered.\n\n9. For Loop: The for loop iterates over the `digest` byte array. The statement `for (int i = 0; i < digest.length; i++) {` is covered.\n\n10. Hexadecimal Conversion: Inside the loop, each byte is converted to a hexadecimal string and appended to the `StringBuilder`. The statement `hexStr.append(Integer.toString( ( digest[i] & 0xff ) + 0x100, 16).substring( 1 ));` is covered.\n\n11. Return Statement: The hash is returned as a string. The statement `return hexStr.toString();` is covered.\n\nFinal code coverage of the Java program based on its test case and given step by step reasoning for execution is:\n\n> public class foo {\n> public String hash(String victim) throws NoSuchAlgorithmException\n> {\n>     MessageDigest md = MessageDigest.getInstance(\"SHA1\");\n>     md.reset();\n>     byte[] buffer = victim.getBytes();\n>     md.update(buffer);\n>     byte[] digest = md.digest();\n>     StringBuilder hexStr = new StringBuilder();\n>     for (int i = 0; i < digest.length; i++) {\n>         hexStr.append(Integer.toString( ( digest[i] & 0xff ) + 0x100, 16).substring( 1 ));\n>     }\n>     return hexStr.toString();\n> }\n> }",
      "test_seed_coverage": [
        ">",
        ">",
        ">",
        ">",
        ">",
        ">",
        ">",
        ">",
        ">",
        ">",
        ">",
        ">",
        ">",
        ">",
        ">"
      ],
      "cumulative_coverage": [
        ">",
        ">",
        ">",
        ">",
        ">",
        ">",
        ">",
        ">",
        ">",
        ">",
        ">",
        ">",
        ">",
        ">",
        ">"
      ]
    },
    {
      "test_case": [
        "Test Case Input:\n10/0"
      ],
      "test_mutations": [
        "Test Case Input:\n10/0"
      ],
      "initial_code": "public class foo {\npublic String hash(String victim) throws NoSuchAlgorithmException\n{\n    MessageDigest md = MessageDigest.getInstance(\"SHA1\");\n    md.reset();\n    byte[] buffer = victim.getBytes();\n    md.update(buffer);\n    byte[] digest = md.digest();\n    StringBuilder hexStr = new StringBuilder();\n    for (int i = 0; i < digest.length; i++) {\n        hexStr.append(Integer.toString( ( digest[i] & 0xff ) + 0x100, 16).substring( 1 ));\n    }\n    return hexStr.toString();\n}\n}",
      "covered_code": "Plan for step-by-step execution of the given Java program and test case:\n\n1. Class Declaration: The class \"foo\" is declared, and the statement \"public class foo {\" is covered.\n2. Method Declaration: The method \"public String hash(String victim) throws NoSuchAlgorithmException\" is declared and covered.\n3. Inside the hash method:\n   - The statement \"MessageDigest md = MessageDigest.getInstance(\"SHA1\");\" is covered.\n   - The statement \"md.reset();\" is covered.\n   - The statement \"byte[] buffer = victim.getBytes();\" is covered.\n   - The statement \"md.update(buffer);\" is covered.\n   - The statement \"byte[] digest = md.digest();\" is covered.\n   - The statement \"StringBuilder hexStr = new StringBuilder();\" is covered.\n   - The for loop \"for (int i = 0; i < digest.length; i++) {\" is covered.\n   - The statement inside the loop \"hexStr.append(Integer.toString( ( digest[i] & 0xff ) + 0x100, 16).substring( 1 ));\" is covered.\n4. Return Statement: The statement \"return hexStr.toString();\" is covered.\n5. Closing Brackets: The closing brackets of the method and class are always covered.\n\nFinal predicted code coverage for the Java program based on its test case is:\n\n> public class foo {\n> public String hash(String victim) throws NoSuchAlgorithmException\n> {\n>     MessageDigest md = MessageDigest.getInstance(\"SHA1\");\n>     md.reset();\n>     byte[] buffer = victim.getBytes();\n>     md.update(buffer);\n>     byte[] digest = md.digest();\n>     StringBuilder hexStr = new StringBuilder();\n>     for (int i = 0; i < digest.length; i++) {\n>         hexStr.append(Integer.toString( ( digest[i] & 0xff ) + 0x100, 16).substring( 1 ));\n>     }\n>     return hexStr.toString();\n> }\n> }",
      "test_seed_coverage": [
        ">",
        ">",
        ">",
        ">",
        ">",
        ">",
        ">",
        ">",
        ">",
        ">",
        ">",
        ">",
        ">",
        ">",
        ">"
      ],
      "cumulative_coverage": [
        ">",
        ">",
        ">",
        ">",
        ">",
        ">",
        ">",
        ">",
        ">",
        ">",
        ">",
        ">",
        ">",
        ">",
        ">"
      ]
    }
  ]
}