{
  "submission_id": "84756",
  "cycles": [
    {
      "test_case": [
        "Test Case Input:\n\"http://www.google.com/search?q=developer\""
      ],
      "test_mutations": [
        "Test Case Input:\n\"http://www.google.com/search?q=developer\""
      ],
      "initial_code": "public class foo {\npublic void foo(){\nString url = \"http://www.google.com/search?q=developer\";\n        URL obj = new URL(url);\n        HttpURLConnection con = (HttpURLConnection) obj.openConnection();\n        //add reuqest header\n        con.setRequestMethod(\"GET\");\n        con.setRequestProperty(\"User-Agent\", \"Mozilla\");\n        BufferedReader in = new BufferedReader(new   InputStreamReader(con.getInputStream()));\n        String inputLine;\n        StringBuffer response = new StringBuffer();\n        while ((inputLine = in.readLine()) != null) {\n            response.append(inputLine);\n        }\n        in.close();\n        //print result\n        System.out.println(\"hi\"+response.toString());\n}\n}",
      "covered_code": "PLAN for step by step execution of the given Java program and test case:\n\n1. Class Declaration: The declaration of the class `foo` is executed. The statement `public class foo {` is covered.\n2. Method Declaration: The declaration of the method `foo` is executed when called. The statement `public void foo(){` is covered.\n3. Variable Declaration and Assignment: The statement `String url = \"http://www.google.com/search?q=developer\";` is executed.\n4. Object Creation and Method Calls: \n   - The statement `URL obj = new URL(url);` is executed.\n   - The statement `HttpURLConnection con = (HttpURLConnection) obj.openConnection();` is executed.\n   - The statement `con.setRequestMethod(\"GET\");` is executed.\n   - The statement `con.setRequestProperty(\"User-Agent\", \"Mozilla\");` is executed.\n5. BufferedReader and StringBuffer Initialization:\n   - The statement `BufferedReader in = new BufferedReader(new InputStreamReader(con.getInputStream()));` is executed.\n   - The statement `String inputLine;` is executed.\n   - The statement `StringBuffer response = new StringBuffer();` is executed.\n6. While Loop:\n   - The condition of the `while` loop `(inputLine = in.readLine()) != null` is executed repeatedly until the end of the stream.\n   - The statement `response.append(inputLine);` is executed in each iteration of the loop.\n7. Close BufferedReader: The statement `in.close();` is executed.\n8. Print Result: The statement `System.out.println(\"hi\" + response.toString());` is executed.\n9. Closing Brackets: Always covered.\n\nFinal code coverage of the Java program based on its test case and the given step-by-step reasoning for execution is:\n\n```\n> public class foo {\n> public void foo(){\n> String url = \"http://www.google.com/search?q=developer\";\n>         URL obj = new URL(url);\n>         HttpURLConnection con = (HttpURLConnection) obj.openConnection();\n>         con.setRequestMethod(\"GET\");\n>         con.setRequestProperty(\"User-Agent\", \"Mozilla\");\n>         BufferedReader in = new BufferedReader(new InputStreamReader(con.getInputStream()));\n>         String inputLine;\n>         StringBuffer response = new StringBuffer();\n>         while ((inputLine = in.readLine()) != null) {\n>             response.append(inputLine);\n>         }\n>         in.close();\n>         System.out.println(\"hi\"+response.toString());\n> }\n> }\n```",
      "test_seed_coverage": [
        ">",
        ">",
        ">",
        ">",
        ">",
        ">",
        ">",
        ">",
        ">",
        ">",
        ">",
        ">",
        ">",
        ">",
        ">",
        ">",
        ">",
        ">",
        ">"
      ],
      "cumulative_coverage": [
        ">",
        ">",
        ">",
        ">",
        ">",
        ">",
        ">",
        ">",
        ">",
        ">",
        ">",
        ">",
        ">",
        ">",
        ">",
        ">",
        ">",
        ">",
        ">"
      ]
    },
    {
      "test_case": [
        "Test Case Input:\nString input = \"abc\";"
      ],
      "test_mutations": [
        "Test Case Input:\nString input = \"abc\";"
      ],
      "initial_code": "public class foo {\npublic void foo(){\nString url = \"http://www.google.com/search?q=developer\";\n        URL obj = new URL(url);\n        HttpURLConnection con = (HttpURLConnection) obj.openConnection();\n        //add reuqest header\n        con.setRequestMethod(\"GET\");\n        con.setRequestProperty(\"User-Agent\", \"Mozilla\");\n        BufferedReader in = new BufferedReader(new   InputStreamReader(con.getInputStream()));\n        String inputLine;\n        StringBuffer response = new StringBuffer();\n        while ((inputLine = in.readLine()) != null) {\n            response.append(inputLine);\n        }\n        in.close();\n        //print result\n        System.out.println(\"hi\"+response.toString());\n}\n}",
      "covered_code": "PLAN for step by step execution of the given Java program and test case:\n\n1. Class Declaration: Class declaration statements are executed. Statement \"public class foo {\" is covered.\n2. Method Declaration: Method declarations are executed when called. The constructor \"public void foo(){\" is covered.\n3. URL Object Creation: Statement \"String url = 'http://www.google.com/search?q=developer';\" is covered.\n4. URL Connection Setup: The following statements are executed:\n   - \"URL obj = new URL(url);\" is covered.\n   - \"HttpURLConnection con = (HttpURLConnection) obj.openConnection();\" is covered.\n   - \"con.setRequestMethod('GET');\" is covered.\n   - \"con.setRequestProperty('User-Agent', 'Mozilla');\" is covered.\n5. Input Stream and Buffer Reader: The following statements are executed:\n   - \"BufferedReader in = new BufferedReader(new InputStreamReader(con.getInputStream()));\" is covered.\n   - \"String inputLine;\" is covered.\n   - \"StringBuffer response = new StringBuffer();\" is covered.\n6. While Loop Execution: The while loop condition \"(inputLine = in.readLine()) != null\" is true if there are lines to read, and the loop block will be executed. Statement \"while ((inputLine = in.readLine()) != null) {\" is covered.\n7. While Loop Contents: Statement \"response.append(inputLine);\" is covered.\n8. Close BufferedReader: Statement \"in.close();\" is covered.\n9. Print Result: Statement \"System.out.println('hi'+response.toString());\" is covered.\n10. Closing Brackets: Always covered.\n\nFinal code coverage of the Java program based on its test case and given step by step reasoning for execution is:\n\n> public class foo {\n> public void foo(){\n> String url = \"http://www.google.com/search?q=developer\";\n>         URL obj = new URL(url);\n>         HttpURLConnection con = (HttpURLConnection) obj.openConnection();\n>         //add reuqest header\n>         con.setRequestMethod(\"GET\");\n>         con.setRequestProperty(\"User-Agent\", \"Mozilla\");\n>         BufferedReader in = new BufferedReader(new   InputStreamReader(con.getInputStream()));\n>         String inputLine;\n>         StringBuffer response = new StringBuffer();\n>         while ((inputLine = in.readLine()) != null) {\n>             response.append(inputLine);\n>         }\n>         in.close();\n>         //print result\n>         System.out.println(\"hi\"+response.toString());\n> }\n> }",
      "test_seed_coverage": [
        ">",
        ">",
        ">",
        ">",
        ">",
        ">",
        ">",
        ">",
        ">",
        ">",
        ">",
        ">",
        ">",
        ">",
        ">",
        ">",
        ">",
        ">",
        ">"
      ],
      "cumulative_coverage": [
        ">",
        ">",
        ">",
        ">",
        ">",
        ">",
        ">",
        ">",
        ">",
        ">",
        ">",
        ">",
        ">",
        ">",
        ">",
        ">",
        ">",
        ">",
        ">"
      ]
    },
    {
      "test_case": [
        "Test Case Input:\nint num = \"abc\";"
      ],
      "test_mutations": [
        "Test Case Input:\nint num = \"abc\";"
      ],
      "initial_code": "public class foo {\npublic void foo(){\nString url = \"http://www.google.com/search?q=developer\";\n        URL obj = new URL(url);\n        HttpURLConnection con = (HttpURLConnection) obj.openConnection();\n        //add reuqest header\n        con.setRequestMethod(\"GET\");\n        con.setRequestProperty(\"User-Agent\", \"Mozilla\");\n        BufferedReader in = new BufferedReader(new   InputStreamReader(con.getInputStream()));\n        String inputLine;\n        StringBuffer response = new StringBuffer();\n        while ((inputLine = in.readLine()) != null) {\n            response.append(inputLine);\n        }\n        in.close();\n        //print result\n        System.out.println(\"hi\"+response.toString());\n}\n}",
      "covered_code": "PLAN for step-by-step execution of the given Java program and test case:\n\n1. Class Declaration: The class `foo` is declared with a method `foo()`. \"public class foo {\" is covered.\n2. Method Declaration: The method `foo()` is declared. \"public void foo(){\" is covered.\n3. URL Initialization: The line \"String url = 'http://www.google.com/search?q=developer';\" is covered.\n4. URL Object Creation: The line \"URL obj = new URL(url);\" is covered.\n5. HttpURLConnection Object Creation: The line \"HttpURLConnection con = (HttpURLConnection) obj.openConnection();\" is covered.\n6. Request Method Setup: The line \"con.setRequestMethod('GET');\" is covered.\n7. Request Property Setup: The line \"con.setRequestProperty('User-Agent', 'Mozilla');\" is covered.\n8. BufferedReader Setup: The line \"BufferedReader in = new BufferedReader(new InputStreamReader(con.getInputStream()));\" is covered.\n9. While Loop Execution: The loop iterates over the input stream, so the line \"while ((inputLine = in.readLine()) != null) {\" is covered.\n10. Response Appending: The line \"response.append(inputLine);\" inside the loop is covered.\n11. BufferedReader Close: The line \"in.close();\" is covered.\n12. Print Result: The line \"System.out.println('hi'+response.toString());\" is covered.\n13. Closing Brackets: All closing brackets are covered.\n\nFinal code coverage of the Java program based on its test case and given step-by-step reasoning for execution is:\n\n```\n> public class foo {\n> public void foo(){\n> String url = \"http://www.google.com/search?q=developer\";\n>         URL obj = new URL(url);\n>         HttpURLConnection con = (HttpURLConnection) obj.openConnection();\n>         //add reuqest header\n>         con.setRequestMethod(\"GET\");\n>         con.setRequestProperty(\"User-Agent\", \"Mozilla\");\n>         BufferedReader in = new BufferedReader(new   InputStreamReader(con.getInputStream()));\n>         String inputLine;\n>         StringBuffer response = new StringBuffer();\n>         while ((inputLine = in.readLine()) != null) {\n>             response.append(inputLine);\n>         }\n>         in.close();\n>         //print result\n>         System.out.println(\"hi\"+response.toString());\n> }\n> }\n```",
      "test_seed_coverage": [
        ">",
        ">",
        ">",
        ">",
        ">",
        ">",
        ">",
        ">",
        ">",
        ">",
        ">",
        ">",
        ">",
        ">",
        ">",
        ">",
        ">",
        ">",
        ">"
      ],
      "cumulative_coverage": [
        ">",
        ">",
        ">",
        ">",
        ">",
        ">",
        ">",
        ">",
        ">",
        ">",
        ">",
        ">",
        ">",
        ">",
        ">",
        ">",
        ">",
        ">",
        ">"
      ]
    },
    {
      "test_case": [
        "Test Case Input:\nint num = 10 / 0;"
      ],
      "test_mutations": [
        "Test Case Input:\nint num = 10 / 0;"
      ],
      "initial_code": "public class foo {\npublic void foo(){\nString url = \"http://www.google.com/search?q=developer\";\n        URL obj = new URL(url);\n        HttpURLConnection con = (HttpURLConnection) obj.openConnection();\n        //add reuqest header\n        con.setRequestMethod(\"GET\");\n        con.setRequestProperty(\"User-Agent\", \"Mozilla\");\n        BufferedReader in = new BufferedReader(new   InputStreamReader(con.getInputStream()));\n        String inputLine;\n        StringBuffer response = new StringBuffer();\n        while ((inputLine = in.readLine()) != null) {\n            response.append(inputLine);\n        }\n        in.close();\n        //print result\n        System.out.println(\"hi\"+response.toString());\n}\n}",
      "covered_code": "PLAN for step-by-step execution of the given Java program and test case:\n\n1. Class Declaration: Class declaration statements are executed. The statement \"public class foo {\" is covered.\n2. Method Declaration: The method foo is declared. The statement \"public void foo(){\" is covered.\n3. Variable Initialization: The statement \"String url = \"http://www.google.com/search?q=developer\";\" is covered.\n4. URL Object Creation: The statement \"URL obj = new URL(url);\" is covered.\n5. HttpURLConnection Setup: The statement \"HttpURLConnection con = (HttpURLConnection) obj.openConnection();\" is covered.\n6. Set Request Method: The statement \"con.setRequestMethod(\"GET\");\" is covered.\n7. Set Request Property: The statement \"con.setRequestProperty(\"User-Agent\", \"Mozilla\");\" is covered.\n8. BufferedReader Initialization: The statement \"BufferedReader in = new BufferedReader(new InputStreamReader(con.getInputStream()));\" is covered.\n9. While Loop: The while loop \"while ((inputLine = in.readLine()) != null) {\" is covered and will execute as long as there are lines to read.\n10. Append Input to Response: The statement \"response.append(inputLine);\" inside the while loop is covered.\n11. Close BufferedReader: The statement \"in.close();\" is covered.\n12. Print Result: The statement \"System.out.println(\"hi\"+response.toString());\" is covered.\n13. Closing Brackets: Always covered.\n\nFinal code coverage of the Java program based on the test case and step-by-step reasoning for execution is:\n\n```\n> public class foo {\n> public void foo(){\n> String url = \"http://www.google.com/search?q=developer\";\n>         URL obj = new URL(url);\n>         HttpURLConnection con = (HttpURLConnection) obj.openConnection();\n>         //add reuqest header\n>         con.setRequestMethod(\"GET\");\n>         con.setRequestProperty(\"User-Agent\", \"Mozilla\");\n>         BufferedReader in = new BufferedReader(new   InputStreamReader(con.getInputStream()));\n>         String inputLine;\n>         StringBuffer response = new StringBuffer();\n>         while ((inputLine = in.readLine()) != null) {\n>             response.append(inputLine);\n>         }\n>         in.close();\n>         //print result\n>         System.out.println(\"hi\"+response.toString());\n> }\n> }\n```",
      "test_seed_coverage": [
        ">",
        ">",
        ">",
        ">",
        ">",
        ">",
        ">",
        ">",
        ">",
        ">",
        ">",
        ">",
        ">",
        ">",
        ">",
        ">",
        ">",
        ">",
        ">"
      ],
      "cumulative_coverage": [
        ">",
        ">",
        ">",
        ">",
        ">",
        ">",
        ">",
        ">",
        ">",
        ">",
        ">",
        ">",
        ">",
        ">",
        ">",
        ">",
        ">",
        ">",
        ">"
      ]
    },
    {
      "test_case": [
        "Test Case Input:\nint[] arr = {1, 2, 3};\nint index = 5;\nint value = arr[index];"
      ],
      "test_mutations": [
        "Test Case Input:\nint[] arr = {1, 2, 3};\nint index = 5;\nint value = arr[index];"
      ],
      "initial_code": "public class foo {\npublic void foo(){\nString url = \"http://www.google.com/search?q=developer\";\n        URL obj = new URL(url);\n        HttpURLConnection con = (HttpURLConnection) obj.openConnection();\n        //add reuqest header\n        con.setRequestMethod(\"GET\");\n        con.setRequestProperty(\"User-Agent\", \"Mozilla\");\n        BufferedReader in = new BufferedReader(new   InputStreamReader(con.getInputStream()));\n        String inputLine;\n        StringBuffer response = new StringBuffer();\n        while ((inputLine = in.readLine()) != null) {\n            response.append(inputLine);\n        }\n        in.close();\n        //print result\n        System.out.println(\"hi\"+response.toString());\n}\n}",
      "covered_code": "Plan for step-by-step execution of the given Java program and test case:\n\n1. Class Declaration: Class declaration statements are executed. Statement \"public class foo {\" is covered.\n2. Method Declaration: The method declaration \"public void foo() {\" is covered when the method is called.\n3. URL Initialization: Statement \"String url = 'http://www.google.com/search?q=developer';\" is covered.\n4. URL Object Creation: Statement \"URL obj = new URL(url);\" is covered.\n5. HttpURLConnection Initialization: Statement \"HttpURLConnection con = (HttpURLConnection) obj.openConnection();\" is covered.\n6. Set Request Method: Statement \"con.setRequestMethod('GET');\" is covered.\n7. Set Request Property: Statement \"con.setRequestProperty('User-Agent', 'Mozilla');\" is covered.\n8. BufferedReader Initialization: Statement \"BufferedReader in = new BufferedReader(new InputStreamReader(con.getInputStream()));\" is covered.\n9. While Loop Execution: While loop condition \"(inputLine = in.readLine()) != null\" is checked. If there is a response, the loop is executed, covering the statement \"while ((inputLine = in.readLine()) != null) {\". Otherwise, it is not covered.\n10. Response Appending: Statement \"response.append(inputLine);\" is covered if the while loop is executed.\n11. BufferedReader Close: Statement \"in.close();\" is covered after the loop execution.\n12. Print Result: Statement \"System.out.println('hi'+response.toString());\" is covered if an exception does not occur.\n\nFinal code coverage of the Java program based on its test case and given step-by-step reasoning for execution is:\n\n```\n> public class foo {\n> public void foo(){\n> String url = \"http://www.google.com/search?q=developer\";\n>         URL obj = new URL(url);\n>         HttpURLConnection con = (HttpURLConnection) obj.openConnection();\n>         //add reuqest header\n>         con.setRequestMethod(\"GET\");\n>         con.setRequestProperty(\"User-Agent\", \"Mozilla\");\n>         BufferedReader in = new BufferedReader(new   InputStreamReader(con.getInputStream()));\n>         String inputLine;\n>         StringBuffer response = new StringBuffer();\n>         while ((inputLine = in.readLine()) != null) {\n>             response.append(inputLine);\n>         }\n>         in.close();\n>         //print result\n>         System.out.println(\"hi\"+response.toString());\n> }\n> }\n```",
      "test_seed_coverage": [
        ">",
        ">",
        ">",
        ">",
        ">",
        ">",
        ">",
        ">",
        ">",
        ">",
        ">",
        ">",
        ">",
        ">",
        ">",
        ">",
        ">",
        ">",
        ">"
      ],
      "cumulative_coverage": [
        ">",
        ">",
        ">",
        ">",
        ">",
        ">",
        ">",
        ">",
        ">",
        ">",
        ">",
        ">",
        ">",
        ">",
        ">",
        ">",
        ">",
        ">",
        ">"
      ]
    },
    {
      "test_case": [
        "Test Case Input:\nint[] arr = {1, 2, 3};\nint index = 3;\nint value = arr[index];"
      ],
      "test_mutations": [
        "Test Case Input:\nint[] arr = {1, 2, 3};\nint index = 3;\nint value = arr[index];"
      ],
      "initial_code": "public class foo {\npublic void foo(){\nString url = \"http://www.google.com/search?q=developer\";\n        URL obj = new URL(url);\n        HttpURLConnection con = (HttpURLConnection) obj.openConnection();\n        //add reuqest header\n        con.setRequestMethod(\"GET\");\n        con.setRequestProperty(\"User-Agent\", \"Mozilla\");\n        BufferedReader in = new BufferedReader(new   InputStreamReader(con.getInputStream()));\n        String inputLine;\n        StringBuffer response = new StringBuffer();\n        while ((inputLine = in.readLine()) != null) {\n            response.append(inputLine);\n        }\n        in.close();\n        //print result\n        System.out.println(\"hi\"+response.toString());\n}\n}",
      "covered_code": "PLAN for step by step execution of the given Java program and test case:\n1. Class Declaration: The class `foo` is declared. The statement `public class foo {` is covered.\n2. Method Declaration: The `foo` method is declared. The statement `public void foo(){` is covered.\n3. URL Initialization: The statement `String url = \"http://www.google.com/search?q=developer\";` is covered.\n4. URL Object Creation: The statement `URL obj = new URL(url);` is covered.\n5. HttpURLConnection Creation: The statement `HttpURLConnection con = (HttpURLConnection) obj.openConnection();` is covered.\n6. Set Request Method: The statement `con.setRequestMethod(\"GET\");` is covered.\n7. Set Request Property: The statement `con.setRequestProperty(\"User-Agent\", \"Mozilla\");` is covered.\n8. BufferedReader Initialization: The statement `BufferedReader in = new BufferedReader(new InputStreamReader(con.getInputStream()));` is covered.\n9. While Loop Execution: Since the result of `con.getInputStream()` is not predictable without execution, the while loop condition cannot be definitively determined, but assuming it reads something:\n   - Statement `while ((inputLine = in.readLine()) != null) {` is covered.\n   - The statement `response.append(inputLine);` is covered.\n10. BufferedReader Close: The statement `in.close();` is covered.\n11. Print Result: The statement `System.out.println(\"hi\"+response.toString());` is covered.\n12. Closing Brackets: Always covered.\n\nFinal code coverage of the Java program based on its test case and given step by step reasoning for execution is:\n```\n> public class foo {\n> public void foo(){\n> String url = \"http://www.google.com/search?q=developer\";\n>         URL obj = new URL(url);\n>         HttpURLConnection con = (HttpURLConnection) obj.openConnection();\n>         //add reuqest header\n>         con.setRequestMethod(\"GET\");\n>         con.setRequestProperty(\"User-Agent\", \"Mozilla\");\n>         BufferedReader in = new BufferedReader(new   InputStreamReader(con.getInputStream()));\n>         String inputLine;\n>         StringBuffer response = new StringBuffer();\n>         while ((inputLine = in.readLine()) != null) {\n>             response.append(inputLine);\n>         }\n>         in.close();\n>         //print result\n>         System.out.println(\"hi\"+response.toString());\n> }\n> }\n```",
      "test_seed_coverage": [
        ">",
        ">",
        ">",
        ">",
        ">",
        ">",
        ">",
        ">",
        ">",
        ">",
        ">",
        ">",
        ">",
        ">",
        ">",
        ">",
        ">",
        ">",
        ">"
      ],
      "cumulative_coverage": [
        ">",
        ">",
        ">",
        ">",
        ">",
        ">",
        ">",
        ">",
        ">",
        ">",
        ">",
        ">",
        ">",
        ">",
        ">",
        ">",
        ">",
        ">",
        ">"
      ]
    },
    {
      "test_case": [
        "Test Case Input:\nint[] arr = {1, 2, 3};\nint index = 4;\nint value = arr[index];"
      ],
      "test_mutations": [
        "Test Case Input:\nint[] arr = {1, 2, 3};\nint index = 4;\nint value = arr[index];"
      ],
      "initial_code": "public class foo {\npublic void foo(){\nString url = \"http://www.google.com/search?q=developer\";\n        URL obj = new URL(url);\n        HttpURLConnection con = (HttpURLConnection) obj.openConnection();\n        //add reuqest header\n        con.setRequestMethod(\"GET\");\n        con.setRequestProperty(\"User-Agent\", \"Mozilla\");\n        BufferedReader in = new BufferedReader(new   InputStreamReader(con.getInputStream()));\n        String inputLine;\n        StringBuffer response = new StringBuffer();\n        while ((inputLine = in.readLine()) != null) {\n            response.append(inputLine);\n        }\n        in.close();\n        //print result\n        System.out.println(\"hi\"+response.toString());\n}\n}",
      "covered_code": "PLAN:\n1. Class Declaration: The class declaration statement \"public class foo {\" is executed.\n2. Method Declaration: The method declaration \"public void foo(){\" is executed when called.\n3. URL Initialization: The statement \"String url = 'http://www.google.com/search?q=developer';\" is executed.\n4. URL Object Creation: The statement \"URL obj = new URL(url);\" is executed.\n5. HttpURLConnection Object Creation: The statement \"HttpURLConnection con = (HttpURLConnection) obj.openConnection();\" is executed.\n6. Request Method Setting: The statement \"con.setRequestMethod('GET');\" is executed.\n7. Request Property Setting: The statement \"con.setRequestProperty('User-Agent', 'Mozilla');\" is executed.\n8. BufferedReader Initialization: The statement \"BufferedReader in = new BufferedReader(new InputStreamReader(con.getInputStream()));\" is executed.\n9. While Loop Execution: The while loop executes if there are lines to read from the input stream.\n10. Response Appending: The statement \"response.append(inputLine);\" is executed for each line read.\n11. BufferedReader Closing: The statement \"in.close();\" is executed after exiting the loop.\n12. Printing Result: The statement \"System.out.println('hi' + response.toString());\" is executed.\n13. Closing Brackets: Closing brackets are executed.\n\nFinal code coverage of the Java program based on its test case and given step-by-step reasoning for execution is:\n> public class foo {\n! public void foo(){\n! String url = \"http://www.google.com/search?q=developer\";\n! URL obj = new URL(url);\n! HttpURLConnection con = (HttpURLConnection) obj.openConnection();\n! con.setRequestMethod(\"GET\");\n! con.setRequestProperty(\"User-Agent\", \"Mozilla\");\n! BufferedReader in = new BufferedReader(new InputStreamReader(con.getInputStream()));\n! String inputLine;\n! StringBuffer response = new StringBuffer();\n! while ((inputLine = in.readLine()) != null) {\n!     response.append(inputLine);\n! }\n! in.close();\n! System.out.println(\"hi\"+response.toString());\n> }\n> }",
      "test_seed_coverage": [
        ">",
        ">",
        ">",
        ">",
        ">",
        ">",
        ">",
        ">",
        ">",
        ">",
        ">",
        ">",
        ">",
        ">",
        ">",
        ">",
        ">",
        ">",
        ">"
      ],
      "cumulative_coverage": [
        ">",
        ">",
        ">",
        ">",
        ">",
        ">",
        ">",
        ">",
        ">",
        ">",
        ">",
        ">",
        ">",
        ">",
        ">",
        ">",
        ">",
        ">",
        ">"
      ]
    },
    {
      "test_case": [
        "Test Case Input:\nString url = null;\nURL obj = new URL(url);"
      ],
      "test_mutations": [
        "Test Case Input:\nString url = null;\nURL obj = new URL(url);"
      ],
      "initial_code": "public class foo {\npublic void foo(){\nString url = \"http://www.google.com/search?q=developer\";\n        URL obj = new URL(url);\n        HttpURLConnection con = (HttpURLConnection) obj.openConnection();\n        //add reuqest header\n        con.setRequestMethod(\"GET\");\n        con.setRequestProperty(\"User-Agent\", \"Mozilla\");\n        BufferedReader in = new BufferedReader(new   InputStreamReader(con.getInputStream()));\n        String inputLine;\n        StringBuffer response = new StringBuffer();\n        while ((inputLine = in.readLine()) != null) {\n            response.append(inputLine);\n        }\n        in.close();\n        //print result\n        System.out.println(\"hi\"+response.toString());\n}\n}",
      "covered_code": "Plan for step by step execution of the given Java program and test case:\n\n1. Class Declaration: The class declaration statement \"public class foo {\" is executed.\n2. Method Declaration: The method declaration statement \"public void foo() {\" is executed.\n3. URL Object Initialization: The statement \"String url = \"http://www.google.com/search?q=developer\";\" is executed.\n4. URL Object Creation: The statement \"URL obj = new URL(url);\" is executed.\n5. HttpURLConnection Creation: The statement \"HttpURLConnection con = (HttpURLConnection) obj.openConnection();\" is executed.\n6. Set Request Method: The statement \"con.setRequestMethod(\"GET\");\" is executed.\n7. Set Request Property: The statement \"con.setRequestProperty(\"User-Agent\", \"Mozilla\");\" is executed.\n8. BufferedReader Initialization: The statement \"BufferedReader in = new BufferedReader(new InputStreamReader(con.getInputStream()));\" is executed.\n9. While Loop Execution: The while loop is executed as long as there is input to read.\n10. Append Input to Response: The statement \"response.append(inputLine);\" is executed within the loop.\n11. Close Input Stream: The statement \"in.close();\" is executed after the loop.\n12. Print Result: The statement \"System.out.println(\"hi\" + response.toString());\" is executed.\n13. Closing Brackets: The closing brackets are always executed.\n\nFinal code coverage of the Java program based on the test case and the step by step reasoning for execution is:\n\n> public class foo {\n> public void foo(){\n> String url = \"http://www.google.com/search?q=developer\";\n>         URL obj = new URL(url);\n>         HttpURLConnection con = (HttpURLConnection) obj.openConnection();\n>         //add reuqest header\n>         con.setRequestMethod(\"GET\");\n>         con.setRequestProperty(\"User-Agent\", \"Mozilla\");\n>         BufferedReader in = new BufferedReader(new   InputStreamReader(con.getInputStream()));\n>         String inputLine;\n>         StringBuffer response = new StringBuffer();\n>         while ((inputLine = in.readLine()) != null) {\n>             response.append(inputLine);\n>         }\n>         in.close();\n>         //print result\n>         System.out.println(\"hi\"+response.toString());\n> }\n> }",
      "test_seed_coverage": [
        ">",
        ">",
        ">",
        ">",
        ">",
        ">",
        ">",
        ">",
        ">",
        ">",
        ">",
        ">",
        ">",
        ">",
        ">",
        ">",
        ">",
        ">",
        ">"
      ],
      "cumulative_coverage": [
        ">",
        ">",
        ">",
        ">",
        ">",
        ">",
        ">",
        ">",
        ">",
        ">",
        ">",
        ">",
        ">",
        ">",
        ">",
        ">",
        ">",
        ">",
        ">"
      ]
    },
    {
      "test_case": [
        "Test Case Input:\nString num = \"abc\";\nint result = Integer.parseInt(num);"
      ],
      "test_mutations": [
        "Test Case Input:\nString num = \"abc\";\nint result = Integer.parseInt(num);"
      ],
      "initial_code": "public class foo {\npublic void foo(){\nString url = \"http://www.google.com/search?q=developer\";\n        URL obj = new URL(url);\n        HttpURLConnection con = (HttpURLConnection) obj.openConnection();\n        //add reuqest header\n        con.setRequestMethod(\"GET\");\n        con.setRequestProperty(\"User-Agent\", \"Mozilla\");\n        BufferedReader in = new BufferedReader(new   InputStreamReader(con.getInputStream()));\n        String inputLine;\n        StringBuffer response = new StringBuffer();\n        while ((inputLine = in.readLine()) != null) {\n            response.append(inputLine);\n        }\n        in.close();\n        //print result\n        System.out.println(\"hi\"+response.toString());\n}\n}",
      "covered_code": "PLAN for step by step execution of the given Java program and test case:\n\n1. Class Declaration: The class 'foo' is declared. This is covered.\n2. Method Declaration: The method 'foo' is declared within the class. This is covered.\n3. URL Initialization: The statement \"String url = 'http://www.google.com/search?q=developer';\" will be covered.\n4. URL Object Creation: The statement \"URL obj = new URL(url);\" will be covered.\n5. HTTP Connection: The statement \"HttpURLConnection con = (HttpURLConnection) obj.openConnection();\" will be covered.\n6. Request Method Setting: The statement \"con.setRequestMethod('GET');\" will be covered.\n7. Request Property Setting: The statement \"con.setRequestProperty('User-Agent', 'Mozilla');\" will be covered.\n8. BufferedReader Initialization: The statement \"BufferedReader in = new BufferedReader(new InputStreamReader(con.getInputStream()));\" will be executed.\n9. While Loop Execution: The while loop \"while ((inputLine = in.readLine()) != null)\" will be executed, reading input lines.\n10. Response Building: The statement \"response.append(inputLine);\" within the loop will be executed.\n11. BufferedReader Close: The statement \"in.close();\" will be executed.\n12. Result Printing: The statement \"System.out.println('hi' + response.toString());\" will be executed.\n13. Closing Brackets: Covered as part of method and class closure.\n\nFinal code coverage of the Java program based on its test case and step by step reasoning for execution is:\n\n```\n> public class foo {\n> public void foo(){\n> String url = \"http://www.google.com/search?q=developer\";\n>         URL obj = new URL(url);\n>         HttpURLConnection con = (HttpURLConnection) obj.openConnection();\n>         //add reuqest header\n>         con.setRequestMethod(\"GET\");\n>         con.setRequestProperty(\"User-Agent\", \"Mozilla\");\n>         BufferedReader in = new BufferedReader(new   InputStreamReader(con.getInputStream()));\n>         String inputLine;\n>         StringBuffer response = new StringBuffer();\n>         while ((inputLine = in.readLine()) != null) {\n>             response.append(inputLine);\n>         }\n>         in.close();\n>         //print result\n>         System.out.println(\"hi\"+response.toString());\n> }\n> }\n```",
      "test_seed_coverage": [
        ">",
        ">",
        ">",
        ">",
        ">",
        ">",
        ">",
        ">",
        ">",
        ">",
        ">",
        ">",
        ">",
        ">",
        ">",
        ">",
        ">",
        ">",
        ">"
      ],
      "cumulative_coverage": [
        ">",
        ">",
        ">",
        ">",
        ">",
        ">",
        ">",
        ">",
        ">",
        ">",
        ">",
        ">",
        ">",
        ">",
        ">",
        ">",
        ">",
        ">",
        ">"
      ]
    },
    {
      "test_case": [
        "Test Case Input:\nint num = 10 % 0;"
      ],
      "test_mutations": [
        "Test Case Input:\nint num = 10 % 0;"
      ],
      "initial_code": "public class foo {\npublic void foo(){\nString url = \"http://www.google.com/search?q=developer\";\n        URL obj = new URL(url);\n        HttpURLConnection con = (HttpURLConnection) obj.openConnection();\n        //add reuqest header\n        con.setRequestMethod(\"GET\");\n        con.setRequestProperty(\"User-Agent\", \"Mozilla\");\n        BufferedReader in = new BufferedReader(new   InputStreamReader(con.getInputStream()));\n        String inputLine;\n        StringBuffer response = new StringBuffer();\n        while ((inputLine = in.readLine()) != null) {\n            response.append(inputLine);\n        }\n        in.close();\n        //print result\n        System.out.println(\"hi\"+response.toString());\n}\n}",
      "covered_code": "Plan for step by step execution of the given Java program and test case:\n\n1. Class Declaration: The class `foo` is declared. The statement `public class foo {` is covered.\n\n2. Method Declaration: The method `foo` is declared. The statement `public void foo(){` is covered.\n\n3. String Initialization: The statement `String url = \"http://www.google.com/search?q=developer\";` is covered.\n\n4. URL Object Creation: The statement `URL obj = new URL(url);` is covered.\n\n5. HttpURLConnection Initialization: The statement `HttpURLConnection con = (HttpURLConnection) obj.openConnection();` is covered.\n\n6. Request Method Setting: The statement `con.setRequestMethod(\"GET\");` is covered.\n\n7. Request Property Setting: The statement `con.setRequestProperty(\"User-Agent\", \"Mozilla\");` is covered.\n\n8. BufferedReader Initialization: The statement `BufferedReader in = new BufferedReader(new InputStreamReader(con.getInputStream()));` is covered.\n\n9. While Loop Execution: The while loop starts executing. The statement `while ((inputLine = in.readLine()) != null) {` is covered.\n\n10. Response Appending: The statement `response.append(inputLine);` is covered every time the loop executes.\n\n11. BufferedReader Closing: The statement `in.close();` is covered after the loop terminates.\n\n12. Printing Result: The statement `System.out.println(\"hi\"+response.toString());` is covered.\n\n13. Closing Brackets: The closing brackets `}` of the method and class are covered.\n\nSince the test case input `int num = 10 % 0;` does not affect the execution of the provided Java program, it is irrelevant for the code coverage.\n\nFinal code coverage of the Java program based on its test case and given step by step reasoning for execution is:\n\n```\n> public class foo {\n> public void foo(){\n> String url = \"http://www.google.com/search?q=developer\";\n>         URL obj = new URL(url);\n>         HttpURLConnection con = (HttpURLConnection) obj.openConnection();\n>         //add reuqest header\n>         con.setRequestMethod(\"GET\");\n>         con.setRequestProperty(\"User-Agent\", \"Mozilla\");\n>         BufferedReader in = new BufferedReader(new   InputStreamReader(con.getInputStream()));\n>         String inputLine;\n>         StringBuffer response = new StringBuffer();\n>         while ((inputLine = in.readLine()) != null) {\n>             response.append(inputLine);\n>         }\n>         in.close();\n>         //print result\n>         System.out.println(\"hi\"+response.toString());\n> }\n> }\n```",
      "test_seed_coverage": [
        ">",
        ">",
        ">",
        ">",
        ">",
        ">",
        ">",
        ">",
        ">",
        ">",
        ">",
        ">",
        ">",
        ">",
        ">",
        ">",
        ">",
        ">",
        ">"
      ],
      "cumulative_coverage": [
        ">",
        ">",
        ">",
        ">",
        ">",
        ">",
        ">",
        ">",
        ">",
        ">",
        ">",
        ">",
        ">",
        ">",
        ">",
        ">",
        ">",
        ">",
        ">"
      ]
    },
    {
      "test_case": [
        "Test Case Input:\nint num = 10.5;"
      ],
      "test_mutations": [
        "Test Case Input:\nint num = 10.5;"
      ],
      "initial_code": "public class foo {\npublic void foo(){\nString url = \"http://www.google.com/search?q=developer\";\n        URL obj = new URL(url);\n        HttpURLConnection con = (HttpURLConnection) obj.openConnection();\n        //add reuqest header\n        con.setRequestMethod(\"GET\");\n        con.setRequestProperty(\"User-Agent\", \"Mozilla\");\n        BufferedReader in = new BufferedReader(new   InputStreamReader(con.getInputStream()));\n        String inputLine;\n        StringBuffer response = new StringBuffer();\n        while ((inputLine = in.readLine()) != null) {\n            response.append(inputLine);\n        }\n        in.close();\n        //print result\n        System.out.println(\"hi\"+response.toString());\n}\n}",
      "covered_code": "PLAN for step by step execution of the given Java program and test case:\n\n1. Class Declaration: The class declaration statement \"public class foo {\" is executed.\n\n2. Constructor Method Declaration: The constructor method \"public void foo(){\" is declared and executed when called.\n\n3. URL Object Initialization: The statement \"String url = 'http://www.google.com/search?q=developer';\" is executed.\n\n4. URL Object Creation: The statement \"URL obj = new URL(url);\" is executed.\n\n5. HttpURLConnection Object Creation: The statement \"HttpURLConnection con = (HttpURLConnection) obj.openConnection();\" is executed.\n\n6. Set Request Method: The statement \"con.setRequestMethod('GET');\" is executed.\n\n7. Set Request Property: The statement \"con.setRequestProperty('User-Agent', 'Mozilla');\" is executed.\n\n8. BufferedReader Initialization: The statement \"BufferedReader in = new BufferedReader(new InputStreamReader(con.getInputStream()));\" is executed.\n\n9. While Loop Execution: The while loop condition \"(inputLine = in.readLine()) != null\" is checked. Since there is no actual input provided in this test case, this while loop is not executed.\n\n10. BufferedReader Close: The statement \"in.close();\" is executed.\n\n11. Print Statement: Since the while loop is not executed, the statement \"System.out.println('hi'+response.toString());\" will print \"hi\" followed by an empty response.\n\n12. Closing Brackets: All closing brackets are executed.\n\nFinal code coverage of the Java program based on its test case and given step by step reasoning for execution is:\n\n> public class foo {\n> public void foo(){\n> String url = \"http://www.google.com/search?q=developer\";\n>         URL obj = new URL(url);\n>         HttpURLConnection con = (HttpURLConnection) obj.openConnection();\n>         //add reuqest header\n>         con.setRequestMethod(\"GET\");\n>         con.setRequestProperty(\"User-Agent\", \"Mozilla\");\n>         BufferedReader in = new BufferedReader(new   InputStreamReader(con.getInputStream()));\n!         String inputLine;\n!         StringBuffer response = new StringBuffer();\n!         while ((inputLine = in.readLine()) != null) {\n!             response.append(inputLine);\n!         }\n>         in.close();\n>         //print result\n>         System.out.println(\"hi\"+response.toString());\n> }\n> }",
      "test_seed_coverage": [
        ">",
        ">",
        ">",
        ">",
        ">",
        ">",
        ">",
        ">",
        ">",
        ">",
        ">",
        ">",
        ">",
        ">",
        ">",
        ">",
        ">",
        ">",
        ">"
      ],
      "cumulative_coverage": [
        ">",
        ">",
        ">",
        ">",
        ">",
        ">",
        ">",
        ">",
        ">",
        ">",
        ">",
        ">",
        ">",
        ">",
        ">",
        ">",
        ">",
        ">",
        ">"
      ]
    },
    {
      "test_case": [
        "Test Case Input:\nString num = \"10.5\";"
      ],
      "test_mutations": [
        "Test Case Input:\nString num = \"10.5\";"
      ],
      "initial_code": "public class foo {\npublic void foo(){\nString url = \"http://www.google.com/search?q=developer\";\n        URL obj = new URL(url);\n        HttpURLConnection con = (HttpURLConnection) obj.openConnection();\n        //add reuqest header\n        con.setRequestMethod(\"GET\");\n        con.setRequestProperty(\"User-Agent\", \"Mozilla\");\n        BufferedReader in = new BufferedReader(new   InputStreamReader(con.getInputStream()));\n        String inputLine;\n        StringBuffer response = new StringBuffer();\n        while ((inputLine = in.readLine()) != null) {\n            response.append(inputLine);\n        }\n        in.close();\n        //print result\n        System.out.println(\"hi\"+response.toString());\n}\n}",
      "covered_code": "PLAN for step by step execution of the given Java program and test case:\n\n1. Import statements: There are no explicit import statements in the code, but necessary imports are implicit.\n2. foo Class Declaration: Class Declaration statement \"public class foo {\" is covered.\n3. foo Method Declaration: Method declarations are executed when called. The method \"public void foo(){\" is covered.\n4. URL object creation: The URL object is created with the given URL string. The statement \"URL obj = new URL(url);\" is covered.\n5. HttpURLConnection object creation: The HttpURLConnection object is created. The statement \"HttpURLConnection con = (HttpURLConnection) obj.openConnection();\" is covered.\n6. Setting the request method: The request method is set to \"GET\". The statement \"con.setRequestMethod(\"GET\");\" is covered.\n7. Setting the request property: The request property \"User-Agent\" is set. The statement \"con.setRequestProperty(\"User-Agent\", \"Mozilla\");\" is covered.\n8. Input stream reading: BufferedReader and InputStreamReader are used to read the input stream. The statement \"BufferedReader in = new BufferedReader(new InputStreamReader(con.getInputStream()));\" is covered.\n9. While loop execution: The while loop reads lines from the input stream until null is returned. The statement \"while ((inputLine = in.readLine()) != null) {\" is covered.\n10. Response appending: Each line read is appended to the response. The statement \"response.append(inputLine);\" is covered.\n11. BufferedReader close: The BufferedReader is closed. The statement \"in.close();\" is covered.\n12. Print result: The result is printed to the console. The statement \"System.out.println(\"hi\"+response.toString());\" is covered.\n13. Closing Brackets: Closing brackets are always covered.\n\nFinal code coverage of the Java program based on its test case and given step by step reasoning for execution is:\n\n```\n> public class foo {\n> public void foo(){\n> String url = \"http://www.google.com/search?q=developer\";\n>         URL obj = new URL(url);\n>         HttpURLConnection con = (HttpURLConnection) obj.openConnection();\n>         //add reuqest header\n>         con.setRequestMethod(\"GET\");\n>         con.setRequestProperty(\"User-Agent\", \"Mozilla\");\n>         BufferedReader in = new BufferedReader(new   InputStreamReader(con.getInputStream()));\n>         String inputLine;\n>         StringBuffer response = new StringBuffer();\n>         while ((inputLine = in.readLine()) != null) {\n>             response.append(inputLine);\n>         }\n>         in.close();\n>         //print result\n>         System.out.println(\"hi\"+response.toString());\n> }\n> }\n```",
      "test_seed_coverage": [
        ">",
        ">",
        ">",
        ">",
        ">",
        ">",
        ">",
        ">",
        ">",
        ">",
        ">",
        ">",
        ">",
        ">",
        ">",
        ">",
        ">",
        ">",
        ">"
      ],
      "cumulative_coverage": [
        ">",
        ">",
        ">",
        ">",
        ">",
        ">",
        ">",
        ">",
        ">",
        ">",
        ">",
        ">",
        ">",
        ">",
        ">",
        ">",
        ">",
        ">",
        ">"
      ]
    },
    {
      "test_case": [
        "Test Case Input:\nint num = 10.5 / 2;"
      ],
      "test_mutations": [
        "Test Case Input:\nint num = 10.5 / 2;"
      ],
      "initial_code": "public class foo {\npublic void foo(){\nString url = \"http://www.google.com/search?q=developer\";\n        URL obj = new URL(url);\n        HttpURLConnection con = (HttpURLConnection) obj.openConnection();\n        //add reuqest header\n        con.setRequestMethod(\"GET\");\n        con.setRequestProperty(\"User-Agent\", \"Mozilla\");\n        BufferedReader in = new BufferedReader(new   InputStreamReader(con.getInputStream()));\n        String inputLine;\n        StringBuffer response = new StringBuffer();\n        while ((inputLine = in.readLine()) != null) {\n            response.append(inputLine);\n        }\n        in.close();\n        //print result\n        System.out.println(\"hi\"+response.toString());\n}\n}",
      "covered_code": "PLAN for step by step execution of the given Java program and test case:\n\n1. Class Declaration: The class \"foo\" is declared. Statement \"public class foo {\" is covered.\n2. Method Declaration: The method \"foo\" is declared. Statement \"public void foo() {\" is covered.\n3. URL Object Creation: Statement \"String url = \"http://www.google.com/search?q=developer\";\" is covered.\n4. URL Connection Setup: Statements \"URL obj = new URL(url);\" and \"HttpURLConnection con = (HttpURLConnection) obj.openConnection();\" are covered.\n5. HTTP Request Setup: Statements \"con.setRequestMethod(\"GET\");\" and \"con.setRequestProperty(\"User-Agent\", \"Mozilla\");\" are covered.\n6. BufferedReader Setup: Statement \"BufferedReader in = new BufferedReader(new InputStreamReader(con.getInputStream()));\" is covered.\n7. While Loop Execution: The while loop starts reading input lines. Statement \"while ((inputLine = in.readLine()) != null) {\" is covered.\n8. Response Building: Statement \"response.append(inputLine);\" is covered.\n9. BufferedReader Close: Statement \"in.close();\" is covered.\n10. Print Response: Statement \"System.out.println(\"hi\"+response.toString());\" is covered.\n11. Closing Brackets: Always covered.\n\nNote: The provided test case input \"int num = 10.5 / 2;\" does not seem relevant to this Java program and does not affect the execution.\n\nFinal code coverage of the Java program based on its execution:\n\n```\n> public class foo {\n> public void foo(){\n> String url = \"http://www.google.com/search?q=developer\";\n>         URL obj = new URL(url);\n>         HttpURLConnection con = (HttpURLConnection) obj.openConnection();\n>         con.setRequestMethod(\"GET\");\n>         con.setRequestProperty(\"User-Agent\", \"Mozilla\");\n>         BufferedReader in = new BufferedReader(new InputStreamReader(con.getInputStream()));\n>         String inputLine;\n>         StringBuffer response = new StringBuffer();\n>         while ((inputLine = in.readLine()) != null) {\n>             response.append(inputLine);\n>         }\n>         in.close();\n>         System.out.println(\"hi\"+response.toString());\n> }\n> }\n```",
      "test_seed_coverage": [
        ">",
        ">",
        ">",
        ">",
        ">",
        ">",
        ">",
        ">",
        ">",
        ">",
        ">",
        ">",
        ">",
        ">",
        ">",
        ">",
        ">",
        ">",
        ">"
      ],
      "cumulative_coverage": [
        ">",
        ">",
        ">",
        ">",
        ">",
        ">",
        ">",
        ">",
        ">",
        ">",
        ">",
        ">",
        ">",
        ">",
        ">",
        ">",
        ">",
        ">",
        ">"
      ]
    },
    {
      "test_case": [
        "Test Case Input:\nint[] arr = {1, 2, 3};\nint index = -1;\nint value = arr[index];"
      ],
      "test_mutations": [
        "Test Case Input:\nint[] arr = {1, 2, 3};\nint index = -1;\nint value = arr[index];"
      ],
      "initial_code": "public class foo {\npublic void foo(){\nString url = \"http://www.google.com/search?q=developer\";\n        URL obj = new URL(url);\n        HttpURLConnection con = (HttpURLConnection) obj.openConnection();\n        //add reuqest header\n        con.setRequestMethod(\"GET\");\n        con.setRequestProperty(\"User-Agent\", \"Mozilla\");\n        BufferedReader in = new BufferedReader(new   InputStreamReader(con.getInputStream()));\n        String inputLine;\n        StringBuffer response = new StringBuffer();\n        while ((inputLine = in.readLine()) != null) {\n            response.append(inputLine);\n        }\n        in.close();\n        //print result\n        System.out.println(\"hi\"+response.toString());\n}\n}",
      "covered_code": "PLAN for step by step execution of the given Java program and test case:\n\n1. Class Declaration: The class `foo` and its constructor are declared but not executed until an instance is created. However, there is no `main` method to instantiate the class or call its methods, so the execution will not proceed beyond declaration under normal circumstances.\n\n2. Method Declaration: The `foo` method is declared, which includes setting up a URL connection and reading from it. However, since the method is not called (due to lack of a `main` method or any other invocations), its contents are not executed.\n\n3. Import Statements and Other Statements: No import statements are included in the provided code snippet, and no instance of the class is created. Therefore, no import or other statements are executed.\n\n4. Execution of Statements within `foo` Method: Since no `main` method or instance creation is provided in the test case, the statements within the `foo` method are not executed. Even if a main method existed, network operations would require necessary permissions and exception handling.\n\n5. Closing Brackets: Always covered, as they are part of the syntax.\n\nFinal code coverage of the Java program based on its test case and given step-by-step reasoning for execution is:\n\n```\n> public class foo {\n! public void foo() {\n!     String url = \"http://www.google.com/search?q=developer\";\n!     URL obj = new URL(url);\n!     HttpURLConnection con = (HttpURLConnection) obj.openConnection();\n!     //add request header\n!     con.setRequestMethod(\"GET\");\n!     con.setRequestProperty(\"User-Agent\", \"Mozilla\");\n!     BufferedReader in = new BufferedReader(new InputStreamReader(con.getInputStream()));\n!     String inputLine;\n!     StringBuffer response = new StringBuffer();\n!     while ((inputLine = in.readLine()) != null) {\n!         response.append(inputLine);\n!     }\n!     in.close();\n!     //print result\n!     System.out.println(\"hi\" + response.toString());\n> }\n> }\n```",
      "test_seed_coverage": [
        ">",
        ">",
        ">",
        ">",
        ">",
        ">",
        ">",
        ">",
        ">",
        ">",
        ">",
        ">",
        ">",
        ">",
        ">",
        ">",
        ">",
        ">",
        ">"
      ],
      "cumulative_coverage": [
        ">",
        ">",
        ">",
        ">",
        ">",
        ">",
        ">",
        ">",
        ">",
        ">",
        ">",
        ">",
        ">",
        ">",
        ">",
        ">",
        ">",
        ">",
        ">"
      ]
    },
    {
      "test_case": [
        "Test Case Input:\nString num = \"10.5\";\nint result = Integer.parseInt(num);"
      ],
      "test_mutations": [
        "Test Case Input:\nString num = \"10.5\";\nint result = Integer.parseInt(num);"
      ],
      "initial_code": "public class foo {\npublic void foo(){\nString url = \"http://www.google.com/search?q=developer\";\n        URL obj = new URL(url);\n        HttpURLConnection con = (HttpURLConnection) obj.openConnection();\n        //add reuqest header\n        con.setRequestMethod(\"GET\");\n        con.setRequestProperty(\"User-Agent\", \"Mozilla\");\n        BufferedReader in = new BufferedReader(new   InputStreamReader(con.getInputStream()));\n        String inputLine;\n        StringBuffer response = new StringBuffer();\n        while ((inputLine = in.readLine()) != null) {\n            response.append(inputLine);\n        }\n        in.close();\n        //print result\n        System.out.println(\"hi\"+response.toString());\n}\n}",
      "covered_code": "PLAN for step by step execution of the given Java program and test case:\n\n1. Class Declaration: Class declaration statements are executed. The statement `public class foo {` is covered.\n2. Method Declaration: Method declarations are executed when called. Statement `public void foo(){` is covered.\n3. URL Declaration: The statement `String url = \"http://www.google.com/search?q=developer\";` is covered.\n4. URL Object Creation: The statement `URL obj = new URL(url);` is covered.\n5. HttpURLConnection Object Creation: The statement `HttpURLConnection con = (HttpURLConnection) obj.openConnection();` is covered.\n6. Request Method Setting: The statement `con.setRequestMethod(\"GET\");` is covered.\n7. Request Property Setting: The statement `con.setRequestProperty(\"User-Agent\", \"Mozilla\");` is covered.\n8. BufferedReader Creation: The statement `BufferedReader in = new BufferedReader(new InputStreamReader(con.getInputStream()));` is covered.\n9. InputLine Declaration: The statement `String inputLine;` is covered.\n10. StringBuffer Creation: The statement `StringBuffer response = new StringBuffer();` is covered.\n11. While Loop Execution: The while loop condition `(inputLine = in.readLine()) != null` might be executed depending on the input, but since there's no actual input in the test case, this would not be executed.\n12. BufferedReader Closure: Statement `in.close();` is not covered because the while loop never executes.\n13. Print Result: Statement `System.out.println(\"hi\"+response.toString());` is not covered because the while loop never executes.\n14. Closing Brackets: Always covered.\n\nFinal code coverage of the Java program based on its test case and given step by step reasoning for execution is:\n\n```\n> public class foo {\n> public void foo(){\n> String url = \"http://www.google.com/search?q=developer\";\n>         URL obj = new URL(url);\n>         HttpURLConnection con = (HttpURLConnection) obj.openConnection();\n>         //add reuqest header\n>         con.setRequestMethod(\"GET\");\n>         con.setRequestProperty(\"User-Agent\", \"Mozilla\");\n>         BufferedReader in = new BufferedReader(new   InputStreamReader(con.getInputStream()));\n>         String inputLine;\n>         StringBuffer response = new StringBuffer();\n!         while ((inputLine = in.readLine()) != null) {\n!             response.append(inputLine);\n!         }\n!         in.close();\n!         //print result\n!         System.out.println(\"hi\"+response.toString());\n> }\n> }\n```",
      "test_seed_coverage": [
        ">",
        ">",
        ">",
        ">",
        ">",
        ">",
        ">",
        ">",
        ">",
        ">",
        ">",
        ">",
        ">",
        ">",
        ">",
        ">",
        ">",
        ">",
        ">"
      ],
      "cumulative_coverage": [
        ">",
        ">",
        ">",
        ">",
        ">",
        ">",
        ">",
        ">",
        ">",
        ">",
        ">",
        ">",
        ">",
        ">",
        ">",
        ">",
        ">",
        ">",
        ">"
      ]
    }
  ]
}