{
  "submission_id": "84762",
  "cycles": [
    {
      "test_case": [
        "Test Case Input:\n\"http://www.google.com/search?q=developer\""
      ],
      "test_mutations": [
        "Test Case Input:\n\"http://www.google.com/search?q=developer\""
      ],
      "initial_code": "public class foo {\npublic void foo(){\nString url = \"http://www.google.com/search?q=developer\";\n        URL obj = new URL(url);\n        HttpURLConnection con = (HttpURLConnection) obj.openConnection();\n        //add reuqest header\n        con.setRequestMethod(\"GET\");\n        con.setRequestProperty(\"User-Agent\", \"Mozilla\");\n        BufferedReader in = new BufferedReader(new   InputStreamReader(con.getInputStream()));\n        String inputLine;\n        StringBuffer response = new StringBuffer();\n        while ((inputLine = in.readLine()) != null) {\n            response.append(inputLine);\n        }\n        in.close();\n        //print result\n        System.out.println(\"hi\"+response.toString());\n}\n}",
      "covered_code": "PLAN for step by step execution of the given Java program and test case:\n1. Class Declaration: The class `foo` is declared, which will be covered.\n2. Method Declaration: The `foo` method is declared, which will be covered when instantiated and called.\n3. URL Initialization: The URL string initialization will be covered.\n4. URL Object Creation: Creating a URL object with the string will be covered.\n5. Connection Opening: Opening a connection with the URL object will be covered.\n6. Request Method Setting: Setting the request method to \"GET\" will be covered.\n7. Request Property Setting: Setting the request property \"User-Agent\" will be covered.\n8. BufferedReader Initialization: Initializing the BufferedReader to read the response will be covered.\n9. While Loop Execution: The while loop for reading lines from the input stream will be covered if the connection is successful and data is available.\n10. StringBuffer Append: Appending lines to the StringBuffer within the while loop will be covered.\n11. BufferedReader Closing: Closing the BufferedReader will be covered.\n12. Print Statement: Printing the response will be covered, assuming the connection and reading are successful.\n13. Import Statements: Since imports are necessary for URL and HttpURLConnection, they are assumed to be present but not shown in the given snippet.\n\nFinal code coverage of the Java program based on its test case and given step-by-step reasoning for execution is:\n```\n> public class foo {\n> public void foo(){\n> String url = \"http://www.google.com/search?q=developer\";\n>         URL obj = new URL(url);\n>         HttpURLConnection con = (HttpURLConnection) obj.openConnection();\n>         //add reuqest header\n>         con.setRequestMethod(\"GET\");\n>         con.setRequestProperty(\"User-Agent\", \"Mozilla\");\n>         BufferedReader in = new BufferedReader(new   InputStreamReader(con.getInputStream()));\n>         String inputLine;\n>         StringBuffer response = new StringBuffer();\n>         while ((inputLine = in.readLine()) != null) {\n>             response.append(inputLine);\n>         }\n>         in.close();\n>         //print result\n>         System.out.println(\"hi\"+response.toString());\n> }\n> }\n```",
      "test_seed_coverage": [
        ">",
        ">",
        ">",
        ">",
        ">",
        ">",
        ">",
        ">",
        ">",
        ">",
        ">",
        ">",
        ">",
        ">",
        ">",
        ">",
        ">",
        ">",
        ">"
      ],
      "cumulative_coverage": [
        ">",
        ">",
        ">",
        ">",
        ">",
        ">",
        ">",
        ">",
        ">",
        ">",
        ">",
        ">",
        ">",
        ">",
        ">",
        ">",
        ">",
        ">",
        ">"
      ]
    },
    {
      "test_case": [
        "Test Case Input:\nString url = null;"
      ],
      "test_mutations": [
        "Test Case Input:\nString url = null;"
      ],
      "initial_code": "public class foo {\npublic void foo(){\nString url = \"http://www.google.com/search?q=developer\";\n        URL obj = new URL(url);\n        HttpURLConnection con = (HttpURLConnection) obj.openConnection();\n        //add reuqest header\n        con.setRequestMethod(\"GET\");\n        con.setRequestProperty(\"User-Agent\", \"Mozilla\");\n        BufferedReader in = new BufferedReader(new   InputStreamReader(con.getInputStream()));\n        String inputLine;\n        StringBuffer response = new StringBuffer();\n        while ((inputLine = in.readLine()) != null) {\n            response.append(inputLine);\n        }\n        in.close();\n        //print result\n        System.out.println(\"hi\"+response.toString());\n}\n}",
      "covered_code": "PLAN:\n1. Class Declaration and Method Declaration: The class `foo` and its method `foo` are defined. These statements are covered as part of the class and method setup.\n2. URL Initialization: The URL `url` is initialized with a hardcoded string. The statement `String url = \"http://www.google.com/search?q=developer\";` is covered.\n3. URL Object Creation: The line `URL obj = new URL(url);` tries to create a URL object. This statement will throw a `MalformedURLException` if the URL is not properly formatted, but since the URL is valid, this line is executed.\n4. HttpURLConnection Setup: The statement `HttpURLConnection con = (HttpURLConnection) obj.openConnection();` is executed to open a connection.\n5. Setting Request Method: The line `con.setRequestMethod(\"GET\");` is executed to set the request method.\n6. Setting Request Property: The line `con.setRequestProperty(\"User-Agent\", \"Mozilla\");` is executed to set the request property.\n7. BufferedReader Setup: The line `BufferedReader in = new BufferedReader(new InputStreamReader(con.getInputStream()));` is executed to read the input stream from the connection.\n8. Reading and Appending Response: The while loop `while ((inputLine = in.readLine()) != null) { response.append(inputLine); }` is executed to read the input and append it to the response.\n9. Closing BufferedReader: The line `in.close();` is executed to close the BufferedReader.\n10. Printing Response: The line `System.out.println(\"hi\"+response.toString());` is executed to print the response.\n\nFinal predicted code coverage for the given Java program:\n> public class foo {\n> public void foo(){\n> String url = \"http://www.google.com/search?q=developer\";\n>         URL obj = new URL(url);\n>         HttpURLConnection con = (HttpURLConnection) obj.openConnection();\n>         con.setRequestMethod(\"GET\");\n>         con.setRequestProperty(\"User-Agent\", \"Mozilla\");\n>         BufferedReader in = new BufferedReader(new   InputStreamReader(con.getInputStream()));\n>         String inputLine;\n>         StringBuffer response = new StringBuffer();\n>         while ((inputLine = in.readLine()) != null) {\n>             response.append(inputLine);\n>         }\n>         in.close();\n>         System.out.println(\"hi\"+response.toString());\n> }\n> }",
      "test_seed_coverage": [
        ">",
        ">",
        ">",
        ">",
        ">",
        ">",
        ">",
        ">",
        ">",
        ">",
        ">",
        ">",
        ">",
        ">",
        ">",
        ">",
        ">",
        ">",
        ">"
      ],
      "cumulative_coverage": [
        ">",
        ">",
        ">",
        ">",
        ">",
        ">",
        ">",
        ">",
        ">",
        ">",
        ">",
        ">",
        ">",
        ">",
        ">",
        ">",
        ">",
        ">",
        ">"
      ]
    },
    {
      "test_case": [
        "Test Case Input:\nint a = \"hello\";"
      ],
      "test_mutations": [
        "Test Case Input:\nint a = \"hello\";"
      ],
      "initial_code": "public class foo {\npublic void foo(){\nString url = \"http://www.google.com/search?q=developer\";\n        URL obj = new URL(url);\n        HttpURLConnection con = (HttpURLConnection) obj.openConnection();\n        //add reuqest header\n        con.setRequestMethod(\"GET\");\n        con.setRequestProperty(\"User-Agent\", \"Mozilla\");\n        BufferedReader in = new BufferedReader(new   InputStreamReader(con.getInputStream()));\n        String inputLine;\n        StringBuffer response = new StringBuffer();\n        while ((inputLine = in.readLine()) != null) {\n            response.append(inputLine);\n        }\n        in.close();\n        //print result\n        System.out.println(\"hi\"+response.toString());\n}\n}",
      "covered_code": "\nPLAN for step-by-step execution of the given Java program and test case:\n\n1. **Class Declaration and Method Declaration**: The class `foo` and its method `foo` are declared. These declarations are always covered. \n\n2. **Variable Declaration and Initialization**: The statement `String url = \"http://www.google.com/search?q=developer\";` is executed, thus covered.\n\n3. **URL Object Creation**: The statement `URL obj = new URL(url);` is executed, thus covered.\n\n4. **HttpURLConnection Object Creation**: The statement `HttpURLConnection con = (HttpURLConnection) obj.openConnection();` is executed, thus covered.\n\n5. **Set Request Method and Property**: The statements `con.setRequestMethod(\"GET\");` and `con.setRequestProperty(\"User-Agent\", \"Mozilla\");` are executed, thus covered.\n\n6. **BufferedReader Setup**: The statement `BufferedReader in = new BufferedReader(new InputStreamReader(con.getInputStream()));` is executed, thus covered.\n\n7. **Read Input Stream**: The `while` loop and its contents are executed. Assuming the stream has some content, the loop's body will execute at least once. Thus, all statements inside the loop are covered.\n\n8. **Close BufferedReader**: The statement `in.close();` is executed, thus covered.\n\n9. **Print Result**: The statement `System.out.println(\"hi\"+response.toString());` is executed, thus covered.\n\nFinal code coverage of the Java program based on its test case and given step-by-step reasoning for execution is:\n\n```\n> public class foo {\n> public void foo(){\n> String url = \"http://www.google.com/search?q=developer\";\n>         URL obj = new URL(url);\n>         HttpURLConnection con = (HttpURLConnection) obj.openConnection();\n>         //add reuqest header\n>         con.setRequestMethod(\"GET\");\n>         con.setRequestProperty(\"User-Agent\", \"Mozilla\");\n>         BufferedReader in = new BufferedReader(new InputStreamReader(con.getInputStream()));\n>         String inputLine;\n>         StringBuffer response = new StringBuffer();\n>         while ((inputLine = in.readLine()) != null) {\n>             response.append(inputLine);\n>         }\n>         in.close();\n>         //print result\n>         System.out.println(\"hi\"+response.toString());\n> }\n> }\n```",
      "test_seed_coverage": [
        ">",
        ">",
        ">",
        ">",
        ">",
        ">",
        ">",
        ">",
        ">",
        ">",
        ">",
        ">",
        ">",
        ">",
        ">",
        ">",
        ">",
        ">",
        ">"
      ],
      "cumulative_coverage": [
        ">",
        ">",
        ">",
        ">",
        ">",
        ">",
        ">",
        ">",
        ">",
        ">",
        ">",
        ">",
        ">",
        ">",
        ">",
        ">",
        ">",
        ">",
        ">"
      ]
    },
    {
      "test_case": [
        "Test Case Input:\nint a = 10 / 0;"
      ],
      "test_mutations": [
        "Test Case Input:\nint a = 10 / 0;"
      ],
      "initial_code": "public class foo {\npublic void foo(){\nString url = \"http://www.google.com/search?q=developer\";\n        URL obj = new URL(url);\n        HttpURLConnection con = (HttpURLConnection) obj.openConnection();\n        //add reuqest header\n        con.setRequestMethod(\"GET\");\n        con.setRequestProperty(\"User-Agent\", \"Mozilla\");\n        BufferedReader in = new BufferedReader(new   InputStreamReader(con.getInputStream()));\n        String inputLine;\n        StringBuffer response = new StringBuffer();\n        while ((inputLine = in.readLine()) != null) {\n            response.append(inputLine);\n        }\n        in.close();\n        //print result\n        System.out.println(\"hi\"+response.toString());\n}\n}",
      "covered_code": "PLAN for step by step execution of the given Java program and test case:\n\n1. Class Declaration: \"public class foo {\" is covered.\n2. Method Declaration: \"public void foo(){\" is covered.\n3. URL Initialization: \"String url = 'http://www.google.com/search?q=developer';\" is covered.\n4. URL Object Creation: \"URL obj = new URL(url);\" is covered.\n5. Connection Opening: \"HttpURLConnection con = (HttpURLConnection) obj.openConnection();\" is covered.\n6. Set Request Method: \"con.setRequestMethod('GET');\" is covered.\n7. Set Request Property: \"con.setRequestProperty('User-Agent', 'Mozilla');\" is covered.\n8. BufferedReader Initialization: \"BufferedReader in = new BufferedReader(new InputStreamReader(con.getInputStream()));\" is covered.\n9. While Loop Execution: The while loop is covered. \"while ((inputLine = in.readLine()) != null) {\" is covered.\n10. Append Input Line: \"response.append(inputLine);\" is covered (assuming the URL fetches content).\n11. Close BufferedReader: \"in.close();\" is covered.\n12. Print Response: \"System.out.println('hi'+response.toString());\" is covered.\n13. Closing Brackets: Always covered.\n\nFinal code coverage of the Java program based on its test case and given step by step reasoning for execution is:\n\n> public class foo {\n> public void foo(){\n> String url = \"http://www.google.com/search?q=developer\";\n>         URL obj = new URL(url);\n>         HttpURLConnection con = (HttpURLConnection) obj.openConnection();\n>         //add reuqest header\n>         con.setRequestMethod(\"GET\");\n>         con.setRequestProperty(\"User-Agent\", \"Mozilla\");\n>         BufferedReader in = new BufferedReader(new   InputStreamReader(con.getInputStream()));\n>         String inputLine;\n>         StringBuffer response = new StringBuffer();\n>         while ((inputLine = in.readLine()) != null) {\n>             response.append(inputLine);\n>         }\n>         in.close();\n>         //print result\n>         System.out.println(\"hi\"+response.toString());\n> }\n> }",
      "test_seed_coverage": [
        ">",
        ">",
        ">",
        ">",
        ">",
        ">",
        ">",
        ">",
        ">",
        ">",
        ">",
        ">",
        ">",
        ">",
        ">",
        ">",
        ">",
        ">",
        ">"
      ],
      "cumulative_coverage": [
        ">",
        ">",
        ">",
        ">",
        ">",
        ">",
        ">",
        ">",
        ">",
        ">",
        ">",
        ">",
        ">",
        ">",
        ">",
        ">",
        ">",
        ">",
        ">"
      ]
    },
    {
      "test_case": [
        "Test Case Input:\nint[] arr = new int[5];\nint value = arr[6];"
      ],
      "test_mutations": [
        "Test Case Input:\nint[] arr = new int[5];\nint value = arr[6];"
      ],
      "initial_code": "public class foo {\npublic void foo(){\nString url = \"http://www.google.com/search?q=developer\";\n        URL obj = new URL(url);\n        HttpURLConnection con = (HttpURLConnection) obj.openConnection();\n        //add reuqest header\n        con.setRequestMethod(\"GET\");\n        con.setRequestProperty(\"User-Agent\", \"Mozilla\");\n        BufferedReader in = new BufferedReader(new   InputStreamReader(con.getInputStream()));\n        String inputLine;\n        StringBuffer response = new StringBuffer();\n        while ((inputLine = in.readLine()) != null) {\n            response.append(inputLine);\n        }\n        in.close();\n        //print result\n        System.out.println(\"hi\"+response.toString());\n}\n}",
      "covered_code": "PLAN for step by step execution of the given Java program and test case:\n\n1. Import Statements: Since import statements are missing, an exception for missing imports will be generated. However, as per the request, assume all necessary imports are present outside the visible code.\n\n2. Class Declaration: Class declaration statements are executed. Statement \"public class foo {\" is covered.\n\n3. Method Declaration: Method declarations are executed when called. Statement \"public void foo() {\" is covered.\n\n4. URL Object Creation and HTTP Connection Setup: Statements related to URL and HTTP connection setup are executed. Statements \"String url = \\\"http://www.google.com/search?q=developer\\\";\", \"URL obj = new URL(url);\", and \"HttpURLConnection con = (HttpURLConnection) obj.openConnection();\" are covered.\n\n5. Request Setup: Statements to setup the request method and properties are executed. Statements \"con.setRequestMethod(\\\"GET\\\");\" and \"con.setRequestProperty(\\\"User-Agent\\\", \\\"Mozilla\\\");\" are covered.\n\n6. BufferedReader Setup: BufferedReader setup is executed. Statement \"BufferedReader in = new BufferedReader(new InputStreamReader(con.getInputStream()));\" is covered.\n\n7. Reading Response: The while loop to read the response is executed. Statement \"while ((inputLine = in.readLine()) != null) {\" is covered, as well as the statement inside the loop: \"response.append(inputLine);\".\n\n8. Close BufferedReader: BufferedReader close statement is executed. Statement \"in.close();\" is covered.\n\n9. Print Result: Print statement is executed. Statement \"System.out.println(\\\"hi\\\"+response.toString());\" is covered.\n\n10. Closing Brackets: Always covered.\n\nFinal code coverage of the Java program based on its test case and given step by step reasoning for execution is:\n\n```\n> public class foo {\n> public void foo(){\n> String url = \"http://www.google.com/search?q=developer\";\n>         URL obj = new URL(url);\n>         HttpURLConnection con = (HttpURLConnection) obj.openConnection();\n>         //add reuqest header\n>         con.setRequestMethod(\"GET\");\n>         con.setRequestProperty(\"User-Agent\", \"Mozilla\");\n>         BufferedReader in = new BufferedReader(new   InputStreamReader(con.getInputStream()));\n>         String inputLine;\n>         StringBuffer response = new StringBuffer();\n>         while ((inputLine = in.readLine()) != null) {\n>             response.append(inputLine);\n>         }\n>         in.close();\n>         //print result\n>         System.out.println(\"hi\"+response.toString());\n> }\n> }\n```",
      "test_seed_coverage": [
        ">",
        ">",
        ">",
        ">",
        ">",
        ">",
        ">",
        ">",
        ">",
        ">",
        ">",
        ">",
        ">",
        ">",
        ">",
        ">",
        ">",
        ">",
        ">"
      ],
      "cumulative_coverage": [
        ">",
        ">",
        ">",
        ">",
        ">",
        ">",
        ">",
        ">",
        ">",
        ">",
        ">",
        ">",
        ">",
        ">",
        ">",
        ">",
        ">",
        ">",
        ">"
      ]
    },
    {
      "test_case": [
        "Test Case Input:\nString value = \"abc\";\nint result = Integer.parseInt(value);"
      ],
      "test_mutations": [
        "Test Case Input:\nString value = \"abc\";\nint result = Integer.parseInt(value);"
      ],
      "initial_code": "public class foo {\npublic void foo(){\nString url = \"http://www.google.com/search?q=developer\";\n        URL obj = new URL(url);\n        HttpURLConnection con = (HttpURLConnection) obj.openConnection();\n        //add reuqest header\n        con.setRequestMethod(\"GET\");\n        con.setRequestProperty(\"User-Agent\", \"Mozilla\");\n        BufferedReader in = new BufferedReader(new   InputStreamReader(con.getInputStream()));\n        String inputLine;\n        StringBuffer response = new StringBuffer();\n        while ((inputLine = in.readLine()) != null) {\n            response.append(inputLine);\n        }\n        in.close();\n        //print result\n        System.out.println(\"hi\"+response.toString());\n}\n}",
      "covered_code": "Plan for step by step execution of the given Java program and test case:\n\n1. Import Statements: The program does not include explicit import statements in the provided code snippet. Import statements for necessary classes like `URL`, `HttpURLConnection`, `BufferedReader`, `InputStreamReader`, and `StringBuffer` are assumed to be present before execution.\n2. Class Declaration: The class `foo` is declared. Statement `public class foo {` is covered.\n3. Method Declaration: The method `foo` is defined. Statement `public void foo(){` is covered.\n4. URL Initialization: The URL string is initialized. Statement `String url = \"http://www.google.com/search?q=developer\";` is covered.\n5. URL Object Creation: A URL object is created from the string. Statement `URL obj = new URL(url);` is covered.\n6. HttpURLConnection Setup: A connection is opened to the URL. Statement `HttpURLConnection con = (HttpURLConnection) obj.openConnection();` is covered.\n7. Set Request Method: The request method is set to \"GET\". Statement `con.setRequestMethod(\"GET\");` is covered.\n8. Set Request Property: The User-Agent property is set. Statement `con.setRequestProperty(\"User-Agent\", \"Mozilla\");` is covered.\n9. BufferedReader Initialization: A BufferedReader is initialized to read the response. Statement `BufferedReader in = new BufferedReader(new InputStreamReader(con.getInputStream()));` is covered.\n10. Reading Response: A loop reads lines from the response. Statement `while ((inputLine = in.readLine()) != null) {` is covered.\n11. Append Response: The response is appended to the StringBuffer. Statement `response.append(inputLine);` is covered.\n12. Close BufferedReader: The BufferedReader is closed. Statement `in.close();` is covered.\n13. Print Response: The response is printed. Statement `System.out.println(\"hi\"+response.toString());` is covered.\n14. Closing Brackets: The closing brackets for the method and class are covered.\n\nFinal code coverage of the Java program based on its test case and given step-by-step reasoning for execution is:\n\n```\n> public class foo {\n> public void foo(){\n> String url = \"http://www.google.com/search?q=developer\";\n>         URL obj = new URL(url);\n>         HttpURLConnection con = (HttpURLConnection) obj.openConnection();\n>         //add reuqest header\n>         con.setRequestMethod(\"GET\");\n>         con.setRequestProperty(\"User-Agent\", \"Mozilla\");\n>         BufferedReader in = new BufferedReader(new   InputStreamReader(con.getInputStream()));\n>         String inputLine;\n>         StringBuffer response = new StringBuffer();\n>         while ((inputLine = in.readLine()) != null) {\n>             response.append(inputLine);\n>         }\n>         in.close();\n>         //print result\n>         System.out.println(\"hi\"+response.toString());\n> }\n> }\n```",
      "test_seed_coverage": [
        ">",
        ">",
        ">",
        ">",
        ">",
        ">",
        ">",
        ">",
        ">",
        ">",
        ">",
        ">",
        ">",
        ">",
        ">",
        ">",
        ">",
        ">",
        ">"
      ],
      "cumulative_coverage": [
        ">",
        ">",
        ">",
        ">",
        ">",
        ">",
        ">",
        ">",
        ">",
        ">",
        ">",
        ">",
        ">",
        ">",
        ">",
        ">",
        ">",
        ">",
        ">"
      ]
    },
    {
      "test_case": [
        "Test Case Input:\nString value = \"123abc\";\nint result = Integer.parseInt(value);"
      ],
      "test_mutations": [
        "Test Case Input:\nString value = \"123abc\";\nint result = Integer.parseInt(value);"
      ],
      "initial_code": "public class foo {\npublic void foo(){\nString url = \"http://www.google.com/search?q=developer\";\n        URL obj = new URL(url);\n        HttpURLConnection con = (HttpURLConnection) obj.openConnection();\n        //add reuqest header\n        con.setRequestMethod(\"GET\");\n        con.setRequestProperty(\"User-Agent\", \"Mozilla\");\n        BufferedReader in = new BufferedReader(new   InputStreamReader(con.getInputStream()));\n        String inputLine;\n        StringBuffer response = new StringBuffer();\n        while ((inputLine = in.readLine()) != null) {\n            response.append(inputLine);\n        }\n        in.close();\n        //print result\n        System.out.println(\"hi\"+response.toString());\n}\n}",
      "covered_code": "PLAN for step by step execution of the given Java program and test case:\n1. Class Declaration: The class declaration is executed. The statement \"public class foo {\" is covered.\n2. Method Declaration: The method declaration is executed when called. The statement \"public void foo(){\" is covered.\n3. URL Initialization: The statement \"String url = ...\" is executed and covered.\n4. URL Object Creation: The statement \"URL obj = new URL(url);\" is executed and covered.\n5. HttpURLConnection Setup: The statements \"HttpURLConnection con = ...\" and \"con.setRequestMethod(...)\" are executed and covered.\n6. Request Property Setting: The statement \"con.setRequestProperty(...)\" is executed and covered.\n7. BufferedReader Setup: The statement \"BufferedReader in = ...\" is executed and covered.\n8. While Loop Execution: The while loop condition is evaluated, and the loop block is executed if true. Both the loop and its contents are covered since the input is not null.\n9. Reading Input: The statement \"response.append(inputLine);\" within the loop is executed and covered.\n10. BufferedReader Closing: The statement \"in.close();\" is executed and covered.\n11. Printing Result: The statement \"System.out.println(...)\" is executed and covered.\n12. Closing Brackets: Always covered.\n\nFinal code coverage of the Java program based on its test case and given step by step reasoning for execution is:\n```\n> public class foo {\n> public void foo(){\n> String url = \"http://www.google.com/search?q=developer\";\n>         URL obj = new URL(url);\n>         HttpURLConnection con = (HttpURLConnection) obj.openConnection();\n>         //add reuqest header\n>         con.setRequestMethod(\"GET\");\n>         con.setRequestProperty(\"User-Agent\", \"Mozilla\");\n>         BufferedReader in = new BufferedReader(new   InputStreamReader(con.getInputStream()));\n>         String inputLine;\n>         StringBuffer response = new StringBuffer();\n>         while ((inputLine = in.readLine()) != null) {\n>             response.append(inputLine);\n>         }\n>         in.close();\n>         //print result\n>         System.out.println(\"hi\"+response.toString());\n> }\n> }\n```",
      "test_seed_coverage": [
        ">",
        ">",
        ">",
        ">",
        ">",
        ">",
        ">",
        ">",
        ">",
        ">",
        ">",
        ">",
        ">",
        ">",
        ">",
        ">",
        ">",
        ">",
        ">"
      ],
      "cumulative_coverage": [
        ">",
        ">",
        ">",
        ">",
        ">",
        ">",
        ">",
        ">",
        ">",
        ">",
        ">",
        ">",
        ">",
        ">",
        ">",
        ">",
        ">",
        ">",
        ">"
      ]
    },
    {
      "test_case": [
        "Test Case Input:\nint a = 10 % 0;"
      ],
      "test_mutations": [
        "Test Case Input:\nint a = 10 % 0;"
      ],
      "initial_code": "public class foo {\npublic void foo(){\nString url = \"http://www.google.com/search?q=developer\";\n        URL obj = new URL(url);\n        HttpURLConnection con = (HttpURLConnection) obj.openConnection();\n        //add reuqest header\n        con.setRequestMethod(\"GET\");\n        con.setRequestProperty(\"User-Agent\", \"Mozilla\");\n        BufferedReader in = new BufferedReader(new   InputStreamReader(con.getInputStream()));\n        String inputLine;\n        StringBuffer response = new StringBuffer();\n        while ((inputLine = in.readLine()) != null) {\n            response.append(inputLine);\n        }\n        in.close();\n        //print result\n        System.out.println(\"hi\"+response.toString());\n}\n}",
      "covered_code": "PLAN for step by step execution of the given Java program and test case:\n\n1. Class Declaration: The class declaration statement \"public class foo {\" is executed and covered.\n\n2. Method Declaration: The method declaration \"public void foo() {\" is executed when the method is called, and it will be covered.\n\n3. URL Object Creation: The statement \"URL obj = new URL(url);\" would be executed if reached, but due to a \"java.net.MalformedURLException\" exception caused by the invalid URL format, this statement will not be executed.\n\n4. Exception Handling: Since there is no exception handling in the code, the execution will stop at the point where the exception occurs, and the subsequent lines will not be executed.\n\n5. Closing Brackets: Closing brackets are always executed and covered.\n\nFinal code coverage of the Java program based on its test case and given step-by-step reasoning for execution is:\n\n```\n> public class foo {\n> public void foo(){\n! String url = \"http://www.google.com/search?q=developer\";\n!         URL obj = new URL(url);\n!         HttpURLConnection con = (HttpURLConnection) obj.openConnection();\n!         //add reuqest header\n!         con.setRequestMethod(\"GET\");\n!         con.setRequestProperty(\"User-Agent\", \"Mozilla\");\n!         BufferedReader in = new BufferedReader(new   InputStreamReader(con.getInputStream()));\n!         String inputLine;\n!         StringBuffer response = new StringBuffer();\n!         while ((inputLine = in.readLine()) != null) {\n!             response.append(inputLine);\n!         }\n!         in.close();\n!         //print result\n!         System.out.println(\"hi\"+response.toString());\n> }\n> }\n```",
      "test_seed_coverage": [
        ">",
        ">",
        ">",
        ">",
        ">",
        ">",
        ">",
        ">",
        ">",
        ">",
        ">",
        ">",
        ">",
        ">",
        ">",
        ">",
        ">",
        ">",
        ">"
      ],
      "cumulative_coverage": [
        ">",
        ">",
        ">",
        ">",
        ">",
        ">",
        ">",
        ">",
        ">",
        ">",
        ">",
        ">",
        ">",
        ">",
        ">",
        ">",
        ">",
        ">",
        ">"
      ]
    },
    {
      "test_case": [
        "Test Case Input:\nInteger a = \"hello\";"
      ],
      "test_mutations": [
        "Test Case Input:\nInteger a = \"hello\";"
      ],
      "initial_code": "public class foo {\npublic void foo(){\nString url = \"http://www.google.com/search?q=developer\";\n        URL obj = new URL(url);\n        HttpURLConnection con = (HttpURLConnection) obj.openConnection();\n        //add reuqest header\n        con.setRequestMethod(\"GET\");\n        con.setRequestProperty(\"User-Agent\", \"Mozilla\");\n        BufferedReader in = new BufferedReader(new   InputStreamReader(con.getInputStream()));\n        String inputLine;\n        StringBuffer response = new StringBuffer();\n        while ((inputLine = in.readLine()) != null) {\n            response.append(inputLine);\n        }\n        in.close();\n        //print result\n        System.out.println(\"hi\"+response.toString());\n}\n}",
      "covered_code": "Plan for step by step execution of the given Java program and test case:\n\n1. Class Declaration: Statement \"public class foo {\" is covered. \n2. Method Declaration: Statement \"public void foo(){\" is covered.\n3. URL Initialization: Statement \"String url = \"http://www.google.com/search?q=developer\";\" is covered.\n4. URL Object Creation: Statement \"URL obj = new URL(url);\" is covered.\n5. HTTP Connection Setup: Statement \"HttpURLConnection con = (HttpURLConnection) obj.openConnection();\" is covered.\n6. Set Request Method: Statement \"con.setRequestMethod(\"GET\");\" is covered.\n7. Set Request Property: Statement \"con.setRequestProperty(\"User-Agent\", \"Mozilla\");\" is covered.\n8. BufferedReader Initialization: Statement \"BufferedReader in = new BufferedReader(new InputStreamReader(con.getInputStream()));\" is covered.\n9. Input Line String Declaration: Statement \"String inputLine;\" is covered.\n10. StringBuffer Initialization: Statement \"StringBuffer response = new StringBuffer();\" is covered.\n11. While Loop Execution: Assuming the connection is successful and data is received, the loop \"while ((inputLine = in.readLine()) != null) {\" is covered.\n12. Append Input Line to Response: Statement \"response.append(inputLine);\" is covered.\n13. Close BufferedReader: Statement \"in.close();\" is covered.\n14. Print Response: Statement \"System.out.println(\"hi\"+response.toString());\" is covered.\n15. Closing Brackets: Always covered.\n\nFinal code coverage of the Java program based on its test case and given step by step reasoning for execution is:\n\n> public class foo {\n> public void foo(){\n> String url = \"http://www.google.com/search?q=developer\";\n> URL obj = new URL(url);\n> HttpURLConnection con = (HttpURLConnection) obj.openConnection();\n> con.setRequestMethod(\"GET\");\n> con.setRequestProperty(\"User-Agent\", \"Mozilla\");\n> BufferedReader in = new BufferedReader(new InputStreamReader(con.getInputStream()));\n> String inputLine;\n> StringBuffer response = new StringBuffer();\n> while ((inputLine = in.readLine()) != null) {\n> response.append(inputLine);\n> }\n> in.close();\n> System.out.println(\"hi\"+response.toString());\n> }\n> }",
      "test_seed_coverage": [
        ">",
        ">",
        ">",
        ">",
        ">",
        ">",
        ">",
        ">",
        ">",
        ">",
        ">",
        ">",
        ">",
        ">",
        ">",
        ">",
        ">",
        ">",
        ">"
      ],
      "cumulative_coverage": [
        ">",
        ">",
        ">",
        ">",
        ">",
        ">",
        ">",
        ">",
        ">",
        ">",
        ">",
        ">",
        ">",
        ">",
        ">",
        ">",
        ">",
        ">",
        ">"
      ]
    },
    {
      "test_case": [
        "Test Case Input:\nInteger a = null;\nint result = a.intValue();"
      ],
      "test_mutations": [
        "Test Case Input:\nInteger a = null;\nint result = a.intValue();"
      ],
      "initial_code": "public class foo {\npublic void foo(){\nString url = \"http://www.google.com/search?q=developer\";\n        URL obj = new URL(url);\n        HttpURLConnection con = (HttpURLConnection) obj.openConnection();\n        //add reuqest header\n        con.setRequestMethod(\"GET\");\n        con.setRequestProperty(\"User-Agent\", \"Mozilla\");\n        BufferedReader in = new BufferedReader(new   InputStreamReader(con.getInputStream()));\n        String inputLine;\n        StringBuffer response = new StringBuffer();\n        while ((inputLine = in.readLine()) != null) {\n            response.append(inputLine);\n        }\n        in.close();\n        //print result\n        System.out.println(\"hi\"+response.toString());\n}\n}",
      "covered_code": "PLAN for step by step execution of the given Java program and test case:\n\n1. foo Class Declaration: Class declaration statements are executed. Statement \"public class foo {\" is covered.\n2. foo Method Declaration: Method declarations are executed when called. Statement \"public void foo() {\" is covered.\n3. URL Initialization: Statement \"String url = \\\"http://www.google.com/search?q=developer\\\";\" is executed.\n4. URL Object Creation: Statement \"URL obj = new URL(url);\" is executed.\n5. HttpURLConnection Object Creation: Statement \"HttpURLConnection con = (HttpURLConnection) obj.openConnection();\" is executed.\n6. Request Method Setting: Statement \"con.setRequestMethod(\\\"GET\\\");\" is executed.\n7. Request Property Setting: Statement \"con.setRequestProperty(\\\"User-Agent\\\", \\\"Mozilla\\\");\" is executed.\n8. BufferedReader Initialization: Statement \"BufferedReader in = new BufferedReader(new InputStreamReader(con.getInputStream()));\" is executed.\n9. While Loop Execution: The while loop is entered, and each line read from the input stream is appended to the response StringBuffer. Statements \"while ((inputLine = in.readLine()) != null) {\" and \"response.append(inputLine);\" are executed.\n10. BufferedReader Close: Statement \"in.close();\" is executed.\n11. Print Result: Statement \"System.out.println(\\\"hi\\\" + response.toString());\" is executed.\n12. Closing Braces: Always covered.\n\nFinal code coverage of the Java program based on its test case and given step by step reasoning for execution is:\n\n> public class foo {\n> public void foo(){\n> String url = \"http://www.google.com/search?q=developer\";\n>         URL obj = new URL(url);\n>         HttpURLConnection con = (HttpURLConnection) obj.openConnection();\n>         con.setRequestMethod(\"GET\");\n>         con.setRequestProperty(\"User-Agent\", \"Mozilla\");\n>         BufferedReader in = new BufferedReader(new InputStreamReader(con.getInputStream()));\n>         String inputLine;\n>         StringBuffer response = new StringBuffer();\n>         while ((inputLine = in.readLine()) != null) {\n>             response.append(inputLine);\n>         }\n>         in.close();\n>         System.out.println(\"hi\"+response.toString());\n> }\n> }",
      "test_seed_coverage": [
        ">",
        ">",
        ">",
        ">",
        ">",
        ">",
        ">",
        ">",
        ">",
        ">",
        ">",
        ">",
        ">",
        ">",
        ">",
        ">",
        ">",
        ">",
        ">"
      ],
      "cumulative_coverage": [
        ">",
        ">",
        ">",
        ">",
        ">",
        ">",
        ">",
        ">",
        ">",
        ">",
        ">",
        ">",
        ">",
        ">",
        ">",
        ">",
        ">",
        ">",
        ">"
      ]
    },
    {
      "test_case": [
        "Test Case Input:\nString url = null;\nURL obj = new URL(url);"
      ],
      "test_mutations": [
        "Test Case Input:\nString url = null;\nURL obj = new URL(url);"
      ],
      "initial_code": "public class foo {\npublic void foo(){\nString url = \"http://www.google.com/search?q=developer\";\n        URL obj = new URL(url);\n        HttpURLConnection con = (HttpURLConnection) obj.openConnection();\n        //add reuqest header\n        con.setRequestMethod(\"GET\");\n        con.setRequestProperty(\"User-Agent\", \"Mozilla\");\n        BufferedReader in = new BufferedReader(new   InputStreamReader(con.getInputStream()));\n        String inputLine;\n        StringBuffer response = new StringBuffer();\n        while ((inputLine = in.readLine()) != null) {\n            response.append(inputLine);\n        }\n        in.close();\n        //print result\n        System.out.println(\"hi\"+response.toString());\n}\n}",
      "covered_code": "PLAN:\n1. Class Declaration: The class declaration statement \"public class foo {\" is executed.\n2. Method Declaration: The method declaration \"public void foo(){\" is executed when the method is called.\n3. URL Object Creation: The statement \"String url = \"http://www.google.com/search?q=developer\";\" is executed.\n4. URL Initialization: The statement \"URL obj = new URL(url);\" is executed.\n5. HTTP Connection: The statement \"HttpURLConnection con = (HttpURLConnection) obj.openConnection();\" is executed.\n6. Request Header: The statement \"con.setRequestMethod(\"GET\");\" is executed and \"con.setRequestProperty(\"User-Agent\", \"Mozilla\");\" is executed.\n7. BufferedReader Initialization: The statement \"BufferedReader in = new BufferedReader(new InputStreamReader(con.getInputStream()));\" is executed.\n8. Reading Input: The while loop and its contents are executed; \"while ((inputLine = in.readLine()) != null) {\" is executed and \"response.append(inputLine);\" is executed.\n9. Closing BufferedReader: \"in.close();\" is executed.\n10. Print Result: \"System.out.println(\"hi\" + response.toString());\" is executed.\n11. Closing Brackets: Always executed.\n\nFinal Code Coverage:\n> public class foo {\n> public void foo(){\n>         String url = \"http://www.google.com/search?q=developer\";\n>         URL obj = new URL(url);\n>         HttpURLConnection con = (HttpURLConnection) obj.openConnection();\n>         con.setRequestMethod(\"GET\");\n>         con.setRequestProperty(\"User-Agent\", \"Mozilla\");\n>         BufferedReader in = new BufferedReader(new InputStreamReader(con.getInputStream()));\n>         String inputLine;\n>         StringBuffer response = new StringBuffer();\n>         while ((inputLine = in.readLine()) != null) {\n>             response.append(inputLine);\n>         }\n>         in.close();\n>         System.out.println(\"hi\" + response.toString());\n> }\n> }",
      "test_seed_coverage": [
        ">",
        ">",
        ">",
        ">",
        ">",
        ">",
        ">",
        ">",
        ">",
        ">",
        ">",
        ">",
        ">",
        ">",
        ">",
        ">",
        ">",
        ">",
        ">"
      ],
      "cumulative_coverage": [
        ">",
        ">",
        ">",
        ">",
        ">",
        ">",
        ">",
        ">",
        ">",
        ">",
        ">",
        ">",
        ">",
        ">",
        ">",
        ">",
        ">",
        ">",
        ">"
      ]
    },
    {
      "test_case": [
        "Test Case Input:\nint[] arr = new int[5];\nint value = arr[5];"
      ],
      "test_mutations": [
        "Test Case Input:\nint[] arr = new int[5];\nint value = arr[5];"
      ],
      "initial_code": "public class foo {\npublic void foo(){\nString url = \"http://www.google.com/search?q=developer\";\n        URL obj = new URL(url);\n        HttpURLConnection con = (HttpURLConnection) obj.openConnection();\n        //add reuqest header\n        con.setRequestMethod(\"GET\");\n        con.setRequestProperty(\"User-Agent\", \"Mozilla\");\n        BufferedReader in = new BufferedReader(new   InputStreamReader(con.getInputStream()));\n        String inputLine;\n        StringBuffer response = new StringBuffer();\n        while ((inputLine = in.readLine()) != null) {\n            response.append(inputLine);\n        }\n        in.close();\n        //print result\n        System.out.println(\"hi\"+response.toString());\n}\n}",
      "covered_code": "PLAN for step-by-step execution of the given Java program and test case:\n\n1. Class Declaration: Class declaration is executed. Statement \"public class foo {\" is covered.\n2. Method Declaration: Method declarations are not executed unless called. Statement \"public void foo(){\" is not covered.\n3. URL Object Creation: URL object creation statement \"URL obj = new URL(url);\" is not executed as method foo() is not invoked.\n4. HTTP Connection: Establishing an HTTP connection via \"HttpURLConnection con = (HttpURLConnection) obj.openConnection();\" is not executed.\n5. Request Method and Header: Setting the request method and header are skipped as the connection is not established.\n6. BufferedReader Initialization: BufferedReader initialization \"BufferedReader in = new BufferedReader(new InputStreamReader(con.getInputStream()));\" is not executed.\n7. While Loop: The while loop for reading the input stream is not executed as the BufferedReader is not initialized.\n8. Print Result: Printing the result with \"System.out.println(\"hi\"+response.toString());\" is skipped as the response is not built.\n9. Closing Brackets: Always covered.\n\nFinal code coverage of the Java program based on its test case and the given step-by-step reasoning for execution is:\n\n> public class foo {\n! public void foo(){\n! String url = \"http://www.google.com/search?q=developer\";\n! URL obj = new URL(url);\n! HttpURLConnection con = (HttpURLConnection) obj.openConnection();\n! con.setRequestMethod(\"GET\");\n! con.setRequestProperty(\"User-Agent\", \"Mozilla\");\n! BufferedReader in = new BufferedReader(new InputStreamReader(con.getInputStream()));\n! String inputLine;\n! StringBuffer response = new StringBuffer();\n! while ((inputLine = in.readLine()) != null) {\n!     response.append(inputLine);\n! }\n! in.close();\n! System.out.println(\"hi\"+response.toString());\n> }\n> }",
      "test_seed_coverage": [
        ">",
        ">",
        ">",
        ">",
        ">",
        ">",
        ">",
        ">",
        ">",
        ">",
        ">",
        ">",
        ">",
        ">",
        ">",
        ">",
        ">",
        ">",
        ">"
      ],
      "cumulative_coverage": [
        ">",
        ">",
        ">",
        ">",
        ">",
        ">",
        ">",
        ">",
        ">",
        ">",
        ">",
        ">",
        ">",
        ">",
        ">",
        ">",
        ">",
        ">",
        ">"
      ]
    },
    {
      "test_case": [
        "Test Case Input:\nint[] arr = new int[5];\nint value = arr[10];"
      ],
      "test_mutations": [
        "Test Case Input:\nint[] arr = new int[5];\nint value = arr[10];"
      ],
      "initial_code": "public class foo {\npublic void foo(){\nString url = \"http://www.google.com/search?q=developer\";\n        URL obj = new URL(url);\n        HttpURLConnection con = (HttpURLConnection) obj.openConnection();\n        //add reuqest header\n        con.setRequestMethod(\"GET\");\n        con.setRequestProperty(\"User-Agent\", \"Mozilla\");\n        BufferedReader in = new BufferedReader(new   InputStreamReader(con.getInputStream()));\n        String inputLine;\n        StringBuffer response = new StringBuffer();\n        while ((inputLine = in.readLine()) != null) {\n            response.append(inputLine);\n        }\n        in.close();\n        //print result\n        System.out.println(\"hi\"+response.toString());\n}\n}",
      "covered_code": "PLAN for step by step execution of the given Java program and test case:\n\n1. Class Declaration: Class \"foo\" declaration is executed. Statement \"public class foo {\" is covered.\n2. Method Declaration: Method \"foo\" declaration is executed when called. Statement \"public void foo(){\" is covered.\n3. URL Object Creation: Statement \"String url = 'http://www.google.com/search?q=developer';\" is covered.\n4. URL Connection Setup: Statement \"URL obj = new URL(url);\" is covered.\n5. Open HTTP Connection: Statement \"HttpURLConnection con = (HttpURLConnection) obj.openConnection();\" is covered.\n6. Set Request Method: Statement \"con.setRequestMethod('GET');\" is covered.\n7. Set Request Property: Statement \"con.setRequestProperty('User-Agent', 'Mozilla');\" is covered.\n8. Read Input Stream: Statement \"BufferedReader in = new BufferedReader(new InputStreamReader(con.getInputStream()));\" is covered.\n9. While Loop: The while loop condition \"(inputLine = in.readLine()) != null\" is evaluated. If the input stream is not empty, the loop executes. Statement \"while ((inputLine = in.readLine()) != null) {\" is covered.\n10. Append Input Line: Statement \"response.append(inputLine);\" inside the loop is covered.\n11. Close BufferedReader: Statement \"in.close();\" is covered.\n12. Print Result: Statement \"System.out.println('hi'+response.toString());\" is covered.\n13. Closing Brackets: Always covered.\n\nFinal code coverage of the Java program based on its test case and given step by step execution reasoning is:\n\n> public class foo {\n> public void foo(){\n> String url = \"http://www.google.com/search?q=developer\";\n> URL obj = new URL(url);\n> HttpURLConnection con = (HttpURLConnection) obj.openConnection();\n> //add reuqest header\n> con.setRequestMethod(\"GET\");\n> con.setRequestProperty(\"User-Agent\", \"Mozilla\");\n> BufferedReader in = new BufferedReader(new InputStreamReader(con.getInputStream()));\n> String inputLine;\n> StringBuffer response = new StringBuffer();\n> while ((inputLine = in.readLine()) != null) {\n> response.append(inputLine);\n> }\n> in.close();\n> //print result\n> System.out.println(\"hi\"+response.toString());\n> }\n> }",
      "test_seed_coverage": [
        ">",
        ">",
        ">",
        ">",
        ">",
        ">",
        ">",
        ">",
        ">",
        ">",
        ">",
        ">",
        ">",
        ">",
        ">",
        ">",
        ">",
        ">",
        ">"
      ],
      "cumulative_coverage": [
        ">",
        ">",
        ">",
        ">",
        ">",
        ">",
        ">",
        ">",
        ">",
        ">",
        ">",
        ">",
        ">",
        ">",
        ">",
        ">",
        ">",
        ">",
        ">"
      ]
    },
    {
      "test_case": [
        "Test Case Input:\nint[] arr = new int[5];\nint value = arr[-1];"
      ],
      "test_mutations": [
        "Test Case Input:\nint[] arr = new int[5];\nint value = arr[-1];"
      ],
      "initial_code": "public class foo {\npublic void foo(){\nString url = \"http://www.google.com/search?q=developer\";\n        URL obj = new URL(url);\n        HttpURLConnection con = (HttpURLConnection) obj.openConnection();\n        //add reuqest header\n        con.setRequestMethod(\"GET\");\n        con.setRequestProperty(\"User-Agent\", \"Mozilla\");\n        BufferedReader in = new BufferedReader(new   InputStreamReader(con.getInputStream()));\n        String inputLine;\n        StringBuffer response = new StringBuffer();\n        while ((inputLine = in.readLine()) != null) {\n            response.append(inputLine);\n        }\n        in.close();\n        //print result\n        System.out.println(\"hi\"+response.toString());\n}\n}",
      "covered_code": "Plan for step by step execution:\n\n1. Class Declaration: The class `foo` is declared. The statement `public class foo {` is covered.\n2. Method Declaration: The constructor `foo` is declared. The statement `public void foo(){` is covered.\n3. URL Object Creation: The statement `String url = \"http://www.google.com/search?q=developer\";` is covered.\n4. URL Object Initialization: The statement `URL obj = new URL(url);` is covered.\n5. HTTP Connection Creation: The statement `HttpURLConnection con = (HttpURLConnection) obj.openConnection();` is covered.\n6. Request Method Setting: The statement `con.setRequestMethod(\"GET\");` is covered.\n7. Request Property Setting: The statement `con.setRequestProperty(\"User-Agent\", \"Mozilla\");` is covered.\n8. Input Stream Reader: The statement `BufferedReader in = new BufferedReader(new InputStreamReader(con.getInputStream()));` is covered.\n9. While Loop Execution: The while loop starts executing. The statement `while ((inputLine = in.readLine()) != null) {` is covered.\n10. Response Appending: The statement `response.append(inputLine);` is covered during the loop execution.\n11. Close BufferedReader: The statement `in.close();` is covered after the loop.\n12. Print Result: The statement `System.out.println(\"hi\"+response.toString());` is covered.\n13. Closing Brackets: Always covered.\n\nFinal code coverage of the Java program:\n\n> public class foo {\n> public void foo(){\n> String url = \"http://www.google.com/search?q=developer\";\n> URL obj = new URL(url);\n> HttpURLConnection con = (HttpURLConnection) obj.openConnection();\n> con.setRequestMethod(\"GET\");\n> con.setRequestProperty(\"User-Agent\", \"Mozilla\");\n> BufferedReader in = new BufferedReader(new InputStreamReader(con.getInputStream()));\n> String inputLine;\n> StringBuffer response = new StringBuffer();\n> while ((inputLine = in.readLine()) != null) {\n> response.append(inputLine);\n> }\n> in.close();\n> System.out.println(\"hi\"+response.toString());\n> }\n> }",
      "test_seed_coverage": [
        ">",
        ">",
        ">",
        ">",
        ">",
        ">",
        ">",
        ">",
        ">",
        ">",
        ">",
        ">",
        ">",
        ">",
        ">",
        ">",
        ">",
        ">",
        ">"
      ],
      "cumulative_coverage": [
        ">",
        ">",
        ">",
        ">",
        ">",
        ">",
        ">",
        ">",
        ">",
        ">",
        ">",
        ">",
        ">",
        ">",
        ">",
        ">",
        ">",
        ">",
        ">"
      ]
    },
    {
      "test_case": [
        "Test Case Input:\nint value = 10 % 0;"
      ],
      "test_mutations": [
        "Test Case Input:\nint value = 10 % 0;"
      ],
      "initial_code": "public class foo {\npublic void foo(){\nString url = \"http://www.google.com/search?q=developer\";\n        URL obj = new URL(url);\n        HttpURLConnection con = (HttpURLConnection) obj.openConnection();\n        //add reuqest header\n        con.setRequestMethod(\"GET\");\n        con.setRequestProperty(\"User-Agent\", \"Mozilla\");\n        BufferedReader in = new BufferedReader(new   InputStreamReader(con.getInputStream()));\n        String inputLine;\n        StringBuffer response = new StringBuffer();\n        while ((inputLine = in.readLine()) != null) {\n            response.append(inputLine);\n        }\n        in.close();\n        //print result\n        System.out.println(\"hi\"+response.toString());\n}\n}",
      "covered_code": "Plan for step by step execution of the given Java program and test case:\n\n1. Class Declaration: The class \"foo\" is declared. Statement \"public class foo {\" is covered.\n2. Method Declaration: The method \"foo()\" is declared. Statement \"public void foo(){\" is covered.\n3. URL and HttpURLConnection Creation: The URL and HttpURLConnection objects are created. Statements \"String url = \\\"http://www.google.com/search?q=developer\\\";\", \"URL obj = new URL(url);\", and \"HttpURLConnection con = (HttpURLConnection) obj.openConnection();\" are covered.\n4. Request Header Setup: The request method and user agent are set. Statements \"con.setRequestMethod(\\\"GET\\\");\" and \"con.setRequestProperty(\\\"User-Agent\\\", \\\"Mozilla\\\");\" are covered.\n5. BufferedReader Setup: The BufferedReader object is created to read input from the connection's input stream. Statements \"BufferedReader in = new BufferedReader(new InputStreamReader(con.getInputStream()));\" is covered.\n6. While Loop Execution: The while loop reads lines from the BufferedReader. The loop condition is evaluated, and the loop body is executed. Statement \"while ((inputLine = in.readLine()) != null) {\" is covered.\n7. Response Construction: The response is constructed by appending each line read from the BufferedReader. Statement \"response.append(inputLine);\" is covered.\n8. BufferedReader Closing: The BufferedReader is closed. Statement \"in.close();\" is covered.\n9. Result Printing: The result is printed to the console. Statement \"System.out.println(\\\"hi\\\"+response.toString());\" is covered.\n10. Closing Brackets: All closing brackets are covered.\n\nFinal code coverage of the Java program based on its test case and given step by step reasoning for execution is:\n\n> public class foo {\n> public void foo(){\n> String url = \"http://www.google.com/search?q=developer\";\n> URL obj = new URL(url);\n> HttpURLConnection con = (HttpURLConnection) obj.openConnection();\n> con.setRequestMethod(\"GET\");\n> con.setRequestProperty(\"User-Agent\", \"Mozilla\");\n> BufferedReader in = new BufferedReader(new InputStreamReader(con.getInputStream()));\n> String inputLine;\n> StringBuffer response = new StringBuffer();\n> while ((inputLine = in.readLine()) != null) {\n> response.append(inputLine);\n> }\n> in.close();\n> System.out.println(\"hi\"+response.toString());\n> }\n> }",
      "test_seed_coverage": [
        ">",
        ">",
        ">",
        ">",
        ">",
        ">",
        ">",
        ">",
        ">",
        ">",
        ">",
        ">",
        ">",
        ">",
        ">",
        ">",
        ">",
        ">",
        ">"
      ],
      "cumulative_coverage": [
        ">",
        ">",
        ">",
        ">",
        ">",
        ">",
        ">",
        ">",
        ">",
        ">",
        ">",
        ">",
        ">",
        ">",
        ">",
        ">",
        ">",
        ">",
        ">"
      ]
    },
    {
      "test_case": [
        "Test Case Input:\nint value = 10 / 0;"
      ],
      "test_mutations": [
        "Test Case Input:\nint value = 10 / 0;"
      ],
      "initial_code": "public class foo {\npublic void foo(){\nString url = \"http://www.google.com/search?q=developer\";\n        URL obj = new URL(url);\n        HttpURLConnection con = (HttpURLConnection) obj.openConnection();\n        //add reuqest header\n        con.setRequestMethod(\"GET\");\n        con.setRequestProperty(\"User-Agent\", \"Mozilla\");\n        BufferedReader in = new BufferedReader(new   InputStreamReader(con.getInputStream()));\n        String inputLine;\n        StringBuffer response = new StringBuffer();\n        while ((inputLine = in.readLine()) != null) {\n            response.append(inputLine);\n        }\n        in.close();\n        //print result\n        System.out.println(\"hi\"+response.toString());\n}\n}",
      "covered_code": "Plan for step by step execution of the given Java program and test case:\n\n1. Class Declaration: Class declaration statements are executed. Statement `public class foo {` is covered.\n2. Method Declaration: Method declarations are executed when called. Statement `public void foo(){` is not covered since the method is not invoked in the test case.\n3. URL Assignment: The statement `String url = \"http://www.google.com/search?q=developer\";` is not covered as the method is not invoked.\n4. URL Object Creation: Statement `URL obj = new URL(url);` is not covered.\n5. HTTP Connection: Statement `HttpURLConnection con = (HttpURLConnection) obj.openConnection();` is not covered.\n6. Request Header: Statement `con.setRequestMethod(\"GET\");` and `con.setRequestProperty(\"User-Agent\", \"Mozilla\");` are not covered.\n7. BufferedReader Initialization: Statement `BufferedReader in = new BufferedReader(new InputStreamReader(con.getInputStream()));` is not covered.\n8. Reading Input: The while loop `while ((inputLine = in.readLine()) != null) {` and its contents are not covered.\n9. Close BufferedReader: Statement `in.close();` is not covered.\n10. Print Result: Statement `System.out.println(\"hi\"+response.toString());` is not covered.\n11. Closing Brackets: Closing brackets are always covered.\n\nFinal code coverage of the Java program based on its test case and given step-by-step reasoning for execution is:\n\n```java\n> public class foo {\n! public void foo(){\n! String url = \"http://www.google.com/search?q=developer\";\n! URL obj = new URL(url);\n! HttpURLConnection con = (HttpURLConnection) obj.openConnection();\n! //add reuqest header\n! con.setRequestMethod(\"GET\");\n! con.setRequestProperty(\"User-Agent\", \"Mozilla\");\n! BufferedReader in = new BufferedReader(new   InputStreamReader(con.getInputStream()));\n! String inputLine;\n! StringBuffer response = new StringBuffer();\n! while ((inputLine = in.readLine()) != null) {\n!     response.append(inputLine);\n! }\n! in.close();\n! //print result\n! System.out.println(\"hi\"+response.toString());\n> }\n> }\n```",
      "test_seed_coverage": [
        ">",
        ">",
        ">",
        ">",
        ">",
        ">",
        ">",
        ">",
        ">",
        ">",
        ">",
        ">",
        ">",
        ">",
        ">",
        ">",
        ">",
        ">",
        ">"
      ],
      "cumulative_coverage": [
        ">",
        ">",
        ">",
        ">",
        ">",
        ">",
        ">",
        ">",
        ">",
        ">",
        ">",
        ">",
        ">",
        ">",
        ">",
        ">",
        ">",
        ">",
        ">"
      ]
    },
    {
      "test_case": [
        "Test Case Input:\nint a = 10.5;"
      ],
      "test_mutations": [
        "Test Case Input:\nint a = 10.5;"
      ],
      "initial_code": "public class foo {\npublic void foo(){\nString url = \"http://www.google.com/search?q=developer\";\n        URL obj = new URL(url);\n        HttpURLConnection con = (HttpURLConnection) obj.openConnection();\n        //add reuqest header\n        con.setRequestMethod(\"GET\");\n        con.setRequestProperty(\"User-Agent\", \"Mozilla\");\n        BufferedReader in = new BufferedReader(new   InputStreamReader(con.getInputStream()));\n        String inputLine;\n        StringBuffer response = new StringBuffer();\n        while ((inputLine = in.readLine()) != null) {\n            response.append(inputLine);\n        }\n        in.close();\n        //print result\n        System.out.println(\"hi\"+response.toString());\n}\n}",
      "covered_code": "PLAN for step by step execution of the given Java program and test case:\n\n1. Class Declaration: Class declaration statements are executed. Statement \"public class foo {\" is covered.\n2. Method Declaration: The constructor method \"public void foo() {\" is executed when an object of the class is created. \n3. URL Object Creation: The statement \"String url = 'http://www.google.com/search?q=developer';\" is executed.\n4. Create URL Object: The statement \"URL obj = new URL(url);\" is executed.\n5. Open Connection: The statement \"HttpURLConnection con = (HttpURLConnection) obj.openConnection();\" is executed.\n6. Set Request Properties: The statements \"con.setRequestMethod('GET');\" and \"con.setRequestProperty('User-Agent', 'Mozilla');\" are executed.\n7. BufferedReader Declaration: The statement \"BufferedReader in = new BufferedReader(new InputStreamReader(con.getInputStream()));\" is executed.\n8. While Loop Execution: Assuming the connection is successful, the while loop \"while ((inputLine = in.readLine()) != null) {\" is executed.\n9. Append to Response: The statement \"response.append(inputLine);\" within the while loop is executed.\n10. Close BufferedReader: The statement \"in.close();\" is executed.\n11. Print Response: The statement \"System.out.println('hi'+response.toString());\" is executed.\n12. Closing Brackets: Closing brackets for the method and class are covered.\n\nFinal code coverage of the Java program based on its test case and given step by step reasoning for execution is:\n\n> public class foo {\n> public void foo(){\n> String url = \"http://www.google.com/search?q=developer\";\n> URL obj = new URL(url);\n> HttpURLConnection con = (HttpURLConnection) obj.openConnection();\n> con.setRequestMethod(\"GET\");\n> con.setRequestProperty(\"User-Agent\", \"Mozilla\");\n> BufferedReader in = new BufferedReader(new InputStreamReader(con.getInputStream()));\n> String inputLine;\n> StringBuffer response = new StringBuffer();\n> while ((inputLine = in.readLine()) != null) {\n> response.append(inputLine);\n> }\n> in.close();\n> System.out.println(\"hi\"+response.toString());\n> }\n> }",
      "test_seed_coverage": [
        ">",
        ">",
        ">",
        ">",
        ">",
        ">",
        ">",
        ">",
        ">",
        ">",
        ">",
        ">",
        ">",
        ">",
        ">",
        ">",
        ">",
        ">",
        ">"
      ],
      "cumulative_coverage": [
        ">",
        ">",
        ">",
        ">",
        ">",
        ">",
        ">",
        ">",
        ">",
        ">",
        ">",
        ">",
        ">",
        ">",
        ">",
        ">",
        ">",
        ">",
        ">"
      ]
    },
    {
      "test_case": [
        "Test Case Input:\nString url = null;\nfoo f = new foo();\nf.foo();"
      ],
      "test_mutations": [
        "Test Case Input:\nString url = null;\nfoo f = new foo();\nf.foo();"
      ],
      "initial_code": "public class foo {\npublic void foo(){\nString url = \"http://www.google.com/search?q=developer\";\n        URL obj = new URL(url);\n        HttpURLConnection con = (HttpURLConnection) obj.openConnection();\n        //add reuqest header\n        con.setRequestMethod(\"GET\");\n        con.setRequestProperty(\"User-Agent\", \"Mozilla\");\n        BufferedReader in = new BufferedReader(new   InputStreamReader(con.getInputStream()));\n        String inputLine;\n        StringBuffer response = new StringBuffer();\n        while ((inputLine = in.readLine()) != null) {\n            response.append(inputLine);\n        }\n        in.close();\n        //print result\n        System.out.println(\"hi\"+response.toString());\n}\n}",
      "covered_code": "Plan for step by step execution of the given Java program and test case:\n\n1. Class Declaration: The class \"foo\" is declared. This statement is covered.\n2. Method Declaration: The method \"foo()\" is declared. This statement is covered.\n3. Method Invocation: The method \"foo()\" is invoked on an instance of the \"foo\" class. This statement is covered.\n4. URL Creation: The statement \"String url = 'http://www.google.com/search?q=developer';\" is executed and covered.\n5. URL Object Creation: The statement \"URL obj = new URL(url);\" will throw a \"MalformedURLException\" due to the \"URL\" class not being imported. Hence, this statement is not covered, and the subsequent lines are not executed.\n6. Closing Brackets: Closing brackets for method and class are always covered.\n\nFinal code coverage of the Java program based on its test case and given step by step reasoning for execution is:\n\n> public class foo {\n> public void foo(){\n> String url = \"http://www.google.com/search?q=developer\";\n!         URL obj = new URL(url);\n!         HttpURLConnection con = (HttpURLConnection) obj.openConnection();\n!         //add request header\n!         con.setRequestMethod(\"GET\");\n!         con.setRequestProperty(\"User-Agent\", \"Mozilla\");\n!         BufferedReader in = new BufferedReader(new   InputStreamReader(con.getInputStream()));\n!         String inputLine;\n!         StringBuffer response = new StringBuffer();\n!         while ((inputLine = in.readLine()) != null) {\n!             response.append(inputLine);\n!         }\n!         in.close();\n!         //print result\n!         System.out.println(\"hi\"+response.toString());\n> }\n> }",
      "test_seed_coverage": [
        ">",
        ">",
        ">",
        ">",
        ">",
        ">",
        ">",
        ">",
        ">",
        ">",
        ">",
        ">",
        ">",
        ">",
        ">",
        ">",
        ">",
        ">",
        ">"
      ],
      "cumulative_coverage": [
        ">",
        ">",
        ">",
        ">",
        ">",
        ">",
        ">",
        ">",
        ">",
        ">",
        ">",
        ">",
        ">",
        ">",
        ">",
        ">",
        ">",
        ">",
        ">"
      ]
    },
    {
      "test_case": [
        "Test Case Input:\nint value = 10.5;"
      ],
      "test_mutations": [
        "Test Case Input:\nint value = 10.5;"
      ],
      "initial_code": "public class foo {\npublic void foo(){\nString url = \"http://www.google.com/search?q=developer\";\n        URL obj = new URL(url);\n        HttpURLConnection con = (HttpURLConnection) obj.openConnection();\n        //add reuqest header\n        con.setRequestMethod(\"GET\");\n        con.setRequestProperty(\"User-Agent\", \"Mozilla\");\n        BufferedReader in = new BufferedReader(new   InputStreamReader(con.getInputStream()));\n        String inputLine;\n        StringBuffer response = new StringBuffer();\n        while ((inputLine = in.readLine()) != null) {\n            response.append(inputLine);\n        }\n        in.close();\n        //print result\n        System.out.println(\"hi\"+response.toString());\n}\n}",
      "covered_code": "Plan for step-by-step execution of the given Java program and test case:\n\n1. Class Declaration: The class declaration statement \"public class foo {\" is executed and covered.\n2. Method Declaration: The constructor \"public void foo() {\" is declared, but it is not executed because it is never called.\n3. URL Initialization: The statement \"String url = 'http://www.google.com/search?q=developer';\" is not executed because the method is never called.\n4. URL Object Creation: The statement \"URL obj = new URL(url);\" is not executed because the method is never called.\n5. HttpURLConnection Setup: The statement \"HttpURLConnection con = (HttpURLConnection) obj.openConnection();\" is not executed because the method is never called.\n6. Request Method Setting: The statement \"con.setRequestMethod('GET');\" is not executed because the method is never called.\n7. Request Property Setting: The statement \"con.setRequestProperty('User-Agent', 'Mozilla');\" is not executed because the method is never called.\n8. BufferedReader Initialization: The statement \"BufferedReader in = new BufferedReader(new InputStreamReader(con.getInputStream()));\" is not executed because the method is never called.\n9. While Loop for Reading Input: The while loop \"while ((inputLine = in.readLine()) != null) {\" is not executed because the method is never called.\n10. Response Appending: The statement \"response.append(inputLine);\" is not executed because the method is never called.\n11. BufferedReader Close: The statement \"in.close();\" is not executed because the method is never called.\n12. Print Result: The statement \"System.out.println('hi'+response.toString());\" is not executed because the method is never called.\n13. Closing Brackets: The closing brackets for the class and method are executed.\n\nFinal code coverage of the Java program based on its test case and given step-by-step reasoning for execution is:\n\n> public class foo {\n! public void foo(){\n! String url = \"http://www.google.com/search?q=developer\";\n!         URL obj = new URL(url);\n!         HttpURLConnection con = (HttpURLConnection) obj.openConnection();\n!         //add reuqest header\n!         con.setRequestMethod(\"GET\");\n!         con.setRequestProperty(\"User-Agent\", \"Mozilla\");\n!         BufferedReader in = new BufferedReader(new   InputStreamReader(con.getInputStream()));\n!         String inputLine;\n!         StringBuffer response = new StringBuffer();\n!         while ((inputLine = in.readLine()) != null) {\n!             response.append(inputLine);\n!         }\n!         in.close();\n!         //print result\n!         System.out.println(\"hi\"+response.toString());\n> }\n> }",
      "test_seed_coverage": [
        ">",
        ">",
        ">",
        ">",
        ">",
        ">",
        ">",
        ">",
        ">",
        ">",
        ">",
        ">",
        ">",
        ">",
        ">",
        ">",
        ">",
        ">",
        ">"
      ],
      "cumulative_coverage": [
        ">",
        ">",
        ">",
        ">",
        ">",
        ">",
        ">",
        ">",
        ">",
        ">",
        ">",
        ">",
        ">",
        ">",
        ">",
        ">",
        ">",
        ">",
        ">"
      ]
    },
    {
      "test_case": [
        "Test Case Input:\nint[] arr = new int[5];\nint value = arr[7];"
      ],
      "test_mutations": [
        "Test Case Input:\nint[] arr = new int[5];\nint value = arr[7];"
      ],
      "initial_code": "public class foo {\npublic void foo(){\nString url = \"http://www.google.com/search?q=developer\";\n        URL obj = new URL(url);\n        HttpURLConnection con = (HttpURLConnection) obj.openConnection();\n        //add reuqest header\n        con.setRequestMethod(\"GET\");\n        con.setRequestProperty(\"User-Agent\", \"Mozilla\");\n        BufferedReader in = new BufferedReader(new   InputStreamReader(con.getInputStream()));\n        String inputLine;\n        StringBuffer response = new StringBuffer();\n        while ((inputLine = in.readLine()) != null) {\n            response.append(inputLine);\n        }\n        in.close();\n        //print result\n        System.out.println(\"hi\"+response.toString());\n}\n}",
      "covered_code": "Plan for step-by-step execution of the given Java program and test case:\n\n1. Class Declaration: Class declaration statements are executed. Statement \"public class foo {\" is covered.\n2. Method Declaration: Method declarations are executed when called. Statement \"public void foo(){\" is covered.\n3. URL and HttpURLConnection Setup: Statements \"String url = \"http://www.google.com/search?q=developer\";\", \"URL obj = new URL(url);\", and \"HttpURLConnection con = (HttpURLConnection) obj.openConnection();\" are covered.\n4. Request Header Setup: Statement \"con.setRequestMethod(\"GET\");\" and \"con.setRequestProperty(\"User-Agent\", \"Mozilla\");\" are covered.\n5. BufferedReader Setup: Statement \"BufferedReader in = new BufferedReader(new InputStreamReader(con.getInputStream()));\" is covered.\n6. While Loop Execution: Since the loop reads from the input stream, statement \"while ((inputLine = in.readLine()) != null) {\" is covered.\n7. Reading Input Lines: Statements \"response.append(inputLine);\" are executed within the loop.\n8. Closing BufferedReader: Statement \"in.close();\" is covered.\n9. Print Result: Statement \"System.out.println(\"hi\"+response.toString());\" is covered.\n10. Closing Brackets: Always covered.\n\nFinal code coverage of the Java program based on its test case and given step-by-step reasoning for execution is:\n\n> public class foo {\n> public void foo(){\n> String url = \"http://www.google.com/search?q=developer\";\n> URL obj = new URL(url);\n> HttpURLConnection con = (HttpURLConnection) obj.openConnection();\n> con.setRequestMethod(\"GET\");\n> con.setRequestProperty(\"User-Agent\", \"Mozilla\");\n> BufferedReader in = new BufferedReader(new   InputStreamReader(con.getInputStream()));\n> String inputLine;\n> StringBuffer response = new StringBuffer();\n> while ((inputLine = in.readLine()) != null) {\n>     response.append(inputLine);\n> }\n> in.close();\n> System.out.println(\"hi\"+response.toString());\n> }\n> }",
      "test_seed_coverage": [
        ">",
        ">",
        ">",
        ">",
        ">",
        ">",
        ">",
        ">",
        ">",
        ">",
        ">",
        ">",
        ">",
        ">",
        ">",
        ">",
        ">",
        ">",
        ">"
      ],
      "cumulative_coverage": [
        ">",
        ">",
        ">",
        ">",
        ">",
        ">",
        ">",
        ">",
        ">",
        ">",
        ">",
        ">",
        ">",
        ">",
        ">",
        ">",
        ">",
        ">",
        ">"
      ]
    }
  ]
}