{
  "submission_id": "s045667758",
  "cycles": [
    {
      "test_case": [
        "Test Case Input:\n5\n3 1 4 2 5"
      ],
      "test_mutations": [
        "Test Case Input:\n5\n3 1 4 2 5"
      ],
      "initial_code": "import java.util.Scanner;\nimport java.util.Arrays;\nclass AOJ10029 {\n\tpublic static void main(String[] args){\n\t\tScanner scanner = new Scanner(System.in);\n\t\tint n = scanner.nextInt();\n\t\tint[] a = new int[n];\n\t\tfor (int i = 0; i < n; i++){\n\t\t\ta[i] = scanner.nextInt();\n\t\t}\n\t\tArrays.sort(a);\n\t\tfor (int i = 0; i < n; i++){\n\t\t\tif (i != 0) System.out.print(\" \");\n\t\t\tSystem.out.print(a[i]);\n\t\t}\n\t\tSystem.out.println(\"\");\n\t}\n}",
      "covered_code": "Given the Java program and the test case input \"5 3 1 4 2 5\", let's develop a plan for step-by-step execution to predict the code coverage:\n\n1. Import statements: Import statements are always executed. Statements \"import java.util.Scanner;\" and \"import java.util.Arrays;\" will be covered.\n   \n   > import java.util.Scanner;\n   > import java.util.Arrays;\n\n2. AOJ10029 Class Declaration: Always executed. Statement \"class AOJ10029 {\" is covered.\n\n   > class AOJ10029 {\n\n3. Main method declaration: Always executed. Statement \"public static void main(String[] args){\" is covered.\n\n   > public static void main(String[] args){\n\n4. User Input: Always executed. Statements \"Scanner scanner = new Scanner(System.in);\" and \"int n = scanner.nextInt();\" are covered.\n\n   > Scanner scanner = new Scanner(System.in);\n   > int n = scanner.nextInt();\n\n5. Array Declaration and Population through a for loop: Since n is 5, the for loop (i < n) condition is true, and the loop block will be executed. Statements \"int[] a = new int[n];\" and \"for (int i = 0; i < n; i++){\" including \"a[i] = scanner.nextInt();\" will be covered.\n\n   > int[] a = new int[n];\n   > for (int i = 0; i < n; i++){\n   >     a[i] = scanner.nextInt();\n   > }\n\n6. Arrays.sort(a): The sort method from the Arrays class is called on the array 'a', which will be executed.\n\n   > Arrays.sort(a);\n\n7. Second for loop and Conditional Printing: Since n is 5, the for loop (i < n) condition is true, and the loop block will be executed. The conditional \"if (i != 0)\" and its associated print statement \"System.out.print(\" \");\" will be executed for i values 1 to 4. The print statement \"System.out.print(a[i]);\" will be executed for all i values (0 to 4).\n\n   > for (int i = 0; i < n; i++){\n   >     if (i != 0) System.out.print(\" \");\n   >     System.out.print(a[i]);\n   > }\n\n8. Final Println: The statement \"System.out.println(\"\");\" is executed to move to a new line after printing all array elements.\n\n   > System.out.println(\"\");\n\n9. Closing Brackets: Always covered.\n\n   > }\n\nFinal code coverage of the Java program based on its test case and given step by step reasoning for execution is:\n\n> import java.util.Scanner;\n> import java.util.Arrays;\n> class AOJ10029 {\n>     public static void main(String[] args){\n>         Scanner scanner = new Scanner(System.in);\n>         int n = scanner.nextInt();\n>         int[] a = new int[n];\n>         for (int i = 0; i < n; i++){\n>             a[i] = scanner.nextInt();\n>         }\n>         Arrays.sort(a);\n>         for (int i = 0; i < n; i++){\n>             if (i != 0) System.out.print(\" \");\n>             System.out.print(a[i]);\n>         }\n>         System.out.println(\"\");\n>     }\n> }\n\nAll statements in the provided Java program are executed given the input \"5 3 1 4 2 5\", so there are no unexecuted statements (!) in this scenario.",
      "test_seed_coverage": [
        ">",
        ">",
        ">",
        ">",
        ">",
        ">",
        ">",
        ">",
        ">",
        ">",
        ">",
        ">",
        ">",
        ">",
        ">",
        ">",
        ">",
        ">",
        ">",
        ">",
        ">",
        ">",
        ">",
        ">",
        ">",
        ">",
        ">",
        ">",
        ">",
        ">",
        ">",
        ">",
        ">",
        ">",
        ">"
      ],
      "cumulative_coverage": [
        ">",
        ">",
        ">",
        ">",
        ">",
        ">",
        ">",
        ">",
        ">",
        ">",
        ">",
        ">",
        ">",
        ">",
        ">",
        ">",
        ">",
        ">",
        ">",
        ">",
        ">",
        ">",
        ">",
        ">",
        ">",
        ">",
        ">",
        ">",
        ">",
        ">",
        ">",
        ">",
        ">",
        ">",
        ">"
      ],
      "execution_output": "1",
      "cerberus_output": "",
      "execution_result": "",
      "test_case_id": "1"
    },
    {
      "test_case": [
        "Test Case Input:\n-5\n2\n4\n-1\n3"
      ],
      "test_mutations": [
        "Test Case Input:\n-5\n2\n4\n-1\n3"
      ],
      "initial_code": "import java.util.Scanner;\nimport java.util.Arrays;\nclass AOJ10029 {\n\tpublic static void main(String[] args){\n\t\tScanner scanner = new Scanner(System.in);\n\t\tint n = scanner.nextInt();\n\t\tint[] a = new int[n];\n\t\tfor (int i = 0; i < n; i++){\n\t\t\ta[i] = scanner.nextInt();\n\t\t}\n\t\tArrays.sort(a);\n\t\tfor (int i = 0; i < n; i++){\n\t\t\tif (i != 0) System.out.print(\" \");\n\t\t\tSystem.out.print(a[i]);\n\t\t}\n\t\tSystem.out.println(\"\");\n\t}\n}",
      "covered_code": "Given the test case input: -5, 2, 4, -1, 3, and analyzing the Java program provided, here's a step-by-step plan to predict code coverage:\n\n1. **Import statements**: Import statements for `java.util.Scanner` and `java.util.Arrays` are always executed. Statements will be covered.\n2. **Class Declaration**: The declaration of class `AOJ10029` is always executed.\n3. **Main method declaration**: The declaration of the `main` method is always executed.\n4. **User Input and Program Output**: The statements initializing `Scanner` and reading `n` are always executed. The initial array `a` creation and population through the loop will also be executed.\n5. **Arrays.sort call**: The call to `Arrays.sort(a)` is executed once the array is populated.\n6. **Second for loop for output**: The second loop for printing sorted array elements will be executed as well.\n7. **Condition within second for loop**: The `if` condition `if (i != 0)` is true for all iterations except the first one, so the associated print statement `System.out.print(\" \")` will be executed for all but the first iteration.\n\nBased on these steps, here's the code coverage:\n\n> import java.util.Scanner;\n> import java.util.Arrays;\n> class AOJ10029 {\n> \tpublic static void main(String[] args){\n> \t\tScanner scanner = new Scanner(System.in);\n> \t\tint n = scanner.nextInt();\n> \t\tint[] a = new int[n];\n> \t\tfor (int i = 0; i < n; i++){\n> \t\t\ta[i] = scanner.nextInt();\n> \t\t}\n> \t\tArrays.sort(a);\n> \t\tfor (int i = 0; i < n; i++){\n> \t\t\tif (i != 0) \n>               System.out.print(\" \");\n> \t\t\tSystem.out.print(a[i]);\n> \t\t}\n> \t\tSystem.out.println(\"\");\n> \t}\n> }\n\n**Output**:\nAll statements in the program are executed based on the given test case input. There's no condition or path in the given program that would not be covered by the provided input. The program sorts the input numbers and prints them in ascending order, with spaces between them as per the condition inside the second for loop. No exceptions are raised given the nature of the inputs and operations involved.",
      "test_seed_coverage": [
        ">",
        ">",
        ">",
        ">",
        ">",
        ">",
        ">",
        ">",
        ">",
        ">",
        ">",
        ">",
        ">",
        ">",
        ">",
        ">",
        ">",
        ">",
        ">"
      ],
      "cumulative_coverage": [
        ">",
        ">",
        ">",
        ">",
        ">",
        ">",
        ">",
        ">",
        ">",
        ">",
        ">",
        ">",
        ">",
        ">",
        ">",
        ">",
        ">",
        ">",
        ">"
      ],
      "execution_output": "-250",
      "cerberus_output": "",
      "execution_result": "",
      "test_case_id": "2"
    },
    {
      "test_case": [
        "Test Case Input:\n3\n1\n2\n3"
      ],
      "test_mutations": [
        "Test Case Input:\n3\n1\n2\n3"
      ],
      "initial_code": "import java.util.Scanner;\nimport java.util.Arrays;\nclass AOJ10029 {\n\tpublic static void main(String[] args){\n\t\tScanner scanner = new Scanner(System.in);\n\t\tint n = scanner.nextInt();\n\t\tint[] a = new int[n];\n\t\tfor (int i = 0; i < n; i++){\n\t\t\ta[i] = scanner.nextInt();\n\t\t}\n\t\tArrays.sort(a);\n\t\tfor (int i = 0; i < n; i++){\n\t\t\tif (i != 0) System.out.print(\" \");\n\t\t\tSystem.out.print(a[i]);\n\t\t}\n\t\tSystem.out.println(\"\");\n\t}\n}",
      "covered_code": "Given the code snippet and test case input, let's develop a plan for step-by-step execution to predict the code coverage. The test case input is '3\\n1\\n2\\n3'.\n\nPLAN for step by step execution:\n\n1. **Import Statements**: Both import statements for Scanner and Arrays are always executed, so these lines are covered.\n\n2. **Class Declaration**: The class declaration `class AOJ10029 {` is always executed, so this line is covered.\n\n3. **Main Method Declaration**: The declaration of the main method `public static void main(String[] args){` is always executed, so this line is covered.\n\n4. **User Input for `n`**: The statement `int n = scanner.nextInt();` reads the first part of the input (which is 3 in this case), indicating the size of the array. This line is covered.\n\n5. **Array Declaration and Population**: The declaration of the array `int[] a = new int[n];` and the subsequent for loop that populates the array are executed, covering the lines `for (int i = 0; i < n; i++){ a[i] = scanner.nextInt(); }`.\n\n6. **Arrays.sort(a)**: The sorting of the array using `Arrays.sort(a);` is executed, so this line is covered.\n\n7. **Printing the Sorted Array**: The second for loop, which iterates through the sorted array to print its elements, is executed fully. All related statements within this loop, including the conditional check for printing a space before all elements except the first, are covered.\n\nBased on the above execution plan, here's the code coverage:\n\n```java\n> import java.util.Scanner;\n> import java.util.Arrays;\n> class AOJ10029 {\n> \tpublic static void main(String[] args){\n> \t\tScanner scanner = new Scanner(System.in);\n> \t\tint n = scanner.nextInt();\n> \t\tint[] a = new int[n];\n> \t\tfor (int i = 0; i < n; i++){\n> \t\t\ta[i] = scanner.nextInt();\n> \t\t}\n> \t\tArrays.sort(a);\n> \t\tfor (int i = 0; i < n; i++){\n> \t\t\tif (i != 0) System.out.print(\" \");\n> \t\t\tSystem.out.print(a[i]);\n> \t\t}\n> \t\tSystem.out.println(\"\");\n> \t}\n> }\n```\nAll lines of code in the given Java program are executed based on the input '3\\n1\\n2\\n3', achieving 100% code coverage for this specific test case.",
      "test_seed_coverage": [
        ">",
        ">",
        ">",
        ">",
        ">",
        ">",
        ">",
        ">",
        ">",
        ">",
        ">",
        ">",
        ">",
        ">",
        ">",
        ">",
        ">",
        ">"
      ],
      "cumulative_coverage": [
        ">",
        ">",
        ">",
        ">",
        ">",
        ">",
        ">",
        ">",
        ">",
        ">",
        ">",
        ">",
        ">",
        ">",
        ">",
        ">",
        ">",
        ">"
      ],
      "execution_output": "27",
      "cerberus_output": "",
      "execution_result": "",
      "test_case_id": "3"
    },
    {
      "test_case": [
        "Test Case Input:\n\"abc\" 1 2 3"
      ],
      "test_mutations": [
        "Test Case Input:\n\"abc\" 1 2 3"
      ],
      "initial_code": "import java.util.Scanner;\nimport java.util.Arrays;\nclass AOJ10029 {\n\tpublic static void main(String[] args){\n\t\tScanner scanner = new Scanner(System.in);\n\t\tint n = scanner.nextInt();\n\t\tint[] a = new int[n];\n\t\tfor (int i = 0; i < n; i++){\n\t\t\ta[i] = scanner.nextInt();\n\t\t}\n\t\tArrays.sort(a);\n\t\tfor (int i = 0; i < n; i++){\n\t\t\tif (i != 0) System.out.print(\" \");\n\t\t\tSystem.out.print(a[i]);\n\t\t}\n\t\tSystem.out.println(\"\");\n\t}\n}",
      "covered_code": "Given the test case input `[\"abc\" 1 2 3]`, the plan for step by step execution of the Java program is as follows:\n\n1. Import statements:\n   - Statement `import java.util.Scanner;` and `import java.util.Arrays;` will be covered.\n   \n2. Class Declaration:\n   - Statement `class AOJ10029 {` is always executed.\n\n3. Main method declaration:\n   - Statement `public static void main(String[] args){` is always executed.\n   \n4. User Input:\n   - Since the first input expected is an integer (for `n`), attempting to read `\"abc\"` as an integer will cause an exception. Statements `Scanner scanner = new Scanner(System.in);` and `int n = scanner.nextInt();` are executed, but the execution will fail at reading `n`, raising an `InputMismatchException`.\n\nGiven this, the coverage plan and outcome, based on the given test case input, would be as follows:\n\n1. Import statements are executed:\n   > `import java.util.Scanner;`\n   > `import java.util.Arrays;`\n   \n2. Class declaration is executed:\n   > `class AOJ10029 {`\n\n3. Main method declaration is executed:\n   > `public static void main(String[] args){`\n\n4. Reading the integer `n` fails due to a mismatch of input type:\n   > `Scanner scanner = new Scanner(System.in);`\n   > `int n = scanner.nextInt();` (InputMismatchException is thrown here due to trying to read `\"abc\"` as an integer)\n\nSince the exception is thrown at the attempt to read `n`, none of the following statements are executed:\n\n! `int[] a = new int[n];`\n! `for (int i = 0; i < n; i++){`\n! `a[i] = scanner.nextInt();`\n! `Arrays.sort(a);`\n! `for (int i = 0; i < n; i++){`\n! `if (i != 0) System.out.print(\" \");`\n! `System.out.print(a[i]);`\n! `System.out.println(\"\");`\n\nOUTPUT:\n`Error: InputMismatchException`\n\nThis output indicates that the program will terminate prematurely with an `InputMismatchException` due to trying to read the string `\"abc\"` as an integer, resulting in no further code execution beyond the attempt to read `n`.",
      "test_seed_coverage": [
        ">",
        ">",
        ">",
        ">",
        ">",
        ">",
        ">",
        ">",
        ">",
        ">",
        ">",
        ">",
        ">",
        ">",
        ">",
        ">",
        ">",
        ">"
      ],
      "cumulative_coverage": [
        ">",
        ">",
        ">",
        ">",
        ">",
        ">",
        ">",
        ">",
        ">",
        ">",
        ">",
        ">",
        ">",
        ">",
        ">",
        ">",
        ">",
        ">"
      ],
      "execution_error": "Exception in thread \"main\" java.util.InputMismatchException\n\tat java.base/java.util.Scanner.throwFor(Scanner.java:947)\n\tat java.base/java.util.Scanner.next(Scanner.java:1602)\n\tat java.base/java.util.Scanner.nextLong(Scanner.java:2382)\n\tat java.base/java.util.Scanner.nextLong(Scanner.java:2337)\n\tat Main.main(Main.java:5)",
      "cerberus_output": "InputMismatchException",
      "execution_result": "InputMismatchException",
      "test_case_id": "4"
    },
    {
      "test_case": [
        "Test Case Input:\n5\n1\n2\n3\n4\n5"
      ],
      "test_mutations": [
        "Test Case Input:\n5\n1\n2\n3\n4\n5"
      ],
      "initial_code": "import java.util.Scanner;\nimport java.util.Arrays;\nclass AOJ10029 {\n\tpublic static void main(String[] args){\n\t\tScanner scanner = new Scanner(System.in);\n\t\tint n = scanner.nextInt();\n\t\tint[] a = new int[n];\n\t\tfor (int i = 0; i < n; i++){\n\t\t\ta[i] = scanner.nextInt();\n\t\t}\n\t\tArrays.sort(a);\n\t\tfor (int i = 0; i < n; i++){\n\t\t\tif (i != 0) System.out.print(\" \");\n\t\t\tSystem.out.print(a[i]);\n\t\t}\n\t\tSystem.out.println(\"\");\n\t}\n}",
      "covered_code": "Given the test case input and the Java program, let's develop a plan for step by step execution and predict the code coverage.\n\n### Test Case Input:\n```\n5\n1\n2\n3\n4\n5\n```\n\n### Java Program:\n```java\nimport java.util.Scanner;\nimport java.util.Arrays;\nclass AOJ10029 {\n\tpublic static void main(String[] args){\n\t\tScanner scanner = new Scanner(System.in);\n\t\tint n = scanner.nextInt();\n\t\tint[] a = new int[n];\n\t\tfor (int i = 0; i < n; i++){\n\t\t\ta[i] = scanner.nextInt();\n\t\t}\n\t\tArrays.sort(a);\n\t\tfor (int i = 0; i < n; i++){\n\t\t\tif (i != 0) System.out.print(\" \");\n\t\t\tSystem.out.print(a[i]);\n\t\t}\n\t\tSystem.out.println(\"\");\n\t}\n}\n```\n\n### Plan of Step by Step Execution:\n\n1. **Import Statements**: Always executed. Statements `import java.util.Scanner;` and `import java.util.Arrays;` will be covered.\n2. **Class Declaration**: Always executed. Statement `class AOJ10029 {` is covered.\n3. **Main method declaration**: Always executed. Statement `public static void main(String[] args){` is covered.\n4. **User Input and Program Initialization**: Always executed. Statements `Scanner scanner = new Scanner(System.in);`, `int n = scanner.nextInt();`, and `int[] a = new int[n];` are covered.\n5. **For loop for input array**: Since n is 5, the for loop condition `(i < n)` is true, and the loop block will be executed. Statement `for (int i = 0; i < n; i++){` and inside block `a[i] = scanner.nextInt();` are covered.\n6. **Arrays.sort() method call**: Always executed. Statement `Arrays.sort(a);` is covered.\n7. **For loop for printing sorted array**: Since n is 5, the for loop condition `(i < n)` is true, and the loop block will be executed. Statement `for (int i = 0; i < n; i++){` and inside block `if (i != 0) System.out.print(\" \");`, `System.out.print(a[i]);` are covered.\n8. **New line after printing array**: Always executed. Statement `System.out.println(\"\");` is covered.\n\n### Final Code Coverage:\n```java\n> import java.util.Scanner;\n> import java.util.Arrays;\n> class AOJ10029 {\n> \tpublic static void main(String[] args){\n> \t\tScanner scanner = new Scanner(System.in);\n> \t\tint n = scanner.nextInt();\n> \t\tint[] a = new int[n];\n> \t\tfor (int i = 0; i < n; i++){\n> \t\t\ta[i] = scanner.nextInt();\n> \t\t}\n> \t\tArrays.sort(a);\n> \t\tfor (int i = 0; i < n; i++){\n> \t\t\tif (i != 0) System.out.print(\" \");\n> \t\t\tSystem.out.print(a[i]);\n> \t\t}\n> \t\tSystem.out.println(\"\");\n> \t}\n> }\n```\n\n**All lines of the given Java program are executed with the provided test case input.**",
      "test_seed_coverage": [
        ">",
        ">",
        ">",
        ">",
        ">",
        ">",
        ">",
        ">",
        ">",
        ">",
        ">",
        ">",
        ">",
        ">",
        ">",
        ">",
        ">",
        ">"
      ],
      "cumulative_coverage": [
        ">",
        ">",
        ">",
        ">",
        ">",
        ">",
        ">",
        ">",
        ">",
        ">",
        ">",
        ">",
        ">",
        ">",
        ">",
        ">",
        ">",
        ">"
      ],
      "execution_output": "125",
      "cerberus_output": "",
      "execution_result": "",
      "test_case_id": "5"
    },
    {
      "test_case": [
        "Test Case Input:\n-5\n4\n2\n0\n6\n3"
      ],
      "test_mutations": [
        "Test Case Input:\n-5\n4\n2\n0\n6\n3"
      ],
      "initial_code": "import java.util.Scanner;\nimport java.util.Arrays;\nclass AOJ10029 {\n\tpublic static void main(String[] args){\n\t\tScanner scanner = new Scanner(System.in);\n\t\tint n = scanner.nextInt();\n\t\tint[] a = new int[n];\n\t\tfor (int i = 0; i < n; i++){\n\t\t\ta[i] = scanner.nextInt();\n\t\t}\n\t\tArrays.sort(a);\n\t\tfor (int i = 0; i < n; i++){\n\t\t\tif (i != 0) System.out.print(\" \");\n\t\t\tSystem.out.print(a[i]);\n\t\t}\n\t\tSystem.out.println(\"\");\n\t}\n}",
      "covered_code": "Based on the provided code snippet, test case input, and the plan format, let's develop a plan for step-by-step execution and predict the code coverage for the Java program.\n\n**Test Case Input:**\n-5\n4\n2\n0\n6\n3\n\n### Plan for Step by Step Execution:\n\n1. **Import Statements:**\n   - Import statements are always executed. Statements \"import java.util.Scanner;\" and \"import java.util.Arrays;\" will be covered.\n\n2. **Class Declaration:**\n   - The class declaration \"class AOJ10029 {\" is always executed.\n\n3. **Main Method Declaration:**\n   - The declaration of the main method \"public static void main(String[] args){\" is always executed.\n\n4. **User Input:**\n   - The user input statements \"Scanner scanner = new Scanner(System.in);\" and \"int n = scanner.nextInt();\" are always executed.\n\n5. **Array Declaration and Population:**\n   - The array declaration \"int[] a = new int[n];\" and the for loop for populating the array \"for (int i = 0; i < n; i++){\" along with \"a[i] = scanner.nextInt();\" inside the loop are executed.\n\n6. **Arrays.sort() Method Call:**\n   - The call to \"Arrays.sort(a);\" to sort the array is executed.\n\n7. **Output Loop:**\n   - The for loop for output \"for (int i = 0; i < n; i++){\" and the contents within, including the conditional statement \"if (i != 0)\" and the print statements, are executed.\n\n### Code Coverage Prediction:\n\n```\n> import java.util.Scanner;\n> import java.util.Arrays;\n> class AOJ10029 {\n>   public static void main(String[] args){\n>       Scanner scanner = new Scanner(System.in);\n>       int n = scanner.nextInt();\n>       int[] a = new int[n];\n>       for (int i = 0; i < n; i++){\n>           a[i] = scanner.nextInt();\n>       }\n>       Arrays.sort(a);\n>       for (int i = 0; i < n; i++){\n>           if (i != 0) System.out.print(\" \");\n>           System.out.print(a[i]);\n>       }\n>       System.out.println(\"\");\n>   }\n> }\n```\n\n**OUTPUT:**\n```\n-5 0 2 3 4 6\n```\n\nGiven the test case and the code snippet, every line of code is covered by the execution plan. There is no unexecuted line (no lines prefixed with `!`). The import statements, class declaration, main method declaration, user input handling, array sorting, and output generation are all executed as part of the test case provided.",
      "test_seed_coverage": [
        ">",
        ">",
        ">",
        ">",
        ">",
        ">",
        ">",
        ">",
        ">",
        ">",
        ">",
        ">",
        ">",
        ">",
        ">",
        ">",
        ">",
        ">"
      ],
      "cumulative_coverage": [
        ">",
        ">",
        ">",
        ">",
        ">",
        ">",
        ">",
        ">",
        ">",
        ">",
        ">",
        ">",
        ">",
        ">",
        ">",
        ">",
        ">",
        ">"
      ],
      "execution_output": "-16",
      "cerberus_output": "",
      "execution_result": "",
      "test_case_id": "6"
    },
    {
      "test_case": [
        "Test Case Input:\n-5\n2\n3\n6\n1\n4\n-8"
      ],
      "test_mutations": [
        "Test Case Input:\n-5\n2\n3\n6\n1\n4\n-8"
      ],
      "initial_code": "import java.util.Scanner;\nimport java.util.Arrays;\nclass AOJ10029 {\n\tpublic static void main(String[] args){\n\t\tScanner scanner = new Scanner(System.in);\n\t\tint n = scanner.nextInt();\n\t\tint[] a = new int[n];\n\t\tfor (int i = 0; i < n; i++){\n\t\t\ta[i] = scanner.nextInt();\n\t\t}\n\t\tArrays.sort(a);\n\t\tfor (int i = 0; i < n; i++){\n\t\t\tif (i != 0) System.out.print(\" \");\n\t\t\tSystem.out.print(a[i]);\n\t\t}\n\t\tSystem.out.println(\"\");\n\t}\n}",
      "covered_code": "For the given program and the test case input, we can develop a plan step by step to predict code coverage as follows:\n\n1. **Import Statements**: Import statements are always executed. Both \"import java.util.Scanner;\" and \"import java.util.Arrays;\" will be covered.\n2. **Class Declaration**: Always executed. The statement \"class AOJ10029 {\" is covered.\n3. **Main Method Declaration**: Always executed. The statement \"public static void main(String[] args){\" is covered.\n4. **Variable Declaration and Scanner Input**: Always executed. The statements \"Scanner scanner = new Scanner(System.in);\" and \"int n = scanner.nextInt();\" are covered.\n5. **Array Declaration and Population**: Since `n` is read from the input, the array `a` is declared and populated in a loop. These statements are executed.\n6. **Arrays.sort Method Call**: The sort method is called on the array `a`. This statement is executed.\n7. **Second For Loop and Output**: The second for loop is executed to print the sorted array elements with conditions. All statements inside this loop are executed.\n\nGiven the Test Case Input: `-5 2 3 6 1 4 -8`\n\nThe execution would be as follows:\n\n- `n = -5` (This is actually an invalid input for the array size since array sizes cannot be negative. However, for the sake of proceeding with the given test case as if ignoring the logical error with the negative array size, we will follow the rest of the plan. In a real scenario, this would result in a `NegativeArraySizeException` at runtime when trying to create the array `a`.)\n- Populates `a` with values `2 3 6 1 4 -8` (Given the negative `n`, this is where our plan diverges from actual execution as the code cannot proceed past the array initialization with a negative size. For the purpose of coverage analysis, we assume the input was meant to be positive or the rest of the input is handled hypothetically.)\n- Calls `Arrays.sort(a)`\n- Executes the second for loop to print the sorted array\n\nAssuming the negative array size was a mistake and meant to be positive (for the purpose of theoretical code coverage analysis), the expected code coverage would be as follows:\n\n> import java.util.Scanner;\n> import java.util.Arrays;\n> class AOJ10029 {\n>    public static void main(String[] args){\n>        Scanner scanner = new Scanner(System.in);\n>        int n = scanner.nextInt();\n>        int[] a = new int[n];\n>        for (int i = 0; i < n; i++){\n>            a[i] = scanner.nextInt();\n>        }\n>        Arrays.sort(a);\n>        for (int i = 0; i < n; i++){\n>            if (i != 0) System.out.print(\" \");\n>            System.out.print(a[i]);\n>        }\n>        System.out.println(\"\");\n>    }\n> }\n\n**Note**: The actual execution would result in a `NegativeArraySizeException` at runtime due to the negative array size, making most of the code unreachable in a real execution scenario. This analysis proceeds by theoretically assuming the input was intended to be positive or handling the rest of the input hypothetically.",
      "test_seed_coverage": [
        ">",
        ">",
        ">",
        ">",
        ">",
        ">",
        ">",
        ">",
        ">",
        ">",
        ">",
        ">",
        ">",
        ">",
        ">",
        ">",
        ">",
        ">"
      ],
      "cumulative_coverage": [
        ">",
        ">",
        ">",
        ">",
        ">",
        ">",
        ">",
        ">",
        ">",
        ">",
        ">",
        ">",
        ">",
        ">",
        ">",
        ">",
        ">",
        ">"
      ],
      "execution_output": "-250",
      "cerberus_output": "NegativeArraySizeException",
      "execution_result": "",
      "test_case_id": "7"
    },
    {
      "test_case": [
        "Test Case Input:\na\n1\n2\n3"
      ],
      "test_mutations": [
        "Test Case Input:\na\n1\n2\n3"
      ],
      "initial_code": "import java.util.Scanner;\nimport java.util.Arrays;\nclass AOJ10029 {\n\tpublic static void main(String[] args){\n\t\tScanner scanner = new Scanner(System.in);\n\t\tint n = scanner.nextInt();\n\t\tint[] a = new int[n];\n\t\tfor (int i = 0; i < n; i++){\n\t\t\ta[i] = scanner.nextInt();\n\t\t}\n\t\tArrays.sort(a);\n\t\tfor (int i = 0; i < n; i++){\n\t\t\tif (i != 0) System.out.print(\" \");\n\t\t\tSystem.out.print(a[i]);\n\t\t}\n\t\tSystem.out.println(\"\");\n\t}\n}",
      "covered_code": "Given the test case input and the Java program, let's develop a plan for step-by-step execution to predict the code coverage. The test case input indicates that the user will enter 'a' as the first input, which is invalid since the program expects an integer value for `n`. This will likely result in an `InputMismatchException` when attempting to read `n` as an integer. \n\nPLAN for step by step execution:\n\n1. Import statements: Always executed. Statements \"import java.util.Scanner;\" and \"import java.util.Arrays;\" will be covered.\n2. AOJ10029 Class Declaration: Always executed. Statement \"class AOJ10029 {\" is covered.\n3. Main method declaration: Always executed. Statement \"public static void main(String[] args){\" is covered.\n4. User Input for `n`: Attempted execution. The statement \"int n = scanner.nextInt();\" will be executed but will fail due to the input 'a', which is not an integer. This will raise an `InputMismatchException`.\n5. Array declaration and population: Not executed since the program will terminate or throw an exception before it can proceed to this step.\n6. Sorting the array: Not executed since the array population step is not reached.\n7. Printing the sorted array: Not executed since the sorting step is not reached.\n8. Closing brackets and end of class: Always considered in the structure but not explicitly executed code.\n\nGiven this plan, here is the expected code coverage and output considering the test case input provided:\n\n```\n> import java.util.Scanner;\n> import java.util.Arrays;\n> class AOJ10029 {\n> \tpublic static void main(String[] args){\n> \t\tScanner scanner = new Scanner(System.in);\n! \t\tint n = scanner.nextInt();  // This line attempts to execute but will fail due to input mismatch.\n! \t\tint[] a = new int[n];  // Not executed due to exception in the previous line.\n! \t\tfor (int i = 0; i < n; i++){  // Not executed due to exception in the previous line.\n! \t\t\ta[i] = scanner.nextInt();  // Not executed due to exception in the previous line.\n! \t\t}\n! \t\tArrays.sort(a);  // Not executed due to exception in the previous line.\n! \t\tfor (int i = 0; i < n; i++){  // Not executed due to exception in the previous line.\n! \t\t\tif (i != 0) System.out.print(\" \");  // Not executed due to exception in the previous line.\n! \t\t\tSystem.out.print(a[i]);  // Not executed due to exception in the previous line.\n! \t\t}\n! \t\tSystem.out.println(\"\");  // Not executed due to exception in the previous line.\n> \t}\n> }\n```\n\nOUTPUT:\nError: InputMismatchException\n\nThis plan and coverage indicate that the program does not proceed beyond attempting to read the first non-integer input, leading to an exception and preventing any further execution.",
      "test_seed_coverage": [
        ">",
        ">",
        ">",
        ">",
        ">",
        ">",
        ">",
        ">",
        ">",
        ">",
        ">",
        ">",
        ">",
        ">",
        ">",
        ">",
        ">",
        ">"
      ],
      "cumulative_coverage": [
        ">",
        ">",
        ">",
        ">",
        ">",
        ">",
        ">",
        ">",
        ">",
        ">",
        ">",
        ">",
        ">",
        ">",
        ">",
        ">",
        ">",
        ">"
      ],
      "execution_error": "Exception in thread \"main\" java.util.InputMismatchException\n\tat java.base/java.util.Scanner.throwFor(Scanner.java:947)\n\tat java.base/java.util.Scanner.next(Scanner.java:1602)\n\tat java.base/java.util.Scanner.nextLong(Scanner.java:2382)\n\tat java.base/java.util.Scanner.nextLong(Scanner.java:2337)\n\tat Main.main(Main.java:5)",
      "cerberus_output": "InputMismatchException",
      "execution_result": "InputMismatchException",
      "test_case_id": "8"
    },
    {
      "test_case": [
        "Test Case Input:\n3\n1\n2\n3"
      ],
      "test_mutations": [
        "Test Case Input:\n3\n1\n2\n3"
      ],
      "initial_code": "import java.util.Scanner;\nimport java.util.Arrays;\nclass AOJ10029 {\n\tpublic static void main(String[] args){\n\t\tScanner scanner = new Scanner(System.in);\n\t\tint n = scanner.nextInt();\n\t\tint[] a = new int[n];\n\t\tfor (int i = 0; i < n; i++){\n\t\t\ta[i] = scanner.nextInt();\n\t\t}\n\t\tArrays.sort(a);\n\t\tfor (int i = 0; i < n; i++){\n\t\t\tif (i != 0) System.out.print(\" \");\n\t\t\tSystem.out.print(a[i]);\n\t\t}\n\t\tSystem.out.println(\"\");\n\t}\n}",
      "covered_code": "Given the input and the Java program, let's develop a plan for step by step execution to predict the code coverage:\n\n1. Import Statements: Import statements for Scanner and Arrays classes are always executed. Statement \"import java.util.Scanner;\" and \"import java.util.Arrays;\" will be covered.\n\n2. AOJ10029 Class Declaration: The declaration of the class AOJ10029 is always executed.\n\n3. Main method declaration: The declaration of the main method is always executed.\n\n4. Scanner object creation and user input for 'n': The statements for creating a Scanner object and reading the integer 'n' from user input are executed.\n\n5. Array 'a' declaration and initialization: The statement for declaring and initializing the array 'a' of size 'n' is executed.\n\n6. Filling the array with user inputs: The for loop for filling the array 'a' with user inputs will be executed for 'n' iterations. Given the input has 'n' = 3, this loop will run three times to fill the array with the values [1, 2, 3].\n\n7. Sorting the array: The call to Arrays.sort(a) is executed, which sorts the array.\n\n8. Printing the sorted array: The second for loop for printing the sorted array elements is executed for 'n' iterations. Since there's a condition \"if (i != 0) System.out.print(\" \");\" to print a space before all elements except the first, this condition will be satisfied for all iterations except the first one.\n\nGiven this plan, let's predict the code coverage:\n\n```\n> import java.util.Scanner;\n> import java.util.Arrays;\n> class AOJ10029 {\n>     public static void main(String[] args){\n>         Scanner scanner = new Scanner(System.in);\n>         int n = scanner.nextInt();\n>         int[] a = new int[n];\n>         for (int i = 0; i < n; i++){\n>             a[i] = scanner.nextInt();\n>         }\n>         Arrays.sort(a);\n>         for (int i = 0; i < n; i++){\n>             if (i != 0) \n>                 System.out.print(\" \");\n>             System.out.print(a[i]);\n>         }\n>         System.out.println(\"\");\n>     }\n> }\n```\n\nAll the statements in this given Java program are executed based on the test case input provided. There are no unexecuted lines, and no exceptions are raised based on the input and the program's functionality.",
      "test_seed_coverage": [
        ">",
        ">",
        ">",
        ">",
        ">",
        ">",
        ">",
        ">",
        ">",
        ">",
        ">",
        ">",
        ">",
        ">",
        ">",
        ">",
        ">",
        ">",
        ">"
      ],
      "cumulative_coverage": [
        ">",
        ">",
        ">",
        ">",
        ">",
        ">",
        ">",
        ">",
        ">",
        ">",
        ">",
        ">",
        ">",
        ">",
        ">",
        ">",
        ">",
        ">",
        ">"
      ],
      "execution_output": "27",
      "cerberus_output": "",
      "execution_result": "",
      "test_case_id": "9"
    },
    {
      "test_case": [
        "Test Case Input:\n\"abc\"\n5\n1\n2\n3\n4"
      ],
      "test_mutations": [
        "Test Case Input:\n\"abc\"\n5\n1\n2\n3\n4"
      ],
      "initial_code": "import java.util.Scanner;\nimport java.util.Arrays;\nclass AOJ10029 {\n\tpublic static void main(String[] args){\n\t\tScanner scanner = new Scanner(System.in);\n\t\tint n = scanner.nextInt();\n\t\tint[] a = new int[n];\n\t\tfor (int i = 0; i < n; i++){\n\t\t\ta[i] = scanner.nextInt();\n\t\t}\n\t\tArrays.sort(a);\n\t\tfor (int i = 0; i < n; i++){\n\t\t\tif (i != 0) System.out.print(\" \");\n\t\t\tSystem.out.print(a[i]);\n\t\t}\n\t\tSystem.out.println(\"\");\n\t}\n}",
      "covered_code": "Given the test case input `\"abc\"\\n5\\n1\\n2\\n3\\n4`, it's important to note that the Java program provided begins by attempting to read an integer value with `scanner.nextInt()`. However, the first input provided is a string `\"abc\"`, which is incompatible with the expected integer input. This incompatibility will cause a `java.util.InputMismatchException` at runtime when the program attempts to interpret the string `\"abc\"` as an integer. The detailed plan to predict code coverage and identify which lines of code are executed or not is as follows:\n\n1. **Import Statements**: The import statements for `java.util.Scanner` and `java.util.Arrays` are always executed as part of the class loading process.\n   - \\> import java.util.Scanner;\n   - \\> import java.util.Arrays;\n\n2. **Class Declaration**: The class declaration `class AOJ10029` is always considered executed since it defines the structure of the class.\n   - \\> class AOJ10029 {\n\n3. **Main Method Declaration**: The declaration of the `public static void main(String[] args)` method is always considered executed.\n   - \\> public static void main(String[] args){\n\n4. **Scanner Initialization**: The `Scanner` object is initialized to read input from `System.in`, which is always executed.\n   - \\> Scanner scanner = new Scanner(System.in);\n\n5. **Reading the first integer (`int n`)**: The program attempts to read the first integer `n` using `scanner.nextInt()`. However, the input provided is `\"abc\"`, which is not an integer. This will cause a `java.util.InputMismatchException` at runtime.\n   - ! int n = scanner.nextInt();\n\nThe execution of the program stops at this point due to the `java.util.InputMismatchException` caused by attempting to read `\"abc\"` as an integer. The subsequent lines of code are not executed because the exception interrupts the normal flow of the program.\n\n6. **Array Initialization**: Not executed due to the exception.\n   - ! int[] a = new int[n];\n\n7. **Populating the Array**: The loop for populating the array is not executed.\n   - ! for (int i = 0; i < n; i++){\n   - !     a[i] = scanner.nextInt();\n   - ! }\n\n8. **Sorting the Array**: The call to `Arrays.sort(a);` is not executed.\n   - ! Arrays.sort(a);\n\n9. **Printing the Sorted Array**: The loop for printing the sorted array is not executed.\n   - ! for (int i = 0; i < n; i++){\n   - !     if (i != 0) System.out.print(\" \");\n   - !     System.out.print(a[i]);\n   - ! }\n   - ! System.out.println(\"\");\n\n10. **Closing Bracket of the Main Method and Class**: Always considered executed as part of the syntax.\n    - \\> }\n\n**OUTPUT**: \nError: `java.util.InputMismatchException`\n\nThis plan illustrates that the program execution is immediately interrupted upon encountering the input mismatch error, leading to a significant portion of the code not being executed.",
      "test_seed_coverage": [
        ">",
        ">",
        ">",
        ">",
        ">",
        ">",
        ">",
        ">",
        ">",
        ">",
        ">",
        ">",
        ">",
        ">",
        ">",
        ">",
        ">",
        ">"
      ],
      "cumulative_coverage": [
        ">",
        ">",
        ">",
        ">",
        ">",
        ">",
        ">",
        ">",
        ">",
        ">",
        ">",
        ">",
        ">",
        ">",
        ">",
        ">",
        ">",
        ">"
      ],
      "execution_error": "Exception in thread \"main\" java.util.InputMismatchException\n\tat java.base/java.util.Scanner.throwFor(Scanner.java:947)\n\tat java.base/java.util.Scanner.next(Scanner.java:1602)\n\tat java.base/java.util.Scanner.nextLong(Scanner.java:2382)\n\tat java.base/java.util.Scanner.nextLong(Scanner.java:2337)\n\tat Main.main(Main.java:5)",
      "cerberus_output": "InputMismatchException",
      "execution_result": "InputMismatchException",
      "test_case_id": "10"
    },
    {
      "test_case": [
        "Test Case Input:\n3\n1\n2\n3"
      ],
      "test_mutations": [
        "Test Case Input:\n3\n1\n2\n3"
      ],
      "initial_code": "import java.util.Scanner;\nimport java.util.Arrays;\nclass AOJ10029 {\n\tpublic static void main(String[] args){\n\t\tScanner scanner = new Scanner(System.in);\n\t\tint n = scanner.nextInt();\n\t\tint[] a = new int[n];\n\t\tfor (int i = 0; i < n; i++){\n\t\t\ta[i] = scanner.nextInt();\n\t\t}\n\t\tArrays.sort(a);\n\t\tfor (int i = 0; i < n; i++){\n\t\t\tif (i != 0) System.out.print(\" \");\n\t\t\tSystem.out.print(a[i]);\n\t\t}\n\t\tSystem.out.println(\"\");\n\t}\n}",
      "covered_code": "Following the plan for step-by-step execution of the given Java program and test case:\n\n1. **Import Statements**: Both \"import java.util.Scanner;\" and \"import java.util.Arrays;\" are always executed.\n   > import java.util.Scanner;\n   > import java.util.Arrays;\n\n2. **Class Declaration**: Class declaration \"class AOJ10029 {\" is always executed.\n   > class AOJ10029 {\n\n3. **Main Method Declaration**: The declaration of the main method \"public static void main(String[] args){\" is always executed.\n   > public static void main(String[] args){\n\n4. **User Input for 'n'**: The statements for reading the first input 'n' are executed.\n   > Scanner scanner = new Scanner(System.in);\n   > int n = scanner.nextInt();\n\n5. **Array Declaration and Population**: As 'n' is not zero, the array 'a' is declared and populated based on user input in the loop.\n   > int[] a = new int[n];\n   > for (int i = 0; i < n; i++){\n   >     a[i] = scanner.nextInt();\n   > }\n\n6. **Arrays.sort Method**: The Arrays.sort method is called to sort the array 'a'.\n   > Arrays.sort(a);\n\n7. **For Loop for Output**: Since 'n' is greater than zero, the for loop for printing the sorted array will be executed.\n   > for (int i = 0; i < n; i++){\n   >     if (i != 0) System.out.print(\" \");\n   >     System.out.print(a[i]);\n   > }\n   > System.out.println(\"\");\n\n8. **Conditional Output**: The if condition within the for loop will be executed for every iteration except the first one, causing a space to be printed before every number except the first.\n   > if (i != 0) System.out.print(\" \");\n\n9. **Closing Brackets**: Always executed as part of the syntax.\n   > }\n\nFinal code coverage for the given Java program based on its test case and the execution plan is:\n\n> import java.util.Scanner;\n> import java.util.Arrays;\n> class AOJ10029 {\n>     public static void main(String[] args){\n>         Scanner scanner = new Scanner(System.in);\n>         int n = scanner.nextInt();\n>         int[] a = new int[n];\n>         for (int i = 0; i < n; i++){\n>             a[i] = scanner.nextInt();\n>         }\n>         Arrays.sort(a);\n>         for (int i = 0; i < n; i++){\n>             if (i != 0) System.out.print(\" \");\n>             System.out.print(a[i]);\n>         }\n>         System.out.println(\"\");\n>     }\n> }\n\nThe code coverage indicates that all lines of the provided code snippet are executed given the test case input '3\\n1\\n2\\n3'.",
      "test_seed_coverage": [
        ">",
        ">",
        ">",
        ">",
        ">",
        ">",
        ">",
        ">",
        ">",
        ">",
        ">",
        ">",
        ">",
        ">",
        ">",
        ">",
        ">",
        ">",
        ">",
        ">",
        ">",
        ">",
        ">",
        ">",
        ">",
        ">",
        ">",
        ">",
        ">",
        ">",
        ">",
        ">",
        ">",
        ">",
        ">",
        ">"
      ],
      "cumulative_coverage": [
        ">",
        ">",
        ">",
        ">",
        ">",
        ">",
        ">",
        ">",
        ">",
        ">",
        ">",
        ">",
        ">",
        ">",
        ">",
        ">",
        ">",
        ">",
        ">",
        ">",
        ">",
        ">",
        ">",
        ">",
        ">",
        ">",
        ">",
        ">",
        ">",
        ">",
        ">",
        ">",
        ">",
        ">",
        ">",
        ">"
      ],
      "execution_output": "27",
      "cerberus_output": "",
      "execution_result": "",
      "test_case_id": "11"
    },
    {
      "test_case": [
        "Test Case Input:\n3\n1\n2\n3"
      ],
      "test_mutations": [
        "Test Case Input:\n3\n1\n2\n3"
      ],
      "initial_code": "import java.util.Scanner;\nimport java.util.Arrays;\nclass AOJ10029 {\n\tpublic static void main(String[] args){\n\t\tScanner scanner = new Scanner(System.in);\n\t\tint n = scanner.nextInt();\n\t\tint[] a = new int[n];\n\t\tfor (int i = 0; i < n; i++){\n\t\t\ta[i] = scanner.nextInt();\n\t\t}\n\t\tArrays.sort(a);\n\t\tfor (int i = 0; i < n; i++){\n\t\t\tif (i != 0) System.out.print(\" \");\n\t\t\tSystem.out.print(a[i]);\n\t\t}\n\t\tSystem.out.println(\"\");\n\t}\n}",
      "covered_code": "Following the given plan format, let's create a plan for step-by-step execution of the provided Java program and the test case input \"3\\n1\\n2\\n3\" to predict the code coverage.\n\n1. **Import Statements**: The import statements for `java.util.Scanner` and `java.util.Arrays` are always executed.\n   > import java.util.Scanner;\n   > import java.util.Arrays;\n\n2. **Class Declaration**: The declaration of the class `AOJ10029` is always executed.\n   > class AOJ10029 {\n\n3. **Main Method Declaration**: The declaration of the `main` method is always executed.\n   > public static void main(String[] args){\n\n4. **User Input Initialization**: The scanner and reading of input `n` are always executed.\n   > Scanner scanner = new Scanner(System.in);\n   > int n = scanner.nextInt();\n\n5. **Array Initialization**: The initialization of array `a` of size `n` is always executed.\n   > int[] a = new int[n];\n\n6. **For Loop for Input**: The for loop for reading array elements is executed `n` times, given `n` is 3 in the test case.\n   > for (int i = 0; i < n; i++){\n   >     a[i] = scanner.nextInt();\n   > }\n\n7. **Arrays.sort() Call**: The call to `Arrays.sort(a);` is always executed.\n   > Arrays.sort(a);\n\n8. **Output For Loop**: The for loop for outputting the sorted array is executed `n` times, and since `n` is 3, it's always executed.\n   > for (int i = 0; i < n; i++){\n\n9. **If Condition within Output Loop**: The if condition for printing space is executed `n-1` times, as it checks `i != 0`.\n   > if (i != 0) System.out.print(\" \");\n\n10. **Printing Sorted Array Elements**: The command to print each element of the sorted array is executed `n` times.\n    > System.out.print(a[i]);\n\n11. **End of Program**: The printing of a newline at the end is always executed.\n    > System.out.println(\"\");\n\nBased on the plan, the code coverage for the Java program with the test case input \"3 1 2 3\" is:\n\n> import java.util.Scanner;\n> import java.util.Arrays;\n> class AOJ10029 {\n> \tpublic static void main(String[] args){\n> \t\tScanner scanner = new Scanner(System.in);\n> \t\tint n = scanner.nextInt();\n> \t\tint[] a = new int[n];\n> \t\tfor (int i = 0; i < n; i++){\n> \t\t\ta[i] = scanner.nextInt();\n> \t\t}\n> \t\tArrays.sort(a);\n> \t\tfor (int i = 0; i < n; i++){\n> \t\t\tif (i != 0) System.out.print(\" \");\n> \t\t\tSystem.out.print(a[i]);\n> \t\t}\n> \t\tSystem.out.println(\"\");\n> \t}\n> }\n\nAll statements in this program are executed with the given test case input \"3\\n1\\n2\\n3\".",
      "test_seed_coverage": [
        ">",
        ">",
        ">",
        ">",
        ">",
        ">",
        ">",
        ">",
        ">",
        ">",
        ">",
        ">",
        ">",
        ">",
        ">",
        ">",
        ">",
        ">",
        ">",
        ">",
        ">",
        ">",
        ">",
        ">",
        ">",
        ">",
        ">",
        ">",
        ">",
        ">",
        ">",
        ">",
        ">"
      ],
      "cumulative_coverage": [
        ">",
        ">",
        ">",
        ">",
        ">",
        ">",
        ">",
        ">",
        ">",
        ">",
        ">",
        ">",
        ">",
        ">",
        ">",
        ">",
        ">",
        ">",
        ">",
        ">",
        ">",
        ">",
        ">",
        ">",
        ">",
        ">",
        ">",
        ">",
        ">",
        ">",
        ">",
        ">",
        ">"
      ],
      "execution_output": "27",
      "cerberus_output": "",
      "execution_result": "",
      "test_case_id": "12"
    },
    {
      "test_case": [
        "Test Case Input:\n-3\n4\n2\n0\n-1"
      ],
      "test_mutations": [
        "Test Case Input:\n-3\n4\n2\n0\n-1"
      ],
      "initial_code": "import java.util.Scanner;\nimport java.util.Arrays;\nclass AOJ10029 {\n\tpublic static void main(String[] args){\n\t\tScanner scanner = new Scanner(System.in);\n\t\tint n = scanner.nextInt();\n\t\tint[] a = new int[n];\n\t\tfor (int i = 0; i < n; i++){\n\t\t\ta[i] = scanner.nextInt();\n\t\t}\n\t\tArrays.sort(a);\n\t\tfor (int i = 0; i < n; i++){\n\t\t\tif (i != 0) System.out.print(\" \");\n\t\t\tSystem.out.print(a[i]);\n\t\t}\n\t\tSystem.out.println(\"\");\n\t}\n}",
      "covered_code": "Given the test case input and the Java program, let's develop a plan for step by step execution and predict the code coverage:\n\n### Plan for Step by Step Execution\n\n1. **Import Statements**: Import statements are always executed.\n    - Statement `import java.util.Scanner;` and `import java.util.Arrays;` will be covered.\n\n2. **Class Declaration**: Always executed.\n    - Statement `class AOJ10029 {` is covered.\n\n3. **Main Method Declaration**: Always executed.\n    - Statement `public static void main(String[] args){` is covered.\n\n4. **User Input and Program Output**:\n    - Statement `Scanner scanner = new Scanner(System.in);` is covered.\n    - Statement `int n = scanner.nextInt();` is covered since it's getting the number of elements (-3 in this case, which is invalid as an array size but let's proceed with the given input for analysis).\n\n5. **Array Declaration and Initialization**:\n    - Statement `int[] a = new int[n];` will throw a `NegativeArraySizeException` since n is -3. Execution stops here, and subsequent lines are not executed.\n\n6. **For Loop for Array Input**: \n    - Would be covered if n was positive, but not in this case due to the exception before it.\n\n7. **Arrays.sort() Method Call**:\n    - Not executed due to the exception.\n\n8. **For Loop for Output**:\n    - Not executed due to the exception.\n\n9. **System.out.println(\"\")**:\n    - Not executed due to the exception.\n\n### Predicting Code Coverage\n\n```java\n> import java.util.Scanner;\n> import java.util.Arrays;\n> class AOJ10029 {\n>     public static void main(String[] args){\n>         Scanner scanner = new Scanner(System.in);\n>         int n = scanner.nextInt();\n!         int[] a = new int[n]; // This line causes NegativeArraySizeException due to negative array size.\n!         for (int i = 0; i < n; i++){\n!             a[i] = scanner.nextInt();\n!         }\n!         Arrays.sort(a);\n!         for (int i = 0; i < n; i++){\n!             if (i != 0) System.out.print(\" \");\n!             System.out.print(a[i]);\n!         }\n!         System.out.println(\"\");\n>     }\n> }\n```\n\n**OUTPUT:**  \nError: `NegativeArraySizeException`\n\nGiven that the test case input of -3 is invalid for an array size in Java, it leads to a `NegativeArraySizeException` at the point of attempting to initialize the array with a negative size. This scenario halts the program execution prematurely, resulting in no further lines of code being executed beyond the array initialization.",
      "test_seed_coverage": [
        ">",
        ">",
        ">",
        ">",
        ">",
        ">",
        ">",
        ">",
        ">",
        ">",
        ">",
        ">",
        ">",
        ">",
        ">",
        ">",
        ">",
        ">"
      ],
      "cumulative_coverage": [
        ">",
        ">",
        ">",
        ">",
        ">",
        ">",
        ">",
        ">",
        ">",
        ">",
        ">",
        ">",
        ">",
        ">",
        ">",
        ">",
        ">",
        ">"
      ],
      "execution_output": "-2",
      "cerberus_output": "NegativeArraySizeException",
      "execution_result": "",
      "test_case_id": "13"
    },
    {
      "test_case": [
        "Test Case Input:\na\n4\n2\n5\n3"
      ],
      "test_mutations": [
        "Test Case Input:\na\n4\n2\n5\n3"
      ],
      "initial_code": "import java.util.Scanner;\nimport java.util.Arrays;\nclass AOJ10029 {\n\tpublic static void main(String[] args){\n\t\tScanner scanner = new Scanner(System.in);\n\t\tint n = scanner.nextInt();\n\t\tint[] a = new int[n];\n\t\tfor (int i = 0; i < n; i++){\n\t\t\ta[i] = scanner.nextInt();\n\t\t}\n\t\tArrays.sort(a);\n\t\tfor (int i = 0; i < n; i++){\n\t\t\tif (i != 0) System.out.print(\" \");\n\t\t\tSystem.out.print(a[i]);\n\t\t}\n\t\tSystem.out.println(\"\");\n\t}\n}",
      "covered_code": "Given the test case input and the Java program, let's develop a plan for step-by-step execution and predict the code coverage.\n\nTest Case Input:\n```\na\n4\n2\n5\n3\n```\n\nThe input begins with a non-integer value (\"a\"), which will cause a `java.util.InputMismatchException` when the program attempts to read an integer value for `n` with `scanner.nextInt()`.\n\nPlan:\n1. **Import Statements:** Always executed. Both `import java.util.Scanner;` and `import java.util.Arrays;` will be covered.\n2. **Class Declaration:** Always executed. The declaration `class AOJ10029 {` is covered.\n3. **Main Method Declaration:** Always executed. The method signature `public static void main(String[] args){` is covered.\n4. **Scanner and Input:** The statement `Scanner scanner = new Scanner(System.in);` is executed. However, the program will fail at `int n = scanner.nextInt();` due to an input mismatch exception caused by the first input being a non-integer (\"a\").\n5. **Array Declaration and Initialization:** Since the program will terminate before reaching this point due to the exception, the statement `int[] a = new int[n];` will not be executed.\n6. **For Loop for Reading Inputs:** Will not be entered due to the premature termination of the program.\n7. **Arrays.sort Call:** Will not be executed because of the input mismatch exception.\n8. **For Loop for Output:** Will not be executed as well.\n9. **Closing Scanner:** Since the scanner is not explicitly closed in a finally block or similar construct, and the program will terminate due to an exception, the scanner's closure is not explicitly covered in the code.\n\nBased on this execution plan, the code coverage is as follows:\n\n> import java.util.Scanner;\n> import java.util.Arrays;\n> class AOJ10029 {\n> \tpublic static void main(String[] args){\n> \t\tScanner scanner = new Scanner(System.in);\n!\t\tint n = scanner.nextInt();\n!\t\tint[] a = new int[n];\n!\t\tfor (int i = 0; i < n; i++){\n!\t\t\ta[i] = scanner.nextInt();\n!\t\t}\n!\t\tArrays.sort(a);\n!\t\tfor (int i = 0; i < n; i++){\n!\t\t\tif (i != 0) System.out.print(\" \");\n!\t\t\tSystem.out.print(a[i]);\n!\t\t}\n!\t\tSystem.out.println(\"\");\n> \t}\n}\n\nOutput:\nError: `java.util.InputMismatchException`\n\nThe first non-integer input causes the program to raise an `InputMismatchException` at the attempt to read `n`, preventing any further code from executing.",
      "test_seed_coverage": [
        ">",
        ">",
        ">",
        ">",
        ">",
        ">",
        ">",
        ">",
        ">",
        ">",
        ">",
        ">",
        ">",
        ">",
        ">",
        ">",
        ">",
        ">"
      ],
      "cumulative_coverage": [
        ">",
        ">",
        ">",
        ">",
        ">",
        ">",
        ">",
        ">",
        ">",
        ">",
        ">",
        ">",
        ">",
        ">",
        ">",
        ">",
        ">",
        ">"
      ],
      "execution_error": "Exception in thread \"main\" java.util.InputMismatchException\n\tat java.base/java.util.Scanner.throwFor(Scanner.java:947)\n\tat java.base/java.util.Scanner.next(Scanner.java:1602)\n\tat java.base/java.util.Scanner.nextLong(Scanner.java:2382)\n\tat java.base/java.util.Scanner.nextLong(Scanner.java:2337)\n\tat Main.main(Main.java:5)",
      "cerberus_output": "InputMismatchException",
      "execution_result": "InputMismatchException",
      "test_case_id": "14"
    }
  ]
}