{
  "submission_id": "s078247147",
  "cycles": [
    {
      "test_case": [
        "Test Case Input:\n5 3\n()()\n\nExpected Output:\n3\n2\n1"
      ],
      "test_mutations": [
        "Test Case Input:\n5 3\n()()\n\nExpected Output:\n3\n2\n1"
      ],
      "initial_code": "import java.util.*;\nclass Main{\n    int n, m, sz;\n    char[] kakko;\n    int[] a, bkt, add;\n    void solve(){\n        Scanner sc = new Scanner(System.in);\n        n = sc.nextInt();\n        m = sc.nextInt();\n        kakko = sc.next().toCharArray();\n        sz = (int)Math.sqrt(n) - 1;\n        a = new int[n];\n        bkt = new int[n/sz+10];\n        add = new int[n/sz+10];\n        TreeSet<Integer> set = new TreeSet<Integer>();\n        for(int i=0; i<n; i++){\n            if(i==0) a[i] = 1;\n            else{\n                if(kakko[i]=='(') a[i] = a[i-1] + 1;\n                else{\n                    a[i] = a[i-1] - 1;\n                    set.add(new Integer(i));\n                }\n            }\n            bkt[i/sz] = Math.min(a[i], bkt[i/sz]);\n        }\n        for(int i=0; i<m; i++){\n            int q = sc.nextInt()-1;\n            int idx = 0;\n            if(kakko[q]=='('){\n                kakko[q] = ')';\n                set.add(new Integer(q));\n                add(q, n, -2);\n                idx = set.higher(new Integer(-1));\n                kakko[idx] = '(';\n                set.remove(new Integer(idx));\n                add(idx, n, 2);\n            }else{\n                kakko[q] = '(';\n                set.remove(new Integer(q));\n                add(q, n, 2);\n                idx = search(q);\n                kakko[idx] = ')';\n                add(idx, n, -2);\n                set.add(new Integer(idx));\n            }\n            System.out.println(idx+1);\n        }\n    }\n    void add(int start, int last, int num){\n        int from = start - start%sz;\n        int to = from + sz;\n        for(int i=start/sz; i<=last/sz; i++){\n            if(start<=from && to<=last){\n                add[i] += num;\n            }else{\n                for(int j=from; j<to; j++){\n                    if(start<=j && j<last){\n                        a[j] += num;\n                        if(a[j] < bkt[i]) bkt[i] = a[j];\n                    }\n                }\n            }\n            from = to;\n            to += sz;\n        }\n    }\n    int search(int f){        \n        int from = f - f%sz;\n        int to = from + sz;\n        for(int i=f/sz; i>=0; i--){\n            if(bkt[i]+add[i]<=1){\n                for(int j=Math.min(f-1, to-1); j>=from; j--){\n                    if(a[j]+add[i]==1) return j+1;\n                }\n            }\n            to = from;\n            from -= sz;\n        }\n        return 0;\n    }\n    public static void main(String[] args){\n        new Main().solve();\n    }\n}",
      "covered_code": "Given the test case input `5 3 ()()`, let's develop a plan for step by step execution of the provided Java program to predict the code coverage. \n\n1. **Import Statements**: Import statements are always executed. So, `import java.util.*;` will be covered.\n   \n2. **Class Declaration**: Always executed. `class Main{` is covered.\n\n3. **Main Method Declaration**: Always executed. `public static void main(String[] args){` is covered.\n\n4. **Instantiation of Main and solve Method Call**: The `solve` method is called from within the `main` method by creating an instance of `Main`. So, `new Main().solve();` is covered.\n\n5. **Initialization in solve Method**: The statements within the `solve` method for initializing `n`, `m`, `kakko`, `sz`, `a`, `bkt`, and `add` arrays, and creating the `TreeSet<Integer>` are all executed, covering these initializations.\n\n6. **First For Loop**: The first for loop (`for(int i=0; i<n; i++)`) will iterate over the array `kakko` and perform operations based on the conditionals within. Given the input `()()`, each line within this loop will be executed.\n\n7. **Second For Loop (Processing Queries)**: This for loop iterates `m` times and includes conditional logic to modify the `kakko` array, update sets, and call `add` and `search` methods. Given the input specifies `m=3`, this loop and all its contents, including conditions and method calls, will be executed.\n\n8. **add Method**: The `add` method is called from within the second for-loop. Given the logic and operations performed within this method, all lines of code here will be executed due to the updates happening in multiple iterations.\n\n9. **search Method**: The `search` method is called from within the second for-loop. Based on the modifications made to `kakko`, `a`, and `add`, this method's lines will also be executed as it's part of the computation for output.\n\n10. **Output Statements**: The `System.out.println(idx+1);` within the second for-loop will be executed `m` times, ensuring all such lines are covered.\n\nGiven this plan, let's predict the code coverage:\n\n```\n> import java.util.*;\n> class Main{\n>     int n, m, sz;\n>     char[] kakko;\n>     int[] a, bkt, add;\n>     void solve(){\n>         Scanner sc = new Scanner(System.in);\n>         n = sc.nextInt();\n>         m = sc.nextInt();\n>         kakko = sc.next().toCharArray();\n>         sz = (int)Math.sqrt(n) - 1;\n>         a = new int[n];\n>         bkt = new int[n/sz+10];\n>         add = new int[n/sz+10];\n>         TreeSet<Integer> set = new TreeSet<Integer>();\n>         for(int i=0; i<n; i++){\n>             if(i==0) a[i] = 1;\n>             else{\n>                 if(kakko[i]=='(') a[i] = a[i-1] + 1;\n>                 else{\n>                     a[i] = a[i-1] - 1;\n>                     set.add(new Integer(i));\n>                 }\n>             }\n>             bkt[i/sz] = Math.min(a[i], bkt[i/sz]);\n>         }\n>         for(int i=0; i<m; i++){\n>             int q = sc.nextInt()-1;\n>             int idx = 0;\n>             if(kakko[q]=='('){\n>                 kakko[q] = ')';\n>                 set.add(new Integer(q));\n>                 add(q, n, -2);\n>                 idx = set.higher(new Integer(-1));\n>                 kakko[idx] = '(';\n>                 set.remove(new Integer(idx));\n>                 add(idx, n, 2);\n>             }else{\n>                 kakko[q] = '(';\n>                 set.remove(new Integer(q));\n>                 add(q, n, 2);\n>                 idx = search(q);\n>                 kakko[idx] = ')';\n>                 add(idx, n, -2);\n>                 set.add(new Integer(idx));\n>             }\n>             System.out.println(idx+1);\n>         }\n>     }\n>     void add(int start, int last, int num){\n>         int from = start - start%sz;\n>         int to = from + sz;\n>         for(int i=start/sz; i<=last/sz; i++){\n>             if(start<=from && to<=last){\n>                 add[i] += num;\n>             }else{\n>                 for(int j=from; j<to; j++){\n>                     if(start<=j && j<last){\n>                         a[j] += num;\n>                         if(a[j] < bkt[i]) bkt[i] = a[j];\n>                     }\n>                 }\n>             }\n>             from = to;\n>             to += sz;\n>         }\n>     }\n>     int search(int f){        \n>         int from = f - f%sz;\n>         int to = from + sz;\n>         for(int i=f/sz; i>=0; i--){\n>             if(bkt[i]+add[i]<=1){\n>                 for(int j=Math.min(f-1, to-1); j>=from; j--){\n>                     if(a[j]+add[i]==1) return j+1;\n>                 }\n>             }\n>             to = from;\n>             from -= sz;\n>         }\n>         return 0;\n>     }\n>     public static void main(String[] args){\n>         new Main().solve();\n>     }\n> }\n```\n\nAll lines of code are executed based on the test case provided and the plan for execution.",
      "test_seed_coverage": [
        ">",
        ">",
        ">",
        ">",
        ">",
        ">",
        ">",
        ">",
        ">",
        ">",
        ">",
        ">",
        ">",
        ">",
        ">",
        ">",
        ">",
        ">",
        ">",
        ">",
        ">",
        ">",
        ">",
        ">",
        ">",
        ">",
        ">",
        ">",
        ">",
        ">",
        ">",
        ">",
        ">",
        ">",
        ">",
        ">",
        ">",
        ">",
        ">",
        ">",
        ">",
        ">",
        ">",
        ">",
        ">",
        ">",
        ">",
        ">",
        ">",
        ">",
        ">",
        ">",
        ">",
        ">",
        ">",
        ">",
        ">",
        ">",
        ">",
        ">",
        ">",
        ">",
        ">",
        ">",
        ">",
        ">",
        ">",
        ">",
        ">",
        ">",
        ">",
        ">",
        ">",
        ">",
        ">",
        ">",
        ">",
        ">",
        ">",
        ">",
        ">",
        ">",
        ">",
        ">",
        ">"
      ],
      "cumulative_coverage": [
        ">",
        ">",
        ">",
        ">",
        ">",
        ">",
        ">",
        ">",
        ">",
        ">",
        ">",
        ">",
        ">",
        ">",
        ">",
        ">",
        ">",
        ">",
        ">",
        ">",
        ">",
        ">",
        ">",
        ">",
        ">",
        ">",
        ">",
        ">",
        ">",
        ">",
        ">",
        ">",
        ">",
        ">",
        ">",
        ">",
        ">",
        ">",
        ">",
        ">",
        ">",
        ">",
        ">",
        ">",
        ">",
        ">",
        ">",
        ">",
        ">",
        ">",
        ">",
        ">",
        ">",
        ">",
        ">",
        ">",
        ">",
        ">",
        ">",
        ">",
        ">",
        ">",
        ">",
        ">",
        ">",
        ">",
        ">",
        ">",
        ">",
        ">",
        ">",
        ">",
        ">",
        ">",
        ">",
        ">",
        ">",
        ">",
        ">",
        ">",
        ">",
        ">",
        ">",
        ">",
        ">"
      ],
      "execution_error": "Exception in thread \"main\" java.lang.ArrayIndexOutOfBoundsException: Index 4 out of bounds for length 4\n\tat Main.solve(Main.java:19)\n\tat Main.main(Main.java:83)",
      "cerberus_output": "",
      "execution_result": "ArrayIndexOutOfBoundsException",
      "test_case_id": "1"
    },
    {
      "test_case": [
        "Test Case Input:\n5 3\n((()))\n1\n3\n5"
      ],
      "test_mutations": [
        "Test Case Input:\n5 3\n((()))\n1\n3\n5"
      ],
      "initial_code": "import java.util.*;\nclass Main{\n    int n, m, sz;\n    char[] kakko;\n    int[] a, bkt, add;\n    void solve(){\n        Scanner sc = new Scanner(System.in);\n        n = sc.nextInt();\n        m = sc.nextInt();\n        kakko = sc.next().toCharArray();\n        sz = (int)Math.sqrt(n) - 1;\n        a = new int[n];\n        bkt = new int[n/sz+10];\n        add = new int[n/sz+10];\n        TreeSet<Integer> set = new TreeSet<Integer>();\n        for(int i=0; i<n; i++){\n            if(i==0) a[i] = 1;\n            else{\n                if(kakko[i]=='(') a[i] = a[i-1] + 1;\n                else{\n                    a[i] = a[i-1] - 1;\n                    set.add(new Integer(i));\n                }\n            }\n            bkt[i/sz] = Math.min(a[i], bkt[i/sz]);\n        }\n        for(int i=0; i<m; i++){\n            int q = sc.nextInt()-1;\n            int idx = 0;\n            if(kakko[q]=='('){\n                kakko[q] = ')';\n                set.add(new Integer(q));\n                add(q, n, -2);\n                idx = set.higher(new Integer(-1));\n                kakko[idx] = '(';\n                set.remove(new Integer(idx));\n                add(idx, n, 2);\n            }else{\n                kakko[q] = '(';\n                set.remove(new Integer(q));\n                add(q, n, 2);\n                idx = search(q);\n                kakko[idx] = ')';\n                add(idx, n, -2);\n                set.add(new Integer(idx));\n            }\n            System.out.println(idx+1);\n        }\n    }\n    void add(int start, int last, int num){\n        int from = start - start%sz;\n        int to = from + sz;\n        for(int i=start/sz; i<=last/sz; i++){\n            if(start<=from && to<=last){\n                add[i] += num;\n            }else{\n                for(int j=from; j<to; j++){\n                    if(start<=j && j<last){\n                        a[j] += num;\n                        if(a[j] < bkt[i]) bkt[i] = a[j];\n                    }\n                }\n            }\n            from = to;\n            to += sz;\n        }\n    }\n    int search(int f){        \n        int from = f - f%sz;\n        int to = from + sz;\n        for(int i=f/sz; i>=0; i--){\n            if(bkt[i]+add[i]<=1){\n                for(int j=Math.min(f-1, to-1); j>=from; j--){\n                    if(a[j]+add[i]==1) return j+1;\n                }\n            }\n            to = from;\n            from -= sz;\n        }\n        return 0;\n    }\n    public static void main(String[] args){\n        new Main().solve();\n    }\n}",
      "covered_code": "Following the provided plan structure, let's predict the code coverage for the given Java program based on the test case input `5 3 ((())) 1 3 5`.\n\n1. **Import statements**: Always executed.\n    > import java.util.*;\n\n2. **Class Declaration**: Always executed.\n    > class Main{\n\n3. **Variable Declarations and Method Declarations**: Always executed as part of the class initialization.\n    > int n, m, sz;\n    > char[] kakko;\n    > int[] a, bkt, add;\n\n4. **Method `solve` Execution**: Executed when called from the main method.\n    > void solve(){\n\n5. **Scanner and Input Initialization**: Always executed when `solve()` is called.\n    > Scanner sc = new Scanner(System.in);\n    > n = sc.nextInt();\n    > m = sc.nextInt();\n    > kakko = sc.next().toCharArray();\n\n6. **Array and TreeSet Initialization**: Executed as part of input handling and preparing data structures.\n    > sz = (int)Math.sqrt(n) - 1;\n    > a = new int[n];\n    > bkt = new int[n/sz+10];\n    > add = new int[n/sz+10];\n    > TreeSet<Integer> set = new TreeSet<Integer>();\n\n7. **First For Loop**: Always executed to initialize arrays and set based on input.\n    > for(int i=0; i<n; i++){\n\n8. **If-Else Inside the First For Loop**: Conditional but all branches are covered due to input characters.\n    > if(i==0) a[i] = 1;\n    > else...\n    > if(kakko[i]=='(')...\n\n9. **Second For Loop for Queries**: Executed `m` times based on input.\n    > for(int i=0; i<m; i++){\n\n10. **If-Else Branching Inside Second For Loop**: Conditional execution based on '(' or ')' character. Covered due to input queries.\n    > if(kakko[q]=='('){\n    > else...\n\n11. **Method `add` Execution**: Called during query handling. Coverage depends on the query inputs.\n    > void add(int start, int last, int num){\n\n12. **Method `search` Execution**: Called during query handling if the character is ')'.\n    > int search(int f){\n\n13. **Main Method Execution**: Always executed when the program starts.\n    > public static void main(String[] args){\n\n14. **Execution of Statements Within Methods `add` and `search`**: Dependent on the logic paths taken during query processing. Given the input, both methods will be executed, covering all their internal logic paths due to the nature of the queries (flipping brackets and searching).\n\n15. **Closing the Scanner**: Not explicitly shown, but typically happens at the end of `solve()` method or omitted for brevity.\n\nGiven the input and the logic of the program, it's expected that all parts of the code are executed at least once except for any exception handling or error cases not covered by the inputs.\n\n**Predicted Code Coverage**:\n- Every statement in the program is expected to be executed given the specific inputs provided. There are no conditions or branches that are left untouched by the test case `5 3 ((())) 1 3 5`.\n\n**Output for Test Case**:\n- The program modifies the input string based on the queries, and given the nature of the input and the operations, all lines are executed, showing a full coverage. Any specific output values depend on the logic within the `add` and `search` methods, which perform operations based on the bracket positions and the queries provided.",
      "test_seed_coverage": [
        ">",
        ">",
        ">",
        ">",
        ">",
        ">",
        ">",
        ">",
        ">",
        ">",
        ">",
        ">",
        ">",
        ">",
        ">",
        ">",
        ">",
        ">",
        ">",
        ">",
        ">",
        ">",
        ">",
        ">",
        ">",
        ">",
        ">",
        ">",
        ">",
        ">",
        ">",
        ">",
        ">",
        ">",
        ">",
        ">",
        ">",
        ">",
        ">",
        ">",
        ">",
        ">",
        ">",
        ">",
        ">",
        ">",
        ">",
        ">",
        ">",
        ">",
        ">",
        ">",
        ">",
        ">",
        ">",
        ">",
        ">",
        ">",
        ">",
        ">",
        ">",
        ">",
        ">",
        ">",
        ">",
        ">",
        ">",
        ">",
        ">",
        ">",
        ">",
        ">",
        ">",
        ">",
        ">",
        ">",
        ">",
        ">",
        ">",
        ">",
        ">",
        ">",
        ">",
        ">",
        ">"
      ],
      "cumulative_coverage": [
        ">",
        ">",
        ">",
        ">",
        ">",
        ">",
        ">",
        ">",
        ">",
        ">",
        ">",
        ">",
        ">",
        ">",
        ">",
        ">",
        ">",
        ">",
        ">",
        ">",
        ">",
        ">",
        ">",
        ">",
        ">",
        ">",
        ">",
        ">",
        ">",
        ">",
        ">",
        ">",
        ">",
        ">",
        ">",
        ">",
        ">",
        ">",
        ">",
        ">",
        ">",
        ">",
        ">",
        ">",
        ">",
        ">",
        ">",
        ">",
        ">",
        ">",
        ">",
        ">",
        ">",
        ">",
        ">",
        ">",
        ">",
        ">",
        ">",
        ">",
        ">",
        ">",
        ">",
        ">",
        ">",
        ">",
        ">",
        ">",
        ">",
        ">",
        ">",
        ">",
        ">",
        ">",
        ">",
        ">",
        ">",
        ">",
        ">",
        ">",
        ">",
        ">",
        ">",
        ">",
        ">"
      ],
      "execution_output": "1\n3\n2",
      "cerberus_output": "",
      "execution_result": "",
      "test_case_id": "2"
    },
    {
      "test_case": [
        "Test Case Input:\n5 3\n((()))\n1\n3\n5"
      ],
      "test_mutations": [
        "Test Case Input:\n5 3\n((()))\n1\n3\n5"
      ],
      "initial_code": "import java.util.*;\nclass Main{\n    int n, m, sz;\n    char[] kakko;\n    int[] a, bkt, add;\n    void solve(){\n        Scanner sc = new Scanner(System.in);\n        n = sc.nextInt();\n        m = sc.nextInt();\n        kakko = sc.next().toCharArray();\n        sz = (int)Math.sqrt(n) - 1;\n        a = new int[n];\n        bkt = new int[n/sz+10];\n        add = new int[n/sz+10];\n        TreeSet<Integer> set = new TreeSet<Integer>();\n        for(int i=0; i<n; i++){\n            if(i==0) a[i] = 1;\n            else{\n                if(kakko[i]=='(') a[i] = a[i-1] + 1;\n                else{\n                    a[i] = a[i-1] - 1;\n                    set.add(new Integer(i));\n                }\n            }\n            bkt[i/sz] = Math.min(a[i], bkt[i/sz]);\n        }\n        for(int i=0; i<m; i++){\n            int q = sc.nextInt()-1;\n            int idx = 0;\n            if(kakko[q]=='('){\n                kakko[q] = ')';\n                set.add(new Integer(q));\n                add(q, n, -2);\n                idx = set.higher(new Integer(-1));\n                kakko[idx] = '(';\n                set.remove(new Integer(idx));\n                add(idx, n, 2);\n            }else{\n                kakko[q] = '(';\n                set.remove(new Integer(q));\n                add(q, n, 2);\n                idx = search(q);\n                kakko[idx] = ')';\n                add(idx, n, -2);\n                set.add(new Integer(idx));\n            }\n            System.out.println(idx+1);\n        }\n    }\n    void add(int start, int last, int num){\n        int from = start - start%sz;\n        int to = from + sz;\n        for(int i=start/sz; i<=last/sz; i++){\n            if(start<=from && to<=last){\n                add[i] += num;\n            }else{\n                for(int j=from; j<to; j++){\n                    if(start<=j && j<last){\n                        a[j] += num;\n                        if(a[j] < bkt[i]) bkt[i] = a[j];\n                    }\n                }\n            }\n            from = to;\n            to += sz;\n        }\n    }\n    int search(int f){        \n        int from = f - f%sz;\n        int to = from + sz;\n        for(int i=f/sz; i>=0; i--){\n            if(bkt[i]+add[i]<=1){\n                for(int j=Math.min(f-1, to-1); j>=from; j--){\n                    if(a[j]+add[i]==1) return j+1;\n                }\n            }\n            to = from;\n            from -= sz;\n        }\n        return 0;\n    }\n    public static void main(String[] args){\n        new Main().solve();\n    }\n}",
      "covered_code": "To predict the code coverage for the given Java program based on the provided test case input, we need to follow the execution plan closely, step by step. The test case input provided is:\n\n```\n5 3\n((()))\n1\n3\n5\n```\n\nGiven this input, let's develop the execution plan and predict the code coverage.\n\n1. **Import Statement**: The import statement is always executed to include the Scanner class for taking input.\n    > import java.util.*;\n\n2. **Class Declaration**: The class `Main` is always executed as it contains the main method and solve method that gets called.\n    > class Main{}\n\n3. **Main Method Declaration**: The main method is always executed since it's the entry point of the program.\n    > public static void main(String[] args){}\n\n4. **Solve Method Call**: The solve method is called from the main method.\n    > new Main().solve();\n\n5. **Variable Initialization**: Variables `n`, `m`, `sz`, `kakko`, `a`, `bkt`, and `add` are initialized with input values or calculated based on inputs.\n    > n = sc.nextInt();\n    > m = sc.nextInt();\n    > kakko = sc.next().toCharArray();\n    > sz = (int)Math.sqrt(n) - 1;\n    > a = new int[n];\n    > bkt = new int[n/sz+10];\n    > add = new int[n/sz+10];\n\n6. **First For Loop**: Initializes array `a` and fills `bkt` array based on conditions. It also uses the `set` for storing indices.\n    > for(int i=0; i<n; i++){}\n\n7. **Second For Loop (Query Processing)**: This loop processes `m` queries. For each query, it performs operations based on the given conditions and calls the `add` and `search` methods accordingly.\n    > for(int i=0; i<m; i++){}\n\n8. **Add Method**: This method is called to update the arrays `a` and `add` based on the operations in queries.\n    > void add(int start, int last, int num){}\n\n9. **Search Method**: This method is called to find a specific index based on conditions.\n    > int search(int f){}\n\nBased on the execution plan, let's predict the code coverage:\n\n```\n> import java.util.*;\n> class Main{\n>     int n, m, sz;\n>     char[] kakko;\n>     int[] a, bkt, add;\n>     void solve(){\n>         Scanner sc = new Scanner(System.in);\n>         n = sc.nextInt();\n>         m = sc.nextInt();\n>         kakko = sc.next().toCharArray();\n>         sz = (int)Math.sqrt(n) - 1;\n>         a = new int[n];\n>         bkt = new int[n/sz+10];\n>         add = new int[n/sz+10];\n>         TreeSet<Integer> set = new TreeSet<Integer>();\n>         for(int i=0; i<n; i++){\n>             if(i==0) a[i] = 1;\n>             else{\n>                 if(kakko[i]=='(') a[i] = a[i-1] + 1;\n>                 else{\n>                     a[i] = a[i-1] - 1;\n>                     set.add(new Integer(i));\n>                 }\n>             }\n>             bkt[i/sz] = Math.min(a[i], bkt[i/sz]);\n>         }\n>         for(int i=0; i<m; i++){\n>             int q = sc.nextInt()-1;\n>             int idx = 0;\n>             if(kakko[q]=='('){\n>                 kakko[q] = ')';\n>                 set.add(new Integer(q));\n>                 add(q, n, -2);\n>                 idx = set.higher(new Integer(-1));\n>                 kakko[idx] = '(';\n>                 set.remove(new Integer(idx));\n>                 add(idx, n, 2);\n>             }else{\n>                 kakko[q] = '(';\n>                 set.remove(new Integer(q));\n>                 add(q, n, 2);\n>                 idx = search(q);\n>                 kakko[idx] = ')';\n>                 add(idx, n, -2);\n>                 set.add(new Integer(idx));\n>             }\n>             System.out.println(idx+1);\n>         }\n>     }\n>     void add(int start, int last, int num){\n>         int from = start - start%sz;\n>         int to = from + sz;\n>         for(int i=start/sz; i<=last/sz; i++){\n>             if(start<=from && to<=last){\n>                 add[i] += num;\n>             }else{\n>                 for(int j=from; j<to; j++){\n>                     if(start<=j && j<last){\n>                         a[j] += num;\n>                         if(a[j] < bkt[i]) bkt[i] = a[j];\n>                     }\n>                 }\n>             }\n>             from = to;\n>             to += sz;\n>         }\n>     }\n>     int search(int f){        \n>         int from = f - f%sz;\n>         int to = from + sz;\n>         for(int i=f/sz; i>=0; i--){\n>             if(bkt[i]+add[i]<=1){\n>                 for(int j=Math.min(f-1, to-1); j>=from; j--){\n>                     if(a[j]+add[i]==1) return j+1;\n>                 }\n>             }\n>             to = from;\n>             from -= sz;\n>         }\n>         return 0;\n>     }\n>     public static void main(String[] args){\n>         new Main().solve();\n>     }\n> }\n```\n\nGiven the test case, all methods and statements within those methods are executed as part of the process to solve the problem, ensuring a high code coverage based on the provided plan.",
      "test_seed_coverage": [
        ">",
        ">",
        ">",
        ">",
        ">",
        ">",
        ">",
        ">",
        ">",
        ">",
        ">",
        ">",
        ">",
        ">",
        ">",
        ">",
        ">",
        ">",
        ">",
        ">",
        ">",
        ">",
        ">",
        ">",
        ">",
        ">",
        ">",
        ">",
        ">",
        ">",
        ">",
        ">",
        ">",
        ">",
        ">",
        ">",
        ">",
        ">",
        ">",
        ">",
        ">",
        ">",
        ">",
        ">",
        ">",
        ">",
        ">",
        ">",
        ">",
        ">",
        ">",
        ">",
        ">",
        ">",
        ">",
        ">",
        ">",
        ">",
        ">",
        ">",
        ">",
        ">",
        ">",
        ">",
        ">",
        ">",
        ">",
        ">",
        ">",
        ">",
        ">",
        ">",
        ">",
        ">",
        ">",
        ">",
        ">",
        ">",
        ">",
        ">",
        ">",
        ">",
        ">",
        ">",
        ">",
        ">",
        ">",
        ">",
        ">",
        ">",
        ">",
        ">",
        ">",
        ">",
        ">",
        ">",
        ">",
        ">",
        ">",
        ">"
      ],
      "cumulative_coverage": [
        ">",
        ">",
        ">",
        ">",
        ">",
        ">",
        ">",
        ">",
        ">",
        ">",
        ">",
        ">",
        ">",
        ">",
        ">",
        ">",
        ">",
        ">",
        ">",
        ">",
        ">",
        ">",
        ">",
        ">",
        ">",
        ">",
        ">",
        ">",
        ">",
        ">",
        ">",
        ">",
        ">",
        ">",
        ">",
        ">",
        ">",
        ">",
        ">",
        ">",
        ">",
        ">",
        ">",
        ">",
        ">",
        ">",
        ">",
        ">",
        ">",
        ">",
        ">",
        ">",
        ">",
        ">",
        ">",
        ">",
        ">",
        ">",
        ">",
        ">",
        ">",
        ">",
        ">",
        ">",
        ">",
        ">",
        ">",
        ">",
        ">",
        ">",
        ">",
        ">",
        ">",
        ">",
        ">",
        ">",
        ">",
        ">",
        ">",
        ">",
        ">",
        ">",
        ">",
        ">",
        ">",
        ">",
        ">",
        ">",
        ">",
        ">",
        ">",
        ">",
        ">",
        ">",
        ">",
        ">",
        ">",
        ">",
        ">",
        ">"
      ],
      "execution_output": "1\n3\n2",
      "cerberus_output": "",
      "execution_result": "",
      "test_case_id": "3"
    },
    {
      "test_case": [
        "Test Case Input:\n4\n2\n()\n1"
      ],
      "test_mutations": [
        "Test Case Input:\n4\n2\n()\n1"
      ],
      "initial_code": "import java.util.*;\nclass Main{\n    int n, m, sz;\n    char[] kakko;\n    int[] a, bkt, add;\n    void solve(){\n        Scanner sc = new Scanner(System.in);\n        n = sc.nextInt();\n        m = sc.nextInt();\n        kakko = sc.next().toCharArray();\n        sz = (int)Math.sqrt(n) - 1;\n        a = new int[n];\n        bkt = new int[n/sz+10];\n        add = new int[n/sz+10];\n        TreeSet<Integer> set = new TreeSet<Integer>();\n        for(int i=0; i<n; i++){\n            if(i==0) a[i] = 1;\n            else{\n                if(kakko[i]=='(') a[i] = a[i-1] + 1;\n                else{\n                    a[i] = a[i-1] - 1;\n                    set.add(new Integer(i));\n                }\n            }\n            bkt[i/sz] = Math.min(a[i], bkt[i/sz]);\n        }\n        for(int i=0; i<m; i++){\n            int q = sc.nextInt()-1;\n            int idx = 0;\n            if(kakko[q]=='('){\n                kakko[q] = ')';\n                set.add(new Integer(q));\n                add(q, n, -2);\n                idx = set.higher(new Integer(-1));\n                kakko[idx] = '(';\n                set.remove(new Integer(idx));\n                add(idx, n, 2);\n            }else{\n                kakko[q] = '(';\n                set.remove(new Integer(q));\n                add(q, n, 2);\n                idx = search(q);\n                kakko[idx] = ')';\n                add(idx, n, -2);\n                set.add(new Integer(idx));\n            }\n            System.out.println(idx+1);\n        }\n    }\n    void add(int start, int last, int num){\n        int from = start - start%sz;\n        int to = from + sz;\n        for(int i=start/sz; i<=last/sz; i++){\n            if(start<=from && to<=last){\n                add[i] += num;\n            }else{\n                for(int j=from; j<to; j++){\n                    if(start<=j && j<last){\n                        a[j] += num;\n                        if(a[j] < bkt[i]) bkt[i] = a[j];\n                    }\n                }\n            }\n            from = to;\n            to += sz;\n        }\n    }\n    int search(int f){        \n        int from = f - f%sz;\n        int to = from + sz;\n        for(int i=f/sz; i>=0; i--){\n            if(bkt[i]+add[i]<=1){\n                for(int j=Math.min(f-1, to-1); j>=from; j--){\n                    if(a[j]+add[i]==1) return j+1;\n                }\n            }\n            to = from;\n            from -= sz;\n        }\n        return 0;\n    }\n    public static void main(String[] args){\n        new Main().solve();\n    }\n}",
      "covered_code": "To analyze the code coverage for the given Java program based on the provided test case input `4 2 () 1`, let's break down the execution plan step by step.\n\n### Test Case Input\n- n = 4 (number of characters in the parentheses sequence)\n- m = 2 (number of operations)\n- Parentheses sequence = `()`\n- A single operation with a value of 1\n\n### Execution Plan\n\n1. **Import Statements**: Import statements are always executed. Statement `import java.util.*;` will be covered.\n   \n2. **Class Declaration**: The class declaration `class Main { ... }` is always executed.\n\n3. **Main Method Execution**: The `public static void main(String[] args) { ... }` method is the entry point of the program and hence always executed.\n\n4. **solve Method Invocation**: The solve method is called from the main method without any conditions, so it is always executed.\n\n5. **Variable Initialization within solve Method**: The initialization of variables `n`, `m`, `kakko`, `sz`, `a`, `bkt`, and `add` are always executed since they directly follow the method's entry without any conditional statements.\n\n6. **TreeSet Initialization**: The `TreeSet<Integer> set = new TreeSet<Integer>();` initialization is always executed.\n\n7. **First For Loop (Initialization of Arrays a and bkt)**:\n    - The first for loop runs from `i=0` to `i<n`. Given `n=4`, this loop will fully execute.\n    - The if-else block inside this loop will also execute. Given the sequence is `()`, both '(' and ')' conditions will be covered.\n    - Thus, all lines within this loop are covered.\n\n8. **Second For Loop (Operations on parentheses sequence)**:\n    - The second for loop runs from `i=0` to `i<m`. Given `m=2`, and since the sequence is only 2 characters long, an exception will be triggered when trying to perform the second operation, as there is no input provided for it in the test case.\n    - This means that while the loop starts execution, it won't fully complete its second iteration, leading to partial coverage within this loop's body.\n\n9. **Method Calls within the Second Loop**: \n    - The `add` method is called within the loop and thus executed.\n    - Since `kakko[q]` is initially '(', the corresponding condition and the `add` method calls under it will be executed.\n    - The `search` method might not get executed if the exception occurs before its call.\n\n10. **add and search Method Executions**:\n    - The `add` method will be executed as described above. Its contents, including the nested for loop, will be executed based on the logic and the input.\n    - The execution of the `search` method depends on whether the control flow reaches its call before encountering any runtime issues. With the given test case, it's possible it won't be executed.\n\n### Predicted Code Coverage Summary\n\n- Import statements, class, main, and solve method declarations will be covered.\n- Variable initializations and the TreeSet will be covered.\n- The first for loop and its contents will be fully covered.\n- The second for loop will start execution but may not complete due to an input-related runtime exception.\n- The `add` function will be executed, but coverage of the `search` function is uncertain due to potential runtime exceptions before its invocation.\n\n### Special Note on Runtime Exception\nGiven the test case input length does not match the expected operations (`m=2` but only one operation provided), a `NoSuchElementException` from the `Scanner` class might be raised when trying to read the second operation, impacting the overall execution and code coverage.",
      "test_seed_coverage": [
        ">",
        ">",
        ">",
        ">",
        ">",
        ">",
        ">",
        ">",
        ">",
        ">",
        ">",
        ">",
        ">",
        ">",
        ">",
        ">",
        ">",
        ">",
        ">",
        ">",
        ">",
        ">",
        ">",
        ">",
        ">",
        ">",
        ">",
        ">",
        ">",
        ">",
        ">",
        ">",
        ">",
        ">",
        ">",
        ">",
        ">",
        ">",
        ">",
        ">",
        ">",
        ">",
        ">",
        ">",
        ">",
        ">",
        ">",
        ">",
        ">",
        ">",
        ">",
        ">",
        ">",
        ">",
        ">",
        ">",
        ">",
        ">",
        ">",
        ">",
        ">",
        ">",
        ">",
        ">",
        ">",
        ">",
        ">",
        ">",
        ">",
        ">",
        ">",
        ">",
        ">",
        ">",
        ">",
        ">",
        ">",
        ">",
        ">",
        ">",
        ">",
        ">",
        ">",
        ">",
        ">"
      ],
      "cumulative_coverage": [
        ">",
        ">",
        ">",
        ">",
        ">",
        ">",
        ">",
        ">",
        ">",
        ">",
        ">",
        ">",
        ">",
        ">",
        ">",
        ">",
        ">",
        ">",
        ">",
        ">",
        ">",
        ">",
        ">",
        ">",
        ">",
        ">",
        ">",
        ">",
        ">",
        ">",
        ">",
        ">",
        ">",
        ">",
        ">",
        ">",
        ">",
        ">",
        ">",
        ">",
        ">",
        ">",
        ">",
        ">",
        ">",
        ">",
        ">",
        ">",
        ">",
        ">",
        ">",
        ">",
        ">",
        ">",
        ">",
        ">",
        ">",
        ">",
        ">",
        ">",
        ">",
        ">",
        ">",
        ">",
        ">",
        ">",
        ">",
        ">",
        ">",
        ">",
        ">",
        ">",
        ">",
        ">",
        ">",
        ">",
        ">",
        ">",
        ">",
        ">",
        ">",
        ">",
        ">",
        ">",
        ">"
      ],
      "execution_error": "Exception in thread \"main\" java.lang.ArrayIndexOutOfBoundsException: Index 2 out of bounds for length 2\n\tat Main.solve(Main.java:19)\n\tat Main.main(Main.java:83)",
      "cerberus_output": "NoSuchElementException",
      "execution_result": "ArrayIndexOutOfBoundsException",
      "test_case_id": "4"
    },
    {
      "test_case": [
        "Test Case Input:\n5\n3\n()()\n1\n2\n3"
      ],
      "test_mutations": [
        "Test Case Input:\n5\n3\n()()\n1\n2\n3"
      ],
      "initial_code": "import java.util.*;\nclass Main{\n    int n, m, sz;\n    char[] kakko;\n    int[] a, bkt, add;\n    void solve(){\n        Scanner sc = new Scanner(System.in);\n        n = sc.nextInt();\n        m = sc.nextInt();\n        kakko = sc.next().toCharArray();\n        sz = (int)Math.sqrt(n) - 1;\n        a = new int[n];\n        bkt = new int[n/sz+10];\n        add = new int[n/sz+10];\n        TreeSet<Integer> set = new TreeSet<Integer>();\n        for(int i=0; i<n; i++){\n            if(i==0) a[i] = 1;\n            else{\n                if(kakko[i]=='(') a[i] = a[i-1] + 1;\n                else{\n                    a[i] = a[i-1] - 1;\n                    set.add(new Integer(i));\n                }\n            }\n            bkt[i/sz] = Math.min(a[i], bkt[i/sz]);\n        }\n        for(int i=0; i<m; i++){\n            int q = sc.nextInt()-1;\n            int idx = 0;\n            if(kakko[q]=='('){\n                kakko[q] = ')';\n                set.add(new Integer(q));\n                add(q, n, -2);\n                idx = set.higher(new Integer(-1));\n                kakko[idx] = '(';\n                set.remove(new Integer(idx));\n                add(idx, n, 2);\n            }else{\n                kakko[q] = '(';\n                set.remove(new Integer(q));\n                add(q, n, 2);\n                idx = search(q);\n                kakko[idx] = ')';\n                add(idx, n, -2);\n                set.add(new Integer(idx));\n            }\n            System.out.println(idx+1);\n        }\n    }\n    void add(int start, int last, int num){\n        int from = start - start%sz;\n        int to = from + sz;\n        for(int i=start/sz; i<=last/sz; i++){\n            if(start<=from && to<=last){\n                add[i] += num;\n            }else{\n                for(int j=from; j<to; j++){\n                    if(start<=j && j<last){\n                        a[j] += num;\n                        if(a[j] < bkt[i]) bkt[i] = a[j];\n                    }\n                }\n            }\n            from = to;\n            to += sz;\n        }\n    }\n    int search(int f){        \n        int from = f - f%sz;\n        int to = from + sz;\n        for(int i=f/sz; i>=0; i--){\n            if(bkt[i]+add[i]<=1){\n                for(int j=Math.min(f-1, to-1); j>=from; j--){\n                    if(a[j]+add[i]==1) return j+1;\n                }\n            }\n            to = from;\n            from -= sz;\n        }\n        return 0;\n    }\n    public static void main(String[] args){\n        new Main().solve();\n    }\n}",
      "covered_code": "To predict the code coverage for the given Java program based on the provided test case input \"5 3 ()() 1 2 3\", we will follow a detailed plan that breaks down the execution step by step. The plan will outline the execution flow, identify which parts of the code are executed, and highlight areas that may not be reached due to the logic of the program.\n\n### Plan for Step by Step Execution\n1. **Import Statements**: The import statement for `java.util.*` is always executed to import necessary classes like `Scanner` and `TreeSet`.\n2. **Class and Method Declarations**: The class `Main` and its methods `solve`, `add`, and `search` are part of the structure and are considered executed as part of the compilation process, though their contents are executed based on flow.\n3. **Main Method Execution**: The `main` method execution begins, creating an instance of `Main` and calling the `solve` method.\n4. **Solve Method Execution**:\n    - The Scanner object is created, and inputs `n`, `m`, and `kakko` are read from the test case.\n    - Arrays `a`, `bkt`, and `add` are initialized based on `n` and the calculated size `sz`.\n    - A `TreeSet` named `set` is created for managing elements.\n    - A loop processes each character in `kakko`, updating arrays `a` and `bkt`, and modifying the `set` based on the parentheses.\n5. **Processing of m Queries**:\n    - For each query (total of `m`), the program reads the position `q`, adjusts the character at `q` in `kakko`, updates `set`, and calls `add` with appropriate parameters.\n    - Depending on the character at `q`, it may call `search` to find a specific index.\n    - Outputs the result for each query.\n6. **Add Method Execution**: This method is called to update the `add` and possibly `a` and `bkt` arrays based on the operation described in each query.\n7. **Search Method Execution**: May be called based on the condition in the query processing. It searches for a specific condition to be met and returns an index.\n\n### Predicted Code Coverage\nGiven the test case input \"5 3 ()() 1 2 3\", every part of the code should be executed because:\n- The input leads to both cases where parentheses are switched from '(' to ')' and vice versa.\n- The `add` method is utilized for each query to adjust values.\n- The `search` method is likely called due to the logic for finding an index when a ')' is switched to '('.\n\n### Code Coverage Output\n```\n> import java.util.*;\n> class Main{\n>     int n, m, sz;\n>     char[] kakko;\n>     int[] a, bkt, add;\n>     void solve(){\n>         Scanner sc = new Scanner(System.in);\n>         n = sc.nextInt();\n>         m = sc.nextInt();\n>         kakko = sc.next().toCharArray();\n>         sz = (int)Math.sqrt(n) - 1;\n>         a = new int[n];\n>         bkt = new int[n/sz+10];\n>         add = new int[n/sz+10];\n>         TreeSet<Integer> set = new TreeSet<Integer>();\n>         for(int i=0; i<n; i++){\n>             if(i==0) a[i] = 1;\n>             else{\n>                 if(kakko[i]=='(') a[i] = a[i-1] + 1;\n>                 else{\n>                     a[i] = a[i-1] - 1;\n>                     set.add(new Integer(i));\n>                 }\n>             }\n>             bkt[i/sz] = Math.min(a[i], bkt[i/sz]);\n>         }\n>         for(int i=0; i<m; i++){\n>             int q = sc.nextInt()-1;\n>             int idx = 0;\n>             if(kakko[q]=='('){\n>                 kakko[q] = ')';\n>                 set.add(new Integer(q));\n>                 add(q, n, -2);\n>                 idx = set.higher(new Integer(-1));\n>                 kakko[idx] = '(';\n>                 set.remove(new Integer(idx));\n>                 add(idx, n, 2);\n>             }else{\n>                 kakko[q] = '(';\n>                 set.remove(new Integer(q));\n>                 add(q, n, 2);\n>                 idx = search(q);\n>                 kakko[idx] = ')';\n>                 add(idx, n, -2);\n>                 set.add(new Integer(idx));\n>             }\n>             System.out.println(idx+1);\n>         }\n>     }\n>     void add(int start, int last, int num){\n>         int from = start - start%sz;\n>         int to = from + sz;\n>         for(int i=start/sz; i<=last/sz; i++){\n>             if(start<=from && to<=last){\n>                 add[i] += num;\n>             }else{\n>                 for(int j=from; j<to; j++){\n>                     if(start<=j && j<last){\n>                         a[j] += num;\n>                         if(a[j] < bkt[i]) bkt[i] = a[j];\n>                     }\n>                 }\n>             }\n>             from = to;\n>             to += sz;\n>         }\n>     }\n>     int search(int f){        \n>         int from = f - f%sz;\n>         int to = from + sz;\n>         for(int i=f/sz; i>=0; i--){\n>             if(bkt[i]+add[i]<=1){\n>                 for(int j=Math.min(f-1, to-1); j>=from; j--){\n>                     if(a[j]+add[i]==1) return j+1;\n>                 }\n>             }\n>             to = from;\n>             from -= sz;\n>         }\n>         return 0;\n>     }\n>     public static void main(String[] args){\n>         new Main().solve();\n>     }\n> }\n```\n\nThis prediction assumes the program does not encounter any runtime exceptions or errors with the specific input provided. All parts of the program are expected to be executed at least once based on this test case.",
      "test_seed_coverage": [
        ">",
        ">",
        ">",
        ">",
        ">",
        ">",
        ">",
        ">",
        ">",
        ">",
        ">",
        ">",
        ">",
        ">",
        ">",
        ">",
        ">",
        ">",
        ">",
        ">",
        ">",
        ">",
        ">",
        ">",
        ">",
        ">",
        ">",
        ">",
        ">",
        ">",
        ">",
        ">",
        ">",
        ">",
        ">",
        ">",
        ">",
        ">",
        ">",
        ">",
        ">",
        ">",
        ">",
        ">",
        ">",
        ">",
        ">",
        ">",
        ">",
        ">",
        ">",
        ">",
        ">",
        ">",
        ">",
        ">",
        ">",
        ">",
        ">",
        ">",
        ">",
        ">",
        ">",
        ">",
        ">",
        ">",
        ">",
        ">",
        ">",
        ">",
        ">",
        ">",
        ">",
        ">",
        ">",
        ">",
        ">",
        ">",
        ">",
        ">",
        ">",
        ">",
        ">",
        ">",
        ">"
      ],
      "cumulative_coverage": [
        ">",
        ">",
        ">",
        ">",
        ">",
        ">",
        ">",
        ">",
        ">",
        ">",
        ">",
        ">",
        ">",
        ">",
        ">",
        ">",
        ">",
        ">",
        ">",
        ">",
        ">",
        ">",
        ">",
        ">",
        ">",
        ">",
        ">",
        ">",
        ">",
        ">",
        ">",
        ">",
        ">",
        ">",
        ">",
        ">",
        ">",
        ">",
        ">",
        ">",
        ">",
        ">",
        ">",
        ">",
        ">",
        ">",
        ">",
        ">",
        ">",
        ">",
        ">",
        ">",
        ">",
        ">",
        ">",
        ">",
        ">",
        ">",
        ">",
        ">",
        ">",
        ">",
        ">",
        ">",
        ">",
        ">",
        ">",
        ">",
        ">",
        ">",
        ">",
        ">",
        ">",
        ">",
        ">",
        ">",
        ">",
        ">",
        ">",
        ">",
        ">",
        ">",
        ">",
        ">",
        ">"
      ],
      "execution_error": "Exception in thread \"main\" java.lang.ArrayIndexOutOfBoundsException: Index 4 out of bounds for length 4\n\tat Main.solve(Main.java:19)\n\tat Main.main(Main.java:83)",
      "cerberus_output": "",
      "execution_result": "ArrayIndexOutOfBoundsException",
      "test_case_id": "5"
    },
    {
      "test_case": [
        "Test Case Input:\n5\n2\n(())\n1\n2"
      ],
      "test_mutations": [
        "Test Case Input:\n5\n2\n(())\n1\n2"
      ],
      "initial_code": "import java.util.*;\nclass Main{\n    int n, m, sz;\n    char[] kakko;\n    int[] a, bkt, add;\n    void solve(){\n        Scanner sc = new Scanner(System.in);\n        n = sc.nextInt();\n        m = sc.nextInt();\n        kakko = sc.next().toCharArray();\n        sz = (int)Math.sqrt(n) - 1;\n        a = new int[n];\n        bkt = new int[n/sz+10];\n        add = new int[n/sz+10];\n        TreeSet<Integer> set = new TreeSet<Integer>();\n        for(int i=0; i<n; i++){\n            if(i==0) a[i] = 1;\n            else{\n                if(kakko[i]=='(') a[i] = a[i-1] + 1;\n                else{\n                    a[i] = a[i-1] - 1;\n                    set.add(new Integer(i));\n                }\n            }\n            bkt[i/sz] = Math.min(a[i], bkt[i/sz]);\n        }\n        for(int i=0; i<m; i++){\n            int q = sc.nextInt()-1;\n            int idx = 0;\n            if(kakko[q]=='('){\n                kakko[q] = ')';\n                set.add(new Integer(q));\n                add(q, n, -2);\n                idx = set.higher(new Integer(-1));\n                kakko[idx] = '(';\n                set.remove(new Integer(idx));\n                add(idx, n, 2);\n            }else{\n                kakko[q] = '(';\n                set.remove(new Integer(q));\n                add(q, n, 2);\n                idx = search(q);\n                kakko[idx] = ')';\n                add(idx, n, -2);\n                set.add(new Integer(idx));\n            }\n            System.out.println(idx+1);\n        }\n    }\n    void add(int start, int last, int num){\n        int from = start - start%sz;\n        int to = from + sz;\n        for(int i=start/sz; i<=last/sz; i++){\n            if(start<=from && to<=last){\n                add[i] += num;\n            }else{\n                for(int j=from; j<to; j++){\n                    if(start<=j && j<last){\n                        a[j] += num;\n                        if(a[j] < bkt[i]) bkt[i] = a[j];\n                    }\n                }\n            }\n            from = to;\n            to += sz;\n        }\n    }\n    int search(int f){        \n        int from = f - f%sz;\n        int to = from + sz;\n        for(int i=f/sz; i>=0; i--){\n            if(bkt[i]+add[i]<=1){\n                for(int j=Math.min(f-1, to-1); j>=from; j--){\n                    if(a[j]+add[i]==1) return j+1;\n                }\n            }\n            to = from;\n            from -= sz;\n        }\n        return 0;\n    }\n    public static void main(String[] args){\n        new Main().solve();\n    }\n}",
      "covered_code": "Based on the given code snippet, test case input, and following the methodology illustrated in the example, let's develop a plan for step by step execution and predict the code coverage. \n\n**Given Test Case Input:** `5\\n2\\n(())\\n1\\n2`\n\n**Plan for Step by Step Execution and Code Coverage Prediction:**\n\n1. **Import statements:** Always executed. Statement `import java.util.*;` will be covered.\n    > import java.util.*;\n\n2. **Class Declaration:** Always executed. Statement `class Main{` is covered.\n    > class Main{\n\n3. **Main method and solve method declaration:** Always executed. Statements related to method declarations are covered.\n    > public static void main(String[] args){\n    > void solve(){\n\n4. **Variable Initialization and User Input:** The statements initiating scanning and reading input are always executed. \n    > n = sc.nextInt();\n    > m = sc.nextInt();\n    > kakko = sc.next().toCharArray();\n\n5. **Array Initialization:** All array initialization statements are executed.\n    > a = new int[n];\n    > bkt = new int[n/sz+10];\n    > add = new int[n/sz+10];\n\n6. **First for loop (Initialization and Population of Arrays):** This loop is executed based on the value of `n`. In this case, the loop runs 5 times since `n=5`.\n    > for(int i=0; i<n; i++){...}\n\n7. **Second for loop (Processing queries):** This loop runs based on the value of `m`, which is 2 in this case.\n    > for(int i=0; i<m; i++){...}\n\n8. **Conditional and Modification Statements within the second loop:** Since the loop runs twice, each conditional and modification statement within this loop is executed based on the input queries.\n    > if(kakko[q]=='('){...} else {...}\n\n9. **The `add` method calls:** The `add` method is called multiple times within the second loop based on the conditions.\n    > void add(int start, int last, int num){...}\n\n10. **The `search` method call:** The `search` method is conditionally called within the second loop.\n    > int search(int f){...}\n\n11. **Closing Brackets and End of Class:** Always executed.\n    > }\n\n**Predicted Code Coverage Based on the Plan:**\n\n- All import statements, class, and method declarations will be executed.\n- The user input-related statements will be executed once at the beginning.\n- Both loops (`for` loops) and their contents will be executed according to the inputs provided and the loop conditions.\n- Conditional statements inside the loops will be executed based on the specific conditions met during each iteration.\n- The `add` method is executed multiple times, whenever it's called within the second loop.\n- The `search` method's execution is conditional and depends on the value being processed in the second loop.\n- Closing brackets and end of class are always executed.\n\n**Coverage Indication:**\n- Every line in the given code snippet is expected to be executed based on the provided input. Therefore, it would be marked as executed (`>`), except for the lines that are conditionally skipped based on input values or loop conditions. However, based on the provided input, it appears that all significant paths through the code are covered.\n\nGiven this analysis doesn't detail line by line but provides an overall approach to how the program would execute and be covered by the given test case, the exact lines that would be executed or not can primarily be inferred as executed, given the comprehensive nature of the inputs relative to the program's logic.",
      "test_seed_coverage": [
        ">",
        ">",
        ">",
        ">",
        ">",
        ">",
        ">",
        ">",
        ">",
        ">",
        ">",
        ">",
        ">",
        ">",
        ">",
        ">",
        ">",
        ">",
        ">",
        ">",
        ">",
        ">",
        ">",
        ">",
        ">",
        ">",
        ">",
        ">",
        ">",
        ">",
        ">",
        ">",
        ">",
        ">",
        ">",
        ">",
        ">",
        ">",
        ">",
        ">",
        ">",
        ">",
        ">",
        ">",
        ">",
        ">",
        ">",
        ">",
        ">",
        ">",
        ">",
        ">",
        ">",
        ">",
        ">",
        ">",
        ">",
        ">",
        ">",
        ">",
        ">",
        ">",
        ">",
        ">",
        ">",
        ">",
        ">",
        ">",
        ">",
        ">",
        ">",
        ">",
        ">",
        ">",
        ">",
        ">",
        ">",
        ">",
        ">",
        ">",
        ">",
        ">",
        ">",
        ">",
        ">"
      ],
      "cumulative_coverage": [
        ">",
        ">",
        ">",
        ">",
        ">",
        ">",
        ">",
        ">",
        ">",
        ">",
        ">",
        ">",
        ">",
        ">",
        ">",
        ">",
        ">",
        ">",
        ">",
        ">",
        ">",
        ">",
        ">",
        ">",
        ">",
        ">",
        ">",
        ">",
        ">",
        ">",
        ">",
        ">",
        ">",
        ">",
        ">",
        ">",
        ">",
        ">",
        ">",
        ">",
        ">",
        ">",
        ">",
        ">",
        ">",
        ">",
        ">",
        ">",
        ">",
        ">",
        ">",
        ">",
        ">",
        ">",
        ">",
        ">",
        ">",
        ">",
        ">",
        ">",
        ">",
        ">",
        ">",
        ">",
        ">",
        ">",
        ">",
        ">",
        ">",
        ">",
        ">",
        ">",
        ">",
        ">",
        ">",
        ">",
        ">",
        ">",
        ">",
        ">",
        ">",
        ">",
        ">",
        ">",
        ">"
      ],
      "execution_error": "Exception in thread \"main\" java.lang.ArrayIndexOutOfBoundsException: Index 4 out of bounds for length 4\n\tat Main.solve(Main.java:19)\n\tat Main.main(Main.java:83)",
      "cerberus_output": "",
      "execution_result": "ArrayIndexOutOfBoundsException",
      "test_case_id": "6"
    }
  ]
}