{
  "submission_id": "s115766934",
  "cycles": [
    {
      "test_case": [
        "Test Case Input:\n\"abc\" \"def\" \"ghi\" \"jkl\" \".\""
      ],
      "test_mutations": [
        "Test Case Input:\n\"abc\" \"def\" \"ghi\" \"jkl\" \".\""
      ],
      "initial_code": "import java.util.ArrayList;\nimport java.util.List;\nimport java.util.Scanner;\npublic class Main {\n\tpublic static void main(String[] args) \n\t{\n\t\tScanner scan = new Scanner(System.in);\n\t\tString[] s = new String[2];\n\t\twhile(true)\n\t\t{\n\t\t\ts[0] = scan.next();\n\t\t\tif(s[0].equals(\".\")) {break;}\n\t\t\ts[1] = scan.next();\n\t\t\tList<String> ss1 = new ArrayList<String>();\n\t\t\tList<Integer> location = new ArrayList<Integer>();\n\t\t\tint miniCounter = -1;\n\t\t\tint stringDifferences = 0;\n\t\t\tint numOfSs2 = 0;\n\t\t\tboolean done = false;\n\t\t\tfor(int c = 0; c <= 1; c++)\n\t\t\t{\n\t\t\t\tint zure = 0;\n\t\t\t\tint start = -1;\n\t\t\t\tint end = 0;\n\t\t\t\tfor(int i = 0; i < s[c].length(); i++)\n\t\t\t\t{\n\t\t\t\t\tif(c == 1)\n\t\t\t\t\t{\n\t\t\t\t\t}\n\t\t\t\t\tString cur = s[c].substring(i, i+1);\n\t\t\t\t\tif(cur.equals(\"\\\"\"))\n\t\t\t\t\t{\n\t\t\t\t\t\tif(start == -1)\n\t\t\t\t\t\t{\n\t\t\t\t\t\t\tstart = i+1;\n\t\t\t\t\t\t}\n\t\t\t\t\t\telse\n\t\t\t\t\t\t{\n\t\t\t\t\t\t\tend = i-1;\n\t\t\t\t\t\t\tif(c == 0)\n\t\t\t\t\t\t\t{\n\t\t\t\t\t\t\t\tlocation.add(i);\n\t\t\t\t\t\t\t\tss1.add(s[c].substring(start, end+1));\n\t\t\t\t\t\t\t}\n\t\t\t\t\t\t\telse if(c == 1)\n\t\t\t\t\t\t\t{\n\t\t\t\t\t\t\t\tnumOfSs2 += 1;\n\t\t\t\t\t\t\t\tminiCounter += 1;\n\t\t\t\t\t\t\t\tString thisOne = s[c].substring(start, end+1);\n\t\t\t\t\t\t\t\tString prevOne = ss1.get(miniCounter);\n\t\t\t\t\t\t\t\tif(!thisOne.equals(prevOne))\n\t\t\t\t\t\t\t\t{\n\t\t\t\t\t\t\t\t\tstringDifferences += 1;\n\t\t\t\t\t\t\t\t\tif(stringDifferences >= 2)\n\t\t\t\t\t\t\t\t\t{\n\t\t\t\t\t\t\t\t\t\tSystem.out.println(\"DIFFERENT\");\n\t\t\t\t\t\t\t\t\t\tdone = true;\n\t\t\t\t\t\t\t\t\t\tbreak;\n\t\t\t\t\t\t\t\t\t}\n\t\t\t\t\t\t\t\t\telse\n\t\t\t\t\t\t\t\t\t{\n\t\t\t\t\t\t\t\t\t\tzure = prevOne.length() - thisOne.length();\n\t\t\t\t\t\t\t\t\t}\n\t\t\t\t\t\t\t\t}\n\t\t\t\t\t\t\t}\n\t\t\t\t\t\t\tstart = -1;\n\t\t\t\t\t\t}\n\t\t\t\t\t}\n\t\t\t\t\telse\n\t\t\t\t\t{\n\t\t\t\t\t\tif(start == -1)\n\t\t\t\t\t\t{\n\t\t\t\t\t\t\tif(c == 1)\n\t\t\t\t\t\t\t{\n\t\t\t\t\t\t\t\tString cur1 = s[0].substring(i+zure, i+1+zure);\n\t\t\t\t\t\t\t\tString cur2 = s[1].substring(i, i+1);\n\t\t\t\t\t\t\t\tif(!cur1.equals(cur2))\n\t\t\t\t\t\t\t\t{\n\t\t\t\t\t\t\t\t\tSystem.out.println(\"DIFFERENT\");\n\t\t\t\t\t\t\t\t\tdone = true;\n\t\t\t\t\t\t\t\t\tbreak;\n\t\t\t\t\t\t\t\t}\n\t\t\t\t\t\t\t}\n\t\t\t\t\t\t}\n\t\t\t\t\t}\n\t\t\t\t}\n\t\t\t}\n\t\t\tif(!done)\n\t\t\t{\n\t\t\t\tif(numOfSs2 == ss1.size())\n\t\t\t\t{\n\t\t\t\t\tif(stringDifferences == 1)\n\t\t\t\t\t{\n\t\t\t\t\t\tSystem.out.println(\"CLOSE\");\n\t\t\t\t\t}\n\t\t\t\t\telse if(stringDifferences == 0)\n\t\t\t\t\t{\n\t\t\t\t\t\tSystem.out.println(\"IDENTICAL\");\n\t\t\t\t\t}\n\t\t\t\t}\n\t\t\t\telse\n\t\t\t\t{\n\t\t\t\t\tSystem.out.println(\"DIFFERENT\");\n\t\t\t\t}\n\t\t\t}\n\t\t}\n\t}\n}",
      "covered_code": "Given the new Java program and the test case input, let's develop a plan for step by step execution and predict the code coverage.\n\nPLAN:\n1. Import Statements: These are always executed. Statements importing `ArrayList`, `List`, and `Scanner` are covered.\n2. Main Class Declaration: Always executed.\n3. Main Method Declaration: Always executed.\n4. User Input and Program Output: The program reads inputs in a loop until a \".\" is encountered. For the given input, it will read \"abc\", \"def\", \"ghi\", \"jkl\", and finally break at \".\".\n5. While Loop Execution: Since the loop continues until a \".\" is encountered, it will execute for each pair of inputs and break after reading \".\".\n6. Inside While Loop:\n   - Reading inputs: Always executed for each loop iteration until \".\" is read.\n   - Lists and variables initialization: Executed once per loop iteration.\n   - For Loop (c=0; c<=1; c++): Executed for both values of c (0 and 1) for each pair of inputs.\n   - String Operations and Conditions: Since the given inputs do not contain the specific character `\"`, the conditions and operations inside the if statements checking for `\"` will not be executed.\n   - The final `if` block that checks for differences and prints \"DIFFERENT\", \"CLOSE\", or \"IDENTICAL\": Not executed as per the given inputs since there are no quotations to form `ss1` or `location` lists, nor are there operations that lead to these outcomes based on the given inputs.\n\nPREDICTED CODE COVERAGE:\n> import java.util.ArrayList;\n> import java.util.List;\n> import java.util.Scanner;\n> public class Main {\n> public static void main(String[] args) \n{\n> Scanner scan = new Scanner(System.in);\n> String[] s = new String[2];\n> while(true)\n{\n>   s[0] = scan.next();\n>   if(s[0].equals(\".\")) {break;}\n>   s[1] = scan.next();\n>   List<String> ss1 = new ArrayList<String>();\n>   List<Integer> location = new ArrayList<Integer>();\n>   int miniCounter = -1;\n>   int stringDifferences = 0;\n>   int numOfSs2 = 0;\n>   boolean done = false;\n>   for(int c = 0; c <= 1; c++)\n{\n>     int zure = 0;\n>     int start = -1;\n>     int end = 0;\n>     for(int i = 0; i < s[c].length(); i++)\n{\n!       if(c == 1)\n{\n}\n>       String cur = s[c].substring(i, i+1);\n!       if(cur.equals(\"\\\"\"))\n{\n!           if(start == -1)\n{\n!               start = i+1;\n!           }\n!           else\n{\n!               end = i-1;\n!               if(c == 0)\n{\n!                   location.add(i);\n!                   ss1.add(s[c].substring(start, end+1));\n!               }\n!               else if(c == 1)\n{\n!                   numOfSs2 += 1;\n!                   miniCounter += 1;\n!                   String thisOne = s[c].substring(start, end+1);\n!                   String prevOne = ss1.get(miniCounter);\n!                   if(!thisOne.equals(prevOne))\n{\n!                       stringDifferences += 1;\n!                       if(stringDifferences >= 2)\n{\n!                           System.out.println(\"DIFFERENT\");\n!                           done = true;\n!                           break;\n!                       }\n!                       else\n{\n!                           zure = prevOne.length() - thisOne.length();\n!                       }\n!                   }\n!               }\n!               start = -1;\n!           }\n!       }\n!       else\n{\n!           if(start == -1)\n{\n!               if(c == 1)\n{\n!                   String cur1 = s[0].substring(i+zure, i+1+zure);\n!                   String cur2 = s[1].substring(i, i+1);\n!                   if(!cur1.equals(cur2))\n{\n!                       System.out.println(\"DIFFERENT\");\n!                       done = true;\n!                       break;\n!                   }\n!               }\n!           }\n!       }\n}\n}\n>   if(!done)\n{\n!       if(numOfSs2 == ss1.size())\n{\n!           if(stringDifferences == 1)\n{\n!               System.out.println(\"CLOSE\");\n!           }\n!           else if(stringDifferences == 0)\n{\n!               System.out.println(\"IDENTICAL\");\n!           }\n!       }\n!       else\n{\n!           System.out.println(\"DIFFERENT\");\n!       }\n}\n}\n}\n\nThe lines marked with `!` are not executed because the given inputs do not contain the specific character `\"` to satisfy conditions related to quotations, nor do they lead to the outcomes checked in the final if conditions. The program mainly reads inputs, but the specific logic for comparing strings within quotes and the subsequent outcomes (\"DIFFERENT\", \"CLOSE\", \"IDENTICAL\") are not reached with the provided inputs.",
      "test_seed_coverage": [
        ">",
        ">",
        ">",
        ">",
        ">",
        ">",
        ">",
        ">",
        ">",
        ">",
        ">",
        ">",
        ">",
        ">",
        ">",
        ">",
        ">",
        ">",
        ">",
        ">",
        ">",
        ">",
        "!",
        ">",
        "!",
        "!",
        "!",
        "!",
        "!",
        "!",
        "!",
        "!",
        "!",
        "!",
        "!",
        "!",
        "!",
        "!",
        "!",
        "!",
        "!",
        "!",
        "!",
        "!",
        "!",
        "!",
        "!",
        "!",
        "!",
        "!",
        "!",
        "!",
        "!",
        "!",
        "!",
        "!",
        "!",
        "!",
        "!",
        "!",
        "!",
        "!",
        "!",
        "!",
        "!",
        "!",
        "!",
        ">",
        "!",
        "!",
        "!",
        "!",
        "!",
        "!",
        "!",
        "!",
        "!",
        "!",
        "!",
        ">",
        ">",
        ">",
        ">",
        ">",
        ">",
        ">",
        ">",
        ">",
        ">",
        ">",
        ">",
        ">",
        ">",
        ">",
        ">",
        ">",
        ">",
        ">",
        ">",
        ">",
        ">",
        ">",
        ">",
        ">",
        ">",
        ">",
        ">",
        ">"
      ],
      "cumulative_coverage": [
        ">",
        ">",
        ">",
        ">",
        ">",
        ">",
        ">",
        ">",
        ">",
        ">",
        ">",
        ">",
        ">",
        ">",
        ">",
        ">",
        ">",
        ">",
        ">",
        ">",
        ">",
        ">",
        "!",
        ">",
        "!",
        "!",
        "!",
        "!",
        "!",
        "!",
        "!",
        "!",
        "!",
        "!",
        "!",
        "!",
        "!",
        "!",
        "!",
        "!",
        "!",
        "!",
        "!",
        "!",
        "!",
        "!",
        "!",
        "!",
        "!",
        "!",
        "!",
        "!",
        "!",
        "!",
        "!",
        "!",
        "!",
        "!",
        "!",
        "!",
        "!",
        "!",
        "!",
        "!",
        "!",
        "!",
        "!",
        ">",
        "!",
        "!",
        "!",
        "!",
        "!",
        "!",
        "!",
        "!",
        "!",
        "!",
        "!",
        ">",
        ">",
        ">",
        ">",
        ">",
        ">",
        ">",
        ">",
        ">",
        ">",
        ">",
        ">",
        ">",
        ">",
        ">",
        ">",
        ">",
        ">",
        ">",
        ">",
        ">",
        ">",
        ">",
        ">",
        ">",
        ">",
        ">",
        ">",
        ">"
      ],
      "execution_error": "Exception in thread \"main\" java.util.NoSuchElementException\n\tat java.base/java.util.Scanner.throwFor(Scanner.java:945)\n\tat java.base/java.util.Scanner.next(Scanner.java:1486)\n\tat Main.main(Main.java:13)",
      "cerberus_output": "",
      "execution_result": "NoSuchElementException",
      "test_case_id": "1"
    },
    {
      "test_case": [
        "Test Case Input:\n\"hello\" \"world\""
      ],
      "test_mutations": [
        "Test Case Input:\n\"hello\" \"world\""
      ],
      "initial_code": "import java.util.ArrayList;\nimport java.util.List;\nimport java.util.Scanner;\npublic class Main {\n\tpublic static void main(String[] args) \n\t{\n\t\tScanner scan = new Scanner(System.in);\n\t\tString[] s = new String[2];\n\t\twhile(true)\n\t\t{\n\t\t\ts[0] = scan.next();\n\t\t\tif(s[0].equals(\".\")) {break;}\n\t\t\ts[1] = scan.next();\n\t\t\tList<String> ss1 = new ArrayList<String>();\n\t\t\tList<Integer> location = new ArrayList<Integer>();\n\t\t\tint miniCounter = -1;\n\t\t\tint stringDifferences = 0;\n\t\t\tint numOfSs2 = 0;\n\t\t\tboolean done = false;\n\t\t\tfor(int c = 0; c <= 1; c++)\n\t\t\t{\n\t\t\t\tint zure = 0;\n\t\t\t\tint start = -1;\n\t\t\t\tint end = 0;\n\t\t\t\tfor(int i = 0; i < s[c].length(); i++)\n\t\t\t\t{\n\t\t\t\t\tif(c == 1)\n\t\t\t\t\t{\n\t\t\t\t\t}\n\t\t\t\t\tString cur = s[c].substring(i, i+1);\n\t\t\t\t\tif(cur.equals(\"\\\"\"))\n\t\t\t\t\t{\n\t\t\t\t\t\tif(start == -1)\n\t\t\t\t\t\t{\n\t\t\t\t\t\t\tstart = i+1;\n\t\t\t\t\t\t}\n\t\t\t\t\t\telse\n\t\t\t\t\t\t{\n\t\t\t\t\t\t\tend = i-1;\n\t\t\t\t\t\t\tif(c == 0)\n\t\t\t\t\t\t\t{\n\t\t\t\t\t\t\t\tlocation.add(i);\n\t\t\t\t\t\t\t\tss1.add(s[c].substring(start, end+1));\n\t\t\t\t\t\t\t}\n\t\t\t\t\t\t\telse if(c == 1)\n\t\t\t\t\t\t\t{\n\t\t\t\t\t\t\t\tnumOfSs2 += 1;\n\t\t\t\t\t\t\t\tminiCounter += 1;\n\t\t\t\t\t\t\t\tString thisOne = s[c].substring(start, end+1);\n\t\t\t\t\t\t\t\tString prevOne = ss1.get(miniCounter);\n\t\t\t\t\t\t\t\tif(!thisOne.equals(prevOne))\n\t\t\t\t\t\t\t\t{\n\t\t\t\t\t\t\t\t\tstringDifferences += 1;\n\t\t\t\t\t\t\t\t\tif(stringDifferences >= 2)\n\t\t\t\t\t\t\t\t\t{\n\t\t\t\t\t\t\t\t\t\tSystem.out.println(\"DIFFERENT\");\n\t\t\t\t\t\t\t\t\t\tdone = true;\n\t\t\t\t\t\t\t\t\t\tbreak;\n\t\t\t\t\t\t\t\t\t}\n\t\t\t\t\t\t\t\t\telse\n\t\t\t\t\t\t\t\t\t{\n\t\t\t\t\t\t\t\t\t\tzure = prevOne.length() - thisOne.length();\n\t\t\t\t\t\t\t\t\t}\n\t\t\t\t\t\t\t\t}\n\t\t\t\t\t\t\t}\n\t\t\t\t\t\t\tstart = -1;\n\t\t\t\t\t\t}\n\t\t\t\t\t}\n\t\t\t\t\telse\n\t\t\t\t\t{\n\t\t\t\t\t\tif(start == -1)\n\t\t\t\t\t\t{\n\t\t\t\t\t\t\tif(c == 1)\n\t\t\t\t\t\t\t{\n\t\t\t\t\t\t\t\tString cur1 = s[0].substring(i+zure, i+1+zure);\n\t\t\t\t\t\t\t\tString cur2 = s[1].substring(i, i+1);\n\t\t\t\t\t\t\t\tif(!cur1.equals(cur2))\n\t\t\t\t\t\t\t\t{\n\t\t\t\t\t\t\t\t\tSystem.out.println(\"DIFFERENT\");\n\t\t\t\t\t\t\t\t\tdone = true;\n\t\t\t\t\t\t\t\t\tbreak;\n\t\t\t\t\t\t\t\t}\n\t\t\t\t\t\t\t}\n\t\t\t\t\t\t}\n\t\t\t\t\t}\n\t\t\t\t}\n\t\t\t}\n\t\t\tif(!done)\n\t\t\t{\n\t\t\t\tif(numOfSs2 == ss1.size())\n\t\t\t\t{\n\t\t\t\t\tif(stringDifferences == 1)\n\t\t\t\t\t{\n\t\t\t\t\t\tSystem.out.println(\"CLOSE\");\n\t\t\t\t\t}\n\t\t\t\t\telse if(stringDifferences == 0)\n\t\t\t\t\t{\n\t\t\t\t\t\tSystem.out.println(\"IDENTICAL\");\n\t\t\t\t\t}\n\t\t\t\t}\n\t\t\t\telse\n\t\t\t\t{\n\t\t\t\t\tSystem.out.println(\"DIFFERENT\");\n\t\t\t\t}\n\t\t\t}\n\t\t}\n\t}\n}",
      "covered_code": "Given the test case input \"hello\" \"world\", let's develop a plan for step-by-step execution of the program and predict the code coverage.\n\n1. **Import statements**: Always executed.\n   > `import java.util.ArrayList;`\n   > `import java.util.List;`\n   > `import java.util.Scanner;`\n\n2. **Class declaration**: Always executed.\n   > `public class Main {`\n\n3. **Main method declaration**: Always executed.\n   > `public static void main(String[] args)`\n\n4. **Scanner object creation**: Always executed.\n   > `Scanner scan = new Scanner(System.in);`\n\n5. **String array creation**: Always executed.\n   > `String[] s = new String[2];`\n\n6. **Infinite loop condition**: Always executed until a break condition is met.\n   > `while(true)`\n\n7. **Reading input**: For the given test case, this will be executed twice, once for `hello` and once for `world`.\n   > `s[0] = scan.next();`\n   > `s[1] = scan.next();`\n\n8. **Break condition**: Not met since input does not equal \".\".\n   > `if(s[0].equals(\".\")) {break;}`\n\n9. **ArrayList creation for storing strings and locations**: Always executed.\n   > `List<String> ss1 = new ArrayList<String>();`\n   > `List<Integer> location = new ArrayList<Integer>();`\n\n10. **Initialization of variables**: Always executed.\n    > `int miniCounter = -1;`\n    > `int stringDifferences = 0;`\n    > `int numOfSs2 = 0;`\n    > `boolean done = false;`\n\n11. **Loop through string array**: This will execute for each element in the `s` array (2 times).\n    > `for(int c = 0; c <= 1; c++)`\n\n12. **Initialization of local loop variables**: These are executed within the loop for each iteration.\n    > `int zure = 0;`\n    > `int start = -1;`\n    > `int end = 0;`\n\n13. **Inner loop through string length**: Executed for the length of each string in the `s` array.\n    > `for(int i = 0; i < s[c].length(); i++)`\n\n14. **Condition checking for quotes**: Since there are no quotes in \"hello\" or \"world\", the following blocks are not executed:\n    > `if(cur.equals(\"\\\"\"))`\n\n15. **Comparison conditions and updates**: Not executed due to absence of quotes in input strings.\n\n16. **Final comparison and output**: Since the input does not match the expected pattern (no quotes), most of the conditional logic related to string comparison and output is not executed.\n\n17. **Output based on differences**: Not reached due to the nature of inputs.\n\n18. **Scanner close**: Not present, but would be executed if included after the loop.\n\nPredicted code coverage based on the given test case input \"hello\" \"world\" shows that many parts of the conditional logic, especially those dealing with string comparison inside quotes, are not executed. The primary execution path includes the setup, loop initiation, and reading inputs without entering conditional blocks related to string comparison logic.\n\nCode Coverage:\n> Import statements\n> Class declaration\n> Main method declaration\n> Scanner object creation\n> String array creation\n> Infinite loop condition\n> Reading input\n! Break condition\n> ArrayList creation for storing strings and locations\n> Initialization of variables\n> Loop through string array\n> Initialization of local loop variables\n> Inner loop through string length\n! Condition checking for quotes\n! Comparison conditions and updates\n! Final comparison and output\n! Output based on differences\n\nGiven the nature of the input and the program's expectations, much of the specific string comparison logic is not exercised, highlighting the importance of choosing test cases that cover various paths through the code to achieve comprehensive code coverage.",
      "test_seed_coverage": [
        ">",
        ">",
        ">",
        ">",
        ">",
        ">",
        ">",
        ">",
        ">",
        ">",
        ">",
        ">",
        ">",
        ">",
        ">",
        ">",
        ">",
        ">",
        ">",
        ">",
        ">",
        ">",
        ">",
        ">",
        ">",
        ">",
        ">",
        ">",
        ">",
        ">",
        "!",
        ">",
        ">",
        ">",
        ">",
        ">",
        "!",
        "!",
        "!",
        "!",
        ">",
        ">",
        ">",
        ">",
        ">",
        ">",
        ">",
        ">",
        ">",
        ">",
        ">",
        ">",
        ">",
        ">",
        ">",
        ">",
        ">",
        ">",
        ">",
        ">",
        ">",
        ">",
        ">",
        ">",
        ">",
        ">",
        ">",
        ">",
        ">",
        ">",
        ">",
        ">",
        ">",
        ">",
        ">",
        ">",
        ">",
        ">",
        ">",
        ">",
        ">",
        ">",
        ">",
        ">",
        ">",
        ">",
        ">",
        ">",
        ">",
        ">",
        ">",
        ">",
        ">",
        ">",
        ">",
        ">",
        ">",
        ">",
        ">",
        ">",
        ">",
        ">",
        ">",
        ">",
        ">",
        ">",
        ">",
        ">"
      ],
      "cumulative_coverage": [
        ">",
        ">",
        ">",
        ">",
        ">",
        ">",
        ">",
        ">",
        ">",
        ">",
        ">",
        ">",
        ">",
        ">",
        ">",
        ">",
        ">",
        ">",
        ">",
        ">",
        ">",
        ">",
        ">",
        ">",
        ">",
        ">",
        ">",
        ">",
        ">",
        ">",
        "!",
        ">",
        ">",
        ">",
        ">",
        ">",
        "!",
        "!",
        "!",
        "!",
        ">",
        ">",
        ">",
        ">",
        ">",
        ">",
        ">",
        ">",
        ">",
        ">",
        ">",
        ">",
        ">",
        ">",
        ">",
        ">",
        ">",
        ">",
        ">",
        ">",
        ">",
        ">",
        ">",
        ">",
        ">",
        ">",
        ">",
        ">",
        ">",
        ">",
        ">",
        ">",
        ">",
        ">",
        ">",
        ">",
        ">",
        ">",
        ">",
        ">",
        ">",
        ">",
        ">",
        ">",
        ">",
        ">",
        ">",
        ">",
        ">",
        ">",
        ">",
        ">",
        ">",
        ">",
        ">",
        ">",
        ">",
        ">",
        ">",
        ">",
        ">",
        ">",
        ">",
        ">",
        ">",
        ">",
        ">",
        ">"
      ],
      "execution_error": "Exception in thread \"main\" java.util.NoSuchElementException\n\tat java.base/java.util.Scanner.throwFor(Scanner.java:945)\n\tat java.base/java.util.Scanner.next(Scanner.java:1486)\n\tat Main.main(Main.java:11)",
      "cerberus_output": "",
      "execution_result": "NoSuchElementException",
      "test_case_id": "2"
    },
    {
      "test_case": [
        "Test Case Input:\n\"Alice Bob\" \"Alice Bob\" ."
      ],
      "test_mutations": [
        "Test Case Input:\n\"Alice Bob\" \"Alice Bob\" ."
      ],
      "initial_code": "import java.util.ArrayList;\nimport java.util.List;\nimport java.util.Scanner;\npublic class Main {\n\tpublic static void main(String[] args) \n\t{\n\t\tScanner scan = new Scanner(System.in);\n\t\tString[] s = new String[2];\n\t\twhile(true)\n\t\t{\n\t\t\ts[0] = scan.next();\n\t\t\tif(s[0].equals(\".\")) {break;}\n\t\t\ts[1] = scan.next();\n\t\t\tList<String> ss1 = new ArrayList<String>();\n\t\t\tList<Integer> location = new ArrayList<Integer>();\n\t\t\tint miniCounter = -1;\n\t\t\tint stringDifferences = 0;\n\t\t\tint numOfSs2 = 0;\n\t\t\tboolean done = false;\n\t\t\tfor(int c = 0; c <= 1; c++)\n\t\t\t{\n\t\t\t\tint zure = 0;\n\t\t\t\tint start = -1;\n\t\t\t\tint end = 0;\n\t\t\t\tfor(int i = 0; i < s[c].length(); i++)\n\t\t\t\t{\n\t\t\t\t\tif(c == 1)\n\t\t\t\t\t{\n\t\t\t\t\t}\n\t\t\t\t\tString cur = s[c].substring(i, i+1);\n\t\t\t\t\tif(cur.equals(\"\\\"\"))\n\t\t\t\t\t{\n\t\t\t\t\t\tif(start == -1)\n\t\t\t\t\t\t{\n\t\t\t\t\t\t\tstart = i+1;\n\t\t\t\t\t\t}\n\t\t\t\t\t\telse\n\t\t\t\t\t\t{\n\t\t\t\t\t\t\tend = i-1;\n\t\t\t\t\t\t\tif(c == 0)\n\t\t\t\t\t\t\t{\n\t\t\t\t\t\t\t\tlocation.add(i);\n\t\t\t\t\t\t\t\tss1.add(s[c].substring(start, end+1));\n\t\t\t\t\t\t\t}\n\t\t\t\t\t\t\telse if(c == 1)\n\t\t\t\t\t\t\t{\n\t\t\t\t\t\t\t\tnumOfSs2 += 1;\n\t\t\t\t\t\t\t\tminiCounter += 1;\n\t\t\t\t\t\t\t\tString thisOne = s[c].substring(start, end+1);\n\t\t\t\t\t\t\t\tString prevOne = ss1.get(miniCounter);\n\t\t\t\t\t\t\t\tif(!thisOne.equals(prevOne))\n\t\t\t\t\t\t\t\t{\n\t\t\t\t\t\t\t\t\tstringDifferences += 1;\n\t\t\t\t\t\t\t\t\tif(stringDifferences >= 2)\n\t\t\t\t\t\t\t\t\t{\n\t\t\t\t\t\t\t\t\t\tSystem.out.println(\"DIFFERENT\");\n\t\t\t\t\t\t\t\t\t\tdone = true;\n\t\t\t\t\t\t\t\t\t\tbreak;\n\t\t\t\t\t\t\t\t\t}\n\t\t\t\t\t\t\t\t\telse\n\t\t\t\t\t\t\t\t\t{\n\t\t\t\t\t\t\t\t\t\tzure = prevOne.length() - thisOne.length();\n\t\t\t\t\t\t\t\t\t}\n\t\t\t\t\t\t\t\t}\n\t\t\t\t\t\t\t}\n\t\t\t\t\t\t\tstart = -1;\n\t\t\t\t\t\t}\n\t\t\t\t\t}\n\t\t\t\t\telse\n\t\t\t\t\t{\n\t\t\t\t\t\tif(start == -1)\n\t\t\t\t\t\t{\n\t\t\t\t\t\t\tif(c == 1)\n\t\t\t\t\t\t\t{\n\t\t\t\t\t\t\t\tString cur1 = s[0].substring(i+zure, i+1+zure);\n\t\t\t\t\t\t\t\tString cur2 = s[1].substring(i, i+1);\n\t\t\t\t\t\t\t\tif(!cur1.equals(cur2))\n\t\t\t\t\t\t\t\t{\n\t\t\t\t\t\t\t\t\tSystem.out.println(\"DIFFERENT\");\n\t\t\t\t\t\t\t\t\tdone = true;\n\t\t\t\t\t\t\t\t\tbreak;\n\t\t\t\t\t\t\t\t}\n\t\t\t\t\t\t\t}\n\t\t\t\t\t\t}\n\t\t\t\t\t}\n\t\t\t\t}\n\t\t\t}\n\t\t\tif(!done)\n\t\t\t{\n\t\t\t\tif(numOfSs2 == ss1.size())\n\t\t\t\t{\n\t\t\t\t\tif(stringDifferences == 1)\n\t\t\t\t\t{\n\t\t\t\t\t\tSystem.out.println(\"CLOSE\");\n\t\t\t\t\t}\n\t\t\t\t\telse if(stringDifferences == 0)\n\t\t\t\t\t{\n\t\t\t\t\t\tSystem.out.println(\"IDENTICAL\");\n\t\t\t\t\t}\n\t\t\t\t}\n\t\t\t\telse\n\t\t\t\t{\n\t\t\t\t\tSystem.out.println(\"DIFFERENT\");\n\t\t\t\t}\n\t\t\t}\n\t\t}\n\t}\n}",
      "covered_code": "Given the test case input \"Alice Bob\" \"Alice Bob\" ., let's develop a plan for step by step execution of the Java program and predict the code coverage.\n\n**PLAN:**\n\n1. **Import Statements:** Always executed. Statements \"import java.util.ArrayList;\", \"import java.util.List;\", and \"import java.util.Scanner;\" will be covered.\n\n2. **Main Class Declaration:** Always executed. Statement \"public class Main {\" is covered.\n\n3. **Main Method Declaration:** Always executed. Statement \"public static void main(String[] args)\" is covered.\n\n4. **Scanner and Variable Initialization:** Always executed. Statements \"Scanner scan = new Scanner(System.in);\" and \"String[] s = new String[2];\" are covered.\n\n5. **While Loop:** Since the condition is `true`, the loop will continue until a break statement is encountered. Statement \"while(true)\" is covered.\n\n6. **Reading Input:** The first call to `scan.next()` will read \"Alice\". The condition `if(s[0].equals(\".\")) {break;}` is not satisfied, so the break statement is not executed. The next call to `scan.next()` will read \"Bob\". Statements inside the while loop for reading input are covered.\n\n7. **List and Variable Initialization inside the loop:** Always executed when the loop iterates. Statements initializing `ss1`, `location`, `miniCounter`, `stringDifferences`, `numOfSs2`, and `done` are covered.\n\n8. **For Loop (c=0 to 1):** The for loop iterates twice as expected. Statement \"for(int c = 0; c <= 1; c++)\" is covered.\n\n9. **Inner For Loop (i=0 to length of s[c]):** Since `s[c]` doesn't contain any `\"`, the conditions and operations related to processing quotations are not executed. However, the loop itself \"for(int i = 0; i < s[c].length(); i++)\" and the condition checking for quotes are executed.\n\n10. **If Conditions and Processing:** The specific conditions to check and operate on quotes are not satisfied due to the input not containing any `\"`. So, any statement inside these conditions is not executed.\n\n11. **Final If Condition to Print Results:** Since `done` remains `false`, the program checks `if(numOfSs2 == ss1.size())` which is true (both are 0), and since `stringDifferences` is also 0, it prints \"IDENTICAL\". This part of the code is covered.\n\n12. **Breaking out of the While Loop:** The next call to `scan.next()` reads \".\", which satisfies the break condition. The loop is then exited. Statement \"if(s[0].equals(\".\")) {break;}\" when `s[0] = \".\"` is covered.\n\n13. **Closing Brackets and End of Program:** Always covered.\n\n**Prediction of Code Coverage:**\n\n> import java.util.ArrayList;\n> import java.util.List;\n> import java.util.Scanner;\n> public class Main {\n> \tpublic static void main(String[] args)\n> \t{\n> \t\tScanner scan = new Scanner(System.in);\n> \t\tString[] s = new String[2];\n> \t\twhile(true)\n> \t\t{\n> \t\t\ts[0] = scan.next();\n> \t\t\tif(s[0].equals(\".\")) {break;}\n> \t\t\ts[1] = scan.next();\n> \t\t\tList<String> ss1 = new ArrayList<String>();\n> \t\t\tList<Integer> location = new ArrayList<Integer>();\n> \t\t\tint miniCounter = -1;\n> \t\t\tint stringDifferences = 0;\n> \t\t\tint numOfSs2 = 0;\n> \t\t\tboolean done = false;\n> \t\t\tfor(int c = 0; c <= 1; c++)\n> \t\t\t{\n> \t\t\t\tint zure = 0;\n> \t\t\t\tint start = -1;\n> \t\t\t\tint end = 0;\n> \t\t\t\tfor(int i = 0; i < s[c].length(); i++)\n> \t\t\t\t{\n> \t\t\t\t\tif(c == 1)\n> \t\t\t\t\t{\n> \t\t\t\t\t}\n> \t\t\t\t\tString cur = s[c].substring(i, i+1);\n> \t\t\t\t\tif(cur.equals(\"\\\"\"))\n> \t\t\t\t\t{\n! \t\t\t\t\t\tif(start == -1)\n! \t\t\t\t\t\t{\n! \t\t\t\t\t\t}\n! \t\t\t\t\t\telse\n! \t\t\t\t\t\t{\n! \t\t\t\t\t\t\tend = i-1;\n! \t\t\t\t\t\t\tif(c == 0)\n! \t\t\t\t\t\t\t{\n! \t\t\t\t\t\t\t\tlocation.add(i);\n! \t\t\t\t\t\t\t\tss1.add(s[c].substring(start, end+1));\n! \t\t\t\t\t\t\t}\n! \t\t\t\t\t\t\telse if(c == 1)\n! \t\t\t\t\t\t\t{\n! \t\t\t\t\t\t\t\tnumOfSs2 += 1;\n! \t\t\t\t\t\t\t\tminiCounter += 1;\n! \t\t\t\t\t\t\t\tString thisOne = s[c].substring(start, end+1);\n! \t\t\t\t\t\t\t\tString prevOne = ss1.get(miniCounter);\n! \t\t\t\t\t\t\t\tif(!thisOne.equals(prevOne))\n! \t\t\t\t\t\t\t\t{\n! \t\t\t\t\t\t\t\t\tstringDifferences += 1;\n! \t\t\t\t\t\t\t\t\tif(stringDifferences >= 2)\n! \t\t\t\t\t\t\t\t\t{\n! \t\t\t\t\t\t\t\t\t\tSystem.out.println(\"DIFFERENT\");\n! \t\t\t\t\t\t\t\t\t\tdone = true;\n! \t\t\t\t\t\t\t\t\t\tbreak;\n! \t\t\t\t\t\t\t\t\t}\n! \t\t\t\t\t\t\t\t\telse\n! \t\t\t\t\t\t\t\t\t{\n! \t\t\t\t\t\t\t\t\t\tzure = prevOne.length() - thisOne.length();\n! \t\t\t\t\t\t\t\t\t}\n! \t\t\t\t\t\t\t\t}\n! \t\t\t\t\t\t\t}\n! \t\t\t\t\t\t\tstart = -1;\n! \t\t\t\t\t\t}\n! \t\t\t\t\t}\n> \t\t\t\t\telse\n> \t\t\t\t\t{\n> \t\t\t\t\t\tif(start == -1)\n> \t\t\t\t\t\t{\n> \t\t\t\t\t\t\tif(c == 1)\n> \t\t\t\t\t\t\t{\n! \t\t\t\t\t\t\t\tString cur1 = s[0].substring(i+zure, i+1+zure);\n! \t\t\t\t\t\t\t\tString cur2 = s[1].substring(i, i+1);\n! \t\t\t\t\t\t\t\tif(!cur1.equals(cur2))\n! \t\t\t\t\t\t\t\t{\n> \t\t\t\t\t\t\t\t\tSystem.out.println(\"DIFFERENT\");\n> \t\t\t\t\t\t\t\t\tdone = true;\n> \t\t\t\t\t\t\t\t\tbreak;\n! \t\t\t\t\t\t\t\t}\n> \t\t\t\t\t\t\t}\n> \t\t\t\t\t\t}\n> \t\t\t\t\t}\n> \t\t\t\t}\n> \t\t\t}\n> \t\t\tif(!done)\n> \t\t\t{\n> \t\t\t\tif(numOfSs2 == ss1.size())\n> \t\t\t\t{\n> \t\t\t\t\tif(stringDifferences == 1)\n> \t\t\t\t\t{\n! \t\t\t\t\t\tSystem.out.println(\"CLOSE\");\n> \t\t\t\t\t}\n> \t\t\t\t\telse if(stringDifferences == 0)\n> \t\t\t\t\t{\n> \t\t\t\t\t\tSystem.out.println(\"IDENTICAL\");\n> \t\t\t\t\t}\n> \t\t\t\t}\n> \t\t\t\telse\n> \t\t\t\t{\n! \t\t\t\t\tSystem.out.println(\"DIFFERENT\");\n> \t\t\t\t}\n> \t\t\t}\n> \t\t}\n> \t}\n> }\n\n**Output:**\nThe code prints \"IDENTICAL\" for the given input before encountering the \".\" and breaking out of the loop.",
      "test_seed_coverage": [
        ">",
        ">",
        ">",
        ">",
        ">",
        ">",
        ">",
        ">",
        ">",
        ">",
        ">",
        ">",
        ">",
        ">",
        ">",
        ">",
        ">",
        ">",
        ">",
        ">",
        ">",
        ">",
        ">",
        ">",
        ">",
        ">",
        ">",
        ">",
        ">",
        ">",
        ">",
        ">",
        ">",
        ">",
        ">",
        ">",
        "!",
        "!",
        "!",
        "!",
        ">",
        ">",
        ">",
        ">",
        ">",
        ">",
        ">",
        ">",
        ">",
        ">",
        ">",
        ">",
        ">",
        ">",
        ">",
        ">",
        ">",
        ">",
        ">",
        ">",
        ">",
        ">",
        ">",
        ">",
        ">",
        ">",
        ">",
        ">",
        ">",
        ">",
        ">",
        ">",
        ">",
        ">",
        ">",
        ">",
        ">",
        ">",
        ">",
        ">",
        ">",
        ">",
        ">",
        ">",
        ">",
        ">",
        ">",
        ">",
        ">",
        ">",
        ">",
        ">",
        ">",
        ">",
        ">",
        ">",
        ">",
        ">",
        ">",
        ">",
        ">",
        ">",
        ">",
        ">",
        ">",
        ">",
        ">",
        ">"
      ],
      "cumulative_coverage": [
        ">",
        ">",
        ">",
        ">",
        ">",
        ">",
        ">",
        ">",
        ">",
        ">",
        ">",
        ">",
        ">",
        ">",
        ">",
        ">",
        ">",
        ">",
        ">",
        ">",
        ">",
        ">",
        ">",
        ">",
        ">",
        ">",
        ">",
        ">",
        ">",
        ">",
        ">",
        ">",
        ">",
        ">",
        ">",
        ">",
        "!",
        "!",
        "!",
        "!",
        ">",
        ">",
        ">",
        ">",
        ">",
        ">",
        ">",
        ">",
        ">",
        ">",
        ">",
        ">",
        ">",
        ">",
        ">",
        ">",
        ">",
        ">",
        ">",
        ">",
        ">",
        ">",
        ">",
        ">",
        ">",
        ">",
        ">",
        ">",
        ">",
        ">",
        ">",
        ">",
        ">",
        ">",
        ">",
        ">",
        ">",
        ">",
        ">",
        ">",
        ">",
        ">",
        ">",
        ">",
        ">",
        ">",
        ">",
        ">",
        ">",
        ">",
        ">",
        ">",
        ">",
        ">",
        ">",
        ">",
        ">",
        ">",
        ">",
        ">",
        ">",
        ">",
        ">",
        ">",
        ">",
        ">",
        ">",
        ">"
      ],
      "execution_output": "DIFFERENT\nDIFFERENT",
      "cerberus_output": "",
      "execution_result": "",
      "test_case_id": "3"
    },
    {
      "test_case": [
        "Test Case Input:\n\"Hello\" \"World\" ."
      ],
      "test_mutations": [
        "Test Case Input:\n\"Hello\" \"World\" ."
      ],
      "initial_code": "import java.util.ArrayList;\nimport java.util.List;\nimport java.util.Scanner;\npublic class Main {\n\tpublic static void main(String[] args) \n\t{\n\t\tScanner scan = new Scanner(System.in);\n\t\tString[] s = new String[2];\n\t\twhile(true)\n\t\t{\n\t\t\ts[0] = scan.next();\n\t\t\tif(s[0].equals(\".\")) {break;}\n\t\t\ts[1] = scan.next();\n\t\t\tList<String> ss1 = new ArrayList<String>();\n\t\t\tList<Integer> location = new ArrayList<Integer>();\n\t\t\tint miniCounter = -1;\n\t\t\tint stringDifferences = 0;\n\t\t\tint numOfSs2 = 0;\n\t\t\tboolean done = false;\n\t\t\tfor(int c = 0; c <= 1; c++)\n\t\t\t{\n\t\t\t\tint zure = 0;\n\t\t\t\tint start = -1;\n\t\t\t\tint end = 0;\n\t\t\t\tfor(int i = 0; i < s[c].length(); i++)\n\t\t\t\t{\n\t\t\t\t\tif(c == 1)\n\t\t\t\t\t{\n\t\t\t\t\t}\n\t\t\t\t\tString cur = s[c].substring(i, i+1);\n\t\t\t\t\tif(cur.equals(\"\\\"\"))\n\t\t\t\t\t{\n\t\t\t\t\t\tif(start == -1)\n\t\t\t\t\t\t{\n\t\t\t\t\t\t\tstart = i+1;\n\t\t\t\t\t\t}\n\t\t\t\t\t\telse\n\t\t\t\t\t\t{\n\t\t\t\t\t\t\tend = i-1;\n\t\t\t\t\t\t\tif(c == 0)\n\t\t\t\t\t\t\t{\n\t\t\t\t\t\t\t\tlocation.add(i);\n\t\t\t\t\t\t\t\tss1.add(s[c].substring(start, end+1));\n\t\t\t\t\t\t\t}\n\t\t\t\t\t\t\telse if(c == 1)\n\t\t\t\t\t\t\t{\n\t\t\t\t\t\t\t\tnumOfSs2 += 1;\n\t\t\t\t\t\t\t\tminiCounter += 1;\n\t\t\t\t\t\t\t\tString thisOne = s[c].substring(start, end+1);\n\t\t\t\t\t\t\t\tString prevOne = ss1.get(miniCounter);\n\t\t\t\t\t\t\t\tif(!thisOne.equals(prevOne))\n\t\t\t\t\t\t\t\t{\n\t\t\t\t\t\t\t\t\tstringDifferences += 1;\n\t\t\t\t\t\t\t\t\tif(stringDifferences >= 2)\n\t\t\t\t\t\t\t\t\t{\n\t\t\t\t\t\t\t\t\t\tSystem.out.println(\"DIFFERENT\");\n\t\t\t\t\t\t\t\t\t\tdone = true;\n\t\t\t\t\t\t\t\t\t\tbreak;\n\t\t\t\t\t\t\t\t\t}\n\t\t\t\t\t\t\t\t\telse\n\t\t\t\t\t\t\t\t\t{\n\t\t\t\t\t\t\t\t\t\tzure = prevOne.length() - thisOne.length();\n\t\t\t\t\t\t\t\t\t}\n\t\t\t\t\t\t\t\t}\n\t\t\t\t\t\t\t}\n\t\t\t\t\t\t\tstart = -1;\n\t\t\t\t\t\t}\n\t\t\t\t\t}\n\t\t\t\t\telse\n\t\t\t\t\t{\n\t\t\t\t\t\tif(start == -1)\n\t\t\t\t\t\t{\n\t\t\t\t\t\t\tif(c == 1)\n\t\t\t\t\t\t\t{\n\t\t\t\t\t\t\t\tString cur1 = s[0].substring(i+zure, i+1+zure);\n\t\t\t\t\t\t\t\tString cur2 = s[1].substring(i, i+1);\n\t\t\t\t\t\t\t\tif(!cur1.equals(cur2))\n\t\t\t\t\t\t\t\t{\n\t\t\t\t\t\t\t\t\tSystem.out.println(\"DIFFERENT\");\n\t\t\t\t\t\t\t\t\tdone = true;\n\t\t\t\t\t\t\t\t\tbreak;\n\t\t\t\t\t\t\t\t}\n\t\t\t\t\t\t\t}\n\t\t\t\t\t\t}\n\t\t\t\t\t}\n\t\t\t\t}\n\t\t\t}\n\t\t\tif(!done)\n\t\t\t{\n\t\t\t\tif(numOfSs2 == ss1.size())\n\t\t\t\t{\n\t\t\t\t\tif(stringDifferences == 1)\n\t\t\t\t\t{\n\t\t\t\t\t\tSystem.out.println(\"CLOSE\");\n\t\t\t\t\t}\n\t\t\t\t\telse if(stringDifferences == 0)\n\t\t\t\t\t{\n\t\t\t\t\t\tSystem.out.println(\"IDENTICAL\");\n\t\t\t\t\t}\n\t\t\t\t}\n\t\t\t\telse\n\t\t\t\t{\n\t\t\t\t\tSystem.out.println(\"DIFFERENT\");\n\t\t\t\t}\n\t\t\t}\n\t\t}\n\t}\n}",
      "covered_code": "Given the test case input `\"Hello\" \"World\" .`, let's develop a plan for step by step execution of the provided Java program and predict the code coverage:\n\n1. **Import Statements**:\n   - Always executed. Statements importing `ArrayList`, `List`, and `Scanner` will be covered.\n\n2. **Class Declaration**:\n   - Always executed. The declaration of the `public class Main {` is covered.\n\n3. **Main Method Declaration**:\n   - Always executed. The declaration `public static void main(String[] args)` is covered.\n\n4. **User Input Initialization**:\n   - Always executed. `Scanner scan = new Scanner(System.in);` and `String[] s = new String[2];` are covered.\n\n5. **Loop for Reading Input**:\n   - Since the loop is `while(true)`, it will continue until a break statement is encountered. The loop initialization and condition checking are covered.\n\n6. **Reading First Input**:\n   - The input `\"Hello\"` is read, which means `s[0] = scan.next();` is covered. Since it is not equal to `\".\"`, the break condition is not met.\n\n7. **Reading Second Input**:\n   - The input `\"World\"` is read, which means `s[1] = scan.next();` is covered.\n\n8. **List Initializations**:\n   - `List<String> ss1 = new ArrayList<String>();` and `List<Integer> location = new ArrayList<Integer>();` are always executed.\n\n9. **Variables Initialization**:\n   - The initialization of `miniCounter`, `stringDifferences`, and `numOfSs2` are covered.\n\n10. **Loop for Comparison**:\n    - The loop `for(int c = 0; c <= 1; c++)` is executed twice for each string in `s[]`. Statements within this loop are executed based on the provided strings.\n\n11. **If-Else for Quotes**:\n    - Given that there are no quotes in `\"Hello\"` and `\"World\"`, the condition `if(cur.equals(\"\\\"\"))` is never true. Hence, the code blocks inside this if condition are not covered.\n\n12. **Else Block for Character Comparison**:\n    - Since the `if` condition for quotes is not met, the program jumps to the `else` block where the characters that are not within quotes are compared. This code block is partially executed based on the characters of the strings `\"Hello\"` and `\"World\"`.\n\n13. **Output Statements**:\n    - Depending on the comparison, output statements like `System.out.println(\"DIFFERENT\");`, `System.out.println(\"CLOSE\");`, or `System.out.println(\"IDENTICAL\");` may be executed. In this case, since there is no mechanism to compare `\"Hello\"` and `\"World\"` accurately due to the absence of quotes and the logic provided, it's uncertain which output statement gets executed without running the code.\n\n14. **End of Program**:\n    - Upon reading the third input `.`, the program encounters the break statement and exits the loop. \n\n15. **Scanner Close**:\n    - Technically, the statement to close the scanner `scan.close();` is missing, which would be a best practice to include after the loop ends to release the resource.\n\nPredicted Code Coverage based on the provided input and program logic:\n\n- Every line that does not directly deal with the comparison inside quotes or the specific logic for calculating differences between quoted strings will be executed. The exact output and some specific paths depend on additional logic not detailed in the input description, especially because the provided input does not contain quotes to trigger those specific code paths. \n\nWithout running the code or having a more detailed breakdown of each branch's logic and how it corresponds to the input, this assessment focuses on the structural elements and the flow of control based on the provided input.",
      "test_seed_coverage": [
        ">",
        ">",
        ">",
        ">",
        ">",
        ">",
        ">",
        ">",
        ">",
        ">",
        ">",
        ">",
        ">",
        ">",
        ">",
        ">",
        ">",
        ">",
        ">",
        ">",
        ">",
        ">",
        ">",
        ">",
        ">",
        ">",
        ">",
        ">",
        ">",
        ">",
        ">",
        ">",
        ">",
        ">",
        ">",
        ">",
        ">",
        ">",
        ">",
        ">",
        ">",
        ">",
        ">",
        ">",
        ">",
        ">",
        ">",
        ">",
        ">",
        ">",
        ">",
        ">",
        ">",
        ">",
        ">",
        ">",
        ">",
        ">",
        ">",
        ">",
        ">",
        ">",
        ">",
        ">",
        ">",
        ">",
        ">",
        ">",
        ">",
        ">",
        ">",
        ">",
        ">",
        ">",
        ">",
        ">",
        ">",
        ">",
        ">",
        ">",
        ">",
        ">",
        ">",
        ">",
        ">",
        ">",
        ">",
        ">",
        ">",
        ">",
        ">",
        ">",
        ">",
        ">",
        ">",
        ">",
        ">",
        ">",
        ">",
        ">",
        ">",
        ">",
        ">",
        ">",
        ">",
        ">",
        ">",
        ">"
      ],
      "cumulative_coverage": [
        ">",
        ">",
        ">",
        ">",
        ">",
        ">",
        ">",
        ">",
        ">",
        ">",
        ">",
        ">",
        ">",
        ">",
        ">",
        ">",
        ">",
        ">",
        ">",
        ">",
        ">",
        ">",
        ">",
        ">",
        ">",
        ">",
        ">",
        ">",
        ">",
        ">",
        ">",
        ">",
        ">",
        ">",
        ">",
        ">",
        ">",
        ">",
        ">",
        ">",
        ">",
        ">",
        ">",
        ">",
        ">",
        ">",
        ">",
        ">",
        ">",
        ">",
        ">",
        ">",
        ">",
        ">",
        ">",
        ">",
        ">",
        ">",
        ">",
        ">",
        ">",
        ">",
        ">",
        ">",
        ">",
        ">",
        ">",
        ">",
        ">",
        ">",
        ">",
        ">",
        ">",
        ">",
        ">",
        ">",
        ">",
        ">",
        ">",
        ">",
        ">",
        ">",
        ">",
        ">",
        ">",
        ">",
        ">",
        ">",
        ">",
        ">",
        ">",
        ">",
        ">",
        ">",
        ">",
        ">",
        ">",
        ">",
        ">",
        ">",
        ">",
        ">",
        ">",
        ">",
        ">",
        ">",
        ">",
        ">"
      ],
      "execution_output": "CLOSE",
      "cerberus_output": "",
      "execution_result": "",
      "test_case_id": "4"
    },
    {
      "test_case": [
        "Test Case Input:\n\"hello\" \"world\" \"!\"\n\"hello\" \"world\" \"!\""
      ],
      "test_mutations": [
        "Test Case Input:\n\"hello\" \"world\" \"!\"\n\"hello\" \"world\" \"!\""
      ],
      "initial_code": "import java.util.ArrayList;\nimport java.util.List;\nimport java.util.Scanner;\npublic class Main {\n\tpublic static void main(String[] args) \n\t{\n\t\tScanner scan = new Scanner(System.in);\n\t\tString[] s = new String[2];\n\t\twhile(true)\n\t\t{\n\t\t\ts[0] = scan.next();\n\t\t\tif(s[0].equals(\".\")) {break;}\n\t\t\ts[1] = scan.next();\n\t\t\tList<String> ss1 = new ArrayList<String>();\n\t\t\tList<Integer> location = new ArrayList<Integer>();\n\t\t\tint miniCounter = -1;\n\t\t\tint stringDifferences = 0;\n\t\t\tint numOfSs2 = 0;\n\t\t\tboolean done = false;\n\t\t\tfor(int c = 0; c <= 1; c++)\n\t\t\t{\n\t\t\t\tint zure = 0;\n\t\t\t\tint start = -1;\n\t\t\t\tint end = 0;\n\t\t\t\tfor(int i = 0; i < s[c].length(); i++)\n\t\t\t\t{\n\t\t\t\t\tif(c == 1)\n\t\t\t\t\t{\n\t\t\t\t\t}\n\t\t\t\t\tString cur = s[c].substring(i, i+1);\n\t\t\t\t\tif(cur.equals(\"\\\"\"))\n\t\t\t\t\t{\n\t\t\t\t\t\tif(start == -1)\n\t\t\t\t\t\t{\n\t\t\t\t\t\t\tstart = i+1;\n\t\t\t\t\t\t}\n\t\t\t\t\t\telse\n\t\t\t\t\t\t{\n\t\t\t\t\t\t\tend = i-1;\n\t\t\t\t\t\t\tif(c == 0)\n\t\t\t\t\t\t\t{\n\t\t\t\t\t\t\t\tlocation.add(i);\n\t\t\t\t\t\t\t\tss1.add(s[c].substring(start, end+1));\n\t\t\t\t\t\t\t}\n\t\t\t\t\t\t\telse if(c == 1)\n\t\t\t\t\t\t\t{\n\t\t\t\t\t\t\t\tnumOfSs2 += 1;\n\t\t\t\t\t\t\t\tminiCounter += 1;\n\t\t\t\t\t\t\t\tString thisOne = s[c].substring(start, end+1);\n\t\t\t\t\t\t\t\tString prevOne = ss1.get(miniCounter);\n\t\t\t\t\t\t\t\tif(!thisOne.equals(prevOne))\n\t\t\t\t\t\t\t\t{\n\t\t\t\t\t\t\t\t\tstringDifferences += 1;\n\t\t\t\t\t\t\t\t\tif(stringDifferences >= 2)\n\t\t\t\t\t\t\t\t\t{\n\t\t\t\t\t\t\t\t\t\tSystem.out.println(\"DIFFERENT\");\n\t\t\t\t\t\t\t\t\t\tdone = true;\n\t\t\t\t\t\t\t\t\t\tbreak;\n\t\t\t\t\t\t\t\t\t}\n\t\t\t\t\t\t\t\t\telse\n\t\t\t\t\t\t\t\t\t{\n\t\t\t\t\t\t\t\t\t\tzure = prevOne.length() - thisOne.length();\n\t\t\t\t\t\t\t\t\t}\n\t\t\t\t\t\t\t\t}\n\t\t\t\t\t\t\t}\n\t\t\t\t\t\t\tstart = -1;\n\t\t\t\t\t\t}\n\t\t\t\t\t}\n\t\t\t\t\telse\n\t\t\t\t\t{\n\t\t\t\t\t\tif(start == -1)\n\t\t\t\t\t\t{\n\t\t\t\t\t\t\tif(c == 1)\n\t\t\t\t\t\t\t{\n\t\t\t\t\t\t\t\tString cur1 = s[0].substring(i+zure, i+1+zure);\n\t\t\t\t\t\t\t\tString cur2 = s[1].substring(i, i+1);\n\t\t\t\t\t\t\t\tif(!cur1.equals(cur2))\n\t\t\t\t\t\t\t\t{\n\t\t\t\t\t\t\t\t\tSystem.out.println(\"DIFFERENT\");\n\t\t\t\t\t\t\t\t\tdone = true;\n\t\t\t\t\t\t\t\t\tbreak;\n\t\t\t\t\t\t\t\t}\n\t\t\t\t\t\t\t}\n\t\t\t\t\t\t}\n\t\t\t\t\t}\n\t\t\t\t}\n\t\t\t}\n\t\t\tif(!done)\n\t\t\t{\n\t\t\t\tif(numOfSs2 == ss1.size())\n\t\t\t\t{\n\t\t\t\t\tif(stringDifferences == 1)\n\t\t\t\t\t{\n\t\t\t\t\t\tSystem.out.println(\"CLOSE\");\n\t\t\t\t\t}\n\t\t\t\t\telse if(stringDifferences == 0)\n\t\t\t\t\t{\n\t\t\t\t\t\tSystem.out.println(\"IDENTICAL\");\n\t\t\t\t\t}\n\t\t\t\t}\n\t\t\t\telse\n\t\t\t\t{\n\t\t\t\t\tSystem.out.println(\"DIFFERENT\");\n\t\t\t\t}\n\t\t\t}\n\t\t}\n\t}\n}",
      "covered_code": "Given the test case input, the plan for step by step execution of the Java program, and the prediction of code coverage are as follows:\n\n**Test Case Input:**\n- \"hello\" \"world\" \"!\"\n- \"hello\" \"world\" \"!\"\n\n**Execution Plan:**\n\n1. **Import Statements:** Always executed. Statement \"import java.util.ArrayList;\", \"import java.util.List;\", and \"import java.util.Scanner;\" will be covered.\n   \n2. **Class Declaration:** Always executed. Statement \"public class Main {\" is covered.\n   \n3. **Main Method Declaration:** Always executed. Statement \"public static void main(String[] args)\" is covered.\n   \n4. **Scanner and Initialization:** Always executed. Statements \"Scanner scan = new Scanner(System.in);\" and \"String[] s = new String[2];\" are covered.\n   \n5. **While Loop:** Since there is an infinite loop with a break condition based on input, the loop will be executed until the break condition is met. Statement \"while(true)\" is covered.\n   \n6. **Input Reading and Break Condition:** Statements \"s[0] = scan.next();\" and \"if(s[0].equals(\".\")) {break;}\" will be executed. Since the input does not contain \".\", the break condition is not met, and these statements are covered.\n   \n7. **List Initialization and Variable Declaration:** Always executed within the loop for each iteration. Statements initializing \"ss1\", \"location\", \"miniCounter\", \"stringDifferences\", \"numOfSs2\", and \"done\" are covered.\n   \n8. **First For Loop (c = 0 to 1):** Always executed for both values of c. Statement \"for(int c = 0; c <= 1; c++)\" is covered.\n   \n9. **Nested For Loop and String Manipulation:** Statements within this loop dealing with string manipulation and checking conditions are executed based on the conditionals.\n   \n10. **If-Else Conditions:** The nested conditions inside the for loops will be executed based on the input strings and their characters. Given the input does not contain quotation marks or the specific conditions for differences, the coverage here will vary. However, without exact triggers from the input, specific lines may not be executed, especially those handling differences between strings with quotes.\n   \n11. **Output Statements:** Based on the provided inputs and the logic flow, statements printing \"DIFFERENT\", \"CLOSE\", or \"IDENTICAL\" will be executed if their conditions are met. Given the inputs are identical, the output will likely be \"IDENTICAL\" for each pair, covering the relevant output statements.\n\n12. **Scanner Close:** Not explicitly called and therefore not covered.\n\n**Predicted Code Coverage:**\n\n```java\n> import java.util.ArrayList;\n> import java.util.List;\n> import java.util.Scanner;\n> public class Main {\n>     public static void main(String[] args) \n>     {\n>         Scanner scan = new Scanner(System.in);\n>         String[] s = new String[2];\n>         while(true)\n>         {\n>             s[0] = scan.next();\n>             if(s[0].equals(\".\")) {break;}\n>             s[1] = scan.next();\n>             List<String> ss1 = new ArrayList<String>();\n>             List<Integer> location = new ArrayList<Integer>();\n>             int miniCounter = -1;\n>             int stringDifferences = 0;\n>             int numOfSs2 = 0;\n>             boolean done = false;\n>             for(int c = 0; c <= 1; c++)\n>             {\n>                 int zure = 0;\n>                 int start = -1;\n>                 int end = 0;\n>                 for(int i = 0; i < s[c].length(); i++)\n>                 {\n>                     if(c == 1)\n>                     {\n>                     }\n>                     String cur = s[c].substring(i, i+1);\n>                     if(cur.equals(\"\\\"\"))\n>                     {\n>                         if(start == -1)\n>                         {\n>                             start = i+1;\n>                         }\n>                         else\n>                         {\n>                             end = i-1;\n>                             if(c == 0)\n>                             {\n>                                 location.add(i);\n>                                 ss1.add(s[c].substring(start, end+1));\n>                             }\n>                             else if(c == 1)\n>                             {\n>                                 numOfSs2 += 1;\n>                                 miniCounter += 1;\n>                                 String thisOne = s[c].substring(start, end+1);\n>                                 String prevOne = ss1.get(miniCounter);\n>                                 if(!thisOne.equals(prevOne))\n>                                 {\n>                                     stringDifferences += 1;\n>                                     if(stringDifferences >= 2)\n>                                     {\n>                                         System.out.println(\"DIFFERENT\");\n>                                         done = true;\n>                                         break;\n>                                     }\n>                                     else\n>                                     {\n>                                         zure = prevOne.length() - thisOne.length();\n>                                     }\n>                                 }\n>                             }\n>                             start = -1;\n>                         }\n>                     }\n>                     else\n>                     {\n>                         if(start == -1)\n>                         {\n>                             if(c == 1)\n>                             {\n>                                 String cur1 = s[0].substring(i+zure, i+1+zure);\n>                                 String cur2 = s[1].substring(i, i+1);\n>                                 if(!cur1.equals(cur2))\n>                                 {\n>                                     System.out.println(\"DIFFERENT\");\n>                                     done = true;\n>                                     break;\n>                                 }\n>                             }\n>                         }\n>                     }\n>                 }\n>             }\n>             if(!done)\n>             {\n>                 if(numOfSs2 == ss1.size())\n>                 {\n>                     if(stringDifferences == 1)\n>                     {\n>                         System.out.println(\"CLOSE\");\n>                     }\n>                     else if(stringDifferences == 0)\n>                     {\n>                         System.out.println(\"IDENTICAL\");\n>                     }\n>                 }\n>                 else\n>                 {\n>                     System.out.println(\"DIFFERENT\");\n>                 }\n>             }\n>         }\n>     }\n> }\n```\n\n**Note:** The coverage indicated above shows all lines as executed (`>`), but this is a general prediction. Specific lines, especially those handling string comparisons and outputs based on input conditions, would depend on detailed input values and their sequences. Given the inputs, the actual code coverage might slightly differ, particularly in the conditional blocks and output statements.",
      "test_seed_coverage": [
        ">",
        ">",
        ">",
        ">",
        ">",
        ">",
        ">",
        ">",
        ">",
        ">",
        ">",
        ">",
        ">",
        ">",
        ">",
        ">",
        ">",
        ">",
        ">",
        ">",
        ">",
        ">",
        ">",
        ">",
        ">",
        ">",
        ">",
        ">",
        ">",
        ">",
        ">",
        ">",
        ">",
        ">",
        ">",
        ">",
        ">",
        ">",
        ">",
        ">",
        ">",
        ">",
        ">",
        ">",
        ">",
        ">",
        ">",
        ">",
        ">",
        ">",
        ">",
        ">",
        ">",
        ">",
        ">",
        ">",
        ">",
        ">",
        ">",
        ">",
        ">",
        ">",
        ">",
        ">",
        ">",
        ">",
        ">",
        ">",
        ">",
        ">",
        ">",
        ">",
        ">",
        ">",
        ">",
        ">",
        ">",
        ">",
        ">",
        ">",
        ">",
        ">",
        ">",
        ">",
        ">",
        ">",
        ">",
        ">",
        ">",
        ">",
        ">",
        ">",
        ">",
        ">",
        ">",
        ">",
        ">",
        ">",
        ">",
        ">",
        ">",
        ">",
        ">",
        ">",
        ">",
        ">",
        ">",
        ">"
      ],
      "cumulative_coverage": [
        ">",
        ">",
        ">",
        ">",
        ">",
        ">",
        ">",
        ">",
        ">",
        ">",
        ">",
        ">",
        ">",
        ">",
        ">",
        ">",
        ">",
        ">",
        ">",
        ">",
        ">",
        ">",
        ">",
        ">",
        ">",
        ">",
        ">",
        ">",
        ">",
        ">",
        ">",
        ">",
        ">",
        ">",
        ">",
        ">",
        ">",
        ">",
        ">",
        ">",
        ">",
        ">",
        ">",
        ">",
        ">",
        ">",
        ">",
        ">",
        ">",
        ">",
        ">",
        ">",
        ">",
        ">",
        ">",
        ">",
        ">",
        ">",
        ">",
        ">",
        ">",
        ">",
        ">",
        ">",
        ">",
        ">",
        ">",
        ">",
        ">",
        ">",
        ">",
        ">",
        ">",
        ">",
        ">",
        ">",
        ">",
        ">",
        ">",
        ">",
        ">",
        ">",
        ">",
        ">",
        ">",
        ">",
        ">",
        ">",
        ">",
        ">",
        ">",
        ">",
        ">",
        ">",
        ">",
        ">",
        ">",
        ">",
        ">",
        ">",
        ">",
        ">",
        ">",
        ">",
        ">",
        ">",
        ">",
        ">"
      ],
      "execution_error": "Exception in thread \"main\" java.util.NoSuchElementException\n\tat java.base/java.util.Scanner.throwFor(Scanner.java:945)\n\tat java.base/java.util.Scanner.next(Scanner.java:1486)\n\tat Main.main(Main.java:11)",
      "cerberus_output": "",
      "execution_result": "NoSuchElementException",
      "test_case_id": "5"
    },
    {
      "test_case": [
        "Test Case Input:\n\"Hello\" \"World\" \".\""
      ],
      "test_mutations": [
        "Test Case Input:\n\"Hello\" \"World\" \".\""
      ],
      "initial_code": "import java.util.ArrayList;\nimport java.util.List;\nimport java.util.Scanner;\npublic class Main {\n\tpublic static void main(String[] args) \n\t{\n\t\tScanner scan = new Scanner(System.in);\n\t\tString[] s = new String[2];\n\t\twhile(true)\n\t\t{\n\t\t\ts[0] = scan.next();\n\t\t\tif(s[0].equals(\".\")) {break;}\n\t\t\ts[1] = scan.next();\n\t\t\tList<String> ss1 = new ArrayList<String>();\n\t\t\tList<Integer> location = new ArrayList<Integer>();\n\t\t\tint miniCounter = -1;\n\t\t\tint stringDifferences = 0;\n\t\t\tint numOfSs2 = 0;\n\t\t\tboolean done = false;\n\t\t\tfor(int c = 0; c <= 1; c++)\n\t\t\t{\n\t\t\t\tint zure = 0;\n\t\t\t\tint start = -1;\n\t\t\t\tint end = 0;\n\t\t\t\tfor(int i = 0; i < s[c].length(); i++)\n\t\t\t\t{\n\t\t\t\t\tif(c == 1)\n\t\t\t\t\t{\n\t\t\t\t\t}\n\t\t\t\t\tString cur = s[c].substring(i, i+1);\n\t\t\t\t\tif(cur.equals(\"\\\"\"))\n\t\t\t\t\t{\n\t\t\t\t\t\tif(start == -1)\n\t\t\t\t\t\t{\n\t\t\t\t\t\t\tstart = i+1;\n\t\t\t\t\t\t}\n\t\t\t\t\t\telse\n\t\t\t\t\t\t{\n\t\t\t\t\t\t\tend = i-1;\n\t\t\t\t\t\t\tif(c == 0)\n\t\t\t\t\t\t\t{\n\t\t\t\t\t\t\t\tlocation.add(i);\n\t\t\t\t\t\t\t\tss1.add(s[c].substring(start, end+1));\n\t\t\t\t\t\t\t}\n\t\t\t\t\t\t\telse if(c == 1)\n\t\t\t\t\t\t\t{\n\t\t\t\t\t\t\t\tnumOfSs2 += 1;\n\t\t\t\t\t\t\t\tminiCounter += 1;\n\t\t\t\t\t\t\t\tString thisOne = s[c].substring(start, end+1);\n\t\t\t\t\t\t\t\tString prevOne = ss1.get(miniCounter);\n\t\t\t\t\t\t\t\tif(!thisOne.equals(prevOne))\n\t\t\t\t\t\t\t\t{\n\t\t\t\t\t\t\t\t\tstringDifferences += 1;\n\t\t\t\t\t\t\t\t\tif(stringDifferences >= 2)\n\t\t\t\t\t\t\t\t\t{\n\t\t\t\t\t\t\t\t\t\tSystem.out.println(\"DIFFERENT\");\n\t\t\t\t\t\t\t\t\t\tdone = true;\n\t\t\t\t\t\t\t\t\t\tbreak;\n\t\t\t\t\t\t\t\t\t}\n\t\t\t\t\t\t\t\t\telse\n\t\t\t\t\t\t\t\t\t{\n\t\t\t\t\t\t\t\t\t\tzure = prevOne.length() - thisOne.length();\n\t\t\t\t\t\t\t\t\t}\n\t\t\t\t\t\t\t\t}\n\t\t\t\t\t\t\t}\n\t\t\t\t\t\t\tstart = -1;\n\t\t\t\t\t\t}\n\t\t\t\t\t}\n\t\t\t\t\telse\n\t\t\t\t\t{\n\t\t\t\t\t\tif(start == -1)\n\t\t\t\t\t\t{\n\t\t\t\t\t\t\tif(c == 1)\n\t\t\t\t\t\t\t{\n\t\t\t\t\t\t\t\tString cur1 = s[0].substring(i+zure, i+1+zure);\n\t\t\t\t\t\t\t\tString cur2 = s[1].substring(i, i+1);\n\t\t\t\t\t\t\t\tif(!cur1.equals(cur2))\n\t\t\t\t\t\t\t\t{\n\t\t\t\t\t\t\t\t\tSystem.out.println(\"DIFFERENT\");\n\t\t\t\t\t\t\t\t\tdone = true;\n\t\t\t\t\t\t\t\t\tbreak;\n\t\t\t\t\t\t\t\t}\n\t\t\t\t\t\t\t}\n\t\t\t\t\t\t}\n\t\t\t\t\t}\n\t\t\t\t}\n\t\t\t}\n\t\t\tif(!done)\n\t\t\t{\n\t\t\t\tif(numOfSs2 == ss1.size())\n\t\t\t\t{\n\t\t\t\t\tif(stringDifferences == 1)\n\t\t\t\t\t{\n\t\t\t\t\t\tSystem.out.println(\"CLOSE\");\n\t\t\t\t\t}\n\t\t\t\t\telse if(stringDifferences == 0)\n\t\t\t\t\t{\n\t\t\t\t\t\tSystem.out.println(\"IDENTICAL\");\n\t\t\t\t\t}\n\t\t\t\t}\n\t\t\t\telse\n\t\t\t\t{\n\t\t\t\t\tSystem.out.println(\"DIFFERENT\");\n\t\t\t\t}\n\t\t\t}\n\t\t}\n\t}\n}",
      "covered_code": "Let's break down the execution plan for the provided Java program based on the given test case input: `\"Hello\" \"World\" \".\"`. \n\n1. **Import Statements**: Always executed.\n    - `import java.util.ArrayList;`\n    - `import java.util.List;`\n    - `import java.util.Scanner;`\n2. **Main Class and Method Declaration**: Always executed.\n    - `public class Main {`\n    - `public static void main(String[] args)`\n3. **Scanner Object Creation**: Executed to read input from the user.\n    - `Scanner scan = new Scanner(System.in);`\n4. **String Array and While Loop**: The loop starts an infinite loop waiting for user input.\n    - `String[] s = new String[2];`\n    - `while(true)`\n5. **Reading First Input (\"Hello\")**: This input fills the first position of the array `s[0]` and checks if it equals \".\", which it doesn't, so the loop continues.\n    - `s[0] = scan.next();`\n    - `if(s[0].equals(\".\")) {break;}`\n6. **Reading Second Input (\"World\")**: Fills the second position of the array `s[1]`. Since the loop does not break, it proceeds to process these inputs.\n    - `s[1] = scan.next();`\n7. **List and Variables Initialization**: Initializes the lists and variables used for processing.\n    - `List<String> ss1 = new ArrayList<String>();`\n    - `List<Integer> location = new ArrayList<Integer>();`\n    - `int miniCounter = -1;`\n    - `int stringDifferences = 0;`\n    - `int numOfSs2 = 0;`\n    - `boolean done = false;`\n8. **For Loop and Processing**: Since there are no quotes (`\"`) in the input strings \"Hello\" and \"World\", the program will skip over the sections of code designed to process quoted substrings.\n    - `for(int c = 0; c <= 1; c++)` and its content.\n9. **Output Based on Differences**: Since the program doesn't find any quoted substrings to compare, it will eventually evaluate the conditions for outputting \"DIFFERENT\", \"CLOSE\", or \"IDENTICAL\". However, without quotes, it doesn't enter the conditions that lead to \"CLOSE\" or \"IDENTICAL\" outputs.\n    - The specific code that outputs these results based on the conditions.\n10. **Reading Final Input (\".\")**: This ends the loop.\n    - `s[0] = scan.next();`\n    - `if(s[0].equals(\".\")) {break;}`\n11. **End of Program**: The program exits the while loop and concludes.\n\nGiven this plan and the structure of the input, let's predict the code coverage:\n\n```\n> import java.util.ArrayList;\n> import java.util.List;\n> import java.util.Scanner;\n> public class Main {\n>    public static void main(String[] args) \n>    {\n>        Scanner scan = new Scanner(System.in);\n>        String[] s = new String[2];\n>        while(true)\n>        {\n>            s[0] = scan.next();\n>            if(s[0].equals(\".\")) {break;}\n>            s[1] = scan.next();\n>            List<String> ss1 = new ArrayList<String>();\n>            List<Integer> location = new ArrayList<Integer>();\n>            int miniCounter = -1;\n>            int stringDifferences = 0;\n>            int numOfSs2 = 0;\n>            boolean done = false;\n>            for(int c = 0; c <= 1; c++)\n>            {\n>                int zure = 0;\n>                int start = -1;\n>                int end = 0;\n>                for(int i = 0; i < s[c].length(); i++)\n>                {\n>                    if(c == 1)\n>                    {\n>                    }\n>                    String cur = s[c].substring(i, i+1);\n>                    if(cur.equals(\"\\\"\"))\n>                    {\n!                        if(start == -1)\n!                        {\n!                            start = i+1;\n!                        }\n!                        else\n!                        {\n!                            end = i-1;\n!                            if(c == 0)\n!                            {\n!                                location.add(i);\n!                                ss1.add(s[c].substring(start, end+1));\n!                            }\n!                            else if(c == 1)\n!                            {\n!                                numOfSs2 += 1;\n!                                miniCounter += 1;\n!                                String thisOne = s[c].substring(start, end+1);\n!                                String prevOne = ss1.get(miniCounter);\n!                                if(!thisOne.equals(prevOne))\n!                                {\n!                                    stringDifferences += 1;\n!                                    if(stringDifferences >= 2)\n!                                    {\n!                                        System.out.println(\"DIFFERENT\");\n!                                        done = true;\n!                                        break;\n!                                    }\n!                                    else\n!                                    {\n!                                        zure = prevOne.length() - thisOne.length();\n!                                    }\n!                                }\n!                            }\n!                            start = -1;\n!                        }\n!                    }\n!                    else\n!                    {\n>                        if(start == -1)\n>                        {\n>                            if(c == 1)\n>                            {\n!                                String cur1 = s[0].substring(i+zure, i+1+zure);\n!                                String cur2 = s[1].substring(i, i+1);\n!                                if(!cur1.equals(cur2))\n>                                {\n>                                    System.out.println(\"DIFFERENT\");\n>                                    done = true;\n>                                    break;\n>                                }\n>                            }\n>                        }\n>                    }\n>                }\n>            }\n>            if(!done)\n>            {\n>                if(numOfSs2 == ss1.size())\n>                {\n>                    if(stringDifferences == 1)\n>                    {\n!                        System.out.println(\"CLOSE\");\n>                    }\n>                    else if(stringDifferences == 0)\n>                    {\n!                        System.out.println(\"IDENTICAL\");\n>                    }\n>                }\n>                else\n>                {\n>                    System.out.println(\"DIFFERENT\");\n>                }\n>            }\n>        }\n>    }\n> }\n```\nGiven the input does not contain any quotes, all lines related to processing quoted substrings and their comparison are marked with `!` indicating they are not executed. The output for the code execution would be \"DIFFERENT\" due to the nature of the input strings not matching any specific conditions for \"CLOSE\" or \"IDENTICAL\".",
      "test_seed_coverage": [
        ">",
        ">",
        ">",
        ">",
        ">",
        ">",
        ">",
        ">",
        ">",
        ">",
        ">",
        ">",
        ">",
        ">",
        ">",
        ">",
        ">",
        ">",
        ">",
        ">",
        ">",
        ">",
        ">",
        ">",
        ">",
        ">",
        ">",
        ">",
        ">",
        ">",
        ">",
        ">",
        ">",
        ">",
        ">",
        ">",
        ">",
        ">",
        ">",
        ">",
        ">",
        ">",
        ">",
        ">",
        ">",
        ">",
        ">",
        ">",
        ">",
        ">",
        ">",
        ">",
        ">",
        ">",
        ">",
        ">",
        ">",
        ">",
        ">",
        ">",
        ">",
        ">",
        ">",
        ">",
        ">",
        ">",
        ">",
        ">",
        ">",
        ">",
        ">",
        ">",
        ">",
        ">",
        ">",
        ">",
        ">",
        ">",
        ">",
        ">",
        ">",
        ">",
        ">",
        ">",
        ">",
        ">",
        ">",
        ">",
        ">",
        ">",
        ">",
        ">",
        ">",
        ">",
        ">",
        ">",
        ">",
        ">",
        ">",
        ">",
        ">",
        ">",
        ">",
        ">",
        ">",
        ">",
        ">",
        ">"
      ],
      "cumulative_coverage": [
        ">",
        ">",
        ">",
        ">",
        ">",
        ">",
        ">",
        ">",
        ">",
        ">",
        ">",
        ">",
        ">",
        ">",
        ">",
        ">",
        ">",
        ">",
        ">",
        ">",
        ">",
        ">",
        ">",
        ">",
        ">",
        ">",
        ">",
        ">",
        ">",
        ">",
        ">",
        ">",
        ">",
        ">",
        ">",
        ">",
        ">",
        ">",
        ">",
        ">",
        ">",
        ">",
        ">",
        ">",
        ">",
        ">",
        ">",
        ">",
        ">",
        ">",
        ">",
        ">",
        ">",
        ">",
        ">",
        ">",
        ">",
        ">",
        ">",
        ">",
        ">",
        ">",
        ">",
        ">",
        ">",
        ">",
        ">",
        ">",
        ">",
        ">",
        ">",
        ">",
        ">",
        ">",
        ">",
        ">",
        ">",
        ">",
        ">",
        ">",
        ">",
        ">",
        ">",
        ">",
        ">",
        ">",
        ">",
        ">",
        ">",
        ">",
        ">",
        ">",
        ">",
        ">",
        ">",
        ">",
        ">",
        ">",
        ">",
        ">",
        ">",
        ">",
        ">",
        ">",
        ">",
        ">",
        ">",
        ">"
      ],
      "execution_error": "Exception in thread \"main\" java.util.NoSuchElementException\n\tat java.base/java.util.Scanner.throwFor(Scanner.java:945)\n\tat java.base/java.util.Scanner.next(Scanner.java:1486)\n\tat Main.main(Main.java:13)",
      "cerberus_output": "",
      "execution_result": "NoSuchElementException",
      "test_case_id": "6"
    },
    {
      "test_case": [
        "Test Case Input:\n\"Hello\" \"World\""
      ],
      "test_mutations": [
        "Test Case Input:\n\"Hello\" \"World\""
      ],
      "initial_code": "import java.util.ArrayList;\nimport java.util.List;\nimport java.util.Scanner;\npublic class Main {\n\tpublic static void main(String[] args) \n\t{\n\t\tScanner scan = new Scanner(System.in);\n\t\tString[] s = new String[2];\n\t\twhile(true)\n\t\t{\n\t\t\ts[0] = scan.next();\n\t\t\tif(s[0].equals(\".\")) {break;}\n\t\t\ts[1] = scan.next();\n\t\t\tList<String> ss1 = new ArrayList<String>();\n\t\t\tList<Integer> location = new ArrayList<Integer>();\n\t\t\tint miniCounter = -1;\n\t\t\tint stringDifferences = 0;\n\t\t\tint numOfSs2 = 0;\n\t\t\tboolean done = false;\n\t\t\tfor(int c = 0; c <= 1; c++)\n\t\t\t{\n\t\t\t\tint zure = 0;\n\t\t\t\tint start = -1;\n\t\t\t\tint end = 0;\n\t\t\t\tfor(int i = 0; i < s[c].length(); i++)\n\t\t\t\t{\n\t\t\t\t\tif(c == 1)\n\t\t\t\t\t{\n\t\t\t\t\t}\n\t\t\t\t\tString cur = s[c].substring(i, i+1);\n\t\t\t\t\tif(cur.equals(\"\\\"\"))\n\t\t\t\t\t{\n\t\t\t\t\t\tif(start == -1)\n\t\t\t\t\t\t{\n\t\t\t\t\t\t\tstart = i+1;\n\t\t\t\t\t\t}\n\t\t\t\t\t\telse\n\t\t\t\t\t\t{\n\t\t\t\t\t\t\tend = i-1;\n\t\t\t\t\t\t\tif(c == 0)\n\t\t\t\t\t\t\t{\n\t\t\t\t\t\t\t\tlocation.add(i);\n\t\t\t\t\t\t\t\tss1.add(s[c].substring(start, end+1));\n\t\t\t\t\t\t\t}\n\t\t\t\t\t\t\telse if(c == 1)\n\t\t\t\t\t\t\t{\n\t\t\t\t\t\t\t\tnumOfSs2 += 1;\n\t\t\t\t\t\t\t\tminiCounter += 1;\n\t\t\t\t\t\t\t\tString thisOne = s[c].substring(start, end+1);\n\t\t\t\t\t\t\t\tString prevOne = ss1.get(miniCounter);\n\t\t\t\t\t\t\t\tif(!thisOne.equals(prevOne))\n\t\t\t\t\t\t\t\t{\n\t\t\t\t\t\t\t\t\tstringDifferences += 1;\n\t\t\t\t\t\t\t\t\tif(stringDifferences >= 2)\n\t\t\t\t\t\t\t\t\t{\n\t\t\t\t\t\t\t\t\t\tSystem.out.println(\"DIFFERENT\");\n\t\t\t\t\t\t\t\t\t\tdone = true;\n\t\t\t\t\t\t\t\t\t\tbreak;\n\t\t\t\t\t\t\t\t\t}\n\t\t\t\t\t\t\t\t\telse\n\t\t\t\t\t\t\t\t\t{\n\t\t\t\t\t\t\t\t\t\tzure = prevOne.length() - thisOne.length();\n\t\t\t\t\t\t\t\t\t}\n\t\t\t\t\t\t\t\t}\n\t\t\t\t\t\t\t}\n\t\t\t\t\t\t\tstart = -1;\n\t\t\t\t\t\t}\n\t\t\t\t\t}\n\t\t\t\t\telse\n\t\t\t\t\t{\n\t\t\t\t\t\tif(start == -1)\n\t\t\t\t\t\t{\n\t\t\t\t\t\t\tif(c == 1)\n\t\t\t\t\t\t\t{\n\t\t\t\t\t\t\t\tString cur1 = s[0].substring(i+zure, i+1+zure);\n\t\t\t\t\t\t\t\tString cur2 = s[1].substring(i, i+1);\n\t\t\t\t\t\t\t\tif(!cur1.equals(cur2))\n\t\t\t\t\t\t\t\t{\n\t\t\t\t\t\t\t\t\tSystem.out.println(\"DIFFERENT\");\n\t\t\t\t\t\t\t\t\tdone = true;\n\t\t\t\t\t\t\t\t\tbreak;\n\t\t\t\t\t\t\t\t}\n\t\t\t\t\t\t\t}\n\t\t\t\t\t\t}\n\t\t\t\t\t}\n\t\t\t\t}\n\t\t\t}\n\t\t\tif(!done)\n\t\t\t{\n\t\t\t\tif(numOfSs2 == ss1.size())\n\t\t\t\t{\n\t\t\t\t\tif(stringDifferences == 1)\n\t\t\t\t\t{\n\t\t\t\t\t\tSystem.out.println(\"CLOSE\");\n\t\t\t\t\t}\n\t\t\t\t\telse if(stringDifferences == 0)\n\t\t\t\t\t{\n\t\t\t\t\t\tSystem.out.println(\"IDENTICAL\");\n\t\t\t\t\t}\n\t\t\t\t}\n\t\t\t\telse\n\t\t\t\t{\n\t\t\t\t\tSystem.out.println(\"DIFFERENT\");\n\t\t\t\t}\n\t\t\t}\n\t\t}\n\t}\n}",
      "covered_code": "For this code snippet with the provided test case input (\"Hello\" \"World\"), let's break down the execution plan and predict the code coverage. Note that the test case does not seem to include a stopping condition (\".\") for the `while(true)` loop based on the given input, so for the purpose of this exercise, I'll assume the input is \"Hello World .\", ensuring the loop can terminate.\n\n**Execution Plan:**\n\n1. **Import Statements:** Always executed.\n2. **Class Declaration:** Always executed.\n3. **Main Method Declaration:** Always executed.\n4. **Scanner Object Creation:** Always executed.\n5. **String Array Declaration:** Always executed.\n6. **While Loop:** Always executed initially since it's `while(true)`.\n7. **Scan Input:** Executed. The inputs \"Hello\" and \"World\" are scanned.\n8. **If Condition to Break Loop:** Not executed since the inputs are not \".\".\n9. **List Declarations:** Executed for each iteration.\n10. **Variables Initialization:** Executed.\n11. **For Loop (c=0 to 1):** Executed for both iterations since it's a fixed loop from 0 to 1.\n12. **If Condition Inside For Loop (c == 1):** This condition is always true for the second iteration but it does not contain any executable statements directly inside it.\n13. **Substrings and Comparisons:** The specific conditions and actions (like adding to lists, comparisons) inside the nested loops and if conditions depend on the actual inputs. Given \"Hello\" and \"World\" do not contain `\"`, many conditions related to string manipulation and comparison by `\"\\\"\"` are not executed.\n14. **Final Checks and Output Statements:** Since `\"Hello\"` and `\"World\"` do not follow the pattern of string comparison as expected by the logic (due to lack of `\"\\\"\"`), the final output logic may not be reached as intended. Therefore, these statements' execution is conditional.\n15. **Loop Break Condition:** As we assumed input \"Hello World .\", when `scan.next()` finally reads \".\", the loop breaks.\n\n**Predicted Code Coverage:**\n\n```\n> import java.util.ArrayList;\n> import java.util.List;\n> import java.util.Scanner;\n> public class Main {\n>     public static void main(String[] args) {\n>         Scanner scan = new Scanner(System.in);\n>         String[] s = new String[2];\n>         while(true) {\n>             s[0] = scan.next();\n!             if(s[0].equals(\".\")) {break;}\n>             s[1] = scan.next();\n>             List<String> ss1 = new ArrayList<String>();\n>             List<Integer> location = new ArrayList<Integer>();\n>             int miniCounter = -1;\n>             int stringDifferences = 0;\n>             int numOfSs2 = 0;\n>             boolean done = false;\n>             for(int c = 0; c <= 1; c++) {\n>                 int zure = 0;\n>                 int start = -1;\n>                 int end = 0;\n>                 for(int i = 0; i < s[c].length(); i++) {\n!                     if(c == 1) {\n!                     }\n>                     String cur = s[c].substring(i, i+1);\n!                     if(cur.equals(\"\\\"\")) {\n!                         if(start == -1) {\n!                         }\n!                         else {\n!                             end = i-1;\n!                             if(c == 0) {\n!                             }\n!                             else if(c == 1) {\n!                             }\n!                             start = -1;\n!                         }\n!                     }\n!                     else {\n!                         if(start == -1) {\n!                             if(c == 1) {\n!                             }\n!                         }\n!                     }\n!                 }\n!             }\n!             if(!done) {\n!                 if(numOfSs2 == ss1.size()) {\n!                 }\n!                 else {\n!                 }\n!             }\n>         }\n>     }\n> }\n```\n**Given the specific input \"Hello\" \"World\" and the assumption to include \".\", the code coverage indicates several lines were executed, while a significant portion related to string manipulation and checks inside the loop, particularly those dependent on finding a `\"\\\"\"` character, were not executed. Many conditions and branches related to processing `\"\\\"\"` enclosed substrings were not triggered due to the nature of the input.**\n\n**Note:** This coverage analysis is based on the assumption and interpretation of the provided input and described behavior. The actual execution and coverage could vary slightly with different inputs or interpretations of how the input is processed (e.g., considering a single execution loop or multiple with different inputs).",
      "test_seed_coverage": [
        ">",
        ">",
        ">",
        ">",
        ">",
        ">",
        ">",
        ">",
        ">",
        ">",
        ">",
        ">",
        ">",
        ">",
        ">",
        ">",
        ">",
        ">",
        ">",
        ">",
        ">",
        ">",
        ">",
        ">",
        ">",
        ">",
        ">",
        ">",
        ">",
        ">",
        ">",
        ">",
        ">",
        ">",
        ">",
        ">",
        ">",
        ">",
        ">",
        ">",
        ">",
        ">",
        ">",
        ">",
        ">",
        ">",
        ">",
        ">",
        ">",
        ">",
        ">",
        ">",
        ">",
        ">",
        ">",
        ">",
        ">",
        ">",
        ">",
        ">",
        ">",
        ">",
        ">",
        ">",
        ">",
        ">",
        ">",
        ">",
        ">",
        ">",
        ">",
        ">",
        ">",
        ">",
        ">",
        ">",
        ">",
        ">",
        ">",
        ">",
        ">",
        ">",
        ">",
        ">",
        ">",
        ">",
        ">",
        ">",
        ">",
        ">",
        ">",
        ">",
        ">",
        ">",
        ">",
        ">",
        ">",
        ">",
        ">",
        ">",
        ">",
        ">",
        ">",
        ">",
        ">",
        ">",
        ">",
        ">"
      ],
      "cumulative_coverage": [
        ">",
        ">",
        ">",
        ">",
        ">",
        ">",
        ">",
        ">",
        ">",
        ">",
        ">",
        ">",
        ">",
        ">",
        ">",
        ">",
        ">",
        ">",
        ">",
        ">",
        ">",
        ">",
        ">",
        ">",
        ">",
        ">",
        ">",
        ">",
        ">",
        ">",
        ">",
        ">",
        ">",
        ">",
        ">",
        ">",
        ">",
        ">",
        ">",
        ">",
        ">",
        ">",
        ">",
        ">",
        ">",
        ">",
        ">",
        ">",
        ">",
        ">",
        ">",
        ">",
        ">",
        ">",
        ">",
        ">",
        ">",
        ">",
        ">",
        ">",
        ">",
        ">",
        ">",
        ">",
        ">",
        ">",
        ">",
        ">",
        ">",
        ">",
        ">",
        ">",
        ">",
        ">",
        ">",
        ">",
        ">",
        ">",
        ">",
        ">",
        ">",
        ">",
        ">",
        ">",
        ">",
        ">",
        ">",
        ">",
        ">",
        ">",
        ">",
        ">",
        ">",
        ">",
        ">",
        ">",
        ">",
        ">",
        ">",
        ">",
        ">",
        ">",
        ">",
        ">",
        ">",
        ">",
        ">",
        ">"
      ],
      "execution_error": "Exception in thread \"main\" java.util.NoSuchElementException\n\tat java.base/java.util.Scanner.throwFor(Scanner.java:945)\n\tat java.base/java.util.Scanner.next(Scanner.java:1486)\n\tat Main.main(Main.java:11)",
      "cerberus_output": "",
      "execution_result": "NoSuchElementException",
      "test_case_id": "7"
    },
    {
      "test_case": [
        "Test Case Input:\nHELLO \"WORLD\""
      ],
      "test_mutations": [
        "Test Case Input:\nHELLO \"WORLD\""
      ],
      "initial_code": "import java.util.ArrayList;\nimport java.util.List;\nimport java.util.Scanner;\npublic class Main {\n\tpublic static void main(String[] args) \n\t{\n\t\tScanner scan = new Scanner(System.in);\n\t\tString[] s = new String[2];\n\t\twhile(true)\n\t\t{\n\t\t\ts[0] = scan.next();\n\t\t\tif(s[0].equals(\".\")) {break;}\n\t\t\ts[1] = scan.next();\n\t\t\tList<String> ss1 = new ArrayList<String>();\n\t\t\tList<Integer> location = new ArrayList<Integer>();\n\t\t\tint miniCounter = -1;\n\t\t\tint stringDifferences = 0;\n\t\t\tint numOfSs2 = 0;\n\t\t\tboolean done = false;\n\t\t\tfor(int c = 0; c <= 1; c++)\n\t\t\t{\n\t\t\t\tint zure = 0;\n\t\t\t\tint start = -1;\n\t\t\t\tint end = 0;\n\t\t\t\tfor(int i = 0; i < s[c].length(); i++)\n\t\t\t\t{\n\t\t\t\t\tif(c == 1)\n\t\t\t\t\t{\n\t\t\t\t\t}\n\t\t\t\t\tString cur = s[c].substring(i, i+1);\n\t\t\t\t\tif(cur.equals(\"\\\"\"))\n\t\t\t\t\t{\n\t\t\t\t\t\tif(start == -1)\n\t\t\t\t\t\t{\n\t\t\t\t\t\t\tstart = i+1;\n\t\t\t\t\t\t}\n\t\t\t\t\t\telse\n\t\t\t\t\t\t{\n\t\t\t\t\t\t\tend = i-1;\n\t\t\t\t\t\t\tif(c == 0)\n\t\t\t\t\t\t\t{\n\t\t\t\t\t\t\t\tlocation.add(i);\n\t\t\t\t\t\t\t\tss1.add(s[c].substring(start, end+1));\n\t\t\t\t\t\t\t}\n\t\t\t\t\t\t\telse if(c == 1)\n\t\t\t\t\t\t\t{\n\t\t\t\t\t\t\t\tnumOfSs2 += 1;\n\t\t\t\t\t\t\t\tminiCounter += 1;\n\t\t\t\t\t\t\t\tString thisOne = s[c].substring(start, end+1);\n\t\t\t\t\t\t\t\tString prevOne = ss1.get(miniCounter);\n\t\t\t\t\t\t\t\tif(!thisOne.equals(prevOne))\n\t\t\t\t\t\t\t\t{\n\t\t\t\t\t\t\t\t\tstringDifferences += 1;\n\t\t\t\t\t\t\t\t\tif(stringDifferences >= 2)\n\t\t\t\t\t\t\t\t\t{\n\t\t\t\t\t\t\t\t\t\tSystem.out.println(\"DIFFERENT\");\n\t\t\t\t\t\t\t\t\t\tdone = true;\n\t\t\t\t\t\t\t\t\t\tbreak;\n\t\t\t\t\t\t\t\t\t}\n\t\t\t\t\t\t\t\t\telse\n\t\t\t\t\t\t\t\t\t{\n\t\t\t\t\t\t\t\t\t\tzure = prevOne.length() - thisOne.length();\n\t\t\t\t\t\t\t\t\t}\n\t\t\t\t\t\t\t\t}\n\t\t\t\t\t\t\t}\n\t\t\t\t\t\t\tstart = -1;\n\t\t\t\t\t\t}\n\t\t\t\t\t}\n\t\t\t\t\telse\n\t\t\t\t\t{\n\t\t\t\t\t\tif(start == -1)\n\t\t\t\t\t\t{\n\t\t\t\t\t\t\tif(c == 1)\n\t\t\t\t\t\t\t{\n\t\t\t\t\t\t\t\tString cur1 = s[0].substring(i+zure, i+1+zure);\n\t\t\t\t\t\t\t\tString cur2 = s[1].substring(i, i+1);\n\t\t\t\t\t\t\t\tif(!cur1.equals(cur2))\n\t\t\t\t\t\t\t\t{\n\t\t\t\t\t\t\t\t\tSystem.out.println(\"DIFFERENT\");\n\t\t\t\t\t\t\t\t\tdone = true;\n\t\t\t\t\t\t\t\t\tbreak;\n\t\t\t\t\t\t\t\t}\n\t\t\t\t\t\t\t}\n\t\t\t\t\t\t}\n\t\t\t\t\t}\n\t\t\t\t}\n\t\t\t}\n\t\t\tif(!done)\n\t\t\t{\n\t\t\t\tif(numOfSs2 == ss1.size())\n\t\t\t\t{\n\t\t\t\t\tif(stringDifferences == 1)\n\t\t\t\t\t{\n\t\t\t\t\t\tSystem.out.println(\"CLOSE\");\n\t\t\t\t\t}\n\t\t\t\t\telse if(stringDifferences == 0)\n\t\t\t\t\t{\n\t\t\t\t\t\tSystem.out.println(\"IDENTICAL\");\n\t\t\t\t\t}\n\t\t\t\t}\n\t\t\t\telse\n\t\t\t\t{\n\t\t\t\t\tSystem.out.println(\"DIFFERENT\");\n\t\t\t\t}\n\t\t\t}\n\t\t}\n\t}\n}",
      "covered_code": "Given the test case input `HELLO \"WORLD\"`, let's develop a plan step by step for the code snippet and predict its code coverage.\n\n1. **Import Statements**: \n   - Always executed, hence, import statements for `java.util.ArrayList`, `java.util.List`, and `java.util.Scanner` will be covered.\n\n2. **Class Declaration**: \n   - Always executed, the declaration `public class Main {` is covered.\n\n3. **Main Method Declaration**: \n   - Always executed, hence the statement `public static void main(String[] args)` is covered.\n\n4. **Scanner Instantiation**: \n   - Always executed since it's at the beginning of the `main` method, `Scanner scan = new Scanner(System.in);` is covered.\n\n5. **String Array Initialization**: \n   - Always executed, `String[] s = new String[2];` is covered.\n\n6. **While Loop**: \n   - The loop condition is `true`, so it will execute until a break statement is encountered. \n   - The loop will execute for the input provided.\n\n7. **Reading First Input**: \n   - `s[0] = scan.next();` will execute, reading `HELLO` from the input.\n\n8. **Break Condition**: \n   - The statement `if(s[0].equals(\".\")) {break;}` is executed but not satisfied, so the loop continues.\n\n9. **Reading Second Input**: \n   - `s[1] = scan.next();` will execute, reading `\"WORLD\"` from the input.\n\n10. **ArrayList Initialization**: \n    - Both `List<String> ss1 = new ArrayList<String>();` and `List<Integer> location = new ArrayList<Integer>();` will be executed.\n\n11. **Variables Initialization**: \n    - The initialization of `miniCounter`, `stringDifferences`, and `numOfSs2` are executed.\n\n12. **For Loop**: \n    - The outer for-loop `for(int c = 0; c <= 1; c++)` will execute twice as intended for both strings in `s`.\n\n13. **String Parsing and If-Else Logic**: \n    - The complex logic within the for-loop, including the handling of quotation marks and comparison between `ss1` and `s[c]`, will partially execute based on the input. \n    - Since `\"WORLD\"` is within quotation marks, it will be added to `ss1` in the first iteration. In the second iteration, it will attempt to compare, but there's no second string within quotes to compare to, leading to different branches being executed.\n    - The execution will differ based on the loop's current iteration (`c`) and the characters it encounters.\n\n14. **Output Statements**: \n    - Depending on the comparison results, one of the `System.out.println` statements will execute. \n    - Given the input, the output will likely be `\"IDENTICAL\"` because there is only one string within quotes, and no differences outside quotes are checked due to the specific input structure.\n\n15. **Close of Loop and Scanner**: \n    - The loop will continue indefinitely without a specific break condition met in the given input. Since there's no input that equals `\".\"`, the loop doesn't break, and `scan.close();` is not covered.\n\nGiven the specific input `HELLO \"WORLD\"` and based on the plan:\n- The import statements, class declaration, main method declaration, scanner instantiation, string array initialization, ArrayList initializations, variable initializations, the while loop, and the first reading operation are all executed.\n- The break condition is checked but not met.\n- The second reading operation is executed.\n- The for-loop and its contents are executed with variations depending on the iteration and conditions encountered.\n- At least one of the output statements is executed based on the comparison logic.\n- The scanner closing operation is not executed due to the infinite loop.\n\nCode Coverage Prediction:\n- All import statements, class, and method declarations are covered (`>`).\n- All variable and ArrayList initializations are covered (`>`).\n- The while loop and both reading operations are covered (`>`).\n- The break condition is executed but not met (`>`).\n- The for-loop and its content, including comparison and output logic, are covered with variations based on conditions (`>`).\n- The scanner close operation is not covered due to the loop's nature (`!`).\n\nThe exact lines executed for the string parsing and comparison logic depend on the specific logic paths taken, which are influenced by the input structure. Since the input does not lead to a break from the loop, the scanner's close statement is not executed.",
      "test_seed_coverage": [
        ">",
        ">",
        ">",
        ">",
        ">",
        ">",
        ">",
        ">",
        ">",
        ">",
        ">",
        ">",
        ">",
        ">",
        ">",
        ">",
        ">",
        ">",
        ">",
        ">",
        ">",
        ">",
        ">",
        ">",
        ">",
        ">",
        ">",
        ">",
        ">",
        ">",
        ">",
        ">",
        ">",
        ">",
        ">",
        ">",
        ">",
        ">",
        ">",
        ">",
        ">",
        ">",
        ">",
        ">",
        ">",
        ">",
        ">",
        ">",
        ">",
        ">",
        ">",
        ">",
        ">",
        ">",
        ">",
        ">",
        ">",
        ">",
        ">",
        ">",
        ">",
        ">",
        ">",
        ">",
        ">",
        ">",
        ">",
        ">",
        ">",
        ">",
        ">",
        ">",
        ">",
        ">",
        ">",
        ">",
        ">",
        ">",
        ">",
        ">",
        ">",
        ">",
        ">",
        ">",
        ">",
        ">",
        ">",
        ">",
        ">",
        ">",
        ">",
        ">",
        ">",
        ">",
        ">",
        ">",
        ">",
        ">",
        ">",
        ">",
        ">",
        ">",
        ">",
        ">",
        ">",
        ">",
        ">",
        ">"
      ],
      "cumulative_coverage": [
        ">",
        ">",
        ">",
        ">",
        ">",
        ">",
        ">",
        ">",
        ">",
        ">",
        ">",
        ">",
        ">",
        ">",
        ">",
        ">",
        ">",
        ">",
        ">",
        ">",
        ">",
        ">",
        ">",
        ">",
        ">",
        ">",
        ">",
        ">",
        ">",
        ">",
        ">",
        ">",
        ">",
        ">",
        ">",
        ">",
        ">",
        ">",
        ">",
        ">",
        ">",
        ">",
        ">",
        ">",
        ">",
        ">",
        ">",
        ">",
        ">",
        ">",
        ">",
        ">",
        ">",
        ">",
        ">",
        ">",
        ">",
        ">",
        ">",
        ">",
        ">",
        ">",
        ">",
        ">",
        ">",
        ">",
        ">",
        ">",
        ">",
        ">",
        ">",
        ">",
        ">",
        ">",
        ">",
        ">",
        ">",
        ">",
        ">",
        ">",
        ">",
        ">",
        ">",
        ">",
        ">",
        ">",
        ">",
        ">",
        ">",
        ">",
        ">",
        ">",
        ">",
        ">",
        ">",
        ">",
        ">",
        ">",
        ">",
        ">",
        ">",
        ">",
        ">",
        ">",
        ">",
        ">",
        ">",
        ">"
      ],
      "execution_error": "Exception in thread \"main\" java.lang.IndexOutOfBoundsException: Index 0 out of bounds for length 0\n\tat java.base/jdk.internal.util.Preconditions.outOfBounds(Preconditions.java:100)\n\tat java.base/jdk.internal.util.Preconditions.outOfBoundsCheckIndex(Preconditions.java:106)\n\tat java.base/jdk.internal.util.Preconditions.checkIndex(Preconditions.java:302)\n\tat java.base/java.util.Objects.checkIndex(Objects.java:385)\n\tat java.base/java.util.ArrayList.get(ArrayList.java:427)\n\tat Main.main(Main.java:50)",
      "cerberus_output": "",
      "execution_result": "IndexOutOfBoundsException",
      "test_case_id": "8"
    }
  ]
}