{
  "submission_id": "s151577872",
  "cycles": [
    {
      "test_case": [
        "Test Case Input:\n5\n2\n3"
      ],
      "test_mutations": [
        "Test Case Input:\n5\n2\n3"
      ],
      "initial_code": "import java.util.*;\npublic class Main {\n\tpublic static void main(final String[] args) {\n        Scanner sc = new Scanner(System.in);\n        long n = sc.nextInt();\n        long a = sc.nextInt();\n        long b = sc.nextInt();\n        long num = (n / (a + b)) * a;\n        long rem = n % (a + b);\n        num += Math.max(a, rem);\n        System.out.println(num);\n    }\n}",
      "covered_code": "Given the test case input `5 2 3`, let's develop a plan for step-by-step execution of the given Java program and predict the code coverage:\n\n1. **Import Statements**: Import statements are always executed. Statement \"import java.util.*;\" will be covered.\n2. **Main Class Declaration**: always executed. Statement \"public class Main {\" is covered.\n3. **Main Method Declaration**: always executed. Statement \"public static void main(final String[] args) {\" is covered.\n4. **Scanner Creation**: always executed. Statement \"Scanner sc = new Scanner(System.in);\" is covered.\n5. **User Input**: With the given test case, the statements to read inputs are always executed. Statements \"long n = sc.nextInt();\", \"long a = sc.nextInt();\", and \"long b = sc.nextInt();\" are covered.\n6. **Arithmetic Operations**: The arithmetic operations to calculate the value of `num` and `rem` are executed as part of the logic flow. Statements \"long num = (n / (a + b)) * a;\" and \"long rem = n % (a + b);\" are covered.\n7. **Math.max Function Call**: The call to `Math.max(a, rem)` is part of the calculation and is executed. Statement \"num += Math.max(a, rem);\" is covered.\n8. **System.out.println Call**: The final print statement to output the result of the calculation is executed. Statement \"System.out.println(num);\" is covered.\n9. **Scanner Close**: The provided code snippet does not explicitly close the Scanner object with `sc.close();`, so there's no statement related to closing the scanner to consider.\n\nBased on the plan, the code coverage for the given Java program with the test case `5 2 3` is as follows:\n\n```\n> import java.util.*;\n> public class Main {\n>     public static void main(final String[] args) {\n>         Scanner sc = new Scanner(System.in);\n>         long n = sc.nextInt();\n>         long a = sc.nextInt();\n>         long b = sc.nextInt();\n>         long num = (n / (a + b)) * a;\n>         long rem = n % (a + b);\n>         num += Math.max(a, rem);\n>         System.out.println(num);\n>     }\n}\n```\n\n**OUTPUT**: \nThe output for the given test case `5 2 3` would be the result of the arithmetic operation based on the input values, which does not result in any runtime exception for this specific test case.\n\nGiven the test case, the calculation would proceed as follows:\n- `n / (a + b)` calculates to `5 / (2 + 3) = 1`.\n- `num` initially becomes `(1) * 2 = 2`.\n- `rem = 5 % (2 + 3) = 0`.\n- `num += Math.max(2, 0)`, so `num` becomes `2 + 2 = 4`.\n- The printed output is `4`.",
      "test_seed_coverage": [
        ">",
        ">",
        ">",
        ">",
        ">",
        ">",
        ">",
        ">",
        ">",
        ">",
        ">",
        ">",
        ">"
      ],
      "cumulative_coverage": [
        ">",
        ">",
        ">",
        ">",
        ">",
        ">",
        ">",
        ">",
        ">",
        ">",
        ">",
        ">",
        ">"
      ],
      "execution_output": "4",
      "cerberus_output": "",
      "execution_result": "",
      "test_case_id": "1"
    },
    {
      "test_case": [
        "Test Case Input:\n-10\n0\n5"
      ],
      "test_mutations": [
        "Test Case Input:\n-10\n0\n5"
      ],
      "initial_code": "import java.util.*;\npublic class Main {\n\tpublic static void main(final String[] args) {\n        Scanner sc = new Scanner(System.in);\n        long n = sc.nextInt();\n        long a = sc.nextInt();\n        long b = sc.nextInt();\n        long num = (n / (a + b)) * a;\n        long rem = n % (a + b);\n        num += Math.max(a, rem);\n        System.out.println(num);\n    }\n}",
      "covered_code": "Given the Java program and the specified test case input, we will follow the plan for step-by-step execution and then predict the code coverage.\n\nTest Case Input:\n-10\n0\n5\n\nPlan for Step-by-Step Execution:\n\n1. **Import statements**: Import statements such as `import java.util.*;` are always executed. Therefore, this statement will be covered.\n\n2. **Main Class Declaration**: The class declaration `public class Main {` is always executed, so it's covered.\n\n3. **Main Method Declaration**: The main method declaration `public static void main(final String[] args) {` is always executed, which means it's covered.\n\n4. **Scanner Object Creation**: The statement to create a Scanner object `Scanner sc = new Scanner(System.in);` is executed, so it's covered.\n\n5. **Reading Inputs**: The statements to read inputs from the console `long n = sc.nextInt();`, `long a = sc.nextInt();`, and `long b = sc.nextInt();` are executed as part of the program's flow. Thus, these lines are covered.\n\n6. **Calculation of 'num' and 'rem'**: The calculations involve reading and operating on the inputs. These operations will be executed as they are part of the main logic of the program. Therefore, the lines:\n    - `long num = (n / (a + b)) * a;`\n    - `long rem = n % (a + b);`\n  \n  will be covered.\n\n7. **Calculation and Output Statement**: The final calculation `num += Math.max(a, rem);` and the output `System.out.println(num);` are part of the main logic and will be executed. Hence, they are covered.\n\n8. **Closing Brackets and End of Class/Method**: These are syntactical elements that are always considered executed in the context of the program's structure.\n\nConsidering the execution plan, let's predict the code coverage. Given the input, there are no conditional branches (like if-else statements) or loops that might have parts of the code that are not executed based on the input. Thus, every statement in the main method is executed.\n\nPredicted Code Coverage:\n\n```\n> import java.util.*;\n> public class Main {\n>     public static void main(final String[] args) {\n>         Scanner sc = new Scanner(System.in);\n>         long n = sc.nextInt();\n>         long a = sc.nextInt();\n>         long b = sc.nextInt();\n>         long num = (n / (a + b)) * a;\n>         long rem = n % (a + b);\n>         num += Math.max(a, rem);\n>         System.out.println(num);\n>     }\n> }\n```\n\nAll the lines in the program are marked with `>` indicating that they are executed. There's no specific exception or special case in the given inputs that would prevent any part of the provided code from executing. However, it's worth mentioning that if the input values could lead to arithmetic exceptions (like division by zero), the execution plan should account for that, but based on the given inputs and the code structure, all lines are covered.",
      "test_seed_coverage": [
        ">",
        ">",
        ">",
        ">",
        ">",
        ">",
        ">",
        ">",
        ">",
        ">",
        ">",
        ">",
        ">"
      ],
      "cumulative_coverage": [
        ">",
        ">",
        ">",
        ">",
        ">",
        ">",
        ">",
        ">",
        ">",
        ">",
        ">",
        ">",
        ">"
      ],
      "execution_output": "0",
      "cerberus_output": "",
      "execution_result": "",
      "test_case_id": "2"
    },
    {
      "test_case": [
        "Test Case Input:\n\"abc\" 5 3"
      ],
      "test_mutations": [
        "Test Case Input:\n\"abc\" 5 3"
      ],
      "initial_code": "import java.util.*;\npublic class Main {\n\tpublic static void main(final String[] args) {\n        Scanner sc = new Scanner(System.in);\n        long n = sc.nextInt();\n        long a = sc.nextInt();\n        long b = sc.nextInt();\n        long num = (n / (a + b)) * a;\n        long rem = n % (a + b);\n        num += Math.max(a, rem);\n        System.out.println(num);\n    }\n}",
      "covered_code": "Given the test case input \"abc\" 5 3, let's develop a plan for step by step execution of the given Java program to predict the code coverage.\n\n1. **Import Statements**: Import statements are always executed.\n   > `import java.util.*;`\n\n2. **Main Class Declaration**: always executed.\n   > `public class Main {`\n\n3. **Main Method Declaration**: always executed.\n   > `public static void main(final String[] args) {`\n\n4. **Scanner Object Creation**: always executed.\n   > `Scanner sc = new Scanner(System.in);`\n\n5. **Reading `n`, `a`, and `b`**: \n   - Attempting to read `n` as a long when the input is \"abc\" will cause an `InputMismatchException`. Therefore, the statements following the scanner input for `n` will not be executed.\n   - Since the first input `\"abc\"` is not a valid long, it will trigger an exception at the first `sc.nextInt()` call.\n   > `long n = sc.nextInt();`\n\n6. **Calculation and Output**:\n   - Since the program will not advance beyond the first `sc.nextInt()` due to the `InputMismatchException`, none of the statements for calculating `num`, `rem`, and printing the result will be executed.\n   ! `long a = sc.nextInt();`\n   ! `long b = sc.nextInt();`\n   ! `long num = (n / (a + b)) * a;`\n   ! `long rem = n % (a + b);`\n   ! `num += Math.max(a, rem);`\n   ! `System.out.println(num);`\n\n7. **Exception**:\n   - Since the input does not match the expected type (long) for `n`, a runtime exception (`InputMismatchException`) is raised at the first attempt to read an integer value.\n   - OUTPUT: `Error: InputMismatchException`\n\nFinal code coverage based on the step-by-step reasoning for execution is:\n\n> `import java.util.*;`\n> `public class Main {`\n> `public static void main(final String[] args) {`\n> `Scanner sc = new Scanner(System.in);`\n! `long n = sc.nextInt();` (execution fails here due to input mismatch, hence exception)\n! `long a = sc.nextInt();`\n! `long b = sc.nextInt();`\n! `long num = (n / (a + b)) * a;`\n! `long rem = n % (a + b);`\n! `num += Math.max(a, rem);`\n! `System.out.println(num);`\n`}`\n\n**OUTPUT**: \nError: InputMismatchException",
      "test_seed_coverage": [
        ">",
        ">",
        ">",
        ">",
        ">",
        ">",
        ">",
        ">",
        ">",
        ">",
        ">",
        ">",
        ">",
        ">",
        ">",
        "!",
        "!",
        "!",
        "!",
        "!",
        "!",
        "!"
      ],
      "cumulative_coverage": [
        ">",
        ">",
        ">",
        ">",
        ">",
        ">",
        ">",
        ">",
        ">",
        ">",
        ">",
        ">",
        ">",
        ">",
        ">",
        "!",
        "!",
        "!",
        "!",
        "!",
        "!",
        "!"
      ],
      "execution_error": "Exception in thread \"main\" java.util.InputMismatchException\n\tat java.base/java.util.Scanner.throwFor(Scanner.java:947)\n\tat java.base/java.util.Scanner.next(Scanner.java:1602)\n\tat java.base/java.util.Scanner.nextInt(Scanner.java:2267)\n\tat java.base/java.util.Scanner.nextInt(Scanner.java:2221)\n\tat Main.main(Main.java:5)",
      "cerberus_output": "InputMismatchException",
      "execution_result": "InputMismatchException",
      "test_case_id": "3"
    },
    {
      "test_case": [
        "Test Case Input:\n\"abc\" 10 5"
      ],
      "test_mutations": [
        "Test Case Input:\n\"abc\" 10 5"
      ],
      "initial_code": "import java.util.*;\npublic class Main {\n\tpublic static void main(final String[] args) {\n        Scanner sc = new Scanner(System.in);\n        long n = sc.nextInt();\n        long a = sc.nextInt();\n        long b = sc.nextInt();\n        long num = (n / (a + b)) * a;\n        long rem = n % (a + b);\n        num += Math.max(a, rem);\n        System.out.println(num);\n    }\n}",
      "covered_code": "Based on the given test case input `\"abc\" 10 5` and the Java program provided, let's develop a plan for step-by-step execution to predict the code coverage.\n\n### Plan\n\n1. **Import statements:** Always executed. Statement \"import java.util.*;\" will be covered.\n2. **Main Class Declaration:** Always executed. Statement \"public class Main {\" is covered.\n3. **Main method declaration:** Always executed. Statement \"public static void main(final String[] args) {\" is covered.\n4. **Scanner object creation:** Always executed. Statement \"Scanner sc = new Scanner(System.in);\" is covered.\n5. **Reading input:** Since the first input expected is a long integer and the provided input is a string `\"abc\"`, a `InputMismatchException` will be thrown at runtime when attempting to execute \"long n = sc.nextInt();\". Thus, this statement will be executed but will not complete successfully.\n6. **Subsequent statements:** Because an exception is thrown while reading the first input, none of the subsequent statements will be executed. This includes calculation and output statements.\n7. **Closing Brackets:** Always considered covered as part of the class and method structure.\n\n### Predicted Code Coverage\n\n> import java.util.*;\n> public class Main {\n> \tpublic static void main(final String[] args) {\n>         Scanner sc = new Scanner(System.in);\n>         long n = sc.nextInt(); // This line will cause an InputMismatchException due to the string input \"abc\".\n!         long a = sc.nextInt();\n!         long b = sc.nextInt();\n!         long num = (n / (a + b)) * a;\n!         long rem = n % (a + b);\n!         num += Math.max(a, rem);\n!         System.out.println(num);\n>     }\n> }\n\n**OUTPUT:**\n`InputMismatchException` due to attempting to read a string `\"abc\"` as an integer.\n\nThis analysis indicates that after the exception is thrown, no further code is executed, which means that all lines after the exception are not covered.",
      "test_seed_coverage": [
        ">",
        ">",
        ">",
        ">",
        ">",
        ">",
        ">",
        ">",
        ">",
        ">",
        ">",
        ">",
        ">"
      ],
      "cumulative_coverage": [
        ">",
        ">",
        ">",
        ">",
        ">",
        ">",
        ">",
        ">",
        ">",
        ">",
        ">",
        ">",
        ">"
      ],
      "execution_error": "Exception in thread \"main\" java.util.InputMismatchException\n\tat java.base/java.util.Scanner.throwFor(Scanner.java:947)\n\tat java.base/java.util.Scanner.next(Scanner.java:1602)\n\tat java.base/java.util.Scanner.nextInt(Scanner.java:2267)\n\tat java.base/java.util.Scanner.nextInt(Scanner.java:2221)\n\tat Main.main(Main.java:5)",
      "cerberus_output": "InputMismatchException",
      "execution_result": "InputMismatchException",
      "test_case_id": "4"
    },
    {
      "test_case": [
        "Test Case Input:\n10\n3\n4"
      ],
      "test_mutations": [
        "Test Case Input:\n10\n3\n4"
      ],
      "initial_code": "import java.util.*;\npublic class Main {\n\tpublic static void main(final String[] args) {\n        Scanner sc = new Scanner(System.in);\n        long n = sc.nextInt();\n        long a = sc.nextInt();\n        long b = sc.nextInt();\n        long num = (n / (a + b)) * a;\n        long rem = n % (a + b);\n        num += Math.max(a, rem);\n        System.out.println(num);\n    }\n}",
      "covered_code": "Based on the provided Java program and the test case input, here is a step-by-step plan to execute the program and predict its code coverage.\n\nTest Case Input:\n10\n3\n4\n\nGiven Java Program:\n```java\nimport java.util.*;\npublic class Main {\n    public static void main(final String[] args) {\n        Scanner sc = new Scanner(System.in);\n        long n = sc.nextInt();\n        long a = sc.nextInt();\n        long b = sc.nextInt();\n        long num = (n / (a + b)) * a;\n        long rem = n % (a + b);\n        num += Math.max(a, rem);\n        System.out.println(num);\n    }\n}\n```\n\nPlan for step-by-step execution:\n1. Import Statements: Execution begins with always executed import statements. Statement \"import java.util.*;\" will be covered.\n\n2. Class Declaration: The class declaration \"public class Main {\" is always executed.\n\n3. Main Method Declaration: The declaration of the main method \"public static void main(final String[] args) {\" is always executed as it's the entry point of the program.\n\n4. Scanner Initialization: The statement \"Scanner sc = new Scanner(System.in);\" for initializing the scanner object to read input from standard input is executed.\n\n5. Reading Inputs: The statements to read inputs \"long n = sc.nextInt();\", \"long a = sc.nextInt();\", and \"long b = sc.nextInt();\" will be executed as the program reads the inputs provided.\n\n6. Calculations: The following statements for performing calculations will be executed:\n   - \"long num = (n / (a + b)) * a;\" calculates the initial part of the number.\n   - \"long rem = n % (a + b);\" calculates the remainder.\n   - \"num += Math.max(a, rem);\" adjusts the number based on the maximum of 'a' and the remainder.\n\n7. Output: The statement \"System.out.println(num);\" for outputting the calculated number will be executed.\n\n8. Scanner Close: There is no explicit call to close the Scanner object in the provided code. However, it is good practice to close resources like Scanner to avoid resource leaks.\n\nCode Coverage Prediction:\n```java\n> import java.util.*;\n> public class Main {\n>     public static void main(final String[] args) {\n>         Scanner sc = new Scanner(System.in);\n>         long n = sc.nextInt();\n>         long a = sc.nextInt();\n>         long b = sc.nextInt();\n>         long num = (n / (a + b)) * a;\n>         long rem = n % (a + b);\n>         num += Math.max(a, rem);\n>         System.out.println(num);\n>     }\n}\n```\n\nOUTPUT:\nThe output will be the result of the calculation based on the inputs provided.\n\nSince all lines of code in the provided program are required to execute based on the given input and there are no conditional statements that would cause certain lines to be skipped, all statements are executed in this scenario.",
      "test_seed_coverage": [
        ">",
        ">",
        ">",
        ">",
        ">",
        ">",
        ">",
        ">",
        ">",
        ">",
        ">",
        ">",
        ">"
      ],
      "cumulative_coverage": [
        ">",
        ">",
        ">",
        ">",
        ">",
        ">",
        ">",
        ">",
        ">",
        ">",
        ">",
        ">",
        ">"
      ],
      "execution_output": "6",
      "cerberus_output": "",
      "execution_result": "",
      "test_case_id": "5"
    },
    {
      "test_case": [
        "Test Case Input:\n\"abc\" \"def\" \"ghi\""
      ],
      "test_mutations": [
        "Test Case Input:\n\"abc\" \"def\" \"ghi\""
      ],
      "initial_code": "import java.util.*;\npublic class Main {\n\tpublic static void main(final String[] args) {\n        Scanner sc = new Scanner(System.in);\n        long n = sc.nextInt();\n        long a = sc.nextInt();\n        long b = sc.nextInt();\n        long num = (n / (a + b)) * a;\n        long rem = n % (a + b);\n        num += Math.max(a, rem);\n        System.out.println(num);\n    }\n}",
      "covered_code": "Given the test case input does not match the expected input type for the provided Java program, the analysis will proceed under the assumption that the inputs are numerical values, as the program expects integer inputs for 'n', 'a', and 'b'. The given test case input is a list of strings (\"abc\", \"def\", \"ghi\"), which will cause a `java.util.InputMismatchException` when attempting to read 'n' as `sc.nextInt()`. Thus, the step by step execution plan and code coverage prediction will be based on this understanding.\n\nPLAN for step by step execution:\n1. **Import Statement Execution**: The import statement for the Scanner utility is always executed. \n2. **Main Class and Main Method Declaration**: The declaration of the `public class Main` and the `public static void main(final String[] args)` method are always executed.\n3. **Scanner and Variable Initialization**: The program initializes the Scanner object to read inputs and attempts to read three long integers from the input.\n4. **Execution of the Arithmetic Operations**: If the inputs were correctly given as long integers, the arithmetic operations to calculate 'num' and 'rem' would be executed.\n5. **Output Statement Execution**: Based on the calculations, the result would be printed out.\n6. **Closing Scanner**: Normally, the Scanner object would be closed at the end of its usage.\n\nGiven the actual string inputs from the test case (\"abc\", \"def\", \"ghi\"), the program will throw a `java.util.InputMismatchException` at the first `sc.nextInt()` call, preventing any further execution. This leads to the following code coverage:\n\n```\n> import java.util.*;\n> public class Main {\n> \tpublic static void main(final String[] args) {\n>         Scanner sc = new Scanner(System.in);\n!         long n = sc.nextInt(); // This line will throw java.util.InputMismatchException\n!         long a = sc.nextInt();\n!         long b = sc.nextInt();\n!         long num = (n / (a + b)) * a;\n!         long rem = n % (a + b);\n!         num += Math.max(a, rem);\n!         System.out.println(num);\n>     }\n> }\n```\n\n**OUTPUT**:\nError: `java.util.InputMismatchException`\n\nThis analysis assumes no modifications to the provided code snippet or input handling to specifically cater to the given string inputs.",
      "test_seed_coverage": [
        ">",
        ">",
        ">",
        ">",
        ">",
        ">",
        ">",
        ">",
        ">",
        ">",
        ">",
        ">",
        ">"
      ],
      "cumulative_coverage": [
        ">",
        ">",
        ">",
        ">",
        ">",
        ">",
        ">",
        ">",
        ">",
        ">",
        ">",
        ">",
        ">"
      ],
      "execution_error": "Exception in thread \"main\" java.util.InputMismatchException\n\tat java.base/java.util.Scanner.throwFor(Scanner.java:947)\n\tat java.base/java.util.Scanner.next(Scanner.java:1602)\n\tat java.base/java.util.Scanner.nextInt(Scanner.java:2267)\n\tat java.base/java.util.Scanner.nextInt(Scanner.java:2221)\n\tat Main.main(Main.java:5)",
      "cerberus_output": "InputMismatchException",
      "execution_result": "InputMismatchException",
      "test_case_id": "6"
    },
    {
      "test_case": [
        "Test Case Input:\n\"abc\" 10 5"
      ],
      "test_mutations": [
        "Test Case Input:\n\"abc\" 10 5"
      ],
      "initial_code": "import java.util.*;\npublic class Main {\n\tpublic static void main(final String[] args) {\n        Scanner sc = new Scanner(System.in);\n        long n = sc.nextInt();\n        long a = sc.nextInt();\n        long b = sc.nextInt();\n        long num = (n / (a + b)) * a;\n        long rem = n % (a + b);\n        num += Math.max(a, rem);\n        System.out.println(num);\n    }\n}",
      "covered_code": "Plan for step-by-step execution of the given Java program with the test case input `\"abc\" 10 5`:\n\n1. Import statements: The statement `import java.util.*;` is always executed.\n2. Main Class Declaration: The declaration `public class Main {` is always executed.\n3. Main method declaration: The method declaration `public static void main(final String[] args) {` is always executed.\n4. Scanner setup for user input: The statement `Scanner sc = new Scanner(System.in);` is executed for setting up the scanner to read inputs.\n5. Attempt to read `long n`: The execution tries to read the first input as a `long` with `sc.nextInt();`. Since the input is `\"abc\"`, which is not a valid `long`, a `InputMismatchException` will be thrown at this point.\n6. Because of the exception at step 5, the program will not proceed to read the next inputs `long a = sc.nextInt();` and `long b = sc.nextInt();`, nor will it execute the remaining part of the program.\n7. No arithmetic operations, no output operations, and no closing of the scanner will be executed because the program will terminate prematurely due to the exception.\n\nBased on the plan, the code coverage highlighting executed (`>`) and non-executed (`!`) lines would be:\n\n```\n> import java.util.*;\n> public class Main {\n> \tpublic static void main(final String[] args) {\n>         Scanner sc = new Scanner(System.in);\n!         long n = sc.nextInt();\n!         long a = sc.nextInt();\n!         long b = sc.nextInt();\n!         long num = (n / (a + b)) * a;\n!         long rem = n % (a + b);\n!         num += Math.max(a, rem);\n!         System.out.println(num);\n>     }\n> }\n```\nOUTPUT:\nError: InputMismatchException\n\nThis output is due to attempting to read a non-numeric string `\"abc\"` as a `long`, which is not compatible, leading to an immediate exception and termination of the program.",
      "test_seed_coverage": [
        ">",
        ">",
        ">",
        ">",
        ">",
        ">",
        ">",
        ">",
        ">",
        ">",
        ">",
        ">",
        ">"
      ],
      "cumulative_coverage": [
        ">",
        ">",
        ">",
        ">",
        ">",
        ">",
        ">",
        ">",
        ">",
        ">",
        ">",
        ">",
        ">"
      ],
      "execution_error": "Exception in thread \"main\" java.util.InputMismatchException\n\tat java.base/java.util.Scanner.throwFor(Scanner.java:947)\n\tat java.base/java.util.Scanner.next(Scanner.java:1602)\n\tat java.base/java.util.Scanner.nextInt(Scanner.java:2267)\n\tat java.base/java.util.Scanner.nextInt(Scanner.java:2221)\n\tat Main.main(Main.java:5)",
      "cerberus_output": "InputMismatchException",
      "execution_result": "InputMismatchException",
      "test_case_id": "7"
    },
    {
      "test_case": [
        "Test Case Input:\n\"abc\" 10 20"
      ],
      "test_mutations": [
        "Test Case Input:\n\"abc\" 10 20"
      ],
      "initial_code": "import java.util.*;\npublic class Main {\n\tpublic static void main(final String[] args) {\n        Scanner sc = new Scanner(System.in);\n        long n = sc.nextInt();\n        long a = sc.nextInt();\n        long b = sc.nextInt();\n        long num = (n / (a + b)) * a;\n        long rem = n % (a + b);\n        num += Math.max(a, rem);\n        System.out.println(num);\n    }\n}",
      "covered_code": "Given the test case input `\"abc\" 10 20`, let's develop a plan for step by step execution of the Java program and predict the code coverage, taking into account that the test case will cause an exception due to the input mismatch.\n\n**Plan for Step by Step Execution:**\n\n1. **Import statements**: Statement \"import java.util.*;\" is executed.\n2. **Class Declaration**: Statement \"public class Main {\" is executed.\n3. **Main method declaration**: Statement \"public static void main(final String[] args) {\" is executed.\n4. **Scanner Initialization**: Statement \"Scanner sc = new Scanner(System.in);\" is executed.\n5. **User Input for long n**: The program attempts to read a long value, but since the input is \"abc\", a `java.util.InputMismatchException` is raised at \"long n = sc.nextInt();\". This means the program will terminate prematurely.\n6. **User Input for long a and long b**: Since an exception is raised before these inputs are read, neither \"long a = sc.nextInt();\" nor \"long b = sc.nextInt();\" is executed.\n7. **Calculation and Output**: None of the statements related to calculation and output are executed because the program terminated at the user input for `n`.\n8. **Closing Brackets and Class End**: Always covered as part of the syntax structure, but since the program terminates due to an exception, they are effectively not relevant for execution flow.\n\n**Predicted Code Coverage:**\n\n```\n> import java.util.*;\n> public class Main {\n>     public static void main(final String[] args) {\n>         Scanner sc = new Scanner(System.in);\n!         long n = sc.nextInt(); // InputMismatchException occurs here\n!         long a = sc.nextInt(); // Not executed due to exception\n!         long b = sc.nextInt(); // Not executed due to exception\n!         long num = (n / (a + b)) * a; // Not executed\n!         long rem = n % (a + b); // Not executed\n!         num += Math.max(a, rem); // Not executed\n!         System.out.println(num); // Not executed\n>     }\n> }\n```\n\n**OUTPUT:**\nThe program will raise a runtime exception: `java.util.InputMismatchException`.\n\nThis exception occurs because the scanner expects an integer value as the first input (`long n = sc.nextInt();`), but the provided input is a string `\"abc\"`, which cannot be parsed as a `long`.",
      "test_seed_coverage": [
        ">",
        ">",
        ">",
        ">",
        ">",
        ">",
        ">",
        ">",
        ">",
        ">",
        ">",
        ">",
        ">"
      ],
      "cumulative_coverage": [
        ">",
        ">",
        ">",
        ">",
        ">",
        ">",
        ">",
        ">",
        ">",
        ">",
        ">",
        ">",
        ">"
      ],
      "execution_error": "Exception in thread \"main\" java.util.InputMismatchException\n\tat java.base/java.util.Scanner.throwFor(Scanner.java:947)\n\tat java.base/java.util.Scanner.next(Scanner.java:1602)\n\tat java.base/java.util.Scanner.nextInt(Scanner.java:2267)\n\tat java.base/java.util.Scanner.nextInt(Scanner.java:2221)\n\tat Main.main(Main.java:5)",
      "cerberus_output": "InputMismatchException",
      "execution_result": "InputMismatchException",
      "test_case_id": "8"
    },
    {
      "test_case": [
        "Test Case Input:\n\"abc\" 10 5"
      ],
      "test_mutations": [
        "Test Case Input:\n\"abc\" 10 5"
      ],
      "initial_code": "import java.util.*;\npublic class Main {\n\tpublic static void main(final String[] args) {\n        Scanner sc = new Scanner(System.in);\n        long n = sc.nextInt();\n        long a = sc.nextInt();\n        long b = sc.nextInt();\n        long num = (n / (a + b)) * a;\n        long rem = n % (a + b);\n        num += Math.max(a, rem);\n        System.out.println(num);\n    }\n}",
      "covered_code": "Given the test case input `\"abc\" 10 5`, let's develop a plan for step-by-step execution and predict the code coverage for the Java program.\n\n1. **Import Statements**: Import statements are always executed. Statement `import java.util.*;` will be covered.\n   > `import java.util.*;`\n\n2. **Class Declaration**: The class declaration is always executed. Statement `public class Main {` is covered.\n   > `public class Main {`\n\n3. **Main Method Declaration**: The main method declaration is always executed. Statement `public static void main(final String[] args) {` is covered.\n   > `public static void main(final String[] args) {`\n\n4. **Scanner Input**: The creation of the `Scanner` object is always executed. Statement `Scanner sc = new Scanner(System.in);` is covered.\n   > `Scanner sc = new Scanner(System.in);`\n\n5. **Variable Initialization with User Input**: Attempting to read user input for variable `n` will throw an `InputMismatchException` because the provided input `\"abc\"` is not an integer. Therefore, the program will terminate before executing further statements. Statements `long n = sc.nextInt();`, `long a = sc.nextInt();`, and `long b = sc.nextInt();` will not be fully covered as the exception occurs at the first `sc.nextInt();`.\n   ! `long n = sc.nextInt();`\n   ! `long a = sc.nextInt();`\n   ! `long b = sc.nextInt();`\n\n6. **Calculation and Output**: All statements involved in performing calculations and printing the result will not be executed due to the premature termination of the program from the `InputMismatchException`.\n   ! `long num = (n / (a + b)) * a;`\n   ! `long rem = n % (a + b);`\n   ! `num += Math.max(a, rem);`\n   ! `System.out.println(num);`\n\n7. **Handling the Exception**: The given plan does not include exception handling; thus, the program will terminate with an `InputMismatchException` upon attempting to read a non-integer value with `sc.nextInt()`.\n\n8. **Closing Brackets**: Closing brackets are syntactical and don't represent executable code lines but are part of the code structure.\n   > `}`\n\n**OUTPUT:**\n\nError: `InputMismatchException`\n\n**Final code coverage of the Java program based on its test case and the given step-by-step reasoning for execution is:**\n\n> `import java.util.*;`\n> `public class Main {`\n> `public static void main(final String[] args) {`\n> `Scanner sc = new Scanner(System.in);`\n! `long n = sc.nextInt();`\n! `long a = sc.nextInt();`\n! `long b = sc.nextInt();`\n! `long num = (n / (a + b)) * a;`\n! `long rem = n % (a + b);`\n! `num += Math.max(a, rem);`\n! `System.out.println(num);`\n> `}`",
      "test_seed_coverage": [
        ">",
        ">",
        ">",
        ">",
        ">",
        ">",
        ">",
        ">",
        ">",
        ">",
        ">",
        ">",
        ">",
        ">",
        ">",
        ">",
        "!",
        "!",
        "!",
        "!",
        "!",
        "!",
        "!",
        ">"
      ],
      "cumulative_coverage": [
        ">",
        ">",
        ">",
        ">",
        ">",
        ">",
        ">",
        ">",
        ">",
        ">",
        ">",
        ">",
        ">",
        ">",
        ">",
        ">",
        "!",
        "!",
        "!",
        "!",
        "!",
        "!",
        "!",
        ">"
      ],
      "execution_error": "Exception in thread \"main\" java.util.InputMismatchException\n\tat java.base/java.util.Scanner.throwFor(Scanner.java:947)\n\tat java.base/java.util.Scanner.next(Scanner.java:1602)\n\tat java.base/java.util.Scanner.nextInt(Scanner.java:2267)\n\tat java.base/java.util.Scanner.nextInt(Scanner.java:2221)\n\tat Main.main(Main.java:5)",
      "cerberus_output": "InputMismatchException",
      "execution_result": "InputMismatchException",
      "test_case_id": "9"
    },
    {
      "test_case": [
        "Test Case Input:\n\"abc\" 10 5"
      ],
      "test_mutations": [
        "Test Case Input:\n\"abc\" 10 5"
      ],
      "initial_code": "import java.util.*;\npublic class Main {\n\tpublic static void main(final String[] args) {\n        Scanner sc = new Scanner(System.in);\n        long n = sc.nextInt();\n        long a = sc.nextInt();\n        long b = sc.nextInt();\n        long num = (n / (a + b)) * a;\n        long rem = n % (a + b);\n        num += Math.max(a, rem);\n        System.out.println(num);\n    }\n}",
      "covered_code": "For the given test case input \"abc\" 10 5 and the Java program provided, we'll follow the plan for step-by-step execution to predict the code coverage. Since the input is not compatible with the expected integer inputs, an InputMismatchException will be thrown at the first attempt to read an integer from the scanner. This affects the execution and code coverage.\n\nPlan:\n1. Import statements: Always executed. Statement \"import java.util.*;\" will be covered.\n2. Main Class Declaration: Always executed. Statement \"public class Main {\" is covered.\n3. Main method declaration: Always executed. Statement \"public static void main(final String[] args) {\" is covered.\n4. Scanner object creation: Always executed. Statement \"Scanner sc = new Scanner(System.in);\" is covered.\n5. Attempt to read long n: Since the first input is a string (\"abc\"), a java.util.InputMismatchException will be thrown by the statement \"long n = sc.nextInt();\". Execution stops here, and subsequent statements are not executed.\n6. Reading long a and b: Not executed due to the exception raised in the previous step.\n7. Calculations for num and rem: Not executed due to the exception raised in the previous step.\n8. Output statement: Not executed due to the exception raised in the previous step.\n\nFinal Code Coverage:\n> import java.util.*;\n> public class Main {\n> \tpublic static void main(final String[] args) {\n>         Scanner sc = new Scanner(System.in);\n!         long n = sc.nextInt();\n!         long a = sc.nextInt();\n!         long b = sc.nextInt();\n!         long num = (n / (a + b)) * a;\n!         long rem = n % (a + b);\n!         num += Math.max(a, rem);\n!         System.out.println(num);\n>     }\n> }\n\nOUTPUT:\nException in thread \"main\" java.util.InputMismatchException\n\nThis scenario highlights the importance of validating input types to prevent runtime exceptions that halt program execution and affect code coverage analysis.",
      "test_seed_coverage": [
        ">",
        ">",
        ">",
        ">",
        ">",
        ">",
        ">",
        ">",
        ">",
        ">",
        ">",
        ">",
        ">"
      ],
      "cumulative_coverage": [
        ">",
        ">",
        ">",
        ">",
        ">",
        ">",
        ">",
        ">",
        ">",
        ">",
        ">",
        ">",
        ">"
      ],
      "execution_error": "Exception in thread \"main\" java.util.InputMismatchException\n\tat java.base/java.util.Scanner.throwFor(Scanner.java:947)\n\tat java.base/java.util.Scanner.next(Scanner.java:1602)\n\tat java.base/java.util.Scanner.nextInt(Scanner.java:2267)\n\tat java.base/java.util.Scanner.nextInt(Scanner.java:2221)\n\tat Main.main(Main.java:5)",
      "cerberus_output": "InputMismatchException",
      "execution_result": "InputMismatchException",
      "test_case_id": "10"
    },
    {
      "test_case": [
        "Test Case Input:\n10\n3\n4"
      ],
      "test_mutations": [
        "Test Case Input:\n10\n3\n4"
      ],
      "initial_code": "import java.util.*;\npublic class Main {\n\tpublic static void main(final String[] args) {\n        Scanner sc = new Scanner(System.in);\n        long n = sc.nextInt();\n        long a = sc.nextInt();\n        long b = sc.nextInt();\n        long num = (n / (a + b)) * a;\n        long rem = n % (a + b);\n        num += Math.max(a, rem);\n        System.out.println(num);\n    }\n}",
      "covered_code": "Following the plan to predict the code coverage for the given Java program with the specified test case input:\n\n1. **Import Statements**: They are always executed.\n   - > import java.util.*;\n\n2. **Class Declaration**: Always executed as it's the definition of the class.\n   - > public class Main {\n\n3. **Main Method Declaration**: Always executed since it's the entry point of the program.\n   - > public static void main(final String[] args) {\n\n4. **Scanner and Variable Initialization**: These lines are executed as they are part of the main method and responsible for reading input.\n   - > Scanner sc = new Scanner(System.in);\n   - > long n = sc.nextInt();\n   - > long a = sc.nextInt();\n   - > long b = sc.nextInt();\n\n5. **Calculation and Logic Implementation**: The program performs a calculation using the input variables. Since these statements directly follow the initialization and there are no conditions that could prevent their execution, they are covered.\n   - > long num = (n / (a + b)) * a;\n   - > long rem = n % (a + b);\n   - > num += Math.max(a, rem);\n\n6. **Output Statement**: This statement prints the result of the calculation to the console. It is executed as part of the program's flow to display the final output.\n   - > System.out.println(num);\n\n7. **Closing Brackets**: These are part of the syntax and structure of the program, ensuring proper enclosure of class and method blocks.\n   - > }\n\nFinal code coverage for the Java program based on the given test case input and the developed plan is:\n\n```\n> import java.util.*;\n> public class Main {\n>     public static void main(final String[] args) {\n>         Scanner sc = new Scanner(System.in);\n>         long n = sc.nextInt();\n>         long a = sc.nextInt();\n>         long b = sc.nextInt();\n>         long num = (n / (a + b)) * a;\n>         long rem = n % (a + b);\n>         num += Math.max(a, rem);\n>         System.out.println(num);\n>     }\n> }\n```\n\n**OUTPUT**:\nNo runtime exceptions are raised with the provided input. The program successfully computes and prints the result based on the input values `n`, `a`, and `b`.",
      "test_seed_coverage": [
        ">",
        ">",
        ">",
        ">",
        ">",
        ">",
        ">",
        ">",
        ">",
        ">",
        ">",
        ">",
        ">"
      ],
      "cumulative_coverage": [
        ">",
        ">",
        ">",
        ">",
        ">",
        ">",
        ">",
        ">",
        ">",
        ">",
        ">",
        ">",
        ">"
      ],
      "execution_output": "6",
      "cerberus_output": "",
      "execution_result": "",
      "test_case_id": "11"
    },
    {
      "test_case": [
        "Test Case Input:\n\"abc\" 5 10"
      ],
      "test_mutations": [
        "Test Case Input:\n\"abc\" 5 10"
      ],
      "initial_code": "import java.util.*;\npublic class Main {\n\tpublic static void main(final String[] args) {\n        Scanner sc = new Scanner(System.in);\n        long n = sc.nextInt();\n        long a = sc.nextInt();\n        long b = sc.nextInt();\n        long num = (n / (a + b)) * a;\n        long rem = n % (a + b);\n        num += Math.max(a, rem);\n        System.out.println(num);\n    }\n}",
      "covered_code": "Let's develop a plan for step-by-step execution of the provided Java program and predict the code coverage based on the given test input `[\"abc\" 5 10]`. \n\n1. **Import Statements**: Import statements are always executed. Statement `import java.util.*;` will be covered.\n   \n   > `import java.util.*;`\n\n2. **Class Declaration**: Always executed. Statement `public class Main {` is covered.\n   \n   > `public class Main {`\n\n3. **Main Method Declaration**: Always executed. Statement `public static void main(final String[] args) {` is covered.\n   \n   > `public static void main(final String[] args) {`\n\n4. **Scanner Instantiation**: Always executed. Statement `Scanner sc = new Scanner(System.in);` is covered.\n   \n   > `Scanner sc = new Scanner(System.in);`\n\n5. **Reading Inputs**: The program attempts to read the first input as a long (`long n = sc.nextInt();`). However, the given test input is `\"abc\" 5 10`, where the first input is a `String` and not a `long` or `int`. This will lead to an `InputMismatchException` when the program attempts to read `\"abc\"` as an integer or long. Therefore, the exception will occur here, and the following lines of code will not be executed.\n   \n   > `long n = sc.nextInt();`  \n   ! `long a = sc.nextInt();`  \n   ! `long b = sc.nextInt();`  \n   ! `long num = (n / (a + b)) * a;`  \n   ! `long rem = n % (a + b);`  \n   ! `num += Math.max(a, rem);`  \n   ! `System.out.println(num);`\n\n6. **Closing Braces**: Always covered as they are part of the class and method syntax.\n   \n   > `}`  \n   > `}`\n\n### Output:\nSince the program attempts to read a `String` as an `int` or `long`, it will throw a runtime exception:\n\n**Error: `InputMismatchException`**\n\n### Final Code Coverage:\nThe code coverage indicates which lines are executed until the runtime exception occurs:\n\n> `import java.util.*;`  \n> `public class Main {`  \n> `public static void main(final String[] args) {`  \n> `Scanner sc = new Scanner(System.in);`  \n> `long n = sc.nextInt();`  \n! `long a = sc.nextInt();`  \n! `long b = sc.nextInt();`  \n! `long num = (n / (a + b)) * a;`  \n! `long rem = n % (a + b);`  \n! `num += Math.max(a, rem);`  \n! `System.out.println(num);`  \n> `}`  \n> `}`",
      "test_seed_coverage": [
        ">",
        ">",
        ">",
        ">",
        ">",
        ">",
        ">",
        ">",
        ">",
        ">",
        ">",
        ">",
        ">",
        ">",
        ">",
        ">",
        ">",
        ">",
        "!",
        "!",
        "!",
        "!",
        "!",
        "!",
        ">",
        ">"
      ],
      "cumulative_coverage": [
        ">",
        ">",
        ">",
        ">",
        ">",
        ">",
        ">",
        ">",
        ">",
        ">",
        ">",
        ">",
        ">",
        ">",
        ">",
        ">",
        ">",
        ">",
        "!",
        "!",
        "!",
        "!",
        "!",
        "!",
        ">",
        ">"
      ],
      "execution_error": "Exception in thread \"main\" java.util.InputMismatchException\n\tat java.base/java.util.Scanner.throwFor(Scanner.java:947)\n\tat java.base/java.util.Scanner.next(Scanner.java:1602)\n\tat java.base/java.util.Scanner.nextInt(Scanner.java:2267)\n\tat java.base/java.util.Scanner.nextInt(Scanner.java:2221)\n\tat Main.main(Main.java:5)",
      "cerberus_output": "InputMismatchException",
      "execution_result": "InputMismatchException",
      "test_case_id": "12"
    },
    {
      "test_case": [
        "Test Case Input:\n\"abc\"\n5\n10"
      ],
      "test_mutations": [
        "Test Case Input:\n\"abc\"\n5\n10"
      ],
      "initial_code": "import java.util.*;\npublic class Main {\n\tpublic static void main(final String[] args) {\n        Scanner sc = new Scanner(System.in);\n        long n = sc.nextInt();\n        long a = sc.nextInt();\n        long b = sc.nextInt();\n        long num = (n / (a + b)) * a;\n        long rem = n % (a + b);\n        num += Math.max(a, rem);\n        System.out.println(num);\n    }\n}",
      "covered_code": "Given the test case input does not match the expected data types for the scanner inputs (the program expects integers but the test case provides a string followed by integers), there would be a `InputMismatchException` when attempting to read `n` as it expects an integer but encounters a string. Therefore, the code coverage will reflect that the program execution is interrupted at the point where it attempts to read the first integer input. Below is the code coverage based on this scenario:\n\n> import java.util.*;\n> public class Main {\n> \tpublic static void main(final String[] args) {\n>         Scanner sc = new Scanner(System.in);\n!         long n = sc.nextInt();\n!         long a = sc.nextInt();\n!         long b = sc.nextInt();\n!         long num = (n / (a + b)) * a;\n!         long rem = n % (a + b);\n!         num += Math.max(a, rem);\n!         System.out.println(num);\n>     }\n> }\n\nOUTPUT: `InputMismatchException`\n\nPLAN for step by step execution of the given java program and test case:\n\n1. Import statements: Always executed. Statement \"import java.util.*;\" will be covered.\n2. Class Declaration: Always executed. Statement \"public class Main {\" is covered.\n3. Main method declaration: Always executed. Statement \"public static void main(final String[] args) {\" is covered.\n4. Scanner and User Input: The statement \"Scanner sc = new Scanner(System.in);\" is executed. The program then attempts to read the first input with \"long n = sc.nextInt();\". However, since the input is a string (\"abc\") instead of an expected integer, a runtime exception (`InputMismatchException`) is raised here.\n5. Due to the raised exception, all subsequent statements within the main method are not executed as the program is interrupted and terminated prematurely. These include reading the next inputs, performing calculations, and printing the result.\n6. Since the exception occurs before any calculations or further inputs are processed, no further lines are executed beyond the point of exception.\n7. Closing Brackets: Always conceptually covered as part of the structure, but since execution is interrupted, it's not relevant to the runtime flow.\n\nThe primary cause of the program's inability to proceed is the mismatch between the expected data type for inputs and the provided test case input, leading to an immediate runtime exception and halting further execution.",
      "test_seed_coverage": [
        ">",
        ">",
        ">",
        ">",
        ">",
        ">",
        ">",
        ">",
        ">",
        ">",
        ">",
        ">",
        ">"
      ],
      "cumulative_coverage": [
        ">",
        ">",
        ">",
        ">",
        ">",
        ">",
        ">",
        ">",
        ">",
        ">",
        ">",
        ">",
        ">"
      ],
      "execution_error": "Exception in thread \"main\" java.util.InputMismatchException\n\tat java.base/java.util.Scanner.throwFor(Scanner.java:947)\n\tat java.base/java.util.Scanner.next(Scanner.java:1602)\n\tat java.base/java.util.Scanner.nextInt(Scanner.java:2267)\n\tat java.base/java.util.Scanner.nextInt(Scanner.java:2221)\n\tat Main.main(Main.java:5)",
      "cerberus_output": "InputMismatchException",
      "execution_result": "InputMismatchException",
      "test_case_id": "13"
    },
    {
      "test_case": [
        "Test Case Input:\n5\n2\n3"
      ],
      "test_mutations": [
        "Test Case Input:\n5\n2\n3"
      ],
      "initial_code": "import java.util.*;\npublic class Main {\n\tpublic static void main(final String[] args) {\n        Scanner sc = new Scanner(System.in);\n        long n = sc.nextInt();\n        long a = sc.nextInt();\n        long b = sc.nextInt();\n        long num = (n / (a + b)) * a;\n        long rem = n % (a + b);\n        num += Math.max(a, rem);\n        System.out.println(num);\n    }\n}",
      "covered_code": "Given the test case input `5 2 3`, let's develop a plan for step-by-step execution of the code snippet and then predict the code coverage.\n\n### PLAN for Step by Step Execution:\n\n1. **Import Statements**: Import statements are always executed. Statement `import java.util.*;` will be covered.\n   \n2. **Main Class Declaration**: Always executed. Statement `public class Main {` is covered.\n   \n3. **Main Method Declaration**: Always executed. Statement `public static void main(final String[] args) {` is covered.\n   \n4. **Scanner and User Input**: Statements for creating a Scanner object and capturing user input are executed since they are necessary for the program to proceed. Statements `Scanner sc = new Scanner(System.in);`, `long n = sc.nextInt();`, `long a = sc.nextInt();`, and `long b = sc.nextInt();` are covered.\n   \n5. **Calculation**: The calculation of `num` and `rem` involves basic arithmetic operations and a call to `Math.max()`, which are always executed as part of the program's logic. Statements `long num = (n / (a + b)) * a;` and `long rem = n % (a + b);` followed by `num += Math.max(a, rem);` are covered.\n   \n6. **Output**: The final result is printed to the console, so the statement `System.out.println(num);` is covered.\n   \n7. **Closing Braces**: Always covered as they denote the end of blocks.\n\n### Code Coverage Prediction:\n\nGiven the plan and the flow of execution based on the test case input, all statements in the provided Java program will be executed. There are no conditional statements that could result in branching or skipping parts of the code. Thus, no line will be left unexecuted. The prediction for code coverage, indicating executed lines with `>`, is as follows:\n\n```\n> import java.util.*;\n> public class Main {\n>   public static void main(final String[] args) {\n>       Scanner sc = new Scanner(System.in);\n>       long n = sc.nextInt();\n>       long a = sc.nextInt();\n>       long b = sc.nextInt();\n>       long num = (n / (a + b)) * a;\n>       long rem = n % (a + b);\n>       num += Math.max(a, rem);\n>       System.out.println(num);\n>   }\n> }\n```\n\n**OUTPUT for the Test Case Input `5 2 3`**:\n- First, calculate `num = (5 / (2 + 3)) * 2 = 0 * 2 = 0`.\n- Then, calculate `rem = 5 % (2 + 3) = 5 % 5 = 0`.\n- The final value of `num` after adding `Math.max(a, rem) = Math.max(2, 0) = 2` is `0 + 2 = 2`.\n- Thus, the output will be `2`.",
      "test_seed_coverage": [
        ">",
        ">",
        ">",
        ">",
        ">",
        ">",
        ">",
        ">",
        ">",
        ">",
        ">",
        ">",
        ">"
      ],
      "cumulative_coverage": [
        ">",
        ">",
        ">",
        ">",
        ">",
        ">",
        ">",
        ">",
        ">",
        ">",
        ">",
        ">",
        ">"
      ],
      "execution_output": "4",
      "cerberus_output": "",
      "execution_result": "",
      "test_case_id": "14"
    },
    {
      "test_case": [
        "Test Case Input:\nabc\n1\n2"
      ],
      "test_mutations": [
        "Test Case Input:\nabc\n1\n2"
      ],
      "initial_code": "import java.util.*;\npublic class Main {\n\tpublic static void main(final String[] args) {\n        Scanner sc = new Scanner(System.in);\n        long n = sc.nextInt();\n        long a = sc.nextInt();\n        long b = sc.nextInt();\n        long num = (n / (a + b)) * a;\n        long rem = n % (a + b);\n        num += Math.max(a, rem);\n        System.out.println(num);\n    }\n}",
      "covered_code": "Given the input 'abc\\n1\\n2', the plan for step by step execution of the Java program and predicting code coverage would be as follows:\n\n1. **Import Statements**: Always executed.\n   - `> import java.util.*;`\n\n2. **Class Declaration**: Always executed.\n   - `> public class Main {`\n\n3. **Main Method Declaration**: Always executed.\n   - `> public static void main(final String[] args) {`\n\n4. **Scanner Initialization**: Always executed.\n   - `> Scanner sc = new Scanner(System.in);`\n\n5. **User Input for `n`**: Since the first input is `'abc'`, a non-integer, attempting to read it as an integer using `sc.nextInt()` will raise an `InputMismatchException`.\n   - `> long n = sc.nextInt();` (This statement attempts execution but fails due to the wrong input type, thus leading to an exception.)\n\n6. **Subsequent Statements**: Since an `InputMismatchException` will be thrown at the attempt to read the first input, none of the subsequent statements will be executed.\n   - `! long a = sc.nextInt();`\n   - `! long b = sc.nextInt();`\n   - `! long num = (n / (a + b)) * a;`\n   - `! long rem = n % (a + b);`\n   - `! num += Math.max(a, rem);`\n   - `! System.out.println(num);`\n\n7. **Closing Braces**: Always considered covered in the structure of the program.\n   - `> }`\n\n**OUTPUT:**\n- `Error: InputMismatchException`\n\n**Final Code Coverage:**\n- `> import java.util.*;`\n- `> public class Main {`\n- `> public static void main(final String[] args) {`\n- `> Scanner sc = new Scanner(System.in);`\n- `> long n = sc.nextInt();` (Execution attempted but results in an exception.)\n- `! long a = sc.nextInt();`\n- `! long b = sc.nextInt();`\n- `! long num = (n / (a + b)) * a;`\n- `! long rem = n % (a + b);`\n- `! num += Math.max(a, rem);`\n- `! System.out.println(num);`\n- `> }`\n\nGiven the input and the plan, the code coverage indicates that execution does not proceed beyond the attempt to read the first non-integer input, leading to an exception (`InputMismatchException`) and terminating the program execution prematurely.",
      "test_seed_coverage": [
        ">",
        ">",
        ">",
        ">",
        ">",
        ">",
        ">",
        ">",
        ">",
        ">",
        ">",
        ">",
        ">"
      ],
      "cumulative_coverage": [
        ">",
        ">",
        ">",
        ">",
        ">",
        ">",
        ">",
        ">",
        ">",
        ">",
        ">",
        ">",
        ">"
      ],
      "execution_error": "Exception in thread \"main\" java.util.InputMismatchException\n\tat java.base/java.util.Scanner.throwFor(Scanner.java:947)\n\tat java.base/java.util.Scanner.next(Scanner.java:1602)\n\tat java.base/java.util.Scanner.nextInt(Scanner.java:2267)\n\tat java.base/java.util.Scanner.nextInt(Scanner.java:2221)\n\tat Main.main(Main.java:5)",
      "cerberus_output": "InputMismatchException",
      "execution_result": "InputMismatchException",
      "test_case_id": "15"
    },
    {
      "test_case": [
        "Test Case Input:\n\"abc\" 10 5"
      ],
      "test_mutations": [
        "Test Case Input:\n\"abc\" 10 5"
      ],
      "initial_code": "import java.util.*;\npublic class Main {\n\tpublic static void main(final String[] args) {\n        Scanner sc = new Scanner(System.in);\n        long n = sc.nextInt();\n        long a = sc.nextInt();\n        long b = sc.nextInt();\n        long num = (n / (a + b)) * a;\n        long rem = n % (a + b);\n        num += Math.max(a, rem);\n        System.out.println(num);\n    }\n}",
      "covered_code": "Given the test case input `\"abc\" 10 5`, we cannot proceed directly with the execution plan since the input provided (`\"abc\"`) is not a valid integer and will cause an exception when the program attempts to interpret it as such. However, for the sake of thoroughness, let's develop a plan to understand code coverage until the exception is encountered:\n\n1. **Import Statements:** Always executed. Statement `import java.util.*;` will be covered. \n   > `import java.util.*;`\n   \n2. **Class Declaration:** Always executed. Statement `public class Main {` is covered.\n   > `public class Main {`\n\n3. **Main Method Declaration:** Always executed. Statement `public static void main(final String[] args) {` is covered.\n   > `public static void main(final String[] args) {`\n\n4. **Scanner Declaration and Initialization:** Always executed. Statement `Scanner sc = new Scanner(System.in);` is covered.\n   > `Scanner sc = new Scanner(System.in);`\n\n5. **Reading `n` from Input:** Since the input `\"abc\"` is not an integer, attempting to read it with `sc.nextInt();` will raise a `InputMismatchException`. This means the program execution will stop at this point and the exception will be thrown.\n   > `long n = sc.nextInt();` (causes `InputMismatchException`)\n\n6. **Reading `a` and `b` from Input:** These lines would not be reached or executed due to the exception in the previous step.\n   ! `long a = sc.nextInt();`\n   ! `long b = sc.nextInt();`\n\n7. **Calculating `num`:** Not reached due to the exception.\n   ! `long num = (n / (a + b)) * a;`\n\n8. **Calculating `rem`:** Not reached due to the exception.\n   ! `long rem = n % (a + b);`\n\n9. **Final Calculation and Output:** Not reached due to the exception.\n   ! `num += Math.max(a, rem);`\n   ! `System.out.println(num);`\n\n10. **Closing Brackets:** Always conceptually covered as part of the class and method structure.\n    > `}`\n\n**Error Output:** `InputMismatchException`\n\n**Final Code Coverage Based on the Execution Plan and Given Test Case Input:**\n\n```\n> import java.util.*;\n> public class Main {\n>     public static void main(final String[] args) {\n>         Scanner sc = new Scanner(System.in);\n!         long n = sc.nextInt();  // Execution stops here due to InputMismatchException\n!         long a = sc.nextInt();\n!         long b = sc.nextInt();\n!         long num = (n / (a + b)) * a;\n!         long rem = n % (a + b);\n!         num += Math.max(a, rem);\n!         System.out.println(num);\n>     }\n> }\n```\n\n**OUTPUT:**\nError: `InputMismatchException`",
      "test_seed_coverage": [
        ">",
        ">",
        ">",
        ">",
        ">",
        ">",
        ">",
        ">",
        ">",
        ">",
        ">",
        ">",
        ">",
        ">",
        ">",
        ">",
        "!",
        "!",
        "!",
        "!",
        "!",
        "!",
        "!",
        ">",
        ">"
      ],
      "cumulative_coverage": [
        ">",
        ">",
        ">",
        ">",
        ">",
        ">",
        ">",
        ">",
        ">",
        ">",
        ">",
        ">",
        ">",
        ">",
        ">",
        ">",
        "!",
        "!",
        "!",
        "!",
        "!",
        "!",
        "!",
        ">",
        ">"
      ],
      "execution_error": "Exception in thread \"main\" java.util.InputMismatchException\n\tat java.base/java.util.Scanner.throwFor(Scanner.java:947)\n\tat java.base/java.util.Scanner.next(Scanner.java:1602)\n\tat java.base/java.util.Scanner.nextInt(Scanner.java:2267)\n\tat java.base/java.util.Scanner.nextInt(Scanner.java:2221)\n\tat Main.main(Main.java:5)",
      "cerberus_output": "InputMismatchException",
      "execution_result": "InputMismatchException",
      "test_case_id": "16"
    },
    {
      "test_case": [
        "Test Case Input:\n5\n0\n0"
      ],
      "test_mutations": [
        "Test Case Input:\n5\n0\n0"
      ],
      "initial_code": "import java.util.*;\npublic class Main {\n\tpublic static void main(final String[] args) {\n        Scanner sc = new Scanner(System.in);\n        long n = sc.nextInt();\n        long a = sc.nextInt();\n        long b = sc.nextInt();\n        long num = (n / (a + b)) * a;\n        long rem = n % (a + b);\n        num += Math.max(a, rem);\n        System.out.println(num);\n    }\n}",
      "covered_code": "Given the test case input `5 0 0`, we can develop an execution plan and predict code coverage as follows:\n\n1. **Import Statement**: The import statement `import java.util.*;` will be executed.\n    - Coverage: >\n\n2. **Class Declaration**: The class declaration `public class Main {` is the beginning of the class definition and is always considered executed in the context of Java program structure.\n    - Coverage: >\n\n3. **Main Method Declaration**: The declaration of the `main` method `public static void main(final String[] args) {` is always executed as it's the entry point of the program.\n    - Coverage: >\n\n4. **Scanner Initialization**: The statement `Scanner sc = new Scanner(System.in);` initializes the scanner object to read inputs.\n    - Coverage: >\n\n5. **Reading Input**: The program reads inputs `n`, `a`, and `b` from the scanner with `sc.nextInt();` for each.\n    - Coverage: >\n\n6. **Calculation (num)**: The program attempts to execute the calculation `long num = (n / (a + b)) * a;`. Given the input `5 0 0`, this leads to a division by zero situation `5 / (0 + 0)`.\n    - Coverage: >\n\n7. **Calculation (rem)**: If the previous step could proceed without errors, it would execute `long rem = n % (a + b);`. However, due to division by zero, this line is not reached/executed.\n    - Coverage: !\n\n8. **Further Calculation (num += Math.max(a, rem))**: This calculation would adjust `num` based on `rem` and `a`, but since an exception occurs before this line is executed, it is not reached.\n    - Coverage: !\n\n9. **Output Statement**: The statement `System.out.println(num);` would print the result, but since the program encounters an exception before reaching this point, it is not executed.\n    - Coverage: !\n\n10. **RuntimeException**: Given the inputs, the division by zero occurs at the line `long num = (n / (a + b)) * a;`, raising an `ArithmeticException`.\n\nBased on the plan and the given test case input, the code coverage and output are as follows:\n\n```\n> import java.util.*;\n> public class Main {\n> \tpublic static void main(final String[] args) {\n>         Scanner sc = new Scanner(System.in);\n>         long n = sc.nextInt();\n>         long a = sc.nextInt();\n>         long b = sc.nextInt();\n>         long num = (n / (a + b)) * a;\n!         long rem = n % (a + b);\n!         num += Math.max(a, rem);\n!         System.out.println(num);\n>     }\n}\n```\n\n**OUTPUT**: \nError: ArithmeticException = Division by zero",
      "test_seed_coverage": [
        ">",
        ">",
        ">",
        ">",
        ">",
        ">",
        ">",
        ">",
        ">",
        ">",
        ">",
        ">",
        ">"
      ],
      "cumulative_coverage": [
        ">",
        ">",
        ">",
        ">",
        ">",
        ">",
        ">",
        ">",
        ">",
        ">",
        ">",
        ">",
        ">"
      ],
      "execution_error": "Exception in thread \"main\" java.lang.ArithmeticException: / by zero\n\tat Main.main(Main.java:8)",
      "cerberus_output": "RuntimeException, ArithmeticException",
      "execution_result": "ArithmeticException",
      "test_case_id": "17"
    },
    {
      "test_case": [
        "Test Case Input:\n10\n2\n3"
      ],
      "test_mutations": [
        "Test Case Input:\n10\n2\n3"
      ],
      "initial_code": "import java.util.*;\npublic class Main {\n\tpublic static void main(final String[] args) {\n        Scanner sc = new Scanner(System.in);\n        long n = sc.nextInt();\n        long a = sc.nextInt();\n        long b = sc.nextInt();\n        long num = (n / (a + b)) * a;\n        long rem = n % (a + b);\n        num += Math.max(a, rem);\n        System.out.println(num);\n    }\n}",
      "covered_code": "Following the provided plan structure, let's predict the code coverage for the given Java program based on the test case input \"10 2 3\".\n\n1. Import statements: Always executed. Statement \"import java.util.*;\" will be covered.\n   > import java.util.*;\n\n2. Main Class Declaration: Always executed. Statement \"public class Main {\" is covered.\n   > public class Main {\n\n3. Main method declaration: Always executed. Statement \"public static void main(final String[] args) {\" is covered.\n   > public static void main(final String[] args) {\n\n4. User Input and Program Output: Always executed. Statements \"Scanner sc = new Scanner(System.in);\", \"long n = sc.nextInt();\", \"long a = sc.nextInt();\", \"long b = sc.nextInt();\" are covered.\n   > Scanner sc = new Scanner(System.in);\n   > long n = sc.nextInt();\n   > long a = sc.nextInt();\n   > long b = sc.nextInt();\n\n5. Calculation of 'num' and 'rem' values: The calculation of both 'num' and 'rem' involves arithmetic operations and assignment, which will be executed according to the inputs.\n   > long num = (n / (a + b)) * a;\n   > long rem = n % (a + b);\n\n6. Calculation and output of final 'num' value: The calculation involving Math.max(a, rem) and the subsequent System.out.println(num); are executed to output the final value of 'num'.\n   > num += Math.max(a, rem);\n   > System.out.println(num);\n\n7. Closing Brackets: Always covered.\n   > }\n\nBased on the execution plan and provided test case input (\"10 2 3\"), all the lines in the given Java program will be executed. Therefore, the code coverage is as follows:\n\n> import java.util.*;\n> public class Main {\n>     public static void main(final String[] args) {\n>         Scanner sc = new Scanner(System.in);\n>         long n = sc.nextInt();\n>         long a = sc.nextInt();\n>         long b = sc.nextInt();\n>         long num = (n / (a + b)) * a;\n>         long rem = n % (a + b);\n>         num += Math.max(a, rem);\n>         System.out.println(num);\n>     }\n> }\n\nNo exceptions are raised during the execution of this test case.",
      "test_seed_coverage": [
        ">",
        ">",
        ">",
        ">",
        ">",
        ">",
        ">",
        ">",
        ">",
        ">",
        ">",
        ">",
        ">",
        ">",
        ">",
        ">",
        ">",
        ">",
        ">",
        ">",
        ">",
        ">",
        ">",
        ">",
        ">"
      ],
      "cumulative_coverage": [
        ">",
        ">",
        ">",
        ">",
        ">",
        ">",
        ">",
        ">",
        ">",
        ">",
        ">",
        ">",
        ">",
        ">",
        ">",
        ">",
        ">",
        ">",
        ">",
        ">",
        ">",
        ">",
        ">",
        ">",
        ">"
      ],
      "execution_output": "6",
      "cerberus_output": "",
      "execution_result": "",
      "test_case_id": "18"
    }
  ]
}