{
  "submission_id": "s156006497",
  "cycles": [
    {
      "test_case": [
        "Test Case Input:\n3\n2\n1\n2\n3"
      ],
      "test_mutations": [
        "Test Case Input:\n3\n2\n1\n2\n3"
      ],
      "initial_code": "import java.io.BufferedReader;\nimport java.io.IOException;\nimport java.io.InputStreamReader;\nimport java.io.PrintWriter;\nimport java.net.CookieHandler;\nimport java.util.*;\npublic class Main {\n    static PrintWriter out = new PrintWriter(System.out);\n    static Scanner sc = new Scanner(System.in);\n    static BufferedReader reader = new BufferedReader(new InputStreamReader(System.in));\n    ArrayList<Long> positive, negative, minus_nega;\n    long zeros = 0, k = 0, n = 0;\n    public static void main(String[] args) throws IOException {\n        Main main = new Main();\n        main.solve();\n    }\n    void solve() throws IOException {\n        n = sc.nextInt();\n        k = sc.nextInt();\n        k = n*(n-1)/2+1-k; \n        positive = new ArrayList<>(); negative = new ArrayList<>(); minus_nega = new ArrayList<>();\n        long maxi = Long.MIN_VALUE;\n        for(int i=0;i<n;i++){\n            long a = sc.nextLong();\n            maxi = Math.max(maxi,a*a);\n            if(a>0) positive.add(a);\n            else if(a==0) zeros += 1;\n            else{\n                negative.add(a);\n                minus_nega.add(-a);\n            }\n        }\n        Collections.sort(positive);\n        Collections.sort(negative);\n        Collections.sort(minus_nega);\n        long lo = -maxi, hi = maxi+1;\n        while(hi-lo>1){\n            long mid = (hi+lo)/2;\n            if(legal(mid)) lo = mid;\n            else hi = mid;\n        }\n        System.out.println(lo);\n    }\n    boolean legal(long guess){\n        long ans = 0;\n        if(guess>0){\n            ans += helperPosList(positive,guess);\n            ans += helperPosList(minus_nega,guess);\n            if(ans>=k) return true;\n        }\n        if(guess<=0){\n            ans += zeros*(n-zeros);\n            ans += positive.size()*(positive.size()-1)/2;\n            ans += negative.size()*(negative.size()-1)/2;\n            if(ans>=k) return true;\n        }\n        if(guess < 0){\n            int lenPos = positive.size(), lenNeg = negative.size();\n            if(lenNeg*lenPos>0){\n                int right = 0;\n                for(int i=0;i<lenPos;i++){\n                    long cur = positive.get(i);\n                    while(right<lenNeg&&cur*negative.get(right)<guess) right++;\n                    ans += lenNeg-right;\n                }\n            }\n        }\n        return ans >= k;\n    }\n    long helperPosList(ArrayList<Long> pos, long lower){\n        int len = pos.size(), left=0;\n        long ans = 0;\n        if(len==0||pos.get(len-1)*pos.get(len-1)<lower) return 0;\n        for(int right=len-1;right>=0;right--){\n            long cur = pos.get(right);\n            while(left<len&&pos.get(left)*cur<lower) left++;\n            if(left!=len){\n                if(left<=right) ans += len-left-1;\n                else ans += len-left;\n            }\n        }\n        ans /= 2; \n        return ans;\n    }\n}",
      "covered_code": "Given the test case input `3\\n2\\n1\\n2\\n3`, let's develop a plan for step-by-step execution of the Java program and predict the code coverage. This will help us understand which parts of the code are executed and which are not.\n\n### Plan for Step-by-Step Execution:\n1. **Import Statements:** Always executed. All import statements are covered.\n2. **Class Declaration:** Always executed. The declaration of the `Main` class is covered.\n3. **Static Variables:** Instantiation of static variables `out`, `sc`, and `reader` is covered because they are initialized as the class is loaded.\n4. **Instance Variables:** Not directly executed but instantiated as part of object creation in the `main` method.\n5. **Main Method Execution:** The `main` method is the entry point of the program and is always executed. Hence, creating an instance of `Main` and calling `solve()` is covered.\n6. **Solve Method Execution:**\n    - Reading `n` and `k` from standard input is covered.\n    - Calculation of `k` is covered.\n    - Initialization of `positive`, `negative`, and `minus_nega` ArrayLists is covered.\n    - The loop for reading `n` numbers and categorizing them is covered.\n    - Sorting of `positive`, `negative`, and `minus_nega` ArrayLists is covered.\n    - The binary search loop that finds the correct value of `lo` is covered.\n    - Printing the result is covered.\n7. **Legal Method Execution:** The `legal` method is called from the binary search loop within `solve`, thus it's covered. The method checks various conditions based on the value of `guess` and is fully executed due to the nature of the binary search and inputs.\n8. **HelperPosList Method Execution:** The `helperPosList` method is called from the `legal` method for positive values of `guess`, making it covered.\n\n### Code Coverage Prediction:\nBased on the execution plan and given test case, all parts of the code are executed except for runtime exceptions or error handling paths not triggered by the test case.\n\n- `import` statements: **>** (executed)\n- Class declaration (`public class Main`): **>** (executed)\n- Static variables (`out`, `sc`, `reader`): **>** (executed)\n- Instance variables: **>** (executed as part of object creation)\n- `main` method: **>** (executed)\n- `solve` method: **>** (executed)\n- `legal` method: **>** (executed)\n- `helperPosList` method: **>** (executed)\n\nAll the critical paths including loops, conditionals, and method calls are executed based on the test case provided, ensuring high code coverage for this specific test input. No part of the given code snippet is left unexecuted based on the test case `3\\n2\\n1\\n2\\n3`, ensuring almost 100% code coverage except for exception handling or error paths not triggered by this specific test case.",
      "test_seed_coverage": [
        ">",
        ">",
        ">",
        ">",
        ">",
        ">",
        ">",
        ">",
        ">",
        ">",
        ">",
        ">",
        ">",
        ">",
        ">",
        ">",
        ">",
        ">",
        ">",
        ">",
        ">",
        ">",
        ">",
        ">",
        ">",
        ">",
        ">",
        ">",
        ">",
        ">",
        ">",
        ">",
        ">",
        ">",
        ">",
        ">",
        ">",
        ">",
        ">",
        ">",
        ">",
        ">",
        ">",
        ">",
        ">",
        ">",
        ">",
        ">",
        ">",
        ">",
        ">",
        ">",
        ">",
        ">",
        ">",
        ">",
        ">",
        ">",
        ">",
        ">",
        ">",
        ">",
        ">",
        ">",
        ">",
        ">",
        ">",
        ">",
        ">",
        ">",
        ">",
        ">",
        ">",
        ">",
        ">",
        ">",
        ">",
        ">",
        ">",
        ">",
        ">",
        ">",
        ">",
        ">",
        ">"
      ],
      "cumulative_coverage": [
        ">",
        ">",
        ">",
        ">",
        ">",
        ">",
        ">",
        ">",
        ">",
        ">",
        ">",
        ">",
        ">",
        ">",
        ">",
        ">",
        ">",
        ">",
        ">",
        ">",
        ">",
        ">",
        ">",
        ">",
        ">",
        ">",
        ">",
        ">",
        ">",
        ">",
        ">",
        ">",
        ">",
        ">",
        ">",
        ">",
        ">",
        ">",
        ">",
        ">",
        ">",
        ">",
        ">",
        ">",
        ">",
        ">",
        ">",
        ">",
        ">",
        ">",
        ">",
        ">",
        ">",
        ">",
        ">",
        ">",
        ">",
        ">",
        ">",
        ">",
        ">",
        ">",
        ">",
        ">",
        ">",
        ">",
        ">",
        ">",
        ">",
        ">",
        ">",
        ">",
        ">",
        ">",
        ">",
        ">",
        ">",
        ">",
        ">",
        ">",
        ">",
        ">",
        ">",
        ">",
        ">"
      ],
      "execution_output": "3",
      "cerberus_output": "",
      "execution_result": "",
      "test_case_id": "1"
    },
    {
      "test_case": [
        "Test Case Input:\n5\n3\n-2\n1\n3\n-4\n0"
      ],
      "test_mutations": [
        "Test Case Input:\n5\n3\n-2\n1\n3\n-4\n0"
      ],
      "initial_code": "import java.io.BufferedReader;\nimport java.io.IOException;\nimport java.io.InputStreamReader;\nimport java.io.PrintWriter;\nimport java.net.CookieHandler;\nimport java.util.*;\npublic class Main {\n    static PrintWriter out = new PrintWriter(System.out);\n    static Scanner sc = new Scanner(System.in);\n    static BufferedReader reader = new BufferedReader(new InputStreamReader(System.in));\n    ArrayList<Long> positive, negative, minus_nega;\n    long zeros = 0, k = 0, n = 0;\n    public static void main(String[] args) throws IOException {\n        Main main = new Main();\n        main.solve();\n    }\n    void solve() throws IOException {\n        n = sc.nextInt();\n        k = sc.nextInt();\n        k = n*(n-1)/2+1-k; \n        positive = new ArrayList<>(); negative = new ArrayList<>(); minus_nega = new ArrayList<>();\n        long maxi = Long.MIN_VALUE;\n        for(int i=0;i<n;i++){\n            long a = sc.nextLong();\n            maxi = Math.max(maxi,a*a);\n            if(a>0) positive.add(a);\n            else if(a==0) zeros += 1;\n            else{\n                negative.add(a);\n                minus_nega.add(-a);\n            }\n        }\n        Collections.sort(positive);\n        Collections.sort(negative);\n        Collections.sort(minus_nega);\n        long lo = -maxi, hi = maxi+1;\n        while(hi-lo>1){\n            long mid = (hi+lo)/2;\n            if(legal(mid)) lo = mid;\n            else hi = mid;\n        }\n        System.out.println(lo);\n    }\n    boolean legal(long guess){\n        long ans = 0;\n        if(guess>0){\n            ans += helperPosList(positive,guess);\n            ans += helperPosList(minus_nega,guess);\n            if(ans>=k) return true;\n        }\n        if(guess<=0){\n            ans += zeros*(n-zeros);\n            ans += positive.size()*(positive.size()-1)/2;\n            ans += negative.size()*(negative.size()-1)/2;\n            if(ans>=k) return true;\n        }\n        if(guess < 0){\n            int lenPos = positive.size(), lenNeg = negative.size();\n            if(lenNeg*lenPos>0){\n                int right = 0;\n                for(int i=0;i<lenPos;i++){\n                    long cur = positive.get(i);\n                    while(right<lenNeg&&cur*negative.get(right)<guess) right++;\n                    ans += lenNeg-right;\n                }\n            }\n        }\n        return ans >= k;\n    }\n    long helperPosList(ArrayList<Long> pos, long lower){\n        int len = pos.size(), left=0;\n        long ans = 0;\n        if(len==0||pos.get(len-1)*pos.get(len-1)<lower) return 0;\n        for(int right=len-1;right>=0;right--){\n            long cur = pos.get(right);\n            while(left<len&&pos.get(left)*cur<lower) left++;\n            if(left!=len){\n                if(left<=right) ans += len-left-1;\n                else ans += len-left;\n            }\n        }\n        ans /= 2; \n        return ans;\n    }\n}",
      "covered_code": "Given the test case input of `5 3 -2 1 3 -4 0`, we will follow the step-by-step execution plan to predict the code coverage. \n\n1. **Import statements**: Import statements are always executed. So, all import statements will be covered.\n   \n2. **Class and static variable declarations**: The class declaration `public class Main {` and static variable declarations like `static PrintWriter out = new PrintWriter(System.out);`, `static Scanner sc = new Scanner(System.in);`, and `static BufferedReader reader = new BufferedReader(new InputStreamReader(System.in));` are always executed.\n\n3. **Main method declaration and call to solve method**: The `main` method is the entry point of the program and is always executed. The call to `main.solve();` within the `main` method is also executed.\n\n4. **Initialization in solve method**: The `solve` method's initial lines that read inputs and initialize variables are executed. This includes reading `n` and `k`, initializing `positive`, `negative`, `minus_nega`, `zeros`, and calculating the new `k`. \n\n5. **Loop for input reading and classification**: The loop that reads each number and classifies it into positive, negative, or zero and calculates `maxi` is executed for each input.\n\n6. **Sorting lists**: The sorting of `positive`, `negative`, and `minus_nega` lists is executed.\n\n7. **Binary search for solution**: The binary search to find the correct `lo` value is executed, which involves repeatedly calling the `legal` method.\n\n8. **legal method execution**: The `legal` method is called multiple times by the binary search. Inside `legal`, various conditions are checked, and helper methods like `helperPosList` are called accordingly.\n\n9. **helperPosList method execution**: The `helperPosList` method is executed multiple times to calculate the number of pairs that satisfy the conditions based on `guess`.\n\n10. **System.out.println(lo);**: The final print statement that outputs `lo` is executed.\n\nBased on the provided plan and given test case input, the code coverage would be as follows, marking executed (`>`) and not executed (`!`) lines:\n\n```\n> import java.io.BufferedReader;\n> import java.io.IOException;\n> import java.io.InputStreamReader;\n> import java.io.PrintWriter;\n> import java.net.CookieHandler;\n> import java.util.*;\n> public class Main {\n>     static PrintWriter out = new PrintWriter(System.out);\n>     static Scanner sc = new Scanner(System.in);\n>     static BufferedReader reader = new BufferedReader(new InputStreamReader(System.in));\n>     ArrayList<Long> positive, negative, minus_nega;\n>     long zeros = 0, k = 0, n = 0;\n>     public static void main(String[] args) throws IOException {\n>         Main main = new Main();\n>         main.solve();\n>     }\n>     void solve() throws IOException {\n>         n = sc.nextInt();\n>         k = sc.nextInt();\n>         k = n*(n-1)/2+1-k; \n>         positive = new ArrayList<>(); negative = new ArrayList<>(); minus_nega = new ArrayList<>();\n>         long maxi = Long.MIN_VALUE;\n>         for(int i=0;i<n;i++){\n>             long a = sc.nextLong();\n>             maxi = Math.max(maxi,a*a);\n>             if(a>0) positive.add(a);\n>             else if(a==0) zeros += 1;\n>             else{\n>                 negative.add(a);\n>                 minus_nega.add(-a);\n>             }\n>         }\n>         Collections.sort(positive);\n>         Collections.sort(negative);\n>         Collections.sort(minus_nega);\n>         long lo = -maxi, hi = maxi+1;\n>         while(hi-lo>1){\n>             long mid = (hi+lo)/2;\n>             if(legal(mid)) lo = mid;\n>             else hi = mid;\n>         }\n>         System.out.println(lo);\n>     }\n>     boolean legal(long guess){\n>         long ans = 0;\n>         if(guess>0){\n>             ans += helperPosList(positive,guess);\n>             ans += helperPosList(minus_nega,guess);\n>             if(ans>=k) return true;\n>         }\n>         if(guess<=0){\n>             ans += zeros*(n-zeros);\n>             ans += positive.size()*(positive.size()-1)/2;\n>             ans += negative.size()*(negative.size()-1)/2;\n>             if(ans>=k) return true;\n>         }\n>         if(guess < 0){\n>             int lenPos = positive.size(), lenNeg = negative.size();\n>             if(lenNeg*lenPos>0){\n>                 int right = 0;\n>                 for(int i=0;i<lenPos;i++){\n>                     long cur = positive.get(i);\n>                     while(right<lenNeg&&cur*negative.get(right)<guess) right++;\n>                     ans += lenNeg-right;\n>                 }\n>             }\n>         }\n>         return ans >= k;\n>     }\n>     long helperPosList(ArrayList<Long> pos, long lower){\n>         int len = pos.size(), left=0;\n>         long ans = 0;\n>         if(len==0||pos.get(len-1)*pos.get(len-1)<lower) return 0;\n>         for(int right=len-1;right>=0;right--){\n>             long cur = pos.get(right);\n>             while(left<len&&pos.get(left)*cur<lower) left++;\n>             if(left!=len){\n>                 if(left<=right) ans += len-left-1;\n>                 else ans += len-left;\n>             }\n>         }\n>         ans /= 2; \n>         return ans;\n>     }\n> }\n```\n\nAll statements are executed given the provided test case, ensuring full code coverage.",
      "test_seed_coverage": [
        ">",
        ">",
        ">",
        ">",
        ">",
        ">",
        ">",
        ">",
        ">",
        ">",
        ">",
        ">",
        ">",
        ">",
        ">",
        ">",
        ">",
        ">",
        ">",
        ">",
        ">",
        ">",
        ">",
        ">",
        ">",
        ">",
        ">",
        ">",
        ">",
        ">",
        ">",
        ">",
        ">",
        ">",
        ">",
        ">",
        ">",
        ">",
        ">",
        ">",
        ">",
        ">",
        ">",
        ">",
        ">",
        ">",
        ">",
        ">",
        ">",
        ">",
        ">",
        ">",
        ">",
        ">",
        ">",
        ">",
        ">",
        ">",
        ">",
        ">",
        ">",
        ">",
        ">",
        ">",
        ">",
        ">",
        ">",
        ">",
        ">",
        ">",
        ">",
        ">",
        ">",
        ">",
        ">",
        ">",
        ">",
        ">",
        ">",
        ">",
        ">",
        ">",
        ">",
        ">",
        ">"
      ],
      "cumulative_coverage": [
        ">",
        ">",
        ">",
        ">",
        ">",
        ">",
        ">",
        ">",
        ">",
        ">",
        ">",
        ">",
        ">",
        ">",
        ">",
        ">",
        ">",
        ">",
        ">",
        ">",
        ">",
        ">",
        ">",
        ">",
        ">",
        ">",
        ">",
        ">",
        ">",
        ">",
        ">",
        ">",
        ">",
        ">",
        ">",
        ">",
        ">",
        ">",
        ">",
        ">",
        ">",
        ">",
        ">",
        ">",
        ">",
        ">",
        ">",
        ">",
        ">",
        ">",
        ">",
        ">",
        ">",
        ">",
        ">",
        ">",
        ">",
        ">",
        ">",
        ">",
        ">",
        ">",
        ">",
        ">",
        ">",
        ">",
        ">",
        ">",
        ">",
        ">",
        ">",
        ">",
        ">",
        ">",
        ">",
        ">",
        ">",
        ">",
        ">",
        ">",
        ">",
        ">",
        ">",
        ">",
        ">"
      ],
      "execution_output": "-4",
      "cerberus_output": "",
      "execution_result": "",
      "test_case_id": "2"
    },
    {
      "test_case": [
        "Test Case Input:\n5\n-3\n2\n0\n-5\n4"
      ],
      "test_mutations": [
        "Test Case Input:\n5\n-3\n2\n0\n-5\n4"
      ],
      "initial_code": "import java.io.BufferedReader;\nimport java.io.IOException;\nimport java.io.InputStreamReader;\nimport java.io.PrintWriter;\nimport java.net.CookieHandler;\nimport java.util.*;\npublic class Main {\n    static PrintWriter out = new PrintWriter(System.out);\n    static Scanner sc = new Scanner(System.in);\n    static BufferedReader reader = new BufferedReader(new InputStreamReader(System.in));\n    ArrayList<Long> positive, negative, minus_nega;\n    long zeros = 0, k = 0, n = 0;\n    public static void main(String[] args) throws IOException {\n        Main main = new Main();\n        main.solve();\n    }\n    void solve() throws IOException {\n        n = sc.nextInt();\n        k = sc.nextInt();\n        k = n*(n-1)/2+1-k; \n        positive = new ArrayList<>(); negative = new ArrayList<>(); minus_nega = new ArrayList<>();\n        long maxi = Long.MIN_VALUE;\n        for(int i=0;i<n;i++){\n            long a = sc.nextLong();\n            maxi = Math.max(maxi,a*a);\n            if(a>0) positive.add(a);\n            else if(a==0) zeros += 1;\n            else{\n                negative.add(a);\n                minus_nega.add(-a);\n            }\n        }\n        Collections.sort(positive);\n        Collections.sort(negative);\n        Collections.sort(minus_nega);\n        long lo = -maxi, hi = maxi+1;\n        while(hi-lo>1){\n            long mid = (hi+lo)/2;\n            if(legal(mid)) lo = mid;\n            else hi = mid;\n        }\n        System.out.println(lo);\n    }\n    boolean legal(long guess){\n        long ans = 0;\n        if(guess>0){\n            ans += helperPosList(positive,guess);\n            ans += helperPosList(minus_nega,guess);\n            if(ans>=k) return true;\n        }\n        if(guess<=0){\n            ans += zeros*(n-zeros);\n            ans += positive.size()*(positive.size()-1)/2;\n            ans += negative.size()*(negative.size()-1)/2;\n            if(ans>=k) return true;\n        }\n        if(guess < 0){\n            int lenPos = positive.size(), lenNeg = negative.size();\n            if(lenNeg*lenPos>0){\n                int right = 0;\n                for(int i=0;i<lenPos;i++){\n                    long cur = positive.get(i);\n                    while(right<lenNeg&&cur*negative.get(right)<guess) right++;\n                    ans += lenNeg-right;\n                }\n            }\n        }\n        return ans >= k;\n    }\n    long helperPosList(ArrayList<Long> pos, long lower){\n        int len = pos.size(), left=0;\n        long ans = 0;\n        if(len==0||pos.get(len-1)*pos.get(len-1)<lower) return 0;\n        for(int right=len-1;right>=0;right--){\n            long cur = pos.get(right);\n            while(left<len&&pos.get(left)*cur<lower) left++;\n            if(left!=len){\n                if(left<=right) ans += len-left-1;\n                else ans += len-left;\n            }\n        }\n        ans /= 2; \n        return ans;\n    }\n}",
      "covered_code": "To predict the code coverage based on the given test case input and Java program, follow these steps:\n\n1. **Import Statements**:\n   - Import statements like `import java.io.*;`, `import java.net.*;`, and `import java.util.*;` are always executed. These statements don't contribute directly to runtime code coverage in terms of execution paths within the method bodies but are necessary for compilation.\n\n2. **Class and Main Method Declaration**:\n   - The `public class Main` and `public static void main(String[] args)` are always executed because they define the structure of the Java program and its entry point.\n\n3. **Variable Initialization in Main Method**:\n   - The instantiation of the `Main` object and the call to the `solve()` method are always executed. This includes the execution of `Main main = new Main();` and `main.solve();`.\n\n4. **Method `solve()` Execution**:\n   - Inside `solve()`, the program reads inputs for `n` and `k` from `Scanner sc` which are always executed, given the provided inputs.\n   - The calculation `k = n*(n-1)/2+1-k;` is always executed.\n   - The initialization of `positive`, `negative`, `minus_nega`, `maxi`, and the for-loop that populates these lists based on the conditions are executed since there are inputs provided.\n\n5. **Collections.sort()**:\n   - The sorting of `positive`, `negative`, and `minus_nega` lists are always executed as they follow the input reading and list population.\n\n6. **Binary Search Algorithm (while loop)**:\n   - The binary search to find the correct `lo` value is executed, including the calculation of `mid` and the conditional check `if(legal(mid))`.\n\n7. **Method `legal(long guess)` Execution**:\n   - This method is called within the binary search loop; hence, its execution depends on the values being passed. Given the nature of the binary search, it's guaranteed to execute with various `guess` values.\n   - Inside this method, all conditional paths could potentially execute depending on the `guess` value. Specifically, checks for `guess>0`, `guess<=0`, and `guess<0` dictate different paths of execution.\n\n8. **Method `helperPosList(ArrayList<Long> pos, long lower)` Execution**:\n   - This method is called from within `legal(long guess)` when certain conditions are met. It calculates the number of pairs that meet specific criteria. Its execution depends on the conditions inside the `legal` method being true for a positive `guess`.\n\n9. **Output Statement Execution**:\n   - The final output statement `System.out.println(lo);` is executed after the completion of the while loop in `solve()`.\n\nBased on the above steps, code coverage can be deduced as follows:\n\n- All import statements are technically \"executed\" in the sense they are processed, but they don't count towards runtime execution coverage.\n- Every statement in the `solve()` method is covered because the input ensures that the loop and all conditions within the method are evaluated.\n- The `legal(long guess)` method's execution coverage depends on the binary search, but given the nature of binary search, it is likely that all paths within this method are explored.\n- The `helperPosList` method is covered during calls from `legal`.\n\nGiven the deterministic input, the exact lines covered can vary based on the dynamic values during runtime (e.g., the progression of the binary search). However, given the approach and steps above, we can expect high coverage across the `solve`, `legal`, and `helperPosList` methods, including their conditional checks and loops. The specific lines that are executed or not cannot be precisely determined without running the code due to the dynamic calculations and decisions made at runtime (especially within the binary search and `legal` method).",
      "test_seed_coverage": [
        ">",
        ">",
        ">",
        ">",
        ">",
        ">",
        ">",
        ">",
        ">",
        ">",
        ">",
        ">",
        ">",
        ">",
        ">",
        ">",
        ">",
        ">",
        ">",
        ">",
        ">",
        ">",
        ">",
        ">",
        ">",
        ">",
        ">",
        ">",
        ">",
        ">",
        ">",
        ">",
        ">",
        ">",
        ">",
        ">",
        ">",
        ">",
        ">",
        ">",
        ">",
        ">",
        ">",
        ">",
        ">",
        ">",
        ">",
        ">",
        ">",
        ">",
        ">",
        ">",
        ">",
        ">",
        ">",
        ">",
        ">",
        ">",
        ">",
        ">",
        ">",
        ">",
        ">",
        ">",
        ">",
        ">",
        ">",
        ">",
        ">",
        ">",
        ">",
        ">",
        ">",
        ">",
        ">",
        ">",
        ">",
        ">",
        ">",
        ">",
        ">",
        ">",
        ">",
        ">",
        ">"
      ],
      "cumulative_coverage": [
        ">",
        ">",
        ">",
        ">",
        ">",
        ">",
        ">",
        ">",
        ">",
        ">",
        ">",
        ">",
        ">",
        ">",
        ">",
        ">",
        ">",
        ">",
        ">",
        ">",
        ">",
        ">",
        ">",
        ">",
        ">",
        ">",
        ">",
        ">",
        ">",
        ">",
        ">",
        ">",
        ">",
        ">",
        ">",
        ">",
        ">",
        ">",
        ">",
        ">",
        ">",
        ">",
        ">",
        ">",
        ">",
        ">",
        ">",
        ">",
        ">",
        ">",
        ">",
        ">",
        ">",
        ">",
        ">",
        ">",
        ">",
        ">",
        ">",
        ">",
        ">",
        ">",
        ">",
        ">",
        ">",
        ">",
        ">",
        ">",
        ">",
        ">",
        ">",
        ">",
        ">",
        ">",
        ">",
        ">",
        ">",
        ">",
        ">",
        ">",
        ">",
        ">",
        ">",
        ">",
        ">"
      ],
      "execution_error": "Exception in thread \"main\" java.util.NoSuchElementException\n\tat java.base/java.util.Scanner.throwFor(Scanner.java:945)\n\tat java.base/java.util.Scanner.next(Scanner.java:1602)\n\tat java.base/java.util.Scanner.nextLong(Scanner.java:2382)\n\tat java.base/java.util.Scanner.nextLong(Scanner.java:2337)\n\tat Main.solve(Main.java:24)\n\tat Main.main(Main.java:15)",
      "cerberus_output": "",
      "execution_result": "NoSuchElementException",
      "test_case_id": "3"
    },
    {
      "test_case": [
        "Test Case Input:\n5\n0\n1\n2\n3\n4"
      ],
      "test_mutations": [
        "Test Case Input:\n5\n0\n1\n2\n3\n4"
      ],
      "initial_code": "import java.io.BufferedReader;\nimport java.io.IOException;\nimport java.io.InputStreamReader;\nimport java.io.PrintWriter;\nimport java.net.CookieHandler;\nimport java.util.*;\npublic class Main {\n    static PrintWriter out = new PrintWriter(System.out);\n    static Scanner sc = new Scanner(System.in);\n    static BufferedReader reader = new BufferedReader(new InputStreamReader(System.in));\n    ArrayList<Long> positive, negative, minus_nega;\n    long zeros = 0, k = 0, n = 0;\n    public static void main(String[] args) throws IOException {\n        Main main = new Main();\n        main.solve();\n    }\n    void solve() throws IOException {\n        n = sc.nextInt();\n        k = sc.nextInt();\n        k = n*(n-1)/2+1-k; \n        positive = new ArrayList<>(); negative = new ArrayList<>(); minus_nega = new ArrayList<>();\n        long maxi = Long.MIN_VALUE;\n        for(int i=0;i<n;i++){\n            long a = sc.nextLong();\n            maxi = Math.max(maxi,a*a);\n            if(a>0) positive.add(a);\n            else if(a==0) zeros += 1;\n            else{\n                negative.add(a);\n                minus_nega.add(-a);\n            }\n        }\n        Collections.sort(positive);\n        Collections.sort(negative);\n        Collections.sort(minus_nega);\n        long lo = -maxi, hi = maxi+1;\n        while(hi-lo>1){\n            long mid = (hi+lo)/2;\n            if(legal(mid)) lo = mid;\n            else hi = mid;\n        }\n        System.out.println(lo);\n    }\n    boolean legal(long guess){\n        long ans = 0;\n        if(guess>0){\n            ans += helperPosList(positive,guess);\n            ans += helperPosList(minus_nega,guess);\n            if(ans>=k) return true;\n        }\n        if(guess<=0){\n            ans += zeros*(n-zeros);\n            ans += positive.size()*(positive.size()-1)/2;\n            ans += negative.size()*(negative.size()-1)/2;\n            if(ans>=k) return true;\n        }\n        if(guess < 0){\n            int lenPos = positive.size(), lenNeg = negative.size();\n            if(lenNeg*lenPos>0){\n                int right = 0;\n                for(int i=0;i<lenPos;i++){\n                    long cur = positive.get(i);\n                    while(right<lenNeg&&cur*negative.get(right)<guess) right++;\n                    ans += lenNeg-right;\n                }\n            }\n        }\n        return ans >= k;\n    }\n    long helperPosList(ArrayList<Long> pos, long lower){\n        int len = pos.size(), left=0;\n        long ans = 0;\n        if(len==0||pos.get(len-1)*pos.get(len-1)<lower) return 0;\n        for(int right=len-1;right>=0;right--){\n            long cur = pos.get(right);\n            while(left<len&&pos.get(left)*cur<lower) left++;\n            if(left!=len){\n                if(left<=right) ans += len-left-1;\n                else ans += len-left;\n            }\n        }\n        ans /= 2; \n        return ans;\n    }\n}",
      "covered_code": "For the given Java program and the test case input `5 0 1 2 3 4`, the plan to predict code coverage and the resulting code coverage markers are as follows:\n\n### Plan for Step by Step Execution\n1. **Import Statements**: Import statements are always executed.\n2. **Class Declaration**: The class declaration `public class Main {` is always executed.\n3. **Static Variable Declarations**: The declarations of static variables and objects are always executed.\n4. **Main Method Declaration**: The declaration of the main method is always executed.\n5. **Solve Method Call**: The call to the `solve` method from within the main method is always executed.\n6. **Variable Initializations in Solve Method**: The variables `n` and `k` are initialized with values from the scanner, and other variable and object initializations are always executed.\n7. **Loop for Input Processing**: The loop that processes input values will be executed `n` times, where `n=5` based on the test case.\n8. **Collections.sort() Calls**: The calls to sort the lists `positive`, `negative`, and `minus_nega` are executed.\n9. **Binary Search Logic**: The while loop for binary search (`while(hi-lo>1)`) and its contents are executed.\n10. **Legal Method Calls**: The `legal` method is called multiple times due to the binary search logic.\n11. **Helper Method Calls**: The `helperPosList` method is called from within the `legal` method.\n\n### Code Coverage Prediction\nGiven the specific input, we can predict the following code coverage:\n- All import statements are executed.\n- The class declaration is executed.\n- All static variable and scanner declarations are executed.\n- The main method declaration is executed.\n- The `solve` method is fully executed.\n- The loop for input processing is fully executed.\n- Sorting operations are executed.\n- The binary search logic is executed.\n- Calls to the `legal` method are executed.\n- Calls to the `helperPosList` method are executed.\n\n### Resulting Code Coverage Markers\n```\n> import java.io.BufferedReader;\n> import java.io.IOException;\n> import java.io.InputStreamReader;\n> import java.io.PrintWriter;\n> import java.net.CookieHandler;\n> import java.util.*;\n> public class Main {\n>     static PrintWriter out = new PrintWriter(System.out);\n>     static Scanner sc = new Scanner(System.in);\n>     static BufferedReader reader = new BufferedReader(new InputStreamReader(System.in));\n>     ArrayList<Long> positive, negative, minus_nega;\n>     long zeros = 0, k = 0, n = 0;\n>     public static void main(String[] args) throws IOException {\n>         Main main = new Main();\n>         main.solve();\n>     }\n>     void solve() throws IOException {\n>         n = sc.nextInt();\n>         k = sc.nextInt();\n>         k = n*(n-1)/2+1-k; \n>         positive = new ArrayList<>();\n>         negative = new ArrayList<>();\n>         minus_nega = new ArrayList<>();\n>         long maxi = Long.MIN_VALUE;\n>         for(int i=0;i<n;i++){\n>             long a = sc.nextLong();\n>             maxi = Math.max(maxi,a*a);\n>             if(a>0) positive.add(a);\n>             else if(a==0) zeros += 1;\n>             else{\n>                 negative.add(a);\n>                 minus_nega.add(-a);\n>             }\n>         }\n>         Collections.sort(positive);\n>         Collections.sort(negative);\n>         Collections.sort(minus_nega);\n>         long lo = -maxi, hi = maxi+1;\n>         while(hi-lo>1){\n>             long mid = (hi+lo)/2;\n>             if(legal(mid)) lo = mid;\n>             else hi = mid;\n>         }\n>         System.out.println(lo);\n>     }\n>     boolean legal(long guess){\n>         long ans = 0;\n>         if(guess>0){\n>             ans += helperPosList(positive,guess);\n>             ans += helperPosList(minus_nega,guess);\n>             if(ans>=k) return true;\n>         }\n>         if(guess<=0){\n>             ans += zeros*(n-zeros);\n>             ans += positive.size()*(positive.size()-1)/2;\n>             ans += negative.size()*(negative.size()-1)/2;\n>             if(ans>=k) return true;\n>         }\n>         if(guess < 0){\n>             int lenPos = positive.size(), lenNeg = negative.size();\n>             if(lenNeg*lenPos>0){\n>                 int right = 0;\n>                 for(int i=0;i<lenPos;i++){\n>                     long cur = positive.get(i);\n>                     while(right<lenNeg&&cur*negative.get(right)<guess) right++;\n>                     ans += lenNeg-right;\n>                 }\n>             }\n>         }\n>         return ans >= k;\n>     }\n>     long helperPosList(ArrayList<Long> pos, long lower){\n>         int len = pos.size(), left=0;\n>         long ans = 0;\n>         if(len==0||pos.get(len-1)*pos.get(len-1)<lower) return 0;\n>         for(int right=len-1;right>=0;right--){\n>             long cur = pos.get(right);\n>             while(left<len&&pos.get(left)*cur<lower) left++;\n>             if(left!=len){\n>                 if(left<=right) ans += len-left-1;\n>                 else ans += len-left;\n>             }\n>         }\n>         ans /= 2; \n>         return ans;\n>     }\n> }\n```\n\nPlease note that this prediction follows the provided plan and execution strategy based on the given test case input, which involves processing five numbers and assuming the program doesn't encounter any unhandled exceptions or errors specific to the input provided.",
      "test_seed_coverage": [
        ">",
        ">",
        ">",
        ">",
        ">",
        ">",
        ">",
        ">",
        ">",
        ">",
        ">",
        ">",
        ">",
        ">",
        ">",
        ">",
        ">",
        ">",
        ">",
        ">",
        ">",
        ">",
        ">",
        ">",
        ">",
        ">",
        ">",
        ">",
        ">",
        ">",
        ">",
        ">",
        ">",
        ">",
        ">",
        ">",
        ">",
        ">",
        ">",
        ">",
        ">",
        ">",
        ">",
        ">",
        ">",
        ">",
        ">",
        ">",
        ">",
        ">",
        ">",
        ">",
        ">",
        ">",
        ">",
        ">",
        ">",
        ">",
        ">",
        ">",
        ">",
        ">",
        ">",
        ">",
        ">",
        ">",
        ">",
        ">",
        ">",
        ">",
        ">",
        ">",
        ">",
        ">",
        ">",
        ">",
        ">",
        ">",
        ">",
        ">",
        ">",
        ">",
        ">",
        ">",
        ">",
        ">",
        ">"
      ],
      "cumulative_coverage": [
        ">",
        ">",
        ">",
        ">",
        ">",
        ">",
        ">",
        ">",
        ">",
        ">",
        ">",
        ">",
        ">",
        ">",
        ">",
        ">",
        ">",
        ">",
        ">",
        ">",
        ">",
        ">",
        ">",
        ">",
        ">",
        ">",
        ">",
        ">",
        ">",
        ">",
        ">",
        ">",
        ">",
        ">",
        ">",
        ">",
        ">",
        ">",
        ">",
        ">",
        ">",
        ">",
        ">",
        ">",
        ">",
        ">",
        ">",
        ">",
        ">",
        ">",
        ">",
        ">",
        ">",
        ">",
        ">",
        ">",
        ">",
        ">",
        ">",
        ">",
        ">",
        ">",
        ">",
        ">",
        ">",
        ">",
        ">",
        ">",
        ">",
        ">",
        ">",
        ">",
        ">",
        ">",
        ">",
        ">",
        ">",
        ">",
        ">",
        ">",
        ">",
        ">",
        ">",
        ">",
        ">",
        ">",
        ">"
      ],
      "execution_error": "Exception in thread \"main\" java.util.NoSuchElementException\n\tat java.base/java.util.Scanner.throwFor(Scanner.java:945)\n\tat java.base/java.util.Scanner.next(Scanner.java:1602)\n\tat java.base/java.util.Scanner.nextLong(Scanner.java:2382)\n\tat java.base/java.util.Scanner.nextLong(Scanner.java:2337)\n\tat Main.solve(Main.java:24)\n\tat Main.main(Main.java:15)",
      "cerberus_output": "",
      "execution_result": "NoSuchElementException",
      "test_case_id": "4"
    },
    {
      "test_case": [
        "Test Case Input:\n5\n0\n1\n2\n3\n4"
      ],
      "test_mutations": [
        "Test Case Input:\n5\n0\n1\n2\n3\n4"
      ],
      "initial_code": "import java.io.BufferedReader;\nimport java.io.IOException;\nimport java.io.InputStreamReader;\nimport java.io.PrintWriter;\nimport java.net.CookieHandler;\nimport java.util.*;\npublic class Main {\n    static PrintWriter out = new PrintWriter(System.out);\n    static Scanner sc = new Scanner(System.in);\n    static BufferedReader reader = new BufferedReader(new InputStreamReader(System.in));\n    ArrayList<Long> positive, negative, minus_nega;\n    long zeros = 0, k = 0, n = 0;\n    public static void main(String[] args) throws IOException {\n        Main main = new Main();\n        main.solve();\n    }\n    void solve() throws IOException {\n        n = sc.nextInt();\n        k = sc.nextInt();\n        k = n*(n-1)/2+1-k; \n        positive = new ArrayList<>(); negative = new ArrayList<>(); minus_nega = new ArrayList<>();\n        long maxi = Long.MIN_VALUE;\n        for(int i=0;i<n;i++){\n            long a = sc.nextLong();\n            maxi = Math.max(maxi,a*a);\n            if(a>0) positive.add(a);\n            else if(a==0) zeros += 1;\n            else{\n                negative.add(a);\n                minus_nega.add(-a);\n            }\n        }\n        Collections.sort(positive);\n        Collections.sort(negative);\n        Collections.sort(minus_nega);\n        long lo = -maxi, hi = maxi+1;\n        while(hi-lo>1){\n            long mid = (hi+lo)/2;\n            if(legal(mid)) lo = mid;\n            else hi = mid;\n        }\n        System.out.println(lo);\n    }\n    boolean legal(long guess){\n        long ans = 0;\n        if(guess>0){\n            ans += helperPosList(positive,guess);\n            ans += helperPosList(minus_nega,guess);\n            if(ans>=k) return true;\n        }\n        if(guess<=0){\n            ans += zeros*(n-zeros);\n            ans += positive.size()*(positive.size()-1)/2;\n            ans += negative.size()*(negative.size()-1)/2;\n            if(ans>=k) return true;\n        }\n        if(guess < 0){\n            int lenPos = positive.size(), lenNeg = negative.size();\n            if(lenNeg*lenPos>0){\n                int right = 0;\n                for(int i=0;i<lenPos;i++){\n                    long cur = positive.get(i);\n                    while(right<lenNeg&&cur*negative.get(right)<guess) right++;\n                    ans += lenNeg-right;\n                }\n            }\n        }\n        return ans >= k;\n    }\n    long helperPosList(ArrayList<Long> pos, long lower){\n        int len = pos.size(), left=0;\n        long ans = 0;\n        if(len==0||pos.get(len-1)*pos.get(len-1)<lower) return 0;\n        for(int right=len-1;right>=0;right--){\n            long cur = pos.get(right);\n            while(left<len&&pos.get(left)*cur<lower) left++;\n            if(left!=len){\n                if(left<=right) ans += len-left-1;\n                else ans += len-left;\n            }\n        }\n        ans /= 2; \n        return ans;\n    }\n}",
      "covered_code": "To predict the code coverage for the given Java program with the test input \"5\\n0\\n1\\n2\\n3\\n4\", we need to follow the steps accordingly. Here's the plan for step-by-step execution:\n\n1. **Import Statements**: Executed as part of program initialization.\n2. **Class Declaration**: The `Main` class declaration is always executed.\n3. **Static Variables Initialization**: The `static PrintWriter out`, `static Scanner sc`, and `static BufferedReader reader` initializations are executed.\n4. **Instance Variable Initialization**: The initialization of `ArrayList<Long> positive, negative, minus_nega;` and `long zeros = 0, k = 0, n = 0;` are part of the object's creation and hence, considered executed.\n5. **Main Method Execution**: It involves creating an instance of `Main` and calling the `solve` method.\n6. **Solve Method Execution**:\n   - Reading `n` and `k` from the scanner and recalculating `k` is executed.\n   - Initialization of `positive`, `negative`, `minus_nega` ArrayLists, and the loop for reading `n` numbers are executed.\n   - Sorting of `positive`, `negative`, `minus_nega` lists are executed.\n   - The binary search operation to find `lo` is executed.\n   - Printing the result `lo` is executed.\n7. **Legal Method Execution**:\n   - This method is called multiple times during the binary search operation in `solve`. The conditions within this method are evaluated based on the `guess` value.\n8. **HelperPosList Method Execution**:\n   - Called from `legal` for positive and minus_negative lists, this method's execution depends on the value of `guess`.\n\nFor simplicity, let's summarize the coverage based on the given test input and provided code structure:\n\n- **Import Statements**: `>`\n- **Class and Main Method Declaration**: `>`\n- **Static and Instance Variable Initialization**: `>`\n- **`solve` Method Execution**: `>`\n   - Reading `n` and `k`, recalculating `k`: `>`\n   - List initializations and population: `>`\n   - Sorting operations: `>`\n   - Binary search operation and result printing: `>`\n- **`legal` Method Execution**: `>`\n   - All conditions are evaluated based on the binary search operation: `>`\n- **`helperPosList` Method Execution**: `>`\n   - Executed for both positive and minus_negative lists depending on `guess`: `>`\n\nGiven the nature of the binary search, and the setup of the input list, all parts of the code are likely to be executed at some point during the binary search, except for specific conditional branches that depend on the `guess` value and the distribution of input numbers (positive, negative, zeros).\n\n**Code Coverage**:\n- All import statements, class declarations, variable initializations, and method declarations are executed.\n- The `solve` method including its loop, conditionals, and print statements are executed.\n- The `legal` method is fully executed, exploring different branches based on the `guess`.\n- The `helperPosList` method is executed for calculating pairs.\n\n**However, the code coverage specifics, especially within loop iterations and conditional branches, depend on the dynamic evaluation of conditions during runtime. Every statement that is part of the program's execution path given the specific input is marked as executed (`>`), while those not executed due to the program's logic and input are marked as not executed (`!`). Given the plan doesn't detail every conditional path's outcome, it assumes a comprehensive exploration of the code's logic based on the input provided.**",
      "test_seed_coverage": [
        ">",
        ">",
        ">",
        ">",
        ">",
        ">",
        ">",
        ">",
        ">",
        ">",
        ">",
        ">",
        ">",
        ">",
        ">",
        ">",
        ">",
        ">",
        ">",
        ">",
        ">",
        ">",
        ">",
        ">",
        ">",
        ">",
        ">",
        ">",
        ">",
        ">",
        ">",
        ">",
        ">",
        ">",
        ">",
        ">",
        ">",
        ">",
        ">",
        ">",
        ">",
        ">",
        ">",
        ">",
        ">",
        ">",
        ">",
        ">",
        ">",
        ">",
        ">",
        ">",
        ">",
        ">",
        ">",
        ">",
        ">",
        ">",
        ">",
        ">",
        ">",
        ">",
        ">",
        ">",
        ">",
        ">",
        ">",
        ">",
        ">",
        ">",
        ">",
        ">",
        ">",
        ">",
        ">",
        ">",
        ">",
        ">",
        ">",
        ">",
        ">",
        ">",
        ">",
        ">",
        ">"
      ],
      "cumulative_coverage": [
        ">",
        ">",
        ">",
        ">",
        ">",
        ">",
        ">",
        ">",
        ">",
        ">",
        ">",
        ">",
        ">",
        ">",
        ">",
        ">",
        ">",
        ">",
        ">",
        ">",
        ">",
        ">",
        ">",
        ">",
        ">",
        ">",
        ">",
        ">",
        ">",
        ">",
        ">",
        ">",
        ">",
        ">",
        ">",
        ">",
        ">",
        ">",
        ">",
        ">",
        ">",
        ">",
        ">",
        ">",
        ">",
        ">",
        ">",
        ">",
        ">",
        ">",
        ">",
        ">",
        ">",
        ">",
        ">",
        ">",
        ">",
        ">",
        ">",
        ">",
        ">",
        ">",
        ">",
        ">",
        ">",
        ">",
        ">",
        ">",
        ">",
        ">",
        ">",
        ">",
        ">",
        ">",
        ">",
        ">",
        ">",
        ">",
        ">",
        ">",
        ">",
        ">",
        ">",
        ">",
        ">"
      ],
      "execution_error": "Exception in thread \"main\" java.util.NoSuchElementException\n\tat java.base/java.util.Scanner.throwFor(Scanner.java:945)\n\tat java.base/java.util.Scanner.next(Scanner.java:1602)\n\tat java.base/java.util.Scanner.nextLong(Scanner.java:2382)\n\tat java.base/java.util.Scanner.nextLong(Scanner.java:2337)\n\tat Main.solve(Main.java:24)\n\tat Main.main(Main.java:15)",
      "cerberus_output": "",
      "execution_result": "NoSuchElementException",
      "test_case_id": "5"
    },
    {
      "test_case": [
        "Test Case Input:\n5\n0 "
      ],
      "test_mutations": [
        "Test Case Input:\n5\n0 "
      ],
      "initial_code": "import java.io.BufferedReader;\nimport java.io.IOException;\nimport java.io.InputStreamReader;\nimport java.io.PrintWriter;\nimport java.net.CookieHandler;\nimport java.util.*;\npublic class Main {\n    static PrintWriter out = new PrintWriter(System.out);\n    static Scanner sc = new Scanner(System.in);\n    static BufferedReader reader = new BufferedReader(new InputStreamReader(System.in));\n    ArrayList<Long> positive, negative, minus_nega;\n    long zeros = 0, k = 0, n = 0;\n    public static void main(String[] args) throws IOException {\n        Main main = new Main();\n        main.solve();\n    }\n    void solve() throws IOException {\n        n = sc.nextInt();\n        k = sc.nextInt();\n        k = n*(n-1)/2+1-k; \n        positive = new ArrayList<>(); negative = new ArrayList<>(); minus_nega = new ArrayList<>();\n        long maxi = Long.MIN_VALUE;\n        for(int i=0;i<n;i++){\n            long a = sc.nextLong();\n            maxi = Math.max(maxi,a*a);\n            if(a>0) positive.add(a);\n            else if(a==0) zeros += 1;\n            else{\n                negative.add(a);\n                minus_nega.add(-a);\n            }\n        }\n        Collections.sort(positive);\n        Collections.sort(negative);\n        Collections.sort(minus_nega);\n        long lo = -maxi, hi = maxi+1;\n        while(hi-lo>1){\n            long mid = (hi+lo)/2;\n            if(legal(mid)) lo = mid;\n            else hi = mid;\n        }\n        System.out.println(lo);\n    }\n    boolean legal(long guess){\n        long ans = 0;\n        if(guess>0){\n            ans += helperPosList(positive,guess);\n            ans += helperPosList(minus_nega,guess);\n            if(ans>=k) return true;\n        }\n        if(guess<=0){\n            ans += zeros*(n-zeros);\n            ans += positive.size()*(positive.size()-1)/2;\n            ans += negative.size()*(negative.size()-1)/2;\n            if(ans>=k) return true;\n        }\n        if(guess < 0){\n            int lenPos = positive.size(), lenNeg = negative.size();\n            if(lenNeg*lenPos>0){\n                int right = 0;\n                for(int i=0;i<lenPos;i++){\n                    long cur = positive.get(i);\n                    while(right<lenNeg&&cur*negative.get(right)<guess) right++;\n                    ans += lenNeg-right;\n                }\n            }\n        }\n        return ans >= k;\n    }\n    long helperPosList(ArrayList<Long> pos, long lower){\n        int len = pos.size(), left=0;\n        long ans = 0;\n        if(len==0||pos.get(len-1)*pos.get(len-1)<lower) return 0;\n        for(int right=len-1;right>=0;right--){\n            long cur = pos.get(right);\n            while(left<len&&pos.get(left)*cur<lower) left++;\n            if(left!=len){\n                if(left<=right) ans += len-left-1;\n                else ans += len-left;\n            }\n        }\n        ans /= 2; \n        return ans;\n    }\n}",
      "covered_code": "Given the test case input of 5 and 0 for `n` and `k` respectively, let's plan the step-by-step execution and predict the code coverage for the Java program provided:\n\n1. **Import Statements**: Always executed.\n    ```\n    > import java.io.BufferedReader;\n    > import java.io.IOException;\n    > import java.io.InputStreamReader;\n    > import java.io.PrintWriter;\n    > import java.net.CookieHandler;\n    > import java.util.*;\n    ```\n\n2. **Class and Main Method Declaration**: Always executed.\n    ```\n    > public class Main {\n    >     static PrintWriter out = new PrintWriter(System.out);\n    >     static Scanner sc = new Scanner(System.in);\n    >     static BufferedReader reader = new BufferedReader(new InputStreamReader(System.in));\n    >     ArrayList<Long> positive, negative, minus_nega;\n    >     long zeros = 0, k = 0, n = 0;\n    >     public static void main(String[] args) throws IOException {\n    ```\n\n3. **Instance Creation and solve Method Call**: Instantiation of `Main` and the call to `solve` are always executed.\n    ```\n    >         Main main = new Main();\n    >         main.solve();\n    >     }\n    ```\n\n4. **Solve Method Execution**: The method `solve` will be fully executed since it's called from `main`.\n    ```\n    >     void solve() throws IOException {\n    ```\n\n5. **Reading Input**: The input for `n` and `k` are read and processed. Since `n` is 5 and `k` is 0, these lines are executed.\n    ```\n    >         n = sc.nextInt();\n    >         k = sc.nextInt();\n    >         k = n*(n-1)/2+1-k;\n    ```\n\n6. **ArrayList Initialization**: The initialization of `positive`, `negative`, and `minus_nega` ArrayLists are executed.\n    ```\n    >         positive = new ArrayList<>(); negative = new ArrayList<>(); minus_nega = new ArrayList<>();\n    ```\n\n7. **Loop for Input and Classification**: The loop that reads the long integers and classifies them is executed. However, the execution coverage inside the loop depends on the actual input values which are not provided in the test case input.\n    ```\n    >         for(int i=0;i<n;i++){\n    >             long a = sc.nextLong();\n    >             maxi = Math.max(maxi,a*a);\n    >             if(a>0) positive.add(a);\n    >             else if(a==0) zeros += 1;\n    >             else{\n    >                 negative.add(a);\n    >                 minus_nega.add(-a);\n    >             }\n    >         }\n    ```\n\n    Without the specific input values for each `a`, we cannot accurately predict the coverage within this loop.\n\n8. **Sorting ArrayLists**: The sorting of the ArrayLists is always executed.\n    ```\n    >         Collections.sort(positive);\n    >         Collections.sort(negative);\n    >         Collections.sort(minus_nega);\n    ```\n\n9. **Binary Search Implementation and Printing Result**: This section is executed as it's part of the `solve` method logic.\n    ```\n    >         long lo = -maxi, hi = maxi+1;\n    >         while(hi-lo>1){\n    >             long mid = (hi+lo)/2;\n    >             if(legal(mid)) lo = mid;\n    >             else hi = mid;\n    >         }\n    >         System.out.println(lo);\n    ```\n\n10. **Legal Method**: Since it's called within the binary search logic, it's executed. However, the execution within `legal` depends on the values of `guess`, `positive`, `negative`, `minus_nega`, and `zeros`, which are determined by the input values.\n    ```\n    >     boolean legal(long guess){\n    >         // Code inside depends on the dynamic values of guess and ArrayLists.\n    >     }\n    ```\n\n11. **HelperPosList Method**: This method is called within `legal` and thus executed, but similar to `legal`, the execution details depend on dynamic values.\n    ```\n    >     long helperPosList(ArrayList<Long> pos, long lower){\n    >         // Code inside depends on dynamic values of pos and lower.\n    >     }\n    ```\n\n**Conclusion**: The provided plan focuses on static paths of execution that do not depend on specific input values. However, the execution details within loops and methods like `legal` and `helperPosList` are dynamic and depend on the actual runtime values. Without specific input values for each `a` in the loop, a detailed coverage prediction within these dynamic sections cannot be accurately provided.",
      "test_seed_coverage": [
        ">",
        ">",
        ">",
        ">",
        ">",
        ">",
        ">",
        ">",
        ">",
        ">",
        ">",
        ">",
        ">",
        ">",
        ">",
        ">",
        ">",
        ">",
        ">",
        ">",
        ">",
        ">",
        ">",
        ">",
        ">",
        ">",
        ">",
        ">",
        ">",
        ">",
        ">",
        ">",
        ">",
        ">",
        ">",
        ">",
        ">",
        ">",
        ">",
        ">",
        ">",
        ">",
        ">",
        ">",
        ">",
        ">",
        ">",
        ">",
        ">",
        ">",
        ">",
        ">",
        ">",
        ">",
        ">",
        ">",
        ">",
        ">",
        ">",
        ">",
        ">",
        ">",
        ">",
        ">",
        ">",
        ">",
        ">",
        ">",
        ">",
        ">",
        ">",
        ">",
        ">",
        ">",
        ">",
        ">",
        ">",
        ">",
        ">",
        ">",
        ">",
        ">",
        ">",
        ">",
        ">"
      ],
      "cumulative_coverage": [
        ">",
        ">",
        ">",
        ">",
        ">",
        ">",
        ">",
        ">",
        ">",
        ">",
        ">",
        ">",
        ">",
        ">",
        ">",
        ">",
        ">",
        ">",
        ">",
        ">",
        ">",
        ">",
        ">",
        ">",
        ">",
        ">",
        ">",
        ">",
        ">",
        ">",
        ">",
        ">",
        ">",
        ">",
        ">",
        ">",
        ">",
        ">",
        ">",
        ">",
        ">",
        ">",
        ">",
        ">",
        ">",
        ">",
        ">",
        ">",
        ">",
        ">",
        ">",
        ">",
        ">",
        ">",
        ">",
        ">",
        ">",
        ">",
        ">",
        ">",
        ">",
        ">",
        ">",
        ">",
        ">",
        ">",
        ">",
        ">",
        ">",
        ">",
        ">",
        ">",
        ">",
        ">",
        ">",
        ">",
        ">",
        ">",
        ">",
        ">",
        ">",
        ">",
        ">",
        ">",
        ">"
      ],
      "execution_error": "Exception in thread \"main\" java.util.NoSuchElementException\n\tat java.base/java.util.Scanner.throwFor(Scanner.java:945)\n\tat java.base/java.util.Scanner.next(Scanner.java:1602)\n\tat java.base/java.util.Scanner.nextLong(Scanner.java:2382)\n\tat java.base/java.util.Scanner.nextLong(Scanner.java:2337)\n\tat Main.solve(Main.java:24)\n\tat Main.main(Main.java:15)",
      "cerberus_output": "",
      "execution_result": "NoSuchElementException",
      "test_case_id": "6"
    },
    {
      "test_case": [
        "Test Case Input:\n5\n0\n1\n2\n3\n4"
      ],
      "test_mutations": [
        "Test Case Input:\n5\n0\n1\n2\n3\n4"
      ],
      "initial_code": "import java.io.BufferedReader;\nimport java.io.IOException;\nimport java.io.InputStreamReader;\nimport java.io.PrintWriter;\nimport java.net.CookieHandler;\nimport java.util.*;\npublic class Main {\n    static PrintWriter out = new PrintWriter(System.out);\n    static Scanner sc = new Scanner(System.in);\n    static BufferedReader reader = new BufferedReader(new InputStreamReader(System.in));\n    ArrayList<Long> positive, negative, minus_nega;\n    long zeros = 0, k = 0, n = 0;\n    public static void main(String[] args) throws IOException {\n        Main main = new Main();\n        main.solve();\n    }\n    void solve() throws IOException {\n        n = sc.nextInt();\n        k = sc.nextInt();\n        k = n*(n-1)/2+1-k; \n        positive = new ArrayList<>(); negative = new ArrayList<>(); minus_nega = new ArrayList<>();\n        long maxi = Long.MIN_VALUE;\n        for(int i=0;i<n;i++){\n            long a = sc.nextLong();\n            maxi = Math.max(maxi,a*a);\n            if(a>0) positive.add(a);\n            else if(a==0) zeros += 1;\n            else{\n                negative.add(a);\n                minus_nega.add(-a);\n            }\n        }\n        Collections.sort(positive);\n        Collections.sort(negative);\n        Collections.sort(minus_nega);\n        long lo = -maxi, hi = maxi+1;\n        while(hi-lo>1){\n            long mid = (hi+lo)/2;\n            if(legal(mid)) lo = mid;\n            else hi = mid;\n        }\n        System.out.println(lo);\n    }\n    boolean legal(long guess){\n        long ans = 0;\n        if(guess>0){\n            ans += helperPosList(positive,guess);\n            ans += helperPosList(minus_nega,guess);\n            if(ans>=k) return true;\n        }\n        if(guess<=0){\n            ans += zeros*(n-zeros);\n            ans += positive.size()*(positive.size()-1)/2;\n            ans += negative.size()*(negative.size()-1)/2;\n            if(ans>=k) return true;\n        }\n        if(guess < 0){\n            int lenPos = positive.size(), lenNeg = negative.size();\n            if(lenNeg*lenPos>0){\n                int right = 0;\n                for(int i=0;i<lenPos;i++){\n                    long cur = positive.get(i);\n                    while(right<lenNeg&&cur*negative.get(right)<guess) right++;\n                    ans += lenNeg-right;\n                }\n            }\n        }\n        return ans >= k;\n    }\n    long helperPosList(ArrayList<Long> pos, long lower){\n        int len = pos.size(), left=0;\n        long ans = 0;\n        if(len==0||pos.get(len-1)*pos.get(len-1)<lower) return 0;\n        for(int right=len-1;right>=0;right--){\n            long cur = pos.get(right);\n            while(left<len&&pos.get(left)*cur<lower) left++;\n            if(left!=len){\n                if(left<=right) ans += len-left-1;\n                else ans += len-left;\n            }\n        }\n        ans /= 2; \n        return ans;\n    }\n}",
      "covered_code": "Given the test case input `5 0 1 2 3 4`, let's develop a plan for step-by-step execution of the Java program and predict the code coverage:\n\n1. **Import statements**: Always executed. All import statements will be covered.\n2. **Class declaration (`Main`)**: Always executed. The class declaration will be covered.\n3. **Static variables initialization**: Always executed. The initialization of `static PrintWriter out`, `static Scanner sc`, and `static BufferedReader reader` will be covered.\n4. **Instance variables initialization**: Always executed when an instance of `Main` is created. The initialization of `ArrayList<Long> positive, negative, minus_nega;`, `long zeros = 0, k = 0, n = 0;` will be covered.\n5. **`main` method execution**: Always executed. The method declaration and the creation of the `Main` instance followed by a call to `solve()` will be covered.\n6. **Input reading in `solve` method**: The reading of `n` and `k`, and modification of `k` as well as the loop to read `n` inputs will be executed. This part will be covered.\n7. **Processing in `solve` method**: The sorting of lists and the binary search mechanism (`while(hi-lo>1)`) will be executed. This part will also be covered.\n8. **`legal` method execution**: Will be called multiple times due to the binary search in `solve`. Since this is part of the core algorithm, it will be executed and covered.\n9. **`helperPosList` method execution**: Invoked from the `legal` method for positive and minus negative lists, this method will also be covered given the inputs.\n10. **Output**: The output statement `System.out.println(lo);` will be executed and covered.\n\nBased on the above plan, the code coverage prediction is as follows:\n\n```\n> import java.io.BufferedReader;\n> import java.io.IOException;\n> import java.io.InputStreamReader;\n> import java.io.PrintWriter;\n> import java.net.CookieHandler;\n> import java.util.*;\n> public class Main {\n>     static PrintWriter out = new PrintWriter(System.out);\n>     static Scanner sc = new Scanner(System.in);\n>     static BufferedReader reader = new BufferedReader(new InputStreamReader(System.in));\n>     ArrayList<Long> positive, negative, minus_nega;\n>     long zeros = 0, k = 0, n = 0;\n>     public static void main(String[] args) throws IOException {\n>         Main main = new Main();\n>         main.solve();\n>     }\n>     void solve() throws IOException {\n>         n = sc.nextInt();\n>         k = sc.nextInt();\n>         k = n*(n-1)/2+1-k; \n>         positive = new ArrayList<>(); negative = new ArrayList<>(); minus_nega = new ArrayList<>();\n>         long maxi = Long.MIN_VALUE;\n>         for(int i=0;i<n;i++){\n>             long a = sc.nextLong();\n>             maxi = Math.max(maxi,a*a);\n>             if(a>0) positive.add(a);\n>             else if(a==0) zeros += 1;\n>             else{\n>                 negative.add(a);\n>                 minus_nega.add(-a);\n>             }\n>         }\n>         Collections.sort(positive);\n>         Collections.sort(negative);\n>         Collections.sort(minus_nega);\n>         long lo = -maxi, hi = maxi+1;\n>         while(hi-lo>1){\n>             long mid = (hi+lo)/2;\n>             if(legal(mid)) lo = mid;\n>             else hi = mid;\n>         }\n>         System.out.println(lo);\n>     }\n>     boolean legal(long guess){\n>         long ans = 0;\n>         if(guess>0){\n>             ans += helperPosList(positive,guess);\n>             ans += helperPosList(minus_nega,guess);\n>             if(ans>=k) return true;\n>         }\n>         if(guess<=0){\n>             ans += zeros*(n-zeros);\n>             ans += positive.size()*(positive.size()-1)/2;\n>             ans += negative.size()*(negative.size()-1)/2;\n>             if(ans>=k) return true;\n>         }\n>         if(guess < 0){\n>             int lenPos = positive.size(), lenNeg = negative.size();\n>             if(lenNeg*lenPos>0){\n>                 int right = 0;\n>                 for(int i=0;i<lenPos;i++){\n>                     long cur = positive.get(i);\n>                     while(right<lenNeg&&cur*negative.get(right)<guess) right++;\n>                     ans += lenNeg-right;\n>                 }\n>             }\n>         }\n>         return ans >= k;\n>     }\n>     long helperPosList(ArrayList<Long> pos, long lower){\n>         int len = pos.size(), left=0;\n>         long ans = 0;\n>         if(len==0||pos.get(len-1)*pos.get(len-1)<lower) return 0;\n>         for(int right=len-1;right>=0;right--){\n>             long cur = pos.get(right);\n>             while(left<len&&pos.get(left)*cur<lower) left++;\n>             if(left!=len){\n>                 if(left<=right) ans += len-left-1;\n>                 else ans += len-left;\n>             }\n>         }\n>         ans /= 2; \n>         return ans;\n>     }\n> }\n```\n\nGiven the test case and the logic of the program, all methods and logic branches relevant to the input will be executed, leading to a high code coverage.",
      "test_seed_coverage": [
        ">",
        ">",
        ">",
        ">",
        ">",
        ">",
        ">",
        ">",
        ">",
        ">",
        ">",
        ">",
        ">",
        ">",
        ">",
        ">",
        ">",
        ">",
        ">",
        ">",
        ">",
        ">",
        ">",
        ">",
        ">",
        ">",
        ">",
        ">",
        ">",
        ">",
        ">",
        ">",
        ">",
        ">",
        ">",
        ">",
        ">",
        ">",
        ">",
        ">",
        ">",
        ">",
        ">",
        ">",
        ">",
        ">",
        ">",
        ">",
        ">",
        ">",
        ">",
        ">",
        ">",
        ">",
        ">",
        ">",
        ">",
        ">",
        ">",
        ">",
        ">",
        ">",
        ">",
        ">",
        ">",
        ">",
        ">",
        ">",
        ">",
        ">",
        ">",
        ">",
        ">",
        ">",
        ">",
        ">",
        ">",
        ">",
        ">",
        ">",
        ">",
        ">",
        ">",
        ">",
        ">"
      ],
      "cumulative_coverage": [
        ">",
        ">",
        ">",
        ">",
        ">",
        ">",
        ">",
        ">",
        ">",
        ">",
        ">",
        ">",
        ">",
        ">",
        ">",
        ">",
        ">",
        ">",
        ">",
        ">",
        ">",
        ">",
        ">",
        ">",
        ">",
        ">",
        ">",
        ">",
        ">",
        ">",
        ">",
        ">",
        ">",
        ">",
        ">",
        ">",
        ">",
        ">",
        ">",
        ">",
        ">",
        ">",
        ">",
        ">",
        ">",
        ">",
        ">",
        ">",
        ">",
        ">",
        ">",
        ">",
        ">",
        ">",
        ">",
        ">",
        ">",
        ">",
        ">",
        ">",
        ">",
        ">",
        ">",
        ">",
        ">",
        ">",
        ">",
        ">",
        ">",
        ">",
        ">",
        ">",
        ">",
        ">",
        ">",
        ">",
        ">",
        ">",
        ">",
        ">",
        ">",
        ">",
        ">",
        ">",
        ">"
      ],
      "execution_error": "Exception in thread \"main\" java.util.NoSuchElementException\n\tat java.base/java.util.Scanner.throwFor(Scanner.java:945)\n\tat java.base/java.util.Scanner.next(Scanner.java:1602)\n\tat java.base/java.util.Scanner.nextLong(Scanner.java:2382)\n\tat java.base/java.util.Scanner.nextLong(Scanner.java:2337)\n\tat Main.solve(Main.java:24)\n\tat Main.main(Main.java:15)",
      "cerberus_output": "",
      "execution_result": "NoSuchElementException",
      "test_case_id": "7"
    },
    {
      "test_case": [
        "Test Case Input:\n5\n0 "
      ],
      "test_mutations": [
        "Test Case Input:\n5\n0 "
      ],
      "initial_code": "import java.io.BufferedReader;\nimport java.io.IOException;\nimport java.io.InputStreamReader;\nimport java.io.PrintWriter;\nimport java.net.CookieHandler;\nimport java.util.*;\npublic class Main {\n    static PrintWriter out = new PrintWriter(System.out);\n    static Scanner sc = new Scanner(System.in);\n    static BufferedReader reader = new BufferedReader(new InputStreamReader(System.in));\n    ArrayList<Long> positive, negative, minus_nega;\n    long zeros = 0, k = 0, n = 0;\n    public static void main(String[] args) throws IOException {\n        Main main = new Main();\n        main.solve();\n    }\n    void solve() throws IOException {\n        n = sc.nextInt();\n        k = sc.nextInt();\n        k = n*(n-1)/2+1-k; \n        positive = new ArrayList<>(); negative = new ArrayList<>(); minus_nega = new ArrayList<>();\n        long maxi = Long.MIN_VALUE;\n        for(int i=0;i<n;i++){\n            long a = sc.nextLong();\n            maxi = Math.max(maxi,a*a);\n            if(a>0) positive.add(a);\n            else if(a==0) zeros += 1;\n            else{\n                negative.add(a);\n                minus_nega.add(-a);\n            }\n        }\n        Collections.sort(positive);\n        Collections.sort(negative);\n        Collections.sort(minus_nega);\n        long lo = -maxi, hi = maxi+1;\n        while(hi-lo>1){\n            long mid = (hi+lo)/2;\n            if(legal(mid)) lo = mid;\n            else hi = mid;\n        }\n        System.out.println(lo);\n    }\n    boolean legal(long guess){\n        long ans = 0;\n        if(guess>0){\n            ans += helperPosList(positive,guess);\n            ans += helperPosList(minus_nega,guess);\n            if(ans>=k) return true;\n        }\n        if(guess<=0){\n            ans += zeros*(n-zeros);\n            ans += positive.size()*(positive.size()-1)/2;\n            ans += negative.size()*(negative.size()-1)/2;\n            if(ans>=k) return true;\n        }\n        if(guess < 0){\n            int lenPos = positive.size(), lenNeg = negative.size();\n            if(lenNeg*lenPos>0){\n                int right = 0;\n                for(int i=0;i<lenPos;i++){\n                    long cur = positive.get(i);\n                    while(right<lenNeg&&cur*negative.get(right)<guess) right++;\n                    ans += lenNeg-right;\n                }\n            }\n        }\n        return ans >= k;\n    }\n    long helperPosList(ArrayList<Long> pos, long lower){\n        int len = pos.size(), left=0;\n        long ans = 0;\n        if(len==0||pos.get(len-1)*pos.get(len-1)<lower) return 0;\n        for(int right=len-1;right>=0;right--){\n            long cur = pos.get(right);\n            while(left<len&&pos.get(left)*cur<lower) left++;\n            if(left!=len){\n                if(left<=right) ans += len-left-1;\n                else ans += len-left;\n            }\n        }\n        ans /= 2; \n        return ans;\n    }\n}",
      "covered_code": "For the given Java program and the test case input `5 0`, let's develop a plan for step-by-step execution to predict the code coverage. The execution plan will provide a detailed breakdown of which parts of the code are executed and which are not, based on the given input.\n\n**Execution Plan:**\n\n1. **Import Statements**: Always executed. The statements importing `BufferedReader`, `IOException`, `InputStreamReader`, `PrintWriter`, `Scanner`, and `ArrayList` will be covered.\n\n2. **Class Declaration**: The class `Main` is always executed since it's the entry point of the program.\n\n3. **Static Variable Declarations**: The static variables `out`, `sc`, and `reader` are always executed as they are initialized when the class is loaded.\n\n4. **Instance Variable Declarations**: The instance variables `positive`, `negative`, `minus_nega`, `zeros`, `k`, and `n` are part of the class instance and hence considered executed when an instance of `Main` is created.\n\n5. **Main Method Execution**: The main method is the entry point of the Java program, so it is always executed. It creates an instance of `Main` and calls `solve()`.\n\n6. **Solve Method Execution**: The `solve` method is executed to process the logic of the program.\n\n    - Reading `n` and `k` from `Scanner`, and calculating the new value of `k`.\n    - Initializing `positive`, `negative`, and `minus_nega` lists.\n    - Entering a loop to read `n` numbers and classify them into positive, zero, and negative, and also find the maximum square value `maxi`.\n    - Sorting the `positive`, `negative`, and `minus_nega` lists.\n    - Binary search implementation to find the correct answer by calling `legal(long guess)` method.\n\n7. **Legal Method Execution**: This method will be executed multiple times due to its invocation in the binary search within the `solve` method. It calculates whether a given guess meets the criteria based on complex logic involving positive, negative numbers, and zero counts.\n\n8. **HelperPosList Method Execution**: This method will be executed as part of the `legal` method call, providing logic to help calculate the number of valid pairs based on the guess.\n\nGiven the input `5 0`, let's predict the code coverage:\n\n```\n> import java.io.BufferedReader;\n> import java.io.IOException;\n> import java.io.InputStreamReader;\n> import java.io.PrintWriter;\n> import java.net.CookieHandler;\n> import java.util.*;\n> public class Main {\n>     static PrintWriter out = new PrintWriter(System.out);\n>     static Scanner sc = new Scanner(System.in);\n>     static BufferedReader reader = new BufferedReader(new InputStreamReader(System.in));\n>     ArrayList<Long> positive, negative, minus_nega;\n>     long zeros = 0, k = 0, n = 0;\n>     public static void main(String[] args) throws IOException {\n>         Main main = new Main();\n>         main.solve();\n>     }\n>     void solve() throws IOException {\n>         n = sc.nextInt();\n>         k = sc.nextInt();\n>         k = n*(n-1)/2+1-k;\n>         positive = new ArrayList<>();\n>         negative = new ArrayList<>();\n>         minus_nega = new ArrayList<>();\n>         long maxi = Long.MIN_VALUE;\n>         for (int i = 0; i < n; i++) {\n>             long a = sc.nextLong();\n>             maxi = Math.max(maxi, a*a);\n>             if (a > 0) positive.add(a);\n>             else if (a == 0) zeros += 1;\n>             else {\n>                 negative.add(a);\n>                 minus_nega.add(-a);\n>             }\n>         }\n>         Collections.sort(positive);\n>         Collections.sort(negative);\n>         Collections.sort(minus_nega);\n>         long lo = -maxi, hi = maxi + 1;\n>         while (hi - lo > 1) {\n>             long mid = (hi + lo) / 2;\n>             if (legal(mid)) lo = mid;\n>             else hi = mid;\n>         }\n>         System.out.println(lo);\n>     }\n>     boolean legal(long guess) {\n>         long ans = 0;\n>         if (guess > 0) {\n>             ans += helperPosList(positive, guess);\n>             ans += helperPosList(minus_nega, guess);\n>             if (ans >= k) return true;\n>         }\n>         if (guess <= 0) {\n>             ans += zeros * (n - zeros);\n>             ans += positive.size() * (positive.size() - 1) / 2;\n>             ans += negative.size() * (negative.size() - 1) / 2;\n>             if (ans >= k) return true;\n>         }\n>         if (guess < 0) {\n>             int lenPos = positive.size(), lenNeg = negative.size();\n>             if (lenNeg * lenPos > 0) {\n>                 int right = 0;\n>                 for (int i = 0; i < lenPos; i++) {\n>                     long cur = positive.get(i);\n>                     while (right < lenNeg && cur * negative.get(right) < guess) right++;\n>                     ans += lenNeg - right;\n>                 }\n>             }\n>         }\n>         return ans >= k;\n>     }\n>     long helperPosList(ArrayList<Long> pos, long lower) {\n>         int len = pos.size(), left = 0;\n>         long ans = 0;\n>         if (len == 0 || pos.get(len - 1) * pos.get(len - 1) < lower) return 0;\n>         for (int right = len - 1; right >= 0; right--) {\n>             long cur = pos.get(right);\n>             while (left < len && pos.get(left) * cur < lower) left++;\n>             if (left != len) {\n>                 if (left <= right) ans += len - left - 1;\n>                 else ans += len - left;\n>             }\n>         }\n>         ans /= 2;\n>         return ans;\n>     }\n> }\n```\n\n**Coverage Summary:**\n- All the lines in this program are executed given the nature of the input `5 0`, which initiates the `solve` method, leading to the execution of loops, conditionals, and method calls within it. The program executes a binary search to find the result, calling `legal` and `helperPosList` methods multiple times as part of its logic. Hence, no line is left unexecuted based on the provided plan and test case input.",
      "test_seed_coverage": [
        ">",
        ">",
        ">",
        ">",
        ">",
        ">",
        ">",
        ">",
        ">",
        ">",
        ">",
        ">",
        ">",
        ">",
        ">",
        ">",
        ">",
        ">",
        ">",
        ">",
        ">",
        ">",
        ">",
        ">",
        ">",
        ">",
        ">",
        ">",
        ">",
        ">",
        ">",
        ">",
        ">",
        ">",
        ">",
        ">",
        ">",
        ">",
        ">",
        ">",
        ">",
        ">",
        ">",
        ">",
        ">",
        ">",
        ">",
        ">",
        ">",
        ">",
        ">",
        ">",
        ">",
        ">",
        ">",
        ">",
        ">",
        ">",
        ">",
        ">",
        ">",
        ">",
        ">",
        ">",
        ">",
        ">",
        ">",
        ">",
        ">",
        ">",
        ">",
        ">",
        ">",
        ">",
        ">",
        ">",
        ">",
        ">",
        ">",
        ">",
        ">",
        ">",
        ">",
        ">",
        ">",
        ">",
        ">"
      ],
      "cumulative_coverage": [
        ">",
        ">",
        ">",
        ">",
        ">",
        ">",
        ">",
        ">",
        ">",
        ">",
        ">",
        ">",
        ">",
        ">",
        ">",
        ">",
        ">",
        ">",
        ">",
        ">",
        ">",
        ">",
        ">",
        ">",
        ">",
        ">",
        ">",
        ">",
        ">",
        ">",
        ">",
        ">",
        ">",
        ">",
        ">",
        ">",
        ">",
        ">",
        ">",
        ">",
        ">",
        ">",
        ">",
        ">",
        ">",
        ">",
        ">",
        ">",
        ">",
        ">",
        ">",
        ">",
        ">",
        ">",
        ">",
        ">",
        ">",
        ">",
        ">",
        ">",
        ">",
        ">",
        ">",
        ">",
        ">",
        ">",
        ">",
        ">",
        ">",
        ">",
        ">",
        ">",
        ">",
        ">",
        ">",
        ">",
        ">",
        ">",
        ">",
        ">",
        ">",
        ">",
        ">",
        ">",
        ">",
        ">",
        ">"
      ],
      "execution_error": "Exception in thread \"main\" java.util.NoSuchElementException\n\tat java.base/java.util.Scanner.throwFor(Scanner.java:945)\n\tat java.base/java.util.Scanner.next(Scanner.java:1602)\n\tat java.base/java.util.Scanner.nextLong(Scanner.java:2382)\n\tat java.base/java.util.Scanner.nextLong(Scanner.java:2337)\n\tat Main.solve(Main.java:24)\n\tat Main.main(Main.java:15)",
      "cerberus_output": "",
      "execution_result": "NoSuchElementException",
      "test_case_id": "8"
    },
    {
      "test_case": [
        "Test Case Input:\n3\n2\n2\n-3\n4"
      ],
      "test_mutations": [
        "Test Case Input:\n3\n2\n2\n-3\n4"
      ],
      "initial_code": "import java.io.BufferedReader;\nimport java.io.IOException;\nimport java.io.InputStreamReader;\nimport java.io.PrintWriter;\nimport java.net.CookieHandler;\nimport java.util.*;\npublic class Main {\n    static PrintWriter out = new PrintWriter(System.out);\n    static Scanner sc = new Scanner(System.in);\n    static BufferedReader reader = new BufferedReader(new InputStreamReader(System.in));\n    ArrayList<Long> positive, negative, minus_nega;\n    long zeros = 0, k = 0, n = 0;\n    public static void main(String[] args) throws IOException {\n        Main main = new Main();\n        main.solve();\n    }\n    void solve() throws IOException {\n        n = sc.nextInt();\n        k = sc.nextInt();\n        k = n*(n-1)/2+1-k; \n        positive = new ArrayList<>(); negative = new ArrayList<>(); minus_nega = new ArrayList<>();\n        long maxi = Long.MIN_VALUE;\n        for(int i=0;i<n;i++){\n            long a = sc.nextLong();\n            maxi = Math.max(maxi,a*a);\n            if(a>0) positive.add(a);\n            else if(a==0) zeros += 1;\n            else{\n                negative.add(a);\n                minus_nega.add(-a);\n            }\n        }\n        Collections.sort(positive);\n        Collections.sort(negative);\n        Collections.sort(minus_nega);\n        long lo = -maxi, hi = maxi+1;\n        while(hi-lo>1){\n            long mid = (hi+lo)/2;\n            if(legal(mid)) lo = mid;\n            else hi = mid;\n        }\n        System.out.println(lo);\n    }\n    boolean legal(long guess){\n        long ans = 0;\n        if(guess>0){\n            ans += helperPosList(positive,guess);\n            ans += helperPosList(minus_nega,guess);\n            if(ans>=k) return true;\n        }\n        if(guess<=0){\n            ans += zeros*(n-zeros);\n            ans += positive.size()*(positive.size()-1)/2;\n            ans += negative.size()*(negative.size()-1)/2;\n            if(ans>=k) return true;\n        }\n        if(guess < 0){\n            int lenPos = positive.size(), lenNeg = negative.size();\n            if(lenNeg*lenPos>0){\n                int right = 0;\n                for(int i=0;i<lenPos;i++){\n                    long cur = positive.get(i);\n                    while(right<lenNeg&&cur*negative.get(right)<guess) right++;\n                    ans += lenNeg-right;\n                }\n            }\n        }\n        return ans >= k;\n    }\n    long helperPosList(ArrayList<Long> pos, long lower){\n        int len = pos.size(), left=0;\n        long ans = 0;\n        if(len==0||pos.get(len-1)*pos.get(len-1)<lower) return 0;\n        for(int right=len-1;right>=0;right--){\n            long cur = pos.get(right);\n            while(left<len&&pos.get(left)*cur<lower) left++;\n            if(left!=len){\n                if(left<=right) ans += len-left-1;\n                else ans += len-left;\n            }\n        }\n        ans /= 2; \n        return ans;\n    }\n}",
      "covered_code": "To predict the code coverage for the given Java program and test case, we follow the outlined plan, step by step:\n\n1. **Import statements**: Always executed.\n   > import java.io.BufferedReader;\n   > import java.io.IOException;\n   > import java.io.InputStreamReader;\n   > import java.io.PrintWriter;\n   > import java.net.CookieHandler;\n   > import java.util.*;\n\n2. **Class Declaration**: Always executed.\n   > public class Main {\n\n3. **Static member declaration**: Always executed.\n   > static PrintWriter out = new PrintWriter(System.out);\n   > static Scanner sc = new Scanner(System.in);\n   > static BufferedReader reader = new BufferedReader(new InputStreamReader(System.in));\n\n4. **Main method**: Always executed.\n   > public static void main(String[] args) throws IOException {\n\n5. **Object creation and solve method call**: Always executed.\n   > Main main = new Main();\n   > main.solve();\n\n6. **solve method declaration and execution**: Always executed.\n   > void solve() throws IOException {\n\n7. **Initializing variables and reading inputs**: Always executed because they are directly in the flow without any condition.\n   > n = sc.nextInt();\n   > k = sc.nextInt();\n   > positive = new ArrayList<>();\n   > negative = new ArrayList<>();\n   > minus_nega = new ArrayList<>();\n   > long maxi = Long.MIN_VALUE;\n\n8. **Input loop for reading 'n' values**: Executed based on the number of inputs provided.\n   For each iteration, depending on the value of 'a', different branches of the if-else statement will be executed.\n   > for(int i=0;i<n;i++){\n\n9. **Conditions within the loop**: Depending on the input values, the if-else branches will have different coverage.\n   > if(a>0) positive.add(a);\n   > else if(a==0) zeros += 1;\n   > else{\n\n10. **Collections.sort**: Always executed after the loop, as lists are initialized and used regardless of their content.\n    > Collections.sort(positive);\n    > Collections.sort(negative);\n    > Collections.sort(minus_nega);\n\n11. **Binary search loop**: Always executed as it's part of the algorithm logic and doesn't depend on input values directly for its execution.\n    > while(hi-lo>1){\n\n12. **legal method call and conditions**: Execution depends on the values during the binary search. It's likely always executed due to the algorithm's search pattern, but branches inside depend on 'guess' values.\n    > if(legal(mid)) lo = mid;\n    > else hi = mid;\n\n13. **legal method declaration**: Always executed during calls from the binary search logic.\n    > boolean legal(long guess){\n\n14. **helperPosList calls and conditions**: Executed depending on the 'guess' values during iterations.\n    > ans += helperPosList(positive,guess);\n    > ans += helperPosList(minus_nega,guess);\n\n15. **helperPosList method declaration**: Always executed during calls from 'legal' method.\n    > long helperPosList(ArrayList<Long> pos, long lower){\n\nBased on the given test case input:\n- **Test Case Input**: `3 2 2 -3 4`\n- **Expected Path**: All the primary flow of the program will be executed. However, the specific branches taken inside the conditional statements will depend on the provided input values.\n\n**Code Coverage Prediction**:\n- All import statements, class and method declarations, static initializations, and primary algorithmic structures (`for`, `while`, `if-else`) will be executed.\n- Branch coverage will vary inside conditional statements and loops based on the input values and the dynamics of the algorithm (e.g., sorting, binary search adjustments).\n- Given the inputs do not directly cause any exceptions like `InputMismatchException` or `NumberFormatException`, all lines are expected to be executed except for specific branches in conditional statements that depend on the runtime evaluation of the inputs.\n\nTherefore, the coverage will be quite high, with specific branches within conditional statements being the variable factor based on the inputs and algorithmic computations.",
      "test_seed_coverage": [
        ">",
        ">",
        ">",
        ">",
        ">",
        ">",
        ">",
        ">",
        ">",
        ">",
        ">",
        ">",
        ">",
        ">",
        ">",
        ">",
        ">",
        ">",
        ">",
        ">",
        ">",
        ">",
        ">",
        ">",
        ">",
        ">",
        ">",
        ">",
        ">",
        ">",
        ">",
        ">",
        ">",
        ">",
        ">",
        ">",
        ">",
        ">",
        ">",
        ">",
        ">",
        ">",
        ">",
        ">",
        ">",
        ">",
        ">",
        ">",
        ">",
        ">",
        ">",
        ">",
        ">",
        ">",
        ">",
        ">",
        ">",
        ">",
        ">",
        ">",
        ">",
        ">",
        ">",
        ">",
        ">",
        ">",
        ">",
        ">",
        ">",
        ">",
        ">",
        ">",
        ">",
        ">",
        ">",
        ">",
        ">",
        ">",
        ">",
        ">",
        ">",
        ">",
        ">",
        ">",
        ">"
      ],
      "cumulative_coverage": [
        ">",
        ">",
        ">",
        ">",
        ">",
        ">",
        ">",
        ">",
        ">",
        ">",
        ">",
        ">",
        ">",
        ">",
        ">",
        ">",
        ">",
        ">",
        ">",
        ">",
        ">",
        ">",
        ">",
        ">",
        ">",
        ">",
        ">",
        ">",
        ">",
        ">",
        ">",
        ">",
        ">",
        ">",
        ">",
        ">",
        ">",
        ">",
        ">",
        ">",
        ">",
        ">",
        ">",
        ">",
        ">",
        ">",
        ">",
        ">",
        ">",
        ">",
        ">",
        ">",
        ">",
        ">",
        ">",
        ">",
        ">",
        ">",
        ">",
        ">",
        ">",
        ">",
        ">",
        ">",
        ">",
        ">",
        ">",
        ">",
        ">",
        ">",
        ">",
        ">",
        ">",
        ">",
        ">",
        ">",
        ">",
        ">",
        ">",
        ">",
        ">",
        ">",
        ">",
        ">",
        ">"
      ],
      "execution_output": "-6",
      "cerberus_output": "InputMismatchException, NumberFormatException",
      "execution_result": "",
      "test_case_id": "9"
    }
  ]
}