{
  "submission_id": "s158079687",
  "cycles": [
    {
      "test_case": [
        "Test Case Input:\n3\n1 2 3\n4 5 6"
      ],
      "test_mutations": [
        "Test Case Input:\n3\n1 2 3\n4 5 6"
      ],
      "initial_code": "import java.io.*;\nimport java.util.*;\npublic class Main {\n    public static class Task {\n        public void solve(Scanner sc, PrintWriter pw) throws IOException {\n            int n = sc.nextInt();\n            int[] A = new int[n];\n            int[] B = new int[n];\n            for (int i = 0; i < n; i++) {\n                A[i] = sc.nextInt();\n            }\n            for (int i = 0; i < n; i++) {\n                B[i] = sc.nextInt();\n            }\n            if (Arrays.equals(A, B)) {\n                pw.println(0);\n                return;\n            }\n            boolean[] eq = new boolean[n];\n            int eqCount = 0;\n            for (int i = 0; i < n; i++) {\n                eq[i] = A[i] == B[i];\n                eqCount += eq[i] ? 1 : 0;\n                if (A[i] > B[i]) {\n                    pw.println(-1);\n                    return;\n                }\n            }\n            PriorityQueue<int[]> bPQ = new PriorityQueue<>(new Comparator<int[]>() {\n                @Override\n                public int compare(int[] o1, int[] o2) {\n                    return -o1[0] + o2[0];\n                }\n            });\n            for (int i = 0; i < n; i++) {\n                bPQ.add(new int[]{B[i], i});\n            }\n            long steps = 0;\n            while (eqCount < n) {\n                int[] entry = bPQ.poll();\n                int index = entry[1];\n                int prevVal = B[(index + n - 1) % n];\n                int nextVal = B[(index + 1) % n];\n                int decreOnce = prevVal + nextVal;\n                int atMostDecre = (entry[0] - A[index]) / decreOnce;\n                if (atMostDecre <= 0) {\n                    pw.println(-1);\n                    return;\n                }\n                steps += atMostDecre;\n                int curVal = entry[0] - atMostDecre * decreOnce;\n                B[index] = curVal;\n                if (curVal == A[index]) {\n                    eqCount++;\n                }\n                bPQ.add(new int[]{curVal, index});\n            }\n            pw.println(steps);\n        }\n    }\n    static long TIME_START, TIME_END;\n    public static void main(String[] args) throws IOException {\n        Scanner sc = new Scanner(new FileInputStream(\"input\"));\n        PrintWriter pw = new PrintWriter(new BufferedOutputStream(System.out));\n        Runtime runtime = Runtime.getRuntime();\n        long usedMemoryBefore = runtime.totalMemory() - runtime.freeMemory();\n        TIME_START = System.currentTimeMillis();\n        Task t = new Task();\n        t.solve(sc, pw);\n        TIME_END = System.currentTimeMillis();\n        long usedMemoryAfter = runtime.totalMemory() - runtime.freeMemory();\n        pw.close();\n        System.err.println(\"Memory increased: \" + (usedMemoryAfter - usedMemoryBefore) / 1000000);\n        System.err.println(\"Time used: \" + (TIME_END - TIME_START) + \".\");\n    }\n    static class Scanner {\n        StringTokenizer st;\n        BufferedReader br;\n        public Scanner(InputStream s) {\n            br = new BufferedReader(new InputStreamReader(s));\n        }\n        public Scanner(FileReader s) throws FileNotFoundException {\n            br = new BufferedReader(s);\n        }\n        public String next() throws IOException {\n            while (st == null || !st.hasMoreTokens())\n                st = new StringTokenizer(br.readLine());\n            return st.nextToken();\n        }\n        public int nextInt() throws IOException {\n            return Integer.parseInt(next());\n        }\n        public long nextLong() throws IOException {\n            return Long.parseLong(next());\n        }\n        public String nextLine() throws IOException {\n            return br.readLine();\n        }\n        public double nextDouble() throws IOException {\n            return Double.parseDouble(next());\n        }\n        public boolean ready() throws IOException {\n            return br.ready();\n        }\n    }\n}",
      "covered_code": "Given the test case input and the Java program, let's break down the execution plan step by step and predict the code coverage accordingly.\n\n### Execution Plan\n\n1. **Import Statements**: Always executed. All import statements are covered.\n2. **Class Declaration**: Always executed. The declaration of the `Main` class is covered.\n3. **Task Class Declaration**: Always executed. The declaration of the `Task` class is covered.\n4. **Main Method Execution**: Always executed. The main method's statements are covered.\n5. **Scanner and PrintWriter Creation**: The creation of `Scanner` and `PrintWriter` objects are executed as part of the setup in the `main` method.\n6. **Memory and Time Tracking**: The statements tracking memory usage and time are executed.\n7. **Task.solve Method Invocation**: The `solve` method of the `Task` class is invoked from the `main` method.\n8. **Reading Input 'n' and Arrays 'A' and 'B'**: The reading of input 'n', and the population of arrays 'A' and 'B' from the input are executed.\n9. **Early Return Check**: The check for `Arrays.equals(A, B)` is executed. Given the test input, this condition is false, and the method continues execution.\n10. **Equality Array and Count Initialization**: The initialization and population of the `eq` boolean array and the calculation of `eqCount` are executed.\n11. **PriorityQueue Creation and Population**: The creation and population of the `PriorityQueue` `bPQ` are executed.\n12. **Main Loop for Steps Calculation**: The main while loop executing until `eqCount < n` is executed.\n    - In this particular test case, considering the input provided, this loop and all its internal logic are executed until the arrays A and B are made equal or it's determined that it's not possible.\n13. **Calculating Steps**: The steps calculation logic within the loop is executed. This includes the logic for decrementing values in array B and updating `eqCount`.\n14. **Final Output**: The output of the total number of steps is printed. Given the test input and the logic, this part of the code is executed.\n15. **Closing PrintWriter and Memory/Time Tracking Output**: The closing of the `PrintWriter` and the printing of memory and time usage information are executed at the end of the `main` method.\n\n### Code Coverage Prediction\n\n- **All import statements**: Covered (`>`)\n- **Main class and Task class declaration**: Covered (`>`)\n- **Main method and Task.solve method logic**: Covered (`>`)\n- **All Scanner and PrintWriter related statements**: Covered (`>`)\n- **Reading input 'n', and arrays 'A' and 'B'**: Covered (`>`)\n- **Checking if arrays A and B are equal initially**: Covered (`>`)\n- **Initialization and population of the `eq` array and `eqCount`**: Covered (`>`)\n- **PriorityQueue creation, comparison logic, and population**: Covered (`>`)\n- **Main loop and steps calculation logic**: Covered (`>`)\n- **PrintWriter closing and memory/time tracking output**: Covered (`>`)\n\nGiven the detailed execution plan and the nature of the test input, it appears that all parts of the provided code snippet are executed for the given test case, resulting in full code coverage according to the described plan.",
      "test_seed_coverage": [
        ">",
        ">",
        ">",
        ">",
        ">",
        ">",
        ">",
        ">",
        ">",
        ">",
        ">",
        ">",
        ">",
        ">",
        ">",
        ">",
        ">",
        ">",
        ">",
        ">",
        ">",
        ">",
        ">",
        ">",
        ">",
        ">",
        ">",
        ">",
        ">",
        ">",
        ">",
        ">",
        ">",
        ">",
        ">",
        ">",
        ">",
        ">",
        ">",
        ">",
        ">",
        ">",
        ">",
        ">",
        ">",
        ">",
        ">",
        ">",
        ">",
        ">",
        ">",
        ">",
        ">",
        ">",
        ">",
        ">",
        ">",
        ">",
        ">",
        ">",
        ">",
        ">",
        ">",
        ">",
        ">",
        ">",
        ">",
        ">",
        ">",
        ">",
        ">",
        ">",
        ">",
        ">",
        ">",
        ">",
        ">",
        ">",
        ">",
        ">",
        ">",
        ">",
        ">",
        ">",
        ">",
        ">",
        ">",
        ">",
        ">",
        ">",
        ">",
        ">",
        ">",
        ">",
        ">",
        ">",
        ">",
        ">",
        ">",
        ">",
        ">",
        ">",
        ">",
        ">",
        ">",
        ">"
      ],
      "cumulative_coverage": [
        ">",
        ">",
        ">",
        ">",
        ">",
        ">",
        ">",
        ">",
        ">",
        ">",
        ">",
        ">",
        ">",
        ">",
        ">",
        ">",
        ">",
        ">",
        ">",
        ">",
        ">",
        ">",
        ">",
        ">",
        ">",
        ">",
        ">",
        ">",
        ">",
        ">",
        ">",
        ">",
        ">",
        ">",
        ">",
        ">",
        ">",
        ">",
        ">",
        ">",
        ">",
        ">",
        ">",
        ">",
        ">",
        ">",
        ">",
        ">",
        ">",
        ">",
        ">",
        ">",
        ">",
        ">",
        ">",
        ">",
        ">",
        ">",
        ">",
        ">",
        ">",
        ">",
        ">",
        ">",
        ">",
        ">",
        ">",
        ">",
        ">",
        ">",
        ">",
        ">",
        ">",
        ">",
        ">",
        ">",
        ">",
        ">",
        ">",
        ">",
        ">",
        ">",
        ">",
        ">",
        ">",
        ">",
        ">",
        ">",
        ">",
        ">",
        ">",
        ">",
        ">",
        ">",
        ">",
        ">",
        ">",
        ">",
        ">",
        ">",
        ">",
        ">",
        ">",
        ">",
        ">",
        ">"
      ],
      "execution_error": "Exception in thread \"main\" java.io.FileNotFoundException: input (The system cannot find the file specified)\n\tat java.base/java.io.FileInputStream.open0(Native Method)\n\tat java.base/java.io.FileInputStream.open(FileInputStream.java:213)\n\tat java.base/java.io.FileInputStream.<init>(FileInputStream.java:152)\n\tat java.base/java.io.FileInputStream.<init>(FileInputStream.java:106)\n\tat Main.main(Main.java:63)",
      "cerberus_output": "",
      "execution_result": "FileNotFoundException",
      "test_case_id": "1"
    },
    {
      "test_case": [
        "Test Case Input:\n5\n1 2 3 4 5\n1 2 3 4 5"
      ],
      "test_mutations": [
        "Test Case Input:\n5\n1 2 3 4 5\n1 2 3 4 5"
      ],
      "initial_code": "import java.io.*;\nimport java.util.*;\npublic class Main {\n    public static class Task {\n        public void solve(Scanner sc, PrintWriter pw) throws IOException {\n            int n = sc.nextInt();\n            int[] A = new int[n];\n            int[] B = new int[n];\n            for (int i = 0; i < n; i++) {\n                A[i] = sc.nextInt();\n            }\n            for (int i = 0; i < n; i++) {\n                B[i] = sc.nextInt();\n            }\n            if (Arrays.equals(A, B)) {\n                pw.println(0);\n                return;\n            }\n            boolean[] eq = new boolean[n];\n            int eqCount = 0;\n            for (int i = 0; i < n; i++) {\n                eq[i] = A[i] == B[i];\n                eqCount += eq[i] ? 1 : 0;\n                if (A[i] > B[i]) {\n                    pw.println(-1);\n                    return;\n                }\n            }\n            PriorityQueue<int[]> bPQ = new PriorityQueue<>(new Comparator<int[]>() {\n                @Override\n                public int compare(int[] o1, int[] o2) {\n                    return -o1[0] + o2[0];\n                }\n            });\n            for (int i = 0; i < n; i++) {\n                bPQ.add(new int[]{B[i], i});\n            }\n            long steps = 0;\n            while (eqCount < n) {\n                int[] entry = bPQ.poll();\n                int index = entry[1];\n                int prevVal = B[(index + n - 1) % n];\n                int nextVal = B[(index + 1) % n];\n                int decreOnce = prevVal + nextVal;\n                int atMostDecre = (entry[0] - A[index]) / decreOnce;\n                if (atMostDecre <= 0) {\n                    pw.println(-1);\n                    return;\n                }\n                steps += atMostDecre;\n                int curVal = entry[0] - atMostDecre * decreOnce;\n                B[index] = curVal;\n                if (curVal == A[index]) {\n                    eqCount++;\n                }\n                bPQ.add(new int[]{curVal, index});\n            }\n            pw.println(steps);\n        }\n    }\n    static long TIME_START, TIME_END;\n    public static void main(String[] args) throws IOException {\n        Scanner sc = new Scanner(new FileInputStream(\"input\"));\n        PrintWriter pw = new PrintWriter(new BufferedOutputStream(System.out));\n        Runtime runtime = Runtime.getRuntime();\n        long usedMemoryBefore = runtime.totalMemory() - runtime.freeMemory();\n        TIME_START = System.currentTimeMillis();\n        Task t = new Task();\n        t.solve(sc, pw);\n        TIME_END = System.currentTimeMillis();\n        long usedMemoryAfter = runtime.totalMemory() - runtime.freeMemory();\n        pw.close();\n        System.err.println(\"Memory increased: \" + (usedMemoryAfter - usedMemoryBefore) / 1000000);\n        System.err.println(\"Time used: \" + (TIME_END - TIME_START) + \".\");\n    }\n    static class Scanner {\n        StringTokenizer st;\n        BufferedReader br;\n        public Scanner(InputStream s) {\n            br = new BufferedReader(new InputStreamReader(s));\n        }\n        public Scanner(FileReader s) throws FileNotFoundException {\n            br = new BufferedReader(s);\n        }\n        public String next() throws IOException {\n            while (st == null || !st.hasMoreTokens())\n                st = new StringTokenizer(br.readLine());\n            return st.nextToken();\n        }\n        public int nextInt() throws IOException {\n            return Integer.parseInt(next());\n        }\n        public long nextLong() throws IOException {\n            return Long.parseLong(next());\n        }\n        public String nextLine() throws IOException {\n            return br.readLine();\n        }\n        public double nextDouble() throws IOException {\n            return Double.parseDouble(next());\n        }\n        public boolean ready() throws IOException {\n            return br.ready();\n        }\n    }\n}",
      "covered_code": "To predict the code coverage for the given program and test case input, we will follow the plan outlined below. The test case input provided is: `5 1 2 3 4 5 1 2 3 4 5`.\n\n### Plan for Execution\n\n1. **Import Statements Execution**: The import statements are always executed as they are required for the compilation of the program. \n\n2. **Class and Method Declarations Execution**: Class `Main` and its inner classes and methods (`Task`, `solve`, and `Scanner`) are part of the program structure and are always considered executed in terms of declaration. \n\n3. **`main` Method Execution**: The main method is the entry point of the program and will be executed when the program runs.\n\n4. **Task Solving Execution**: The `solve` method of the `Task` class will be executed with the provided inputs.\n\n5. **User Inputs Handling**: The method `solve` reads inputs using the `Scanner` class. The inputs are `n`, followed by two arrays `A` and `B`, each of size `n`.\n\n6. **Logic and Conditions Execution**: The program then checks if arrays `A` and `B` are equal and performs operations based on conditions. Further logic involves comparisons, priority queue operations, and calculations to determine the steps required to make arrays equal or to determine it's not possible.\n\n7. **Output Handling**: Finally, the program prints the result (number of steps or -1) using `PrintWriter`.\n\n### Predicting Code Coverage\n\nFollowing is the predicted code coverage based on the provided plan and the logic flow for the given test case:\n\n```\n> import java.io.*;\n> import java.util.*;\n> public class Main {\n>     public static class Task {\n>         public void solve(Scanner sc, PrintWriter pw) throws IOException {\n>             int n = sc.nextInt(); // n = 5\n>             int[] A = new int[n];\n>             int[] B = new int[n];\n>             for (int i = 0; i < n; i++) {\n>                 A[i] = sc.nextInt(); // 1 2 3 4 5\n>             }\n>             for (int i = 0; i < n; i++) {\n>                 B[i] = sc.nextInt(); // 1 2 3 4 5\n>             }\n>             if (Arrays.equals(A, B)) {\n>                 pw.println(0);\n>                 return;\n>             }\n!             boolean[] eq = new boolean[n];\n!             int eqCount = 0;\n!             for (int i = 0; i < n; i++) {\n!                 eq[i] = A[i] == B[i];\n!                 eqCount += eq[i] ? 1 : 0;\n!                 if (A[i] > B[i]) {\n!                     pw.println(-1);\n!                     return;\n!                 }\n!             }\n!             PriorityQueue<int[]> bPQ = new PriorityQueue<>(new Comparator<int[]>() {\n!                 @Override\n!                 public int compare(int[] o1, int[] o2) {\n!                     return -o1[0] + o2[0];\n!                 }\n!             });\n!             for (int i = 0; i < n; i++) {\n!                 bPQ.add(new int[]{B[i], i});\n!             }\n!             long steps = 0;\n!             while (eqCount < n) {\n!                 int[] entry = bPQ.poll();\n!                 int index = entry[1];\n!                 int prevVal = B[(index + n - 1) % n];\n!                 int nextVal = B[(index + 1) % n];\n!                 int decreOnce = prevVal + nextVal;\n!                 int atMostDecre = (entry[0] - A[index]) / decreOnce;\n!                 if (atMostDecre <= 0) {\n!                     pw.println(-1);\n!                     return;\n!                 }\n!                 steps += atMostDecre;\n!                 int curVal = entry[0] - atMostDecre * decreOnce;\n!                 B[index] = curVal;\n!                 if (curVal == A[index]) {\n!                     eqCount++;\n!                 }\n!                 bPQ.add(new int[]{curVal, index});\n!             }\n>             pw.println(steps);\n>         }\n>     }\n>     static long TIME_START, TIME_END;\n>     public static void main(String[] args) throws IOException {\n>         Scanner sc = new Scanner(new FileInputStream(\"input\"));\n>         PrintWriter pw = new PrintWriter(new BufferedOutputStream(System.out));\n>         Runtime runtime = Runtime.getRuntime();\n>         long usedMemoryBefore = runtime.totalMemory() - runtime.freeMemory();\n>         TIME_START = System.currentTimeMillis();\n>         Task t = new Task();\n>         t.solve(sc, pw);\n>         TIME_END = System.currentTimeMillis();\n>         long usedMemoryAfter = runtime.totalMemory() - runtime.freeMemory();\n>         pw.close();\n>         System.err.println(\"Memory increased: \" + (usedMemoryAfter - usedMemoryBefore) / 1000000);\n>         System.err.println(\"Time used: \" + (TIME_END - TIME_START) + \".\");\n>     }\n>     static class Scanner {\n>         StringTokenizer st;\n>         BufferedReader br;\n>         public Scanner(InputStream s) {\n>             br = new BufferedReader(new InputStreamReader(s));\n>         }\n>         public Scanner(FileReader s) throws FileNotFoundException {\n>             br = new BufferedReader(s);\n>         }\n>         public String next() throws IOException {\n>             while (st == null or !st.hasMoreTokens())\n>                 st = new StringTokenizer(br.readLine());\n>             return st.nextToken();\n>         }\n>         public int nextInt() throws IOException {\n>             return Integer.parseInt(next());\n>         }\n>         public long nextLong() throws IOException {\n>             return Long.parseLong(next());\n>         }\n>         public String nextLine() throws IOException {\n>             return br.readLine();\n>         }\n>         public double nextDouble() throws IOException {\n>             return Double.parseDouble(next());\n>         }\n>         public boolean ready() throws IOException {\n>             return br.ready();\n>         }\n>     }\n> }\n```\n\n- The `if` condition checking if arrays `A` and `B` are equal will be executed and return 0, thus, skipping the subsequent logic as arrays are equal for the given test case.\n- The rest of the logic involved in adjusting array `B` to match array `A` through a series of steps is not executed (`!` indicates not executed code paths).\n- This results in a significant portion of the code being marked as not executed due to the early return when arrays are found to be equal.",
      "test_seed_coverage": [
        ">",
        ">",
        ">",
        ">",
        ">",
        ">",
        ">",
        ">",
        ">",
        ">",
        ">",
        ">",
        ">",
        ">",
        ">",
        ">",
        ">",
        ">",
        ">",
        ">",
        ">",
        ">",
        ">",
        ">",
        ">",
        ">",
        ">",
        ">",
        ">",
        ">",
        ">",
        ">",
        ">",
        ">",
        ">",
        ">",
        ">",
        ">",
        ">",
        ">",
        ">",
        ">",
        ">",
        ">",
        ">",
        ">",
        ">",
        ">",
        ">",
        ">",
        ">",
        ">",
        ">",
        ">",
        ">",
        ">",
        ">",
        ">",
        ">",
        ">",
        ">",
        ">",
        ">",
        ">",
        ">",
        ">",
        ">",
        ">",
        ">",
        ">",
        ">",
        ">",
        ">",
        ">",
        ">",
        ">",
        ">",
        ">",
        ">",
        ">",
        ">",
        ">",
        ">",
        ">",
        ">",
        ">",
        ">",
        ">",
        ">",
        ">",
        ">",
        ">",
        ">",
        ">",
        ">",
        ">",
        ">",
        ">",
        ">",
        ">",
        ">",
        ">",
        ">",
        ">",
        ">",
        ">"
      ],
      "cumulative_coverage": [
        ">",
        ">",
        ">",
        ">",
        ">",
        ">",
        ">",
        ">",
        ">",
        ">",
        ">",
        ">",
        ">",
        ">",
        ">",
        ">",
        ">",
        ">",
        ">",
        ">",
        ">",
        ">",
        ">",
        ">",
        ">",
        ">",
        ">",
        ">",
        ">",
        ">",
        ">",
        ">",
        ">",
        ">",
        ">",
        ">",
        ">",
        ">",
        ">",
        ">",
        ">",
        ">",
        ">",
        ">",
        ">",
        ">",
        ">",
        ">",
        ">",
        ">",
        ">",
        ">",
        ">",
        ">",
        ">",
        ">",
        ">",
        ">",
        ">",
        ">",
        ">",
        ">",
        ">",
        ">",
        ">",
        ">",
        ">",
        ">",
        ">",
        ">",
        ">",
        ">",
        ">",
        ">",
        ">",
        ">",
        ">",
        ">",
        ">",
        ">",
        ">",
        ">",
        ">",
        ">",
        ">",
        ">",
        ">",
        ">",
        ">",
        ">",
        ">",
        ">",
        ">",
        ">",
        ">",
        ">",
        ">",
        ">",
        ">",
        ">",
        ">",
        ">",
        ">",
        ">",
        ">",
        ">"
      ],
      "execution_error": "Exception in thread \"main\" java.io.FileNotFoundException: input (The system cannot find the file specified)\n\tat java.base/java.io.FileInputStream.open0(Native Method)\n\tat java.base/java.io.FileInputStream.open(FileInputStream.java:213)\n\tat java.base/java.io.FileInputStream.<init>(FileInputStream.java:152)\n\tat java.base/java.io.FileInputStream.<init>(FileInputStream.java:106)\n\tat Main.main(Main.java:63)",
      "cerberus_output": "FileNotFoundException",
      "execution_result": "FileNotFoundException",
      "test_case_id": "2"
    },
    {
      "test_case": [
        "Test Case Input:\n5\n1 2 3 4 5\n6 7 8 9 10"
      ],
      "test_mutations": [
        "Test Case Input:\n5\n1 2 3 4 5\n6 7 8 9 10"
      ],
      "initial_code": "import java.io.*;\nimport java.util.*;\npublic class Main {\n    public static class Task {\n        public void solve(Scanner sc, PrintWriter pw) throws IOException {\n            int n = sc.nextInt();\n            int[] A = new int[n];\n            int[] B = new int[n];\n            for (int i = 0; i < n; i++) {\n                A[i] = sc.nextInt();\n            }\n            for (int i = 0; i < n; i++) {\n                B[i] = sc.nextInt();\n            }\n            if (Arrays.equals(A, B)) {\n                pw.println(0);\n                return;\n            }\n            boolean[] eq = new boolean[n];\n            int eqCount = 0;\n            for (int i = 0; i < n; i++) {\n                eq[i] = A[i] == B[i];\n                eqCount += eq[i] ? 1 : 0;\n                if (A[i] > B[i]) {\n                    pw.println(-1);\n                    return;\n                }\n            }\n            PriorityQueue<int[]> bPQ = new PriorityQueue<>(new Comparator<int[]>() {\n                @Override\n                public int compare(int[] o1, int[] o2) {\n                    return -o1[0] + o2[0];\n                }\n            });\n            for (int i = 0; i < n; i++) {\n                bPQ.add(new int[]{B[i], i});\n            }\n            long steps = 0;\n            while (eqCount < n) {\n                int[] entry = bPQ.poll();\n                int index = entry[1];\n                int prevVal = B[(index + n - 1) % n];\n                int nextVal = B[(index + 1) % n];\n                int decreOnce = prevVal + nextVal;\n                int atMostDecre = (entry[0] - A[index]) / decreOnce;\n                if (atMostDecre <= 0) {\n                    pw.println(-1);\n                    return;\n                }\n                steps += atMostDecre;\n                int curVal = entry[0] - atMostDecre * decreOnce;\n                B[index] = curVal;\n                if (curVal == A[index]) {\n                    eqCount++;\n                }\n                bPQ.add(new int[]{curVal, index});\n            }\n            pw.println(steps);\n        }\n    }\n    static long TIME_START, TIME_END;\n    public static void main(String[] args) throws IOException {\n        Scanner sc = new Scanner(new FileInputStream(\"input\"));\n        PrintWriter pw = new PrintWriter(new BufferedOutputStream(System.out));\n        Runtime runtime = Runtime.getRuntime();\n        long usedMemoryBefore = runtime.totalMemory() - runtime.freeMemory();\n        TIME_START = System.currentTimeMillis();\n        Task t = new Task();\n        t.solve(sc, pw);\n        TIME_END = System.currentTimeMillis();\n        long usedMemoryAfter = runtime.totalMemory() - runtime.freeMemory();\n        pw.close();\n        System.err.println(\"Memory increased: \" + (usedMemoryAfter - usedMemoryBefore) / 1000000);\n        System.err.println(\"Time used: \" + (TIME_END - TIME_START) + \".\");\n    }\n    static class Scanner {\n        StringTokenizer st;\n        BufferedReader br;\n        public Scanner(InputStream s) {\n            br = new BufferedReader(new InputStreamReader(s));\n        }\n        public Scanner(FileReader s) throws FileNotFoundException {\n            br = new BufferedReader(s);\n        }\n        public String next() throws IOException {\n            while (st == null || !st.hasMoreTokens())\n                st = new StringTokenizer(br.readLine());\n            return st.nextToken();\n        }\n        public int nextInt() throws IOException {\n            return Integer.parseInt(next());\n        }\n        public long nextLong() throws IOException {\n            return Long.parseLong(next());\n        }\n        public String nextLine() throws IOException {\n            return br.readLine();\n        }\n        public double nextDouble() throws IOException {\n            return Double.parseDouble(next());\n        }\n        public boolean ready() throws IOException {\n            return br.ready();\n        }\n    }\n}",
      "covered_code": "To predict the code coverage for the given Java program with the specified test case input, follow these steps based on the execution flow:\n\n1. **Import Statements**: Since import statements are required for compiling, they're considered executed.\n\n2. **Class Declaration**: Both `Main` and `Task` classes are declared and thus considered as covered.\n\n3. **Main Method Execution**: The `main` method is the entry point of the program, so it is executed.\n\n4. **Task.solve Method Execution**: The `solve` method of the `Task` class is called from the `main` method.\n\n5. **Reading Input and Populating Arrays**: The input is read and stored in arrays `A` and `B`.\n\n6. **Arrays.equals Condition**: The program checks if arrays `A` and `B` are equal. Given the test case, they are not, so the code inside this `if` block is not executed.\n\n7. **Initialization and Calculation of `eq` and `eqCount`**: The boolean array `eq` and the integer `eqCount` are initialized and updated based on the comparison of elements in `A` and `B`.\n\n8. **PriorityQueue Usage**: A `PriorityQueue` is created and used to store elements of array `B` along with their indices.\n\n9. **While Loop for Steps Calculation**: The while loop runs as long as `eqCount` is less than `n`, performing calculations to find the number of steps.\n\n10. **PrintWriter Usage**: Outputs are printed using `pw.println()` inside the `solve` method.\n\n11. **Closing PrintWriter**: The `PrintWriter` object `pw` is closed in the `main` method.\n\nBased on the test case and the steps outlined above, let's predict the code coverage:\n\n```plaintext\n> import java.io.*;\n> import java.util.*;\n> public class Main {\n>     public static class Task {\n>         public void solve(Scanner sc, PrintWriter pw) throws IOException {\n>             int n = sc.nextInt();\n>             int[] A = new int[n];\n>             int[] B = new int[n];\n>             for (int i = 0; i < n; i++) {\n>                 A[i] = sc.nextInt();\n>             }\n>             for (int i = 0; i < n; i++) {\n>                 B[i] = sc.nextInt();\n>             }\n!             if (Arrays.equals(A, B)) {\n!                 pw.println(0);\n!                 return;\n>             }\n>             boolean[] eq = new boolean[n];\n>             int eqCount = 0;\n>             for (int i = 0; i < n; i++) {\n>                 eq[i] = A[i] == B[i];\n>                 eqCount += eq[i] ? 1 : 0;\n>                 if (A[i] > B[i]) {\n>                     pw.println(-1);\n>                     return;\n>                 }\n>             }\n>             PriorityQueue<int[]> bPQ = new PriorityQueue<>(new Comparator<int[]>() {\n>                 @Override\n>                 public int compare(int[] o1, int[] o2) {\n>                     return -o1[0] + o2[0];\n>                 }\n>             });\n>             for (int i = 0; i < n; i++) {\n>                 bPQ.add(new int[]{B[i], i});\n>             }\n>             long steps = 0;\n>             while (eqCount < n) {\n>                 int[] entry = bPQ.poll();\n>                 int index = entry[1];\n>                 int prevVal = B[(index + n - 1) % n];\n>                 int nextVal = B[(index + 1) % n];\n>                 int decreOnce = prevVal + nextVal;\n>                 int atMostDecre = (entry[0] - A[index]) / decreOnce;\n>                 if (atMostDecre <= 0) {\n>                     pw.println(-1);\n>                     return;\n>                 }\n>                 steps += atMostDecre;\n>                 int curVal = entry[0] - atMostDecre * decreOnce;\n>                 B[index] = curVal;\n>                 if (curVal == A[index]) {\n>                     eqCount++;\n>                 }\n>                 bPQ.add(new int[]{curVal, index});\n>             }\n>             pw.println(steps);\n>         }\n>     }\n>     static long TIME_START, TIME_END;\n>     public static void main(String[] args) throws IOException {\n>         Scanner sc = new Scanner(new FileInputStream(\"input\"));\n>         PrintWriter pw = new PrintWriter(new BufferedOutputStream(System.out));\n>         Runtime runtime = Runtime.getRuntime();\n>         long usedMemoryBefore = runtime.totalMemory() - runtime.freeMemory();\n>         TIME_START = System.currentTimeMillis();\n>         Task t = new Task();\n>         t.solve(sc, pw);\n>         TIME_END = System.currentTimeMillis();\n>         long usedMemoryAfter = runtime.totalMemory() - runtime.freeMemory();\n>         pw.close();\n>         System.err.println(\"Memory increased: \" + (usedMemoryAfter - usedMemoryBefore) / 1000000);\n>         System.err.println(\"Time used: \" + (TIME_END - TIME_START) + \".\");\n>     }\n>     static class Scanner {\n>         StringTokenizer st;\n>         BufferedReader br;\n>         public Scanner(InputStream s) {\n>             br = new BufferedReader(new InputStreamReader(s));\n>         }\n>         public Scanner(FileReader s) throws FileNotFoundException {\n>             br = new BufferedReader(s);\n>         }\n>         public String next() throws IOException {\n>             while (st == null || !st.hasMoreTokens())\n>                 st = new StringTokenizer(br.readLine());\n>             return st.nextToken();\n>         }\n>         public int nextInt() throws IOException {\n>             return Integer.parseInt(next());\n>         }\n>         public long nextLong() throws IOException {\n>             return Long.parseLong(next());\n>         }\n>         public String nextLine() throws IOException {\n>             return br.readLine();\n>         }\n>         public double nextDouble() throws IOException {\n>             return Double.parseDouble(next());\n>         }\n>         public boolean ready() throws IOException {\n>             return br.ready();\n>         }\n>     }\n> }\n```\n\n**Note**: Statements within the `if` block that checks if `Arrays.equals(A, B)` returns true are marked as not executed (`!`) because, based on the given test case, `A` and `B` are not equal, so this block is skipped.",
      "test_seed_coverage": [
        ">",
        ">",
        ">",
        ">",
        ">",
        ">",
        ">",
        ">",
        ">",
        ">",
        ">",
        ">",
        ">",
        ">",
        ">",
        ">",
        ">",
        ">",
        ">",
        ">",
        ">",
        ">",
        ">",
        ">",
        ">",
        ">",
        ">",
        ">",
        ">",
        ">",
        ">",
        ">",
        ">",
        ">",
        ">",
        ">",
        ">",
        ">",
        ">",
        ">",
        ">",
        ">",
        ">",
        ">",
        ">",
        ">",
        ">",
        ">",
        ">",
        ">",
        ">",
        ">",
        ">",
        ">",
        ">",
        ">",
        ">",
        ">",
        ">",
        ">",
        ">",
        ">",
        ">",
        ">",
        ">",
        ">",
        ">",
        ">",
        ">",
        ">",
        ">",
        ">",
        ">",
        ">",
        ">",
        ">",
        ">",
        ">",
        ">",
        ">",
        ">",
        ">",
        ">",
        ">",
        ">",
        ">",
        ">",
        ">",
        ">",
        ">",
        ">",
        ">",
        ">",
        ">",
        ">",
        ">",
        ">",
        ">",
        ">",
        ">",
        ">",
        ">",
        ">",
        ">",
        ">",
        ">"
      ],
      "cumulative_coverage": [
        ">",
        ">",
        ">",
        ">",
        ">",
        ">",
        ">",
        ">",
        ">",
        ">",
        ">",
        ">",
        ">",
        ">",
        ">",
        ">",
        ">",
        ">",
        ">",
        ">",
        ">",
        ">",
        ">",
        ">",
        ">",
        ">",
        ">",
        ">",
        ">",
        ">",
        ">",
        ">",
        ">",
        ">",
        ">",
        ">",
        ">",
        ">",
        ">",
        ">",
        ">",
        ">",
        ">",
        ">",
        ">",
        ">",
        ">",
        ">",
        ">",
        ">",
        ">",
        ">",
        ">",
        ">",
        ">",
        ">",
        ">",
        ">",
        ">",
        ">",
        ">",
        ">",
        ">",
        ">",
        ">",
        ">",
        ">",
        ">",
        ">",
        ">",
        ">",
        ">",
        ">",
        ">",
        ">",
        ">",
        ">",
        ">",
        ">",
        ">",
        ">",
        ">",
        ">",
        ">",
        ">",
        ">",
        ">",
        ">",
        ">",
        ">",
        ">",
        ">",
        ">",
        ">",
        ">",
        ">",
        ">",
        ">",
        ">",
        ">",
        ">",
        ">",
        ">",
        ">",
        ">",
        ">"
      ],
      "execution_error": "Exception in thread \"main\" java.io.FileNotFoundException: input (The system cannot find the file specified)\n\tat java.base/java.io.FileInputStream.open0(Native Method)\n\tat java.base/java.io.FileInputStream.open(FileInputStream.java:213)\n\tat java.base/java.io.FileInputStream.<init>(FileInputStream.java:152)\n\tat java.base/java.io.FileInputStream.<init>(FileInputStream.java:106)\n\tat Main.main(Main.java:63)",
      "cerberus_output": "FileNotFoundException",
      "execution_result": "FileNotFoundException",
      "test_case_id": "3"
    },
    {
      "test_case": [
        "Test Case Input:\n5\n1 2 3 4 5\n6 7 8 9 10"
      ],
      "test_mutations": [
        "Test Case Input:\n5\n1 2 3 4 5\n6 7 8 9 10"
      ],
      "initial_code": "import java.io.*;\nimport java.util.*;\npublic class Main {\n    public static class Task {\n        public void solve(Scanner sc, PrintWriter pw) throws IOException {\n            int n = sc.nextInt();\n            int[] A = new int[n];\n            int[] B = new int[n];\n            for (int i = 0; i < n; i++) {\n                A[i] = sc.nextInt();\n            }\n            for (int i = 0; i < n; i++) {\n                B[i] = sc.nextInt();\n            }\n            if (Arrays.equals(A, B)) {\n                pw.println(0);\n                return;\n            }\n            boolean[] eq = new boolean[n];\n            int eqCount = 0;\n            for (int i = 0; i < n; i++) {\n                eq[i] = A[i] == B[i];\n                eqCount += eq[i] ? 1 : 0;\n                if (A[i] > B[i]) {\n                    pw.println(-1);\n                    return;\n                }\n            }\n            PriorityQueue<int[]> bPQ = new PriorityQueue<>(new Comparator<int[]>() {\n                @Override\n                public int compare(int[] o1, int[] o2) {\n                    return -o1[0] + o2[0];\n                }\n            });\n            for (int i = 0; i < n; i++) {\n                bPQ.add(new int[]{B[i], i});\n            }\n            long steps = 0;\n            while (eqCount < n) {\n                int[] entry = bPQ.poll();\n                int index = entry[1];\n                int prevVal = B[(index + n - 1) % n];\n                int nextVal = B[(index + 1) % n];\n                int decreOnce = prevVal + nextVal;\n                int atMostDecre = (entry[0] - A[index]) / decreOnce;\n                if (atMostDecre <= 0) {\n                    pw.println(-1);\n                    return;\n                }\n                steps += atMostDecre;\n                int curVal = entry[0] - atMostDecre * decreOnce;\n                B[index] = curVal;\n                if (curVal == A[index]) {\n                    eqCount++;\n                }\n                bPQ.add(new int[]{curVal, index});\n            }\n            pw.println(steps);\n        }\n    }\n    static long TIME_START, TIME_END;\n    public static void main(String[] args) throws IOException {\n        Scanner sc = new Scanner(new FileInputStream(\"input\"));\n        PrintWriter pw = new PrintWriter(new BufferedOutputStream(System.out));\n        Runtime runtime = Runtime.getRuntime();\n        long usedMemoryBefore = runtime.totalMemory() - runtime.freeMemory();\n        TIME_START = System.currentTimeMillis();\n        Task t = new Task();\n        t.solve(sc, pw);\n        TIME_END = System.currentTimeMillis();\n        long usedMemoryAfter = runtime.totalMemory() - runtime.freeMemory();\n        pw.close();\n        System.err.println(\"Memory increased: \" + (usedMemoryAfter - usedMemoryBefore) / 1000000);\n        System.err.println(\"Time used: \" + (TIME_END - TIME_START) + \".\");\n    }\n    static class Scanner {\n        StringTokenizer st;\n        BufferedReader br;\n        public Scanner(InputStream s) {\n            br = new BufferedReader(new InputStreamReader(s));\n        }\n        public Scanner(FileReader s) throws FileNotFoundException {\n            br = new BufferedReader(s);\n        }\n        public String next() throws IOException {\n            while (st == null || !st.hasMoreTokens())\n                st = new StringTokenizer(br.readLine());\n            return st.nextToken();\n        }\n        public int nextInt() throws IOException {\n            return Integer.parseInt(next());\n        }\n        public long nextLong() throws IOException {\n            return Long.parseLong(next());\n        }\n        public String nextLine() throws IOException {\n            return br.readLine();\n        }\n        public double nextDouble() throws IOException {\n            return Double.parseDouble(next());\n        }\n        public boolean ready() throws IOException {\n            return br.ready();\n        }\n    }\n}",
      "covered_code": "Given the complexity of the provided Java program, the coverage analysis plan involves tracking the execution path through the program based on the test case input. Here is a step-by-step plan to predict the code coverage:\n\n### Plan for Code Coverage Analysis\n\n1. **Import Statements and Class Declarations:** Always executed.\n2. **Main Method Execution:** It initializes objects and variables, including `Scanner` for input and `PrintWriter` for output, and creates a `Task` object to execute the `solve` method.\n3. **Task.solve Method Execution:** Based on the test case, this method will be fully executed. The execution path will depend on the logic and conditions within this method.\n4. **Reading Inputs:** Inputs `n`, `A[]`, and `B[]` arrays are read from the `Scanner` object. This part of the code will be executed.\n5. **Comparison of Arrays A and B:** The `Arrays.equals(A, B)` check will determine if an early termination occurs or not. For the test input, this will not cause an early termination because the arrays are not equal.\n6. **Initialization of `eq` array and `eqCount`:** This segment is always executed, setting up for the main logic of the method.\n7. **Main Logic Execution:** The loop and logic to calculate steps for making arrays `A` and `B` equal, including handling of the `PriorityQueue`, will be executed. The exact path depends on the comparison between `A[i]` and `B[i]`, and other conditions within the loop.\n8. **Output:** The `PrintWriter.println` method will be called to output the result, which might be `0`, `-1`, or the number of steps calculated.\n9. **Closing Resources:** The `PrintWriter` is closed at the end of the `main` method.\n\n### Code Coverage Prediction\n\nBased on the above plan and the specific test case input:\n\n- **Import Statements and Class Declarations:** Always executed.\n- **Main Method and Task.solve Method:** Fully executed.\n- **Reading Inputs:** Executed for reading `n`, `A[]`, and `B[]`.\n- **Arrays.equals Check:** Executed but does not lead to early return.\n- **Initialization of `eq` and `eqCount`:** Executed.\n- **Main Logic for Calculating Steps:** Fully executed as the logic proceeds to adjust `B[]` to match `A[]`.\n- **Output:** The steps calculated will be output, indicating this part is executed.\n- **Closing Resources:** Executed at the end.\n\n```\n> import java.io.*;\n> import java.util.*;\n> public class Main {\n>     public static class Task {\n>         public void solve(Scanner sc, PrintWriter pw) throws IOException {\n>             int n = sc.nextInt();\n>             int[] A = new int[n];\n>             int[] B = new int[n];\n>             for (int i = 0; i < n; i++) {\n>                 A[i] = sc.nextInt();\n>             }\n>             for (int i = 0; i < n; i++) {\n>                 B[i] = sc.nextInt();\n>             }\n>             if (Arrays.equals(A, B)) {\n!                 pw.println(0);\n!                 return;\n>             }\n>             boolean[] eq = new boolean[n];\n>             int eqCount = 0;\n>             for (int i = 0; i < n; i++) {\n>                 eq[i] = A[i] == B[i];\n>                 eqCount += eq[i] ? 1 : 0;\n>                 if (A[i] > B[i]) {\n!                     pw.println(-1);\n!                     return;\n>                 }\n>             }\n>             PriorityQueue<int[]> bPQ = new PriorityQueue<>(new Comparator<int[]>() {\n>                 @Override\n>                 public int compare(int[] o1, int[] o2) {\n>                     return -o1[0] + o2[0];\n>                 }\n>             });\n>             for (int i = 0; i < n; i++) {\n>                 bPQ.add(new int[]{B[i], i});\n>             }\n>             long steps = 0;\n>             while (eqCount < n) {\n>                 int[] entry = bPQ.poll();\n>                 int index = entry[1];\n>                 int prevVal = B[(index + n - 1) % n];\n>                 int nextVal = B[(index + 1) % n];\n>                 int decreOnce = prevVal + nextVal;\n>                 int atMostDecre = (entry[0] - A[index]) / decreOnce;\n>                 if (atMostDecre <= 0) {\n!                     pw.println(-1);\n!                     return;\n>                 }\n>                 steps += atMostDecre;\n>                 int curVal = entry[0] - atMostDecre * decreOnce;\n>                 B[index] = curVal;\n>                 if (curVal == A[index]) {\n>                     eqCount++;\n>                 }\n>                 bPQ.add(new int[]{curVal, index});\n>             }\n>             pw.println(steps);\n>         }\n>     }\n>     static long TIME_START, TIME_END;\n>     public static void main(String[] args) throws IOException {\n>         Scanner sc = new Scanner(new FileInputStream(\"input\"));\n>         PrintWriter pw = new PrintWriter(new BufferedOutputStream(System.out));\n>         Runtime runtime = Runtime.getRuntime();\n>         long usedMemoryBefore = runtime.totalMemory() - runtime.freeMemory();\n>         TIME_START = System.currentTimeMillis();\n>         Task t = new Task();\n>         t.solve(sc, pw);\n>         TIME_END = System.currentTimeMillis();\n>         long usedMemoryAfter = runtime.totalMemory() - runtime.freeMemory();\n>         pw.close();\n>         System.err.println(\"Memory increased: \" + (usedMemoryAfter - usedMemoryBefore) / 1000000);\n>         System.err.println(\"Time used: \" + (TIME_END - TIME_START) + \".\");\n>     }\n>     static class Scanner {\n>         StringTokenizer st;\n>         BufferedReader br;\n>         public Scanner(InputStream s) {\n>             br = new BufferedReader(new InputStreamReader(s));\n>         }\n>         public Scanner(FileReader s) throws FileNotFoundException {\n>             br = new BufferedReader(s);\n>         }\n>         public String next() throws IOException {\n>             while (st == null || !st.hasMoreTokens())\n>                 st = new StringTokenizer(br.readLine());\n>             return st.nextToken();\n>         }\n>         public int nextInt() throws IOException {\n>             return Integer.parseInt(next());\n>         }\n>         public long nextLong() throws IOException {\n>             return Long.parseLong(next());\n>         }\n>         public String nextLine() throws IOException {\n>             return br.readLine();\n>         }\n>         public double nextDouble() throws IOException {\n>             return Double.parseDouble(next());\n>         }\n>         public boolean ready() throws IOException {\n>             return br.ready();\n>         }\n>     }\n> }\n```\n\n**Note:** This prediction assumes the inputs lead to a scenario where the program does not exit prematurely and proceeds through the main logic to calculate and print the number of steps. The `!` marks are placed where code would not execute based on different inputs or conditions not met with the given test case.",
      "test_seed_coverage": [
        ">",
        ">",
        ">",
        ">",
        ">",
        ">",
        ">",
        ">",
        ">",
        ">",
        ">",
        ">",
        ">",
        ">",
        ">",
        ">",
        ">",
        ">",
        ">",
        ">",
        ">",
        ">",
        ">",
        ">",
        ">",
        ">",
        ">",
        ">",
        ">",
        ">",
        ">",
        ">",
        ">",
        ">",
        ">",
        ">",
        ">",
        ">",
        ">",
        ">",
        ">",
        ">",
        ">",
        ">",
        ">",
        ">",
        ">",
        ">",
        ">",
        ">",
        ">",
        ">",
        ">",
        ">",
        ">",
        ">",
        ">",
        ">",
        ">",
        ">",
        ">",
        ">",
        ">",
        ">",
        ">",
        ">",
        ">",
        ">",
        ">",
        ">",
        ">",
        ">",
        ">",
        ">",
        ">",
        ">",
        ">",
        ">",
        ">",
        ">",
        ">",
        ">",
        ">",
        ">",
        ">",
        ">",
        ">",
        ">",
        ">",
        ">",
        ">",
        ">",
        ">",
        ">",
        ">",
        ">",
        ">",
        ">",
        ">",
        ">",
        ">",
        ">",
        ">",
        ">",
        ">",
        ">"
      ],
      "cumulative_coverage": [
        ">",
        ">",
        ">",
        ">",
        ">",
        ">",
        ">",
        ">",
        ">",
        ">",
        ">",
        ">",
        ">",
        ">",
        ">",
        ">",
        ">",
        ">",
        ">",
        ">",
        ">",
        ">",
        ">",
        ">",
        ">",
        ">",
        ">",
        ">",
        ">",
        ">",
        ">",
        ">",
        ">",
        ">",
        ">",
        ">",
        ">",
        ">",
        ">",
        ">",
        ">",
        ">",
        ">",
        ">",
        ">",
        ">",
        ">",
        ">",
        ">",
        ">",
        ">",
        ">",
        ">",
        ">",
        ">",
        ">",
        ">",
        ">",
        ">",
        ">",
        ">",
        ">",
        ">",
        ">",
        ">",
        ">",
        ">",
        ">",
        ">",
        ">",
        ">",
        ">",
        ">",
        ">",
        ">",
        ">",
        ">",
        ">",
        ">",
        ">",
        ">",
        ">",
        ">",
        ">",
        ">",
        ">",
        ">",
        ">",
        ">",
        ">",
        ">",
        ">",
        ">",
        ">",
        ">",
        ">",
        ">",
        ">",
        ">",
        ">",
        ">",
        ">",
        ">",
        ">",
        ">",
        ">"
      ],
      "execution_error": "Exception in thread \"main\" java.io.FileNotFoundException: input (The system cannot find the file specified)\n\tat java.base/java.io.FileInputStream.open0(Native Method)\n\tat java.base/java.io.FileInputStream.open(FileInputStream.java:213)\n\tat java.base/java.io.FileInputStream.<init>(FileInputStream.java:152)\n\tat java.base/java.io.FileInputStream.<init>(FileInputStream.java:106)\n\tat Main.main(Main.java:63)",
      "cerberus_output": "FileNotFoundException",
      "execution_result": "FileNotFoundException",
      "test_case_id": "4"
    },
    {
      "test_case": [
        "Test Case Input:\n5\n1\n2\n3\n4\n5\n1\n2\n3\n4\n5"
      ],
      "test_mutations": [
        "Test Case Input:\n5\n1\n2\n3\n4\n5\n1\n2\n3\n4\n5"
      ],
      "initial_code": "import java.io.*;\nimport java.util.*;\npublic class Main {\n    public static class Task {\n        public void solve(Scanner sc, PrintWriter pw) throws IOException {\n            int n = sc.nextInt();\n            int[] A = new int[n];\n            int[] B = new int[n];\n            for (int i = 0; i < n; i++) {\n                A[i] = sc.nextInt();\n            }\n            for (int i = 0; i < n; i++) {\n                B[i] = sc.nextInt();\n            }\n            if (Arrays.equals(A, B)) {\n                pw.println(0);\n                return;\n            }\n            boolean[] eq = new boolean[n];\n            int eqCount = 0;\n            for (int i = 0; i < n; i++) {\n                eq[i] = A[i] == B[i];\n                eqCount += eq[i] ? 1 : 0;\n                if (A[i] > B[i]) {\n                    pw.println(-1);\n                    return;\n                }\n            }\n            PriorityQueue<int[]> bPQ = new PriorityQueue<>(new Comparator<int[]>() {\n                @Override\n                public int compare(int[] o1, int[] o2) {\n                    return -o1[0] + o2[0];\n                }\n            });\n            for (int i = 0; i < n; i++) {\n                bPQ.add(new int[]{B[i], i});\n            }\n            long steps = 0;\n            while (eqCount < n) {\n                int[] entry = bPQ.poll();\n                int index = entry[1];\n                int prevVal = B[(index + n - 1) % n];\n                int nextVal = B[(index + 1) % n];\n                int decreOnce = prevVal + nextVal;\n                int atMostDecre = (entry[0] - A[index]) / decreOnce;\n                if (atMostDecre <= 0) {\n                    pw.println(-1);\n                    return;\n                }\n                steps += atMostDecre;\n                int curVal = entry[0] - atMostDecre * decreOnce;\n                B[index] = curVal;\n                if (curVal == A[index]) {\n                    eqCount++;\n                }\n                bPQ.add(new int[]{curVal, index});\n            }\n            pw.println(steps);\n        }\n    }\n    static long TIME_START, TIME_END;\n    public static void main(String[] args) throws IOException {\n        Scanner sc = new Scanner(new FileInputStream(\"input\"));\n        PrintWriter pw = new PrintWriter(new BufferedOutputStream(System.out));\n        Runtime runtime = Runtime.getRuntime();\n        long usedMemoryBefore = runtime.totalMemory() - runtime.freeMemory();\n        TIME_START = System.currentTimeMillis();\n        Task t = new Task();\n        t.solve(sc, pw);\n        TIME_END = System.currentTimeMillis();\n        long usedMemoryAfter = runtime.totalMemory() - runtime.freeMemory();\n        pw.close();\n        System.err.println(\"Memory increased: \" + (usedMemoryAfter - usedMemoryBefore) / 1000000);\n        System.err.println(\"Time used: \" + (TIME_END - TIME_START) + \".\");\n    }\n    static class Scanner {\n        StringTokenizer st;\n        BufferedReader br;\n        public Scanner(InputStream s) {\n            br = new BufferedReader(new InputStreamReader(s));\n        }\n        public Scanner(FileReader s) throws FileNotFoundException {\n            br = new BufferedReader(s);\n        }\n        public String next() throws IOException {\n            while (st == null || !st.hasMoreTokens())\n                st = new StringTokenizer(br.readLine());\n            return st.nextToken();\n        }\n        public int nextInt() throws IOException {\n            return Integer.parseInt(next());\n        }\n        public long nextLong() throws IOException {\n            return Long.parseLong(next());\n        }\n        public String nextLine() throws IOException {\n            return br.readLine();\n        }\n        public double nextDouble() throws IOException {\n            return Double.parseDouble(next());\n        }\n        public boolean ready() throws IOException {\n            return br.ready();\n        }\n    }\n}",
      "covered_code": "Following the provided plan, let's predict the code coverage for the given Java program with the test case input `5 1 2 3 4 5 1 2 3 4 5`:\n\n1. **Import statements**: Always executed.\n    > import java.io.*;\n    > import java.util.*;\n\n2. **Class declarations**: Always executed.\n    > public class Main {\n    >     public static class Task {\n\n3. **Main method declaration**: Always executed.\n    >     public static void main(String[] args) throws IOException {\n\n4. **Scanner and PrintWriter instantiation**: Always executed given the structure of the program.\n    >         Scanner sc = new Scanner(new FileInputStream(\"input\"));\n    >         PrintWriter pw = new PrintWriter(new BufferedOutputStream(System.out));\n\n5. **Task Class Execution**: the `solve` method of the Task class is called.\n    >         Task t = new Task();\n    >         t.solve(sc, pw);\n\n6. **Reading and storing input arrays A and B**: Both arrays A and B are filled with input values.\n    >             int n = sc.nextInt();\n    >             int[] A = new int[n];\n    >             for (int i = 0; i < n; i++) {\n    >             A[i] = sc.nextInt();\n    >             }\n    >             int[] B = new int[n];\n    >             for (int i = 0; i < n; i++) {\n    >             B[i] = sc.nextInt();\n    >             }\n\n7. **Checking if arrays A and B are equal**: The condition will be false because arrays A and B are not equal.\n    >             if (Arrays.equals(A, B)) {\n    !                 pw.println(0);\n    !                 return;\n    >             }\n\n8. **Initialization of boolean array and eqCount**: Executed as part of the process to find the number of elements that are equal in A and B.\n    >             boolean[] eq = new boolean[n];\n    >             int eqCount = 0;\n\n9. **Loop through arrays to find equal elements and check if any A[i] > B[i]**: All elements satisfy `A[i] <= B[i]`, so `-1` is never printed within this loop.\n    >             for (int i = 0; i < n; i++) {\n    >                 eq[i] = A[i] == B[i];\n    >                 eqCount += eq[i] ? 1 : 0;\n    !                 if (A[i] > B[i]) {\n    !                     pw.println(-1);\n    !                     return;\n    >                 }\n    >             }\n\n10. **PriorityQueue Initialization and Population**: Executed to store elements of B and their indexes.\n    >             PriorityQueue<int[]> bPQ = new PriorityQueue<>(new Comparator<int[]>() {\n    >                 @Override\n    >                 public int compare(int[] o1, int[] o2) {\n    >                     return -o1[0] + o2[0];\n    >                 }\n    >             });\n    >             for (int i = 0; i < n; i++) {\n    >                 bPQ.add(new int[]{B[i], i});\n    >             }\n\n11. **While loop for calculating steps**: This loop is executed until `eqCount` equals `n`.\n    >             long steps = 0;\n    >             while (eqCount < n) {\n    >                 int[] entry = bPQ.poll();\n    >                 int index = entry[1];\n    >                 int prevVal = B[(index + n - 1) % n];\n    >                 int nextVal = B[(index + 1) % n];\n    >                 int decreOnce = prevVal + nextVal;\n    >                 int atMostDecre = (entry[0] - A[index]) / decreOnce;\n    >                 if (atMostDecre <= 0) {\n    >                     pw.println(-1);\n    >                     return;\n    >                 }\n    >                 steps += atMostDecre;\n    >                 int curVal = entry[0] - atMostDecre * decreOnce;\n    >                 B[index] = curVal;\n    >                 if (curVal == A[index]) {\n    >                     eqCount++;\n    >                 }\n    >                 bPQ.add(new int[]{curVal, index});\n    >             }\n\n12. **Printing the result and closing PrintWriter**:\n    >             pw.println(steps);\n    >         pw.close();\n\nGiven the test case input, all lines within the `solve` method are executed except for the early return conditions, which are designed to handle specific cases that do not occur with the given input. The provided plan does not include unreachable code or exception handling because the given input ensures normal execution flow without exceptions.\n\nCode coverage indicates that most lines are executed with a few conditionally executed lines skipped due to the specific input provided. The program is designed to handle a variety of situations, but the specific input leads to a straightforward execution path.",
      "test_seed_coverage": [
        ">",
        ">",
        ">",
        ">",
        ">",
        ">",
        ">",
        ">",
        ">",
        ">",
        ">",
        ">",
        ">",
        ">",
        ">",
        ">",
        ">",
        ">",
        ">",
        ">",
        ">",
        ">",
        ">",
        ">",
        ">",
        ">",
        ">",
        ">",
        ">",
        ">",
        ">",
        ">",
        ">",
        ">",
        ">",
        ">",
        ">",
        ">",
        ">",
        ">",
        ">",
        ">",
        ">",
        ">",
        ">",
        ">",
        ">",
        ">",
        ">",
        ">",
        ">",
        ">",
        ">",
        ">",
        ">",
        ">",
        ">",
        ">",
        ">",
        ">",
        ">",
        ">",
        ">",
        ">",
        ">",
        ">",
        ">",
        ">",
        ">",
        ">",
        ">",
        ">",
        ">",
        ">",
        ">",
        ">",
        ">",
        ">",
        ">",
        ">",
        ">",
        ">",
        ">",
        ">",
        ">",
        ">",
        ">",
        ">",
        ">",
        ">",
        ">",
        ">",
        ">",
        ">",
        ">",
        ">",
        ">",
        ">",
        ">",
        ">",
        ">",
        ">",
        ">",
        ">",
        ">",
        ">"
      ],
      "cumulative_coverage": [
        ">",
        ">",
        ">",
        ">",
        ">",
        ">",
        ">",
        ">",
        ">",
        ">",
        ">",
        ">",
        ">",
        ">",
        ">",
        ">",
        ">",
        ">",
        ">",
        ">",
        ">",
        ">",
        ">",
        ">",
        ">",
        ">",
        ">",
        ">",
        ">",
        ">",
        ">",
        ">",
        ">",
        ">",
        ">",
        ">",
        ">",
        ">",
        ">",
        ">",
        ">",
        ">",
        ">",
        ">",
        ">",
        ">",
        ">",
        ">",
        ">",
        ">",
        ">",
        ">",
        ">",
        ">",
        ">",
        ">",
        ">",
        ">",
        ">",
        ">",
        ">",
        ">",
        ">",
        ">",
        ">",
        ">",
        ">",
        ">",
        ">",
        ">",
        ">",
        ">",
        ">",
        ">",
        ">",
        ">",
        ">",
        ">",
        ">",
        ">",
        ">",
        ">",
        ">",
        ">",
        ">",
        ">",
        ">",
        ">",
        ">",
        ">",
        ">",
        ">",
        ">",
        ">",
        ">",
        ">",
        ">",
        ">",
        ">",
        ">",
        ">",
        ">",
        ">",
        ">",
        ">",
        ">"
      ],
      "execution_error": "Exception in thread \"main\" java.io.FileNotFoundException: input (The system cannot find the file specified)\n\tat java.base/java.io.FileInputStream.open0(Native Method)\n\tat java.base/java.io.FileInputStream.open(FileInputStream.java:213)\n\tat java.base/java.io.FileInputStream.<init>(FileInputStream.java:152)\n\tat java.base/java.io.FileInputStream.<init>(FileInputStream.java:106)\n\tat Main.main(Main.java:63)",
      "cerberus_output": "",
      "execution_result": "FileNotFoundException",
      "test_case_id": "5"
    },
    {
      "test_case": [
        "Test Case Input:\n5\n1 2 3 4 5\n1 2 3 4 5"
      ],
      "test_mutations": [
        "Test Case Input:\n5\n1 2 3 4 5\n1 2 3 4 5"
      ],
      "initial_code": "import java.io.*;\nimport java.util.*;\npublic class Main {\n    public static class Task {\n        public void solve(Scanner sc, PrintWriter pw) throws IOException {\n            int n = sc.nextInt();\n            int[] A = new int[n];\n            int[] B = new int[n];\n            for (int i = 0; i < n; i++) {\n                A[i] = sc.nextInt();\n            }\n            for (int i = 0; i < n; i++) {\n                B[i] = sc.nextInt();\n            }\n            if (Arrays.equals(A, B)) {\n                pw.println(0);\n                return;\n            }\n            boolean[] eq = new boolean[n];\n            int eqCount = 0;\n            for (int i = 0; i < n; i++) {\n                eq[i] = A[i] == B[i];\n                eqCount += eq[i] ? 1 : 0;\n                if (A[i] > B[i]) {\n                    pw.println(-1);\n                    return;\n                }\n            }\n            PriorityQueue<int[]> bPQ = new PriorityQueue<>(new Comparator<int[]>() {\n                @Override\n                public int compare(int[] o1, int[] o2) {\n                    return -o1[0] + o2[0];\n                }\n            });\n            for (int i = 0; i < n; i++) {\n                bPQ.add(new int[]{B[i], i});\n            }\n            long steps = 0;\n            while (eqCount < n) {\n                int[] entry = bPQ.poll();\n                int index = entry[1];\n                int prevVal = B[(index + n - 1) % n];\n                int nextVal = B[(index + 1) % n];\n                int decreOnce = prevVal + nextVal;\n                int atMostDecre = (entry[0] - A[index]) / decreOnce;\n                if (atMostDecre <= 0) {\n                    pw.println(-1);\n                    return;\n                }\n                steps += atMostDecre;\n                int curVal = entry[0] - atMostDecre * decreOnce;\n                B[index] = curVal;\n                if (curVal == A[index]) {\n                    eqCount++;\n                }\n                bPQ.add(new int[]{curVal, index});\n            }\n            pw.println(steps);\n        }\n    }\n    static long TIME_START, TIME_END;\n    public static void main(String[] args) throws IOException {\n        Scanner sc = new Scanner(new FileInputStream(\"input\"));\n        PrintWriter pw = new PrintWriter(new BufferedOutputStream(System.out));\n        Runtime runtime = Runtime.getRuntime();\n        long usedMemoryBefore = runtime.totalMemory() - runtime.freeMemory();\n        TIME_START = System.currentTimeMillis();\n        Task t = new Task();\n        t.solve(sc, pw);\n        TIME_END = System.currentTimeMillis();\n        long usedMemoryAfter = runtime.totalMemory() - runtime.freeMemory();\n        pw.close();\n        System.err.println(\"Memory increased: \" + (usedMemoryAfter - usedMemoryBefore) / 1000000);\n        System.err.println(\"Time used: \" + (TIME_END - TIME_START) + \".\");\n    }\n    static class Scanner {\n        StringTokenizer st;\n        BufferedReader br;\n        public Scanner(InputStream s) {\n            br = new BufferedReader(new InputStreamReader(s));\n        }\n        public Scanner(FileReader s) throws FileNotFoundException {\n            br = new BufferedReader(s);\n        }\n        public String next() throws IOException {\n            while (st == null || !st.hasMoreTokens())\n                st = new StringTokenizer(br.readLine());\n            return st.nextToken();\n        }\n        public int nextInt() throws IOException {\n            return Integer.parseInt(next());\n        }\n        public long nextLong() throws IOException {\n            return Long.parseLong(next());\n        }\n        public String nextLine() throws IOException {\n            return br.readLine();\n        }\n        public double nextDouble() throws IOException {\n            return Double.parseDouble(next());\n        }\n        public boolean ready() throws IOException {\n            return br.ready();\n        }\n    }\n}",
      "covered_code": "To predict the code coverage for the given Java program with the specified test case input, follow the outlined plan below:\n\n1. **Import Statements**: Always executed. Statement `import java.io.*;` and `import java.util.*;` will be covered.\n   \n2. **Class Declaration**: Always executed. Statements `public class Main {` and `public static class Task {` are covered.\n   \n3. **Main Method Declaration**: Always executed. Statement `public static void main(String[] args) throws IOException {` is covered.\n   \n4. **Task.solve Method Declaration**: This is part of the program's structure but its actual execution depends on being called from the `main` method. Statement `public void solve(Scanner sc, PrintWriter pw) throws IOException {` is covered since it's called from `main`.\n   \n5. **Reading Input**: The input is read from a file, thus the statements for reading `n`, the array `A`, and the array `B` are executed. Statements inside the first and second for-loops to read values into `A` and `B` are covered.\n   \n6. **Arrays.equals(A, B) Condition**: This condition checks if arrays `A` and `B` are equal. Given the input, they are not; thus, the condition is false. The statement `pw.println(0);` is not executed.\n   \n7. **Boolean Array and eqCount Initialization**: These statements are executed as they are part of the program flow after the previous condition check.\n   \n8. **The Third For-loop to Check `A[i] > B[i]`**: This loop is executed. Given the input, `A[i]` is never greater than `B[i]`, thus `pw.println(-1);` inside this loop is never executed.\n   \n9. **PriorityQueue Initialization and Population**: Statements related to initializing and populating the `PriorityQueue bPQ` are executed.\n   \n10. **While Loop to Reduce `B` to Match `A`**: Given the input, this loop is executed. The loop aims to match elements of `B` to `A` through a series of steps. The loop and its internal logic are executed.\n   \n11. **Printing the Result**: The final statement `pw.println(steps);` will be executed to output the calculated steps.\n   \n12. **Main Method Runtime Information**: Statements in the `main` method after the call to `t.solve(sc, pw);` related to memory and time usage information are always executed.\n\nBased on this plan, the predicted code coverage is:\n\n```\n> import java.io.*;\n> import java.util.*;\n> public class Main {\n>     public static class Task {\n>         public void solve(Scanner sc, PrintWriter pw) throws IOException {\n>             int n = sc.nextInt();\n>             int[] A = new int[n];\n>             int[] B = new int[n];\n>             for (int i = 0; i < n; i++) {\n>                 A[i] = sc.nextInt();\n>             }\n>             for (int i = 0; i < n; i++) {\n>                 B[i] = sc.nextInt();\n>             }\n>             if (Arrays.equals(A, B)) {\n!                 pw.println(0);\n>                 return;\n>             }\n>             boolean[] eq = new boolean[n];\n>             int eqCount = 0;\n>             for (int i = 0; i < n; i++) {\n>                 eq[i] = A[i] == B[i];\n>                 eqCount += eq[i] ? 1 : 0;\n>                 if (A[i] > B[i]) {\n!                     pw.println(-1);\n>                     return;\n>                 }\n>             }\n>             PriorityQueue<int[]> bPQ = new PriorityQueue<>(new Comparator<int[]>() {\n>                 @Override\n>                 public int compare(int[] o1, int[] o2) {\n>                     return -o1[0] + o2[0];\n>                 }\n>             });\n>             for (int i = 0; i < n; i++) {\n>                 bPQ.add(new int[]{B[i], i});\n>             }\n>             long steps = 0;\n>             while (eqCount < n) {\n>                 int[] entry = bPQ.poll();\n>                 int index = entry[1];\n>                 int prevVal = B[(index + n - 1) % n];\n>                 int nextVal = B[(index + 1) % n];\n>                 int decreOnce = prevVal + nextVal;\n>                 int atMostDecre = (entry[0] - A[index]) / decreOnce;\n>                 if (atMostDecre <= 0) {\n>                     pw.println(-1);\n>                     return;\n>                 }\n>                 steps += atMostDecre;\n>                 int curVal = entry[0] - atMostDecre * decreOnce;\n>                 B[index] = curVal;\n>                 if (curVal == A[index]) {\n>                     eqCount++;\n>                 }\n>                 bPQ.add(new int[]{curVal, index});\n>             }\n>             pw.println(steps);\n>         }\n>     }\n>     static long TIME_START, TIME_END;\n>     public static void main(String[] args) throws IOException {\n>         Scanner sc = new Scanner(new FileInputStream(\"input\"));\n>         PrintWriter pw = new PrintWriter(new BufferedOutputStream(System.out));\n>         Runtime runtime = Runtime.getRuntime();\n>         long usedMemoryBefore = runtime.totalMemory() - runtime.freeMemory();\n>         TIME_START = System.currentTimeMillis();\n>         Task t = new Task();\n>         t.solve(sc, pw);\n>         TIME_END = System.currentTimeMillis();\n>         long usedMemoryAfter = runtime.totalMemory() - runtime.freeMemory();\n>         pw.close();\n>         System.err.println(\"Memory increased: \" + (usedMemoryAfter - usedMemoryBefore) / 1000000);\n>         System.err.println(\"Time used: \" + (TIME_END - TIME_START) + \".\");\n>     }\n>     static class Scanner {\n>         StringTokenizer st;\n>         BufferedReader br;\n>         public Scanner(InputStream s) {\n>             br = new BufferedReader(new InputStreamReader(s));\n>         }\n>         public Scanner(FileReader s) throws FileNotFoundException {\n>             br = new BufferedReader(s);\n>         }\n>         public String next() throws IOException {\n>             while (st == null or !st.hasMoreTokens())\n>                 st = new StringTokenizer(br.readLine());\n>             return st.nextToken();\n>         }\n>         public int nextInt() throws IOException {\n>             return Integer.parseInt(next());\n>         }\n>         public long nextLong() throws IOException {\n>             return Long.parseLong(next());\n>         }\n>         public String nextLine() throws IOException {\n>             return br.readLine();\n>         }\n>         public double nextDouble() throws IOException {\n>             return Double.parseDouble(next());\n>         }\n>         public boolean ready() throws IOException {\n>             return br.ready();\n>         }\n>     }\n> }\n```",
      "test_seed_coverage": [
        ">",
        ">",
        ">",
        ">",
        ">",
        ">",
        ">",
        ">",
        ">",
        ">",
        ">",
        ">",
        ">",
        ">",
        ">",
        ">",
        ">",
        ">",
        ">",
        ">",
        ">",
        ">",
        ">",
        ">",
        ">",
        ">",
        ">",
        ">",
        ">",
        ">",
        ">",
        ">",
        ">",
        ">",
        ">",
        ">",
        ">",
        ">",
        ">",
        ">",
        ">",
        ">",
        ">",
        ">",
        ">",
        ">",
        ">",
        ">",
        ">",
        ">",
        ">",
        ">",
        ">",
        ">",
        ">",
        ">",
        ">",
        ">",
        ">",
        ">",
        ">",
        ">",
        ">",
        ">",
        ">",
        ">",
        ">",
        ">",
        ">",
        ">",
        ">",
        ">",
        ">",
        ">",
        ">",
        ">",
        ">",
        ">",
        ">",
        ">",
        ">",
        ">",
        ">",
        ">",
        ">",
        ">",
        ">",
        ">",
        ">",
        ">",
        ">",
        ">",
        ">",
        ">",
        ">",
        ">",
        ">",
        ">",
        ">",
        ">",
        ">",
        ">",
        ">",
        ">",
        ">",
        ">"
      ],
      "cumulative_coverage": [
        ">",
        ">",
        ">",
        ">",
        ">",
        ">",
        ">",
        ">",
        ">",
        ">",
        ">",
        ">",
        ">",
        ">",
        ">",
        ">",
        ">",
        ">",
        ">",
        ">",
        ">",
        ">",
        ">",
        ">",
        ">",
        ">",
        ">",
        ">",
        ">",
        ">",
        ">",
        ">",
        ">",
        ">",
        ">",
        ">",
        ">",
        ">",
        ">",
        ">",
        ">",
        ">",
        ">",
        ">",
        ">",
        ">",
        ">",
        ">",
        ">",
        ">",
        ">",
        ">",
        ">",
        ">",
        ">",
        ">",
        ">",
        ">",
        ">",
        ">",
        ">",
        ">",
        ">",
        ">",
        ">",
        ">",
        ">",
        ">",
        ">",
        ">",
        ">",
        ">",
        ">",
        ">",
        ">",
        ">",
        ">",
        ">",
        ">",
        ">",
        ">",
        ">",
        ">",
        ">",
        ">",
        ">",
        ">",
        ">",
        ">",
        ">",
        ">",
        ">",
        ">",
        ">",
        ">",
        ">",
        ">",
        ">",
        ">",
        ">",
        ">",
        ">",
        ">",
        ">",
        ">",
        ">"
      ],
      "execution_error": "Exception in thread \"main\" java.io.FileNotFoundException: input (The system cannot find the file specified)\n\tat java.base/java.io.FileInputStream.open0(Native Method)\n\tat java.base/java.io.FileInputStream.open(FileInputStream.java:213)\n\tat java.base/java.io.FileInputStream.<init>(FileInputStream.java:152)\n\tat java.base/java.io.FileInputStream.<init>(FileInputStream.java:106)\n\tat Main.main(Main.java:63)",
      "cerberus_output": "FileNotFoundException",
      "execution_result": "FileNotFoundException",
      "test_case_id": "6"
    }
  ]
}