{
  "submission_id": "s171725475",
  "cycles": [
    {
      "test_case": [
        "Test Case Input:\n5\n1\n2\n3\n4\n5"
      ],
      "test_mutations": [
        "Test Case Input:\n5\n1\n2\n3\n4\n5"
      ],
      "initial_code": "import java.io.*;\nimport java.lang.*;\nimport java.util.*;\nimport java.math.*;\nclass Solver extends Main{\n\tSolver(){\n\t}\n}\n@SuppressWarnings(\"unchecked\")\nclass Main{\n\tstatic int imax=Integer.MAX_VALUE;\n\tstatic long lmax=Long.MAX_VALUE;\n\tpublic static void main(String[] args) throws FileNotFoundException{\n\t\tScanner sc=new Scanner(System.in);\n\t\tint n=readI(sc);\n\t\tList<Integer> num=new ArrayList<Integer>();\n\t\tfor(int i=0;i<n; i++){\n\t\t\tnum.add(readI(sc)-1);\n\t\t}\n\t\tboolean chain=true;\n\t\tboolean fnd=false;\n\t\tint idx=num.get(0);\n\t\tint cnt=1;\n\t\tMap<Integer,Integer> memo=new HashMap<Integer,Integer>();\n\t\tmemo.put(idx,1);\nif(idx==1){\n\t\t\tfnd=true;\n\t\t\tchain=false;\n\t\t}\n\t\twhile(chain==true){\n\t\t\tidx=num.get(idx);\n\t\t\tif(memo.containsKey(idx)){\n\t\t\t\tmemo.put(idx,1);\n\t\t\t\tcnt+=1;\n\t\t\t\tif(idx==1){\n\t\t\t\t\tfnd=true;\n\t\t\t\t\tchain=false;\n\t\t\t\t}\n\t\t\t}else{\n\t\t\t\tchain=false;\n\t\t\t}\n\t\t}\n\t\tputs(fnd==true ? cnt : -1);\n\t\tnew Solver();\n\t}\n\tstatic int readI(Scanner sc){\n\t\treturn Integer.parseInt(sc.nextLine().trim());\n\t}\n\tstatic long readL(Scanner sc){\n\t\treturn Long.parseLong(sc.nextLine().trim());\n\t}\n\tstatic String readS(Scanner sc){\n\t\treturn sc.nextLine().trim();\n\t}\n\tstatic int[] readlnI(Scanner sc, String dl){\n\t\treturn Arrays.stream(sc.nextLine().trim().split(dl)).mapToInt(Integer::parseInt).toArray();\n\t}\n\tstatic long[] readlnL(Scanner sc, String dl){\n\t\treturn Arrays.stream(sc.nextLine().trim().split(dl)).mapToLong(Long::parseLong).toArray();\n\t}\n\tstatic String[] readlnS(Scanner sc, String dl){\n\t\treturn sc.nextLine().trim().split(dl);\n\t}\n\t@SuppressWarnings(\"unchecked\")\n\tstatic <T> void puts(T... args){\n\t\tfor(int i=0; i<args.length-1; i++){\n\t\t\tSystem.out.printf(\"%s \",args[i]);\n\t\t}\n\t\tSystem.out.println(args[args.length-1]);\n\t}\n\tstatic void puts(int[] ary){\n\t\tfor(int i=0; i<ary.length-1; i++){\n\t\t\tSystem.out.printf(\"%d \",ary[i]);\n\t\t}\n\t\tSystem.out.println(ary[ary.length-1]);\n\t}\n\tstatic void puts(long[] ary){\n\t\tfor(int i=0; i<ary.length-1; i++){\n\t\t\tSystem.out.printf(\"%d \",ary[i]);\n\t\t}\n\t\tSystem.out.println(ary[ary.length-1]);\n\t}\n\tstatic void bs(){\n\t\tSystem.out.println(\"\");\n\t}\n\tstatic int sum(int[] ary){\n\t\tint sum=0;\n\t\tfor(int i=0; i<ary.length; i++) sum+=ary[i];\n\t\treturn sum;\n\t}\n\tstatic long sum(long[] ary){\n\t\tlong sum=0;\n\t\tfor(int i=0; i<ary.length; i++) sum+=ary[i];\n\t\treturn sum;\n\t}\n\tstatic void tblSort(int[][] tbl){\n\t\tArrays.sort(tbl, new Comparator<int[]>(){\n\t\t\t@Override\n\t\t\tpublic int compare(int[] a, int[] b){\n\t\t\t\tif(a[0]==b[0]){\n\t\t\t\t\treturn b[1]-a[1];\n\t\t\t\t}else{\n\t\t\t\t\treturn b[0]-a[0];\n\t\t\t\t}\n\t\t\t}\n\t\t});\n\t}\n}",
      "covered_code": "Given the test case input and the Java program, let's outline a plan to predict code coverage:\n\n1. **Import Statements**: These are always executed as they are necessary for the program to compile.\n\n2. **Class Declarations**: Both `Solver` and `Main` class declarations are executed, as they are part of the program structure.\n\n3. **Main Method Execution**: The `main` method is always executed as it is the entry point of any Java application.\n\n4. **Reading Input**: The first input (n=5) is read by calling `readI(sc)`, leading to the execution of statements within this method.\n\n5. **For Loop for Reading `num` List**: The for loop is executed n times (5 in this case), and for each iteration, `readI(sc)-1` is executed, populating the `num` list.\n\n6. **Chain Finding Logic**: The variable `chain` is initially set to true, and a while loop continues as long as `chain` is true. The logic inside this loop is executed based on the input provided and the condition checks.\n\n7. **Printing Result**: The `puts` method is called once to output the result, either `cnt` or -1.\n\n8. **Solver Object Creation**: A `Solver` object is created at the end of the `main` method, executing the `Solver` constructor, which is empty.\n\n9. **Utility Methods**: `readI`, `readL`, `readS`, and their array variants, along with `puts` for arrays, are not directly executed unless called. Given the test case, `readI` is used, but others like `readL`, `readS`, and their array variants are not utilized based on the input provided.\n\nPredicted Code Coverage:\n\n```\n> import java.io.*;\n> import java.lang.*;\n> import java.util.*;\n> import java.math.*;\n> class Solver extends Main{\n>     Solver(){\n>     }\n> }\n> class Main{\n>     static int imax=Integer.MAX_VALUE;\n>     static long lmax=Long.MAX_VALUE;\n>     public static void main(String[] args) throws FileNotFoundException{\n>         Scanner sc=new Scanner(System.in);\n>         int n=readI(sc);\n>         List<Integer> num=new ArrayList<Integer>();\n>         for(int i=0;i<n; i++){\n>             num.add(readI(sc)-1);\n>         }\n>         boolean chain=true;\n>         boolean fnd=false;\n>         int idx=num.get(0);\n>         int cnt=1;\n>         Map<Integer,Integer> memo=new HashMap<Integer,Integer>();\n>         memo.put(idx,1);\n>         if(idx==1){\n>             fnd=true;\n>             chain=false;\n>         }\n>         while(chain==true){\n>             idx=num.get(idx);\n>             if(memo.containsKey(idx)){\n>                 memo.put(idx,1);\n>                 cnt+=1;\n>                 if(idx==1){\n>                     fnd=true;\n>                     chain=false;\n>                 }\n>             }else{\n>                 chain=false;\n>             }\n>         }\n>         puts(fnd==true ? cnt : -1);\n>         new Solver();\n>     }\n>     static int readI(Scanner sc){\n>         return Integer.parseInt(sc.nextLine().trim());\n>     }\n!     static long readL(Scanner sc){\n!         return Long.parseLong(sc.nextLine().trim());\n!     }\n!     static String readS(Scanner sc){\n!         return sc.nextLine().trim();\n!     }\n!     static int[] readlnI(Scanner sc, String dl){\n!         return Arrays.stream(sc.nextLine().trim().split(dl)).mapToInt(Integer::parseInt).toArray();\n!     }\n!     static long[] readlnL(Scanner sc, String dl){\n!         return Arrays.stream(sc.nextLine().trim().split(dl)).mapToLong(Long::parseLong).toArray();\n!     }\n!     static String[] readlnS(Scanner sc, String dl){\n!         return sc.nextLine().trim().split(dl);\n!     }\n>     @SuppressWarnings(\"unchecked\")\n>     static <T> void puts(T... args){\n>         for(int i=0; i<args.length-1; i++){\n>             System.out.printf(\"%s \",args[i]);\n>         }\n>         System.out.println(args[args.length-1]);\n>     }\n!     static void puts(int[] ary){\n!         for(int i=0; i<ary.length-1; i++){\n!             System.out.printf(\"%d \",ary[i]);\n!         }\n!         System.out.println(ary[ary.length-1]);\n!     }\n!     static void puts(long[] ary){\n!         for(int i=0; i<ary.length-1; i++){\n!             System.out.printf(\"%d \",ary[i]);\n!         }\n!         System.out.println(ary[ary.length-1]);\n!     }\n!     static void bs(){\n!         System.out.println(\"\");\n!     }\n!     static int sum(int[] ary){\n!         int sum=0;\n!         for(int i=0; i<ary.length; i++) sum+=ary[i];\n!         return sum;\n!     }\n!     static long sum(long[] ary){\n!         long sum=0;\n!         for(int i=0; i<ary.length; i++) sum+=ary[i];\n!         return sum;\n!     }\n!     static void tblSort(int[][] tbl){\n!         Arrays.sort(tbl, new Comparator<int[]>(){\n!             @Override\n!             public int compare(int[] a, int[] b){\n!                 if(a[0]==b[0]){\n!                     return b[1]-a[1];\n!                 }else{\n!                     return b[0]-a[0];\n!                 }\n!             }\n!         });\n!     }\n> }\n```\n\nThis coverage indicates that certain utility methods and array-specific `puts` methods were not executed based on the given test case input.",
      "test_seed_coverage": [
        ">",
        ">",
        ">",
        ">",
        ">",
        ">",
        ">",
        ">",
        ">",
        ">",
        ">",
        ">",
        ">",
        ">",
        ">",
        ">",
        ">",
        ">",
        ">",
        ">",
        ">",
        ">",
        ">",
        ">",
        ">",
        ">",
        ">",
        ">",
        ">",
        ">",
        ">",
        ">",
        ">",
        ">",
        ">",
        ">",
        ">",
        ">",
        ">",
        ">",
        ">",
        ">",
        ">",
        ">",
        ">",
        ">",
        ">",
        "!",
        "!",
        "!",
        "!",
        "!",
        "!",
        "!",
        "!",
        "!",
        "!",
        "!",
        "!",
        "!",
        "!",
        "!",
        ">",
        ">",
        ">",
        ">",
        ">",
        ">",
        ">",
        "!",
        "!",
        "!",
        "!",
        "!",
        "!",
        "!",
        "!",
        "!",
        "!",
        "!",
        "!",
        "!",
        "!",
        "!",
        "!",
        "!",
        "!",
        "!",
        "!",
        "!",
        "!",
        "!",
        "!",
        "!",
        "!",
        "!",
        "!",
        "!",
        "!",
        "!",
        "!",
        "!",
        "!",
        "!",
        "!",
        "!",
        ">",
        ">"
      ],
      "cumulative_coverage": [
        ">",
        ">",
        ">",
        ">",
        ">",
        ">",
        ">",
        ">",
        ">",
        ">",
        ">",
        ">",
        ">",
        ">",
        ">",
        ">",
        ">",
        ">",
        ">",
        ">",
        ">",
        ">",
        ">",
        ">",
        ">",
        ">",
        ">",
        ">",
        ">",
        ">",
        ">",
        ">",
        ">",
        ">",
        ">",
        ">",
        ">",
        ">",
        ">",
        ">",
        ">",
        ">",
        ">",
        ">",
        ">",
        ">",
        ">",
        "!",
        "!",
        "!",
        "!",
        "!",
        "!",
        "!",
        "!",
        "!",
        "!",
        "!",
        "!",
        "!",
        "!",
        "!",
        ">",
        ">",
        ">",
        ">",
        ">",
        ">",
        ">",
        "!",
        "!",
        "!",
        "!",
        "!",
        "!",
        "!",
        "!",
        "!",
        "!",
        "!",
        "!",
        "!",
        "!",
        "!",
        "!",
        "!",
        "!",
        "!",
        "!",
        "!",
        "!",
        "!",
        "!",
        "!",
        "!",
        "!",
        "!",
        "!",
        "!",
        "!",
        "!",
        "!",
        "!",
        "!",
        "!",
        "!",
        ">",
        ">"
      ],
      "cerberus_output": "FileNotFoundException",
      "execution_result": "",
      "test_case_id": "1"
    },
    {
      "test_case": [
        "Test Case Input:\n1\n-1"
      ],
      "test_mutations": [
        "Test Case Input:\n1\n-1"
      ],
      "initial_code": "import java.io.*;\nimport java.lang.*;\nimport java.util.*;\nimport java.math.*;\nclass Solver extends Main{\n\tSolver(){\n\t}\n}\n@SuppressWarnings(\"unchecked\")\nclass Main{\n\tstatic int imax=Integer.MAX_VALUE;\n\tstatic long lmax=Long.MAX_VALUE;\n\tpublic static void main(String[] args) throws FileNotFoundException{\n\t\tScanner sc=new Scanner(System.in);\n\t\tint n=readI(sc);\n\t\tList<Integer> num=new ArrayList<Integer>();\n\t\tfor(int i=0;i<n; i++){\n\t\t\tnum.add(readI(sc)-1);\n\t\t}\n\t\tboolean chain=true;\n\t\tboolean fnd=false;\n\t\tint idx=num.get(0);\n\t\tint cnt=1;\n\t\tMap<Integer,Integer> memo=new HashMap<Integer,Integer>();\n\t\tmemo.put(idx,1);\nif(idx==1){\n\t\t\tfnd=true;\n\t\t\tchain=false;\n\t\t}\n\t\twhile(chain==true){\n\t\t\tidx=num.get(idx);\n\t\t\tif(memo.containsKey(idx)){\n\t\t\t\tmemo.put(idx,1);\n\t\t\t\tcnt+=1;\n\t\t\t\tif(idx==1){\n\t\t\t\t\tfnd=true;\n\t\t\t\t\tchain=false;\n\t\t\t\t}\n\t\t\t}else{\n\t\t\t\tchain=false;\n\t\t\t}\n\t\t}\n\t\tputs(fnd==true ? cnt : -1);\n\t\tnew Solver();\n\t}\n\tstatic int readI(Scanner sc){\n\t\treturn Integer.parseInt(sc.nextLine().trim());\n\t}\n\tstatic long readL(Scanner sc){\n\t\treturn Long.parseLong(sc.nextLine().trim());\n\t}\n\tstatic String readS(Scanner sc){\n\t\treturn sc.nextLine().trim();\n\t}\n\tstatic int[] readlnI(Scanner sc, String dl){\n\t\treturn Arrays.stream(sc.nextLine().trim().split(dl)).mapToInt(Integer::parseInt).toArray();\n\t}\n\tstatic long[] readlnL(Scanner sc, String dl){\n\t\treturn Arrays.stream(sc.nextLine().trim().split(dl)).mapToLong(Long::parseLong).toArray();\n\t}\n\tstatic String[] readlnS(Scanner sc, String dl){\n\t\treturn sc.nextLine().trim().split(dl);\n\t}\n\t@SuppressWarnings(\"unchecked\")\n\tstatic <T> void puts(T... args){\n\t\tfor(int i=0; i<args.length-1; i++){\n\t\t\tSystem.out.printf(\"%s \",args[i]);\n\t\t}\n\t\tSystem.out.println(args[args.length-1]);\n\t}\n\tstatic void puts(int[] ary){\n\t\tfor(int i=0; i<ary.length-1; i++){\n\t\t\tSystem.out.printf(\"%d \",ary[i]);\n\t\t}\n\t\tSystem.out.println(ary[ary.length-1]);\n\t}\n\tstatic void puts(long[] ary){\n\t\tfor(int i=0; i<ary.length-1; i++){\n\t\t\tSystem.out.printf(\"%d \",ary[i]);\n\t\t}\n\t\tSystem.out.println(ary[ary.length-1]);\n\t}\n\tstatic void bs(){\n\t\tSystem.out.println(\"\");\n\t}\n\tstatic int sum(int[] ary){\n\t\tint sum=0;\n\t\tfor(int i=0; i<ary.length; i++) sum+=ary[i];\n\t\treturn sum;\n\t}\n\tstatic long sum(long[] ary){\n\t\tlong sum=0;\n\t\tfor(int i=0; i<ary.length; i++) sum+=ary[i];\n\t\treturn sum;\n\t}\n\tstatic void tblSort(int[][] tbl){\n\t\tArrays.sort(tbl, new Comparator<int[]>(){\n\t\t\t@Override\n\t\t\tpublic int compare(int[] a, int[] b){\n\t\t\t\tif(a[0]==b[0]){\n\t\t\t\t\treturn b[1]-a[1];\n\t\t\t\t}else{\n\t\t\t\t\treturn b[0]-a[0];\n\t\t\t\t}\n\t\t\t}\n\t\t});\n\t}\n}",
      "covered_code": "Given the provided Java program and the test case input `1\\n-1`, let's develop a plan for step-by-step execution to predict the code coverage. \n\n1. **Import Statements**: Always executed.\n    - `import java.io.*;`\n    - `import java.lang.*;`\n    - `import java.util.*;`\n    - `import java.math.*;`\n\n2. **Class Declarations**: Always executed.\n    - `class Solver extends Main{}`\n    - `class Main{}`\n\n3. **Main Method Declaration**: Always executed.\n    - `public static void main(String[] args) throws FileNotFoundException{}`\n\n4. **Variable Initializations and Method Calls within Main Method**:\n    - Scanner initialization and reading of `n` will be executed.\n    - The for loop for reading and storing `n` numbers will be executed.\n    - The initialization of variables `chain`, `fnd`, `idx`, `cnt`, and `memo` will be executed.\n    - The conditional checks and while loop logic will be executed based on the input.\n\n5. **Internal Logic and Method Calls**:\n    - The `readI(sc)` method is called to parse integers from the input, which will be executed.\n    - The conditional check `if(idx==1)` will not be satisfied since `idx=-1` based on input `-1`.\n    - The `while` loop condition `chain==true` will initiate but will exit after the first iteration because `idx=-1` is not a valid index for the `num` list, leading to an `IndexOutOfBoundsException`.\n\n6. **Output Method Calls**:\n    - The `puts` method call to print the result will be executed with the output being `-1`.\n\n7. **Instantiation of Solver Class**: Always executed.\n    - `new Solver();`\n\n8. **Suppressed Warnings**: Not applicable to code execution.\n\n9. **Handle Potential Exceptions**:\n    - If the `num.get(idx)` call within the while loop tries to access an invalid index (as it will in this case), it would cause an `IndexOutOfBoundsException`.\n\nCode Coverage Prediction:\n\n- All import statements: `>`\n- Class declarations (`Solver` and `Main`): `>`\n- Main method declaration: `>`\n- Variable initializations: `>`\n- Scanner initialization and input reading: `>`\n- The for loop for adding elements to the `num` list: `>`\n- The `readI(sc)` method call: `>`\n- Initialization of `chain`, `fnd`, `idx`, `cnt`, and `memo`: `>`\n- The conditional check `if(idx==1)`: `>`\n- While loop declaration: `>`\n- Inside while loop logic: Partial (`>` for initiation, `!` for parts depending on valid index access)\n- Output method calls (`puts`): `>`\n- Instantiation of `Solver` class: `>`\n\nException Raised:\n\n- `IndexOutOfBoundsException`: Due to attempting to access `num.get(idx)` where `idx=-1`.\n\nThe exact execution path and whether specific statements are executed or not heavily depend on the dynamic behavior of the program, especially due to the logic within loops and conditionals. The above plan provides a general outline of expected code coverage based on the provided input.",
      "test_seed_coverage": [
        ">",
        ">",
        ">",
        ">",
        ">",
        ">",
        ">",
        ">",
        ">",
        ">",
        ">",
        ">",
        ">",
        ">",
        ">",
        ">",
        ">",
        ">",
        ">",
        ">",
        ">",
        ">",
        ">",
        ">",
        ">",
        ">",
        ">",
        ">",
        ">",
        ">",
        ">",
        ">",
        ">",
        ">",
        ">",
        ">",
        ">",
        ">",
        ">",
        ">",
        ">",
        ">",
        ">",
        ">",
        ">",
        ">",
        ">",
        ">",
        ">",
        ">",
        ">",
        ">",
        ">",
        ">",
        ">",
        ">",
        ">",
        ">",
        ">",
        ">",
        ">",
        ">",
        ">",
        ">",
        ">",
        ">",
        ">",
        ">",
        ">",
        ">",
        ">",
        ">",
        ">",
        ">",
        ">",
        ">",
        ">",
        ">",
        ">",
        ">",
        ">",
        ">",
        ">",
        ">",
        ">",
        ">",
        ">",
        ">",
        ">",
        ">",
        ">",
        ">",
        ">",
        ">",
        ">",
        ">",
        ">",
        ">",
        ">",
        ">",
        ">",
        ">",
        ">",
        ">",
        ">",
        ">",
        ">",
        ">"
      ],
      "cumulative_coverage": [
        ">",
        ">",
        ">",
        ">",
        ">",
        ">",
        ">",
        ">",
        ">",
        ">",
        ">",
        ">",
        ">",
        ">",
        ">",
        ">",
        ">",
        ">",
        ">",
        ">",
        ">",
        ">",
        ">",
        ">",
        ">",
        ">",
        ">",
        ">",
        ">",
        ">",
        ">",
        ">",
        ">",
        ">",
        ">",
        ">",
        ">",
        ">",
        ">",
        ">",
        ">",
        ">",
        ">",
        ">",
        ">",
        ">",
        ">",
        ">",
        ">",
        ">",
        ">",
        ">",
        ">",
        ">",
        ">",
        ">",
        ">",
        ">",
        ">",
        ">",
        ">",
        ">",
        ">",
        ">",
        ">",
        ">",
        ">",
        ">",
        ">",
        ">",
        ">",
        ">",
        ">",
        ">",
        ">",
        ">",
        ">",
        ">",
        ">",
        ">",
        ">",
        ">",
        ">",
        ">",
        ">",
        ">",
        ">",
        ">",
        ">",
        ">",
        ">",
        ">",
        ">",
        ">",
        ">",
        ">",
        ">",
        ">",
        ">",
        ">",
        ">",
        ">",
        ">",
        ">",
        ">",
        ">",
        ">",
        ">"
      ],
      "cerberus_output": "FileNotFoundException, IndexOutOfBoundsException, Exceptions",
      "execution_result": "",
      "test_case_id": "2"
    },
    {
      "test_case": [
        "Test Case Input:\n3\n2\n1\n3"
      ],
      "test_mutations": [
        "Test Case Input:\n3\n2\n1\n3"
      ],
      "initial_code": "import java.io.*;\nimport java.lang.*;\nimport java.util.*;\nimport java.math.*;\nclass Solver extends Main{\n\tSolver(){\n\t}\n}\n@SuppressWarnings(\"unchecked\")\nclass Main{\n\tstatic int imax=Integer.MAX_VALUE;\n\tstatic long lmax=Long.MAX_VALUE;\n\tpublic static void main(String[] args) throws FileNotFoundException{\n\t\tScanner sc=new Scanner(System.in);\n\t\tint n=readI(sc);\n\t\tList<Integer> num=new ArrayList<Integer>();\n\t\tfor(int i=0;i<n; i++){\n\t\t\tnum.add(readI(sc)-1);\n\t\t}\n\t\tboolean chain=true;\n\t\tboolean fnd=false;\n\t\tint idx=num.get(0);\n\t\tint cnt=1;\n\t\tMap<Integer,Integer> memo=new HashMap<Integer,Integer>();\n\t\tmemo.put(idx,1);\nif(idx==1){\n\t\t\tfnd=true;\n\t\t\tchain=false;\n\t\t}\n\t\twhile(chain==true){\n\t\t\tidx=num.get(idx);\n\t\t\tif(memo.containsKey(idx)){\n\t\t\t\tmemo.put(idx,1);\n\t\t\t\tcnt+=1;\n\t\t\t\tif(idx==1){\n\t\t\t\t\tfnd=true;\n\t\t\t\t\tchain=false;\n\t\t\t\t}\n\t\t\t}else{\n\t\t\t\tchain=false;\n\t\t\t}\n\t\t}\n\t\tputs(fnd==true ? cnt : -1);\n\t\tnew Solver();\n\t}\n\tstatic int readI(Scanner sc){\n\t\treturn Integer.parseInt(sc.nextLine().trim());\n\t}\n\tstatic long readL(Scanner sc){\n\t\treturn Long.parseLong(sc.nextLine().trim());\n\t}\n\tstatic String readS(Scanner sc){\n\t\treturn sc.nextLine().trim();\n\t}\n\tstatic int[] readlnI(Scanner sc, String dl){\n\t\treturn Arrays.stream(sc.nextLine().trim().split(dl)).mapToInt(Integer::parseInt).toArray();\n\t}\n\tstatic long[] readlnL(Scanner sc, String dl){\n\t\treturn Arrays.stream(sc.nextLine().trim().split(dl)).mapToLong(Long::parseLong).toArray();\n\t}\n\tstatic String[] readlnS(Scanner sc, String dl){\n\t\treturn sc.nextLine().trim().split(dl);\n\t}\n\t@SuppressWarnings(\"unchecked\")\n\tstatic <T> void puts(T... args){\n\t\tfor(int i=0; i<args.length-1; i++){\n\t\t\tSystem.out.printf(\"%s \",args[i]);\n\t\t}\n\t\tSystem.out.println(args[args.length-1]);\n\t}\n\tstatic void puts(int[] ary){\n\t\tfor(int i=0; i<ary.length-1; i++){\n\t\t\tSystem.out.printf(\"%d \",ary[i]);\n\t\t}\n\t\tSystem.out.println(ary[ary.length-1]);\n\t}\n\tstatic void puts(long[] ary){\n\t\tfor(int i=0; i<ary.length-1; i++){\n\t\t\tSystem.out.printf(\"%d \",ary[i]);\n\t\t}\n\t\tSystem.out.println(ary[ary.length-1]);\n\t}\n\tstatic void bs(){\n\t\tSystem.out.println(\"\");\n\t}\n\tstatic int sum(int[] ary){\n\t\tint sum=0;\n\t\tfor(int i=0; i<ary.length; i++) sum+=ary[i];\n\t\treturn sum;\n\t}\n\tstatic long sum(long[] ary){\n\t\tlong sum=0;\n\t\tfor(int i=0; i<ary.length; i++) sum+=ary[i];\n\t\treturn sum;\n\t}\n\tstatic void tblSort(int[][] tbl){\n\t\tArrays.sort(tbl, new Comparator<int[]>(){\n\t\t\t@Override\n\t\t\tpublic int compare(int[] a, int[] b){\n\t\t\t\tif(a[0]==b[0]){\n\t\t\t\t\treturn b[1]-a[1];\n\t\t\t\t}else{\n\t\t\t\t\treturn b[0]-a[0];\n\t\t\t\t}\n\t\t\t}\n\t\t});\n\t}\n}",
      "covered_code": "Based on the provided Java program and the test case input of \"3\\n2\\n1\\n3\", let's develop a plan for step by step execution and predict the code coverage. \n\n1. **Import Statements**: Always executed, so all import statements are covered. \n2. **Class Declarations**: Both `Solver` and `Main` class declarations are executed since `Solver` is instantiated at the end of the `Main` method.\n3. **Main Method Execution**: The entry point of the program, hence always executed.\n4. **Reading Input**: The first call to `readI(sc)` to read `n` is executed. Following this, the for loop to read `n` numbers and subtract 1 from each before storing in `num` list is executed.\n5. **Initializations**: The variable initializations for `chain`, `fnd`, `idx`, `cnt`, and `memo` are executed.\n6. **If condition checking `idx==1`**: This is not satisfied with the given input (`idx` is 1 after subtraction, but the check happens before the loop), hence the block inside it is not executed.\n7. **While Loop Execution**: The loop condition is initially true, so the loop is entered. Inside the loop, the program attempts to get `num.get(idx)`, updates `memo`, and modifies `cnt`. It checks if `idx` is 1 to potentially set `fnd` to true and `chain` to false. In our case, this happens during the first iteration of the loop since `idx` is 1 after the first `num.get(idx)`.\n8. **Output**: The call to `puts(fnd==true ? cnt : -1)` is executed. Given the input, `fnd` is true, and `cnt` is 1, so it outputs `1`.\n9. **Instantiation of `Solver`**: A new `Solver` object is created at the end of the main method, so this statement is executed.\n10. **Utility Methods**: `readI`, `readL`, `readS`, `readlnI`, `readlnL`, `readlnS`, `puts`, `bs`, `sum`, and `tblSort` are all declared but only `readI` and `puts` are utilized as per the given input and flow of the program.\n\nNow let's map the execution to the code coverage indicators:\n\n> import java.io.*;\n> import java.lang.*;\n> import java.util.*;\n> import java.math.*;\n> class Solver extends Main{\n>     Solver(){\n>     }\n> }\n> @SuppressWarnings(\"unchecked\")\n> class Main{\n>     static int imax=Integer.MAX_VALUE;\n>     static long lmax=Long.MAX_VALUE;\n>     public static void main(String[] args) throws FileNotFoundException{\n>         Scanner sc=new Scanner(System.in);\n>         int n=readI(sc);\n>         List<Integer> num=new ArrayList<Integer>();\n>         for(int i=0;i<n; i++){\n>             num.add(readI(sc)-1);\n>         }\n>         boolean chain=true;\n>         boolean fnd=false;\n>         int idx=num.get(0);\n>         int cnt=1;\n>         Map<Integer,Integer> memo=new HashMap<Integer,Integer>();\n>         memo.put(idx,1);\n!         if(idx==1){\n!             fnd=true;\n!             chain=false;\n>         }\n>         while(chain==true){\n>             idx=num.get(idx);\n>             if(memo.containsKey(idx)){\n>                 memo.put(idx,1);\n>                 cnt+=1;\n>                 if(idx==1){\n>                     fnd=true;\n>                     chain=false;\n>                 }\n>             }else{\n>                 chain=false;\n>             }\n>         }\n>         puts(fnd==true ? cnt : -1);\n>         new Solver();\n>     }\n>     static int readI(Scanner sc){\n>         return Integer.parseInt(sc.nextLine().trim());\n>     }\n!     static long readL(Scanner sc){\n!         return Long.parseLong(sc.nextLine().trim());\n!     }\n!     static String readS(Scanner sc){\n!         return sc.nextLine().trim();\n!     }\n!     static int[] readlnI(Scanner sc, String dl){\n!         return Arrays.stream(sc.nextLine().trim().split(dl)).mapToInt(Integer::parseInt).toArray();\n!     }\n!     static long[] readlnL(Scanner sc, String dl){\n!         return Arrays.stream(sc.nextLine().trim().split(dl)).mapToLong(Long::parseLong).toArray();\n!     }\n!     static String[] readlnS(Scanner sc, String dl){\n!         return sc.nextLine().trim().split(dl);\n!     }\n>     @SuppressWarnings(\"unchecked\")\n>     static <T> void puts(T... args){\n>         for(int i=0; i<args.length-1; i++){\n>             System.out.printf(\"%s \",args[i]);\n>         }\n>         System.out.println(args[args.length-1]);\n>     }\n!     static void puts(int[] ary){\n!         for(int i=0; i<ary.length-1; i++){\n!             System.out.printf(\"%d \",ary[i]);\n!         }\n!         System.out.println(ary[ary.length-1]);\n!     }\n!     static void puts(long[] ary){\n!         for(int i=0; i<ary.length-1; i++){\n!             System.out.printf(\"%d \",ary[i]);\n!         }\n!         System.out.println(ary[ary.length-1]);\n!     }\n!     static void bs(){\n!         System.out.println(\"\");\n!     }\n!     static int sum(int[] ary){\n!         int sum=0;\n!         for(int i=0; i<ary.length; i++) sum+=ary[i];\n!         return sum;\n!     }\n!     static long sum(long[] ary){\n!         long sum=0;\n!         for(int i=0; i<ary.length; i++) sum+=ary[i];\n!         return sum;\n!     }\n!     static void tblSort(int[][] tbl){\n!         Arrays.sort(tbl, new Comparator<int[]>(){\n!             @Override\n!             public int compare(int[] a, int[] b){\n!                 if(a[0]==b[0]){\n!                     return b[1]-a[1];\n!                 }else{\n!                     return b[0]-a[0];\n!                 }\n!             }\n!         });\n!     }\n> }\n\n**OUTPUT:**\n1\n\nThis detailed step-by-step execution plan and the corresponding code coverage indicators reflect the execution path taken by the Java program given the specific input of \"3\\n2\\n1\\n3\".",
      "test_seed_coverage": [
        ">",
        ">",
        ">",
        ">",
        ">",
        ">",
        ">",
        ">",
        ">",
        ">",
        ">",
        ">",
        ">",
        ">",
        ">",
        ">",
        ">",
        ">",
        ">",
        ">",
        ">",
        ">",
        ">",
        ">",
        ">",
        ">",
        ">",
        ">",
        ">",
        ">",
        ">",
        ">",
        ">",
        ">",
        ">",
        ">",
        ">",
        ">",
        ">",
        ">",
        ">",
        ">",
        ">",
        ">",
        ">",
        ">",
        ">",
        ">",
        ">",
        ">",
        ">",
        ">",
        ">",
        ">",
        ">",
        ">",
        ">",
        ">",
        ">",
        ">",
        ">",
        ">",
        ">",
        ">",
        ">",
        ">",
        ">",
        ">",
        ">",
        ">",
        ">",
        ">",
        ">",
        ">",
        ">",
        ">",
        ">",
        ">",
        ">",
        ">",
        ">",
        ">",
        ">",
        ">",
        ">",
        ">",
        ">",
        ">",
        ">",
        ">",
        ">",
        ">",
        ">",
        ">",
        ">",
        ">",
        ">",
        ">",
        ">",
        ">",
        ">",
        ">",
        ">",
        ">",
        ">",
        ">",
        ">",
        ">"
      ],
      "cumulative_coverage": [
        ">",
        ">",
        ">",
        ">",
        ">",
        ">",
        ">",
        ">",
        ">",
        ">",
        ">",
        ">",
        ">",
        ">",
        ">",
        ">",
        ">",
        ">",
        ">",
        ">",
        ">",
        ">",
        ">",
        ">",
        ">",
        ">",
        ">",
        ">",
        ">",
        ">",
        ">",
        ">",
        ">",
        ">",
        ">",
        ">",
        ">",
        ">",
        ">",
        ">",
        ">",
        ">",
        ">",
        ">",
        ">",
        ">",
        ">",
        ">",
        ">",
        ">",
        ">",
        ">",
        ">",
        ">",
        ">",
        ">",
        ">",
        ">",
        ">",
        ">",
        ">",
        ">",
        ">",
        ">",
        ">",
        ">",
        ">",
        ">",
        ">",
        ">",
        ">",
        ">",
        ">",
        ">",
        ">",
        ">",
        ">",
        ">",
        ">",
        ">",
        ">",
        ">",
        ">",
        ">",
        ">",
        ">",
        ">",
        ">",
        ">",
        ">",
        ">",
        ">",
        ">",
        ">",
        ">",
        ">",
        ">",
        ">",
        ">",
        ">",
        ">",
        ">",
        ">",
        ">",
        ">",
        ">",
        ">",
        ">"
      ],
      "cerberus_output": "FileNotFoundException",
      "execution_result": "",
      "test_case_id": "3"
    },
    {
      "test_case": [
        "Test Case Input:\n-1\n\nTest Case Output:\nException in thread \"main\" java.util.InputMismatchException"
      ],
      "test_mutations": [
        "Test Case Input:\n-1\n\nTest Case Output:\nException in thread \"main\" java.util.InputMismatchException"
      ],
      "initial_code": "import java.io.*;\nimport java.lang.*;\nimport java.util.*;\nimport java.math.*;\nclass Solver extends Main{\n\tSolver(){\n\t}\n}\n@SuppressWarnings(\"unchecked\")\nclass Main{\n\tstatic int imax=Integer.MAX_VALUE;\n\tstatic long lmax=Long.MAX_VALUE;\n\tpublic static void main(String[] args) throws FileNotFoundException{\n\t\tScanner sc=new Scanner(System.in);\n\t\tint n=readI(sc);\n\t\tList<Integer> num=new ArrayList<Integer>();\n\t\tfor(int i=0;i<n; i++){\n\t\t\tnum.add(readI(sc)-1);\n\t\t}\n\t\tboolean chain=true;\n\t\tboolean fnd=false;\n\t\tint idx=num.get(0);\n\t\tint cnt=1;\n\t\tMap<Integer,Integer> memo=new HashMap<Integer,Integer>();\n\t\tmemo.put(idx,1);\nif(idx==1){\n\t\t\tfnd=true;\n\t\t\tchain=false;\n\t\t}\n\t\twhile(chain==true){\n\t\t\tidx=num.get(idx);\n\t\t\tif(memo.containsKey(idx)){\n\t\t\t\tmemo.put(idx,1);\n\t\t\t\tcnt+=1;\n\t\t\t\tif(idx==1){\n\t\t\t\t\tfnd=true;\n\t\t\t\t\tchain=false;\n\t\t\t\t}\n\t\t\t}else{\n\t\t\t\tchain=false;\n\t\t\t}\n\t\t}\n\t\tputs(fnd==true ? cnt : -1);\n\t\tnew Solver();\n\t}\n\tstatic int readI(Scanner sc){\n\t\treturn Integer.parseInt(sc.nextLine().trim());\n\t}\n\tstatic long readL(Scanner sc){\n\t\treturn Long.parseLong(sc.nextLine().trim());\n\t}\n\tstatic String readS(Scanner sc){\n\t\treturn sc.nextLine().trim();\n\t}\n\tstatic int[] readlnI(Scanner sc, String dl){\n\t\treturn Arrays.stream(sc.nextLine().trim().split(dl)).mapToInt(Integer::parseInt).toArray();\n\t}\n\tstatic long[] readlnL(Scanner sc, String dl){\n\t\treturn Arrays.stream(sc.nextLine().trim().split(dl)).mapToLong(Long::parseLong).toArray();\n\t}\n\tstatic String[] readlnS(Scanner sc, String dl){\n\t\treturn sc.nextLine().trim().split(dl);\n\t}\n\t@SuppressWarnings(\"unchecked\")\n\tstatic <T> void puts(T... args){\n\t\tfor(int i=0; i<args.length-1; i++){\n\t\t\tSystem.out.printf(\"%s \",args[i]);\n\t\t}\n\t\tSystem.out.println(args[args.length-1]);\n\t}\n\tstatic void puts(int[] ary){\n\t\tfor(int i=0; i<ary.length-1; i++){\n\t\t\tSystem.out.printf(\"%d \",ary[i]);\n\t\t}\n\t\tSystem.out.println(ary[ary.length-1]);\n\t}\n\tstatic void puts(long[] ary){\n\t\tfor(int i=0; i<ary.length-1; i++){\n\t\t\tSystem.out.printf(\"%d \",ary[i]);\n\t\t}\n\t\tSystem.out.println(ary[ary.length-1]);\n\t}\n\tstatic void bs(){\n\t\tSystem.out.println(\"\");\n\t}\n\tstatic int sum(int[] ary){\n\t\tint sum=0;\n\t\tfor(int i=0; i<ary.length; i++) sum+=ary[i];\n\t\treturn sum;\n\t}\n\tstatic long sum(long[] ary){\n\t\tlong sum=0;\n\t\tfor(int i=0; i<ary.length; i++) sum+=ary[i];\n\t\treturn sum;\n\t}\n\tstatic void tblSort(int[][] tbl){\n\t\tArrays.sort(tbl, new Comparator<int[]>(){\n\t\t\t@Override\n\t\t\tpublic int compare(int[] a, int[] b){\n\t\t\t\tif(a[0]==b[0]){\n\t\t\t\t\treturn b[1]-a[1];\n\t\t\t\t}else{\n\t\t\t\t\treturn b[0]-a[0];\n\t\t\t\t}\n\t\t\t}\n\t\t});\n\t}\n}",
      "covered_code": "To accurately predict the code coverage based on the provided test case input (-1) and the output (Exception in thread \"main\" java.util.InputMismatchException), let's follow the step-by-step execution plan for the given Java program.\n\n1. **Import Statements Execution**: All import statements are executed as they are required for the program compilation.\n    ```\n    > import java.io.*;\n    > import java.lang.*;\n    > import java.util.*;\n    > import java.math.*;\n    ```\n\n2. **Class Declarations Execution**: The class declarations for `Solver` and `Main` are always executed as part of the program's structure.\n    ```\n    > class Solver extends Main{\n    > class Main{\n    ```\n\n3. **Main Method Execution**: The `main` method is the entry point of the program and thus always executed.\n    ```\n    > public static void main(String[] args) throws FileNotFoundException{\n    ```\n\n4. **Scanner and Variable Initialization**: The Scanner object for reading inputs and variable declarations are executed.\n    ```\n    > Scanner sc=new Scanner(System.in);\n    > int n=readI(sc);\n    > List<Integer> num=new ArrayList<Integer>();\n    ```\n\n5. **For Loop Execution**: The for loop is intended to execute `n` times. However, due to the test case input `-1`, the `readI(sc)` method will throw an `InputMismatchException` when attempting to parse `-1` as an integer for `n`, leading to a runtime exception.\n    ```\n    ! for(int i=0;i<n; i++){\n    ```\n\n6. **Boolean and Map Initialization**: These lines are not executed due to the exception before reaching this point.\n    ```\n    ! boolean chain=true;\n    ! boolean fnd=false;\n    ! int idx=num.get(0); // This also involves accessing a list element, which would not be reached.\n    ! int cnt=1;\n    ! Map<Integer,Integer> memo=new HashMap<Integer,Integer>();\n    ```\n\n7. **Conditional Check**: The condition checking `idx` and the while loop control are not executed because the program terminates before reaching this logic due to the exception.\n    ```\n    ! if(idx==1){\n    ! while(chain==true){\n    ```\n\n8. **Utility Methods**: Since the exception occurs before any utility method (`readI`, `readL`, `readS`, `readlnI`, `readlnL`, `readlnS`, `puts`, `bs`, `sum`, `tblSort`) is effectively utilized in a context that affects the program flow, their execution is not demonstrated in this scenario.\n    ```\n    > static int readI(Scanner sc){\n    > static long readL(Scanner sc){\n    > static String readS(Scanner sc){\n    > static int[] readlnI(Scanner sc, String dl){\n    > static long[] readlnL(Scanner sc, String dl){\n    > static String[] readlnS(Scanner sc, String dl){\n    > static <T> void puts(T... args){\n    > static void puts(int[] ary){\n    > static void puts(long[] ary){\n    > static void bs(){\n    > static int sum(int[] ary){\n    > static long sum(long[] ary){\n    > static void tblSort(int[][] tbl){\n    ```\n\n9. **Solver Class Constructor**: The instantiation of the `Solver` class is not reached due to the exception.\n    ```\n    ! new Solver();\n    ```\n\nThus, the final code coverage, highlighting the parts of the code that were executed before the exception occurred, and those that were not reached, is as follows:\n\n```\n> import java.io.*;\n> import java.lang.*;\n> import java.util.*;\n> import java.math.*;\n> class Solver extends Main{\n> class Main{\n> public static void main(String[] args) throws FileNotFoundException{\n> Scanner sc=new Scanner(System.in);\n> int n=readI(sc);\n! List<Integer> num=new ArrayList<Integer>();\n! for(int i=0;i<n; i++){\n! boolean chain=true;\n! boolean fnd=false;\n! int idx=num.get(0);\n! int cnt=1;\n! Map<Integer,Integer> memo=new HashMap<Integer,Integer>();\n! if(idx==1){\n! while(chain==true){\n> static int readI(Scanner sc){\n> static long readL(Scanner sc){\n> static String readS(Scanner sc){\n> static int[] readlnI(Scanner sc, String dl){\n> static long[] readlnL(Scanner sc, String dl){\n> static String[] readlnS(Scanner sc, String dl){\n> static <T> void puts(T... args){\n> static void puts(int[] ary){\n> static void puts(long[] ary){\n> static void bs(){\n> static int sum(int[] ary){\n> static long sum(long[] ary){\n> static void tblSort(int[][] tbl){\n! new Solver();\n```\n\n**Output**: \n```\nException in thread \"main\" java.util.InputMismatchException\n```",
      "test_seed_coverage": [
        ">",
        ">",
        ">",
        ">",
        ">",
        ">",
        ">",
        ">",
        ">",
        ">",
        ">",
        ">",
        ">",
        ">",
        ">",
        ">",
        ">",
        ">",
        ">",
        ">",
        ">",
        ">",
        ">",
        ">",
        ">",
        ">",
        ">",
        ">",
        ">",
        ">",
        ">",
        ">",
        ">",
        ">",
        ">",
        ">",
        ">",
        ">",
        ">",
        ">",
        ">",
        ">",
        ">",
        ">",
        ">",
        ">",
        ">",
        ">",
        ">",
        ">",
        ">",
        ">",
        ">",
        ">",
        ">",
        ">",
        ">",
        ">",
        ">",
        ">",
        ">",
        ">",
        ">",
        ">",
        ">",
        ">",
        ">",
        ">",
        ">",
        ">",
        ">",
        ">",
        ">",
        ">",
        ">",
        ">",
        ">",
        ">",
        ">",
        ">",
        ">",
        ">",
        ">",
        ">",
        ">",
        ">",
        ">",
        ">",
        ">",
        ">",
        ">",
        ">",
        ">",
        ">",
        ">",
        ">",
        ">",
        ">",
        ">",
        ">",
        ">",
        ">",
        ">",
        ">",
        ">",
        ">",
        ">",
        ">"
      ],
      "cumulative_coverage": [
        ">",
        ">",
        ">",
        ">",
        ">",
        ">",
        ">",
        ">",
        ">",
        ">",
        ">",
        ">",
        ">",
        ">",
        ">",
        ">",
        ">",
        ">",
        ">",
        ">",
        ">",
        ">",
        ">",
        ">",
        ">",
        ">",
        ">",
        ">",
        ">",
        ">",
        ">",
        ">",
        ">",
        ">",
        ">",
        ">",
        ">",
        ">",
        ">",
        ">",
        ">",
        ">",
        ">",
        ">",
        ">",
        ">",
        ">",
        ">",
        ">",
        ">",
        ">",
        ">",
        ">",
        ">",
        ">",
        ">",
        ">",
        ">",
        ">",
        ">",
        ">",
        ">",
        ">",
        ">",
        ">",
        ">",
        ">",
        ">",
        ">",
        ">",
        ">",
        ">",
        ">",
        ">",
        ">",
        ">",
        ">",
        ">",
        ">",
        ">",
        ">",
        ">",
        ">",
        ">",
        ">",
        ">",
        ">",
        ">",
        ">",
        ">",
        ">",
        ">",
        ">",
        ">",
        ">",
        ">",
        ">",
        ">",
        ">",
        ">",
        ">",
        ">",
        ">",
        ">",
        ">",
        ">",
        ">",
        ">"
      ],
      "cerberus_output": "FileNotFoundException, InputMismatchException",
      "execution_result": "",
      "test_case_id": "4"
    },
    {
      "test_case": [
        "Test Case Input:\n\n1\n-1"
      ],
      "test_mutations": [
        "Test Case Input:\n\n1\n-1"
      ],
      "initial_code": "import java.io.*;\nimport java.lang.*;\nimport java.util.*;\nimport java.math.*;\nclass Solver extends Main{\n\tSolver(){\n\t}\n}\n@SuppressWarnings(\"unchecked\")\nclass Main{\n\tstatic int imax=Integer.MAX_VALUE;\n\tstatic long lmax=Long.MAX_VALUE;\n\tpublic static void main(String[] args) throws FileNotFoundException{\n\t\tScanner sc=new Scanner(System.in);\n\t\tint n=readI(sc);\n\t\tList<Integer> num=new ArrayList<Integer>();\n\t\tfor(int i=0;i<n; i++){\n\t\t\tnum.add(readI(sc)-1);\n\t\t}\n\t\tboolean chain=true;\n\t\tboolean fnd=false;\n\t\tint idx=num.get(0);\n\t\tint cnt=1;\n\t\tMap<Integer,Integer> memo=new HashMap<Integer,Integer>();\n\t\tmemo.put(idx,1);\nif(idx==1){\n\t\t\tfnd=true;\n\t\t\tchain=false;\n\t\t}\n\t\twhile(chain==true){\n\t\t\tidx=num.get(idx);\n\t\t\tif(memo.containsKey(idx)){\n\t\t\t\tmemo.put(idx,1);\n\t\t\t\tcnt+=1;\n\t\t\t\tif(idx==1){\n\t\t\t\t\tfnd=true;\n\t\t\t\t\tchain=false;\n\t\t\t\t}\n\t\t\t}else{\n\t\t\t\tchain=false;\n\t\t\t}\n\t\t}\n\t\tputs(fnd==true ? cnt : -1);\n\t\tnew Solver();\n\t}\n\tstatic int readI(Scanner sc){\n\t\treturn Integer.parseInt(sc.nextLine().trim());\n\t}\n\tstatic long readL(Scanner sc){\n\t\treturn Long.parseLong(sc.nextLine().trim());\n\t}\n\tstatic String readS(Scanner sc){\n\t\treturn sc.nextLine().trim();\n\t}\n\tstatic int[] readlnI(Scanner sc, String dl){\n\t\treturn Arrays.stream(sc.nextLine().trim().split(dl)).mapToInt(Integer::parseInt).toArray();\n\t}\n\tstatic long[] readlnL(Scanner sc, String dl){\n\t\treturn Arrays.stream(sc.nextLine().trim().split(dl)).mapToLong(Long::parseLong).toArray();\n\t}\n\tstatic String[] readlnS(Scanner sc, String dl){\n\t\treturn sc.nextLine().trim().split(dl);\n\t}\n\t@SuppressWarnings(\"unchecked\")\n\tstatic <T> void puts(T... args){\n\t\tfor(int i=0; i<args.length-1; i++){\n\t\t\tSystem.out.printf(\"%s \",args[i]);\n\t\t}\n\t\tSystem.out.println(args[args.length-1]);\n\t}\n\tstatic void puts(int[] ary){\n\t\tfor(int i=0; i<ary.length-1; i++){\n\t\t\tSystem.out.printf(\"%d \",ary[i]);\n\t\t}\n\t\tSystem.out.println(ary[ary.length-1]);\n\t}\n\tstatic void puts(long[] ary){\n\t\tfor(int i=0; i<ary.length-1; i++){\n\t\t\tSystem.out.printf(\"%d \",ary[i]);\n\t\t}\n\t\tSystem.out.println(ary[ary.length-1]);\n\t}\n\tstatic void bs(){\n\t\tSystem.out.println(\"\");\n\t}\n\tstatic int sum(int[] ary){\n\t\tint sum=0;\n\t\tfor(int i=0; i<ary.length; i++) sum+=ary[i];\n\t\treturn sum;\n\t}\n\tstatic long sum(long[] ary){\n\t\tlong sum=0;\n\t\tfor(int i=0; i<ary.length; i++) sum+=ary[i];\n\t\treturn sum;\n\t}\n\tstatic void tblSort(int[][] tbl){\n\t\tArrays.sort(tbl, new Comparator<int[]>(){\n\t\t\t@Override\n\t\t\tpublic int compare(int[] a, int[] b){\n\t\t\t\tif(a[0]==b[0]){\n\t\t\t\t\treturn b[1]-a[1];\n\t\t\t\t}else{\n\t\t\t\t\treturn b[0]-a[0];\n\t\t\t\t}\n\t\t\t}\n\t\t});\n\t}\n}",
      "covered_code": "Given the test case input `1 -1`, let's follow the execution plan for the given Java program and predict the code coverage.\n\n1. **Class and Import Declarations**: Always executed.\n    - `import java.io.*;`\n    - `import java.lang.*;`\n    - `import java.util.*;`\n    - `import java.math.*;`\n    - `class Solver extends Main{...}`\n    - `@SuppressWarnings(\"unchecked\") class Main{...}`\n\n2. **Static Variables Initialization**: Always executed.\n    - `static int imax=Integer.MAX_VALUE;`\n    - `static long lmax=Long.MAX_VALUE;`\n\n3. **Main Method Execution**: Always executed.\n    - `public static void main(String[] args) throws FileNotFoundException{...}`\n\n4. **Reading the Input**: Executed once.\n    - `Scanner sc=new Scanner(System.in);`\n    - `int n=readI(sc);`  // `n` is 1 based on the input `1`.\n\n5. **For Loop**: Executes once because `n` is 1.\n    - `for(int i=0;i<n; i++){...}`\n\n6. **Variable Declarations and Initializations**: Always executed within the scope of the given input.\n    - `List<Integer> num=new ArrayList<Integer>();`\n    - `boolean chain=true;`\n    - `boolean fnd=false;`\n    - `int idx=num.get(0);`  // This will cause an IndexOutOfBoundsException.\n    - `int cnt=1;`\n    - `Map<Integer,Integer> memo=new HashMap<Integer,Integer>();`\n\n7. **Conditional and Loop Statements**: Not executed due to the exception before reaching this point.\n    - `if(idx==1){...}`\n    - `while(chain==true){...}`\n\n8. **Method Calls**: `readI(sc)` is executed to read `n` and the first number `-1`. Other methods defined (`readL`, `readS`, `readlnI`, `readlnL`, `readlnS`, `puts`, `bs`, `sum`, `tblSort`) are not executed based on the given test input.\n    - `static int readI(Scanner sc){...}`\n\n9. **Solver Object Creation**: Not reached due to exception.\n    - `new Solver();`\n\nGiven the execution flow and considering the test case `1 -1`, let's provide the code coverage indicators:\n\n```\n> import java.io.*;\n> import java.lang.*;\n> import java.util.*;\n> import java.math.*;\n> class Solver extends Main{\n>     Solver(){\n>     }\n> }\n> @SuppressWarnings(\"unchecked\")\n> class Main{\n>     static int imax=Integer.MAX_VALUE;\n>     static long lmax=Long.MAX_VALUE;\n>     public static void main(String[] args) throws FileNotFoundException{\n>         Scanner sc=new Scanner(System.in);\n>         int n=readI(sc);\n>         List<Integer> num=new ArrayList<Integer>();\n>         for(int i=0;i<n; i++){\n>             num.add(readI(sc)-1);\n>         }\n!         boolean chain=true;\n!         boolean fnd=false;\n!         int idx=num.get(0); // This causes IndexOutOfBoundsException\n!         int cnt=1;\n!         Map<Integer,Integer> memo=new HashMap<Integer,Integer>();\n!         memo.put(idx,1);\n!         if(idx==1){\n!             fnd=true;\n!             chain=false;\n!         }\n!         while(chain==true){\n!             idx=num.get(idx);\n!             if(memo.containsKey(idx)){\n!                 memo.put(idx,1);\n!                 cnt+=1;\n!                 if(idx==1){\n!                     fnd=true;\n!                     chain=false;\n!                 }\n!             }else{\n!                 chain=false;\n!             }\n!         }\n!         puts(fnd==true ? cnt : -1);\n!         new Solver();\n>     }\n>     static int readI(Scanner sc){\n>         return Integer.parseInt(sc.nextLine().trim());\n>     }\n>     static long readL(Scanner sc){\n!         return Long.parseLong(sc.nextLine().trim());\n>     }\n>     static String readS(Scanner sc){\n!         return sc.nextLine().trim();\n>     }\n>     static int[] readlnI(Scanner sc, String dl){\n!         return Arrays.stream(sc.nextLine().trim().split(dl)).mapToInt(Integer::parseInt).toArray();\n>     }\n>     static long[] readlnL(Scanner sc, String dl){\n!         return Arrays.stream(sc.nextLine().trim().split(dl)).mapToLong(Long::parseLong).toArray();\n>     }\n>     static String[] readlnS(Scanner sc, String dl){\n!         return sc.nextLine().trim().split(dl);\n>     }\n>     @SuppressWarnings(\"unchecked\")\n>     static <T> void puts(T... args){\n!         for(int i=0; i<args.length-1; i++){\n!             System.out.printf(\"%s \",args[i]);\n!         }\n!         System.out.println(args[args.length-1]);\n>     }\n>     static void puts(int[] ary){\n!         for(int i=0; i<ary.length-1; i++){\n!             System.out.printf(\"%d \",ary[i]);\n!         }\n!         System.out.println(ary[ary.length-1]);\n>     }\n>     static void puts(long[] ary){\n!         for(int i=0; i<ary.length-1; i++){\n!             System.out.printf(\"%d \",ary[i]);\n!         }\n!         System.out.println(ary[ary.length-1]);\n>     }\n>     static void bs(){\n!         System.out.println(\"\");\n>     }\n>     static int sum(int[] ary){\n!         int sum=0;\n!         for(int i=0; i<ary.length; i++) sum+=ary[i];\n!         return sum;\n>     }\n>     static long sum(long[] ary){\n!         long sum=0;\n!         for(int i=0; i<ary.length; i++) sum+=ary[i];\n!         return sum;\n>     }\n>     static void tblSort(int[][] tbl){\n!         Arrays.sort(tbl, new Comparator<int[]>(){\n!             @Override\n!             public int compare(int[] a, int[] b){\n!                 if(a[0]==b[0]){\n!                     return b[1]-a[1];\n!                 }else{\n!                     return b[0]-a[0];\n!                 }\n!             }\n>         });\n>     }\n> }\n```\n**OUTPUT:**\nRuntime Exception Raised: IndexOutOfBoundsException",
      "test_seed_coverage": [
        ">",
        ">",
        ">",
        ">",
        ">",
        ">",
        ">",
        ">",
        ">",
        ">",
        ">",
        ">",
        ">",
        ">",
        ">",
        ">",
        ">",
        ">",
        ">",
        ">",
        ">",
        ">",
        ">",
        ">",
        ">",
        ">",
        ">",
        ">",
        ">",
        ">",
        ">",
        ">",
        ">",
        ">",
        ">",
        ">",
        ">",
        ">",
        ">",
        ">",
        ">",
        ">",
        ">",
        ">",
        ">",
        ">",
        ">",
        ">",
        ">",
        ">",
        ">",
        ">",
        ">",
        ">",
        ">",
        ">",
        ">",
        ">",
        ">",
        ">",
        ">",
        ">",
        ">",
        ">",
        ">",
        ">",
        ">",
        ">",
        ">",
        ">",
        ">",
        ">",
        ">",
        ">",
        ">",
        ">",
        ">",
        ">",
        ">",
        ">",
        ">",
        ">",
        ">",
        ">",
        ">",
        ">",
        ">",
        ">",
        ">",
        ">",
        ">",
        ">",
        ">",
        ">",
        ">",
        ">",
        ">",
        ">",
        ">",
        ">",
        ">",
        ">",
        ">",
        ">",
        ">",
        ">",
        ">",
        ">"
      ],
      "cumulative_coverage": [
        ">",
        ">",
        ">",
        ">",
        ">",
        ">",
        ">",
        ">",
        ">",
        ">",
        ">",
        ">",
        ">",
        ">",
        ">",
        ">",
        ">",
        ">",
        ">",
        ">",
        ">",
        ">",
        ">",
        ">",
        ">",
        ">",
        ">",
        ">",
        ">",
        ">",
        ">",
        ">",
        ">",
        ">",
        ">",
        ">",
        ">",
        ">",
        ">",
        ">",
        ">",
        ">",
        ">",
        ">",
        ">",
        ">",
        ">",
        ">",
        ">",
        ">",
        ">",
        ">",
        ">",
        ">",
        ">",
        ">",
        ">",
        ">",
        ">",
        ">",
        ">",
        ">",
        ">",
        ">",
        ">",
        ">",
        ">",
        ">",
        ">",
        ">",
        ">",
        ">",
        ">",
        ">",
        ">",
        ">",
        ">",
        ">",
        ">",
        ">",
        ">",
        ">",
        ">",
        ">",
        ">",
        ">",
        ">",
        ">",
        ">",
        ">",
        ">",
        ">",
        ">",
        ">",
        ">",
        ">",
        ">",
        ">",
        ">",
        ">",
        ">",
        ">",
        ">",
        ">",
        ">",
        ">",
        ">",
        ">"
      ],
      "cerberus_output": "FileNotFoundException, IndexOutOfBoundsException",
      "execution_result": "",
      "test_case_id": "5"
    },
    {
      "test_case": [
        "Test Case Input:\n1\n1"
      ],
      "test_mutations": [
        "Test Case Input:\n1\n1"
      ],
      "initial_code": "import java.io.*;\nimport java.lang.*;\nimport java.util.*;\nimport java.math.*;\nclass Solver extends Main{\n\tSolver(){\n\t}\n}\n@SuppressWarnings(\"unchecked\")\nclass Main{\n\tstatic int imax=Integer.MAX_VALUE;\n\tstatic long lmax=Long.MAX_VALUE;\n\tpublic static void main(String[] args) throws FileNotFoundException{\n\t\tScanner sc=new Scanner(System.in);\n\t\tint n=readI(sc);\n\t\tList<Integer> num=new ArrayList<Integer>();\n\t\tfor(int i=0;i<n; i++){\n\t\t\tnum.add(readI(sc)-1);\n\t\t}\n\t\tboolean chain=true;\n\t\tboolean fnd=false;\n\t\tint idx=num.get(0);\n\t\tint cnt=1;\n\t\tMap<Integer,Integer> memo=new HashMap<Integer,Integer>();\n\t\tmemo.put(idx,1);\nif(idx==1){\n\t\t\tfnd=true;\n\t\t\tchain=false;\n\t\t}\n\t\twhile(chain==true){\n\t\t\tidx=num.get(idx);\n\t\t\tif(memo.containsKey(idx)){\n\t\t\t\tmemo.put(idx,1);\n\t\t\t\tcnt+=1;\n\t\t\t\tif(idx==1){\n\t\t\t\t\tfnd=true;\n\t\t\t\t\tchain=false;\n\t\t\t\t}\n\t\t\t}else{\n\t\t\t\tchain=false;\n\t\t\t}\n\t\t}\n\t\tputs(fnd==true ? cnt : -1);\n\t\tnew Solver();\n\t}\n\tstatic int readI(Scanner sc){\n\t\treturn Integer.parseInt(sc.nextLine().trim());\n\t}\n\tstatic long readL(Scanner sc){\n\t\treturn Long.parseLong(sc.nextLine().trim());\n\t}\n\tstatic String readS(Scanner sc){\n\t\treturn sc.nextLine().trim();\n\t}\n\tstatic int[] readlnI(Scanner sc, String dl){\n\t\treturn Arrays.stream(sc.nextLine().trim().split(dl)).mapToInt(Integer::parseInt).toArray();\n\t}\n\tstatic long[] readlnL(Scanner sc, String dl){\n\t\treturn Arrays.stream(sc.nextLine().trim().split(dl)).mapToLong(Long::parseLong).toArray();\n\t}\n\tstatic String[] readlnS(Scanner sc, String dl){\n\t\treturn sc.nextLine().trim().split(dl);\n\t}\n\t@SuppressWarnings(\"unchecked\")\n\tstatic <T> void puts(T... args){\n\t\tfor(int i=0; i<args.length-1; i++){\n\t\t\tSystem.out.printf(\"%s \",args[i]);\n\t\t}\n\t\tSystem.out.println(args[args.length-1]);\n\t}\n\tstatic void puts(int[] ary){\n\t\tfor(int i=0; i<ary.length-1; i++){\n\t\t\tSystem.out.printf(\"%d \",ary[i]);\n\t\t}\n\t\tSystem.out.println(ary[ary.length-1]);\n\t}\n\tstatic void puts(long[] ary){\n\t\tfor(int i=0; i<ary.length-1; i++){\n\t\t\tSystem.out.printf(\"%d \",ary[i]);\n\t\t}\n\t\tSystem.out.println(ary[ary.length-1]);\n\t}\n\tstatic void bs(){\n\t\tSystem.out.println(\"\");\n\t}\n\tstatic int sum(int[] ary){\n\t\tint sum=0;\n\t\tfor(int i=0; i<ary.length; i++) sum+=ary[i];\n\t\treturn sum;\n\t}\n\tstatic long sum(long[] ary){\n\t\tlong sum=0;\n\t\tfor(int i=0; i<ary.length; i++) sum+=ary[i];\n\t\treturn sum;\n\t}\n\tstatic void tblSort(int[][] tbl){\n\t\tArrays.sort(tbl, new Comparator<int[]>(){\n\t\t\t@Override\n\t\t\tpublic int compare(int[] a, int[] b){\n\t\t\t\tif(a[0]==b[0]){\n\t\t\t\t\treturn b[1]-a[1];\n\t\t\t\t}else{\n\t\t\t\t\treturn b[0]-a[0];\n\t\t\t\t}\n\t\t\t}\n\t\t});\n\t}\n}",
      "covered_code": "Given the Java program structure and the test case input '1\\n1', let's develop a plan to execute this step by step to predict the code coverage.\n\n1. **Import statements**: Always executed. All import statements will be marked as executed.\n   \n2. **Class Declarations**: The declarations of the `Solver` and `Main` classes are always executed.\n\n3. **Static Variable Declarations**: The declarations of `imax` and `lmax` in the `Main` class are always executed.\n\n4. **Main method execution**: The entry point of the program. Thus, the declaration and the body of the `main` method are executed.\n\n5. **Scanner object creation**: The statement initializing the `Scanner` object `sc` is executed.\n\n6. **Read input 'n'**: The `readI(sc)` method is called to read the input 'n'. Since the input is '1', this method is executed, and 'n' is set to 1.\n\n7. **List creation and population**: The loop for populating the list `num` will execute once due to the input 'n = 1'. The `readI(sc)` method is called inside the loop to read the next integer, which is '1'. The list `num` will be populated with the value '0' after decrementing.\n\n8. **Variable Declarations and Initializations**: The boolean variables `chain` and `fnd`, the integer variables `idx` and `cnt`, and the `HashMap` `memo` are all initialized and hence, these lines are executed.\n\n9. **Condition checks and while loop**: The `if(idx==1)` statement is executed but evaluates to false since `idx` is '0'. The while loop condition `while(chain==true)` is true initially, and the loop is entered.\n\n10. **While Loop Execution**: Inside the loop, the statement `idx=num.get(idx);` attempts to access the element at index '0', which exists. The condition `if(memo.containsKey(idx))` is false since the `idx` is now '0' and not yet put into `memo`. The `else` block sets `chain` to false, breaking the loop.\n\n11. **Output**: The `puts(fnd==true ? cnt : -1);` statement is executed. Since `fnd` is false, `-1` is printed.\n\n12. **Solver Class Instance Creation**: The statement `new Solver();` is executed.\n\n13. **Method Declarations**: All methods (`readI`, `readL`, `readS`, `readlnI`, `readlnL`, `readlnS`, `puts`, `bs`, `sum`, `tblSort`) are considered part of the class and not executed unless called. The methods `readI`, `puts` were called and hence are considered executed.\n\nFollowing these steps, we predict the code coverage as:\n\n- All import statements and class declarations are executed.\n- All static variable declarations in the `Main` class are executed.\n- The `main` method is fully executed.\n- The `readI` and `puts` methods are executed.\n- The loop for populating the list `num` is executed once.\n- The `if` condition checking `idx==1` immediately after list population is executed but evaluates to false.\n- The while loop is executed at least once, but terminates due to the `else` condition inside it.\n- The `Solver` class constructor is called but does nothing.\n\nAll other methods (`readL`, `readS`, `readlnI`, `readlnL`, `readlnS`, `bs`, `sum`, `tblSort`) are not executed based on the given input and program flow.",
      "test_seed_coverage": [
        ">",
        ">",
        ">",
        ">",
        ">",
        ">",
        ">",
        ">",
        ">",
        ">",
        ">",
        ">",
        ">",
        ">",
        ">",
        ">",
        ">",
        ">",
        ">",
        ">",
        ">",
        ">",
        ">",
        ">",
        ">",
        ">",
        ">",
        ">",
        ">",
        ">",
        ">",
        ">",
        ">",
        ">",
        ">",
        ">",
        ">",
        ">",
        ">",
        ">",
        ">",
        ">",
        ">",
        ">",
        ">",
        ">",
        ">",
        ">",
        ">",
        ">",
        ">",
        ">",
        ">",
        ">",
        ">",
        ">",
        ">",
        ">",
        ">",
        ">",
        ">",
        ">",
        ">",
        ">",
        ">",
        ">",
        ">",
        ">",
        ">",
        ">",
        ">",
        ">",
        ">",
        ">",
        ">",
        ">",
        ">",
        ">",
        ">",
        ">",
        ">",
        ">",
        ">",
        ">",
        ">",
        ">",
        ">",
        ">",
        ">",
        ">",
        ">",
        ">",
        ">",
        ">",
        ">",
        ">",
        ">",
        ">",
        ">",
        ">",
        ">",
        ">",
        ">",
        ">",
        ">",
        ">",
        ">",
        ">"
      ],
      "cumulative_coverage": [
        ">",
        ">",
        ">",
        ">",
        ">",
        ">",
        ">",
        ">",
        ">",
        ">",
        ">",
        ">",
        ">",
        ">",
        ">",
        ">",
        ">",
        ">",
        ">",
        ">",
        ">",
        ">",
        ">",
        ">",
        ">",
        ">",
        ">",
        ">",
        ">",
        ">",
        ">",
        ">",
        ">",
        ">",
        ">",
        ">",
        ">",
        ">",
        ">",
        ">",
        ">",
        ">",
        ">",
        ">",
        ">",
        ">",
        ">",
        ">",
        ">",
        ">",
        ">",
        ">",
        ">",
        ">",
        ">",
        ">",
        ">",
        ">",
        ">",
        ">",
        ">",
        ">",
        ">",
        ">",
        ">",
        ">",
        ">",
        ">",
        ">",
        ">",
        ">",
        ">",
        ">",
        ">",
        ">",
        ">",
        ">",
        ">",
        ">",
        ">",
        ">",
        ">",
        ">",
        ">",
        ">",
        ">",
        ">",
        ">",
        ">",
        ">",
        ">",
        ">",
        ">",
        ">",
        ">",
        ">",
        ">",
        ">",
        ">",
        ">",
        ">",
        ">",
        ">",
        ">",
        ">",
        ">",
        ">",
        ">"
      ],
      "cerberus_output": "",
      "execution_result": "",
      "test_case_id": "6"
    }
  ]
}