{
  "submission_id": "s181766457",
  "cycles": [
    {
      "test_case": [
        "Test Case Input:\n4\n1 2\n3 4\n5 6\n7 8"
      ],
      "test_mutations": [
        "Test Case Input:\n4\n1 2\n3 4\n5 6\n7 8"
      ],
      "initial_code": "import java.io.BufferedReader;\nimport java.io.IOException;\nimport java.io.InputStream;\nimport java.io.InputStreamReader;\nimport java.io.UncheckedIOException;\nimport java.util.StringTokenizer;\nclass Main{\n\tstatic long[][] ryori;\n\tpublic static void main(String[] args) {\n\t\tSC sc=new SC(System.in);\n\t\tint N=sc.nextInt();\n\t\tryori=new long[N][3];\n\t\tlong a,t;\n\t\tfor(int i=0; i<N; i++) {\n\t\t\tt=sc.nextLong();\n\t\t\ta=sc.nextLong();\n\t\t\tryori[i][0]=t+a;\n\t\t\tryori[i][1]=t;\n\t\t\tryori[i][2]=a;\n\t\t}\n\t\tlong tkhs=0;\n\t\tlong aoki=0;\n\t\tfor(int i=0; i<N; i++) {\n\t\t\tif(i%2==0) {\n\t\t\t\ttkhs+=ryori[N-1-i][1];\n\t\t\t}\n\t\t\telse {\n\t\t\t\taoki+=ryori[N-i-i][2];\n\t\t\t}\n\t\t}\n\t\tpl(tkhs-aoki);\n\t}\n\tpublic static void pl(Object o) {\n\t\tSystem.out.println(o);\n\t}\n\tpublic static void pl() {\n\t\tSystem.out.println();\n\t}\n\tpublic static void p(Object o) {\n\t\tSystem.out.print(o);\n\t}\n\tstatic class SC {\n\t\tprivate BufferedReader reader = null;\n\t\tprivate StringTokenizer tokenizer = null;\n\t\tpublic SC(InputStream in) {\n\t\t\treader = new BufferedReader(new InputStreamReader(in));\n\t\t}\n\t\tpublic String next() {\n\t\t\tif (tokenizer == null || !tokenizer.hasMoreTokens()) {\n\t\t\t\ttry {\n\t\t\t\t\ttokenizer = new StringTokenizer(reader.readLine());\n\t\t\t\t} catch (IOException e) {\n\t\t\t\t\tthrow new UncheckedIOException(e);\n\t\t\t\t}\n\t\t\t}\n\t\t\treturn tokenizer.nextToken();\n\t\t}\n\t\tpublic int nextInt() {\n\t\t\treturn Integer.parseInt(next());\n\t\t}\n\t\tpublic long nextLong() {\n\t\t\treturn Long.parseLong(next());\n\t\t}\n\t\tpublic double nextDouble() {\n\t\t\treturn Double.parseDouble(next());\n\t\t}\n\t\tpublic String nextLine() {\n\t\t\ttry {\n\t\t\t\treturn reader.readLine();\n\t\t\t} catch (IOException e) {\n\t\t\t\tthrow new UncheckedIOException(e);\n\t\t\t}\n\t\t}\n\t}\n\tstatic void q(long[][] d, int left, int right) {\n\t\tif (left>=right) {\n\t\t\treturn;\n\t\t}\n\t\tlong p = d[(left+right)/2][0];\n\t\tint l = left, r = right;\n\t\tlong tmp,tmp1,tmp2;\n\t\twhile(l<=r) {\n\t\t\twhile(d[l][0] < p) { l++; }\n\t\t\twhile(d[r][0] > p) { r--; }\n\t\t\tif (l<=r) {\n\t\t\t\ttmp = d[l][0]; d[l][0] = d[r][0]; d[r][0] = tmp;\n\t\t\t\ttmp1=d[l][1]; tmp2=d[r][1]; d[l][1]=tmp2; d[r][1]=tmp1;\n\t\t\t\ttmp1=d[l][2]; tmp2=d[r][2]; d[l][2]=tmp2; d[r][2]=tmp1;\n\t\t\t\tl++; r--;\n\t\t\t}\n\t\t}\n\t\tq(d, left, r);\n\t\tq(d, l, right);\n\t}\n}",
      "covered_code": "To predict the code coverage for the provided Java program with the given test case input, we follow the plan step by step:\n\n**Test Case Input:**\n```\n4\n1 2\n3 4\n5 6\n7 8\n```\nThis input indicates that there are 4 sets of numbers, each set containing two numbers.\n\n**Plan for Step by Step Execution:**\n\n1. **Import Statements:** Always executed.\n   \n2. **Main Class Declaration:** Always executed.\n\n3. **Main Method Declaration:** Always executed.\n\n4. **Initialization and User Input Handling:** Statements for initializing the scanner equivalent (`SC sc=new SC(System.in);`) and reading the number of inputs `N` are always executed.\n\n5. **First For Loop to Populate `ryori` Array:** The loop runs `N` times to populate the `ryori` array with the sum, first number, and second number from each input set.\n\n6. **Second For Loop for Calculating `tkhs` and `aoki`:** This loop iterates over the `ryori` array, conditionally updating `tkhs` and `aoki` based on the index.\n\n7. **Printing the Result:** The statement to print the result is always executed.\n\n8. **`SC` Class Methods:** The methods in the `SC` class that are called (`nextInt`, `nextLong`, and any others used for input handling) are executed.\n\n9. **`pl` and `p` Methods:** Used for printing, so executed.\n\n10. **`q` Method:** Not called anywhere in the code, so not executed.\n\n**Predicted Code Coverage Based on the Plan:**\n\n> import java.io.BufferedReader;\n> import java.io.IOException;\n> import java.io.InputStream;\n> import java.io.InputStreamReader;\n> import java.io.UncheckedIOException;\n> import java.util.StringTokenizer;\n> class Main{\n> \tstatic long[][] ryori;\n> \tpublic static void main(String[] args) {\n> \t\tSC sc=new SC(System.in);\n> \t\tint N=sc.nextInt();\n> \t\tryori=new long[N][3];\n> \t\tlong a,t;\n> \t\tfor(int i=0; i<N; i++) {\n> \t\t\tt=sc.nextLong();\n> \t\t\ta=sc.nextLong();\n> \t\t\tryori[i][0]=t+a;\n> \t\t\tryori[i][1]=t;\n> \t\t\tryori[i][2]=a;\n> \t\t}\n> \t\tlong tkhs=0;\n> \t\tlong aoki=0;\n> \t\tfor(int i=0; i<N; i++) {\n> \t\t\tif(i%2==0) {\n> \t\t\t\ttkhs+=ryori[N-1-i][1];\n> \t\t\t}\n> \t\t\telse {\n> \t\t\t\taoki+=ryori[N-i-i][2];\n> \t\t\t}\n> \t\t}\n> \t\tpl(tkhs-aoki);\n> \t}\n> \tpublic static void pl(Object o) {\n> \t\tSystem.out.println(o);\n> \t}\n> \tpublic static void pl() {\n> \t\tSystem.out.println();\n> \t}\n> \tpublic static void p(Object o) {\n> \t\tSystem.out.print(o);\n> \t}\n> \tstatic class SC {\n> \t\tprivate BufferedReader reader = null;\n> \t\tprivate StringTokenizer tokenizer = null;\n> \t\tpublic SC(InputStream in) {\n> \t\t\treader = new BufferedReader(new InputStreamReader(in));\n> \t\t}\n> \t\tpublic String next() {\n> \t\t\tif (tokenizer == null || !tokenizer.hasMoreTokens()) {\n> \t\t\t\ttry {\n> \t\t\t\t\ttokenizer = new StringTokenizer(reader.readLine());\n> \t\t\t\t} catch (IOException e) {\n> \t\t\t\t\tthrow new UncheckedIOException(e);\n> \t\t\t\t}\n> \t\t\t}\n> \t\t\treturn tokenizer.nextToken();\n> \t\t}\n> \t\tpublic int nextInt() {\n> \t\t\treturn Integer.parseInt(next());\n> \t\t}\n> \t\tpublic long nextLong() {\n> \t\t\treturn Long.parseLong(next());\n> \t\t}\n> \t\tpublic double nextDouble() {\n> \t\t\treturn Double.parseDouble(next());\n> \t\t}\n> \t\tpublic String nextLine() {\n> \t\t\ttry {\n> \t\t\t\treturn reader.readLine();\n> \t\t\t} catch (IOException e) {\n> \t\t\t\tthrow new UncheckedIOException(e);\n> \t\t\t}\n> \t\t}\n> \t}\n! \tstatic void q(long[][] d, int left, int right) {\n! \t\tif (left>=right) {\n! \t\t\treturn;\n! \t\t}\n! \t\tlong p = d[(left+right)/2][0];\n! \t\tint l = left, r = right;\n! \t\tlong tmp,tmp1,tmp2;\n! \t\twhile(l<=r) {\n! \t\t\twhile(d[l][0] < p) { l++; }\n! \t\t\twhile(d[r][0] > p) { r--; }\n! \t\t\tif (l<=r) {\n! \t\t\t\ttmp = d[l][0]; d[l][0] = d[r][0]; d[r][0] = tmp;\n! \t\t\t\ttmp1=d[l][1]; tmp2=d[r][1]; d[l][1]=tmp2; d[r][1]=tmp1;\n! \t\t\t\ttmp1=d[l][2]; tmp2=d[r][2]; d[l][2]=tmp2; d[r][2]=tmp1;\n! \t\t\t\tl++; r--;\n! \t\t\t}\n! \t\t}\n! \t\tq(d, left, r);\n! \t\tq(d, l, right);\n! \t}\n> }\n\nThe `q` method is not executed as it is never called in the program. All other parts of the program are executed given the test case inputs.",
      "test_seed_coverage": [
        ">",
        ">",
        ">",
        ">",
        ">",
        ">",
        ">",
        ">",
        ">",
        ">",
        ">",
        ">",
        ">",
        ">",
        ">",
        ">",
        ">",
        ">",
        ">",
        ">",
        ">",
        ">",
        ">",
        ">",
        ">",
        ">",
        ">",
        ">",
        ">",
        ">",
        ">",
        ">",
        ">",
        ">",
        ">",
        ">",
        ">",
        ">",
        ">",
        ">",
        ">",
        ">",
        ">",
        ">",
        ">",
        ">",
        ">",
        ">",
        ">",
        ">",
        ">",
        ">",
        ">",
        ">",
        ">",
        ">",
        ">",
        ">",
        ">",
        ">",
        ">",
        ">",
        ">",
        ">",
        ">",
        ">",
        ">",
        ">",
        ">",
        ">",
        ">",
        ">",
        ">",
        ">",
        "!",
        "!",
        "!",
        "!",
        "!",
        "!",
        "!",
        "!",
        "!",
        "!",
        "!",
        "!",
        "!",
        "!",
        "!",
        "!",
        "!",
        "!",
        "!",
        "!",
        ">"
      ],
      "cumulative_coverage": [
        ">",
        ">",
        ">",
        ">",
        ">",
        ">",
        ">",
        ">",
        ">",
        ">",
        ">",
        ">",
        ">",
        ">",
        ">",
        ">",
        ">",
        ">",
        ">",
        ">",
        ">",
        ">",
        ">",
        ">",
        ">",
        ">",
        ">",
        ">",
        ">",
        ">",
        ">",
        ">",
        ">",
        ">",
        ">",
        ">",
        ">",
        ">",
        ">",
        ">",
        ">",
        ">",
        ">",
        ">",
        ">",
        ">",
        ">",
        ">",
        ">",
        ">",
        ">",
        ">",
        ">",
        ">",
        ">",
        ">",
        ">",
        ">",
        ">",
        ">",
        ">",
        ">",
        ">",
        ">",
        ">",
        ">",
        ">",
        ">",
        ">",
        ">",
        ">",
        ">",
        ">",
        ">",
        "!",
        "!",
        "!",
        "!",
        "!",
        "!",
        "!",
        "!",
        "!",
        "!",
        "!",
        "!",
        "!",
        "!",
        "!",
        "!",
        "!",
        "!",
        "!",
        "!",
        ">"
      ],
      "execution_error": "Exception in thread \"main\" java.lang.ArrayIndexOutOfBoundsException: Index -2 out of bounds for length 4\n\tat Main.main(Main.java:28)",
      "cerberus_output": "UncheckedIOException",
      "execution_result": "ArrayIndexOutOfBoundsException",
      "test_case_id": "1"
    },
    {
      "test_case": [
        "Test Case Input:\n4\n1 2\n3 4\n5 6\n7 8"
      ],
      "test_mutations": [
        "Test Case Input:\n4\n1 2\n3 4\n5 6\n7 8"
      ],
      "initial_code": "import java.io.BufferedReader;\nimport java.io.IOException;\nimport java.io.InputStream;\nimport java.io.InputStreamReader;\nimport java.io.UncheckedIOException;\nimport java.util.StringTokenizer;\nclass Main{\n\tstatic long[][] ryori;\n\tpublic static void main(String[] args) {\n\t\tSC sc=new SC(System.in);\n\t\tint N=sc.nextInt();\n\t\tryori=new long[N][3];\n\t\tlong a,t;\n\t\tfor(int i=0; i<N; i++) {\n\t\t\tt=sc.nextLong();\n\t\t\ta=sc.nextLong();\n\t\t\tryori[i][0]=t+a;\n\t\t\tryori[i][1]=t;\n\t\t\tryori[i][2]=a;\n\t\t}\n\t\tlong tkhs=0;\n\t\tlong aoki=0;\n\t\tfor(int i=0; i<N; i++) {\n\t\t\tif(i%2==0) {\n\t\t\t\ttkhs+=ryori[N-1-i][1];\n\t\t\t}\n\t\t\telse {\n\t\t\t\taoki+=ryori[N-i-i][2];\n\t\t\t}\n\t\t}\n\t\tpl(tkhs-aoki);\n\t}\n\tpublic static void pl(Object o) {\n\t\tSystem.out.println(o);\n\t}\n\tpublic static void pl() {\n\t\tSystem.out.println();\n\t}\n\tpublic static void p(Object o) {\n\t\tSystem.out.print(o);\n\t}\n\tstatic class SC {\n\t\tprivate BufferedReader reader = null;\n\t\tprivate StringTokenizer tokenizer = null;\n\t\tpublic SC(InputStream in) {\n\t\t\treader = new BufferedReader(new InputStreamReader(in));\n\t\t}\n\t\tpublic String next() {\n\t\t\tif (tokenizer == null || !tokenizer.hasMoreTokens()) {\n\t\t\t\ttry {\n\t\t\t\t\ttokenizer = new StringTokenizer(reader.readLine());\n\t\t\t\t} catch (IOException e) {\n\t\t\t\t\tthrow new UncheckedIOException(e);\n\t\t\t\t}\n\t\t\t}\n\t\t\treturn tokenizer.nextToken();\n\t\t}\n\t\tpublic int nextInt() {\n\t\t\treturn Integer.parseInt(next());\n\t\t}\n\t\tpublic long nextLong() {\n\t\t\treturn Long.parseLong(next());\n\t\t}\n\t\tpublic double nextDouble() {\n\t\t\treturn Double.parseDouble(next());\n\t\t}\n\t\tpublic String nextLine() {\n\t\t\ttry {\n\t\t\t\treturn reader.readLine();\n\t\t\t} catch (IOException e) {\n\t\t\t\tthrow new UncheckedIOException(e);\n\t\t\t}\n\t\t}\n\t}\n\tstatic void q(long[][] d, int left, int right) {\n\t\tif (left>=right) {\n\t\t\treturn;\n\t\t}\n\t\tlong p = d[(left+right)/2][0];\n\t\tint l = left, r = right;\n\t\tlong tmp,tmp1,tmp2;\n\t\twhile(l<=r) {\n\t\t\twhile(d[l][0] < p) { l++; }\n\t\t\twhile(d[r][0] > p) { r--; }\n\t\t\tif (l<=r) {\n\t\t\t\ttmp = d[l][0]; d[l][0] = d[r][0]; d[r][0] = tmp;\n\t\t\t\ttmp1=d[l][1]; tmp2=d[r][1]; d[l][1]=tmp2; d[r][1]=tmp1;\n\t\t\t\ttmp1=d[l][2]; tmp2=d[r][2]; d[l][2]=tmp2; d[r][2]=tmp1;\n\t\t\t\tl++; r--;\n\t\t\t}\n\t\t}\n\t\tq(d, left, r);\n\t\tq(d, l, right);\n\t}\n}",
      "covered_code": "To predict the code coverage for the given Java program and test case, we'll follow the provided plan step by step, adapting it to the specifics of this program and input.\n\n**Plan for Execution:**\n\n1. **Import Statements Execution:** Always executed, but since the coverage is typically interested in the body of the program, import statements' execution isn't explicitly marked.\n   \n2. **Class Declaration:** The class `Main` is declared and is always executed since it contains the `main` method that is the entry point of the program.\n\n3. **Main Method Declaration:** Always executed since this is where the program starts running.\n\n4. **SC Class Instantiation and User Input:** The `SC` class is instantiated with `System.in` as its input stream, and user input is read using this class. The process of reading inputs is always executed in the context of this program.\n\n5. **For Loop for Input Reading:** The for loop that reads the inputs and stores them in `ryori` array is executed N times, where N is the number of inputs specified by the first input line.\n\n6. **For Loop for Calculation:** The second for loop performs calculations and updates `tkhs` and `aoki` variables based on conditions. This loop runs N times as well.\n\n7. **Printing the Result:** The `pl` method that prints the result is executed once at the end of the program.\n\n8. **SC Class and its Methods:** The methods within the `SC` class (`nextInt`, `nextLong`, `next`, etc.) are utilized for reading inputs. These are executed based on the program's flow and input requirements.\n\n9. **Exception Handling:** The `SC` class throws an `UncheckedIOException` in case of `IOException` during input reading. If no IO exception occurs, these lines are not executed.\n\n10. **Unused Methods and Code:** Any code or methods that are not directly called or used in the execution path based on the given input are marked as not executed.\n\nGiven the input of four pairs of long integers (1 2, 3 4, 5 6, 7 8) and based on the plan:\n\n```\n> class Main{\n> \tstatic long[][] ryori;\n> \tpublic static void main(String[] args) {\n> \t\tSC sc=new SC(System.in);\n> \t\tint N=sc.nextInt();\n> \t\tryori=new long[N][3];\n> \t\tlong a,t;\n> \t\tfor(int i=0; i<N; i++) {\n> \t\t\tt=sc.nextLong();\n> \t\t\ta=sc.nextLong();\n> \t\t\tryori[i][0]=t+a;\n> \t\t\tryori[i][1]=t;\n> \t\t\tryori[i][2]=a;\n> \t\t}\n> \t\tlong tkhs=0;\n> \t\tlong aoki=0;\n> \t\tfor(int i=0; i<N; i++) {\n> \t\t\tif(i%2==0) {\n> \t\t\t\ttkhs+=ryori[N-1-i][1];\n> \t\t\t}\n> \t\t\telse {\n> \t\t\t\taoki+=ryori[N-i-i][2];\n\t\t\t}\n> \t\t}\n> \t\tpl(tkhs-aoki);\n> \t}\n> \tpublic static void pl(Object o) {\n> \t\tSystem.out.println(o);\n> \t}\n> \tpublic static void pl() {\n> \t\tSystem.out.println();\n> \t}\n> \tpublic static void p(Object o) {\n> \t\tSystem.out.print(o);\n> \t}\n> \tstatic class SC {\n> \t\tprivate BufferedReader reader = null;\n> \t\tprivate StringTokenizer tokenizer = null;\n> \t\tpublic SC(InputStream in) {\n> \t\t\treader = new BufferedReader(new InputStreamReader(in));\n> \t\t}\n> \t\tpublic String next() {\n> \t\t\tif (tokenizer == null || !tokenizer.hasMoreTokens()) {\n> \t\t\t\ttry {\n> \t\t\t\t\ttokenizer = new StringTokenizer(reader.readLine());\n> \t\t\t\t} catch (IOException e) {\n> \t\t\t\t\tthrow new UncheckedIOException(e);\n> \t\t\t\t}\n> \t\t\t}\n> \t\t\treturn tokenizer.nextToken();\n> \t\t}\n> \t\tpublic int nextInt() {\n> \t\t\treturn Integer.parseInt(next());\n> \t\t}\n> \t\tpublic long nextLong() {\n> \t\t\treturn Long.parseLong(next());\n> \t\t}\n> \t\tpublic double nextDouble() {\n> \t\t\treturn Double.parseDouble(next());\n> \t\t}\n> \t\tpublic String nextLine() {\n> \t\t\ttry {\n> \t\t\t\treturn reader.readLine();\n> \t\t\t} catch (IOException e) {\n> \t\t\t\tthrow new UncheckedIOException(e);\n> \t\t\t}\n> \t\t}\n> \t}\n! \tstatic void q(long[][] d, int left, int right) {\n! \t\tif (left>=right) {\n! \t\t\treturn;\n! \t\t}\n! \t\tlong p = d[(left+right)/2][0];\n! \t\tint l = left, r = right;\n! \t\tlong tmp,tmp1,tmp2;\n! \t\twhile(l<=r) {\n! \t\t\twhile(d[l][0] < p) { l++; }\n! \t\t\twhile(d[r][0] > p) { r--; }\n! \t\t\tif (l<=r) {\n! \t\t\t\ttmp = d[l][0]; d[l][0] = d[r][0]; d[r][0] = tmp;\n! \t\t\t\ttmp1=d[l][1]; tmp2=d[r][1]; d[l][1]=tmp2; d[r][1]=tmp1;\n! \t\t\t\ttmp1=d[l][2]; tmp2=d[r][2]; d[l][2]=tmp2; d[r][2]=tmp1;\n! \t\t\t\tl++; r--;\n! \t\t\t}\n! \t\t}\n! \t\tq(d, left, r);\n! \t\tq(d, l, right);\n! \t}\n> }\n```\n\n**Note:** The `q` method is never called within the given input and program logic, thus all its statements are marked as not executed (`!`). This prediction assumes no unhandled exceptions are thrown during the execution of the provided inputs.",
      "test_seed_coverage": [
        ">",
        ">",
        ">",
        ">",
        ">",
        ">",
        ">",
        ">",
        ">",
        ">",
        ">",
        ">",
        ">",
        ">",
        ">",
        ">",
        ">",
        ">",
        ">",
        ">",
        ">",
        ">",
        ">",
        ">",
        ">",
        ">",
        ">",
        ">",
        ">",
        ">",
        ">",
        ">",
        ">",
        ">",
        ">",
        ">",
        ">",
        ">",
        ">",
        ">",
        ">",
        ">",
        ">",
        ">",
        ">",
        ">",
        ">",
        ">",
        ">",
        ">",
        ">",
        ">",
        ">",
        ">",
        ">",
        ">",
        ">",
        ">",
        ">",
        ">",
        ">",
        ">",
        ">",
        ">",
        ">",
        ">",
        ">",
        ">",
        ">",
        ">",
        ">",
        ">",
        ">",
        ">",
        "!",
        "!",
        "!",
        "!",
        "!",
        "!",
        "!",
        "!",
        "!",
        "!",
        "!",
        "!",
        "!",
        ">",
        ">",
        ">",
        ">",
        ">",
        ">",
        ">",
        ">"
      ],
      "cumulative_coverage": [
        ">",
        ">",
        ">",
        ">",
        ">",
        ">",
        ">",
        ">",
        ">",
        ">",
        ">",
        ">",
        ">",
        ">",
        ">",
        ">",
        ">",
        ">",
        ">",
        ">",
        ">",
        ">",
        ">",
        ">",
        ">",
        ">",
        ">",
        ">",
        ">",
        ">",
        ">",
        ">",
        ">",
        ">",
        ">",
        ">",
        ">",
        ">",
        ">",
        ">",
        ">",
        ">",
        ">",
        ">",
        ">",
        ">",
        ">",
        ">",
        ">",
        ">",
        ">",
        ">",
        ">",
        ">",
        ">",
        ">",
        ">",
        ">",
        ">",
        ">",
        ">",
        ">",
        ">",
        ">",
        ">",
        ">",
        ">",
        ">",
        ">",
        ">",
        ">",
        ">",
        ">",
        ">",
        "!",
        "!",
        "!",
        "!",
        "!",
        "!",
        "!",
        "!",
        "!",
        "!",
        "!",
        "!",
        "!",
        ">",
        ">",
        ">",
        ">",
        ">",
        ">",
        ">",
        ">"
      ],
      "execution_error": "Exception in thread \"main\" java.lang.ArrayIndexOutOfBoundsException: Index -2 out of bounds for length 4\n\tat Main.main(Main.java:28)",
      "cerberus_output": "UncheckedIOException",
      "execution_result": "ArrayIndexOutOfBoundsException",
      "test_case_id": "2"
    },
    {
      "test_case": [
        "Test Case Input:\n3\n1 2\n3 4\n5 6"
      ],
      "test_mutations": [
        "Test Case Input:\n3\n1 2\n3 4\n5 6"
      ],
      "initial_code": "import java.io.BufferedReader;\nimport java.io.IOException;\nimport java.io.InputStream;\nimport java.io.InputStreamReader;\nimport java.io.UncheckedIOException;\nimport java.util.StringTokenizer;\nclass Main{\n\tstatic long[][] ryori;\n\tpublic static void main(String[] args) {\n\t\tSC sc=new SC(System.in);\n\t\tint N=sc.nextInt();\n\t\tryori=new long[N][3];\n\t\tlong a,t;\n\t\tfor(int i=0; i<N; i++) {\n\t\t\tt=sc.nextLong();\n\t\t\ta=sc.nextLong();\n\t\t\tryori[i][0]=t+a;\n\t\t\tryori[i][1]=t;\n\t\t\tryori[i][2]=a;\n\t\t}\n\t\tlong tkhs=0;\n\t\tlong aoki=0;\n\t\tfor(int i=0; i<N; i++) {\n\t\t\tif(i%2==0) {\n\t\t\t\ttkhs+=ryori[N-1-i][1];\n\t\t\t}\n\t\t\telse {\n\t\t\t\taoki+=ryori[N-i-i][2];\n\t\t\t}\n\t\t}\n\t\tpl(tkhs-aoki);\n\t}\n\tpublic static void pl(Object o) {\n\t\tSystem.out.println(o);\n\t}\n\tpublic static void pl() {\n\t\tSystem.out.println();\n\t}\n\tpublic static void p(Object o) {\n\t\tSystem.out.print(o);\n\t}\n\tstatic class SC {\n\t\tprivate BufferedReader reader = null;\n\t\tprivate StringTokenizer tokenizer = null;\n\t\tpublic SC(InputStream in) {\n\t\t\treader = new BufferedReader(new InputStreamReader(in));\n\t\t}\n\t\tpublic String next() {\n\t\t\tif (tokenizer == null || !tokenizer.hasMoreTokens()) {\n\t\t\t\ttry {\n\t\t\t\t\ttokenizer = new StringTokenizer(reader.readLine());\n\t\t\t\t} catch (IOException e) {\n\t\t\t\t\tthrow new UncheckedIOException(e);\n\t\t\t\t}\n\t\t\t}\n\t\t\treturn tokenizer.nextToken();\n\t\t}\n\t\tpublic int nextInt() {\n\t\t\treturn Integer.parseInt(next());\n\t\t}\n\t\tpublic long nextLong() {\n\t\t\treturn Long.parseLong(next());\n\t\t}\n\t\tpublic double nextDouble() {\n\t\t\treturn Double.parseDouble(next());\n\t\t}\n\t\tpublic String nextLine() {\n\t\t\ttry {\n\t\t\t\treturn reader.readLine();\n\t\t\t} catch (IOException e) {\n\t\t\t\tthrow new UncheckedIOException(e);\n\t\t\t}\n\t\t}\n\t}\n\tstatic void q(long[][] d, int left, int right) {\n\t\tif (left>=right) {\n\t\t\treturn;\n\t\t}\n\t\tlong p = d[(left+right)/2][0];\n\t\tint l = left, r = right;\n\t\tlong tmp,tmp1,tmp2;\n\t\twhile(l<=r) {\n\t\t\twhile(d[l][0] < p) { l++; }\n\t\t\twhile(d[r][0] > p) { r--; }\n\t\t\tif (l<=r) {\n\t\t\t\ttmp = d[l][0]; d[l][0] = d[r][0]; d[r][0] = tmp;\n\t\t\t\ttmp1=d[l][1]; tmp2=d[r][1]; d[l][1]=tmp2; d[r][1]=tmp1;\n\t\t\t\ttmp1=d[l][2]; tmp2=d[r][2]; d[l][2]=tmp2; d[r][2]=tmp1;\n\t\t\t\tl++; r--;\n\t\t\t}\n\t\t}\n\t\tq(d, left, r);\n\t\tq(d, l, right);\n\t}\n}",
      "covered_code": "Given the code snippet and the test case input of \"3\\n1 2\\n3 4\\n5 6\", let's develop a plan for step by step execution to predict the code coverage.\n\n1. **Import statements**: always executed, so all import lines are covered.\n2. **Class declaration (`Main`)**: always executed.\n3. **Static variable declaration (`static long[][] ryori;`)**: executed as part of class loading.\n4. **`main` method declaration and execution**: always executed.\n5. **SC class instance creation and reading `N`**: executed as it's the first step in `main`.\n6. **Array initialization (`ryori=new long[N][3];`)**: executed.\n7. **First for-loop for reading input and initializing `ryori` array**: executed for all `N` (3 times in this case).\n8. **Second for-loop for calculating `tkhs` and `aoki`**: executed for all `N` (3 times in this case). Note: There's a potential bug in `aoki+=ryori[N-i-i][2];` (should possibly be `aoki+=ryori[N-1-i][2];`), but based on the code given, it'll still attempt execution.\n9. **`pl` method calls for printing output**: executed once.\n10. **All methods in `SC` class**: executed as they are used for input reading.\n11. **Unused methods (`pl()` and `p(Object o)`)**: not executed since they are not called.\n12. **`q` method (QuickSort)**: not executed, as there are no calls to this method within the provided code flow.\n\nBased on the above plan, the code coverage prediction is:\n\n> import java.io.BufferedReader;\n> import java.io.IOException;\n> import java.io.InputStream;\n> import java.io.InputStreamReader;\n> import java.io.UncheckedIOException;\n> import java.util.StringTokenizer;\n> class Main{\n> \tstatic long[][] ryori;\n> \tpublic static void main(String[] args) {\n> \t\tSC sc=new SC(System.in);\n> \t\tint N=sc.nextInt();\n> \t\tryori=new long[N][3];\n> \t\tlong a,t;\n> \t\tfor(int i=0; i<N; i++) {\n> \t\t\tt=sc.nextLong();\n> \t\t\ta=sc.nextLong();\n> \t\t\tryori[i][0]=t+a;\n> \t\t\tryori[i][1]=t;\n> \t\t\tryori[i][2]=a;\n> \t\t}\n> \t\tlong tkhs=0;\n> \t\tlong aoki=0;\n> \t\tfor(int i=0; i<N; i++) {\n> \t\t\tif(i%2==0) {\n> \t\t\t\ttkhs+=ryori[N-1-i][1];\n> \t\t\t}\n> \t\t\telse {\n> \t\t\t\taoki+=ryori[N-i-i][2]; // Potential logical error, but still executed based on plan\n> \t\t\t}\n> \t\t}\n> \t\tpl(tkhs-aoki);\n> \t}\n> \tpublic static void pl(Object o) {\n> \t\tSystem.out.println(o);\n> \t}\n> \tpublic static void pl() {\n! \t\tSystem.out.println();\n> \t}\n> \tpublic static void p(Object o) {\n! \t\tSystem.out.print(o);\n> \t}\n> \tstatic class SC {\n> \t\tprivate BufferedReader reader = null;\n> \t\tprivate StringTokenizer tokenizer = null;\n> \t\tpublic SC(InputStream in) {\n> \t\t\treader = new BufferedReader(new InputStreamReader(in));\n> \t\t}\n> \t\tpublic String next() {\n> \t\t\tif (tokenizer == null || !tokenizer.hasMoreTokens()) {\n> \t\t\t\ttry {\n> \t\t\t\t\ttokenizer = new StringTokenizer(reader.readLine());\n> \t\t\t\t} catch (IOException e) {\n> \t\t\t\t\tthrow new UncheckedIOException(e);\n> \t\t\t\t}\n> \t\t\t}\n> \t\t\treturn tokenizer.nextToken();\n> \t\t}\n> \t\tpublic int nextInt() {\n> \t\t\treturn Integer.parseInt(next());\n> \t\t}\n> \t\tpublic long nextLong() {\n> \t\t\treturn Long.parseLong(next());\n> \t\t}\n> \t\tpublic double nextDouble() {\n> \t\t\treturn Double.parseDouble(next());\n> \t\t}\n> \t\tpublic String nextLine() {\n> \t\t\ttry {\n> \t\t\t\treturn reader.readLine();\n> \t\t\t} catch (IOException e) {\n> \t\t\t\tthrow new UncheckedIOException(e);\n> \t\t\t}\n> \t\t}\n> \t}\n> \tstatic void q(long[][] d, int left, int right) {\n! \t\tif (left>=right) {\n! \t\t\treturn;\n! \t\t}\n! \t\tlong p = d[(left+right)/2][0];\n! \t\tint l = left, r = right;\n! \t\tlong tmp,tmp1,tmp2;\n! \t\twhile(l<=r) {\n! \t\t\twhile(d[l][0] < p) { l++; }\n! \t\t\twhile(d[r][0] > p) { r--; }\n! \t\t\tif (l<=r) {\n! \t\t\t\ttmp = d[l][0]; d[l][0] = d[r][0]; d[r][0] = tmp;\n! \t\t\t\ttmp1=d[l][1]; tmp2=d[r][1]; d[l][1]=tmp2; d[r][1]=tmp1;\n! \t\t\t\ttmp1=d[l][2]; tmp2=d[r][2]; d[l][2]=tmp2; d[r][2]=tmp1;\n! \t\t\t\tl++; r--;\n! \t\t\t}\n! \t\t}\n! \t\tq(d, left, r);\n! \t\tq(d, l, right);\n> \t}\n> }\n\nThe '!' indicates methods or blocks of code that are not executed based on the provided test case and plan.",
      "test_seed_coverage": [
        ">",
        ">",
        ">",
        ">",
        ">",
        ">",
        ">",
        ">",
        ">",
        ">",
        ">",
        ">",
        ">",
        ">",
        ">",
        ">",
        ">",
        ">",
        ">",
        ">",
        ">",
        ">",
        ">",
        ">",
        ">",
        ">",
        ">",
        ">",
        ">",
        ">",
        ">",
        ">",
        ">",
        ">",
        ">",
        ">",
        ">",
        ">",
        ">",
        ">",
        ">",
        ">",
        ">",
        ">",
        ">",
        ">",
        ">",
        ">",
        ">",
        ">",
        ">",
        ">",
        ">",
        ">",
        ">",
        ">",
        ">",
        ">",
        ">",
        ">",
        ">",
        ">",
        ">",
        ">",
        ">",
        ">",
        ">",
        ">",
        ">",
        ">",
        ">",
        ">",
        ">",
        ">",
        ">",
        "!",
        "!",
        "!",
        "!",
        "!",
        "!",
        "!",
        "!",
        "!",
        "!",
        "!",
        "!",
        ">",
        ">",
        ">",
        ">",
        ">",
        ">",
        ">",
        ">"
      ],
      "cumulative_coverage": [
        ">",
        ">",
        ">",
        ">",
        ">",
        ">",
        ">",
        ">",
        ">",
        ">",
        ">",
        ">",
        ">",
        ">",
        ">",
        ">",
        ">",
        ">",
        ">",
        ">",
        ">",
        ">",
        ">",
        ">",
        ">",
        ">",
        ">",
        ">",
        ">",
        ">",
        ">",
        ">",
        ">",
        ">",
        ">",
        ">",
        ">",
        ">",
        ">",
        ">",
        ">",
        ">",
        ">",
        ">",
        ">",
        ">",
        ">",
        ">",
        ">",
        ">",
        ">",
        ">",
        ">",
        ">",
        ">",
        ">",
        ">",
        ">",
        ">",
        ">",
        ">",
        ">",
        ">",
        ">",
        ">",
        ">",
        ">",
        ">",
        ">",
        ">",
        ">",
        ">",
        ">",
        ">",
        ">",
        "!",
        "!",
        "!",
        "!",
        "!",
        "!",
        "!",
        "!",
        "!",
        "!",
        "!",
        "!",
        ">",
        ">",
        ">",
        ">",
        ">",
        ">",
        ">",
        ">"
      ],
      "execution_output": "2",
      "cerberus_output": "UncheckedIOException",
      "execution_result": "",
      "test_case_id": "3"
    },
    {
      "test_case": [
        "Test Case Input:\n3\n1 2\n3 4\n5 6"
      ],
      "test_mutations": [
        "Test Case Input:\n3\n1 2\n3 4\n5 6"
      ],
      "initial_code": "import java.io.BufferedReader;\nimport java.io.IOException;\nimport java.io.InputStream;\nimport java.io.InputStreamReader;\nimport java.io.UncheckedIOException;\nimport java.util.StringTokenizer;\nclass Main{\n\tstatic long[][] ryori;\n\tpublic static void main(String[] args) {\n\t\tSC sc=new SC(System.in);\n\t\tint N=sc.nextInt();\n\t\tryori=new long[N][3];\n\t\tlong a,t;\n\t\tfor(int i=0; i<N; i++) {\n\t\t\tt=sc.nextLong();\n\t\t\ta=sc.nextLong();\n\t\t\tryori[i][0]=t+a;\n\t\t\tryori[i][1]=t;\n\t\t\tryori[i][2]=a;\n\t\t}\n\t\tlong tkhs=0;\n\t\tlong aoki=0;\n\t\tfor(int i=0; i<N; i++) {\n\t\t\tif(i%2==0) {\n\t\t\t\ttkhs+=ryori[N-1-i][1];\n\t\t\t}\n\t\t\telse {\n\t\t\t\taoki+=ryori[N-i-i][2];\n\t\t\t}\n\t\t}\n\t\tpl(tkhs-aoki);\n\t}\n\tpublic static void pl(Object o) {\n\t\tSystem.out.println(o);\n\t}\n\tpublic static void pl() {\n\t\tSystem.out.println();\n\t}\n\tpublic static void p(Object o) {\n\t\tSystem.out.print(o);\n\t}\n\tstatic class SC {\n\t\tprivate BufferedReader reader = null;\n\t\tprivate StringTokenizer tokenizer = null;\n\t\tpublic SC(InputStream in) {\n\t\t\treader = new BufferedReader(new InputStreamReader(in));\n\t\t}\n\t\tpublic String next() {\n\t\t\tif (tokenizer == null || !tokenizer.hasMoreTokens()) {\n\t\t\t\ttry {\n\t\t\t\t\ttokenizer = new StringTokenizer(reader.readLine());\n\t\t\t\t} catch (IOException e) {\n\t\t\t\t\tthrow new UncheckedIOException(e);\n\t\t\t\t}\n\t\t\t}\n\t\t\treturn tokenizer.nextToken();\n\t\t}\n\t\tpublic int nextInt() {\n\t\t\treturn Integer.parseInt(next());\n\t\t}\n\t\tpublic long nextLong() {\n\t\t\treturn Long.parseLong(next());\n\t\t}\n\t\tpublic double nextDouble() {\n\t\t\treturn Double.parseDouble(next());\n\t\t}\n\t\tpublic String nextLine() {\n\t\t\ttry {\n\t\t\t\treturn reader.readLine();\n\t\t\t} catch (IOException e) {\n\t\t\t\tthrow new UncheckedIOException(e);\n\t\t\t}\n\t\t}\n\t}\n\tstatic void q(long[][] d, int left, int right) {\n\t\tif (left>=right) {\n\t\t\treturn;\n\t\t}\n\t\tlong p = d[(left+right)/2][0];\n\t\tint l = left, r = right;\n\t\tlong tmp,tmp1,tmp2;\n\t\twhile(l<=r) {\n\t\t\twhile(d[l][0] < p) { l++; }\n\t\t\twhile(d[r][0] > p) { r--; }\n\t\t\tif (l<=r) {\n\t\t\t\ttmp = d[l][0]; d[l][0] = d[r][0]; d[r][0] = tmp;\n\t\t\t\ttmp1=d[l][1]; tmp2=d[r][1]; d[l][1]=tmp2; d[r][1]=tmp1;\n\t\t\t\ttmp1=d[l][2]; tmp2=d[r][2]; d[l][2]=tmp2; d[r][2]=tmp1;\n\t\t\t\tl++; r--;\n\t\t\t}\n\t\t}\n\t\tq(d, left, r);\n\t\tq(d, l, right);\n\t}\n}",
      "covered_code": "Given the code snippet and the test case input, let's develop a plan for step by step execution to predict the code coverage. The test case input provided is: \n\n`3\n1 2\n3 4\n5 6`\n\nHere's the plan:\n\n1. **Import statements**: Always executed. All import statements will be covered.\n2. **Class Declaration `Main`**: Always executed.\n3. **Static Variable Declaration `ryori`**: Always executed.\n4. **`main` Method Declaration**: Always executed.\n5. **Creation of `SC` Object**: Always executed to read the input.\n6. **Reading Number of Iterations `N`**: Executed once to read the number of iterations, which is `3` in this case.\n7. **First `for` loop execution**: Iterates `N` times to populate the `ryori` array. This loop will run 3 times based on the input provided.\n8. **Second `for` loop execution**: This loop will run `N` times to calculate the values of `tkhs` and `aoki`. It uses an if-else condition to decide which value to update.\n9. **Printing the result**: Executes the `pl` method to print the result.\n10. **SC Class Methods**: All methods in the `SC` class related to reading inputs will be executed as required by the main method and loops.\n11. **Unused methods**: Any method or statement not directly invoked or required by the execution path starting from the `main` method with the given input will not be executed.\n\nBased on this plan, here is the predicted code coverage:\n\n```\n> import java.io.BufferedReader;\n> import java.io.IOException;\n> import java.io.InputStream;\n> import java.io.InputStreamReader;\n> import java.io.UncheckedIOException;\n> import java.util.StringTokenizer;\n> class Main{\n>   static long[][] ryori;\n>   public static void main(String[] args) {\n>       SC sc=new SC(System.in);\n>       int N=sc.nextInt();\n>       ryori=new long[N][3];\n>       long a,t;\n>       for(int i=0; i<N; i++) {\n>           t=sc.nextLong();\n>           a=sc.nextLong();\n>           ryori[i][0]=t+a;\n>           ryori[i][1]=t;\n>           ryori[i][2]=a;\n>       }\n>       long tkhs=0;\n>       long aoki=0;\n>       for(int i=0; i<N; i++) {\n>           if(i%2==0) {\n>               tkhs+=ryori[N-1-i][1];\n>           }\n>           else {\n!               aoki+=ryori[N-i-i][2]; // Incorrect indexing might not execute as expected\n>           }\n>       }\n>       pl(tkhs-aoki);\n>   }\n>   public static void pl(Object o) {\n>       System.out.println(o);\n>   }\n>   public static void pl() {\n!       System.out.println(); // Not executed based on input\n>   }\n>   public static void p(Object o) {\n!       System.out.print(o); // Not executed based on input\n>   }\n>   static class SC {\n>       private BufferedReader reader = null;\n>       private StringTokenizer tokenizer = null;\n>       public SC(InputStream in) {\n>           reader = new BufferedReader(new InputStreamReader(in));\n>       }\n>       public String next() {\n>           if (tokenizer == null || !tokenizer.hasMoreTokens()) {\n>               try {\n>                   tokenizer = new StringTokenizer(reader.readLine());\n>               } catch (IOException e) {\n>                   throw new UncheckedIOException(e);\n>               }\n>           }\n>           return tokenizer.nextToken();\n>       }\n>       public int nextInt() {\n>           return Integer.parseInt(next());\n>       }\n>       public long nextLong() {\n>           return Long.parseLong(next());\n>       }\n>       public double nextDouble() {\n!           return Double.parseDouble(next()); // Not executed based on input\n>       }\n>       public String nextLine() {\n!           try {\n!               return reader.readLine();\n!           } catch (IOException e) {\n!               throw new UncheckedIOException(e);\n>           }\n>       }\n>   }\n>   static void q(long[][] d, int left, int right) {\n!       if (left>=right) {\n!           return;\n!       }\n!       long p = d[(left+right)/2][0];\n!       int l = left, r = right;\n!       long tmp,tmp1,tmp2;\n!       while(l<=r) {\n!           while(d[l][0] < p) { l++; }\n!           while(d[r][0] > p) { r--; }\n!           if (l<=r) {\n!               tmp = d[l][0]; d[l][0] = d[r][0]; d[r][0] = tmp;\n!               tmp1=d[l][1]; tmp2=d[r][1]; d[l][1]=tmp2; d[r][1]=tmp1;\n!               tmp1=d[l][2]; tmp2=d[r][2]; d[l][2]=tmp2; d[r][2]=tmp1;\n!               l++; r--;\n!           }\n!       }\n!       q(d, left, r);\n!       q(d, l, right);\n>   }\n}\n```\n\nNote: The coverage indicates executed (`>`) and not executed (`!`) lines based on the provided input and program structure. The line with the incorrect indexing (`aoki+=ryori[N-i-i][2];`) is marked as not executed as expected, which implies there might be a logical error or typo in the original code snippet.",
      "test_seed_coverage": [
        ">",
        ">",
        ">",
        ">",
        ">",
        ">",
        ">",
        ">",
        ">",
        ">",
        ">",
        ">",
        ">",
        ">",
        ">",
        ">",
        ">",
        ">",
        ">",
        ">",
        ">",
        ">",
        ">",
        ">",
        ">",
        ">",
        ">",
        ">",
        ">",
        ">",
        ">",
        ">",
        ">",
        ">",
        ">",
        ">",
        ">",
        ">",
        ">",
        ">",
        ">",
        ">",
        ">",
        ">",
        ">",
        ">",
        ">",
        ">",
        ">",
        ">",
        ">",
        ">",
        ">",
        ">",
        ">",
        ">",
        ">",
        ">",
        ">",
        ">",
        ">",
        ">",
        ">",
        ">",
        ">",
        ">",
        ">",
        ">",
        ">",
        ">",
        ">",
        ">",
        ">",
        ">",
        ">",
        "!",
        "!",
        "!",
        "!",
        "!",
        "!",
        "!",
        "!",
        "!",
        "!",
        "!",
        "!",
        ">",
        ">",
        ">",
        ">",
        ">",
        ">",
        ">",
        ">"
      ],
      "cumulative_coverage": [
        ">",
        ">",
        ">",
        ">",
        ">",
        ">",
        ">",
        ">",
        ">",
        ">",
        ">",
        ">",
        ">",
        ">",
        ">",
        ">",
        ">",
        ">",
        ">",
        ">",
        ">",
        ">",
        ">",
        ">",
        ">",
        ">",
        ">",
        ">",
        ">",
        ">",
        ">",
        ">",
        ">",
        ">",
        ">",
        ">",
        ">",
        ">",
        ">",
        ">",
        ">",
        ">",
        ">",
        ">",
        ">",
        ">",
        ">",
        ">",
        ">",
        ">",
        ">",
        ">",
        ">",
        ">",
        ">",
        ">",
        ">",
        ">",
        ">",
        ">",
        ">",
        ">",
        ">",
        ">",
        ">",
        ">",
        ">",
        ">",
        ">",
        ">",
        ">",
        ">",
        ">",
        ">",
        ">",
        "!",
        "!",
        "!",
        "!",
        "!",
        "!",
        "!",
        "!",
        "!",
        "!",
        "!",
        "!",
        ">",
        ">",
        ">",
        ">",
        ">",
        ">",
        ">",
        ">"
      ],
      "execution_output": "2",
      "cerberus_output": "UncheckedIOException",
      "execution_result": "",
      "test_case_id": "4"
    },
    {
      "test_case": [
        "Test Case Input:\n5\n1 2\n3 4\n5 6\n7 8\n9 10"
      ],
      "test_mutations": [
        "Test Case Input:\n5\n1 2\n3 4\n5 6\n7 8\n9 10"
      ],
      "initial_code": "import java.io.BufferedReader;\nimport java.io.IOException;\nimport java.io.InputStream;\nimport java.io.InputStreamReader;\nimport java.io.UncheckedIOException;\nimport java.util.StringTokenizer;\nclass Main{\n\tstatic long[][] ryori;\n\tpublic static void main(String[] args) {\n\t\tSC sc=new SC(System.in);\n\t\tint N=sc.nextInt();\n\t\tryori=new long[N][3];\n\t\tlong a,t;\n\t\tfor(int i=0; i<N; i++) {\n\t\t\tt=sc.nextLong();\n\t\t\ta=sc.nextLong();\n\t\t\tryori[i][0]=t+a;\n\t\t\tryori[i][1]=t;\n\t\t\tryori[i][2]=a;\n\t\t}\n\t\tlong tkhs=0;\n\t\tlong aoki=0;\n\t\tfor(int i=0; i<N; i++) {\n\t\t\tif(i%2==0) {\n\t\t\t\ttkhs+=ryori[N-1-i][1];\n\t\t\t}\n\t\t\telse {\n\t\t\t\taoki+=ryori[N-i-i][2];\n\t\t\t}\n\t\t}\n\t\tpl(tkhs-aoki);\n\t}\n\tpublic static void pl(Object o) {\n\t\tSystem.out.println(o);\n\t}\n\tpublic static void pl() {\n\t\tSystem.out.println();\n\t}\n\tpublic static void p(Object o) {\n\t\tSystem.out.print(o);\n\t}\n\tstatic class SC {\n\t\tprivate BufferedReader reader = null;\n\t\tprivate StringTokenizer tokenizer = null;\n\t\tpublic SC(InputStream in) {\n\t\t\treader = new BufferedReader(new InputStreamReader(in));\n\t\t}\n\t\tpublic String next() {\n\t\t\tif (tokenizer == null || !tokenizer.hasMoreTokens()) {\n\t\t\t\ttry {\n\t\t\t\t\ttokenizer = new StringTokenizer(reader.readLine());\n\t\t\t\t} catch (IOException e) {\n\t\t\t\t\tthrow new UncheckedIOException(e);\n\t\t\t\t}\n\t\t\t}\n\t\t\treturn tokenizer.nextToken();\n\t\t}\n\t\tpublic int nextInt() {\n\t\t\treturn Integer.parseInt(next());\n\t\t}\n\t\tpublic long nextLong() {\n\t\t\treturn Long.parseLong(next());\n\t\t}\n\t\tpublic double nextDouble() {\n\t\t\treturn Double.parseDouble(next());\n\t\t}\n\t\tpublic String nextLine() {\n\t\t\ttry {\n\t\t\t\treturn reader.readLine();\n\t\t\t} catch (IOException e) {\n\t\t\t\tthrow new UncheckedIOException(e);\n\t\t\t}\n\t\t}\n\t}\n\tstatic void q(long[][] d, int left, int right) {\n\t\tif (left>=right) {\n\t\t\treturn;\n\t\t}\n\t\tlong p = d[(left+right)/2][0];\n\t\tint l = left, r = right;\n\t\tlong tmp,tmp1,tmp2;\n\t\twhile(l<=r) {\n\t\t\twhile(d[l][0] < p) { l++; }\n\t\t\twhile(d[r][0] > p) { r--; }\n\t\t\tif (l<=r) {\n\t\t\t\ttmp = d[l][0]; d[l][0] = d[r][0]; d[r][0] = tmp;\n\t\t\t\ttmp1=d[l][1]; tmp2=d[r][1]; d[l][1]=tmp2; d[r][1]=tmp1;\n\t\t\t\ttmp1=d[l][2]; tmp2=d[r][2]; d[l][2]=tmp2; d[r][2]=tmp1;\n\t\t\t\tl++; r--;\n\t\t\t}\n\t\t}\n\t\tq(d, left, r);\n\t\tq(d, l, right);\n\t}\n}",
      "covered_code": "Given the test case input and the Java program, let's develop a plan for step by step execution and predict the code coverage.\n\n### PLAN\n1. **Import Statements**: They are always executed, so all import statements will be covered.\n2. **Class Declaration**: Since it's the structure of the program, the declaration of the class `Main` is always executed.\n3. **Main Method Declaration**: The entry point of the program, thus always executed.\n4. **Initialization of `SC` Object**: The `SC sc = new SC(System.in);` statement is always executed to read input.\n5. **Reading `N`**: The first input, which is the number of entries, is always read, so `int N=sc.nextInt();` is executed.\n6. **Array Initialization**: The statement `ryori=new long[N][3];` initializing the array is executed.\n7. **First for-loop (Input Loop)**: This loop runs `N` times to input the values of `t` and `a`, populating `ryori`. All statements inside this loop are executed.\n8. **Variable Initialization for `tkhs` and `aoki`**: These are executed as they initialize variables for later use.\n9. **Second for-loop (Calculation Loop)**: This loop runs `N` times for calculating `tkhs` and `aoki` values. All statements inside this loop are executed. However, there's a potential bug in `ryori[N-i-i][2];` which should likely be `ryori[N-1-i][2];` instead. If executed as is, it may cause an `ArrayIndexOutOfBoundsException` for certain `i`.\n10. **Output Method Call (`pl(tkhs-aoki);`)**: This is executed to print the result.\n11. **Printing Methods**: `pl(Object o)`, `pl()`, and `p(Object o)` are utility methods for printing. Given the flow, `pl(Object o)` is executed to print the final result.\n12. **SC Class Methods Execution**: Within the `SC` class, methods `nextInt()`, `nextLong()`, and potentially `next()` are executed. Other methods like `nextDouble()`, and `nextLine()` are not used based on the provided input and operations in the program.\n13. **Unused Methods**: The `q(long[][] d, int left, int right)` method is declared but not called anywhere in the provided code, so it's not executed.\n\n### Predicted Code Coverage:\n- All import statements are covered.\n- Class and main method declaration are covered.\n- All statements for input reading and array initialization are covered.\n- Both for-loops are covered including their internal statements.\n- Final result calculation and output are covered.\n- `SC` class methods used for input are covered.\n- `pl(Object o)` method is covered for output.\n- The `q` method is not covered as it's not called.\n- Potential runtime exception due to incorrect array access in second for-loop.\n\nGiven the test case does not actually trigger the execution of the `q` method, and assuming no modification to the input processing that would require `nextDouble()` or `nextLine()`, those methods would not be covered. The specific execution flow (and potential bug in array access) would need correction to avoid exceptions and achieve full intended functionality of the program.",
      "test_seed_coverage": [
        ">",
        ">",
        ">",
        ">",
        ">",
        ">",
        ">",
        ">",
        ">",
        ">",
        ">",
        ">",
        ">",
        ">",
        ">",
        ">",
        ">",
        ">",
        ">",
        ">",
        ">",
        ">",
        ">",
        ">",
        ">",
        ">",
        ">",
        ">",
        ">",
        ">",
        ">",
        ">",
        ">",
        ">",
        ">",
        ">",
        ">",
        ">",
        ">",
        ">",
        ">",
        ">",
        ">",
        ">",
        ">",
        ">",
        ">",
        ">",
        ">",
        ">",
        ">",
        ">",
        ">",
        ">",
        ">",
        ">",
        ">",
        ">",
        ">",
        ">",
        ">",
        ">",
        ">",
        ">",
        ">",
        ">",
        ">",
        ">",
        ">",
        ">",
        ">",
        ">",
        ">",
        ">",
        ">",
        ">",
        ">",
        ">",
        ">",
        ">",
        ">",
        ">",
        ">",
        ">",
        ">",
        ">",
        ">",
        ">",
        ">",
        ">",
        ">",
        ">",
        ">",
        ">",
        ">"
      ],
      "cumulative_coverage": [
        ">",
        ">",
        ">",
        ">",
        ">",
        ">",
        ">",
        ">",
        ">",
        ">",
        ">",
        ">",
        ">",
        ">",
        ">",
        ">",
        ">",
        ">",
        ">",
        ">",
        ">",
        ">",
        ">",
        ">",
        ">",
        ">",
        ">",
        ">",
        ">",
        ">",
        ">",
        ">",
        ">",
        ">",
        ">",
        ">",
        ">",
        ">",
        ">",
        ">",
        ">",
        ">",
        ">",
        ">",
        ">",
        ">",
        ">",
        ">",
        ">",
        ">",
        ">",
        ">",
        ">",
        ">",
        ">",
        ">",
        ">",
        ">",
        ">",
        ">",
        ">",
        ">",
        ">",
        ">",
        ">",
        ">",
        ">",
        ">",
        ">",
        ">",
        ">",
        ">",
        ">",
        ">",
        ">",
        ">",
        ">",
        ">",
        ">",
        ">",
        ">",
        ">",
        ">",
        ">",
        ">",
        ">",
        ">",
        ">",
        ">",
        ">",
        ">",
        ">",
        ">",
        ">",
        ">"
      ],
      "execution_error": "Exception in thread \"main\" java.lang.ArrayIndexOutOfBoundsException: Index -1 out of bounds for length 5\n\tat Main.main(Main.java:28)",
      "cerberus_output": "ArrayIndexOutOfBoundsException",
      "execution_result": "ArrayIndexOutOfBoundsException",
      "test_case_id": "5"
    },
    {
      "test_case": [
        "Test Case Input:\n5\n1 2\n3 4\n5 6\n7 8\n9 10"
      ],
      "test_mutations": [
        "Test Case Input:\n5\n1 2\n3 4\n5 6\n7 8\n9 10"
      ],
      "initial_code": "import java.io.BufferedReader;\nimport java.io.IOException;\nimport java.io.InputStream;\nimport java.io.InputStreamReader;\nimport java.io.UncheckedIOException;\nimport java.util.StringTokenizer;\nclass Main{\n\tstatic long[][] ryori;\n\tpublic static void main(String[] args) {\n\t\tSC sc=new SC(System.in);\n\t\tint N=sc.nextInt();\n\t\tryori=new long[N][3];\n\t\tlong a,t;\n\t\tfor(int i=0; i<N; i++) {\n\t\t\tt=sc.nextLong();\n\t\t\ta=sc.nextLong();\n\t\t\tryori[i][0]=t+a;\n\t\t\tryori[i][1]=t;\n\t\t\tryori[i][2]=a;\n\t\t}\n\t\tlong tkhs=0;\n\t\tlong aoki=0;\n\t\tfor(int i=0; i<N; i++) {\n\t\t\tif(i%2==0) {\n\t\t\t\ttkhs+=ryori[N-1-i][1];\n\t\t\t}\n\t\t\telse {\n\t\t\t\taoki+=ryori[N-i-i][2];\n\t\t\t}\n\t\t}\n\t\tpl(tkhs-aoki);\n\t}\n\tpublic static void pl(Object o) {\n\t\tSystem.out.println(o);\n\t}\n\tpublic static void pl() {\n\t\tSystem.out.println();\n\t}\n\tpublic static void p(Object o) {\n\t\tSystem.out.print(o);\n\t}\n\tstatic class SC {\n\t\tprivate BufferedReader reader = null;\n\t\tprivate StringTokenizer tokenizer = null;\n\t\tpublic SC(InputStream in) {\n\t\t\treader = new BufferedReader(new InputStreamReader(in));\n\t\t}\n\t\tpublic String next() {\n\t\t\tif (tokenizer == null || !tokenizer.hasMoreTokens()) {\n\t\t\t\ttry {\n\t\t\t\t\ttokenizer = new StringTokenizer(reader.readLine());\n\t\t\t\t} catch (IOException e) {\n\t\t\t\t\tthrow new UncheckedIOException(e);\n\t\t\t\t}\n\t\t\t}\n\t\t\treturn tokenizer.nextToken();\n\t\t}\n\t\tpublic int nextInt() {\n\t\t\treturn Integer.parseInt(next());\n\t\t}\n\t\tpublic long nextLong() {\n\t\t\treturn Long.parseLong(next());\n\t\t}\n\t\tpublic double nextDouble() {\n\t\t\treturn Double.parseDouble(next());\n\t\t}\n\t\tpublic String nextLine() {\n\t\t\ttry {\n\t\t\t\treturn reader.readLine();\n\t\t\t} catch (IOException e) {\n\t\t\t\tthrow new UncheckedIOException(e);\n\t\t\t}\n\t\t}\n\t}\n\tstatic void q(long[][] d, int left, int right) {\n\t\tif (left>=right) {\n\t\t\treturn;\n\t\t}\n\t\tlong p = d[(left+right)/2][0];\n\t\tint l = left, r = right;\n\t\tlong tmp,tmp1,tmp2;\n\t\twhile(l<=r) {\n\t\t\twhile(d[l][0] < p) { l++; }\n\t\t\twhile(d[r][0] > p) { r--; }\n\t\t\tif (l<=r) {\n\t\t\t\ttmp = d[l][0]; d[l][0] = d[r][0]; d[r][0] = tmp;\n\t\t\t\ttmp1=d[l][1]; tmp2=d[r][1]; d[l][1]=tmp2; d[r][1]=tmp1;\n\t\t\t\ttmp1=d[l][2]; tmp2=d[r][2]; d[l][2]=tmp2; d[r][2]=tmp1;\n\t\t\t\tl++; r--;\n\t\t\t}\n\t\t}\n\t\tq(d, left, r);\n\t\tq(d, l, right);\n\t}\n}",
      "covered_code": "Given the program and the test case input of \"5\\n1 2\\n3 4\\n5 6\\n7 8\\n9 10\", let's develop a plan to determine the code coverage. The plan will detail the execution of the program, step by step, based on the given input.\n\n1. **Import Statements**: The import statements for BufferedReader, IOException, InputStream, InputStreamReader, UncheckedIOException, and StringTokenizer are always executed.\n   \n   > import java.io.BufferedReader;\n   > import java.io.IOException;\n   > import java.io.InputStream;\n   > import java.io.InputStreamReader;\n   > import java.io.UncheckedIOException;\n   > import java.util.StringTokenizer;\n\n2. **Class Declaration**: The declaration of the `Main` class and the `SC` static inner class are always executed.\n   \n   > class Main{\n   > static class SC {\n\n3. **Static Variable Declaration**: The declaration of the static variable `ryori` is always executed.\n   \n   > static long[][] ryori;\n\n4. **Main Method Execution**: The execution starts with the main method, which is always executed.\n   \n   > public static void main(String[] args) {\n\n5. **Initialization of SC Object and Variable N**: The creation of an `SC` object with `System.in` as the argument and reading the first integer value (N=5) are executed.\n   \n   > SC sc=new SC(System.in);\n   > int N=sc.nextInt();\n\n6. **Initialization of ryori Array**: The `ryori` array is initialized with size [N][3], where N=5, and this part is executed.\n   \n   > ryori=new long[N][3];\n\n7. **For Loop for Reading Input Values**: The loop iterating N times to read values of `t` and `a` and populate the `ryori` array is executed for each iteration as there are 5 pairs of inputs.\n   \n   > for(int i=0; i<N; i++) {\n\n8. **Initialization of tkhs and aoki Variables**: The initialization of `tkhs` and `aoki` variables is executed.\n   \n   > long tkhs=0;\n   > long aoki=0;\n\n9. **For Loop for Processing ryori Array**: The loop iterating N times to process the `ryori` array and update `tkhs` and `aoki` variables is executed for each iteration, given N=5.\n   \n   > for(int i=0; i<N; i++) {\n\n10. **Conditional Statements**: The conditional statement `if(i%2==0)` is executed for each iteration, determining whether to add to `tkhs` or `aoki`.\n    \n    > if(i%2==0) {\n\n11. **Print Output**: The method call to `pl(tkhs-aoki)` to print the final result is executed.\n    \n    > pl(tkhs-aoki);\n\n12. **Print Methods**: The `pl`, `p`, and overloaded `pl(Object o)` methods are executed when called.\n    \n    > public static void pl(Object o) {\n    > public static void pl() {\n    > public static void p(Object o) {\n\n13. **SC Class Methods**: The methods within the `SC` class, such as `nextInt()`, `nextLong()`, `nextDouble()`, `nextLine()`, and `next()`, are executed based on their usage in the main method and loops.\n    \n    > public int nextInt() {\n    > public long nextLong() {\n    > public double nextDouble() {\n    > public String nextLine() {\n    > public String next() {\n\n14. **Unused Method**: The `q` method is not called anywhere within the provided code or by the test case; hence it is not executed.\n    \n    ! static void q(long[][] d, int left, int right) {\n\nGiven the above plan and the provided test case, the code coverage indicates that all parts of the code except the `q` method are executed. This detailed execution plan helps in understanding which parts of the code are covered by the given test case.",
      "test_seed_coverage": [
        ">",
        ">",
        ">",
        ">",
        ">",
        ">",
        ">",
        ">",
        ">",
        ">",
        ">",
        ">",
        ">",
        ">",
        ">",
        ">",
        ">",
        ">",
        ">",
        ">",
        ">",
        ">",
        ">",
        ">",
        ">",
        ">",
        ">",
        ">",
        ">",
        ">",
        ">",
        ">",
        ">",
        ">",
        ">",
        ">",
        ">",
        ">",
        ">",
        ">",
        ">",
        ">",
        ">",
        ">",
        ">",
        ">",
        ">",
        ">",
        ">",
        ">",
        ">",
        ">",
        ">",
        ">",
        ">",
        ">",
        ">",
        ">",
        ">",
        ">",
        ">",
        ">",
        ">",
        ">",
        ">",
        ">",
        ">",
        ">",
        ">",
        ">",
        ">",
        ">",
        ">",
        ">",
        ">",
        ">",
        ">",
        ">",
        ">",
        ">",
        ">",
        ">",
        ">",
        ">",
        ">",
        ">",
        ">",
        ">",
        ">",
        ">",
        ">",
        ">",
        ">",
        ">",
        ">"
      ],
      "cumulative_coverage": [
        ">",
        ">",
        ">",
        ">",
        ">",
        ">",
        ">",
        ">",
        ">",
        ">",
        ">",
        ">",
        ">",
        ">",
        ">",
        ">",
        ">",
        ">",
        ">",
        ">",
        ">",
        ">",
        ">",
        ">",
        ">",
        ">",
        ">",
        ">",
        ">",
        ">",
        ">",
        ">",
        ">",
        ">",
        ">",
        ">",
        ">",
        ">",
        ">",
        ">",
        ">",
        ">",
        ">",
        ">",
        ">",
        ">",
        ">",
        ">",
        ">",
        ">",
        ">",
        ">",
        ">",
        ">",
        ">",
        ">",
        ">",
        ">",
        ">",
        ">",
        ">",
        ">",
        ">",
        ">",
        ">",
        ">",
        ">",
        ">",
        ">",
        ">",
        ">",
        ">",
        ">",
        ">",
        ">",
        ">",
        ">",
        ">",
        ">",
        ">",
        ">",
        ">",
        ">",
        ">",
        ">",
        ">",
        ">",
        ">",
        ">",
        ">",
        ">",
        ">",
        ">",
        ">",
        ">"
      ],
      "execution_error": "Exception in thread \"main\" java.lang.ArrayIndexOutOfBoundsException: Index -1 out of bounds for length 5\n\tat Main.main(Main.java:28)",
      "cerberus_output": "UncheckedIOException",
      "execution_result": "ArrayIndexOutOfBoundsException",
      "test_case_id": "6"
    },
    {
      "test_case": [
        "Test Case Input:\n3\n2 3\n4 5\n6 7"
      ],
      "test_mutations": [
        "Test Case Input:\n3\n2 3\n4 5\n6 7"
      ],
      "initial_code": "import java.io.BufferedReader;\nimport java.io.IOException;\nimport java.io.InputStream;\nimport java.io.InputStreamReader;\nimport java.io.UncheckedIOException;\nimport java.util.StringTokenizer;\nclass Main{\n\tstatic long[][] ryori;\n\tpublic static void main(String[] args) {\n\t\tSC sc=new SC(System.in);\n\t\tint N=sc.nextInt();\n\t\tryori=new long[N][3];\n\t\tlong a,t;\n\t\tfor(int i=0; i<N; i++) {\n\t\t\tt=sc.nextLong();\n\t\t\ta=sc.nextLong();\n\t\t\tryori[i][0]=t+a;\n\t\t\tryori[i][1]=t;\n\t\t\tryori[i][2]=a;\n\t\t}\n\t\tlong tkhs=0;\n\t\tlong aoki=0;\n\t\tfor(int i=0; i<N; i++) {\n\t\t\tif(i%2==0) {\n\t\t\t\ttkhs+=ryori[N-1-i][1];\n\t\t\t}\n\t\t\telse {\n\t\t\t\taoki+=ryori[N-i-i][2];\n\t\t\t}\n\t\t}\n\t\tpl(tkhs-aoki);\n\t}\n\tpublic static void pl(Object o) {\n\t\tSystem.out.println(o);\n\t}\n\tpublic static void pl() {\n\t\tSystem.out.println();\n\t}\n\tpublic static void p(Object o) {\n\t\tSystem.out.print(o);\n\t}\n\tstatic class SC {\n\t\tprivate BufferedReader reader = null;\n\t\tprivate StringTokenizer tokenizer = null;\n\t\tpublic SC(InputStream in) {\n\t\t\treader = new BufferedReader(new InputStreamReader(in));\n\t\t}\n\t\tpublic String next() {\n\t\t\tif (tokenizer == null || !tokenizer.hasMoreTokens()) {\n\t\t\t\ttry {\n\t\t\t\t\ttokenizer = new StringTokenizer(reader.readLine());\n\t\t\t\t} catch (IOException e) {\n\t\t\t\t\tthrow new UncheckedIOException(e);\n\t\t\t\t}\n\t\t\t}\n\t\t\treturn tokenizer.nextToken();\n\t\t}\n\t\tpublic int nextInt() {\n\t\t\treturn Integer.parseInt(next());\n\t\t}\n\t\tpublic long nextLong() {\n\t\t\treturn Long.parseLong(next());\n\t\t}\n\t\tpublic double nextDouble() {\n\t\t\treturn Double.parseDouble(next());\n\t\t}\n\t\tpublic String nextLine() {\n\t\t\ttry {\n\t\t\t\treturn reader.readLine();\n\t\t\t} catch (IOException e) {\n\t\t\t\tthrow new UncheckedIOException(e);\n\t\t\t}\n\t\t}\n\t}\n\tstatic void q(long[][] d, int left, int right) {\n\t\tif (left>=right) {\n\t\t\treturn;\n\t\t}\n\t\tlong p = d[(left+right)/2][0];\n\t\tint l = left, r = right;\n\t\tlong tmp,tmp1,tmp2;\n\t\twhile(l<=r) {\n\t\t\twhile(d[l][0] < p) { l++; }\n\t\t\twhile(d[r][0] > p) { r--; }\n\t\t\tif (l<=r) {\n\t\t\t\ttmp = d[l][0]; d[l][0] = d[r][0]; d[r][0] = tmp;\n\t\t\t\ttmp1=d[l][1]; tmp2=d[r][1]; d[l][1]=tmp2; d[r][1]=tmp1;\n\t\t\t\ttmp1=d[l][2]; tmp2=d[r][2]; d[l][2]=tmp2; d[r][2]=tmp1;\n\t\t\t\tl++; r--;\n\t\t\t}\n\t\t}\n\t\tq(d, left, r);\n\t\tq(d, l, right);\n\t}\n}",
      "covered_code": "Given the Java program and the test case input \"3\\n2 3\\n4 5\\n6 7\", let's develop a plan for step by step execution to predict the code coverage.\n\n1. **Import Statements**: Since import statements are always executed to ensure the required classes are available, the line with `import` statements will be covered.\n   ```\n   > import java.io.BufferedReader;\n   > import java.io.IOException;\n   > import java.io.InputStream;\n   > import java.io.InputStreamReader;\n   > import java.io.UncheckedIOException;\n   > import java.util.StringTokenizer;\n   ```\n\n2. **Class Declaration**: The class declaration line is always executed because it's part of the program structure.\n   ```\n   > class Main{\n   ```\n\n3. **Main Method Declaration**: The declaration of the `main` method is always executed as it's the entry point of the Java program.\n   ```\n   > public static void main(String[] args) {\n   ```\n\n4. **Variable Initialization and Reading User Input**: The lines related to initializing variables and reading input from the user are executed since the program processes user input.\n   ```\n   > SC sc=new SC(System.in);\n   > int N=sc.nextInt();\n   > ryori=new long[N][3];\n   ```\n\n5. **First For Loop Execution**: The first `for` loop reads values of `t` and `a` and stores calculated values in the `ryori` array. Given there are 3 sets of inputs, this loop will execute 3 times.\n   ```\n   > for(int i=0; i<N; i++) {\n   >     t=sc.nextLong();\n   >     a=sc.nextLong();\n   >     ryori[i][0]=t+a;\n   >     ryori[i][1]=t;\n   >     ryori[i][2]=a;\n   > }\n   ```\n\n6. **Second For Loop Execution**: The second `for` loop calculates the values for `tkhs` and `aoki` based on the `ryori` array contents. This loop will also execute 3 times since it iterates over the array filled in the previous step.\n   ```\n   > long tkhs=0;\n   > long aoki=0;\n   > for(int i=0; i<N; i++) {\n   >     if(i%2==0) {\n   >         tkhs+=ryori[N-1-i][1];\n   >     }\n   >     else {\n   >         aoki+=ryori[N-i-i][2];\n   >     }\n   > }\n   ```\n\n7. **Print Statement**: The `pl` method is called to print the result, which means its line will be executed.\n   ```\n   > pl(tkhs-aoki);\n   ```\n\n8. **Utility Methods**: The `pl`, `p`, and `SC` class methods are executed as part of input reading and output printing.\n   ```\n   > public static void pl(Object o) {\n   > public static void pl() {\n   > public static void p(Object o) {\n   > static class SC {\n   ```\n\n9. **Unexecuted Methods**: The `q` method is never called in the given program with the provided test input. Thus, the entire method remains unexecuted.\n   ```\n   ! static void q(long[][] d, int left, int right) {\n   ```\n\n10. **Closing Brackets**: Always considered covered as part of the structure.\n    ```\n    > }\n    ```\n\n**Summary of Code Coverage**:\n- All import statements, class, and method declarations are executed.\n- Both for loops and their contents are fully executed.\n- The `pl` method used for printing is executed.\n- The `SC` class and its methods for input handling are executed.\n- The `q` method is not executed at all.\n\n**Output**:\nThe program executes without any runtime exceptions and calculates the result based on the logic provided. Since there's no call to the `q` method, it remains the only part of the code not covered by the given test case.",
      "test_seed_coverage": [
        ">",
        ">",
        ">",
        ">",
        ">",
        ">",
        ">",
        ">",
        ">",
        ">",
        ">",
        ">",
        ">",
        ">",
        ">",
        ">",
        ">",
        ">",
        ">",
        ">",
        ">",
        ">",
        ">",
        ">",
        ">",
        ">",
        ">",
        ">",
        ">",
        ">",
        ">",
        ">",
        ">",
        ">",
        ">",
        ">",
        ">",
        ">",
        ">",
        ">",
        ">",
        ">",
        ">",
        ">",
        ">",
        ">",
        ">",
        ">",
        ">",
        ">",
        ">",
        ">",
        ">",
        ">",
        ">",
        ">",
        ">",
        ">",
        ">",
        ">",
        ">",
        ">",
        ">",
        ">",
        ">",
        ">",
        ">",
        ">",
        ">",
        ">",
        ">",
        ">",
        ">",
        ">",
        ">",
        ">",
        ">",
        ">",
        ">",
        ">",
        ">",
        ">",
        ">",
        ">",
        ">",
        ">",
        ">",
        ">",
        ">",
        ">",
        ">",
        ">",
        ">",
        ">",
        ">"
      ],
      "cumulative_coverage": [
        ">",
        ">",
        ">",
        ">",
        ">",
        ">",
        ">",
        ">",
        ">",
        ">",
        ">",
        ">",
        ">",
        ">",
        ">",
        ">",
        ">",
        ">",
        ">",
        ">",
        ">",
        ">",
        ">",
        ">",
        ">",
        ">",
        ">",
        ">",
        ">",
        ">",
        ">",
        ">",
        ">",
        ">",
        ">",
        ">",
        ">",
        ">",
        ">",
        ">",
        ">",
        ">",
        ">",
        ">",
        ">",
        ">",
        ">",
        ">",
        ">",
        ">",
        ">",
        ">",
        ">",
        ">",
        ">",
        ">",
        ">",
        ">",
        ">",
        ">",
        ">",
        ">",
        ">",
        ">",
        ">",
        ">",
        ">",
        ">",
        ">",
        ">",
        ">",
        ">",
        ">",
        ">",
        ">",
        ">",
        ">",
        ">",
        ">",
        ">",
        ">",
        ">",
        ">",
        ">",
        ">",
        ">",
        ">",
        ">",
        ">",
        ">",
        ">",
        ">",
        ">",
        ">",
        ">"
      ],
      "execution_output": "3",
      "cerberus_output": "UncheckedIOException",
      "execution_result": "",
      "test_case_id": "7"
    },
    {
      "test_case": [
        "Test Case Input:\n5\n1\n2\n3\n4\n5"
      ],
      "test_mutations": [
        "Test Case Input:\n5\n1\n2\n3\n4\n5"
      ],
      "initial_code": "import java.io.BufferedReader;\nimport java.io.IOException;\nimport java.io.InputStream;\nimport java.io.InputStreamReader;\nimport java.io.UncheckedIOException;\nimport java.util.StringTokenizer;\nclass Main{\n\tstatic long[][] ryori;\n\tpublic static void main(String[] args) {\n\t\tSC sc=new SC(System.in);\n\t\tint N=sc.nextInt();\n\t\tryori=new long[N][3];\n\t\tlong a,t;\n\t\tfor(int i=0; i<N; i++) {\n\t\t\tt=sc.nextLong();\n\t\t\ta=sc.nextLong();\n\t\t\tryori[i][0]=t+a;\n\t\t\tryori[i][1]=t;\n\t\t\tryori[i][2]=a;\n\t\t}\n\t\tlong tkhs=0;\n\t\tlong aoki=0;\n\t\tfor(int i=0; i<N; i++) {\n\t\t\tif(i%2==0) {\n\t\t\t\ttkhs+=ryori[N-1-i][1];\n\t\t\t}\n\t\t\telse {\n\t\t\t\taoki+=ryori[N-i-i][2];\n\t\t\t}\n\t\t}\n\t\tpl(tkhs-aoki);\n\t}\n\tpublic static void pl(Object o) {\n\t\tSystem.out.println(o);\n\t}\n\tpublic static void pl() {\n\t\tSystem.out.println();\n\t}\n\tpublic static void p(Object o) {\n\t\tSystem.out.print(o);\n\t}\n\tstatic class SC {\n\t\tprivate BufferedReader reader = null;\n\t\tprivate StringTokenizer tokenizer = null;\n\t\tpublic SC(InputStream in) {\n\t\t\treader = new BufferedReader(new InputStreamReader(in));\n\t\t}\n\t\tpublic String next() {\n\t\t\tif (tokenizer == null || !tokenizer.hasMoreTokens()) {\n\t\t\t\ttry {\n\t\t\t\t\ttokenizer = new StringTokenizer(reader.readLine());\n\t\t\t\t} catch (IOException e) {\n\t\t\t\t\tthrow new UncheckedIOException(e);\n\t\t\t\t}\n\t\t\t}\n\t\t\treturn tokenizer.nextToken();\n\t\t}\n\t\tpublic int nextInt() {\n\t\t\treturn Integer.parseInt(next());\n\t\t}\n\t\tpublic long nextLong() {\n\t\t\treturn Long.parseLong(next());\n\t\t}\n\t\tpublic double nextDouble() {\n\t\t\treturn Double.parseDouble(next());\n\t\t}\n\t\tpublic String nextLine() {\n\t\t\ttry {\n\t\t\t\treturn reader.readLine();\n\t\t\t} catch (IOException e) {\n\t\t\t\tthrow new UncheckedIOException(e);\n\t\t\t}\n\t\t}\n\t}\n\tstatic void q(long[][] d, int left, int right) {\n\t\tif (left>=right) {\n\t\t\treturn;\n\t\t}\n\t\tlong p = d[(left+right)/2][0];\n\t\tint l = left, r = right;\n\t\tlong tmp,tmp1,tmp2;\n\t\twhile(l<=r) {\n\t\t\twhile(d[l][0] < p) { l++; }\n\t\t\twhile(d[r][0] > p) { r--; }\n\t\t\tif (l<=r) {\n\t\t\t\ttmp = d[l][0]; d[l][0] = d[r][0]; d[r][0] = tmp;\n\t\t\t\ttmp1=d[l][1]; tmp2=d[r][1]; d[l][1]=tmp2; d[r][1]=tmp1;\n\t\t\t\ttmp1=d[l][2]; tmp2=d[r][2]; d[l][2]=tmp2; d[r][2]=tmp1;\n\t\t\t\tl++; r--;\n\t\t\t}\n\t\t}\n\t\tq(d, left, r);\n\t\tq(d, l, right);\n\t}\n}",
      "covered_code": "For predicting the code coverage based on the provided test case input and Java program, let's follow a step-by-step execution plan similar to the illustrated process:\n\n**Test Case Input:**\n`5 1 2 3 4 5`\n\n**Step by Step Execution Plan:**\n\n1. **Import statements and Class Declaration**: These are always executed.\n   - > import java.io.BufferedReader;\n   - > import java.io.IOException;\n   - > import java.io.InputStream;\n   - > import java.io.InputStreamReader;\n   - > import java.io.UncheckedIOException;\n   - > import java.util.StringTokenizer;\n   - > class Main{\n\n2. **Main method declaration and execution**:\n   - > public static void main(String[] args) {\n\n3. **Instantiation of SC class and Reading N**:\n   - > SC sc=new SC(System.in);\n   - > int N=sc.nextInt();  // N=5\n\n4. **First for loop to read and process inputs**:\n   - Since N=5, the loop will execute 5 times reading t and a, and calculating `ryori[i][0]`, `ryori[i][1]`, and `ryori[i][2]` for each.\n   - > for(int i=0; i<N; i++) {\n\n5. **Second for loop for calculating tkhs and aoki values**:\n   - This loop also runs N times (5 times in this case), alternating updates to `tkhs` and `aoki` based on the index being even or odd.\n   - > for(int i=0; i<N; i++) {\n\n6. **Print statements (pl method)**:\n   - The `pl(tkhs-aoki);` will be executed to display the final result.\n   - > pl(tkhs-aoki);\n\n7. **SC class and its methods**:\n   - All methods within the SC class will be utilized for reading inputs so they are covered.\n   - > public SC(InputStream in) {\n   - > public String next() {\n   - > public int nextInt() {\n   - > public long nextLong() {\n   - > public double nextDouble() {\n   - > public String nextLine() {\n\n8. **Unused methods and error handling**:\n   - Since the `q` method is not called in the main method, it will not be executed.\n   - ! static void q(long[][] d, int left, int right) {\n\n9. **Print and utility methods (pl, p)**:\n   - These utility methods for printing are used, hence covered.\n   - > public static void pl(Object o) {\n   - > public static void pl() {\n   - > public static void p(Object o) {\n\nBased on the step-by-step execution plan, we can predict the code coverage as follows:\n\n- All import statements are covered.\n- The main class and its main method are covered.\n- The instantiation of the SC class and the first for loop for input processing are covered.\n- The second for loop for calculating `tkhs` and `aoki` and the subsequent print statement are covered.\n- The SC class and all its methods are covered due to their role in input processing.\n- The `q` method is not covered as it is not called in the provided input scenario.\n- Utility print methods are covered.\n\n**Final Code Coverage:**\n\n- > for all covered lines\n- ! static void q(long[][] d, int left, int right) {  // Not covered\n\nThis coverage indicates that except for the `q` sorting method, which is not utilized in this execution plan, all parts of the program are executed at least once.",
      "test_seed_coverage": [
        ">",
        ">",
        ">",
        ">",
        ">",
        ">",
        ">",
        ">",
        ">",
        ">",
        ">",
        ">",
        ">",
        ">",
        ">",
        ">",
        ">",
        ">",
        ">",
        ">",
        ">",
        ">",
        ">",
        ">",
        ">",
        ">",
        ">",
        ">",
        ">",
        ">",
        ">",
        ">",
        ">",
        ">",
        ">",
        ">",
        ">",
        ">",
        ">",
        ">",
        ">",
        ">",
        ">",
        ">",
        ">",
        ">",
        ">",
        ">",
        ">",
        ">",
        ">",
        ">",
        ">",
        ">",
        ">",
        ">",
        ">",
        ">",
        ">",
        ">",
        ">",
        ">",
        ">",
        ">",
        ">",
        ">",
        ">",
        ">",
        ">",
        ">",
        ">",
        ">",
        ">",
        ">",
        ">",
        ">",
        ">",
        ">",
        ">",
        ">",
        ">",
        ">",
        ">",
        ">",
        ">",
        ">",
        ">",
        ">",
        ">",
        ">",
        ">",
        ">",
        ">",
        ">",
        ">"
      ],
      "cumulative_coverage": [
        ">",
        ">",
        ">",
        ">",
        ">",
        ">",
        ">",
        ">",
        ">",
        ">",
        ">",
        ">",
        ">",
        ">",
        ">",
        ">",
        ">",
        ">",
        ">",
        ">",
        ">",
        ">",
        ">",
        ">",
        ">",
        ">",
        ">",
        ">",
        ">",
        ">",
        ">",
        ">",
        ">",
        ">",
        ">",
        ">",
        ">",
        ">",
        ">",
        ">",
        ">",
        ">",
        ">",
        ">",
        ">",
        ">",
        ">",
        ">",
        ">",
        ">",
        ">",
        ">",
        ">",
        ">",
        ">",
        ">",
        ">",
        ">",
        ">",
        ">",
        ">",
        ">",
        ">",
        ">",
        ">",
        ">",
        ">",
        ">",
        ">",
        ">",
        ">",
        ">",
        ">",
        ">",
        ">",
        ">",
        ">",
        ">",
        ">",
        ">",
        ">",
        ">",
        ">",
        ">",
        ">",
        ">",
        ">",
        ">",
        ">",
        ">",
        ">",
        ">",
        ">",
        ">",
        ">"
      ],
      "execution_error": "Exception in thread \"main\" java.lang.NullPointerException: Cannot invoke \"String.length()\" because \"str\" is null\n\tat java.base/java.util.StringTokenizer.<init>(StringTokenizer.java:199)\n\tat java.base/java.util.StringTokenizer.<init>(StringTokenizer.java:236)\n\tat Main$SC.next(Main.java:51)\n\tat Main$SC.nextLong(Main.java:62)\n\tat Main.main(Main.java:16)",
      "cerberus_output": "UncheckedIOException",
      "execution_result": "NullPointerException",
      "test_case_id": "8"
    },
    {
      "test_case": [
        "Test Case Input:\n3\n1 2\n3 4\n5 6"
      ],
      "test_mutations": [
        "Test Case Input:\n3\n1 2\n3 4\n5 6"
      ],
      "initial_code": "import java.io.BufferedReader;\nimport java.io.IOException;\nimport java.io.InputStream;\nimport java.io.InputStreamReader;\nimport java.io.UncheckedIOException;\nimport java.util.StringTokenizer;\nclass Main{\n\tstatic long[][] ryori;\n\tpublic static void main(String[] args) {\n\t\tSC sc=new SC(System.in);\n\t\tint N=sc.nextInt();\n\t\tryori=new long[N][3];\n\t\tlong a,t;\n\t\tfor(int i=0; i<N; i++) {\n\t\t\tt=sc.nextLong();\n\t\t\ta=sc.nextLong();\n\t\t\tryori[i][0]=t+a;\n\t\t\tryori[i][1]=t;\n\t\t\tryori[i][2]=a;\n\t\t}\n\t\tlong tkhs=0;\n\t\tlong aoki=0;\n\t\tfor(int i=0; i<N; i++) {\n\t\t\tif(i%2==0) {\n\t\t\t\ttkhs+=ryori[N-1-i][1];\n\t\t\t}\n\t\t\telse {\n\t\t\t\taoki+=ryori[N-i-i][2];\n\t\t\t}\n\t\t}\n\t\tpl(tkhs-aoki);\n\t}\n\tpublic static void pl(Object o) {\n\t\tSystem.out.println(o);\n\t}\n\tpublic static void pl() {\n\t\tSystem.out.println();\n\t}\n\tpublic static void p(Object o) {\n\t\tSystem.out.print(o);\n\t}\n\tstatic class SC {\n\t\tprivate BufferedReader reader = null;\n\t\tprivate StringTokenizer tokenizer = null;\n\t\tpublic SC(InputStream in) {\n\t\t\treader = new BufferedReader(new InputStreamReader(in));\n\t\t}\n\t\tpublic String next() {\n\t\t\tif (tokenizer == null || !tokenizer.hasMoreTokens()) {\n\t\t\t\ttry {\n\t\t\t\t\ttokenizer = new StringTokenizer(reader.readLine());\n\t\t\t\t} catch (IOException e) {\n\t\t\t\t\tthrow new UncheckedIOException(e);\n\t\t\t\t}\n\t\t\t}\n\t\t\treturn tokenizer.nextToken();\n\t\t}\n\t\tpublic int nextInt() {\n\t\t\treturn Integer.parseInt(next());\n\t\t}\n\t\tpublic long nextLong() {\n\t\t\treturn Long.parseLong(next());\n\t\t}\n\t\tpublic double nextDouble() {\n\t\t\treturn Double.parseDouble(next());\n\t\t}\n\t\tpublic String nextLine() {\n\t\t\ttry {\n\t\t\t\treturn reader.readLine();\n\t\t\t} catch (IOException e) {\n\t\t\t\tthrow new UncheckedIOException(e);\n\t\t\t}\n\t\t}\n\t}\n\tstatic void q(long[][] d, int left, int right) {\n\t\tif (left>=right) {\n\t\t\treturn;\n\t\t}\n\t\tlong p = d[(left+right)/2][0];\n\t\tint l = left, r = right;\n\t\tlong tmp,tmp1,tmp2;\n\t\twhile(l<=r) {\n\t\t\twhile(d[l][0] < p) { l++; }\n\t\t\twhile(d[r][0] > p) { r--; }\n\t\t\tif (l<=r) {\n\t\t\t\ttmp = d[l][0]; d[l][0] = d[r][0]; d[r][0] = tmp;\n\t\t\t\ttmp1=d[l][1]; tmp2=d[r][1]; d[l][1]=tmp2; d[r][1]=tmp1;\n\t\t\t\ttmp1=d[l][2]; tmp2=d[r][2]; d[l][2]=tmp2; d[r][2]=tmp1;\n\t\t\t\tl++; r--;\n\t\t\t}\n\t\t}\n\t\tq(d, left, r);\n\t\tq(d, l, right);\n\t}\n}",
      "covered_code": "For the given Java program and test case input, let's develop a plan for step-by-step execution to predict the code coverage. \n\nTest Case Input:\n3\n1 2\n3 4\n5 6\n\nGiven Java Program:\n```java\nimport java.io.BufferedReader;\n...\n```\n\n**Plan for step-by-step execution and predicting code coverage:**\n\n1. **Import Statements:** Always executed. All import statements will be covered.\n\n2. **Class Declaration (`Main`):** Always executed.\n\n3. **Static Variables Declaration (`ryori`):** Always executed.\n\n4. **`main` Method Declaration:** Always executed.\n\n5. **Initialization of `SC` object `sc` with `System.in`:** Always executed.\n\n6. **Reading `N` (the number of inputs) using `sc.nextInt()`:** Since `N=3`, this statement will be executed and covered.\n\n7. **Initialization of `ryori` array:** Executed once `N` is known.\n\n8. **First For Loop (Reading and Storing Inputs):** With `N=3`, this loop runs three times to read and store `t` and `a` into `ryori` array. All statements inside this loop are executed.\n\n9. **Initialization of `tkhs` and `aoki`:** Executed.\n\n10. **Second For Loop (Calculating `tkhs` and `aoki`):** This loop also runs for `N=3` iterations. However, there's an off-by-one bug in the else branch (`ryori[N-i-i][2]` should be `ryori[N-1-i][2]`). For `i=1`, this will cause an `ArrayIndexOutOfBoundsException`. \n\n    - For `i=0` (even), `tkhs` calculation is correct and covered.\n    - For `i=1` (odd), the program will throw an exception before it can cover the `aoki` calculation due to the bug mentioned. This means `aoki` calculation for `i=1` won't be covered.\n\n11. **Printing the result (`pl(tkhs-aoki)`):** This statement will not be executed due to the runtime exception occurring in the second loop.\n\n12. **`pl`, `p`, and `SC` class methods:** The usage of `pl(Object o)` will be intended but not executed due to the exception. Other methods within `SC` and utility methods (`pl()` and `p(Object o)`) are not directly utilized based on the provided plan and input.\n\n13. **`q` Method:** This method is never called in the given program flow and thus not executed.\n\n**Predicted Code Coverage:**\n\n- Import statements: `>`\n- Class Declaration (`Main`): `>`\n- Static Variables Declaration (`ryori`): `>`\n- `main` Method Declaration: `>`\n- Initialization of `SC` object `sc` with `System.in`: `>`\n- Reading `N`: `>`\n- Initialization of `ryori` array: `>`\n- First For Loop: `>`\n- Initialization of `tkhs` and `aoki`: `>`\n- Second For Loop: `>`\n    - `tkhs` calculation for `i=0`: `>`\n    - `aoki` calculation for `i=1`: `!` (Due to runtime exception)\n- Printing the result (`pl(tkhs-aoki)`): `!` (Due to runtime exception)\n- `pl`, `p`, and `SC` class methods: `>` (For those utilized)\n- `q` Method: `!`\n\n**Output:**\nRuntime exception raised: `ArrayIndexOutOfBoundsException`",
      "test_seed_coverage": [
        ">",
        ">",
        ">",
        ">",
        ">",
        ">",
        ">",
        ">",
        ">",
        ">",
        ">",
        ">",
        ">",
        ">",
        ">",
        ">",
        ">",
        ">",
        ">",
        ">",
        ">",
        ">",
        ">",
        ">",
        ">",
        ">",
        ">",
        ">",
        ">",
        ">",
        ">",
        ">",
        ">",
        ">",
        ">",
        ">",
        ">",
        ">",
        ">",
        ">",
        ">",
        ">",
        ">",
        ">",
        ">",
        ">",
        ">",
        ">",
        ">",
        ">",
        ">",
        ">",
        ">",
        ">",
        ">",
        ">",
        ">",
        ">",
        ">",
        ">",
        ">",
        ">",
        ">",
        ">",
        ">",
        ">",
        ">",
        ">",
        ">",
        ">",
        ">",
        ">",
        ">",
        ">",
        ">",
        ">",
        ">",
        ">",
        ">",
        ">",
        ">",
        ">",
        ">",
        ">",
        ">",
        ">",
        ">",
        ">",
        ">",
        ">",
        ">",
        ">",
        ">",
        ">",
        ">"
      ],
      "cumulative_coverage": [
        ">",
        ">",
        ">",
        ">",
        ">",
        ">",
        ">",
        ">",
        ">",
        ">",
        ">",
        ">",
        ">",
        ">",
        ">",
        ">",
        ">",
        ">",
        ">",
        ">",
        ">",
        ">",
        ">",
        ">",
        ">",
        ">",
        ">",
        ">",
        ">",
        ">",
        ">",
        ">",
        ">",
        ">",
        ">",
        ">",
        ">",
        ">",
        ">",
        ">",
        ">",
        ">",
        ">",
        ">",
        ">",
        ">",
        ">",
        ">",
        ">",
        ">",
        ">",
        ">",
        ">",
        ">",
        ">",
        ">",
        ">",
        ">",
        ">",
        ">",
        ">",
        ">",
        ">",
        ">",
        ">",
        ">",
        ">",
        ">",
        ">",
        ">",
        ">",
        ">",
        ">",
        ">",
        ">",
        ">",
        ">",
        ">",
        ">",
        ">",
        ">",
        ">",
        ">",
        ">",
        ">",
        ">",
        ">",
        ">",
        ">",
        ">",
        ">",
        ">",
        ">",
        ">",
        ">"
      ],
      "execution_output": "2",
      "cerberus_output": "ArrayIndexOutOfBoundsException",
      "execution_result": "",
      "test_case_id": "9"
    },
    {
      "test_case": [
        "Test Case Input:\n4\n1 2\n3 4\n5 6\n7 8"
      ],
      "test_mutations": [
        "Test Case Input:\n4\n1 2\n3 4\n5 6\n7 8"
      ],
      "initial_code": "import java.io.BufferedReader;\nimport java.io.IOException;\nimport java.io.InputStream;\nimport java.io.InputStreamReader;\nimport java.io.UncheckedIOException;\nimport java.util.StringTokenizer;\nclass Main{\n\tstatic long[][] ryori;\n\tpublic static void main(String[] args) {\n\t\tSC sc=new SC(System.in);\n\t\tint N=sc.nextInt();\n\t\tryori=new long[N][3];\n\t\tlong a,t;\n\t\tfor(int i=0; i<N; i++) {\n\t\t\tt=sc.nextLong();\n\t\t\ta=sc.nextLong();\n\t\t\tryori[i][0]=t+a;\n\t\t\tryori[i][1]=t;\n\t\t\tryori[i][2]=a;\n\t\t}\n\t\tlong tkhs=0;\n\t\tlong aoki=0;\n\t\tfor(int i=0; i<N; i++) {\n\t\t\tif(i%2==0) {\n\t\t\t\ttkhs+=ryori[N-1-i][1];\n\t\t\t}\n\t\t\telse {\n\t\t\t\taoki+=ryori[N-i-i][2];\n\t\t\t}\n\t\t}\n\t\tpl(tkhs-aoki);\n\t}\n\tpublic static void pl(Object o) {\n\t\tSystem.out.println(o);\n\t}\n\tpublic static void pl() {\n\t\tSystem.out.println();\n\t}\n\tpublic static void p(Object o) {\n\t\tSystem.out.print(o);\n\t}\n\tstatic class SC {\n\t\tprivate BufferedReader reader = null;\n\t\tprivate StringTokenizer tokenizer = null;\n\t\tpublic SC(InputStream in) {\n\t\t\treader = new BufferedReader(new InputStreamReader(in));\n\t\t}\n\t\tpublic String next() {\n\t\t\tif (tokenizer == null || !tokenizer.hasMoreTokens()) {\n\t\t\t\ttry {\n\t\t\t\t\ttokenizer = new StringTokenizer(reader.readLine());\n\t\t\t\t} catch (IOException e) {\n\t\t\t\t\tthrow new UncheckedIOException(e);\n\t\t\t\t}\n\t\t\t}\n\t\t\treturn tokenizer.nextToken();\n\t\t}\n\t\tpublic int nextInt() {\n\t\t\treturn Integer.parseInt(next());\n\t\t}\n\t\tpublic long nextLong() {\n\t\t\treturn Long.parseLong(next());\n\t\t}\n\t\tpublic double nextDouble() {\n\t\t\treturn Double.parseDouble(next());\n\t\t}\n\t\tpublic String nextLine() {\n\t\t\ttry {\n\t\t\t\treturn reader.readLine();\n\t\t\t} catch (IOException e) {\n\t\t\t\tthrow new UncheckedIOException(e);\n\t\t\t}\n\t\t}\n\t}\n\tstatic void q(long[][] d, int left, int right) {\n\t\tif (left>=right) {\n\t\t\treturn;\n\t\t}\n\t\tlong p = d[(left+right)/2][0];\n\t\tint l = left, r = right;\n\t\tlong tmp,tmp1,tmp2;\n\t\twhile(l<=r) {\n\t\t\twhile(d[l][0] < p) { l++; }\n\t\t\twhile(d[r][0] > p) { r--; }\n\t\t\tif (l<=r) {\n\t\t\t\ttmp = d[l][0]; d[l][0] = d[r][0]; d[r][0] = tmp;\n\t\t\t\ttmp1=d[l][1]; tmp2=d[r][1]; d[l][1]=tmp2; d[r][1]=tmp1;\n\t\t\t\ttmp1=d[l][2]; tmp2=d[r][2]; d[l][2]=tmp2; d[r][2]=tmp1;\n\t\t\t\tl++; r--;\n\t\t\t}\n\t\t}\n\t\tq(d, left, r);\n\t\tq(d, l, right);\n\t}\n}",
      "covered_code": "Given the Java program provided and the test case input \"4 1 2 3 4 5 6 7 8\", let's develop a plan for step-by-step execution and predict the code coverage.\n\n**PLAN:**\n\n1. **Import Statements Execution:** The import statements are executed as the program starts. All import statements are covered.\n\n2. **Class Declaration:** The `Main` class declaration is always executed.\n\n3. **Main Method Execution:** The `main` method is the entry point of the program and is executed when the program starts.\n\n4. **SC Class Instance Creation:** The `SC` class instance `sc` is created with `System.in` as input, which is always executed.\n\n5. **Variable Initialization and User Input:** `N=sc.nextInt();` reads the first input (4 in this case) which represents the number of iterations for the first for-loop. This operation is covered.\n\n6. **First For-Loop Execution:** This loop runs N times (4 times), reading two long values `t` and `a` each time. All statements within this loop are executed, including the initialization of the `ryori` array.\n\n7. **Second For-Loop Execution:** This loop also runs N times. It alternates between adding values to `tkhs` and `aoki` based on the current index `i`. All statements within this loop are executed.\n\n8. **Array Index Error:** There is a potential error in the line `aoki+=ryori[N-i-i][2];`. For even values of `i` (specifically, the second iteration when `i=2`), `N-i-i` results in an index of 0, which is valid, but for `i=4`, it tries to access `ryori[-2][2]`, which is an invalid array index.\n\n9. **Printing Result:** The `pl(tkhs-aoki);` statement is executed to print the result.\n\n10. **Static Methods and Inner Class:** All static methods (`pl` and `p`) and the inner `SC` class are utilized during the program execution.\n\n11. **Exception Handling:** If an ArrayIndexOutOfBoundsException occurs due to the incorrect array index access, it's not caught explicitly in the program. Thus, the program will terminate unexpectedly in such a scenario.\n\n**Predicted Code Coverage:**\n\nGiven the execution plan and the test case, all lines are executed except for the part where there might be an `ArrayIndexOutOfBoundsException` due to incorrect array index access (`aoki += ryori[N-i-i][2];`). If we ignore the runtime exception, here is the coverage indication:\n\n- All import statements: `>`\n- Class declaration (`class Main {...}`): `>`\n- Main method declaration and its contents: `>`\n- SC class and its methods: `>`\n- The `pl`, `pl()`, and `p` methods: `>`\n\n**Runtime Exception:**\n\nFor the given input, there is a logical error that could lead to an `ArrayIndexOutOfBoundsException` during the execution of the second for-loop when accessing `ryori[N-i-i][2]` with `i=4`, accessing `ryori[-2][2]` which is an invalid index. However, since the loop runs from `i=0` to `i<N` and the case with `i=4` does not occur within the bounds of the provided input (N=4, so loop runs for i=0 to i=3), the specific error condition based on the initial assessment might not actually manifest. Therefore, no runtime exception is expected for the provided inputs.\n\nIn conclusion, except for a potential logic error which does not manifest due to the specific inputs provided, the code coverage should show that all lines are executed (`>`), assuming normal flow without uncaught exceptions.",
      "test_seed_coverage": [
        ">",
        ">",
        ">",
        ">",
        ">",
        ">",
        ">",
        ">",
        ">",
        ">",
        ">",
        ">",
        ">",
        ">",
        ">",
        ">",
        ">",
        ">",
        ">",
        ">",
        ">",
        ">",
        ">",
        ">",
        ">",
        ">",
        ">",
        ">",
        ">",
        ">",
        ">",
        ">",
        ">",
        ">",
        ">",
        ">",
        ">",
        ">",
        ">",
        ">",
        ">",
        ">",
        ">",
        ">",
        ">",
        ">",
        ">",
        ">",
        ">",
        ">",
        ">",
        ">",
        ">",
        ">",
        ">",
        ">",
        ">",
        ">",
        ">",
        ">",
        ">",
        ">",
        ">",
        ">",
        ">",
        ">",
        ">",
        ">",
        ">",
        ">",
        ">",
        ">",
        ">",
        ">",
        ">",
        ">",
        ">",
        ">",
        ">",
        ">",
        ">",
        ">",
        ">",
        ">",
        ">",
        ">",
        ">",
        ">",
        ">",
        ">",
        ">",
        ">",
        ">",
        ">",
        ">"
      ],
      "cumulative_coverage": [
        ">",
        ">",
        ">",
        ">",
        ">",
        ">",
        ">",
        ">",
        ">",
        ">",
        ">",
        ">",
        ">",
        ">",
        ">",
        ">",
        ">",
        ">",
        ">",
        ">",
        ">",
        ">",
        ">",
        ">",
        ">",
        ">",
        ">",
        ">",
        ">",
        ">",
        ">",
        ">",
        ">",
        ">",
        ">",
        ">",
        ">",
        ">",
        ">",
        ">",
        ">",
        ">",
        ">",
        ">",
        ">",
        ">",
        ">",
        ">",
        ">",
        ">",
        ">",
        ">",
        ">",
        ">",
        ">",
        ">",
        ">",
        ">",
        ">",
        ">",
        ">",
        ">",
        ">",
        ">",
        ">",
        ">",
        ">",
        ">",
        ">",
        ">",
        ">",
        ">",
        ">",
        ">",
        ">",
        ">",
        ">",
        ">",
        ">",
        ">",
        ">",
        ">",
        ">",
        ">",
        ">",
        ">",
        ">",
        ">",
        ">",
        ">",
        ">",
        ">",
        ">",
        ">",
        ">"
      ],
      "execution_error": "Exception in thread \"main\" java.lang.ArrayIndexOutOfBoundsException: Index -2 out of bounds for length 4\n\tat Main.main(Main.java:28)",
      "cerberus_output": "ArrayIndexOutOfBoundsException",
      "execution_result": "ArrayIndexOutOfBoundsException",
      "test_case_id": "10"
    }
  ]
}