{
  "submission_id": "s211375304",
  "cycles": [
    {
      "test_case": [
        "Test Case Input:\n5\n3\n-2\n4\n0\n-3\n1"
      ],
      "test_mutations": [
        "Test Case Input:\n5\n3\n-2\n4\n0\n-3\n1"
      ],
      "initial_code": "import java.math.BigInteger;\nimport java.util.*;\npublic class Main {\n  private static final int MOD = 1_000_000_007;\n  public static void main(String[] args) {\n    int n = scanner.nextInt();\n    int k = scanner.nextInt();\n    int[] A = new int[n];\n    for (int i = 0; i < n; i++) {\n      A[i] = scanner.nextInt();\n    }\n    List<Integer> pos = new ArrayList<>();\n    List<Integer> neg = new ArrayList<>();\n    int zero = 0;\n    for (int i : A) {\n      if (i > 0) {\n        pos.add(i);\n      } else if (i < 0) {\n        neg.add(i);\n      } else {\n        zero++;\n      }\n    }\n    if (pos.size() + neg.size() < k || (n == k && zero > 0)) {\n      System.out.println(0);\n      return;\n    }\n    if (n == k) {\n      long res = 1;\n      for (int i : A) {\n        res = (res * i) % MOD;\n      }\n      System.out.println(Math.floorMod(res, MOD));\n      return;\n    }\n    pos.sort(Comparator.reverseOrder());\n    neg.sort(Comparator.reverseOrder());\n    BigInteger[] posMulLft = new BigInteger[pos.size() + 1];\n    BigInteger[] negMulLft = new BigInteger[neg.size() + 1];\n    BigInteger[] negMulRgt = new BigInteger[neg.size() + 1];\n    posMulLft[0] = BigInteger.ONE;\n    negMulLft[0] = BigInteger.ONE;\n    negMulRgt[negMulRgt.length - 1] = BigInteger.ONE;\n    for (int i = 1; i < Math.min(k + 1, posMulLft.length); i++) {\n      posMulLft[i] = posMulLft[i - 1].multiply(BigInteger.valueOf(pos.get(i - 1)));\n    }\n    for (int i = 1; i < Math.min(k + 1, negMulLft.length); i++) {\n      negMulLft[i] = negMulLft[i - 1].multiply(BigInteger.valueOf(neg.get(i - 1)));\n    }\n    for (int i = negMulRgt.length - 2, j = k; i >= 0 && j > 0; i--, j--) {\n      negMulRgt[i] = negMulRgt[i + 1].multiply(BigInteger.valueOf(neg.get(i)));\n    }\n    BigInteger res = BigInteger.valueOf(Long.MIN_VALUE);\n    for (int i = 0; i < Math.min(k + 1, posMulLft.length); i++) {\n      if (k - i < negMulLft.length) {\n        res = posMulLft[i].multiply(negMulLft[k - i]).max(res);\n      }\n    }\n    for (int i = 0; i < Math.min(k + 1, negMulRgt.length); i++) {\n      if (k - i < posMulLft.length) {\n        res = negMulRgt[negMulRgt.length - 1 - i].multiply(posMulLft[k - i]).max(res);\n      }\n    }\n    System.out.println(res.mod(BigInteger.valueOf(MOD)));\n  }\n  private static final Scanner scanner = new Scanner(System.in);\n}",
      "covered_code": "To predict the code coverage for the provided code snippet and test case, we need to follow the execution plan, step by step, based on the input:\n\nTest Case Input:\n5\n3\n-2\n4\n0\n-3\n1\n\nExecution Plan:\n\n1. **Import Statements**: Import statements are always executed.\n   > import java.math.BigInteger;\n   > import java.util.*;\n\n2. **Class Declaration**: Always executed.\n   > public class Main {\n\n3. **Main Method Declaration**: Always executed.\n   > public static void main(String[] args) {\n\n4. **Static Variable Initialization**: Always executed.\n   > private static final int MOD = 1_000_000_007;\n\n5. **Scanner Initialization and Input Reading**: Always executed.\n   > private static final Scanner scanner = new Scanner(System.in);\n   > int n = scanner.nextInt();\n   > int k = scanner.nextInt();\n\n6. **Array Initialization and Population**: Always executed as it directly follows the input reading.\n   > int[] A = new int[n];\n   > for (int i = 0; i < n; i++) {\n   >   A[i] = scanner.nextInt();\n   > }\n\n7. **Lists and Variables Initialization**: Always executed.\n   > List<Integer> pos = new ArrayList<>();\n   > List<Integer> neg = new ArrayList<>();\n   > int zero = 0;\n\n8. **Classification of Array Elements**: Based on the input, this step is executed to classify the numbers into positive, negative, and zero.\n   > for (int i : A) {\n   >   if (i > 0) {...}\n   >   else if (i < 0) {...}\n   >   else {...}\n   > }\n\n9. **Condition to check if result is 0**: Executed based on the logic and given inputs.\n   > if (pos.size() + neg.size() < k || (n == k && zero > 0)) {\n   >   System.out.println(0);\n   >   return;\n   > }\n\n10. **Check if n equals k**: Since `n` does not equal `k` in the given input, this block is not executed.\n    ! if (n == k) {...}\n\n11. **Sorting Lists**: Executed as part of the algorithm to solve the problem.\n    > pos.sort(Comparator.reverseOrder());\n    > neg.sort(Comparator.reverseOrder());\n\n12. **Initialization of BigInteger Arrays**: Always executed.\n    > BigInteger[] posMulLft = new BigInteger[pos.size() + 1];\n    > ...\n\n13. **Population of BigInteger Arrays**: Always executed as it is essential for the logic of the program.\n    > for (int i = 1; i < Math.min(k + 1, posMulLft.length); i++) {...}\n    > ...\n\n14. **Calculation of Result**: Always executed as it concludes the logic of the program.\n    > BigInteger res = BigInteger.valueOf(Long.MIN_VALUE);\n    > for (int i = 0; i < Math.min(k + 1, posMulLft.length); i++) {...}\n    > ...\n\n15. **Printing the Result**: Always executed as it is the output of the program.\n    > System.out.println(res.mod(BigInteger.valueOf(MOD)));\n\nGiven this execution plan and the input, the code coverage is indicated below:\n\n> import java.math.BigInteger;\n> import java.util.*;\n> public class Main {\n>   private static final int MOD = 1_000_000_007;\n>   public static void main(String[] args) {\n>     private static final Scanner scanner = new Scanner(System.in);\n>     int n = scanner.nextInt();\n>     int k = scanner.nextInt();\n>     int[] A = new int[n];\n>     for (int i = 0; i < n; i++) {\n>       A[i] = scanner.nextInt();\n>     }\n>     List<Integer> pos = new ArrayList<>();\n>     List<Integer> neg = new ArrayList<>();\n>     int zero = 0;\n>     for (int i : A) {\n>       if (i > 0) {...}\n>       else if (i < 0) {...}\n>       else {...}\n>     }\n>     if (pos.size() + neg.size() < k || (n == k && zero > 0)) {\n>       System.out.println(0);\n>       return;\n>     }\n!     if (n == k) {...}\n>     pos.sort(Comparator.reverseOrder());\n>     neg.sort(Comparator.reverseOrder());\n>     BigInteger[] posMulLft = new BigInteger[pos.size() + 1];\n>     ...\n>     BigInteger res = BigInteger.valueOf(Long.MIN_VALUE);\n>     ...\n>     System.out.println(res.mod(BigInteger.valueOf(MOD)));\n>   }\n> }\n\nThis coverage indicates all lines are executed except for the block that handles the case when `n == k`, which does not apply to the given inputs.",
      "test_seed_coverage": [
        ">",
        ">",
        ">",
        ">",
        ">",
        ">",
        ">",
        ">",
        ">",
        ">",
        ">",
        ">",
        ">",
        ">",
        ">",
        ">",
        ">",
        ">",
        ">",
        ">",
        ">",
        ">",
        ">",
        ">",
        "!",
        ">",
        ">",
        ">",
        ">",
        ">",
        ">",
        ">",
        ">",
        ">",
        ">",
        ">",
        ">",
        ">",
        ">",
        ">",
        ">",
        ">",
        ">",
        ">",
        ">",
        ">",
        ">",
        ">",
        ">",
        ">",
        ">",
        ">",
        ">",
        ">",
        ">",
        ">",
        ">",
        ">",
        ">",
        "!",
        ">",
        ">",
        ">",
        ">",
        ">",
        ">",
        ">",
        ">",
        ">"
      ],
      "cumulative_coverage": [
        ">",
        ">",
        ">",
        ">",
        ">",
        ">",
        ">",
        ">",
        ">",
        ">",
        ">",
        ">",
        ">",
        ">",
        ">",
        ">",
        ">",
        ">",
        ">",
        ">",
        ">",
        ">",
        ">",
        ">",
        "!",
        ">",
        ">",
        ">",
        ">",
        ">",
        ">",
        ">",
        ">",
        ">",
        ">",
        ">",
        ">",
        ">",
        ">",
        ">",
        ">",
        ">",
        ">",
        ">",
        ">",
        ">",
        ">",
        ">",
        ">",
        ">",
        ">",
        ">",
        ">",
        ">",
        ">",
        ">",
        ">",
        ">",
        ">",
        "!",
        ">",
        ">",
        ">",
        ">",
        ">",
        ">",
        ">",
        ">",
        ">"
      ],
      "execution_output": "24",
      "cerberus_output": "",
      "execution_result": "",
      "test_case_id": "1"
    },
    {
      "test_case": [
        "Test Case Input:\n5\n0\n-10\n20\n0\n-5"
      ],
      "test_mutations": [
        "Test Case Input:\n5\n0\n-10\n20\n0\n-5"
      ],
      "initial_code": "import java.math.BigInteger;\nimport java.util.*;\npublic class Main {\n  private static final int MOD = 1_000_000_007;\n  public static void main(String[] args) {\n    int n = scanner.nextInt();\n    int k = scanner.nextInt();\n    int[] A = new int[n];\n    for (int i = 0; i < n; i++) {\n      A[i] = scanner.nextInt();\n    }\n    List<Integer> pos = new ArrayList<>();\n    List<Integer> neg = new ArrayList<>();\n    int zero = 0;\n    for (int i : A) {\n      if (i > 0) {\n        pos.add(i);\n      } else if (i < 0) {\n        neg.add(i);\n      } else {\n        zero++;\n      }\n    }\n    if (pos.size() + neg.size() < k || (n == k && zero > 0)) {\n      System.out.println(0);\n      return;\n    }\n    if (n == k) {\n      long res = 1;\n      for (int i : A) {\n        res = (res * i) % MOD;\n      }\n      System.out.println(Math.floorMod(res, MOD));\n      return;\n    }\n    pos.sort(Comparator.reverseOrder());\n    neg.sort(Comparator.reverseOrder());\n    BigInteger[] posMulLft = new BigInteger[pos.size() + 1];\n    BigInteger[] negMulLft = new BigInteger[neg.size() + 1];\n    BigInteger[] negMulRgt = new BigInteger[neg.size() + 1];\n    posMulLft[0] = BigInteger.ONE;\n    negMulLft[0] = BigInteger.ONE;\n    negMulRgt[negMulRgt.length - 1] = BigInteger.ONE;\n    for (int i = 1; i < Math.min(k + 1, posMulLft.length); i++) {\n      posMulLft[i] = posMulLft[i - 1].multiply(BigInteger.valueOf(pos.get(i - 1)));\n    }\n    for (int i = 1; i < Math.min(k + 1, negMulLft.length); i++) {\n      negMulLft[i] = negMulLft[i - 1].multiply(BigInteger.valueOf(neg.get(i - 1)));\n    }\n    for (int i = negMulRgt.length - 2, j = k; i >= 0 && j > 0; i--, j--) {\n      negMulRgt[i] = negMulRgt[i + 1].multiply(BigInteger.valueOf(neg.get(i)));\n    }\n    BigInteger res = BigInteger.valueOf(Long.MIN_VALUE);\n    for (int i = 0; i < Math.min(k + 1, posMulLft.length); i++) {\n      if (k - i < negMulLft.length) {\n        res = posMulLft[i].multiply(negMulLft[k - i]).max(res);\n      }\n    }\n    for (int i = 0; i < Math.min(k + 1, negMulRgt.length); i++) {\n      if (k - i < posMulLft.length) {\n        res = negMulRgt[negMulRgt.length - 1 - i].multiply(posMulLft[k - i]).max(res);\n      }\n    }\n    System.out.println(res.mod(BigInteger.valueOf(MOD)));\n  }\n  private static final Scanner scanner = new Scanner(System.in);\n}",
      "covered_code": "For the provided Java program and test case input `5 0 -10 20 0 -5`, let's develop a plan for step-by-step execution and predict the code coverage:\n\n1. Import statements and class declaration: Always executed.\n   > import java.math.BigInteger;\n   > import java.util.*;\n   > public class Main {\n\n2. Main method declaration: Always executed.\n   > public static void main(String[] args) {\n\n3. Scanner object initialization: Always executed.\n   > private static final Scanner scanner = new Scanner(System.in);\n\n4. Reading `n` and `k` from input: Always executed because it's the first thing that happens inside the `main` method.\n   > int n = scanner.nextInt();\n   > int k = scanner.nextInt();\n\n5. Initialization and population of array `A`: Always executed as it directly follows the input reading.\n   > int[] A = new int[n];\n   > for (int i = 0; i < n; i++) {\n   >   A[i] = scanner.nextInt();\n   > }\n\n6. Initialization of lists `pos`, `neg`, and count `zero`: Always executed as it's part of the main logic.\n   > List<Integer> pos = new ArrayList<>();\n   > List<Integer> neg = new ArrayList<>();\n   > int zero = 0;\n\n7. Loop to categorize numbers into `pos`, `neg`, or increment `zero`: Always executed as it's processing the input array `A`.\n   > for (int i : A) {\n   >   if (i > 0) {\n   >     pos.add(i);\n   >   } else if (i < 0) {\n   >     neg.add(i);\n   >   } else {\n   >     zero++;\n   >   }\n   > }\n\n8. First condition check (pos.size() + neg.size() < k || (n == k && zero > 0)): Executed, but whether the inside code block executes depends on the condition.\n   > if (pos.size() + neg.size() < k || (n == k && zero > 0)) {\n   >   System.out.println(0);\n   >   return;\n   > }\n\n9. Second condition check (`n == k`): Executed, but whether the inside code block executes depends on the condition.\n   > if (n == k) {\n\n10. Sorting of `pos` and `neg` lists: Executed since the program proceeds past initial checks.\n    > pos.sort(Comparator.reverseOrder());\n    > neg.sort(Comparator.reverseOrder());\n\n11. Initialization and calculation of prefixes and suffixes: Always executed as part of the logic after passing the initial checks.\n    > BigInteger[] posMulLft = new BigInteger[pos.size() + 1];\n    > BigInteger[] negMulLft = new BigInteger[neg.size() + 1];\n    > BigInteger[] negMulRgt = new BigInteger[neg.size() + 1];\n    > // Initialization and loop to calculate values...\n\n12. Main logic to calculate the result: Always executed as it's the core logic for computing the result.\n    > BigInteger res = BigInteger.valueOf(Long.MIN_VALUE);\n    > // Loops to compute res...\n\n13. Printing the result: Always executed as it's the last step of the program.\n    > System.out.println(res.mod(BigInteger.valueOf(MOD)));\n\nBased on the plan and considering the input `5 0 -10 20 0 -5`, let's predict the code coverage:\n\n- The first condition (`if (pos.size() + neg.size() < k || (n == k && zero > 0))`) will not be executed as the condition will not be met (k=0, n=5, zero=2 but the second part of the condition won't be true).\n- The second condition (`if (n == k)`) will not be true since n=5 and k=0.\n\nGiven the logic and flow, all lines of code will be executed except for the lines within the conditional blocks that are based on the conditions not being met with the given inputs. The exact lines within those conditions would be marked with '!', indicating not executed. \n\nPlease note, this assessment assumes logical progression through the code based on the given inputs and does not account for runtime exceptions or errors that could arise during execution.",
      "test_seed_coverage": [
        ">",
        ">",
        ">",
        ">",
        ">",
        ">",
        ">",
        ">",
        ">",
        ">",
        ">",
        ">",
        ">",
        ">",
        ">",
        ">",
        ">",
        ">",
        ">",
        ">",
        ">",
        ">",
        ">",
        ">",
        ">",
        ">",
        ">",
        ">",
        ">",
        ">",
        ">",
        ">",
        ">",
        ">",
        ">",
        ">",
        ">",
        ">",
        ">",
        ">",
        ">",
        ">",
        ">",
        ">",
        ">",
        ">",
        ">",
        ">",
        ">",
        ">",
        ">",
        ">",
        ">",
        ">",
        ">",
        ">",
        ">",
        ">",
        ">",
        ">",
        ">",
        ">",
        ">",
        ">",
        ">",
        ">",
        ">"
      ],
      "cumulative_coverage": [
        ">",
        ">",
        ">",
        ">",
        ">",
        ">",
        ">",
        ">",
        ">",
        ">",
        ">",
        ">",
        ">",
        ">",
        ">",
        ">",
        ">",
        ">",
        ">",
        ">",
        ">",
        ">",
        ">",
        ">",
        ">",
        ">",
        ">",
        ">",
        ">",
        ">",
        ">",
        ">",
        ">",
        ">",
        ">",
        ">",
        ">",
        ">",
        ">",
        ">",
        ">",
        ">",
        ">",
        ">",
        ">",
        ">",
        ">",
        ">",
        ">",
        ">",
        ">",
        ">",
        ">",
        ">",
        ">",
        ">",
        ">",
        ">",
        ">",
        ">",
        ">",
        ">",
        ">",
        ">",
        ">",
        ">",
        ">"
      ],
      "execution_error": "Exception in thread \"main\" java.util.NoSuchElementException\n\tat java.base/java.util.Scanner.throwFor(Scanner.java:945)\n\tat java.base/java.util.Scanner.next(Scanner.java:1602)\n\tat java.base/java.util.Scanner.nextInt(Scanner.java:2267)\n\tat java.base/java.util.Scanner.nextInt(Scanner.java:2221)\n\tat Main.main(Main.java:10)",
      "cerberus_output": "",
      "execution_result": "NoSuchElementException",
      "test_case_id": "2"
    },
    {
      "test_case": [
        "Test Case Input:\n-5\n3\n5\n-2\n0\n4\n1\n2"
      ],
      "test_mutations": [
        "Test Case Input:\n-5\n3\n5\n-2\n0\n4\n1\n2"
      ],
      "initial_code": "import java.math.BigInteger;\nimport java.util.*;\npublic class Main {\n  private static final int MOD = 1_000_000_007;\n  public static void main(String[] args) {\n    int n = scanner.nextInt();\n    int k = scanner.nextInt();\n    int[] A = new int[n];\n    for (int i = 0; i < n; i++) {\n      A[i] = scanner.nextInt();\n    }\n    List<Integer> pos = new ArrayList<>();\n    List<Integer> neg = new ArrayList<>();\n    int zero = 0;\n    for (int i : A) {\n      if (i > 0) {\n        pos.add(i);\n      } else if (i < 0) {\n        neg.add(i);\n      } else {\n        zero++;\n      }\n    }\n    if (pos.size() + neg.size() < k || (n == k && zero > 0)) {\n      System.out.println(0);\n      return;\n    }\n    if (n == k) {\n      long res = 1;\n      for (int i : A) {\n        res = (res * i) % MOD;\n      }\n      System.out.println(Math.floorMod(res, MOD));\n      return;\n    }\n    pos.sort(Comparator.reverseOrder());\n    neg.sort(Comparator.reverseOrder());\n    BigInteger[] posMulLft = new BigInteger[pos.size() + 1];\n    BigInteger[] negMulLft = new BigInteger[neg.size() + 1];\n    BigInteger[] negMulRgt = new BigInteger[neg.size() + 1];\n    posMulLft[0] = BigInteger.ONE;\n    negMulLft[0] = BigInteger.ONE;\n    negMulRgt[negMulRgt.length - 1] = BigInteger.ONE;\n    for (int i = 1; i < Math.min(k + 1, posMulLft.length); i++) {\n      posMulLft[i] = posMulLft[i - 1].multiply(BigInteger.valueOf(pos.get(i - 1)));\n    }\n    for (int i = 1; i < Math.min(k + 1, negMulLft.length); i++) {\n      negMulLft[i] = negMulLft[i - 1].multiply(BigInteger.valueOf(neg.get(i - 1)));\n    }\n    for (int i = negMulRgt.length - 2, j = k; i >= 0 && j > 0; i--, j--) {\n      negMulRgt[i] = negMulRgt[i + 1].multiply(BigInteger.valueOf(neg.get(i)));\n    }\n    BigInteger res = BigInteger.valueOf(Long.MIN_VALUE);\n    for (int i = 0; i < Math.min(k + 1, posMulLft.length); i++) {\n      if (k - i < negMulLft.length) {\n        res = posMulLft[i].multiply(negMulLft[k - i]).max(res);\n      }\n    }\n    for (int i = 0; i < Math.min(k + 1, negMulRgt.length); i++) {\n      if (k - i < posMulLft.length) {\n        res = negMulRgt[negMulRgt.length - 1 - i].multiply(posMulLft[k - i]).max(res);\n      }\n    }\n    System.out.println(res.mod(BigInteger.valueOf(MOD)));\n  }\n  private static final Scanner scanner = new Scanner(System.in);\n}",
      "covered_code": "To predict the code coverage for the provided Java program based on the given test case input, let's follow the step-by-step execution plan:\n\nTest Case Input:\n-5 3 5 -2 0 4 1 2\n\n1. **Import statements and class declaration**: These are always executed. \n   - `import java.math.BigInteger;`\n   - `import java.util.*;`\n   - `public class Main {`\n\n2. **Static variable initialization**: Always executed.\n   - `private static final int MOD = 1_000_000_007;`\n\n3. **Static Scanner initialization**: Always executed.\n   - `private static final Scanner scanner = new Scanner(System.in);`\n\n4. **Main method execution**: Always executed.\n   - `public static void main(String[] args) {`\n\n5. **Read `n` and `k` from the input**: Always executed.\n   - `int n = scanner.nextInt();`\n   - `int k = scanner.nextInt();`\n\n6. **Array `A` initialization and population**: Always executed because it's part of the input handling.\n   - `int[] A = new int[n];`\n   - For loop to populate `A`.\n\n7. **Lists and zero count initialization**: Always executed.\n   - `List<Integer> pos = new ArrayList<>();`\n   - `List<Integer> neg = new ArrayList<>();`\n   - `int zero = 0;`\n\n8. **Categorization of array elements**: Always executed as it processes the populated array `A`.\n   - For loop to categorize `A` into `pos`, `neg`, and `zero`.\n\n9. **Check for base conditions**: The first condition `if (pos.size() + neg.size() < k || (n == k && zero > 0))` is not true in this case, as `pos.size() + neg.size() = 4` which is greater than `k=3` and `n != k || zero <= 0`. The second condition `if (n == k)` is also not true because `n=5` and `k=3`. So, both prints inside these conditions are not executed.\n\n10. **Sorting and BigInteger arrays initialization**: This step involves initializing and populating `posMulLft`, `negMulLft`, and `negMulRgt`. Since we proceed beyond the base conditions, these statements are executed.\n    - `pos.sort(Comparator.reverseOrder());`\n    - `neg.sort(Comparator.reverseOrder());`\n    - Declarations and loops to populate `posMulLft`, `negMulLft`, and `negMulRgt`.\n\n11. **Calculation of result**: The loops that calculate `res` based on `posMulLft`, `negMulLft`, and `negMulRgt` are executed as part of the logic to find the maximum product.\n\n12. **Printing the result**: The final result is printed, so the statement to print `res` mod `MOD` is executed.\n\n13. **Return and closing brackets**: Always covered as part of the program structure.\n\nBased on this execution plan, here's the code coverage:\n\n> import java.math.BigInteger;\n> import java.util.*;\n> public class Main {\n>   private static final int MOD = 1_000_000_007;\n>   public static void main(String[] args) {\n>     int n = scanner.nextInt();\n>     int k = scanner.nextInt();\n>     int[] A = new int[n];\n>     for (int i = 0; i < n; i++) {\n>       A[i] = scanner.nextInt();\n>     }\n>     List<Integer> pos = new ArrayList<>();\n>     List<Integer> neg = new ArrayList<>();\n>     int zero = 0;\n>     for (int i : A) {\n>       if (i > 0) {\n>         pos.add(i);\n>       } else if (i < 0) {\n>         neg.add(i);\n>       } else {\n>         zero++;\n>       }\n>     }\n!     if (pos.size() + neg.size() < k || (n == k && zero > 0)) {\n!       System.out.println(0);\n!       return;\n!     }\n!     if (n == k) {\n!       long res = 1;\n!       for (int i : A) {\n!         res = (res * i) % MOD;\n!       }\n!       System.out.println(Math.floorMod(res, MOD));\n!       return;\n>     }\n>     pos.sort(Comparator.reverseOrder());\n>     neg.sort(Comparator.reverseOrder());\n>     BigInteger[] posMulLft = new BigInteger[pos.size() + 1];\n>     BigInteger[] negMulLft = new BigInteger[neg.size() + 1];\n>     BigInteger[] negMulRgt = new BigInteger[neg.size() + 1];\n>     posMulLft[0] = BigInteger.ONE;\n>     negMulLft[0] = BigInteger.ONE;\n>     negMulRgt[negMulRgt.length - 1] = BigInteger.ONE;\n>     for (int i = 1; i < Math.min(k + 1, posMulLft.length); i++) {\n>       posMulLft[i] = posMulLft[i - 1].multiply(BigInteger.valueOf(pos.get(i - 1)));\n>     }\n>     for (int i = 1; i < Math.min(k + 1, negMulLft.length); i++) {\n>       negMulLft[i] = negMulLft[i - 1].multiply(BigInteger.valueOf(neg.get(i - 1)));\n>     }\n>     for (int i = negMulRgt.length - 2, j = k; i >= 0 && j > 0; i--, j--) {\n>       negMulRgt[i] = negMulRgt[i + 1].multiply(BigInteger.valueOf(neg.get(i)));\n>     }\n>     BigInteger res = BigInteger.valueOf(Long.MIN_VALUE);\n>     for (int i = 0; i < Math.min(k + 1, posMulLft.length); i++) {\n>       if (k - i < negMulLft.length) {\n>         res = posMulLft[i].multiply(negMulLft[k - i]).max(res);\n>       }\n>     }\n>     for (int i = 0; i < Math.min(k + 1, negMulRgt.length); i++) {\n>       if (k - i < posMulLft.length) {\n>         res = negMulRgt[negMulRgt.length - 1 - i].multiply(posMulLft[k - i]).max(res);\n>       }\n>     }\n>     System.out.println(res.mod(BigInteger.valueOf(MOD)));\n>   }\n>   private static final Scanner scanner = new Scanner(System.in);\n> }\n\nThis coverage indicates which parts of the code are executed based on the given inputs and logic flow. Lines marked with `!` are not executed based on the provided test case.",
      "test_seed_coverage": [
        ">",
        ">",
        ">",
        ">",
        ">",
        ">",
        ">",
        ">",
        ">",
        ">",
        ">",
        ">",
        ">",
        ">",
        ">",
        ">",
        ">",
        ">",
        ">",
        ">",
        ">",
        ">",
        ">",
        ">",
        ">",
        ">",
        ">",
        ">",
        ">",
        ">",
        ">",
        ">",
        ">",
        ">",
        ">",
        ">",
        ">",
        ">",
        ">",
        ">",
        ">",
        ">",
        ">",
        ">",
        ">",
        ">",
        ">",
        ">",
        ">",
        ">",
        ">",
        ">",
        ">",
        ">",
        ">",
        ">",
        ">",
        ">",
        ">",
        ">",
        ">",
        ">",
        ">",
        ">",
        ">",
        ">",
        ">"
      ],
      "cumulative_coverage": [
        ">",
        ">",
        ">",
        ">",
        ">",
        ">",
        ">",
        ">",
        ">",
        ">",
        ">",
        ">",
        ">",
        ">",
        ">",
        ">",
        ">",
        ">",
        ">",
        ">",
        ">",
        ">",
        ">",
        ">",
        ">",
        ">",
        ">",
        ">",
        ">",
        ">",
        ">",
        ">",
        ">",
        ">",
        ">",
        ">",
        ">",
        ">",
        ">",
        ">",
        ">",
        ">",
        ">",
        ">",
        ">",
        ">",
        ">",
        ">",
        ">",
        ">",
        ">",
        ">",
        ">",
        ">",
        ">",
        ">",
        ">",
        ">",
        ">",
        ">",
        ">",
        ">",
        ">",
        ">",
        ">",
        ">",
        ">"
      ],
      "execution_error": "Exception in thread \"main\" java.lang.NegativeArraySizeException: -5\n\tat Main.main(Main.java:8)",
      "cerberus_output": "",
      "execution_result": "NegativeArraySizeException",
      "test_case_id": "3"
    },
    {
      "test_case": [
        "Test Case Input:\n-5\n2\n5 10 -15 20 25\n\nTest Case Output:\n0"
      ],
      "test_mutations": [
        "Test Case Input:\n-5\n2\n5 10 -15 20 25\n\nTest Case Output:\n0"
      ],
      "initial_code": "import java.math.BigInteger;\nimport java.util.*;\npublic class Main {\n  private static final int MOD = 1_000_000_007;\n  public static void main(String[] args) {\n    int n = scanner.nextInt();\n    int k = scanner.nextInt();\n    int[] A = new int[n];\n    for (int i = 0; i < n; i++) {\n      A[i] = scanner.nextInt();\n    }\n    List<Integer> pos = new ArrayList<>();\n    List<Integer> neg = new ArrayList<>();\n    int zero = 0;\n    for (int i : A) {\n      if (i > 0) {\n        pos.add(i);\n      } else if (i < 0) {\n        neg.add(i);\n      } else {\n        zero++;\n      }\n    }\n    if (pos.size() + neg.size() < k || (n == k && zero > 0)) {\n      System.out.println(0);\n      return;\n    }\n    if (n == k) {\n      long res = 1;\n      for (int i : A) {\n        res = (res * i) % MOD;\n      }\n      System.out.println(Math.floorMod(res, MOD));\n      return;\n    }\n    pos.sort(Comparator.reverseOrder());\n    neg.sort(Comparator.reverseOrder());\n    BigInteger[] posMulLft = new BigInteger[pos.size() + 1];\n    BigInteger[] negMulLft = new BigInteger[neg.size() + 1];\n    BigInteger[] negMulRgt = new BigInteger[neg.size() + 1];\n    posMulLft[0] = BigInteger.ONE;\n    negMulLft[0] = BigInteger.ONE;\n    negMulRgt[negMulRgt.length - 1] = BigInteger.ONE;\n    for (int i = 1; i < Math.min(k + 1, posMulLft.length); i++) {\n      posMulLft[i] = posMulLft[i - 1].multiply(BigInteger.valueOf(pos.get(i - 1)));\n    }\n    for (int i = 1; i < Math.min(k + 1, negMulLft.length); i++) {\n      negMulLft[i] = negMulLft[i - 1].multiply(BigInteger.valueOf(neg.get(i - 1)));\n    }\n    for (int i = negMulRgt.length - 2, j = k; i >= 0 && j > 0; i--, j--) {\n      negMulRgt[i] = negMulRgt[i + 1].multiply(BigInteger.valueOf(neg.get(i)));\n    }\n    BigInteger res = BigInteger.valueOf(Long.MIN_VALUE);\n    for (int i = 0; i < Math.min(k + 1, posMulLft.length); i++) {\n      if (k - i < negMulLft.length) {\n        res = posMulLft[i].multiply(negMulLft[k - i]).max(res);\n      }\n    }\n    for (int i = 0; i < Math.min(k + 1, negMulRgt.length); i++) {\n      if (k - i < posMulLft.length) {\n        res = negMulRgt[negMulRgt.length - 1 - i].multiply(posMulLft[k - i]).max(res);\n      }\n    }\n    System.out.println(res.mod(BigInteger.valueOf(MOD)));\n  }\n  private static final Scanner scanner = new Scanner(System.in);\n}",
      "covered_code": "To predict the code coverage for the provided Java program with the given test case input, we will follow the plan laid out in the example:\n\n1. **Import Statements**: Always executed.\n2. **Class Declaration**: Always executed.\n3. **Main Method Declaration**: Always executed.\n4. **Scanner and Variables Initialization**: The first part where `n` and `k` are initialized with scanner input will be executed.\n5. **Array Initialization and Population**: The loop that initializes and populates array `A` will be executed.\n6. **List Initialization and Zero Counter**: The creation of the `pos`, `neg` lists and the `zero` counter will be executed.\n7. **Classification Loop**: The loop that classifies integers into positive, negative, or zero will be executed.\n8. **Condition Check for Output 0**: The condition that checks if the sum of sizes of `pos` and `neg` is less than `k` or if `n` is equal to `k` and `zero` is greater than 0 will be executed. Given the input, this condition will not be met, so its associated block will not execute.\n9. **Condition Check for n == k**: This condition will be false given the provided input, so its associated block will not execute.\n10. **Sorting of Lists**: The `pos` and `neg` lists are sorted in reverse order; this will be executed.\n11. **BigInteger Arrays Initialization**: The initialization of `BigInteger` arrays for multiplication from the left and right for positive and negative numbers will be executed.\n12. **Population of BigInteger Arrays**: The loops that populate `posMulLft`, `negMulLft`, and `negMulRgt` will be executed.\n13. **Result Calculation**: The loops that calculate the maximum product result will be executed.\n14. **Final Output**: The final `System.out.println(res.mod(BigInteger.valueOf(MOD)));` will be executed.\n15. **Scanner Close**: Implicitly covered through the reading operation.\n\nGiven this plan and considering the specific inputs `-5 2 5 10 -15 20 25`, let's determine the code coverage:\n\n- `n = -5` and `k = 2` are invalid inputs for the given problem statement as the number of elements (n) should be a positive value to proceed with the operations on the array of integers. Hence, the program will not behave as expected with such inputs. The scanner initialization and the initial read operations will throw an `InputMismatchException` due to attempting to read a negative size for an array, which is not logically correct in this context.\n\n- Based on the logical flow, the program expects `n` to represent the number of elements in the array, and it should be a positive number. The input provided does not conform to this expectation.\n\nGiven the nature of the provided input and the logical requirements of the program, we cannot proceed with a step-by-step execution as described because the initial conditions (specifically, a negative value for `n`) are not logically viable for the program's intended operations. Hence, we can't accurately predict the code coverage based on the provided test case due to an initial `InputMismatchException` that would occur when trying to initialize the array with a negative size.",
      "test_seed_coverage": [
        ">",
        ">",
        ">",
        ">",
        ">",
        ">",
        ">",
        ">",
        ">",
        ">",
        ">",
        ">",
        ">",
        ">",
        ">",
        ">",
        ">",
        ">",
        ">",
        ">",
        ">",
        ">",
        ">",
        ">",
        ">",
        ">",
        ">",
        ">",
        ">",
        ">",
        ">",
        ">",
        ">",
        ">",
        ">",
        ">",
        ">",
        ">",
        ">",
        ">",
        ">",
        ">",
        ">",
        ">",
        ">",
        ">",
        ">",
        ">",
        ">",
        ">",
        ">",
        ">",
        ">",
        ">",
        ">",
        ">",
        ">",
        ">",
        ">",
        ">",
        ">",
        ">",
        ">",
        ">",
        ">",
        ">",
        ">"
      ],
      "cumulative_coverage": [
        ">",
        ">",
        ">",
        ">",
        ">",
        ">",
        ">",
        ">",
        ">",
        ">",
        ">",
        ">",
        ">",
        ">",
        ">",
        ">",
        ">",
        ">",
        ">",
        ">",
        ">",
        ">",
        ">",
        ">",
        ">",
        ">",
        ">",
        ">",
        ">",
        ">",
        ">",
        ">",
        ">",
        ">",
        ">",
        ">",
        ">",
        ">",
        ">",
        ">",
        ">",
        ">",
        ">",
        ">",
        ">",
        ">",
        ">",
        ">",
        ">",
        ">",
        ">",
        ">",
        ">",
        ">",
        ">",
        ">",
        ">",
        ">",
        ">",
        ">",
        ">",
        ">",
        ">",
        ">",
        ">",
        ">",
        ">"
      ],
      "execution_error": "Exception in thread \"main\" java.lang.NegativeArraySizeException: -5\n\tat Main.main(Main.java:8)",
      "cerberus_output": "InputMismatchException",
      "execution_result": "NegativeArraySizeException",
      "test_case_id": "4"
    },
    {
      "test_case": [
        "Test Case Input:\n3\n2\n-5\n10\n0"
      ],
      "test_mutations": [
        "Test Case Input:\n3\n2\n-5\n10\n0"
      ],
      "initial_code": "import java.math.BigInteger;\nimport java.util.*;\npublic class Main {\n  private static final int MOD = 1_000_000_007;\n  public static void main(String[] args) {\n    int n = scanner.nextInt();\n    int k = scanner.nextInt();\n    int[] A = new int[n];\n    for (int i = 0; i < n; i++) {\n      A[i] = scanner.nextInt();\n    }\n    List<Integer> pos = new ArrayList<>();\n    List<Integer> neg = new ArrayList<>();\n    int zero = 0;\n    for (int i : A) {\n      if (i > 0) {\n        pos.add(i);\n      } else if (i < 0) {\n        neg.add(i);\n      } else {\n        zero++;\n      }\n    }\n    if (pos.size() + neg.size() < k || (n == k && zero > 0)) {\n      System.out.println(0);\n      return;\n    }\n    if (n == k) {\n      long res = 1;\n      for (int i : A) {\n        res = (res * i) % MOD;\n      }\n      System.out.println(Math.floorMod(res, MOD));\n      return;\n    }\n    pos.sort(Comparator.reverseOrder());\n    neg.sort(Comparator.reverseOrder());\n    BigInteger[] posMulLft = new BigInteger[pos.size() + 1];\n    BigInteger[] negMulLft = new BigInteger[neg.size() + 1];\n    BigInteger[] negMulRgt = new BigInteger[neg.size() + 1];\n    posMulLft[0] = BigInteger.ONE;\n    negMulLft[0] = BigInteger.ONE;\n    negMulRgt[negMulRgt.length - 1] = BigInteger.ONE;\n    for (int i = 1; i < Math.min(k + 1, posMulLft.length); i++) {\n      posMulLft[i] = posMulLft[i - 1].multiply(BigInteger.valueOf(pos.get(i - 1)));\n    }\n    for (int i = 1; i < Math.min(k + 1, negMulLft.length); i++) {\n      negMulLft[i] = negMulLft[i - 1].multiply(BigInteger.valueOf(neg.get(i - 1)));\n    }\n    for (int i = negMulRgt.length - 2, j = k; i >= 0 && j > 0; i--, j--) {\n      negMulRgt[i] = negMulRgt[i + 1].multiply(BigInteger.valueOf(neg.get(i)));\n    }\n    BigInteger res = BigInteger.valueOf(Long.MIN_VALUE);\n    for (int i = 0; i < Math.min(k + 1, posMulLft.length); i++) {\n      if (k - i < negMulLft.length) {\n        res = posMulLft[i].multiply(negMulLft[k - i]).max(res);\n      }\n    }\n    for (int i = 0; i < Math.min(k + 1, negMulRgt.length); i++) {\n      if (k - i < posMulLft.length) {\n        res = negMulRgt[negMulRgt.length - 1 - i].multiply(posMulLft[k - i]).max(res);\n      }\n    }\n    System.out.println(res.mod(BigInteger.valueOf(MOD)));\n  }\n  private static final Scanner scanner = new Scanner(System.in);\n}",
      "covered_code": "To predict the code coverage for the given Java program with the specified test case input, let's develop a plan based on the steps of execution:\n\n1. **Import Statements**: Always executed.\n   - `import java.math.BigInteger;`\n   - `import java.util.*;`\n\n2. **Class Declaration**: Always executed.\n   - `public class Main {`\n\n3. **Main Method Declaration**: Always executed.\n   - `public static void main(String[] args) {`\n\n4. **Scanner Input**: Always executed.\n   - `int n = scanner.nextInt();`\n   - `int k = scanner.nextInt();`\n\n5. **Array Initialization**: Always executed.\n   - `int[] A = new int[n];`\n\n6. **Array Population**: Since `n` is provided by the user, this block will be executed as many times as the value of `n`.\n   - For loop to fill the array `A`.\n\n7. **List Initialization**: Always executed.\n   - `List<Integer> pos = new ArrayList<>();`\n   - `List<Integer> neg = new ArrayList<>();`\n   - `int zero = 0;`\n\n8. **Classification of Array Elements**: Since every element in the array `A` will be classified, this block will be fully covered.\n   - For loop to classify elements into `pos`, `neg`, or `zero`.\n\n9. **Condition Checks**: The conditions depend on the values of `n`, `k`, and the distribution of positive, negative, and zero elements.\n   - If condition check for insufficient positive and negative numbers or all zeroes.\n\n10. **Sorting and Multiplication Logic**: Depends on the conditions being true or false but since there's logic outside these conditions, part of it will always be executed. \n    - Sorting the `pos` and `neg` lists.\n    - Initialization and population of `BigInteger` arrays for multiplication logic.\n\n11. **Calculation and Result Output**: Always executed as it's outside any conditional blocks not met by the previous conditions.\n    - Calculation of the result.\n    - Printing the result.\n\n12. **Scanner Close**: Implicitly executed at the end of the program.\n    - `scanner.close();`\n\nNow, let's consider the test case input `3 2 -5 10 0` and apply the execution plan:\n\n```\n> import java.math.BigInteger;\n> import java.util.*;\n> public class Main {\n>   private static final int MOD = 1_000_000_007;\n>   public static void main(String[] args) {\n>     int n = scanner.nextInt();\n>     int k = scanner.nextInt();\n>     int[] A = new int[n];\n>     for (int i = 0; i < n; i++) {\n>       A[i] = scanner.nextInt();\n>     }\n>     List<Integer> pos = new ArrayList<>();\n>     List<Integer> neg = new ArrayList<>();\n>     int zero = 0;\n>     for (int i : A) {\n>       if (i > 0) {\n>         pos.add(i);\n>       } else if (i < 0) {\n>         neg.add(i);\n>       } else {\n>         zero++;\n>       }\n>     }\n>     if (pos.size() + neg.size() < k || (n == k && zero > 0)) {\n!       System.out.println(0);\n!       return;\n>     }\n>     if (n == k) {\n!       long res = 1;\n!       for (int i : A) {\n!         res = (res * i) % MOD;\n!       }\n!       System.out.println(Math.floorMod(res, MOD));\n!       return;\n>     }\n>     pos.sort(Comparator.reverseOrder());\n>     neg.sort(Comparator.reverseOrder());\n>     BigInteger[] posMulLft = new BigInteger[pos.size() + 1];\n>     BigInteger[] negMulLft = new BigInteger[neg.size() + 1];\n>     BigInteger[] negMulRgt = new BigInteger[neg.size() + 1];\n>     posMulLft[0] = BigInteger.ONE;\n>     negMulLft[0] = BigInteger.ONE;\n>     negMulRgt[negMulRgt.length - 1] = BigInteger.ONE;\n>     for (int i = 1; i < Math.min(k + 1, posMulLft.length); i++) {\n>       posMulLft[i] = posMulLft[i - 1].multiply(BigInteger.valueOf(pos.get(i - 1)));\n>     }\n>     for (int i = 1; i < Math.min(k + 1, negMulLft.length); i++) {\n>       negMulLft[i] = negMulLft[i - 1].multiply(BigInteger.valueOf(neg.get(i - 1)));\n>     }\n>     for (int i = negMulRgt.length - 2, j = k; i >= 0 && j > 0; i--, j--) {\n>       negMulRgt[i] = negMulRgt[i + 1].multiply(BigInteger.valueOf(neg.get(i)));\n>     }\n>     BigInteger res = BigInteger.valueOf(Long.MIN_VALUE);\n>     for (int i = 0; i < Math.min(k + 1, posMulLft.length); i++) {\n>       if (k - i < negMulLft.length) {\n>         res = posMulLft[i].multiply(negMulLft[k - i]).max(res);\n>       }\n>     }\n>     for (int i = 0; i < Math.min(k + 1, negMulRgt.length); i++) {\n>       if (k - i < posMulLft.length) {\n>         res = negMulRgt[negMulRgt.length - 1 - i].multiply(posMulLft[k - i]).max(res);\n>       }\n>     }\n>     System.out.println(res.mod(BigInteger.valueOf(MOD)));\n>   }\n>   private static final Scanner scanner = new Scanner(System.in);\n> }\n```\n\nSince there's no specific condition in the provided test case that would prevent the execution of any block of code or calculation, all relevant portions of the code are covered, except for the conditional blocks that are specifically not met by the input conditions, marked with `!`.",
      "test_seed_coverage": [
        ">",
        ">",
        ">",
        ">",
        ">",
        ">",
        ">",
        ">",
        ">",
        ">",
        ">",
        ">",
        ">",
        ">",
        ">",
        ">",
        ">",
        ">",
        ">",
        ">",
        ">",
        ">",
        ">",
        ">",
        ">",
        ">",
        ">",
        ">",
        ">",
        ">",
        ">",
        ">",
        ">",
        ">",
        ">",
        ">",
        ">",
        ">",
        ">",
        ">",
        ">",
        ">",
        ">",
        ">",
        ">",
        ">",
        ">",
        ">",
        ">",
        ">",
        ">",
        ">",
        ">",
        ">",
        ">",
        ">",
        ">",
        ">",
        ">",
        ">",
        ">",
        ">",
        ">",
        ">",
        ">",
        ">",
        ">"
      ],
      "cumulative_coverage": [
        ">",
        ">",
        ">",
        ">",
        ">",
        ">",
        ">",
        ">",
        ">",
        ">",
        ">",
        ">",
        ">",
        ">",
        ">",
        ">",
        ">",
        ">",
        ">",
        ">",
        ">",
        ">",
        ">",
        ">",
        ">",
        ">",
        ">",
        ">",
        ">",
        ">",
        ">",
        ">",
        ">",
        ">",
        ">",
        ">",
        ">",
        ">",
        ">",
        ">",
        ">",
        ">",
        ">",
        ">",
        ">",
        ">",
        ">",
        ">",
        ">",
        ">",
        ">",
        ">",
        ">",
        ">",
        ">",
        ">",
        ">",
        ">",
        ">",
        ">",
        ">",
        ">",
        ">",
        ">",
        ">",
        ">",
        ">"
      ],
      "execution_output": "999999957",
      "cerberus_output": "",
      "execution_result": "",
      "test_case_id": "5"
    },
    {
      "test_case": [
        "Test Case Input:\n3\n2\n-1\n2\n3"
      ],
      "test_mutations": [
        "Test Case Input:\n3\n2\n-1\n2\n3"
      ],
      "initial_code": "import java.math.BigInteger;\nimport java.util.*;\npublic class Main {\n  private static final int MOD = 1_000_000_007;\n  public static void main(String[] args) {\n    int n = scanner.nextInt();\n    int k = scanner.nextInt();\n    int[] A = new int[n];\n    for (int i = 0; i < n; i++) {\n      A[i] = scanner.nextInt();\n    }\n    List<Integer> pos = new ArrayList<>();\n    List<Integer> neg = new ArrayList<>();\n    int zero = 0;\n    for (int i : A) {\n      if (i > 0) {\n        pos.add(i);\n      } else if (i < 0) {\n        neg.add(i);\n      } else {\n        zero++;\n      }\n    }\n    if (pos.size() + neg.size() < k || (n == k && zero > 0)) {\n      System.out.println(0);\n      return;\n    }\n    if (n == k) {\n      long res = 1;\n      for (int i : A) {\n        res = (res * i) % MOD;\n      }\n      System.out.println(Math.floorMod(res, MOD));\n      return;\n    }\n    pos.sort(Comparator.reverseOrder());\n    neg.sort(Comparator.reverseOrder());\n    BigInteger[] posMulLft = new BigInteger[pos.size() + 1];\n    BigInteger[] negMulLft = new BigInteger[neg.size() + 1];\n    BigInteger[] negMulRgt = new BigInteger[neg.size() + 1];\n    posMulLft[0] = BigInteger.ONE;\n    negMulLft[0] = BigInteger.ONE;\n    negMulRgt[negMulRgt.length - 1] = BigInteger.ONE;\n    for (int i = 1; i < Math.min(k + 1, posMulLft.length); i++) {\n      posMulLft[i] = posMulLft[i - 1].multiply(BigInteger.valueOf(pos.get(i - 1)));\n    }\n    for (int i = 1; i < Math.min(k + 1, negMulLft.length); i++) {\n      negMulLft[i] = negMulLft[i - 1].multiply(BigInteger.valueOf(neg.get(i - 1)));\n    }\n    for (int i = negMulRgt.length - 2, j = k; i >= 0 && j > 0; i--, j--) {\n      negMulRgt[i] = negMulRgt[i + 1].multiply(BigInteger.valueOf(neg.get(i)));\n    }\n    BigInteger res = BigInteger.valueOf(Long.MIN_VALUE);\n    for (int i = 0; i < Math.min(k + 1, posMulLft.length); i++) {\n      if (k - i < negMulLft.length) {\n        res = posMulLft[i].multiply(negMulLft[k - i]).max(res);\n      }\n    }\n    for (int i = 0; i < Math.min(k + 1, negMulRgt.length); i++) {\n      if (k - i < posMulLft.length) {\n        res = negMulRgt[negMulRgt.length - 1 - i].multiply(posMulLft[k - i]).max(res);\n      }\n    }\n    System.out.println(res.mod(BigInteger.valueOf(MOD)));\n  }\n  private static final Scanner scanner = new Scanner(System.in);\n}",
      "covered_code": "Based on the test case input and the Java program provided, here's the step-by-step execution plan and the predicted code coverage:\n\n### Plan for Step by Step Execution:\n\n1. **Import Statements**: Always executed. Import statements for `java.math.BigInteger` and `java.util.*` will be covered.\n2. **Class Declaration**: Always executed. `public class Main {` is covered.\n3. **Main Method Declaration**: Always executed. `public static void main(String[] args) {` is covered.\n4. **Scanner and User Input**: Always executed. The creation of a `Scanner` object and reading `n` and `k` from the input are covered.\n5. **Array A Definition and Population**: Since `n` is given as `3`, the array `A` will be populated with 3 integers from input.\n6. **Lists and Zero Count Declaration and Population**: The code segments for declaring and populating `pos`, `neg`, and `zero` are all executed as part of analyzing the elements of array `A`.\n7. **Condition for Output 0**: Given `n` is `3` and `k` is `2`, and there are no zeros in the input provided, this condition will not trigger the output of `0`. Hence, the condition `if (pos.size() + neg.size() < k || (n == k && zero > 0)) {` will not be executed.\n8. **Full Product Condition**: Since `n` is not equal to `k`, the block of code under `if (n == k) {` will not be executed.\n9. **Sorting `pos` and `neg` Lists**: The code for sorting these lists in reverse order will be executed.\n10. **Multiplication Arrays Initialization and Population**: All sections initializing and populating `posMulLft`, `negMulLft`, and `negMulRgt` will be executed.\n11. **Result Calculation**: The loops for calculating the result based on the positive and negative products will be executed.\n12. **Final Output**: The final result mod `MOD` is printed, so the statement for output is executed.\n13. **Closing Brackets and Class/Method Ends**: Always executed.\n\n### Predicted Code Coverage:\n\n```\n> import java.math.BigInteger;\n> import java.util.*;\n> public class Main {\n>   private static final int MOD = 1_000_000_007;\n>   public static void main(String[] args) {\n>     int n = scanner.nextInt();\n>     int k = scanner.nextInt();\n>     int[] A = new int[n];\n>     for (int i = 0; i < n; i++) {\n>       A[i] = scanner.nextInt();\n>     }\n>     List<Integer> pos = new ArrayList<>();\n>     List<Integer> neg = new ArrayList<>();\n>     int zero = 0;\n>     for (int i : A) {\n>       if (i > 0) {\n>         pos.add(i);\n>       } else if (i < 0) {\n>         neg.add(i);\n>       } else {\n>         zero++;\n>       }\n>     }\n!     if (pos.size() + neg.size() < k || (n == k && zero > 0)) {\n!       System.out.println(0);\n!       return;\n!     }\n!     if (n == k) {\n!       long res = 1;\n!       for (int i : A) {\n!         res = (res * i) % MOD;\n!       }\n!       System.out.println(Math.floorMod(res, MOD));\n!       return;\n>     }\n>     pos.sort(Comparator.reverseOrder());\n>     neg.sort(Comparator.reverseOrder());\n>     BigInteger[] posMulLft = new BigInteger[pos.size() + 1];\n>     BigInteger[] negMulLft = new BigInteger[neg.size() + 1];\n>     BigInteger[] negMulRgt = new BigInteger[neg.size() + 1];\n>     posMulLft[0] = BigInteger.ONE;\n>     negMulLft[0] = BigInteger.ONE;\n>     negMulRgt[negMulRgt.length - 1] = BigInteger.ONE;\n>     for (int i = 1; i < Math.min(k + 1, posMulLft.length); i++) {\n>       posMulLft[i] = posMulLft[i - 1].multiply(BigInteger.valueOf(pos.get(i - 1)));\n>     }\n>     for (int i = 1; i < Math.min(k + 1, negMulLft.length); i++) {\n>       negMulLft[i] = negMulLft[i - 1].multiply(BigInteger.valueOf(neg.get(i - 1)));\n>     }\n>     for (int i = negMulRgt.length - 2, j = k; i >= 0 && j > 0; i--, j--) {\n>       negMulRgt[i] = negMulRgt[i + 1].multiply(BigInteger.valueOf(neg.get(i)));\n>     }\n>     BigInteger res = BigInteger.valueOf(Long.MIN_VALUE);\n>     for (int i = 0; i < Math.min(k + 1, posMulLft.length); i++) {\n>       if (k - i < negMulLft.length) {\n>         res = posMulLft[i].multiply(negMulLft[k - i]).max(res);\n>       }\n>     }\n>     for (int i = 0; i < Math.min(k + 1, negMulRgt.length); i++) {\n>       if (k - i < posMulLft.length) {\n>         res = negMulRgt[negMulRgt.length - 1 - i].multiply(posMulLft[k - i]).max(res);\n>       }\n>     }\n>     System.out.println(res.mod(BigInteger.valueOf(MOD)));\n>   }\n>   private static final Scanner scanner = new Scanner(System.in);\n> }\n```\n\n**Note**: The `!` marker indicates lines that were not executed based on the input and conditions within the program's logic.",
      "test_seed_coverage": [
        ">",
        ">",
        ">",
        ">",
        ">",
        ">",
        ">",
        ">",
        ">",
        ">",
        ">",
        ">",
        ">",
        ">",
        ">",
        ">",
        ">",
        ">",
        ">",
        ">",
        ">",
        ">",
        ">",
        ">",
        ">",
        ">",
        ">",
        ">",
        ">",
        ">",
        ">",
        ">",
        ">",
        ">",
        ">",
        ">",
        ">",
        ">",
        ">",
        ">",
        ">",
        ">",
        ">",
        ">",
        ">",
        ">",
        ">",
        ">",
        ">",
        ">",
        ">",
        ">",
        ">",
        ">",
        ">",
        ">",
        ">",
        ">",
        ">",
        ">",
        ">",
        ">",
        ">",
        ">",
        ">",
        ">",
        ">"
      ],
      "cumulative_coverage": [
        ">",
        ">",
        ">",
        ">",
        ">",
        ">",
        ">",
        ">",
        ">",
        ">",
        ">",
        ">",
        ">",
        ">",
        ">",
        ">",
        ">",
        ">",
        ">",
        ">",
        ">",
        ">",
        ">",
        ">",
        ">",
        ">",
        ">",
        ">",
        ">",
        ">",
        ">",
        ">",
        ">",
        ">",
        ">",
        ">",
        ">",
        ">",
        ">",
        ">",
        ">",
        ">",
        ">",
        ">",
        ">",
        ">",
        ">",
        ">",
        ">",
        ">",
        ">",
        ">",
        ">",
        ">",
        ">",
        ">",
        ">",
        ">",
        ">",
        ">",
        ">",
        ">",
        ">",
        ">",
        ">",
        ">",
        ">"
      ],
      "execution_output": "6",
      "cerberus_output": "",
      "execution_result": "",
      "test_case_id": "6"
    },
    {
      "test_case": [
        "Test Case Input:\n-10\n5\n-3\n2\n-4\n0\n1\n8\n-2\n-7\n6"
      ],
      "test_mutations": [
        "Test Case Input:\n-10\n5\n-3\n2\n-4\n0\n1\n8\n-2\n-7\n6"
      ],
      "initial_code": "import java.math.BigInteger;\nimport java.util.*;\npublic class Main {\n  private static final int MOD = 1_000_000_007;\n  public static void main(String[] args) {\n    int n = scanner.nextInt();\n    int k = scanner.nextInt();\n    int[] A = new int[n];\n    for (int i = 0; i < n; i++) {\n      A[i] = scanner.nextInt();\n    }\n    List<Integer> pos = new ArrayList<>();\n    List<Integer> neg = new ArrayList<>();\n    int zero = 0;\n    for (int i : A) {\n      if (i > 0) {\n        pos.add(i);\n      } else if (i < 0) {\n        neg.add(i);\n      } else {\n        zero++;\n      }\n    }\n    if (pos.size() + neg.size() < k || (n == k && zero > 0)) {\n      System.out.println(0);\n      return;\n    }\n    if (n == k) {\n      long res = 1;\n      for (int i : A) {\n        res = (res * i) % MOD;\n      }\n      System.out.println(Math.floorMod(res, MOD));\n      return;\n    }\n    pos.sort(Comparator.reverseOrder());\n    neg.sort(Comparator.reverseOrder());\n    BigInteger[] posMulLft = new BigInteger[pos.size() + 1];\n    BigInteger[] negMulLft = new BigInteger[neg.size() + 1];\n    BigInteger[] negMulRgt = new BigInteger[neg.size() + 1];\n    posMulLft[0] = BigInteger.ONE;\n    negMulLft[0] = BigInteger.ONE;\n    negMulRgt[negMulRgt.length - 1] = BigInteger.ONE;\n    for (int i = 1; i < Math.min(k + 1, posMulLft.length); i++) {\n      posMulLft[i] = posMulLft[i - 1].multiply(BigInteger.valueOf(pos.get(i - 1)));\n    }\n    for (int i = 1; i < Math.min(k + 1, negMulLft.length); i++) {\n      negMulLft[i] = negMulLft[i - 1].multiply(BigInteger.valueOf(neg.get(i - 1)));\n    }\n    for (int i = negMulRgt.length - 2, j = k; i >= 0 && j > 0; i--, j--) {\n      negMulRgt[i] = negMulRgt[i + 1].multiply(BigInteger.valueOf(neg.get(i)));\n    }\n    BigInteger res = BigInteger.valueOf(Long.MIN_VALUE);\n    for (int i = 0; i < Math.min(k + 1, posMulLft.length); i++) {\n      if (k - i < negMulLft.length) {\n        res = posMulLft[i].multiply(negMulLft[k - i]).max(res);\n      }\n    }\n    for (int i = 0; i < Math.min(k + 1, negMulRgt.length); i++) {\n      if (k - i < posMulLft.length) {\n        res = negMulRgt[negMulRgt.length - 1 - i].multiply(posMulLft[k - i]).max(res);\n      }\n    }\n    System.out.println(res.mod(BigInteger.valueOf(MOD)));\n  }\n  private static final Scanner scanner = new Scanner(System.in);\n}",
      "covered_code": "To predict the code coverage for the provided Java program and the given test case input, let's follow a similar step-by-step execution plan as illustrated in the previous example:\n\n**Step-by-Step Execution Plan:**\n\n1. **Import Statements:** Always executed. The statement `import java.math.BigInteger;` and `import java.util.*;` will be covered.\n\n2. **Class Declaration:** Always executed. The statement `public class Main {` is covered.\n\n3. **Static Variables Initialization:** Always executed. The statement `private static final int MOD = 1_000_000_007;` is covered.\n\n4. **Main Method Declaration:** Always executed. The statement `public static void main(String[] args) {` is covered.\n\n5. **Static Scanner Declaration:** Executed before entering the main method but since it is part of the program initialization, consider it covered.\n\n6. **Input Reading:** The statements to read `n` and `k` from the scanner, and the initialization of array `A` are covered as the inputs are provided.\n\n7. **Reading Array Elements:** The loop to read integers into array `A` is covered as inputs for these are provided.\n\n8. **Lists and Zero Counter Initialization:** The initialization of `pos`, `neg`, and `zero` are covered.\n\n9. **Classification Loop:** The loop that classifies numbers into positive, negative, or zero is covered, as it iterates over the array `A`.\n\n10. **Condition Checks:** The checks for `if (pos.size() + neg.size() < k || (n == k && zero > 0))` and `if (n == k)` are covered. Depending on the inputs, only one path will be taken, but both are considered for complete coverage analysis.\n\n11. **Sorting:** The statements to sort `pos` and `neg` lists are covered.\n\n12. **BigInteger Arrays Initialization:** The initialization of `posMulLft`, `negMulLft`, and `negMulRgt` arrays are covered.\n\n13. **Multiplication Loops:** The loops to populate `posMulLft`, `negMulLft`, and `negMulRgt` are covered.\n\n14. **Result Calculation:** The loop and conditions to calculate the final result `res` are covered.\n\n15. **Final Output:** The statement to print the final result is covered.\n\n16. **Scanner Close:** Not explicitly mentioned, but as a good practice, it should be closed after use. However, in this code snippet, the scanner is not closed.\n\n**Predicted Code Coverage:**\n\n```\n> import java.math.BigInteger;\n> import java.util.*;\n> public class Main {\n>   private static final int MOD = 1_000_000_007;\n>   public static void main(String[] args) {\n>     int n = scanner.nextInt();\n>     int k = scanner.nextInt();\n>     int[] A = new int[n];\n>     for (int i = 0; i < n; i++) {\n>       A[i] = scanner.nextInt();\n>     }\n>     List<Integer> pos = new ArrayList<>();\n>     List<Integer> neg = new ArrayList<>();\n>     int zero = 0;\n>     for (int i : A) {\n>       if (i > 0) {\n>         pos.add(i);\n>       } else if (i < 0) {\n>         neg.add(i);\n>       } else {\n>         zero++;\n>       }\n>     }\n>     if (pos.size() + neg.size() < k || (n == k && zero > 0)) {\n>       System.out.println(0);\n>       return;\n>     }\n>     if (n == k) {\n>       long res = 1;\n>       for (int i : A) {\n>         res = (res * i) % MOD;\n>       }\n>       System.out.println(Math.floorMod(res, MOD));\n>       return;\n>     }\n>     pos.sort(Comparator.reverseOrder());\n>     neg.sort(Comparator.reverseOrder());\n>     BigInteger[] posMulLft = new BigInteger[pos.size() + 1];\n>     BigInteger[] negMulLft = new BigInteger[neg.size() + 1];\n>     BigInteger[] negMulRgt = new BigInteger[neg.size() + 1];\n>     posMulLft[0] = BigInteger.ONE;\n>     negMulLft[0] = BigInteger.ONE;\n>     negMulRgt[negMulRgt.length - 1] = BigInteger.ONE;\n>     for (int i = 1; i < Math.min(k + 1, posMulLft.length); i++) {\n>       posMulLft[i] = posMulLft[i - 1].multiply(BigInteger.valueOf(pos.get(i - 1)));\n>     }\n>     for (int i = 1; i < Math.min(k + 1, negMulLft.length); i++) {\n>       negMulLft[i] = negMulLft[i - 1].multiply(BigInteger.valueOf(neg.get(i - 1)));\n>     }\n>     for (int i = negMulRgt.length - 2, j = k; i >= 0 && j > 0; i--, j--) {\n>       negMulRgt[i] = negMulRgt[i + 1].multiply(BigInteger.valueOf(neg.get(i)));\n>     }\n>     BigInteger res = BigInteger.valueOf(Long.MIN_VALUE);\n>     for (int i = 0; i < Math.min(k + 1, posMulLft.length); i++) {\n>       if (k - i < negMulLft.length) {\n>         res = posMulLft[i].multiply(negMulLft[k - i]).max(res);\n>       }\n>     }\n>     for (int i = 0; i < Math.min(k + 1, negMulRgt.length); i++) {\n>       if (k - i < posMulLft.length) {\n>         res = negMulRgt[negMulRgt.length - 1 - i].multiply(posMulLft[k - i]).max(res);\n>       }\n>     }\n>     System.out.println(res.mod(BigInteger.valueOf(MOD)));\n>   }\n>   private static final Scanner scanner = new Scanner(System.in);\n> }\n```\n\n**Note:** Given test inputs and the program's logic, every line of code that is reachable based on the test case provided will be executed, except the early returns that depend on the specific conditions of the inputs (such as `n == k && zero > 0` and `pos.size() + neg.size() < k`). These conditions might not be met depending on the specific values of `n`, `k`, and the elements of `A`.",
      "test_seed_coverage": [
        ">",
        ">",
        ">",
        ">",
        ">",
        ">",
        ">",
        ">",
        ">",
        ">",
        ">",
        ">",
        ">",
        ">",
        ">",
        ">",
        ">",
        ">",
        ">",
        ">",
        ">",
        ">",
        ">",
        ">",
        ">",
        ">",
        ">",
        ">",
        ">",
        ">",
        ">",
        ">",
        ">",
        ">",
        ">",
        ">",
        ">",
        ">",
        ">",
        ">",
        ">",
        ">",
        ">",
        ">",
        ">",
        ">",
        ">",
        ">",
        ">",
        ">",
        ">",
        ">",
        ">",
        ">",
        ">",
        ">",
        ">",
        ">",
        ">",
        ">",
        ">",
        ">",
        ">",
        ">",
        ">",
        ">",
        ">"
      ],
      "cumulative_coverage": [
        ">",
        ">",
        ">",
        ">",
        ">",
        ">",
        ">",
        ">",
        ">",
        ">",
        ">",
        ">",
        ">",
        ">",
        ">",
        ">",
        ">",
        ">",
        ">",
        ">",
        ">",
        ">",
        ">",
        ">",
        ">",
        ">",
        ">",
        ">",
        ">",
        ">",
        ">",
        ">",
        ">",
        ">",
        ">",
        ">",
        ">",
        ">",
        ">",
        ">",
        ">",
        ">",
        ">",
        ">",
        ">",
        ">",
        ">",
        ">",
        ">",
        ">",
        ">",
        ">",
        ">",
        ">",
        ">",
        ">",
        ">",
        ">",
        ">",
        ">",
        ">",
        ">",
        ">",
        ">",
        ">",
        ">",
        ">"
      ],
      "execution_error": "Exception in thread \"main\" java.lang.NegativeArraySizeException: -10\n\tat Main.main(Main.java:8)",
      "cerberus_output": "",
      "execution_result": "NegativeArraySizeException",
      "test_case_id": "7"
    }
  ]
}