{
  "submission_id": "s222624163",
  "cycles": [
    {
      "test_case": [
        "Test Case Input:\n5 3\n1 2 1 10\n1 3 2 20\n2 4 3 30\n2 5 4 40\n1 1 4 5\n2 2 2 3\n3 3 1 4"
      ],
      "test_mutations": [
        "Test Case Input:\n5 3\n1 2 1 10\n1 3 2 20\n2 4 3 30\n2 5 4 40\n1 1 4 5\n2 2 2 3\n3 3 1 4"
      ],
      "initial_code": "import java.util.*;\nimport java.io.*;\npublic class Main {\n\tstatic ArrayList<Route>[] tree;\n\tstatic Node[] nodes;\n\tpublic static void main (String[] args) throws Exception {\n\t\tBufferedReader br = new BufferedReader(new InputStreamReader(System.in));\n\t\tString[] first = br.readLine().split(\" \", 2);\n\t\tint n = Integer.parseInt(first[0]);\n\t\tint q = Integer.parseInt(first[1]);\n\t\ttree = new ArrayList[n];\n\t\tnodes = new Node[n];\n\t\tfor (int i = 0; i < n; i++) {\n\t\t\ttree[i] = new ArrayList<Route>();\n\t\t}\n\t\tfor (int i = 0; i < n - 1; i++) {\n\t\t\tString[] line = br.readLine().split(\" \", 4);\n\t\t\tint a = Integer.parseInt(line[0]) - 1;\n\t\t\tint b = Integer.parseInt(line[1]) - 1;\n\t\t\tint c = Integer.parseInt(line[2]) - 1;\n\t\t\tint d = Integer.parseInt(line[3]);\n\t\t\tRoute route = new Route(c, d, a, b);\n\t\t\ttree[a].add(route);\n\t\t\ttree[b].add(route);\n\t\t}\n\t\taddNode(0, new ArrayList<Integer>(), new int[n], new int[n], 0);\n\t\tStringBuilder sb = new StringBuilder();\n\t\tfor (int i = 0; i < q; i++) {\n\t\t\tString[] line = br.readLine().split(\" \", 4);\n\t\t\tint x = Integer.parseInt(line[0]) - 1;\n\t\t\tint y = Integer.parseInt(line[1]);\n\t\t\tint u = Integer.parseInt(line[2]) - 1;\n\t\t\tint v = Integer.parseInt(line[3]) - 1;\n\t\t\tint idx = 0;\n\t\t\twhile (idx < nodes[u].fromRoot.size() && idx < nodes[v].fromRoot.size() && nodes[u].fromRoot.get(idx).equals(nodes[v].fromRoot.get(idx))) {\n\t\t\t\tidx++;\n\t\t\t}\n\t\t\tif (idx != 0) {\n\t\t\t\tidx--;\n\t\t\t}\n\t\t\tint total = nodes[u].total - nodes[u].colorSum[x] + nodes[u].colorNum[x] * y + nodes[v].total - nodes[v].colorSum[x] + nodes[v].colorNum[x] * y;\n\t\t\ttotal -= (nodes[idx].total - nodes[idx].colorSum[x] + nodes[idx].colorNum[x] * y) * 2;\n\t\t\tsb.append(total).append(\"\\n\");\n\t\t}\n\t\tSystem.out.print(sb);\n\t}\n\tstatic void addNode(int idx, ArrayList<Integer> fromRoot, int[] colorNum, int[] colorSum, int total) {\n\t\tnodes[idx] = new Node(fromRoot, colorNum, colorSum, total);\n\t\tfor (Route r : tree[idx]) {\n\t\t\tint to;\n\t\t\tif (r.to == idx) {\n\t\t\t\tto = r.from;\n\t\t\t} else {\n\t\t\t\tto = r.to;\n\t\t\t}\n\t\t\tif (nodes[to] == null) {\n\t\t\t\tArrayList<Integer> nextList = (ArrayList<Integer>)(fromRoot.clone());\n\t\t\t\tnextList.add(idx);\n\t\t\t\tint[] nextNum = (int[])(colorNum.clone());\n\t\t\t\tnextNum[r.color]++;\n\t\t\t\tint[] nextSum = (int[])(colorSum.clone());\n\t\t\t\tnextSum[r.color] += r.dist;\n\t\t\t\taddNode(to, nextList, nextNum, nextSum, total + r.dist);\n\t\t\t}\n\t\t}\n\t}\n\tstatic class Node {\n\t\tArrayList<Integer> fromRoot;\n\t\tint[] colorNum;\n\t\tint[] colorSum;\n\t\tint total;\n\t\tpublic Node(ArrayList<Integer> fromRoot, int[] colorNum, int[] colorSum, int total) {\n\t\t\tthis.fromRoot = fromRoot;\n\t\t\tthis.colorNum = colorNum;\n\t\t\tthis.colorSum = colorSum;\n\t\t\tthis.total = total;\n\t\t}\n\t}\n\tstatic class Route {\n\t\tint color;\n\t\tint dist;\n\t\tint from;\n\t\tint to;\n\t\tpublic Route(int color, int dist, int from, int to) {\n\t\t\tthis.color = color;\n\t\t\tthis.dist = dist;\n\t\t\tthis.from = from;\n\t\t\tthis.to = to;\n\t\t}\n\t\tpublic boolean equals(Object o) {\n\t\t\tRoute another = (Route) o;\n\t\t\treturn this.color == another.color && this.dist == another.dist && ((this.from == another.from && this.to == another.to) || (this.from == another.to && this.to == another.from));\n\t\t}\n\t}\n}",
      "covered_code": "Given the complex structure of the provided Java program and the nature of the test case, we can break down the execution plan into several steps to understand the code coverage. The program essentially reads a graph structure and queries from standard input, builds a representation of this graph, and computes certain values based on the queries. This analysis assumes familiarity with basic concepts in graph theory and Java programming.\n\n### Plan for Step by Step Execution and Code Coverage Prediction\n\n1. **Import Statements**: Always executed.\n   - > `import java.util.*;`\n   - > `import java.io.*;`\n\n2. **Class Declarations**: Always executed.\n   - > `public class Main {`\n   - > `static class Node {`\n   - > `static class Route {`\n\n3. **Static Variables Declaration**: Always executed.\n   - > `static ArrayList<Route>[] tree;`\n   - > `static Node[] nodes;`\n\n4. **Main Method Declaration**: Always executed.\n   - > `public static void main (String[] args) throws Exception {`\n\n5. **BufferedReader and Input Parsing**: The input parsing statements are executed since they are the first operations in the `main` method.\n   - > `BufferedReader br = new BufferedReader(new InputStreamReader(System.in));`\n   - > `String[] first = br.readLine().split(\" \", 2);`\n   - > `int n = Integer.parseInt(first[0]);`\n   - > `int q = Integer.parseInt(first[1]);`\n\n6. **Initialization of `tree` and `nodes` Arrays**: These statements are executed as part of the input parsing and data structure initialization.\n   - > `tree = new ArrayList[n];`\n   - > `nodes = new Node[n];`\n   - > Loop to initialize `tree[i] = new ArrayList<Route>();`\n\n7. **Reading and Storing Routes**: The for loop that reads the routes and stores them in the `tree` array is executed.\n   - > Loop that reads from `br.readLine().split(\" \", 4);` and processes the input to add routes to `tree`.\n\n8. **Calling `addNode` Method**: The invocation of `addNode` to populate the `nodes` array is executed.\n   - > `addNode(0, new ArrayList<Integer>(), new int[n], new int[n], 0);`\n\n9. **Processing Queries and Building Output**: The loop to process queries, calculate the totals based on the queries, and append them to `StringBuilder` is executed.\n   - > Loop that reads query inputs, processes them, and appends results to `sb`.\n\n10. **Printing the Output**: Executed as the final step to display the computed results.\n    - > `System.out.print(sb);`\n\n11. **`addNode` Method**: This recursive method is executed to populate each node's data in the graph.\n    - > All statements in `addNode` are executed as it's recursively called to traverse the graph and fill data for each node.\n\n12. **`Node` and `Route` Constructors**: Executed as part of object initialization.\n    - > Node and Route constructors are executed whenever a new instance is created during the program's execution.\n\n### Final Code Coverage Prediction\n\n- All import statements, class declarations, and static variable declarations are covered.\n- The `main` method, including all its statements, is covered.\n- The `addNode` method, including its recursive calls, is fully covered.\n- The `Node` and `Route` constructors are covered.\n\n### Note\n\nGiven that the execution plan is based on the provided test case input and the program structure, every statement within the main execution path and associated methods is executed. This analysis does not detail each line of code but provides a comprehensive overview of the sections of code that are executed based on the program's logic and the specific test case provided.",
      "test_seed_coverage": [
        ">",
        ">",
        ">",
        ">",
        ">",
        ">",
        ">",
        ">",
        ">",
        ">",
        ">",
        ">",
        ">",
        ">",
        ">",
        ">",
        ">",
        ">",
        ">",
        ">",
        ">",
        ">",
        ">",
        ">",
        ">",
        ">",
        ">",
        ">",
        ">",
        ">",
        ">",
        ">",
        ">",
        ">",
        ">",
        ">",
        ">",
        ">",
        ">",
        ">",
        ">",
        ">",
        ">",
        ">",
        ">",
        ">",
        ">",
        ">",
        ">",
        ">",
        ">",
        ">",
        ">",
        ">",
        ">",
        ">",
        ">",
        ">",
        ">",
        ">",
        ">",
        ">",
        ">",
        ">",
        ">",
        ">",
        ">",
        ">",
        ">",
        ">",
        ">",
        ">",
        ">",
        ">",
        ">",
        ">",
        ">",
        ">",
        ">",
        ">",
        ">",
        ">",
        ">",
        ">",
        ">",
        ">",
        ">",
        ">",
        ">",
        ">",
        ">",
        ">",
        ">",
        ">",
        ">"
      ],
      "cumulative_coverage": [
        ">",
        ">",
        ">",
        ">",
        ">",
        ">",
        ">",
        ">",
        ">",
        ">",
        ">",
        ">",
        ">",
        ">",
        ">",
        ">",
        ">",
        ">",
        ">",
        ">",
        ">",
        ">",
        ">",
        ">",
        ">",
        ">",
        ">",
        ">",
        ">",
        ">",
        ">",
        ">",
        ">",
        ">",
        ">",
        ">",
        ">",
        ">",
        ">",
        ">",
        ">",
        ">",
        ">",
        ">",
        ">",
        ">",
        ">",
        ">",
        ">",
        ">",
        ">",
        ">",
        ">",
        ">",
        ">",
        ">",
        ">",
        ">",
        ">",
        ">",
        ">",
        ">",
        ">",
        ">",
        ">",
        ">",
        ">",
        ">",
        ">",
        ">",
        ">",
        ">",
        ">",
        ">",
        ">",
        ">",
        ">",
        ">",
        ">",
        ">",
        ">",
        ">",
        ">",
        ">",
        ">",
        ">",
        ">",
        ">",
        ">",
        ">",
        ">",
        ">",
        ">",
        ">",
        ">"
      ],
      "execution_output": "70\n12\n13",
      "cerberus_output": "",
      "execution_result": "",
      "test_case_id": "1"
    },
    {
      "test_case": [
        "Test Case Input:\n5 3\n1 2 3 4\n2 3 4 5\n1 3 2 1\n4 5 3 2\n2 4 5 1\n3 2 5 4"
      ],
      "test_mutations": [
        "Test Case Input:\n5 3\n1 2 3 4\n2 3 4 5\n1 3 2 1\n4 5 3 2\n2 4 5 1\n3 2 5 4"
      ],
      "initial_code": "import java.util.*;\nimport java.io.*;\npublic class Main {\n\tstatic ArrayList<Route>[] tree;\n\tstatic Node[] nodes;\n\tpublic static void main (String[] args) throws Exception {\n\t\tBufferedReader br = new BufferedReader(new InputStreamReader(System.in));\n\t\tString[] first = br.readLine().split(\" \", 2);\n\t\tint n = Integer.parseInt(first[0]);\n\t\tint q = Integer.parseInt(first[1]);\n\t\ttree = new ArrayList[n];\n\t\tnodes = new Node[n];\n\t\tfor (int i = 0; i < n; i++) {\n\t\t\ttree[i] = new ArrayList<Route>();\n\t\t}\n\t\tfor (int i = 0; i < n - 1; i++) {\n\t\t\tString[] line = br.readLine().split(\" \", 4);\n\t\t\tint a = Integer.parseInt(line[0]) - 1;\n\t\t\tint b = Integer.parseInt(line[1]) - 1;\n\t\t\tint c = Integer.parseInt(line[2]) - 1;\n\t\t\tint d = Integer.parseInt(line[3]);\n\t\t\tRoute route = new Route(c, d, a, b);\n\t\t\ttree[a].add(route);\n\t\t\ttree[b].add(route);\n\t\t}\n\t\taddNode(0, new ArrayList<Integer>(), new int[n], new int[n], 0);\n\t\tStringBuilder sb = new StringBuilder();\n\t\tfor (int i = 0; i < q; i++) {\n\t\t\tString[] line = br.readLine().split(\" \", 4);\n\t\t\tint x = Integer.parseInt(line[0]) - 1;\n\t\t\tint y = Integer.parseInt(line[1]);\n\t\t\tint u = Integer.parseInt(line[2]) - 1;\n\t\t\tint v = Integer.parseInt(line[3]) - 1;\n\t\t\tint idx = 0;\n\t\t\twhile (idx < nodes[u].fromRoot.size() && idx < nodes[v].fromRoot.size() && nodes[u].fromRoot.get(idx).equals(nodes[v].fromRoot.get(idx))) {\n\t\t\t\tidx++;\n\t\t\t}\n\t\t\tif (idx != 0) {\n\t\t\t\tidx--;\n\t\t\t}\n\t\t\tint total = nodes[u].total - nodes[u].colorSum[x] + nodes[u].colorNum[x] * y + nodes[v].total - nodes[v].colorSum[x] + nodes[v].colorNum[x] * y;\n\t\t\ttotal -= (nodes[idx].total - nodes[idx].colorSum[x] + nodes[idx].colorNum[x] * y) * 2;\n\t\t\tsb.append(total).append(\"\\n\");\n\t\t}\n\t\tSystem.out.print(sb);\n\t}\n\tstatic void addNode(int idx, ArrayList<Integer> fromRoot, int[] colorNum, int[] colorSum, int total) {\n\t\tnodes[idx] = new Node(fromRoot, colorNum, colorSum, total);\n\t\tfor (Route r : tree[idx]) {\n\t\t\tint to;\n\t\t\tif (r.to == idx) {\n\t\t\t\tto = r.from;\n\t\t\t} else {\n\t\t\t\tto = r.to;\n\t\t\t}\n\t\t\tif (nodes[to] == null) {\n\t\t\t\tArrayList<Integer> nextList = (ArrayList<Integer>)(fromRoot.clone());\n\t\t\t\tnextList.add(idx);\n\t\t\t\tint[] nextNum = (int[])(colorNum.clone());\n\t\t\t\tnextNum[r.color]++;\n\t\t\t\tint[] nextSum = (int[])(colorSum.clone());\n\t\t\t\tnextSum[r.color] += r.dist;\n\t\t\t\taddNode(to, nextList, nextNum, nextSum, total + r.dist);\n\t\t\t}\n\t\t}\n\t}\n\tstatic class Node {\n\t\tArrayList<Integer> fromRoot;\n\t\tint[] colorNum;\n\t\tint[] colorSum;\n\t\tint total;\n\t\tpublic Node(ArrayList<Integer> fromRoot, int[] colorNum, int[] colorSum, int total) {\n\t\t\tthis.fromRoot = fromRoot;\n\t\t\tthis.colorNum = colorNum;\n\t\t\tthis.colorSum = colorSum;\n\t\t\tthis.total = total;\n\t\t}\n\t}\n\tstatic class Route {\n\t\tint color;\n\t\tint dist;\n\t\tint from;\n\t\tint to;\n\t\tpublic Route(int color, int dist, int from, int to) {\n\t\t\tthis.color = color;\n\t\t\tthis.dist = dist;\n\t\t\tthis.from = from;\n\t\t\tthis.to = to;\n\t\t}\n\t\tpublic boolean equals(Object o) {\n\t\t\tRoute another = (Route) o;\n\t\t\treturn this.color == another.color && this.dist == another.dist && ((this.from == another.from && this.to == another.to) || (this.from == another.to && this.to == another.from));\n\t\t}\n\t}\n}",
      "covered_code": "Based on the provided Java program and test case input, let's develop a plan for step by step execution and predict the code coverage.\n\n**Test Case Input:**\n```\n5 3\n1 2 3 4\n2 3 4 5\n1 3 2 1\n4 5 3 2\n2 4 5 1\n3 2 5 4\n```\n\n**PLAN for step by step execution:**\n\n1. **Import statements and class declaration**: Always executed.\n2. **Static variables declaration**: Always executed.\n3. **Main method execution**: Always executed.\n4. **Reading input**: The first line read (`5 3`) and split into `n` and `q` variables. These lines will be executed.\n5. **Initialization of `tree` and `nodes` arrays**: Executed as part of the setup before the loops.\n6. **For loop for tree construction**: This loop will iterate `n-1` times based on the number of edges in a tree (`n-1` for a tree with `n` nodes). All lines within this loop are executed as part of the tree construction.\n7. **`addNode` method call**: This recursive method builds the `nodes` array with `Node` objects, representing the tree structure from the perspective of each node. All lines within this method are executed as it builds the tree.\n8. **For loop for queries processing**: This loop iterates `q` times, processing each query. All lines within this loop are executed as it reads the queries and processes them.\n9. **Output generation**: The StringBuilder accumulates the results of the queries, and finally, the result is printed. These lines are executed.\n\n**Predicted Code Coverage:**\n\nGiven the nature of the input and the program's structure, all statements in the program are expected to be executed at least once except for the `equals` method in the `Route` class, which isn't explicitly called or required for the given input's processing. Therefore, the `equals` method's coverage is not guaranteed.\n\n- > Import statements and class declaration\n- > Static variables declaration\n- > Main method execution\n- > Reading input\n- > Initialization of `tree` and `nodes` arrays\n- > For loop for tree construction\n- > `addNode` method call and its internal operations\n- > For loop for queries processing\n- > Output generation\n- ! `Route` class' `equals` method (Depending on the JVM or program specifics, this may not be executed unless explicitly invoked, which isn't shown in the given plan)\n\n**Note:** The execution plan assumes normal program operation without runtime exceptions interrupting the flow. The exact coverage might vary based on specific Java environment behaviors not detailed in the question (e.g., optimizations or specific implementations of `ArrayList` and `BufferedReader`).",
      "test_seed_coverage": [
        ">",
        ">",
        ">",
        ">",
        ">",
        ">",
        ">",
        ">",
        ">",
        ">",
        ">",
        ">",
        ">",
        ">",
        ">",
        ">",
        ">",
        ">",
        ">",
        ">",
        ">",
        ">",
        ">",
        ">",
        ">",
        ">",
        ">",
        ">",
        ">",
        ">",
        ">",
        ">",
        ">",
        ">",
        ">",
        ">",
        ">",
        ">",
        ">",
        ">",
        ">",
        ">",
        ">",
        ">",
        ">",
        ">",
        ">",
        ">",
        ">",
        ">",
        ">",
        ">",
        ">",
        ">",
        ">",
        ">",
        ">",
        ">",
        ">",
        ">",
        ">",
        ">",
        ">",
        ">",
        ">",
        ">",
        ">",
        ">",
        ">",
        ">",
        ">",
        ">",
        ">",
        ">",
        ">",
        ">",
        ">",
        ">",
        ">",
        ">",
        ">",
        ">",
        ">",
        ">",
        ">",
        ">",
        ">",
        ">",
        ">",
        ">",
        ">",
        ">",
        ">",
        ">",
        ">"
      ],
      "cumulative_coverage": [
        ">",
        ">",
        ">",
        ">",
        ">",
        ">",
        ">",
        ">",
        ">",
        ">",
        ">",
        ">",
        ">",
        ">",
        ">",
        ">",
        ">",
        ">",
        ">",
        ">",
        ">",
        ">",
        ">",
        ">",
        ">",
        ">",
        ">",
        ">",
        ">",
        ">",
        ">",
        ">",
        ">",
        ">",
        ">",
        ">",
        ">",
        ">",
        ">",
        ">",
        ">",
        ">",
        ">",
        ">",
        ">",
        ">",
        ">",
        ">",
        ">",
        ">",
        ">",
        ">",
        ">",
        ">",
        ">",
        ">",
        ">",
        ">",
        ">",
        ">",
        ">",
        ">",
        ">",
        ">",
        ">",
        ">",
        ">",
        ">",
        ">",
        ">",
        ">",
        ">",
        ">",
        ">",
        ">",
        ">",
        ">",
        ">",
        ">",
        ">",
        ">",
        ">",
        ">",
        ">",
        ">",
        ">",
        ">",
        ">",
        ">",
        ">",
        ">",
        ">",
        ">",
        ">",
        ">"
      ],
      "execution_error": "Exception in thread \"main\" java.lang.NullPointerException: Cannot read field \"fromRoot\" because \"Main.nodes[<local10>]\" is null\n\tat Main.main(Main.java:35)",
      "cerberus_output": "",
      "execution_result": "NullPointerException",
      "test_case_id": "2"
    },
    {
      "test_case": [
        "Test Case Input:\n5 3\n1 2 0 4\n1 3 2 5\n2 4 1 3\n2 5 3 6\n1 1 2 4\n1 2 3 5\n1 3 1 3"
      ],
      "test_mutations": [
        "Test Case Input:\n5 3\n1 2 0 4\n1 3 2 5\n2 4 1 3\n2 5 3 6\n1 1 2 4\n1 2 3 5\n1 3 1 3"
      ],
      "initial_code": "import java.util.*;\nimport java.io.*;\npublic class Main {\n\tstatic ArrayList<Route>[] tree;\n\tstatic Node[] nodes;\n\tpublic static void main (String[] args) throws Exception {\n\t\tBufferedReader br = new BufferedReader(new InputStreamReader(System.in));\n\t\tString[] first = br.readLine().split(\" \", 2);\n\t\tint n = Integer.parseInt(first[0]);\n\t\tint q = Integer.parseInt(first[1]);\n\t\ttree = new ArrayList[n];\n\t\tnodes = new Node[n];\n\t\tfor (int i = 0; i < n; i++) {\n\t\t\ttree[i] = new ArrayList<Route>();\n\t\t}\n\t\tfor (int i = 0; i < n - 1; i++) {\n\t\t\tString[] line = br.readLine().split(\" \", 4);\n\t\t\tint a = Integer.parseInt(line[0]) - 1;\n\t\t\tint b = Integer.parseInt(line[1]) - 1;\n\t\t\tint c = Integer.parseInt(line[2]) - 1;\n\t\t\tint d = Integer.parseInt(line[3]);\n\t\t\tRoute route = new Route(c, d, a, b);\n\t\t\ttree[a].add(route);\n\t\t\ttree[b].add(route);\n\t\t}\n\t\taddNode(0, new ArrayList<Integer>(), new int[n], new int[n], 0);\n\t\tStringBuilder sb = new StringBuilder();\n\t\tfor (int i = 0; i < q; i++) {\n\t\t\tString[] line = br.readLine().split(\" \", 4);\n\t\t\tint x = Integer.parseInt(line[0]) - 1;\n\t\t\tint y = Integer.parseInt(line[1]);\n\t\t\tint u = Integer.parseInt(line[2]) - 1;\n\t\t\tint v = Integer.parseInt(line[3]) - 1;\n\t\t\tint idx = 0;\n\t\t\twhile (idx < nodes[u].fromRoot.size() && idx < nodes[v].fromRoot.size() && nodes[u].fromRoot.get(idx).equals(nodes[v].fromRoot.get(idx))) {\n\t\t\t\tidx++;\n\t\t\t}\n\t\t\tif (idx != 0) {\n\t\t\t\tidx--;\n\t\t\t}\n\t\t\tint total = nodes[u].total - nodes[u].colorSum[x] + nodes[u].colorNum[x] * y + nodes[v].total - nodes[v].colorSum[x] + nodes[v].colorNum[x] * y;\n\t\t\ttotal -= (nodes[idx].total - nodes[idx].colorSum[x] + nodes[idx].colorNum[x] * y) * 2;\n\t\t\tsb.append(total).append(\"\\n\");\n\t\t}\n\t\tSystem.out.print(sb);\n\t}\n\tstatic void addNode(int idx, ArrayList<Integer> fromRoot, int[] colorNum, int[] colorSum, int total) {\n\t\tnodes[idx] = new Node(fromRoot, colorNum, colorSum, total);\n\t\tfor (Route r : tree[idx]) {\n\t\t\tint to;\n\t\t\tif (r.to == idx) {\n\t\t\t\tto = r.from;\n\t\t\t} else {\n\t\t\t\tto = r.to;\n\t\t\t}\n\t\t\tif (nodes[to] == null) {\n\t\t\t\tArrayList<Integer> nextList = (ArrayList<Integer>)(fromRoot.clone());\n\t\t\t\tnextList.add(idx);\n\t\t\t\tint[] nextNum = (int[])(colorNum.clone());\n\t\t\t\tnextNum[r.color]++;\n\t\t\t\tint[] nextSum = (int[])(colorSum.clone());\n\t\t\t\tnextSum[r.color] += r.dist;\n\t\t\t\taddNode(to, nextList, nextNum, nextSum, total + r.dist);\n\t\t\t}\n\t\t}\n\t}\n\tstatic class Node {\n\t\tArrayList<Integer> fromRoot;\n\t\tint[] colorNum;\n\t\tint[] colorSum;\n\t\tint total;\n\t\tpublic Node(ArrayList<Integer> fromRoot, int[] colorNum, int[] colorSum, int total) {\n\t\t\tthis.fromRoot = fromRoot;\n\t\t\tthis.colorNum = colorNum;\n\t\t\tthis.colorSum = colorSum;\n\t\t\tthis.total = total;\n\t\t}\n\t}\n\tstatic class Route {\n\t\tint color;\n\t\tint dist;\n\t\tint from;\n\t\tint to;\n\t\tpublic Route(int color, int dist, int from, int to) {\n\t\t\tthis.color = color;\n\t\t\tthis.dist = dist;\n\t\t\tthis.from = from;\n\t\t\tthis.to = to;\n\t\t}\n\t\tpublic boolean equals(Object o) {\n\t\t\tRoute another = (Route) o;\n\t\t\treturn this.color == another.color && this.dist == another.dist && ((this.from == another.from && this.to == another.to) || (this.from == another.to && this.to == another.from));\n\t\t}\n\t}\n}",
      "covered_code": "To predict the code coverage of the given Java program based on the provided test case, we will follow a step-by-step execution plan.\n\n### Plan for Step by Step Execution:\n\n1. **Import Statements:** Always executed, so \"import java.util.*;\" and \"import java.io.*;\" will be covered.\n\n2. **Class Declarations:** Always executed. The declarations of the `Main`, `Node`, and `Route` classes are covered.\n\n3. **Main Method Declaration:** Always executed.\n\n4. **Initialization and Input Reading:** The statements for reading inputs and initializing arrays and objects are executed based on the input provided. This includes reading the first line for `n` and `q`, initializing `tree` and `nodes`, and reading the routes and queries.\n\n5. **Loop for Reading Routes:** The for loop that reads and processes the routes will be executed `n-1` times based on the input provided.\n\n6. **addNode Recursive Method:** This method is called for adding nodes and is executed at least once for the root and recursively for other nodes based on the tree structure derived from the input routes.\n\n7. **Loop for Processing Queries:** The for loop for processing queries will be executed `q` times based on the input provided.\n\n8. **StringBuilder and Output:** The StringBuilder is used to accumulate the output, which is then printed. These statements are executed.\n\n9. **Node and Route Class Constructors:** These are executed as part of object initialization throughout the program.\n\n### Code Coverage Prediction:\n\nBased on the test case input provided and the program structure, the code coverage will look like this:\n\n- **Import Statements:**\n  > import java.util.*;\n  > import java.io.*;\n\n- **Class Declarations:**\n  > public class Main {\n  > static class Node {\n  > static class Route {\n\n- **Main Method and Initializations:**\n  > public static void main (String[] args) throws Exception {\n  > BufferedReader br = new BufferedReader(new InputStreamReader(System.in));\n  > String[] first = br.readLine().split(\" \", 2);\n  > int n = Integer.parseInt(first[0]);\n  > int q = Integer.parseInt(first[1]);\n  > tree = new ArrayList[n];\n  > nodes = new Node[n];\n  > for (int i = 0; i < n; i++) {\n  > for (int i = 0; i < n - 1; i++) {\n  > addNode(0, new ArrayList<Integer>(), new int[n], new int[n], 0);\n  > StringBuilder sb = new StringBuilder();\n  > for (int i = 0; i < q; i++) {\n  > System.out.print(sb);\n\n- **addNode Method:**\n  > static void addNode(int idx, ArrayList<Integer> fromRoot, int[] colorNum, int[] colorSum, int total) {\n\n- **Node and Route Constructors:**\n  > public Node(ArrayList<Integer> fromRoot, int[] colorNum, int[] colorSum, int total) {\n  > public Route(int color, int dist, int from, int to) {\n\n- **equals Method in Route:**\n  > public boolean equals(Object o) {\n\nGiven the step-by-step plan and the execution path determined by the input, all statements related to reading inputs, processing them, and outputting results are covered. Recursive calls, loops, and condition checks within the logic are also covered based on the input structure and the flow of the program. The code coverage indicates that all significant parts of the program are executed given the provided test case.",
      "test_seed_coverage": [
        ">",
        ">",
        ">",
        ">",
        ">",
        ">",
        ">",
        ">",
        ">",
        ">",
        ">",
        ">",
        ">",
        ">",
        ">",
        ">",
        ">",
        ">",
        ">",
        ">",
        ">",
        ">",
        ">",
        ">",
        ">",
        ">",
        ">",
        ">",
        ">",
        ">",
        ">",
        ">",
        ">",
        ">",
        ">",
        ">",
        ">",
        ">",
        ">",
        ">",
        ">",
        ">",
        ">",
        ">",
        ">",
        ">",
        ">",
        ">",
        ">",
        ">",
        ">",
        ">",
        ">",
        ">",
        ">",
        ">",
        ">",
        ">",
        ">",
        ">",
        ">",
        ">",
        ">",
        ">",
        ">",
        ">",
        ">",
        ">",
        ">",
        ">",
        ">",
        ">",
        ">",
        ">",
        ">",
        ">",
        ">",
        ">",
        ">",
        ">",
        ">",
        ">",
        ">",
        ">",
        ">",
        ">",
        ">",
        ">",
        ">",
        ">",
        ">",
        ">",
        ">",
        ">",
        ">"
      ],
      "cumulative_coverage": [
        ">",
        ">",
        ">",
        ">",
        ">",
        ">",
        ">",
        ">",
        ">",
        ">",
        ">",
        ">",
        ">",
        ">",
        ">",
        ">",
        ">",
        ">",
        ">",
        ">",
        ">",
        ">",
        ">",
        ">",
        ">",
        ">",
        ">",
        ">",
        ">",
        ">",
        ">",
        ">",
        ">",
        ">",
        ">",
        ">",
        ">",
        ">",
        ">",
        ">",
        ">",
        ">",
        ">",
        ">",
        ">",
        ">",
        ">",
        ">",
        ">",
        ">",
        ">",
        ">",
        ">",
        ">",
        ">",
        ">",
        ">",
        ">",
        ">",
        ">",
        ">",
        ">",
        ">",
        ">",
        ">",
        ">",
        ">",
        ">",
        ">",
        ">",
        ">",
        ">",
        ">",
        ">",
        ">",
        ">",
        ">",
        ">",
        ">",
        ">",
        ">",
        ">",
        ">",
        ">",
        ">",
        ">",
        ">",
        ">",
        ">",
        ">",
        ">",
        ">",
        ">",
        ">",
        ">"
      ],
      "execution_error": "Exception in thread \"main\" java.lang.ArrayIndexOutOfBoundsException: Index -1 out of bounds for length 5\n\tat Main.addNode(Main.java:60)\n\tat Main.main(Main.java:26)",
      "cerberus_output": "",
      "execution_result": "ArrayIndexOutOfBoundsException",
      "test_case_id": "3"
    },
    {
      "test_case": [
        "Test Case Input:\n5 3\n1 2 1 10\n1 3 2 20\n2 4 3 30\n2 5 4 40\n1 3 2 4\n2 5 1 3\n4 5 1 2"
      ],
      "test_mutations": [
        "Test Case Input:\n5 3\n1 2 1 10\n1 3 2 20\n2 4 3 30\n2 5 4 40\n1 3 2 4\n2 5 1 3\n4 5 1 2"
      ],
      "initial_code": "import java.util.*;\nimport java.io.*;\npublic class Main {\n\tstatic ArrayList<Route>[] tree;\n\tstatic Node[] nodes;\n\tpublic static void main (String[] args) throws Exception {\n\t\tBufferedReader br = new BufferedReader(new InputStreamReader(System.in));\n\t\tString[] first = br.readLine().split(\" \", 2);\n\t\tint n = Integer.parseInt(first[0]);\n\t\tint q = Integer.parseInt(first[1]);\n\t\ttree = new ArrayList[n];\n\t\tnodes = new Node[n];\n\t\tfor (int i = 0; i < n; i++) {\n\t\t\ttree[i] = new ArrayList<Route>();\n\t\t}\n\t\tfor (int i = 0; i < n - 1; i++) {\n\t\t\tString[] line = br.readLine().split(\" \", 4);\n\t\t\tint a = Integer.parseInt(line[0]) - 1;\n\t\t\tint b = Integer.parseInt(line[1]) - 1;\n\t\t\tint c = Integer.parseInt(line[2]) - 1;\n\t\t\tint d = Integer.parseInt(line[3]);\n\t\t\tRoute route = new Route(c, d, a, b);\n\t\t\ttree[a].add(route);\n\t\t\ttree[b].add(route);\n\t\t}\n\t\taddNode(0, new ArrayList<Integer>(), new int[n], new int[n], 0);\n\t\tStringBuilder sb = new StringBuilder();\n\t\tfor (int i = 0; i < q; i++) {\n\t\t\tString[] line = br.readLine().split(\" \", 4);\n\t\t\tint x = Integer.parseInt(line[0]) - 1;\n\t\t\tint y = Integer.parseInt(line[1]);\n\t\t\tint u = Integer.parseInt(line[2]) - 1;\n\t\t\tint v = Integer.parseInt(line[3]) - 1;\n\t\t\tint idx = 0;\n\t\t\twhile (idx < nodes[u].fromRoot.size() && idx < nodes[v].fromRoot.size() && nodes[u].fromRoot.get(idx).equals(nodes[v].fromRoot.get(idx))) {\n\t\t\t\tidx++;\n\t\t\t}\n\t\t\tif (idx != 0) {\n\t\t\t\tidx--;\n\t\t\t}\n\t\t\tint total = nodes[u].total - nodes[u].colorSum[x] + nodes[u].colorNum[x] * y + nodes[v].total - nodes[v].colorSum[x] + nodes[v].colorNum[x] * y;\n\t\t\ttotal -= (nodes[idx].total - nodes[idx].colorSum[x] + nodes[idx].colorNum[x] * y) * 2;\n\t\t\tsb.append(total).append(\"\\n\");\n\t\t}\n\t\tSystem.out.print(sb);\n\t}\n\tstatic void addNode(int idx, ArrayList<Integer> fromRoot, int[] colorNum, int[] colorSum, int total) {\n\t\tnodes[idx] = new Node(fromRoot, colorNum, colorSum, total);\n\t\tfor (Route r : tree[idx]) {\n\t\t\tint to;\n\t\t\tif (r.to == idx) {\n\t\t\t\tto = r.from;\n\t\t\t} else {\n\t\t\t\tto = r.to;\n\t\t\t}\n\t\t\tif (nodes[to] == null) {\n\t\t\t\tArrayList<Integer> nextList = (ArrayList<Integer>)(fromRoot.clone());\n\t\t\t\tnextList.add(idx);\n\t\t\t\tint[] nextNum = (int[])(colorNum.clone());\n\t\t\t\tnextNum[r.color]++;\n\t\t\t\tint[] nextSum = (int[])(colorSum.clone());\n\t\t\t\tnextSum[r.color] += r.dist;\n\t\t\t\taddNode(to, nextList, nextNum, nextSum, total + r.dist);\n\t\t\t}\n\t\t}\n\t}\n\tstatic class Node {\n\t\tArrayList<Integer> fromRoot;\n\t\tint[] colorNum;\n\t\tint[] colorSum;\n\t\tint total;\n\t\tpublic Node(ArrayList<Integer> fromRoot, int[] colorNum, int[] colorSum, int total) {\n\t\t\tthis.fromRoot = fromRoot;\n\t\t\tthis.colorNum = colorNum;\n\t\t\tthis.colorSum = colorSum;\n\t\t\tthis.total = total;\n\t\t}\n\t}\n\tstatic class Route {\n\t\tint color;\n\t\tint dist;\n\t\tint from;\n\t\tint to;\n\t\tpublic Route(int color, int dist, int from, int to) {\n\t\t\tthis.color = color;\n\t\t\tthis.dist = dist;\n\t\t\tthis.from = from;\n\t\t\tthis.to = to;\n\t\t}\n\t\tpublic boolean equals(Object o) {\n\t\t\tRoute another = (Route) o;\n\t\t\treturn this.color == another.color && this.dist == another.dist && ((this.from == another.from && this.to == another.to) || (this.from == another.to && this.to == another.from));\n\t\t}\n\t}\n}",
      "covered_code": "For the provided Java program and test case input, let's follow a step-by-step execution plan to predict code coverage:\n\n1. **Import Statements**: Always executed.\n   > import java.util.*;\n   > import java.io.*;\n\n2. **Class Declaration**: Always executed.\n   > public class Main {\n\n3. **Static Variables Declaration**: Always executed.\n   > static ArrayList<Route>[] tree;\n   > static Node[] nodes;\n\n4. **Main Method Declaration**: Always executed.\n   > public static void main (String[] args) throws Exception {\n\n5. **BufferedReader and Initial Input Processing**: Always executed as it is the initial setup for reading inputs.\n   > BufferedReader br = new BufferedReader(new InputStreamReader(System.in));\n   > String[] first = br.readLine().split(\" \", 2);\n   > int n = Integer.parseInt(first[0]);\n   > int q = Integer.parseInt(first[1]);\n\n6. **Initialization of 'tree' and 'nodes' arrays**: Always executed as part of initial setup.\n   > tree = new ArrayList[n];\n   > nodes = new Node[n];\n\n7. **Populating 'tree' array**: Always executed within the loop for n-1 edges.\n   > for (int i = 0; i < n - 1; i++) {\n   > ... // Inside the loop, all statements are executed\n\n8. **addNode Method Call**: Always executed for the initial call to populate the tree.\n   > addNode(0, new ArrayList<Integer>(), new int[n], new int[n], 0);\n\n9. **Query Processing**: Always executed for q queries.\n   > for (int i = 0; i < q; i++) {\n   > ... // Inside the loop, all statements are executed\n\n10. **Output Generation**: Always executed as part of the query processing.\n    > System.out.print(sb);\n\n11. **addNode Method Declaration**: Execution depends on the recursive calls made during the tree population.\n    > static void addNode(int idx, ArrayList<Integer> fromRoot, int[] colorNum, int[] colorSum, int total) {\n\n12. **Node Class Constructor**: Executed for each new node created.\n    > public Node(ArrayList<Integer> fromRoot, int[] colorNum, int[] colorSum, int total) {\n\n13. **Route Class Constructor**: Executed for each route added between nodes.\n    > public Route(int color, int dist, int from, int to) {\n\n14. **Recursion in addNode Method**: Executed based on the structure of the input tree.\n    > for (Route r : tree[idx]) {\n\n15. **Equality Method in Route Class**: Potentially executed if comparisons between routes are made.\n    > public boolean equals(Object o) {\n\nBased on the provided test case input, all parts of the code related to the setup, tree population, and query processing are executed. No part of the code is explicitly skipped based on conditions, and there's no indication of exceptions being thrown. Therefore, the code coverage would indicate all statements within the execution path are executed:\n\n> import java.util.*;\n> import java.io.*;\n> public class Main {\n> static ArrayList<Route>[] tree;\n> static Node[] nodes;\n> public static void main (String[] args) throws Exception {\n> BufferedReader br = new BufferedReader(new InputStreamReader(System.in));\n> String[] first = br.readLine().split(\" \", 2);\n> int n = Integer.parseInt(first[0]);\n> int q = Integer.parseInt(first[1]);\n> tree = new ArrayList[n];\n> nodes = new Node[n];\n> for (int i = 0; i < n - 1; i++) {\n> ...\n> }\n> addNode(0, new ArrayList<Integer>(), new int[n], new int[n], 0);\n> StringBuilder sb = new StringBuilder();\n> for (int i = 0; i < q; i++) {\n> ...\n> }\n> System.out.print(sb);\n> }\n> static void addNode(int idx, ArrayList<Integer> fromRoot, int[] colorNum, int[] colorSum, int total) {\n> ...\n> }\n> static class Node {\n> ...\n> }\n> static class Route {\n> ...\n> }\n> public boolean equals(Object o) {\n> ...\n> }\n> }\n\nThis code coverage assessment assumes the program executes successfully without runtime errors or exceptions for the given input.",
      "test_seed_coverage": [
        ">",
        ">",
        ">",
        ">",
        ">",
        ">",
        ">",
        ">",
        ">",
        ">",
        ">",
        ">",
        ">",
        ">",
        ">",
        ">",
        ">",
        ">",
        ">",
        ">",
        ">",
        ">",
        ">",
        ">",
        ">",
        ">",
        ">",
        ">",
        ">",
        ">",
        ">",
        ">",
        ">",
        ">",
        ">",
        ">",
        ">",
        ">",
        ">",
        ">",
        ">",
        ">",
        ">",
        ">",
        ">",
        ">",
        ">",
        ">",
        ">",
        ">",
        ">",
        ">",
        ">",
        ">",
        ">",
        ">",
        ">",
        ">",
        ">",
        ">",
        ">",
        ">",
        ">",
        ">",
        ">",
        ">",
        ">",
        ">",
        ">",
        ">",
        ">",
        ">",
        ">",
        ">",
        ">",
        ">",
        ">",
        ">",
        ">",
        ">",
        ">",
        ">",
        ">",
        ">",
        ">",
        ">",
        ">",
        ">",
        ">",
        ">",
        ">",
        ">",
        ">",
        ">",
        ">"
      ],
      "cumulative_coverage": [
        ">",
        ">",
        ">",
        ">",
        ">",
        ">",
        ">",
        ">",
        ">",
        ">",
        ">",
        ">",
        ">",
        ">",
        ">",
        ">",
        ">",
        ">",
        ">",
        ">",
        ">",
        ">",
        ">",
        ">",
        ">",
        ">",
        ">",
        ">",
        ">",
        ">",
        ">",
        ">",
        ">",
        ">",
        ">",
        ">",
        ">",
        ">",
        ">",
        ">",
        ">",
        ">",
        ">",
        ">",
        ">",
        ">",
        ">",
        ">",
        ">",
        ">",
        ">",
        ">",
        ">",
        ">",
        ">",
        ">",
        ">",
        ">",
        ">",
        ">",
        ">",
        ">",
        ">",
        ">",
        ">",
        ">",
        ">",
        ">",
        ">",
        ">",
        ">",
        ">",
        ">",
        ">",
        ">",
        ">",
        ">",
        ">",
        ">",
        ">",
        ">",
        ">",
        ">",
        ">",
        ">",
        ">",
        ">",
        ">",
        ">",
        ">",
        ">",
        ">",
        ">",
        ">",
        ">"
      ],
      "execution_output": "36\n5\n10",
      "cerberus_output": "",
      "execution_result": "",
      "test_case_id": "4"
    },
    {
      "test_case": [
        "Test Case Input:\n5 3\n1 2 1 5\n2 3 2 10\n2 4 3 5\n4 5 4 7\n1 10 1 5\n2 5 2 4\n3 3 3 1"
      ],
      "test_mutations": [
        "Test Case Input:\n5 3\n1 2 1 5\n2 3 2 10\n2 4 3 5\n4 5 4 7\n1 10 1 5\n2 5 2 4\n3 3 3 1"
      ],
      "initial_code": "import java.util.*;\nimport java.io.*;\npublic class Main {\n\tstatic ArrayList<Route>[] tree;\n\tstatic Node[] nodes;\n\tpublic static void main (String[] args) throws Exception {\n\t\tBufferedReader br = new BufferedReader(new InputStreamReader(System.in));\n\t\tString[] first = br.readLine().split(\" \", 2);\n\t\tint n = Integer.parseInt(first[0]);\n\t\tint q = Integer.parseInt(first[1]);\n\t\ttree = new ArrayList[n];\n\t\tnodes = new Node[n];\n\t\tfor (int i = 0; i < n; i++) {\n\t\t\ttree[i] = new ArrayList<Route>();\n\t\t}\n\t\tfor (int i = 0; i < n - 1; i++) {\n\t\t\tString[] line = br.readLine().split(\" \", 4);\n\t\t\tint a = Integer.parseInt(line[0]) - 1;\n\t\t\tint b = Integer.parseInt(line[1]) - 1;\n\t\t\tint c = Integer.parseInt(line[2]) - 1;\n\t\t\tint d = Integer.parseInt(line[3]);\n\t\t\tRoute route = new Route(c, d, a, b);\n\t\t\ttree[a].add(route);\n\t\t\ttree[b].add(route);\n\t\t}\n\t\taddNode(0, new ArrayList<Integer>(), new int[n], new int[n], 0);\n\t\tStringBuilder sb = new StringBuilder();\n\t\tfor (int i = 0; i < q; i++) {\n\t\t\tString[] line = br.readLine().split(\" \", 4);\n\t\t\tint x = Integer.parseInt(line[0]) - 1;\n\t\t\tint y = Integer.parseInt(line[1]);\n\t\t\tint u = Integer.parseInt(line[2]) - 1;\n\t\t\tint v = Integer.parseInt(line[3]) - 1;\n\t\t\tint idx = 0;\n\t\t\twhile (idx < nodes[u].fromRoot.size() && idx < nodes[v].fromRoot.size() && nodes[u].fromRoot.get(idx).equals(nodes[v].fromRoot.get(idx))) {\n\t\t\t\tidx++;\n\t\t\t}\n\t\t\tif (idx != 0) {\n\t\t\t\tidx--;\n\t\t\t}\n\t\t\tint total = nodes[u].total - nodes[u].colorSum[x] + nodes[u].colorNum[x] * y + nodes[v].total - nodes[v].colorSum[x] + nodes[v].colorNum[x] * y;\n\t\t\ttotal -= (nodes[idx].total - nodes[idx].colorSum[x] + nodes[idx].colorNum[x] * y) * 2;\n\t\t\tsb.append(total).append(\"\\n\");\n\t\t}\n\t\tSystem.out.print(sb);\n\t}\n\tstatic void addNode(int idx, ArrayList<Integer> fromRoot, int[] colorNum, int[] colorSum, int total) {\n\t\tnodes[idx] = new Node(fromRoot, colorNum, colorSum, total);\n\t\tfor (Route r : tree[idx]) {\n\t\t\tint to;\n\t\t\tif (r.to == idx) {\n\t\t\t\tto = r.from;\n\t\t\t} else {\n\t\t\t\tto = r.to;\n\t\t\t}\n\t\t\tif (nodes[to] == null) {\n\t\t\t\tArrayList<Integer> nextList = (ArrayList<Integer>)(fromRoot.clone());\n\t\t\t\tnextList.add(idx);\n\t\t\t\tint[] nextNum = (int[])(colorNum.clone());\n\t\t\t\tnextNum[r.color]++;\n\t\t\t\tint[] nextSum = (int[])(colorSum.clone());\n\t\t\t\tnextSum[r.color] += r.dist;\n\t\t\t\taddNode(to, nextList, nextNum, nextSum, total + r.dist);\n\t\t\t}\n\t\t}\n\t}\n\tstatic class Node {\n\t\tArrayList<Integer> fromRoot;\n\t\tint[] colorNum;\n\t\tint[] colorSum;\n\t\tint total;\n\t\tpublic Node(ArrayList<Integer> fromRoot, int[] colorNum, int[] colorSum, int total) {\n\t\t\tthis.fromRoot = fromRoot;\n\t\t\tthis.colorNum = colorNum;\n\t\t\tthis.colorSum = colorSum;\n\t\t\tthis.total = total;\n\t\t}\n\t}\n\tstatic class Route {\n\t\tint color;\n\t\tint dist;\n\t\tint from;\n\t\tint to;\n\t\tpublic Route(int color, int dist, int from, int to) {\n\t\t\tthis.color = color;\n\t\t\tthis.dist = dist;\n\t\t\tthis.from = from;\n\t\t\tthis.to = to;\n\t\t}\n\t\tpublic boolean equals(Object o) {\n\t\t\tRoute another = (Route) o;\n\t\t\treturn this.color == another.color && this.dist == another.dist && ((this.from == another.from && this.to == another.to) || (this.from == another.to && this.to == another.from));\n\t\t}\n\t}\n}",
      "covered_code": "To predict the code coverage for the given Java program and test case, let's develop a step-by-step execution plan:\n\n1. Import statements: Always executed. Statement \"import java.util.*;\" and \"import java.io.*;\" will be covered.\n\n2. Class declarations (`Main`, `Node`, `Route`): Always executed because they are part of the program's structure.\n\n3. Main method declaration: Always executed. The entry point of the Java program.\n\n4. Reading input using `BufferedReader`: The statements to read from `BufferedReader` will be executed. This includes reading the initial `n` and `q` values, followed by reading the edges and queries.\n\n5. Initialization of `tree` and `nodes` arrays: These statements will be executed as part of the setup for storing the input data.\n\n6. Loop for reading and storing routes: The loop that processes each input line to store the routes will be executed `n-1` times, corresponding to the edges of the tree.\n\n7. `addNode` method call: This recursive method will be called to construct the tree and calculate the required sums and totals for each node. It will be executed starting from the root node.\n\n8. Reading queries and calculating the result: The loop to read each query and calculate the result based on the given conditions will be executed `q` times.\n\n9. Output: The StringBuilder is used to append results and finally printed. This part will be executed.\n\n10. `addNode` method: The recursive calls to `addNode` will be covered as it is essential for building the tree structure and calculating the required properties for the solution.\n\n11. `Node` and `Route` class constructors: These will be executed as instances of these classes are created during the program's execution.\n\n12. Equals method in `Route` class: It may or may not be executed depending on if any equality checks between `Route` objects are performed during the program's execution. Given the provided code and inputs, direct calls to `equals` are not evident; thus, this method's execution depends on indirect factors like usage in ArrayList methods.\n\nBased on the given plan and assuming correct input formatting and no unexpected errors, the code coverage prediction is as follows:\n\n> import java.util.*;\n> import java.io.*;\n> public class Main {\n>\tstatic ArrayList<Route>[] tree;\n>\tstatic Node[] nodes;\n>\tpublic static void main (String[] args) throws Exception {\n>\t\tBufferedReader br = new BufferedReader(new InputStreamReader(System.in));\n>\t\tString[] first = br.readLine().split(\" \", 2);\n>\t\tint n = Integer.parseInt(first[0]);\n>\t\tint q = Integer.parseInt(first[1]);\n>\t\ttree = new ArrayList[n];\n>\t\tnodes = new Node[n];\n>\t\tfor (int i = 0; i < n; i++) {\n>\t\t\ttree[i] = new ArrayList<Route>();\n>\t\t}\n>\t\tfor (int i = 0; i < n - 1; i++) {\n>\t\t\tString[] line = br.readLine().split(\" \", 4);\n>\t\t\tint a = Integer.parseInt(line[0]) - 1;\n>\t\t\tint b = Integer.parseInt(line[1]) - 1;\n>\t\t\tint c = Integer.parseInt(line[2]) - 1;\n>\t\t\tint d = Integer.parseInt(line[3]);\n>\t\t\tRoute route = new Route(c, d, a, b);\n>\t\t\ttree[a].add(route);\n>\t\t\ttree[b].add(route);\n>\t\t}\n>\t\taddNode(0, new ArrayList<Integer>(), new int[n], new int[n], 0);\n>\t\tStringBuilder sb = new StringBuilder();\n>\t\tfor (int i = 0; i < q; i++) {\n>\t\t\tString[] line = br.readLine().split(\" \", 4);\n>\t\t\tint x = Integer.parseInt(line[0]) - 1;\n>\t\t\tint y = Integer.parseInt(line[1]);\n>\t\t\tint u = Integer.parseInt(line[2]) - 1;\n>\t\t\tint v = Integer.parseInt(line[3]) - 1;\n>\t\t\tint idx = 0;\n>\t\t\twhile (idx < nodes[u].fromRoot.size() && idx < nodes[v].fromRoot.size() && nodes[u].fromRoot.get(idx).equals(nodes[v].fromRoot.get(idx))) {\n>\t\t\t\tidx++;\n>\t\t\t}\n>\t\t\tif (idx != 0) {\n>\t\t\t\tidx--;\n>\t\t\t}\n>\t\t\tint total = nodes[u].total - nodes[u].colorSum[x] + nodes[u].colorNum[x] * y + nodes[v].total - nodes[v].colorSum[x] + nodes[v].colorNum[x] * y;\n>\t\t\ttotal -= (nodes[idx].total - nodes[idx].colorSum[x] + nodes[idx].colorNum[x] * y) * 2;\n>\t\t\tsb.append(total).append(\"\\n\");\n>\t\t}\n>\t\tSystem.out.print(sb);\n>\t}\n>\tstatic void addNode(int idx, ArrayList<Integer> fromRoot, int[] colorNum, int[] colorSum, int total) {\n>\t\tnodes[idx] = new Node(fromRoot, colorNum, colorSum, total);\n>\t\tfor (Route r : tree[idx]) {\n>\t\t\tint to;\n>\t\t\tif (r.to == idx) {\n>\t\t\t\tto = r.from;\n>\t\t\t} else {\n>\t\t\t\tto = r.to;\n>\t\t\t}\n>\t\t\tif (nodes[to] == null) {\n>\t\t\t\tArrayList<Integer> nextList = (ArrayList<Integer>)(fromRoot.clone());\n>\t\t\t\tnextList.add(idx);\n>\t\t\t\tint[] nextNum = (int[])(colorNum.clone());\n>\t\t\t\tnextNum[r.color]++;\n>\t\t\t\tint[] nextSum = (int[])(colorSum.clone());\n>\t\t\t\tnextSum[r.color] += r.dist;\n>\t\t\t\taddNode(to, nextList, nextNum, nextSum, total + r.dist);\n>\t\t\t}\n>\t\t}\n>\t}\n>\tstatic class Node {\n>\t\tArrayList<Integer> fromRoot;\n>\t\tint[] colorNum;\n>\t\tint[] colorSum;\n>\t\tint total;\n>\t\tpublic Node(ArrayList<Integer> fromRoot, int[] colorNum, int[] colorSum, int total) {\n>\t\t\tthis.fromRoot = fromRoot;\n>\t\t\tthis.colorNum = colorNum;\n>\t\t\tthis.colorSum = colorSum;\n>\t\t\tthis.total = total;\n>\t\t}\n>\t}\n>\tstatic class Route {\n>\t\tint color;\n>\t\tint dist;\n>\t\tint from;\n>\t\tint to;\n>\t\tpublic Route(int color, int dist, int from, int to) {\n>\t\t\tthis.color = color;\n>\t\t\tthis.dist = dist;\n>\t\t\tthis.from = from;\n>\t\t\tthis.to = to;\n>\t\t}\n>\t\tpublic boolean equals(Object o) {\n>\t\t\tRoute another = (Route) o;\n>\t\t\treturn this.color == another.color && this.dist == another.dist && ((this.from == another.from && this.to == another.to) || (this.from == another.to && this.to == another.from));\n>\t\t}\n>\t}\n> }\n\nGiven the structure and functionality of the program with the provided inputs, all significant parts of the code are expected to be executed, except for specific error handling or conditional branches that are not triggered by the test input.",
      "test_seed_coverage": [
        ">",
        ">",
        ">",
        ">",
        ">",
        ">",
        ">",
        ">",
        ">",
        ">",
        ">",
        ">",
        ">",
        ">",
        ">",
        ">",
        ">",
        ">",
        ">",
        ">",
        ">",
        ">",
        ">",
        ">",
        ">",
        ">",
        ">",
        ">",
        ">",
        ">",
        ">",
        ">",
        ">",
        ">",
        ">",
        ">",
        ">",
        ">",
        ">",
        ">",
        ">",
        ">",
        ">",
        ">",
        ">",
        ">",
        ">",
        ">",
        ">",
        ">",
        ">",
        ">",
        ">",
        ">",
        ">",
        ">",
        ">",
        ">",
        ">",
        ">",
        ">",
        ">",
        ">",
        ">",
        ">",
        ">",
        ">",
        ">",
        ">",
        ">",
        ">",
        ">",
        ">",
        ">",
        ">",
        ">",
        ">",
        ">",
        ">",
        ">",
        ">",
        ">",
        ">",
        ">",
        ">",
        ">",
        ">",
        ">",
        ">",
        ">",
        ">",
        ">",
        ">",
        ">",
        ">"
      ],
      "cumulative_coverage": [
        ">",
        ">",
        ">",
        ">",
        ">",
        ">",
        ">",
        ">",
        ">",
        ">",
        ">",
        ">",
        ">",
        ">",
        ">",
        ">",
        ">",
        ">",
        ">",
        ">",
        ">",
        ">",
        ">",
        ">",
        ">",
        ">",
        ">",
        ">",
        ">",
        ">",
        ">",
        ">",
        ">",
        ">",
        ">",
        ">",
        ">",
        ">",
        ">",
        ">",
        ">",
        ">",
        ">",
        ">",
        ">",
        ">",
        ">",
        ">",
        ">",
        ">",
        ">",
        ">",
        ">",
        ">",
        ">",
        ">",
        ">",
        ">",
        ">",
        ">",
        ">",
        ">",
        ">",
        ">",
        ">",
        ">",
        ">",
        ">",
        ">",
        ">",
        ">",
        ">",
        ">",
        ">",
        ">",
        ">",
        ">",
        ">",
        ">",
        ">",
        ">",
        ">",
        ">",
        ">",
        ">",
        ">",
        ">",
        ">",
        ">",
        ">",
        ">",
        ">",
        ">",
        ">",
        ">"
      ],
      "execution_output": "22\n15\n15",
      "cerberus_output": "",
      "execution_result": "",
      "test_case_id": "5"
    },
    {
      "test_case": [
        "Test Case Input:\n5 3\n1 2 1 3\n2 3 2 4\n2 5 3 5\n1 1 3 5\n2 3 4 5"
      ],
      "test_mutations": [
        "Test Case Input:\n5 3\n1 2 1 3\n2 3 2 4\n2 5 3 5\n1 1 3 5\n2 3 4 5"
      ],
      "initial_code": "import java.util.*;\nimport java.io.*;\npublic class Main {\n\tstatic ArrayList<Route>[] tree;\n\tstatic Node[] nodes;\n\tpublic static void main (String[] args) throws Exception {\n\t\tBufferedReader br = new BufferedReader(new InputStreamReader(System.in));\n\t\tString[] first = br.readLine().split(\" \", 2);\n\t\tint n = Integer.parseInt(first[0]);\n\t\tint q = Integer.parseInt(first[1]);\n\t\ttree = new ArrayList[n];\n\t\tnodes = new Node[n];\n\t\tfor (int i = 0; i < n; i++) {\n\t\t\ttree[i] = new ArrayList<Route>();\n\t\t}\n\t\tfor (int i = 0; i < n - 1; i++) {\n\t\t\tString[] line = br.readLine().split(\" \", 4);\n\t\t\tint a = Integer.parseInt(line[0]) - 1;\n\t\t\tint b = Integer.parseInt(line[1]) - 1;\n\t\t\tint c = Integer.parseInt(line[2]) - 1;\n\t\t\tint d = Integer.parseInt(line[3]);\n\t\t\tRoute route = new Route(c, d, a, b);\n\t\t\ttree[a].add(route);\n\t\t\ttree[b].add(route);\n\t\t}\n\t\taddNode(0, new ArrayList<Integer>(), new int[n], new int[n], 0);\n\t\tStringBuilder sb = new StringBuilder();\n\t\tfor (int i = 0; i < q; i++) {\n\t\t\tString[] line = br.readLine().split(\" \", 4);\n\t\t\tint x = Integer.parseInt(line[0]) - 1;\n\t\t\tint y = Integer.parseInt(line[1]);\n\t\t\tint u = Integer.parseInt(line[2]) - 1;\n\t\t\tint v = Integer.parseInt(line[3]) - 1;\n\t\t\tint idx = 0;\n\t\t\twhile (idx < nodes[u].fromRoot.size() && idx < nodes[v].fromRoot.size() && nodes[u].fromRoot.get(idx).equals(nodes[v].fromRoot.get(idx))) {\n\t\t\t\tidx++;\n\t\t\t}\n\t\t\tif (idx != 0) {\n\t\t\t\tidx--;\n\t\t\t}\n\t\t\tint total = nodes[u].total - nodes[u].colorSum[x] + nodes[u].colorNum[x] * y + nodes[v].total - nodes[v].colorSum[x] + nodes[v].colorNum[x] * y;\n\t\t\ttotal -= (nodes[idx].total - nodes[idx].colorSum[x] + nodes[idx].colorNum[x] * y) * 2;\n\t\t\tsb.append(total).append(\"\\n\");\n\t\t}\n\t\tSystem.out.print(sb);\n\t}\n\tstatic void addNode(int idx, ArrayList<Integer> fromRoot, int[] colorNum, int[] colorSum, int total) {\n\t\tnodes[idx] = new Node(fromRoot, colorNum, colorSum, total);\n\t\tfor (Route r : tree[idx]) {\n\t\t\tint to;\n\t\t\tif (r.to == idx) {\n\t\t\t\tto = r.from;\n\t\t\t} else {\n\t\t\t\tto = r.to;\n\t\t\t}\n\t\t\tif (nodes[to] == null) {\n\t\t\t\tArrayList<Integer> nextList = (ArrayList<Integer>)(fromRoot.clone());\n\t\t\t\tnextList.add(idx);\n\t\t\t\tint[] nextNum = (int[])(colorNum.clone());\n\t\t\t\tnextNum[r.color]++;\n\t\t\t\tint[] nextSum = (int[])(colorSum.clone());\n\t\t\t\tnextSum[r.color] += r.dist;\n\t\t\t\taddNode(to, nextList, nextNum, nextSum, total + r.dist);\n\t\t\t}\n\t\t}\n\t}\n\tstatic class Node {\n\t\tArrayList<Integer> fromRoot;\n\t\tint[] colorNum;\n\t\tint[] colorSum;\n\t\tint total;\n\t\tpublic Node(ArrayList<Integer> fromRoot, int[] colorNum, int[] colorSum, int total) {\n\t\t\tthis.fromRoot = fromRoot;\n\t\t\tthis.colorNum = colorNum;\n\t\t\tthis.colorSum = colorSum;\n\t\t\tthis.total = total;\n\t\t}\n\t}\n\tstatic class Route {\n\t\tint color;\n\t\tint dist;\n\t\tint from;\n\t\tint to;\n\t\tpublic Route(int color, int dist, int from, int to) {\n\t\t\tthis.color = color;\n\t\t\tthis.dist = dist;\n\t\t\tthis.from = from;\n\t\t\tthis.to = to;\n\t\t}\n\t\tpublic boolean equals(Object o) {\n\t\t\tRoute another = (Route) o;\n\t\t\treturn this.color == another.color && this.dist == another.dist && ((this.from == another.from && this.to == another.to) || (this.from == another.to && this.to == another.from));\n\t\t}\n\t}\n}",
      "covered_code": "Given the structure and behavior of the Java program along with the provided test case input, we can anticipate the execution flow and determine code coverage. The test case input is as follows:\n\n```\n5 3\n1 2 1 3\n2 3 2 4\n2 5 3 5\n1 1 3 5\n2 3 4 5\n```\n\nLet's break down the plan for step-by-step execution and predict the code coverage:\n\n1. **Import statements**: These are always executed. Hence, `import java.util.*;` and `import java.io.*;` are covered.\n\n2. **Class and Static Variable Declarations**: The declaration of the `Main` class, `tree`, and `nodes` is always executed.\n\n3. **Main method execution**:\n    - The BufferedReader and reading the initial line for `n` and `q` are executed.\n    - Initialization of `tree` and `nodes` arrays with their respective sizes and types is executed.\n\n4. **First for loop for tree initialization**:\n    - This loop reads the edges (`n-1` times) and initializes the `tree` array with routes. Since `n` is 5, it will execute 4 times as expected.\n\n5. **addNode recursive method**:\n    - This method is called once outside the loops to start filling the `nodes` array. It will recursively visit each node starting from 0, initializing `Node` objects and their properties based on the routes. Given the structure of the input and the recursive nature, this method should fully execute, covering all lines within.\n\n6. **Second for loop for queries**:\n    - Reads and processes `q` queries. With `q` being 3, it will execute three times, processing each query based on the given inputs and the previously built tree structure and nodes information.\n\n7. **StringBuilder and final output**:\n    - The StringBuilder accumulates the results of the queries, and finally, the output is printed. This part will be fully covered as part of the execution.\n\nPredicted Code Coverage:\n\n- Import statements and class declaration: **executed**.\n- Initialization of BufferedReader, reading initial inputs, and array initializations: **executed**.\n- First for loop for initializing the `tree` array with routes: **executed**.\n- The `addNode` method, including all its lines and recursive calls: **executed**.\n- Second for loop for processing queries and manipulating results based on `nodes` array: **executed**.\n- StringBuilder operations and final print statement: **executed**.\n\nGiven the input and the structure of the program, all the lines of code in the provided Java program are expected to be executed. Thus, the predicted code coverage for this Java program, according to the provided test case input and the plan, is that all executable statements are covered (`>` symbol indicates executed lines):\n\n```\n> import java.util.*;\n> import java.io.*;\n> public class Main {\n>     static ArrayList<Route>[] tree;\n>     static Node[] nodes;\n>     public static void main (String[] args) throws Exception {\n>         BufferedReader br = new BufferedReader(new InputStreamReader(System.in));\n>         String[] first = br.readLine().split(\" \", 2);\n>         int n = Integer.parseInt(first[0]);\n>         int q = Integer.parseInt(first[1]);\n>         tree = new ArrayList[n];\n>         nodes = new Node[n];\n>         for (int i = 0; i < n; i++) {\n>             tree[i] = new ArrayList<Route>();\n>         }\n>         for (int i = 0; i < n - 1; i++) {\n>             String[] line = br.readLine().split(\" \", 4);\n>             int a = Integer.parseInt(line[0]) - 1;\n>             int b = Integer.parseInt(line[1]) - 1;\n>             int c = Integer.parseInt(line[2]) - 1;\n>             int d = Integer.parseInt(line[3]);\n>             Route route = new Route(c, d, a, b);\n>             tree[a].add(route);\n>             tree[b].add(route);\n>         }\n>         addNode(0, new ArrayList<Integer>(), new int[n], new int[n], 0);\n>         StringBuilder sb = new StringBuilder();\n>         for (int i = 0; i < q; i++) {\n>             String[] line = br.readLine().split(\" \", 4);\n>             int x = Integer.parseInt(line[0]) - 1;\n>             int y = Integer.parseInt(line[1]);\n>             int u = Integer.parseInt(line[2]) - 1;\n>             int v = Integer.parseInt(line[3]) - 1;\n>             int idx = 0;\n>             while (idx < nodes[u].fromRoot.size() && idx < nodes[v].fromRoot.size() && nodes[u].fromRoot.get(idx).equals(nodes[v].fromRoot.get(idx))) {\n>                 idx++;\n>             }\n>             if (idx != 0) {\n>                 idx--;\n>             }\n>             int total = nodes[u].total - nodes[u].colorSum[x] + nodes[u].colorNum[x] * y + nodes[v].total - nodes[v].colorSum[x] + nodes[v].colorNum[x] * y;\n>             total -= (nodes[idx].total - nodes[idx].colorSum[x] + nodes[idx].colorNum[x] * y) * 2;\n>             sb.append(total).append(\"\\n\");\n>         }\n>         System.out.print(sb);\n>     }\n>     static void addNode(int idx, ArrayList<Integer> fromRoot, int[] colorNum, int[] colorSum, int total) {\n>         nodes[idx] = new Node(fromRoot, colorNum, colorSum, total);\n>         for (Route r : tree[idx]) {\n>             int to;\n>             if (r.to == idx) {\n>                 to = r.from;\n>             } else {\n>                 to = r.to;\n>             }\n>             if (nodes[to] == null) {\n>                 ArrayList<Integer> nextList = (ArrayList<Integer>)(fromRoot.clone());\n>                 nextList.add(idx);\n>                 int[] nextNum = (int[])(colorNum.clone());\n>                 nextNum[r.color]++;\n>                 int[] nextSum = (int[])(colorSum.clone());\n>                 nextSum[r.color] += r.dist;\n>                 addNode(to, nextList, nextNum, nextSum, total + r.dist);\n>             }\n>         }\n>     }\n>     static class Node {\n>         ArrayList<Integer> fromRoot;\n>         int[] colorNum;\n>         int[] colorSum;\n>         int total;\n>         public Node(ArrayList<Integer> fromRoot, int[] colorNum, int[] colorSum, int total) {\n>             this.fromRoot = fromRoot;\n>             this.colorNum = colorNum;\n>             this.colorSum = colorSum;\n>             this.total = total;\n>         }\n>     }\n>     static class Route {\n>         int color;\n>         int dist;\n>         int from;\n>         int to;\n>         public Route(int color, int dist, int from, int to) {\n>             this.color = color;\n>             this.dist = dist;\n>             this.from = from;\n>             this.to = to;\n>         }\n>         public boolean equals(Object o) {\n>             Route another = (Route) o;\n>             return this.color == another.color && this.dist == another.dist && ((this.from == another.from && this.to == another.to) || (this.from == another.to && this.to == another.from));\n>         }\n>     }\n> }\n```",
      "test_seed_coverage": [
        ">",
        ">",
        ">",
        ">",
        ">",
        ">",
        ">",
        ">",
        ">",
        ">",
        ">",
        ">",
        ">",
        ">",
        ">",
        ">",
        ">",
        ">",
        ">",
        ">",
        ">",
        ">",
        ">",
        ">",
        ">",
        ">",
        ">",
        ">",
        ">",
        ">",
        ">",
        ">",
        ">",
        ">",
        ">",
        ">",
        ">",
        ">",
        ">",
        ">",
        ">",
        ">",
        ">",
        ">",
        ">",
        ">",
        ">",
        ">",
        ">",
        ">",
        ">",
        ">",
        ">",
        ">",
        ">",
        ">",
        ">",
        ">",
        ">",
        ">",
        ">",
        ">",
        ">",
        ">",
        ">",
        ">",
        ">",
        ">",
        ">",
        ">",
        ">",
        ">",
        ">",
        ">",
        ">",
        ">",
        ">",
        ">",
        ">",
        ">",
        ">",
        ">",
        ">",
        ">",
        ">",
        ">",
        ">",
        ">",
        ">",
        ">",
        ">",
        ">",
        ">",
        ">",
        ">"
      ],
      "cumulative_coverage": [
        ">",
        ">",
        ">",
        ">",
        ">",
        ">",
        ">",
        ">",
        ">",
        ">",
        ">",
        ">",
        ">",
        ">",
        ">",
        ">",
        ">",
        ">",
        ">",
        ">",
        ">",
        ">",
        ">",
        ">",
        ">",
        ">",
        ">",
        ">",
        ">",
        ">",
        ">",
        ">",
        ">",
        ">",
        ">",
        ">",
        ">",
        ">",
        ">",
        ">",
        ">",
        ">",
        ">",
        ">",
        ">",
        ">",
        ">",
        ">",
        ">",
        ">",
        ">",
        ">",
        ">",
        ">",
        ">",
        ">",
        ">",
        ">",
        ">",
        ">",
        ">",
        ">",
        ">",
        ">",
        ">",
        ">",
        ">",
        ">",
        ">",
        ">",
        ">",
        ">",
        ">",
        ">",
        ">",
        ">",
        ">",
        ">",
        ">",
        ">",
        ">",
        ">",
        ">",
        ">",
        ">",
        ">",
        ">",
        ">",
        ">",
        ">",
        ">",
        ">",
        ">",
        ">",
        ">"
      ],
      "execution_error": "Exception in thread \"main\" java.lang.NullPointerException: Cannot read field \"fromRoot\" because \"Main.nodes[<local10>]\" is null\n\tat Main.main(Main.java:35)",
      "cerberus_output": "",
      "execution_result": "NullPointerException",
      "test_case_id": "6"
    },
    {
      "test_case": [
        "Test Case Input:\n5 3\n1 2 0 1\n2 3 1 2\n3 4 2 3\n4 5 3 4\n1 1 4 5\n1 1 2 3\n2 2 4 5"
      ],
      "test_mutations": [
        "Test Case Input:\n5 3\n1 2 0 1\n2 3 1 2\n3 4 2 3\n4 5 3 4\n1 1 4 5\n1 1 2 3\n2 2 4 5"
      ],
      "initial_code": "import java.util.*;\nimport java.io.*;\npublic class Main {\n\tstatic ArrayList<Route>[] tree;\n\tstatic Node[] nodes;\n\tpublic static void main (String[] args) throws Exception {\n\t\tBufferedReader br = new BufferedReader(new InputStreamReader(System.in));\n\t\tString[] first = br.readLine().split(\" \", 2);\n\t\tint n = Integer.parseInt(first[0]);\n\t\tint q = Integer.parseInt(first[1]);\n\t\ttree = new ArrayList[n];\n\t\tnodes = new Node[n];\n\t\tfor (int i = 0; i < n; i++) {\n\t\t\ttree[i] = new ArrayList<Route>();\n\t\t}\n\t\tfor (int i = 0; i < n - 1; i++) {\n\t\t\tString[] line = br.readLine().split(\" \", 4);\n\t\t\tint a = Integer.parseInt(line[0]) - 1;\n\t\t\tint b = Integer.parseInt(line[1]) - 1;\n\t\t\tint c = Integer.parseInt(line[2]) - 1;\n\t\t\tint d = Integer.parseInt(line[3]);\n\t\t\tRoute route = new Route(c, d, a, b);\n\t\t\ttree[a].add(route);\n\t\t\ttree[b].add(route);\n\t\t}\n\t\taddNode(0, new ArrayList<Integer>(), new int[n], new int[n], 0);\n\t\tStringBuilder sb = new StringBuilder();\n\t\tfor (int i = 0; i < q; i++) {\n\t\t\tString[] line = br.readLine().split(\" \", 4);\n\t\t\tint x = Integer.parseInt(line[0]) - 1;\n\t\t\tint y = Integer.parseInt(line[1]);\n\t\t\tint u = Integer.parseInt(line[2]) - 1;\n\t\t\tint v = Integer.parseInt(line[3]) - 1;\n\t\t\tint idx = 0;\n\t\t\twhile (idx < nodes[u].fromRoot.size() && idx < nodes[v].fromRoot.size() && nodes[u].fromRoot.get(idx).equals(nodes[v].fromRoot.get(idx))) {\n\t\t\t\tidx++;\n\t\t\t}\n\t\t\tif (idx != 0) {\n\t\t\t\tidx--;\n\t\t\t}\n\t\t\tint total = nodes[u].total - nodes[u].colorSum[x] + nodes[u].colorNum[x] * y + nodes[v].total - nodes[v].colorSum[x] + nodes[v].colorNum[x] * y;\n\t\t\ttotal -= (nodes[idx].total - nodes[idx].colorSum[x] + nodes[idx].colorNum[x] * y) * 2;\n\t\t\tsb.append(total).append(\"\\n\");\n\t\t}\n\t\tSystem.out.print(sb);\n\t}\n\tstatic void addNode(int idx, ArrayList<Integer> fromRoot, int[] colorNum, int[] colorSum, int total) {\n\t\tnodes[idx] = new Node(fromRoot, colorNum, colorSum, total);\n\t\tfor (Route r : tree[idx]) {\n\t\t\tint to;\n\t\t\tif (r.to == idx) {\n\t\t\t\tto = r.from;\n\t\t\t} else {\n\t\t\t\tto = r.to;\n\t\t\t}\n\t\t\tif (nodes[to] == null) {\n\t\t\t\tArrayList<Integer> nextList = (ArrayList<Integer>)(fromRoot.clone());\n\t\t\t\tnextList.add(idx);\n\t\t\t\tint[] nextNum = (int[])(colorNum.clone());\n\t\t\t\tnextNum[r.color]++;\n\t\t\t\tint[] nextSum = (int[])(colorSum.clone());\n\t\t\t\tnextSum[r.color] += r.dist;\n\t\t\t\taddNode(to, nextList, nextNum, nextSum, total + r.dist);\n\t\t\t}\n\t\t}\n\t}\n\tstatic class Node {\n\t\tArrayList<Integer> fromRoot;\n\t\tint[] colorNum;\n\t\tint[] colorSum;\n\t\tint total;\n\t\tpublic Node(ArrayList<Integer> fromRoot, int[] colorNum, int[] colorSum, int total) {\n\t\t\tthis.fromRoot = fromRoot;\n\t\t\tthis.colorNum = colorNum;\n\t\t\tthis.colorSum = colorSum;\n\t\t\tthis.total = total;\n\t\t}\n\t}\n\tstatic class Route {\n\t\tint color;\n\t\tint dist;\n\t\tint from;\n\t\tint to;\n\t\tpublic Route(int color, int dist, int from, int to) {\n\t\t\tthis.color = color;\n\t\t\tthis.dist = dist;\n\t\t\tthis.from = from;\n\t\t\tthis.to = to;\n\t\t}\n\t\tpublic boolean equals(Object o) {\n\t\t\tRoute another = (Route) o;\n\t\t\treturn this.color == another.color && this.dist == another.dist && ((this.from == another.from && this.to == another.to) || (this.from == another.to && this.to == another.from));\n\t\t}\n\t}\n}",
      "covered_code": "Developing a plan for step-by-step execution of the given Java program with the associated test case, and predicting the code coverage accordingly.\n\n**Plan for Execution and Code Coverage:**\n\n1. **Import Statements:** \n   - Import statements for `java.util.*` and `java.io.*` are always executed. So, these lines are covered.\n\n2. **Class Declaration:**\n   - The class declaration `public class Main {` is always executed. Covered.\n\n3. **Static Variables Declaration:**\n   - Static variables `tree` and `nodes` are declared at the class level. Their declaration is covered, but initialization happens inside the `main` method.\n\n4. **Main Method Declaration:**\n   - The `main` method declaration is always executed. Covered.\n\n5. **BufferedReader and InputStreamReader Setup:**\n   - Initialization of `BufferedReader` and `InputStreamReader` for reading input is covered because it's part of the `main` method and necessary for the program's execution.\n\n6. **Reading and Parsing First Line of Input:**\n   - The program reads the first line and splits it to get `n` and `q`. This step is executed and covered.\n\n7. **Initialization of `tree` and `nodes`:**\n   - Both arrays are initialized based on the value of `n`. These lines are executed and covered.\n\n8. **Loop for Reading Edge Information:**\n   - The loop that reads and processes the edge information (`n-1` times) is executed and covered.\n\n9. **Adding Nodes with `addNode` Method:**\n   - The method `addNode` is called to populate the `nodes` array. This recursive method and all its statements are executed as it constructs the tree and calculates values for each node. Therefore, covered.\n\n10. **Loop for Queries:**\n    - The loop that processes `q` queries is executed. It reads input, performs calculations, and appends results to `StringBuilder`. Thus, this part is covered.\n\n11. **Output:**\n    - The final output using `System.out.print(sb);` is executed to display the results of all queries. Covered.\n\n12. **`addNode` Method:**\n    - This recursive method is fully executed as it is essential for setting up the nodes for queries. All statements within this method are covered.\n\n13. **Node and Route Class Constructors:**\n    - The constructors for `Node` and `Route` classes are executed whenever a new instance is created. Covered.\n\n14. **Utility Methods:**\n    - Any utility method or overridden method like `equals` in the `Route` class is covered if it's invoked during the execution. Given the nature of the problem, it's likely covered due to the comparison of `Route` objects during tree construction.\n\n**Code Coverage Summary:**\nBased on the provided test case and the execution plan, all parts of the program are executed because each step is necessary for reading inputs, constructing the tree, processing queries, and outputting the results. Therefore, all executable statements in the provided code snippet are marked as executed (`>`), indicating high code coverage for this particular test case.\n\n```\n> Import statements\n> Class declaration\n> Main method declaration\n> BufferedReader and InputStreamReader setup\n> Reading and parsing first line of input\n> Initialization of `tree` and `nodes`\n> Loop for reading edge information\n> Adding nodes with `addNode` method\n> Loop for queries\n> Output\n> `addNode` Method\n> Node and Route class constructors\n> Utility methods\n```\n\nThis comprehensive execution plan assumes the test case input directly correlates to the program's expected input format, and all parts of the program are necessary for its complete execution, resulting in high code coverage.",
      "test_seed_coverage": [
        ">",
        ">",
        ">",
        ">",
        ">",
        ">",
        ">",
        ">",
        ">",
        ">",
        ">",
        ">",
        ">",
        ">",
        ">",
        ">",
        ">",
        ">",
        ">",
        ">",
        ">",
        ">",
        ">",
        ">",
        ">",
        ">",
        ">",
        ">",
        ">",
        ">",
        ">",
        ">",
        ">",
        ">",
        ">",
        ">",
        ">",
        ">",
        ">",
        ">",
        ">",
        ">",
        ">",
        ">",
        ">",
        ">",
        ">",
        ">",
        ">",
        ">",
        ">",
        ">",
        ">",
        ">",
        ">",
        ">",
        ">",
        ">",
        ">",
        ">",
        ">",
        ">",
        ">",
        ">",
        ">",
        ">",
        ">",
        ">",
        ">",
        ">",
        ">",
        ">",
        ">",
        ">",
        ">",
        ">",
        ">",
        ">",
        ">",
        ">",
        ">",
        ">",
        ">",
        ">",
        ">",
        ">",
        ">",
        ">",
        ">",
        ">",
        ">",
        ">",
        ">",
        ">",
        ">"
      ],
      "cumulative_coverage": [
        ">",
        ">",
        ">",
        ">",
        ">",
        ">",
        ">",
        ">",
        ">",
        ">",
        ">",
        ">",
        ">",
        ">",
        ">",
        ">",
        ">",
        ">",
        ">",
        ">",
        ">",
        ">",
        ">",
        ">",
        ">",
        ">",
        ">",
        ">",
        ">",
        ">",
        ">",
        ">",
        ">",
        ">",
        ">",
        ">",
        ">",
        ">",
        ">",
        ">",
        ">",
        ">",
        ">",
        ">",
        ">",
        ">",
        ">",
        ">",
        ">",
        ">",
        ">",
        ">",
        ">",
        ">",
        ">",
        ">",
        ">",
        ">",
        ">",
        ">",
        ">",
        ">",
        ">",
        ">",
        ">",
        ">",
        ">",
        ">",
        ">",
        ">",
        ">",
        ">",
        ">",
        ">",
        ">",
        ">",
        ">",
        ">",
        ">",
        ">",
        ">",
        ">",
        ">",
        ">",
        ">",
        ">",
        ">",
        ">",
        ">",
        ">",
        ">",
        ">",
        ">",
        ">",
        ">"
      ],
      "execution_error": "Exception in thread \"main\" java.lang.ArrayIndexOutOfBoundsException: Index -1 out of bounds for length 5\n\tat Main.addNode(Main.java:60)\n\tat Main.main(Main.java:26)",
      "cerberus_output": "",
      "execution_result": "ArrayIndexOutOfBoundsException",
      "test_case_id": "7"
    },
    {
      "test_case": [
        "Test Case Input:\n5 3\n1 2 3 4\n2 3 4 5\n3 4 5 6\n4 5 6 7\n5 6 7 8\n1 2 3 4\n2 3 4 5\n3 4 5 6"
      ],
      "test_mutations": [
        "Test Case Input:\n5 3\n1 2 3 4\n2 3 4 5\n3 4 5 6\n4 5 6 7\n5 6 7 8\n1 2 3 4\n2 3 4 5\n3 4 5 6"
      ],
      "initial_code": "import java.util.*;\nimport java.io.*;\npublic class Main {\n\tstatic ArrayList<Route>[] tree;\n\tstatic Node[] nodes;\n\tpublic static void main (String[] args) throws Exception {\n\t\tBufferedReader br = new BufferedReader(new InputStreamReader(System.in));\n\t\tString[] first = br.readLine().split(\" \", 2);\n\t\tint n = Integer.parseInt(first[0]);\n\t\tint q = Integer.parseInt(first[1]);\n\t\ttree = new ArrayList[n];\n\t\tnodes = new Node[n];\n\t\tfor (int i = 0; i < n; i++) {\n\t\t\ttree[i] = new ArrayList<Route>();\n\t\t}\n\t\tfor (int i = 0; i < n - 1; i++) {\n\t\t\tString[] line = br.readLine().split(\" \", 4);\n\t\t\tint a = Integer.parseInt(line[0]) - 1;\n\t\t\tint b = Integer.parseInt(line[1]) - 1;\n\t\t\tint c = Integer.parseInt(line[2]) - 1;\n\t\t\tint d = Integer.parseInt(line[3]);\n\t\t\tRoute route = new Route(c, d, a, b);\n\t\t\ttree[a].add(route);\n\t\t\ttree[b].add(route);\n\t\t}\n\t\taddNode(0, new ArrayList<Integer>(), new int[n], new int[n], 0);\n\t\tStringBuilder sb = new StringBuilder();\n\t\tfor (int i = 0; i < q; i++) {\n\t\t\tString[] line = br.readLine().split(\" \", 4);\n\t\t\tint x = Integer.parseInt(line[0]) - 1;\n\t\t\tint y = Integer.parseInt(line[1]);\n\t\t\tint u = Integer.parseInt(line[2]) - 1;\n\t\t\tint v = Integer.parseInt(line[3]) - 1;\n\t\t\tint idx = 0;\n\t\t\twhile (idx < nodes[u].fromRoot.size() && idx < nodes[v].fromRoot.size() && nodes[u].fromRoot.get(idx).equals(nodes[v].fromRoot.get(idx))) {\n\t\t\t\tidx++;\n\t\t\t}\n\t\t\tif (idx != 0) {\n\t\t\t\tidx--;\n\t\t\t}\n\t\t\tint total = nodes[u].total - nodes[u].colorSum[x] + nodes[u].colorNum[x] * y + nodes[v].total - nodes[v].colorSum[x] + nodes[v].colorNum[x] * y;\n\t\t\ttotal -= (nodes[idx].total - nodes[idx].colorSum[x] + nodes[idx].colorNum[x] * y) * 2;\n\t\t\tsb.append(total).append(\"\\n\");\n\t\t}\n\t\tSystem.out.print(sb);\n\t}\n\tstatic void addNode(int idx, ArrayList<Integer> fromRoot, int[] colorNum, int[] colorSum, int total) {\n\t\tnodes[idx] = new Node(fromRoot, colorNum, colorSum, total);\n\t\tfor (Route r : tree[idx]) {\n\t\t\tint to;\n\t\t\tif (r.to == idx) {\n\t\t\t\tto = r.from;\n\t\t\t} else {\n\t\t\t\tto = r.to;\n\t\t\t}\n\t\t\tif (nodes[to] == null) {\n\t\t\t\tArrayList<Integer> nextList = (ArrayList<Integer>)(fromRoot.clone());\n\t\t\t\tnextList.add(idx);\n\t\t\t\tint[] nextNum = (int[])(colorNum.clone());\n\t\t\t\tnextNum[r.color]++;\n\t\t\t\tint[] nextSum = (int[])(colorSum.clone());\n\t\t\t\tnextSum[r.color] += r.dist;\n\t\t\t\taddNode(to, nextList, nextNum, nextSum, total + r.dist);\n\t\t\t}\n\t\t}\n\t}\n\tstatic class Node {\n\t\tArrayList<Integer> fromRoot;\n\t\tint[] colorNum;\n\t\tint[] colorSum;\n\t\tint total;\n\t\tpublic Node(ArrayList<Integer> fromRoot, int[] colorNum, int[] colorSum, int total) {\n\t\t\tthis.fromRoot = fromRoot;\n\t\t\tthis.colorNum = colorNum;\n\t\t\tthis.colorSum = colorSum;\n\t\t\tthis.total = total;\n\t\t}\n\t}\n\tstatic class Route {\n\t\tint color;\n\t\tint dist;\n\t\tint from;\n\t\tint to;\n\t\tpublic Route(int color, int dist, int from, int to) {\n\t\t\tthis.color = color;\n\t\t\tthis.dist = dist;\n\t\t\tthis.from = from;\n\t\t\tthis.to = to;\n\t\t}\n\t\tpublic boolean equals(Object o) {\n\t\t\tRoute another = (Route) o;\n\t\t\treturn this.color == another.color && this.dist == another.dist && ((this.from == another.from && this.to == another.to) || (this.from == another.to && this.to == another.from));\n\t\t}\n\t}\n}",
      "covered_code": "For the given Java program and test case input, let's develop a plan for step-by-step execution to predict the code coverage. The test case input provides the values for `n` (number of nodes) and `q` (number of queries), followed by `n-1` lines describing the routes between nodes, and then `q` lines for the queries. Given the complexity and the dynamic nature of inputs through `BufferedReader`, the coverage analysis assumes input handling works as expected and focuses on which parts of the code would execute based on the provided input and logical flow. \n\n**Plan for Step by Step Execution and Code Coverage Prediction:**\n\n1. **Import Statements:** Executed since they're necessary for compilation.\n   > import java.util.*;\n   > import java.io.*;\n\n2. **Class and Static Variable Declarations:** Always executed as part of class loading.\n   > public class Main {\n   > static ArrayList<Route>[] tree;\n   > static Node[] nodes;\n\n3. **Main Method Execution:** It's the entry point of the program, always executed.\n   > public static void main (String[] args) throws Exception {\n\n4. **BufferedReader and Initial Input Processing:** These lines are executed to read and process the initial input defining `n` and `q`.\n   > BufferedReader br = new BufferedReader(new InputStreamReader(System.in));\n   > String[] first = br.readLine().split(\" \", 2);\n   > int n = Integer.parseInt(first[0]);\n   > int q = Integer.parseInt(first[1]);\n\n5. **Initialization of `tree` and `nodes` Arrays:** The loops for initializing these arrays are always executed based on `n`.\n   > tree = new ArrayList[n];\n   > nodes = new Node[n];\n   > for (int i = 0; i < n; i++) {\n   > for (int i = 0; i < n - 1; i++) {\n\n6. **Populating the `tree` with Routes:** The loop reading routes and populating `tree` executes based on `n-1`.\n   > String[] line = br.readLine().split(\" \", 4);\n\n7. **`addNode` Method Execution:** This recursive method is called to build the tree structure. Its execution depends on the structure of the tree which is determined by the input.\n   > static void addNode(int idx, ArrayList<Integer> fromRoot, int[] colorNum, int[] colorSum, int total) {\n\n8. **Processing Queries:** The loop processing queries executes based on `q`.\n   > for (int i = 0; i < q; i++) {\n\n9. **Building and Printing Query Results:** This part of the code computes and prints the results for each query. It is executed for each query.\n   > StringBuilder sb = new StringBuilder();\n   > sb.append(total).append(\"\\n\");\n   > System.out.print(sb);\n\n10. **Node and Route Class Constructors:** Executed when instances of these classes are created during the program execution.\n    > public Node(ArrayList<Integer> fromRoot, int[] colorNum, int[] colorSum, int total) {\n    > public Route(int color, int dist, int from, int to) {\n\n11. **Route Class `equals` Method:** This method might be executed if it's used in comparisons, which depends on Java's internal handling of `ArrayList` operations involving `Route` objects.\n    > public boolean equals(Object o) {\n\n**Predicted Code Coverage Based on the Plan:**\n\nGiven the input, all portions of the program that directly handle the input and perform computations based on it will be executed. Dynamic parts, such as those within loops or conditional statements, will execute based on the specifics of the input (e.g., the number of nodes and queries). \n\n- Import statements, class declarations, static initializations, and method definitions will be covered.\n- The loops initializing `tree` and `nodes`, as well as the loop for processing routes and queries, will execute as per the input.\n- The `addNode` method will be executed recursively to build up the tree structure and prepare it for processing queries.\n- The Node and Route constructors are executed as part of the object creation during the tree and queries processing.\n- The `equals` method in the Route class may be executed depending on internal operations by `ArrayList` methods that might check for equality among `Route` objects.\n\nWithout specific line-by-line execution tracing, this plan provides an overview of expected code coverage based on logical flow and input handling.",
      "test_seed_coverage": [
        ">",
        ">",
        ">",
        ">",
        ">",
        ">",
        ">",
        ">",
        ">",
        ">",
        ">",
        ">",
        ">",
        ">",
        ">",
        ">",
        ">",
        ">",
        ">",
        ">",
        ">",
        ">",
        ">",
        ">",
        ">",
        ">",
        ">",
        ">",
        ">",
        ">",
        ">",
        ">",
        ">",
        ">",
        ">",
        ">",
        ">",
        ">",
        ">",
        ">",
        ">",
        ">",
        ">",
        ">",
        ">",
        ">",
        ">",
        ">",
        ">",
        ">",
        ">",
        ">",
        ">",
        ">",
        ">",
        ">",
        ">",
        ">",
        ">",
        ">",
        ">",
        ">",
        ">",
        ">",
        ">",
        ">",
        ">",
        ">",
        ">",
        ">",
        ">",
        ">",
        ">",
        ">",
        ">",
        ">",
        ">",
        ">",
        ">",
        ">",
        ">",
        ">",
        ">",
        ">",
        ">",
        ">",
        ">",
        ">",
        ">",
        ">",
        ">",
        ">",
        ">",
        ">",
        ">"
      ],
      "cumulative_coverage": [
        ">",
        ">",
        ">",
        ">",
        ">",
        ">",
        ">",
        ">",
        ">",
        ">",
        ">",
        ">",
        ">",
        ">",
        ">",
        ">",
        ">",
        ">",
        ">",
        ">",
        ">",
        ">",
        ">",
        ">",
        ">",
        ">",
        ">",
        ">",
        ">",
        ">",
        ">",
        ">",
        ">",
        ">",
        ">",
        ">",
        ">",
        ">",
        ">",
        ">",
        ">",
        ">",
        ">",
        ">",
        ">",
        ">",
        ">",
        ">",
        ">",
        ">",
        ">",
        ">",
        ">",
        ">",
        ">",
        ">",
        ">",
        ">",
        ">",
        ">",
        ">",
        ">",
        ">",
        ">",
        ">",
        ">",
        ">",
        ">",
        ">",
        ">",
        ">",
        ">",
        ">",
        ">",
        ">",
        ">",
        ">",
        ">",
        ">",
        ">",
        ">",
        ">",
        ">",
        ">",
        ">",
        ">",
        ">",
        ">",
        ">",
        ">",
        ">",
        ">",
        ">",
        ">",
        ">"
      ],
      "execution_error": "Exception in thread \"main\" java.lang.ArrayIndexOutOfBoundsException: Index 5 out of bounds for length 5\n\tat Main.addNode(Main.java:60)\n\tat Main.addNode(Main.java:63)\n\tat Main.addNode(Main.java:63)\n\tat Main.addNode(Main.java:63)\n\tat Main.main(Main.java:26)",
      "cerberus_output": "",
      "execution_result": "ArrayIndexOutOfBoundsException",
      "test_case_id": "8"
    }
  ]
}