{
  "submission_id": "s264920513",
  "cycles": [
    {
      "test_case": [
        "Test Case Input:\n5\n3\n2\n6\n4\n3\n1\n1\n2\n2\n3\n4\n2\n1\n2\n3\n4\n0\n1\n2\n3\n4\n0\n0\n0\n0\n0\n0\n0\n0\n0\n0\n0\n0\n0\n0\n0\n0\n0\n0\n0\n0\n0\n0\n0\n0\n0\n0\n0\n0\n0\n0\n0\n0\n0\n0\n0\n0\n0\n0\n0\n0\n0\n0\n0\n0\n0\n0\n0\n0\n0\n0\n0\n0\n0\n0\n0\n0\n0\n0\n0\n0\n0\n0\n0\n0\n0\n0\n0\n0\n0\n0\n0\n0\n0\n0\n0\n0\n0\n0\n0\n0\n0\n0\n0\n0\n0\n0\n0\n0\n0\n0\n0\n0\n0\n0\n0\n0\n0\n0\n"
      ],
      "test_mutations": [
        "Test Case Input:\n5\n3\n2\n6\n4\n3\n1\n1\n2\n2\n3\n4\n2\n1\n2\n3\n4\n0\n1\n2\n3\n4\n0\n0\n0\n0\n0\n0\n0\n0\n0\n0\n0\n0\n0\n0\n0\n0\n0\n0\n0\n0\n0\n0\n0\n0\n0\n0\n0\n0\n0\n0\n0\n0\n0\n0\n0\n0\n0\n0\n0\n0\n0\n0\n0\n0\n0\n0\n0\n0\n0\n0\n0\n0\n0\n0\n0\n0\n0\n0\n0\n0\n0\n0\n0\n0\n0\n0\n0\n0\n0\n0\n0\n0\n0\n0\n0\n0\n0\n0\n0\n0\n0\n0\n0\n0\n0\n0\n0\n0\n0\n0\n0\n0\n0\n0\n0\n0\n0\n0\n"
      ],
      "initial_code": "import java.util.Deque;\nimport java.util.LinkedList;\nimport java.util.Scanner;\npublic class Main {\n\tpublic static void main(String[] args) {\n\t\tScanner in = new Scanner(System.in);\n\t\tint n, m, p, q, r;\n\t\twhile ((n = in.nextInt()) > 0) {\n\t\t\tm = in.nextInt();\n\t\t\tp = in.nextInt() - 1;\n\t\t\tq = in.nextInt();\n\t\t\tr = in.nextInt();\n\t\t\tDeque<Integer> allDeque = getNewDeque();\n\t\t\tallDeque.add(Integer.valueOf(r));\n\t\t\tallDeque.add(Integer.valueOf(n - r));\n\t\t\tDeque<Integer> a = getNewDeque();\n\t\t\tDeque<Integer> c = getNewDeque();\n\t\t\tboolean top = true;\n\t\t\tboolean bottom = false;\n\t\t\tfor (int i = 0; i < m; i++) {\n\t\t\t\tboolean atop = top, abottm, ctop, cbottom = bottom;\n\t\t\t\tint asize = in.nextInt();\n\t\t\t\ta.clear();\n\t\t\t\twhile (asize >= allDeque.peekFirst().intValue()) {\n\t\t\t\t\ttop = !top;\n\t\t\t\t\tfinal Integer first = allDeque.removeFirst();\n\t\t\t\t\ta.addLast(first);\n\t\t\t\t\tasize -= first.intValue();\n\t\t\t\t}\n\t\t\t\tif (asize != 0) {\n\t\t\t\t\ta.addLast(Integer.valueOf(asize));\n\t\t\t\t\tfinal Integer first = allDeque.removeFirst();\n\t\t\t\t\tallDeque.addFirst(Integer.valueOf(first - asize));\n\t\t\t\t}\n\t\t\t\tabottm = (a.size() % 2 == 1) ? atop : !atop;\n\t\t\t\tint csize = n - in.nextInt();\n\t\t\t\tc.clear();\n\t\t\t\twhile (csize >= allDeque.peekLast().intValue()) {\n\t\t\t\t\tbottom = !bottom;\n\t\t\t\t\tfinal Integer last = allDeque.removeLast();\n\t\t\t\t\tc.addFirst(last);\n\t\t\t\t\tcsize -= last.intValue();\n\t\t\t\t}\n\t\t\t\tif (csize != 0) {\n\t\t\t\t\tc.addFirst(Integer.valueOf(csize));\n\t\t\t\t\tfinal Integer last = allDeque.removeLast();\n\t\t\t\t\tallDeque.addLast(Integer.valueOf(last - csize));\n\t\t\t\t}\n\t\t\t\tctop = (c.size() % 2 == 1) ? cbottom : !cbottom;\n\t\t\t\tif (atop == bottom) {\n\t\t\t\t\tint afirst = a.removeFirst().intValue();\n\t\t\t\t\tallDeque.addLast(Integer.valueOf(afirst\n\t\t\t\t\t\t\t+ allDeque.removeLast().intValue()));\n\t\t\t\t}\n\t\t\t\tif (cbottom == top) {\n\t\t\t\t\tint clast = a.removeLast().intValue();\n\t\t\t\t\tallDeque.addFirst(Integer.valueOf(clast\n\t\t\t\t\t\t\t+ allDeque.removeFirst().intValue()));\n\t\t\t\t}\n\t\t\t\tDeque<Integer> b = allDeque;\n\t\t\t\tallDeque = c;\n\t\t\t\tc = b;\n\t\t\t\tallDeque.addAll(b);\n\t\t\t\tallDeque.addAll(a);\n\t\t\t\ttop = ctop;\n\t\t\t\tbottom = abottm;\n\t\t\t}\n\t\t\twhile (p >= allDeque.peekFirst().intValue()) {\n\t\t\t\tfinal int val = allDeque.removeFirst().intValue();\n\t\t\t\tq -= val;\n\t\t\t\tp -= val;\n\t\t\t\ttop = !top;\n\t\t\t}\n\t\t\tint count = (top) ? -p : 0;\n\t\t\twhile (q >= allDeque.peekFirst().intValue()) {\n\t\t\t\tfinal int intValue = allDeque.removeFirst().intValue();\n\t\t\t\tq -= intValue;\n\t\t\t\tif (top)\n\t\t\t\t\tcount += intValue;\n\t\t\t\ttop = !top;\n\t\t\t}\n\t\t\tif (top) {\n\t\t\t\tcount += q;\n\t\t\t}\n\t\t\tSystem.out.println(count);\n\t\t}\n\t}\n\tprivate static Deque<Integer> getNewDeque() {\n\t\treturn new LinkedList<Integer>();\n\t}\n}",
      "covered_code": "Given the complexity of the provided Java program and the input, here's a step-by-step plan to predict the code coverage:\n\n1. **Import statements**: The import statements are always executed as part of the program initialization process. So, they will be covered.\n\n2. **Main class and main method declaration**: The class `Main` and its `public static void main(String[] args)` method are always executed when the program runs.\n\n3. **Reading input and main logic execution**:\n    - The program reads integers from the input in a loop until a non-positive value is encountered. Given the provided test inputs, this loop will run multiple iterations until a non-positive value is read.\n    - Inside the loop, the program performs a series of operations involving Deques, including reading more inputs for each iteration (`m`, `p`, `q`, `r`, and the sizes for segments `a` and `c`), manipulating Deque elements based on these inputs, and performing calculations.\n    - Given the descriptive nature of the input and the absence of specific input values, we can infer the code will execute most of its main logic, including the creation of Deques, manipulation of elements (adding, removing, checking sizes), and calculations for `p`, `q`, and `r`.\n\n4. **Method `getNewDeque`**:\n    - This method is called multiple times to create new Deque objects. It will be executed as part of the logic in the main method.\n\n5. **Output**:\n    - The program prints the result of the calculations at the end of each main loop iteration. Given that the loop will be executed as described, the print statements will also be executed.\n\nBased on the plan, here is the predicted code coverage:\n\n```\n> import java.util.Deque;\n> import java.util.LinkedList;\n> import java.util.Scanner;\n> public class Main {\n> \tpublic static void main(String[] args) {\n> \t\tScanner in = new Scanner(System.in);\n> \t\tint n, m, p, q, r;\n> \t\twhile ((n = in.nextInt()) > 0) {\n> \t\t\tm = in.nextInt();\n> \t\t\tp = in.nextInt() - 1;\n> \t\t\tq = in.nextInt();\n> \t\t\tr = in.nextInt();\n> \t\t\tDeque<Integer> allDeque = getNewDeque();\n> \t\t\tallDeque.add(Integer.valueOf(r));\n> \t\t\tallDeque.add(Integer.valueOf(n - r));\n> \t\t\tDeque<Integer> a = getNewDeque();\n> \t\t\tDeque<Integer> c = getNewDeque();\n> \t\t\tboolean top = true;\n> \t\t\tboolean bottom = false;\n> \t\t\tfor (int i = 0; i < m; i++) {\n> \t\t\t\tboolean atop = top, abottm, ctop, cbottom = bottom;\n> \t\t\t\tint asize = in.nextInt();\n> \t\t\t\ta.clear();\n> \t\t\t\twhile (asize >= allDeque.peekFirst().intValue()) {\n> \t\t\t\t\ttop = !top;\n> \t\t\t\t\tfinal Integer first = allDeque.removeFirst();\n> \t\t\t\t\ta.addLast(first);\n> \t\t\t\t\tasize -= first.intValue();\n> \t\t\t\t}\n> \t\t\t\tif (asize != 0) {\n> \t\t\t\t\ta.addLast(Integer.valueOf(asize));\n> \t\t\t\t\tfinal Integer first = allDeque.removeFirst();\n> \t\t\t\t\tallDeque.addFirst(Integer.valueOf(first - asize));\n> \t\t\t\t}\n> \t\t\t\tabottm = (a.size() % 2 == 1) ? atop : !atop;\n> \t\t\t\tint csize = n - in.nextInt();\n> \t\t\t\tc.clear();\n> \t\t\t\twhile (csize >= allDeque.peekLast().intValue()) {\n> \t\t\t\t\tbottom = !bottom;\n> \t\t\t\t\tfinal Integer last = allDeque.removeLast();\n> \t\t\t\t\tc.addFirst(last);\n> \t\t\t\t\tcsize -= last.intValue();\n> \t\t\t\t}\n> \t\t\t\tif (csize != 0) {\n> \t\t\t\t\tc.addFirst(Integer.valueOf(csize));\n> \t\t\t\t\tfinal Integer last = allDeque.removeLast();\n> \t\t\t\t\tallDeque.addLast(Integer.valueOf(last - csize));\n> \t\t\t\t}\n> \t\t\t\tctop = (c.size() % 2 == 1) ? cbottom : !cbottom;\n> \t\t\t\tif (atop == bottom) {\n> \t\t\t\t\tint afirst = a.removeFirst().intValue();\n> \t\t\t\t\tallDeque.addLast(Integer.valueOf(afirst\n> \t\t\t\t\t\t\t+ allDeque.removeLast().intValue()));\n> \t\t\t\t}\n> \t\t\t\tif (cbottom == top) {\n> \t\t\t\t\tint clast = a.removeLast().intValue();\n> \t\t\t\t\tallDeque.addFirst(Integer.valueOf(clast\n> \t\t\t\t\t\t\t+ allDeque.removeFirst().intValue()));\n> \t\t\t\t}\n> \t\t\t\tDeque<Integer> b = allDeque;\n> \t\t\t\tallDeque = c;\n> \t\t\t\tc = b;\n> \t\t\t\tallDeque.addAll(b);\n> \t\t\t\tallDeque.addAll(a);\n> \t\t\t\ttop = ctop;\n> \t\t\t\tbottom = abottm;\n> \t\t\t}\n> \t\t\twhile (p >= allDeque.peekFirst().intValue()) {\n> \t\t\t\tfinal int val = allDeque.removeFirst().intValue();\n> \t\t\t\tq -= val;\n> \t\t\t\tp -= val;\n> \t\t\t\ttop = !top;\n> \t\t\t}\n> \t\t\tint count = (top) ? -p : 0;\n> \t\t\twhile (q >= allDeque.peekFirst().intValue()) {\n> \t\t\t\tfinal int intValue = allDeque.removeFirst().intValue();\n> \t\t\t\tq -= intValue;\n> \t\t\t\tif (top)\n> \t\t\t\t\tcount += intValue;\n> \t\t\t\ttop = !top;\n> \t\t\t}\n> \t\t\tif (top) {\n> \t\t\t\tcount += q;\n> \t\t\t}\n> \t\t\tSystem.out.println(count);\n> \t\t}\n> \t}\n> \tprivate static Deque<Integer> getNewDeque() {\n> \t\treturn new LinkedList<Integer>();\n> \t}\n> }\n```\n\nGiven the provided inputs, the program's main loop and logic will be executed, including reading inputs, manipulating Deques, and printing outputs. The `getNewDeque` method is also covered each time it's called. Without specific test input values, this prediction assumes execution flow based on the described input pattern and program structure.",
      "test_seed_coverage": [
        ">",
        ">",
        ">",
        ">",
        ">",
        ">",
        ">",
        ">",
        ">",
        ">",
        ">",
        ">",
        ">",
        ">",
        ">",
        ">",
        ">",
        ">",
        ">",
        ">",
        ">",
        ">",
        ">",
        ">",
        ">",
        ">",
        ">",
        ">",
        ">",
        ">",
        ">",
        ">",
        ">",
        ">",
        ">",
        ">",
        ">",
        ">",
        ">",
        ">",
        ">",
        ">",
        ">",
        ">",
        ">",
        ">",
        ">",
        ">",
        ">",
        ">",
        ">",
        ">",
        ">",
        ">",
        ">",
        ">",
        ">",
        ">",
        ">",
        ">",
        ">",
        ">",
        ">",
        ">",
        ">",
        ">",
        ">",
        ">",
        ">",
        ">",
        ">",
        ">",
        ">",
        ">",
        ">",
        ">",
        ">",
        ">",
        ">",
        ">",
        ">",
        ">",
        ">",
        ">",
        ">",
        ">",
        ">",
        ">",
        ">",
        ">",
        ">"
      ],
      "cumulative_coverage": [
        ">",
        ">",
        ">",
        ">",
        ">",
        ">",
        ">",
        ">",
        ">",
        ">",
        ">",
        ">",
        ">",
        ">",
        ">",
        ">",
        ">",
        ">",
        ">",
        ">",
        ">",
        ">",
        ">",
        ">",
        ">",
        ">",
        ">",
        ">",
        ">",
        ">",
        ">",
        ">",
        ">",
        ">",
        ">",
        ">",
        ">",
        ">",
        ">",
        ">",
        ">",
        ">",
        ">",
        ">",
        ">",
        ">",
        ">",
        ">",
        ">",
        ">",
        ">",
        ">",
        ">",
        ">",
        ">",
        ">",
        ">",
        ">",
        ">",
        ">",
        ">",
        ">",
        ">",
        ">",
        ">",
        ">",
        ">",
        ">",
        ">",
        ">",
        ">",
        ">",
        ">",
        ">",
        ">",
        ">",
        ">",
        ">",
        ">",
        ">",
        ">",
        ">",
        ">",
        ">",
        ">",
        ">",
        ">",
        ">",
        ">",
        ">",
        ">"
      ],
      "execution_error": "Exception in thread \"main\" java.lang.NullPointerException: Cannot invoke \"java.lang.Integer.intValue()\" because the return value of \"java.util.Deque.peekLast()\" is null\n\tat Main.main(Main.java:38)",
      "cerberus_output": "",
      "execution_result": "NullPointerException",
      "test_case_id": "1"
    },
    {
      "test_case": [
        "Test Case Input:\n5\n3\n2\n4\n6\n4\n3\n2\n1\n5\n3\n2\n4\n6\n4\n3\n2\n1\n5\n3\n2\n4\n6\n4\n3\n2\n1\n5\n3\n2\n4\n6\n4\n3\n2\n1\n0"
      ],
      "test_mutations": [
        "Test Case Input:\n5\n3\n2\n4\n6\n4\n3\n2\n1\n5\n3\n2\n4\n6\n4\n3\n2\n1\n5\n3\n2\n4\n6\n4\n3\n2\n1\n5\n3\n2\n4\n6\n4\n3\n2\n1\n0"
      ],
      "initial_code": "import java.util.Deque;\nimport java.util.LinkedList;\nimport java.util.Scanner;\npublic class Main {\n\tpublic static void main(String[] args) {\n\t\tScanner in = new Scanner(System.in);\n\t\tint n, m, p, q, r;\n\t\twhile ((n = in.nextInt()) > 0) {\n\t\t\tm = in.nextInt();\n\t\t\tp = in.nextInt() - 1;\n\t\t\tq = in.nextInt();\n\t\t\tr = in.nextInt();\n\t\t\tDeque<Integer> allDeque = getNewDeque();\n\t\t\tallDeque.add(Integer.valueOf(r));\n\t\t\tallDeque.add(Integer.valueOf(n - r));\n\t\t\tDeque<Integer> a = getNewDeque();\n\t\t\tDeque<Integer> c = getNewDeque();\n\t\t\tboolean top = true;\n\t\t\tboolean bottom = false;\n\t\t\tfor (int i = 0; i < m; i++) {\n\t\t\t\tboolean atop = top, abottm, ctop, cbottom = bottom;\n\t\t\t\tint asize = in.nextInt();\n\t\t\t\ta.clear();\n\t\t\t\twhile (asize >= allDeque.peekFirst().intValue()) {\n\t\t\t\t\ttop = !top;\n\t\t\t\t\tfinal Integer first = allDeque.removeFirst();\n\t\t\t\t\ta.addLast(first);\n\t\t\t\t\tasize -= first.intValue();\n\t\t\t\t}\n\t\t\t\tif (asize != 0) {\n\t\t\t\t\ta.addLast(Integer.valueOf(asize));\n\t\t\t\t\tfinal Integer first = allDeque.removeFirst();\n\t\t\t\t\tallDeque.addFirst(Integer.valueOf(first - asize));\n\t\t\t\t}\n\t\t\t\tabottm = (a.size() % 2 == 1) ? atop : !atop;\n\t\t\t\tint csize = n - in.nextInt();\n\t\t\t\tc.clear();\n\t\t\t\twhile (csize >= allDeque.peekLast().intValue()) {\n\t\t\t\t\tbottom = !bottom;\n\t\t\t\t\tfinal Integer last = allDeque.removeLast();\n\t\t\t\t\tc.addFirst(last);\n\t\t\t\t\tcsize -= last.intValue();\n\t\t\t\t}\n\t\t\t\tif (csize != 0) {\n\t\t\t\t\tc.addFirst(Integer.valueOf(csize));\n\t\t\t\t\tfinal Integer last = allDeque.removeLast();\n\t\t\t\t\tallDeque.addLast(Integer.valueOf(last - csize));\n\t\t\t\t}\n\t\t\t\tctop = (c.size() % 2 == 1) ? cbottom : !cbottom;\n\t\t\t\tif (atop == bottom) {\n\t\t\t\t\tint afirst = a.removeFirst().intValue();\n\t\t\t\t\tallDeque.addLast(Integer.valueOf(afirst\n\t\t\t\t\t\t\t+ allDeque.removeLast().intValue()));\n\t\t\t\t}\n\t\t\t\tif (cbottom == top) {\n\t\t\t\t\tint clast = a.removeLast().intValue();\n\t\t\t\t\tallDeque.addFirst(Integer.valueOf(clast\n\t\t\t\t\t\t\t+ allDeque.removeFirst().intValue()));\n\t\t\t\t}\n\t\t\t\tDeque<Integer> b = allDeque;\n\t\t\t\tallDeque = c;\n\t\t\t\tc = b;\n\t\t\t\tallDeque.addAll(b);\n\t\t\t\tallDeque.addAll(a);\n\t\t\t\ttop = ctop;\n\t\t\t\tbottom = abottm;\n\t\t\t}\n\t\t\twhile (p >= allDeque.peekFirst().intValue()) {\n\t\t\t\tfinal int val = allDeque.removeFirst().intValue();\n\t\t\t\tq -= val;\n\t\t\t\tp -= val;\n\t\t\t\ttop = !top;\n\t\t\t}\n\t\t\tint count = (top) ? -p : 0;\n\t\t\twhile (q >= allDeque.peekFirst().intValue()) {\n\t\t\t\tfinal int intValue = allDeque.removeFirst().intValue();\n\t\t\t\tq -= intValue;\n\t\t\t\tif (top)\n\t\t\t\t\tcount += intValue;\n\t\t\t\ttop = !top;\n\t\t\t}\n\t\t\tif (top) {\n\t\t\t\tcount += q;\n\t\t\t}\n\t\t\tSystem.out.println(count);\n\t\t}\n\t}\n\tprivate static Deque<Integer> getNewDeque() {\n\t\treturn new LinkedList<Integer>();\n\t}\n}",
      "covered_code": "Given the test case input and the Java program, let's develop a plan for step-by-step execution to predict the code coverage.\n\n### Test Case Input\n```\n5\n3\n2\n4\n6\n4\n3\n2\n1\n5\n3\n2\n4\n6\n4\n3\n2\n1\n5\n3\n2\n4\n6\n4\n3\n2\n1\n5\n3\n2\n4\n6\n4\n3\n2\n1\n0\n```\n\n### Plan for Execution\n1. **Import Statements**: Always executed. Statements importing `java.util.Deque`, `java.util.LinkedList`, and `java.util.Scanner` are covered.\n2. **Class Declaration**: Always executed. The statement `public class Main {` is covered.\n3. **Main Method Declaration**: Always executed. The statement `public static void main(String[] args) {` is covered.\n4. **While Loop Execution**: Since the input starts with `5`, which is greater than `0`, the while loop condition `(n = in.nextInt()) > 0` is true, and the loop block will be executed.\n5. **Inside While Loop**: Statements that assign values to `m`, `p`, `q`, `r`, and the calls to `getNewDeque()` are covered as they are part of the setup for the main algorithm.\n6. **For Loop**: Given `m` is `3` (from the first line of input within the loop), the for loop `for (int i = 0; i < m; i++) {` will execute three times, covering the statements inside.\n7. **Inside For Loop**: Each statement inside the for loop that manipulates the dequeues and calculates sizes, adds, or removes elements based on the input, will be executed as part of the algorithm's core functionality.\n8. **After For Loop**: The algorithm returns to process the next set of operations outside the for loop but still inside the while loop, where it calculates `count` based on the deque contents and conditions.\n9. **Printing Result**: The statement `System.out.println(count);` is executed, providing the algorithm's result based on the inputs.\n10. **Loop Termination**: The loop continues until a `0` is encountered as per the input, at which point the while loop condition fails, and execution moves towards program termination.\n11. **Program Termination**: Any finalization or cleanup code would be executed if present. However, in this code, the last significant action is to close the scanner, which due to the structure of the input and the absence of explicit close in the snippet, is not explicitly covered in the given plan.\n\n### Predicted Code Coverage\nBased on the plan and the provided input sequence:\n- All import statements are covered.\n- The class and main method declarations are covered.\n- The while loop and its contents are fully executed until a `0` is read, which stops the loop.\n- The for loop within the while loop is fully executed for each iteration as specified by the `m` value in the input.\n- All conditional logic and deque manipulations within the loop are covered due to the diversity of the test case inputs.\n- The calculation and printing of the result are covered.\n\n### Code Coverage Indicators\n- All import statements, class, and main method declarations are covered (`>`).\n- The while loop and for loops are fully covered (`>`).\n- All internal logic, including conditional statements and deque operations, are covered (`>`).\n- The scanner close statement, if it were present after the loop, would be covered (`>`).\n\n### Conclusion\nBased on the detailed plan for step-by-step execution and given test case input, the code coverage for this Java program is extensive, covering all critical paths, conditional logic, and loop iterations as per the provided inputs.",
      "test_seed_coverage": [
        ">",
        ">",
        ">",
        ">",
        ">",
        ">",
        ">",
        ">",
        ">",
        ">",
        ">",
        ">",
        ">",
        ">",
        ">",
        ">",
        ">",
        ">",
        ">",
        ">",
        ">",
        ">",
        ">",
        ">",
        ">",
        ">",
        ">",
        ">",
        ">",
        ">",
        ">",
        ">",
        ">",
        ">",
        ">",
        ">",
        ">",
        ">",
        ">",
        ">",
        ">",
        ">",
        ">",
        ">",
        ">",
        ">",
        ">",
        ">",
        ">",
        ">",
        ">",
        ">",
        ">",
        ">",
        ">",
        ">",
        ">",
        ">",
        ">",
        ">",
        ">",
        ">",
        ">",
        ">",
        ">",
        ">",
        ">",
        ">",
        ">",
        ">",
        ">",
        ">",
        ">",
        ">",
        ">",
        ">",
        ">",
        ">",
        ">",
        ">",
        ">",
        ">",
        ">",
        ">",
        ">",
        ">",
        ">",
        ">",
        ">",
        ">",
        ">"
      ],
      "cumulative_coverage": [
        ">",
        ">",
        ">",
        ">",
        ">",
        ">",
        ">",
        ">",
        ">",
        ">",
        ">",
        ">",
        ">",
        ">",
        ">",
        ">",
        ">",
        ">",
        ">",
        ">",
        ">",
        ">",
        ">",
        ">",
        ">",
        ">",
        ">",
        ">",
        ">",
        ">",
        ">",
        ">",
        ">",
        ">",
        ">",
        ">",
        ">",
        ">",
        ">",
        ">",
        ">",
        ">",
        ">",
        ">",
        ">",
        ">",
        ">",
        ">",
        ">",
        ">",
        ">",
        ">",
        ">",
        ">",
        ">",
        ">",
        ">",
        ">",
        ">",
        ">",
        ">",
        ">",
        ">",
        ">",
        ">",
        ">",
        ">",
        ">",
        ">",
        ">",
        ">",
        ">",
        ">",
        ">",
        ">",
        ">",
        ">",
        ">",
        ">",
        ">",
        ">",
        ">",
        ">",
        ">",
        ">",
        ">",
        ">",
        ">",
        ">",
        ">",
        ">"
      ],
      "execution_error": "Exception in thread \"main\" java.lang.NullPointerException: Cannot invoke \"java.lang.Integer.intValue()\" because the return value of \"java.util.Deque.peekLast()\" is null\n\tat Main.main(Main.java:38)",
      "cerberus_output": "",
      "execution_result": "NullPointerException",
      "test_case_id": "2"
    },
    {
      "test_case": [
        "Test Case Input:\n\"abc\"\n\"def\"\n\"123\"\n\"456\"\n\"789\""
      ],
      "test_mutations": [
        "Test Case Input:\n\"abc\"\n\"def\"\n\"123\"\n\"456\"\n\"789\""
      ],
      "initial_code": "import java.util.Deque;\nimport java.util.LinkedList;\nimport java.util.Scanner;\npublic class Main {\n\tpublic static void main(String[] args) {\n\t\tScanner in = new Scanner(System.in);\n\t\tint n, m, p, q, r;\n\t\twhile ((n = in.nextInt()) > 0) {\n\t\t\tm = in.nextInt();\n\t\t\tp = in.nextInt() - 1;\n\t\t\tq = in.nextInt();\n\t\t\tr = in.nextInt();\n\t\t\tDeque<Integer> allDeque = getNewDeque();\n\t\t\tallDeque.add(Integer.valueOf(r));\n\t\t\tallDeque.add(Integer.valueOf(n - r));\n\t\t\tDeque<Integer> a = getNewDeque();\n\t\t\tDeque<Integer> c = getNewDeque();\n\t\t\tboolean top = true;\n\t\t\tboolean bottom = false;\n\t\t\tfor (int i = 0; i < m; i++) {\n\t\t\t\tboolean atop = top, abottm, ctop, cbottom = bottom;\n\t\t\t\tint asize = in.nextInt();\n\t\t\t\ta.clear();\n\t\t\t\twhile (asize >= allDeque.peekFirst().intValue()) {\n\t\t\t\t\ttop = !top;\n\t\t\t\t\tfinal Integer first = allDeque.removeFirst();\n\t\t\t\t\ta.addLast(first);\n\t\t\t\t\tasize -= first.intValue();\n\t\t\t\t}\n\t\t\t\tif (asize != 0) {\n\t\t\t\t\ta.addLast(Integer.valueOf(asize));\n\t\t\t\t\tfinal Integer first = allDeque.removeFirst();\n\t\t\t\t\tallDeque.addFirst(Integer.valueOf(first - asize));\n\t\t\t\t}\n\t\t\t\tabottm = (a.size() % 2 == 1) ? atop : !atop;\n\t\t\t\tint csize = n - in.nextInt();\n\t\t\t\tc.clear();\n\t\t\t\twhile (csize >= allDeque.peekLast().intValue()) {\n\t\t\t\t\tbottom = !bottom;\n\t\t\t\t\tfinal Integer last = allDeque.removeLast();\n\t\t\t\t\tc.addFirst(last);\n\t\t\t\t\tcsize -= last.intValue();\n\t\t\t\t}\n\t\t\t\tif (csize != 0) {\n\t\t\t\t\tc.addFirst(Integer.valueOf(csize));\n\t\t\t\t\tfinal Integer last = allDeque.removeLast();\n\t\t\t\t\tallDeque.addLast(Integer.valueOf(last - csize));\n\t\t\t\t}\n\t\t\t\tctop = (c.size() % 2 == 1) ? cbottom : !cbottom;\n\t\t\t\tif (atop == bottom) {\n\t\t\t\t\tint afirst = a.removeFirst().intValue();\n\t\t\t\t\tallDeque.addLast(Integer.valueOf(afirst\n\t\t\t\t\t\t\t+ allDeque.removeLast().intValue()));\n\t\t\t\t}\n\t\t\t\tif (cbottom == top) {\n\t\t\t\t\tint clast = a.removeLast().intValue();\n\t\t\t\t\tallDeque.addFirst(Integer.valueOf(clast\n\t\t\t\t\t\t\t+ allDeque.removeFirst().intValue()));\n\t\t\t\t}\n\t\t\t\tDeque<Integer> b = allDeque;\n\t\t\t\tallDeque = c;\n\t\t\t\tc = b;\n\t\t\t\tallDeque.addAll(b);\n\t\t\t\tallDeque.addAll(a);\n\t\t\t\ttop = ctop;\n\t\t\t\tbottom = abottm;\n\t\t\t}\n\t\t\twhile (p >= allDeque.peekFirst().intValue()) {\n\t\t\t\tfinal int val = allDeque.removeFirst().intValue();\n\t\t\t\tq -= val;\n\t\t\t\tp -= val;\n\t\t\t\ttop = !top;\n\t\t\t}\n\t\t\tint count = (top) ? -p : 0;\n\t\t\twhile (q >= allDeque.peekFirst().intValue()) {\n\t\t\t\tfinal int intValue = allDeque.removeFirst().intValue();\n\t\t\t\tq -= intValue;\n\t\t\t\tif (top)\n\t\t\t\t\tcount += intValue;\n\t\t\t\ttop = !top;\n\t\t\t}\n\t\t\tif (top) {\n\t\t\t\tcount += q;\n\t\t\t}\n\t\t\tSystem.out.println(count);\n\t\t}\n\t}\n\tprivate static Deque<Integer> getNewDeque() {\n\t\treturn new LinkedList<Integer>();\n\t}\n}",
      "covered_code": "To predict the code coverage for this Java program based on the test inputs and provide a step-by-step plan for execution, we must understand the input and how it affects the flow of the program. The test case input provided is a series of strings, which the program cannot process as it expects integer inputs for its operations. This discrepancy will cause a `java.util.InputMismatchException` when the program attempts to read an integer using `nextInt()` but encounters a non-integer string instead. Given this, the execution plan will highlight the code paths taken until the exception is raised.\n\n### Plan for Step by Step Execution\n\n1. **Import Statements**: Always executed.\n    - `import java.util.Deque;`\n    - `import java.util.LinkedList;`\n    - `import java.util.Scanner;`\n\n2. **Class Declaration**: Always executed.\n    - `public class Main {`\n\n3. **Main Method Declaration**: Always executed.\n    - `public static void main(String[] args) {`\n\n4. **Scanner Initialization**: Always executed.\n    - `Scanner in = new Scanner(System.in);`\n\n5. **Variable Declarations and While Loop**: The `while` loop is expected to execute, but as soon as the program tries to read the first integer with `in.nextInt()`, it will encounter a `java.util.InputMismatchException` because the input is \"abc\", which is not an integer.\n    - The attempt to execute `n = in.nextInt()` will fail.\n\n6. **Subsequent Statements inside the while loop**: Not executed due to the exception.\n\n7. **Method `getNewDeque`**: This method would be executed if it were called before the exception. However, given the flow, it's not reached due to the exception.\n\n### Code Coverage Prediction\n\nGiven the plan and the understanding of the program's execution flow with the provided inputs, here's the code coverage:\n\n```\n> import java.util.Deque;\n> import java.util.LinkedList;\n> import java.util.Scanner;\n> public class Main {\n>     public static void main(String[] args) {\n>         Scanner in = new Scanner(System.in);\n!         int n, m, p, q, r;\n!         while ((n = in.nextInt()) > 0) {\n!             m = in.nextInt();\n!             p = in.nextInt() - 1;\n!             q = in.nextInt();\n!             r = in.nextInt();\n!             Deque<Integer> allDeque = getNewDeque();\n!             allDeque.add(Integer.valueOf(r));\n!             allDeque.add(Integer.valueOf(n - r));\n!             Deque<Integer> a = getNewDeque();\n!             Deque<Integer> c = getNewDeque();\n!             boolean top = true;\n!             boolean bottom = false;\n!             for (int i = 0; i < m; i++) {\n!                 ...\n!             }\n!             while (p >= allDeque.peekFirst().intValue()) {\n!                 ...\n!             }\n!             int count = (top) ? -p : 0;\n!             while (q >= allDeque.peekFirst().intValue()) {\n!                 ...\n!             }\n!             if (top) {\n!                 count += q;\n!             }\n!             System.out.println(count);\n!         }\n>     }\n>     private static Deque<Integer> getNewDeque() {\n>         return new LinkedList<Integer>();\n>     }\n> }\n```\n\n**Output**: \n```\nError: java.util.InputMismatchException\n```\n\nThis code coverage indicates that the program fails early due to attempting to read an integer from a string input, resulting in an exception before any significant logic within the `while` loop is executed.",
      "test_seed_coverage": [
        ">",
        ">",
        ">",
        ">",
        ">",
        ">",
        ">",
        ">",
        ">",
        ">",
        ">",
        ">",
        ">",
        ">",
        ">",
        ">",
        ">",
        ">",
        ">",
        ">",
        ">",
        ">",
        ">",
        ">",
        ">",
        ">",
        ">",
        ">",
        ">",
        ">",
        ">",
        ">",
        ">",
        ">",
        ">",
        ">",
        ">",
        ">",
        ">",
        ">",
        ">",
        ">",
        ">",
        ">",
        ">",
        ">",
        ">",
        ">",
        ">",
        ">",
        ">",
        ">",
        ">",
        ">",
        ">",
        ">",
        ">",
        ">",
        ">",
        ">",
        ">",
        ">",
        ">",
        ">",
        ">",
        ">",
        ">",
        ">",
        ">",
        ">",
        ">",
        ">",
        ">",
        ">",
        ">",
        ">",
        ">",
        ">",
        ">",
        ">",
        ">",
        ">",
        ">",
        ">",
        ">",
        ">",
        ">",
        ">",
        ">",
        ">",
        ">"
      ],
      "cumulative_coverage": [
        ">",
        ">",
        ">",
        ">",
        ">",
        ">",
        ">",
        ">",
        ">",
        ">",
        ">",
        ">",
        ">",
        ">",
        ">",
        ">",
        ">",
        ">",
        ">",
        ">",
        ">",
        ">",
        ">",
        ">",
        ">",
        ">",
        ">",
        ">",
        ">",
        ">",
        ">",
        ">",
        ">",
        ">",
        ">",
        ">",
        ">",
        ">",
        ">",
        ">",
        ">",
        ">",
        ">",
        ">",
        ">",
        ">",
        ">",
        ">",
        ">",
        ">",
        ">",
        ">",
        ">",
        ">",
        ">",
        ">",
        ">",
        ">",
        ">",
        ">",
        ">",
        ">",
        ">",
        ">",
        ">",
        ">",
        ">",
        ">",
        ">",
        ">",
        ">",
        ">",
        ">",
        ">",
        ">",
        ">",
        ">",
        ">",
        ">",
        ">",
        ">",
        ">",
        ">",
        ">",
        ">",
        ">",
        ">",
        ">",
        ">",
        ">",
        ">"
      ],
      "execution_error": "Exception in thread \"main\" java.util.InputMismatchException\n\tat java.base/java.util.Scanner.throwFor(Scanner.java:947)\n\tat java.base/java.util.Scanner.next(Scanner.java:1602)\n\tat java.base/java.util.Scanner.nextInt(Scanner.java:2267)\n\tat java.base/java.util.Scanner.nextInt(Scanner.java:2221)\n\tat Main.main(Main.java:8)",
      "cerberus_output": "InputMismatchException",
      "execution_result": "InputMismatchException",
      "test_case_id": "3"
    },
    {
      "test_case": [
        "Test Case Input:\n-10\n5\n3\n2\n1\n4\n0\n-3\n2\n1\n3\n2\n0\n1\n4\n3\n2\n1\n0\n1\n5\n3\n2\n1\n4\n0\n1\n3\n2\n1\n3\n2\n0\n1\n4\n3\n2\n1\n0\n1\n5\n3\n2\n1\n4\n0\n1\n3\n2\n1\n3\n2\n0\n1\n4\n3\n2\n1\n0\n1\n5\n3\n2\n1\n4\n0\n1\n3\n2\n1\n3\n2\n0\n1\n4\n3\n2\n1\n0\n1\n5\n3\n2\n1\n4\n0\n1\n3\n2\n1\n3\n2\n0\n1\n4\n3\n2\n1\n0\n1\n5\n3\n2\n1\n4\n0\n1\n3\n2\n1\n3\n2\n0\n1\n4\n3\n2\n1\n0\n1\n5\n3\n2\n1\n4\n0\n1\n3\n2\n1\n3\n2\n0\n1\n4\n3\n2\n1\n0\n1\n5\n3\n2\n1\n4\n0\n1\n3\n2\n1\n3\n2\n0\n1\n4\n3\n2\n1\n0\n1\n5\n3\n2\n1\n4\n0\n1\n3\n2\n1\n3\n2\n0\n1\n4\n3\n2\n1\n0\n1\n5\n3\n2\n1\n4\n0\n1\n3\n2\n1\n3\n2\n0\n1\n4\n3\n2\n1\n0\n1\n5\n3\n2\n1\n4\n0\n1\n3\n2\n1\n3\n2\n0\n1\n4\n3\n2\n1\n0\n1\n5\n3\n2\n1\n4\n0\n1\n3\n2\n1\n3\n2\n0\n1\n4\n3\n2\n1\n0\n1\n5\n3\n2\n1\n4\n0\n1\n3\n2\n1\n3\n2\n0\n1\n4\n3\n2\n1\n0\n1\n5\n3\n2\n1\n4\n0\n1\n3\n2\n1\n3\n2\n0\n1\n4\n3\n2\n1\n0\n1\n5\n3\n2\n1\n4\n0\n1\n3\n2\n1\n3\n2\n0\n1\n4\n3\n2\n1\n0\n1\n5\n3\n2\n1\n4\n0\n1\n3\n2\n1\n3\n2\n0\n1\n4\n3\n2\n1\n0\n1\n5\n3\n2\n1\n4\n0\n1\n3\n2\n1\n3\n2\n0\n1\n4\n3\n2\n1\n0\n1\n5\n3\n2\n1\n4\n0\n1\n3\n2\n1\n3\n2\n0\n1\n4\n3\n2\n1\n0\n1\n5\n3\n2\n1\n4\n0\n1\n3\n2\n1\n3\n2\n0\n1\n4\n3\n2\n1\n0\n1\n5\n3\n2\n1\n4\n0\n1\n3\n2\n1\n3\n2\n0\n1\n4\n3\n2\n1\n0\n1\n5\n3\n2\n1\n4\n0\n1\n3\n2\n1\n3\n2\n0\n1\n4\n3\n2\n1\n0\n1\n5\n3\n2\n1\n4\n0\n1\n3\n2\n1\n3\n2\n0\n1\n4\n3\n2\n1\n0\n1\n5\n3\n2\n1\n4\n0\n1\n3\n2\n1\n3\n2\n0\n1\n4\n3\n2\n1\n0\n1\n5\n3\n2\n1\n4\n0\n1\n3\n2\n1\n3\n2\n0\n1\n4\n3\n2\n1\n0\n1\n5\n3\n2\n1\n4\n0\n1\n3\n2\n1\n3\n2\n0\n1\n4\n3\n2\n1\n0\n1\n5\n3\n2\n1\n4\n0\n1\n3\n2\n1\n3\n2\n0\n1\n4\n3\n2\n1\n0\n1\n5\n3\n2\n1\n4\n0\n1\n3\n2\n1\n3\n2\n0\n1\n4\n3\n2\n1\n0\n1\n5\n3\n2\n1\n4\n0\n1\n3\n2\n1\n3\n2\n0\n1\n4\n3\n2\n1\n0\n1\n5\n3\n2\n1\n4\n0\n1\n3\n2\n1\n3\n2\n0\n1\n4\n3\n2\n1\n0\n1\n5\n3\n2\n1\n4\n0\n1\n3\n2\n1\n3\n2\n0\n1\n4\n3\n2\n1\n0\n1\n5\n3\n2\n1\n4\n0\n1\n3\n2\n1\n3\n2\n0\n1\n4\n3\n2\n1\n0\n1\n5\n3\n2\n1\n4\n0\n1\n3\n2\n1\n3\n2\n0\n1\n4\n3\n2\n1\n0\n1\n5\n3\n2\n1\n4\n0\n1\n3\n2\n1\n3\n2\n0\n1\n4\n3\n2\n1\n0\n1\n5\n3\n2\n1\n4\n0\n1\n3\n2\n1\n3\n2\n0\n1\n4\n3\n2\n1\n0\n1\n5\n3\n2\n1\n4\n0\n1\n3\n2\n1\n3\n2\n0\n1\n4\n3\n2\n1\n0\n1\n5\n3\n2\n1\n4\n0\n1\n3\n2\n1\n3\n2\n0\n1\n4\n3\n2\n1\n0\n1\n5\n3\n2\n1\n4\n0\n1\n3\n2\n1\n3\n2\n0\n1\n4\n3\n2\n1\n0\n1\n5\n3\n2\n1\n4\n0\n1\n3\n2\n1\n3\n2\n0\n1\n4\n3\n2\n1\n0\n1\n5\n3\n2\n1\n4\n0\n1\n3\n2\n1\n3\n2\n0\n1\n4\n3\n2\n1\n0\n1\n5\n3\n2\n1\n4\n0\n1\n3\n2\n1\n3\n2\n0\n1\n4\n3\n2\n1\n0\n1\n5\n3\n2\n1\n4\n0\n1\n3\n2\n1\n3\n2\n0\n1\n4\n3\n2\n1\n0\n1\n5\n3\n2\n1\n4\n0\n1\n3\n2\n1\n3\n2\n0\n1\n4\n3\n2\n1\n0\n1\n5\n3\n2\n1\n4\n0\n1\n3\n2\n1\n3\n2\n0\n1\n4\n3\n2\n1\n0\n1\n5\n3\n2\n1\n4\n0\n1\n3\n2\n1\n3\n2\n0\n1\n4\n3\n2\n1\n0\n1\n5\n3\n2\n1\n4\n0\n1\n3\n2\n1\n3\n2\n0\n1\n4\n3\n2\n1\n0\n1\n5\n3\n2\n1\n4\n0\n1\n3\n2\n1\n3\n2\n0\n1\n4\n3\n2\n1\n0\n1\n5\n3\n2\n1\n4\n0\n1\n3\n2\n1\n3\n2\n0\n1\n4\n3\n2\n1\n0\n1\n5\n3\n2\n1\n4\n0\n1\n3\n2\n1\n3\n2\n0\n1\n4\n3\n2\n1\n0\n1\n5\n3\n2\n1\n4\n0\n1\n3\n2\n1\n3\n2\n0\n1\n4\n3\n2\n1\n0\n1\n5\n3\n2\n1\n4\n0\n1\n3\n2\n1\n3\n2\n0\n1\n4\n3\n2\n1\n0\n1\n5\n3\n2\n1\n4\n0\n1\n3\n2\n1\n3\n2\n0\n1\n4\n3\n2\n1\n0\n1\n5\n3\n2\n1\n4\n0\n1\n3\n2\n1\n3\n2\n0\n1\n4\n3\n2\n1\n0\n1\n5\n3\n2\n1\n4\n0\n1\n3\n2\n1\n3\n2\n0\n1\n4\n3\n2\n1\n0\n1\n5\n3\n2\n1\n4\n0\n1\n3\n2\n1\n3\n2\n0\n1\n4\n3\n2\n1\n0\n1\n5\n3\n2\n1\n4\n0\n1\n3\n2\n1\n3\n2\n0\n1\n4\n3\n2\n1\n0\n1\n5\n3\n2\n1\n4\n0\n1\n3\n2\n1\n3\n2\n0\n1\n4\n3\n2\n1\n0\n1\n5\n3\n2\n1\n4\n0\n1\n3\n2\n1\n3\n2\n0\n1\n4\n3\n2\n1\n0\n1\n5\n3\n2\n1\n4\n0\n1\n3\n2\n1\n3\n2\n0\n1\n4\n3\n2\n1\n0\n1\n5\n3\n2\n1\n4\n0\n1\n3\n2\n1\n3\n2\n0\n1\n4\n3\n2\n1\n0\n1\n5\n3\n2\n1\n4\n0\n1\n3\n2\n1\n3\n2\n0\n1\n4\n3\n2\n1\n0\n1\n5\n3\n2\n1\n4\n0\n1\n3\n2\n1\n3\n2\n0\n1\n4\n3\n2\n1\n0\n1\n5\n3\n2\n1\n4\n0\n1\n3\n2\n1\n3\n2\n0\n1\n4\n3\n2\n1\n0\n1\n5\n3\n2\n1\n4\n0\n1\n3\n2\n1\n3\n2\n0\n1\n4\n3\n2\n1\n0\n1\n5\n3\n2\n1\n4\n0\n1\n3\n2\n1\n3\n2\n0\n1\n4\n3\n2\n1\n0\n1\n5\n3\n2\n1\n4\n0\n1\n3\n2\n1\n3\n2\n0\n1\n4\n3\n2\n1\n0\n1\n5\n3\n2\n1\n4\n0\n1\n3\n2\n1\n3\n2\n0\n1\n4\n3\n2\n1\n0\n1\n5\n3\n2\n1\n4\n0\n1\n3\n2\n1\n3\n2\n0\n1\n4\n3\n2\n1\n0\n1\n5\n3\n2\n1\n4\n0\n1\n3\n2\n1\n3\n2\n0\n1\n4\n3\n2\n1\n0\n1\n5\n3\n2\n1\n4\n0\n1\n3\n2\n1\n3\n2\n0\n1\n4\n3\n2\n1\n0\n1\n5\n3\n2\n1\n4\n0\n1\n3\n2\n1\n3\n2\n0\n1\n4\n3\n2\n1\n0\n1\n5\n3\n2\n1\n4\n0\n1\n3\n2\n1\n3\n2\n0\n1\n4\n3\n2\n1\n0\n1\n5\n3\n2\n1\n4\n0\n1\n3\n2\n1\n3\n2\n0\n1\n4\n3\n2\n1\n0\n1\n5\n3\n2\n1\n4\n0\n1\n3\n2\n1\n3\n2\n0\n1\n4\n3\n2\n1\n0\n1\n5\n3\n2\n1\n4\n0\n1\n3\n2\n1\n3\n2\n0\n1\n4\n3\n2\n1\n0\n1\n5\n3\n2\n1\n4\n0\n1\n3\n2\n1\n3\n2\n0\n1\n4\n3\n2\n1\n0\n1\n5\n3\n2\n1\n4\n0\n1\n3\n2\n1\n3\n2\n0\n1\n4\n3\n2\n1\n0\n1\n5\n3\n2\n1\n4\n0\n1\n3\n2\n1\n3\n2\n0\n1\n4\n3\n2\n1\n0\n1\n5\n3\n2\n1\n4\n0\n1\n3\n2\n1\n3\n2\n0\n1\n4\n3\n2\n1\n0\n1\n5\n3\n2\n1\n4\n0\n1\n3\n2\n1\n3\n2\n0\n1\n4\n3\n2\n1\n0\n1\n5\n3"
      ],
      "test_mutations": [
        "Test Case Input:\n-10\n5\n3\n2\n1\n4\n0\n-3\n2\n1\n3\n2\n0\n1\n4\n3\n2\n1\n0\n1\n5\n3\n2\n1\n4\n0\n1\n3\n2\n1\n3\n2\n0\n1\n4\n3\n2\n1\n0\n1\n5\n3\n2\n1\n4\n0\n1\n3\n2\n1\n3\n2\n0\n1\n4\n3\n2\n1\n0\n1\n5\n3\n2\n1\n4\n0\n1\n3\n2\n1\n3\n2\n0\n1\n4\n3\n2\n1\n0\n1\n5\n3\n2\n1\n4\n0\n1\n3\n2\n1\n3\n2\n0\n1\n4\n3\n2\n1\n0\n1\n5\n3\n2\n1\n4\n0\n1\n3\n2\n1\n3\n2\n0\n1\n4\n3\n2\n1\n0\n1\n5\n3\n2\n1\n4\n0\n1\n3\n2\n1\n3\n2\n0\n1\n4\n3\n2\n1\n0\n1\n5\n3\n2\n1\n4\n0\n1\n3\n2\n1\n3\n2\n0\n1\n4\n3\n2\n1\n0\n1\n5\n3\n2\n1\n4\n0\n1\n3\n2\n1\n3\n2\n0\n1\n4\n3\n2\n1\n0\n1\n5\n3\n2\n1\n4\n0\n1\n3\n2\n1\n3\n2\n0\n1\n4\n3\n2\n1\n0\n1\n5\n3\n2\n1\n4\n0\n1\n3\n2\n1\n3\n2\n0\n1\n4\n3\n2\n1\n0\n1\n5\n3\n2\n1\n4\n0\n1\n3\n2\n1\n3\n2\n0\n1\n4\n3\n2\n1\n0\n1\n5\n3\n2\n1\n4\n0\n1\n3\n2\n1\n3\n2\n0\n1\n4\n3\n2\n1\n0\n1\n5\n3\n2\n1\n4\n0\n1\n3\n2\n1\n3\n2\n0\n1\n4\n3\n2\n1\n0\n1\n5\n3\n2\n1\n4\n0\n1\n3\n2\n1\n3\n2\n0\n1\n4\n3\n2\n1\n0\n1\n5\n3\n2\n1\n4\n0\n1\n3\n2\n1\n3\n2\n0\n1\n4\n3\n2\n1\n0\n1\n5\n3\n2\n1\n4\n0\n1\n3\n2\n1\n3\n2\n0\n1\n4\n3\n2\n1\n0\n1\n5\n3\n2\n1\n4\n0\n1\n3\n2\n1\n3\n2\n0\n1\n4\n3\n2\n1\n0\n1\n5\n3\n2\n1\n4\n0\n1\n3\n2\n1\n3\n2\n0\n1\n4\n3\n2\n1\n0\n1\n5\n3\n2\n1\n4\n0\n1\n3\n2\n1\n3\n2\n0\n1\n4\n3\n2\n1\n0\n1\n5\n3\n2\n1\n4\n0\n1\n3\n2\n1\n3\n2\n0\n1\n4\n3\n2\n1\n0\n1\n5\n3\n2\n1\n4\n0\n1\n3\n2\n1\n3\n2\n0\n1\n4\n3\n2\n1\n0\n1\n5\n3\n2\n1\n4\n0\n1\n3\n2\n1\n3\n2\n0\n1\n4\n3\n2\n1\n0\n1\n5\n3\n2\n1\n4\n0\n1\n3\n2\n1\n3\n2\n0\n1\n4\n3\n2\n1\n0\n1\n5\n3\n2\n1\n4\n0\n1\n3\n2\n1\n3\n2\n0\n1\n4\n3\n2\n1\n0\n1\n5\n3\n2\n1\n4\n0\n1\n3\n2\n1\n3\n2\n0\n1\n4\n3\n2\n1\n0\n1\n5\n3\n2\n1\n4\n0\n1\n3\n2\n1\n3\n2\n0\n1\n4\n3\n2\n1\n0\n1\n5\n3\n2\n1\n4\n0\n1\n3\n2\n1\n3\n2\n0\n1\n4\n3\n2\n1\n0\n1\n5\n3\n2\n1\n4\n0\n1\n3\n2\n1\n3\n2\n0\n1\n4\n3\n2\n1\n0\n1\n5\n3\n2\n1\n4\n0\n1\n3\n2\n1\n3\n2\n0\n1\n4\n3\n2\n1\n0\n1\n5\n3\n2\n1\n4\n0\n1\n3\n2\n1\n3\n2\n0\n1\n4\n3\n2\n1\n0\n1\n5\n3\n2\n1\n4\n0\n1\n3\n2\n1\n3\n2\n0\n1\n4\n3\n2\n1\n0\n1\n5\n3\n2\n1\n4\n0\n1\n3\n2\n1\n3\n2\n0\n1\n4\n3\n2\n1\n0\n1\n5\n3\n2\n1\n4\n0\n1\n3\n2\n1\n3\n2\n0\n1\n4\n3\n2\n1\n0\n1\n5\n3\n2\n1\n4\n0\n1\n3\n2\n1\n3\n2\n0\n1\n4\n3\n2\n1\n0\n1\n5\n3\n2\n1\n4\n0\n1\n3\n2\n1\n3\n2\n0\n1\n4\n3\n2\n1\n0\n1\n5\n3\n2\n1\n4\n0\n1\n3\n2\n1\n3\n2\n0\n1\n4\n3\n2\n1\n0\n1\n5\n3\n2\n1\n4\n0\n1\n3\n2\n1\n3\n2\n0\n1\n4\n3\n2\n1\n0\n1\n5\n3\n2\n1\n4\n0\n1\n3\n2\n1\n3\n2\n0\n1\n4\n3\n2\n1\n0\n1\n5\n3\n2\n1\n4\n0\n1\n3\n2\n1\n3\n2\n0\n1\n4\n3\n2\n1\n0\n1\n5\n3\n2\n1\n4\n0\n1\n3\n2\n1\n3\n2\n0\n1\n4\n3\n2\n1\n0\n1\n5\n3\n2\n1\n4\n0\n1\n3\n2\n1\n3\n2\n0\n1\n4\n3\n2\n1\n0\n1\n5\n3\n2\n1\n4\n0\n1\n3\n2\n1\n3\n2\n0\n1\n4\n3\n2\n1\n0\n1\n5\n3\n2\n1\n4\n0\n1\n3\n2\n1\n3\n2\n0\n1\n4\n3\n2\n1\n0\n1\n5\n3\n2\n1\n4\n0\n1\n3\n2\n1\n3\n2\n0\n1\n4\n3\n2\n1\n0\n1\n5\n3\n2\n1\n4\n0\n1\n3\n2\n1\n3\n2\n0\n1\n4\n3\n2\n1\n0\n1\n5\n3\n2\n1\n4\n0\n1\n3\n2\n1\n3\n2\n0\n1\n4\n3\n2\n1\n0\n1\n5\n3\n2\n1\n4\n0\n1\n3\n2\n1\n3\n2\n0\n1\n4\n3\n2\n1\n0\n1\n5\n3\n2\n1\n4\n0\n1\n3\n2\n1\n3\n2\n0\n1\n4\n3\n2\n1\n0\n1\n5\n3\n2\n1\n4\n0\n1\n3\n2\n1\n3\n2\n0\n1\n4\n3\n2\n1\n0\n1\n5\n3\n2\n1\n4\n0\n1\n3\n2\n1\n3\n2\n0\n1\n4\n3\n2\n1\n0\n1\n5\n3\n2\n1\n4\n0\n1\n3\n2\n1\n3\n2\n0\n1\n4\n3\n2\n1\n0\n1\n5\n3\n2\n1\n4\n0\n1\n3\n2\n1\n3\n2\n0\n1\n4\n3\n2\n1\n0\n1\n5\n3\n2\n1\n4\n0\n1\n3\n2\n1\n3\n2\n0\n1\n4\n3\n2\n1\n0\n1\n5\n3\n2\n1\n4\n0\n1\n3\n2\n1\n3\n2\n0\n1\n4\n3\n2\n1\n0\n1\n5\n3\n2\n1\n4\n0\n1\n3\n2\n1\n3\n2\n0\n1\n4\n3\n2\n1\n0\n1\n5\n3\n2\n1\n4\n0\n1\n3\n2\n1\n3\n2\n0\n1\n4\n3\n2\n1\n0\n1\n5\n3\n2\n1\n4\n0\n1\n3\n2\n1\n3\n2\n0\n1\n4\n3\n2\n1\n0\n1\n5\n3\n2\n1\n4\n0\n1\n3\n2\n1\n3\n2\n0\n1\n4\n3\n2\n1\n0\n1\n5\n3\n2\n1\n4\n0\n1\n3\n2\n1\n3\n2\n0\n1\n4\n3\n2\n1\n0\n1\n5\n3\n2\n1\n4\n0\n1\n3\n2\n1\n3\n2\n0\n1\n4\n3\n2\n1\n0\n1\n5\n3\n2\n1\n4\n0\n1\n3\n2\n1\n3\n2\n0\n1\n4\n3\n2\n1\n0\n1\n5\n3\n2\n1\n4\n0\n1\n3\n2\n1\n3\n2\n0\n1\n4\n3\n2\n1\n0\n1\n5\n3\n2\n1\n4\n0\n1\n3\n2\n1\n3\n2\n0\n1\n4\n3\n2\n1\n0\n1\n5\n3\n2\n1\n4\n0\n1\n3\n2\n1\n3\n2\n0\n1\n4\n3\n2\n1\n0\n1\n5\n3\n2\n1\n4\n0\n1\n3\n2\n1\n3\n2\n0\n1\n4\n3\n2\n1\n0\n1\n5\n3\n2\n1\n4\n0\n1\n3\n2\n1\n3\n2\n0\n1\n4\n3\n2\n1\n0\n1\n5\n3\n2\n1\n4\n0\n1\n3\n2\n1\n3\n2\n0\n1\n4\n3\n2\n1\n0\n1\n5\n3\n2\n1\n4\n0\n1\n3\n2\n1\n3\n2\n0\n1\n4\n3\n2\n1\n0\n1\n5\n3\n2\n1\n4\n0\n1\n3\n2\n1\n3\n2\n0\n1\n4\n3\n2\n1\n0\n1\n5\n3\n2\n1\n4\n0\n1\n3\n2\n1\n3\n2\n0\n1\n4\n3\n2\n1\n0\n1\n5\n3\n2\n1\n4\n0\n1\n3\n2\n1\n3\n2\n0\n1\n4\n3\n2\n1\n0\n1\n5\n3\n2\n1\n4\n0\n1\n3\n2\n1\n3\n2\n0\n1\n4\n3\n2\n1\n0\n1\n5\n3\n2\n1\n4\n0\n1\n3\n2\n1\n3\n2\n0\n1\n4\n3\n2\n1\n0\n1\n5\n3\n2\n1\n4\n0\n1\n3\n2\n1\n3\n2\n0\n1\n4\n3\n2\n1\n0\n1\n5\n3\n2\n1\n4\n0\n1\n3\n2\n1\n3\n2\n0\n1\n4\n3\n2\n1\n0\n1\n5\n3\n2\n1\n4\n0\n1\n3\n2\n1\n3\n2\n0\n1\n4\n3\n2\n1\n0\n1\n5\n3\n2\n1\n4\n0\n1\n3\n2\n1\n3\n2\n0\n1\n4\n3\n2\n1\n0\n1\n5\n3\n2\n1\n4\n0\n1\n3\n2\n1\n3\n2\n0\n1\n4\n3\n2\n1\n0\n1\n5\n3"
      ],
      "initial_code": "import java.util.Deque;\nimport java.util.LinkedList;\nimport java.util.Scanner;\npublic class Main {\n\tpublic static void main(String[] args) {\n\t\tScanner in = new Scanner(System.in);\n\t\tint n, m, p, q, r;\n\t\twhile ((n = in.nextInt()) > 0) {\n\t\t\tm = in.nextInt();\n\t\t\tp = in.nextInt() - 1;\n\t\t\tq = in.nextInt();\n\t\t\tr = in.nextInt();\n\t\t\tDeque<Integer> allDeque = getNewDeque();\n\t\t\tallDeque.add(Integer.valueOf(r));\n\t\t\tallDeque.add(Integer.valueOf(n - r));\n\t\t\tDeque<Integer> a = getNewDeque();\n\t\t\tDeque<Integer> c = getNewDeque();\n\t\t\tboolean top = true;\n\t\t\tboolean bottom = false;\n\t\t\tfor (int i = 0; i < m; i++) {\n\t\t\t\tboolean atop = top, abottm, ctop, cbottom = bottom;\n\t\t\t\tint asize = in.nextInt();\n\t\t\t\ta.clear();\n\t\t\t\twhile (asize >= allDeque.peekFirst().intValue()) {\n\t\t\t\t\ttop = !top;\n\t\t\t\t\tfinal Integer first = allDeque.removeFirst();\n\t\t\t\t\ta.addLast(first);\n\t\t\t\t\tasize -= first.intValue();\n\t\t\t\t}\n\t\t\t\tif (asize != 0) {\n\t\t\t\t\ta.addLast(Integer.valueOf(asize));\n\t\t\t\t\tfinal Integer first = allDeque.removeFirst();\n\t\t\t\t\tallDeque.addFirst(Integer.valueOf(first - asize));\n\t\t\t\t}\n\t\t\t\tabottm = (a.size() % 2 == 1) ? atop : !atop;\n\t\t\t\tint csize = n - in.nextInt();\n\t\t\t\tc.clear();\n\t\t\t\twhile (csize >= allDeque.peekLast().intValue()) {\n\t\t\t\t\tbottom = !bottom;\n\t\t\t\t\tfinal Integer last = allDeque.removeLast();\n\t\t\t\t\tc.addFirst(last);\n\t\t\t\t\tcsize -= last.intValue();\n\t\t\t\t}\n\t\t\t\tif (csize != 0) {\n\t\t\t\t\tc.addFirst(Integer.valueOf(csize));\n\t\t\t\t\tfinal Integer last = allDeque.removeLast();\n\t\t\t\t\tallDeque.addLast(Integer.valueOf(last - csize));\n\t\t\t\t}\n\t\t\t\tctop = (c.size() % 2 == 1) ? cbottom : !cbottom;\n\t\t\t\tif (atop == bottom) {\n\t\t\t\t\tint afirst = a.removeFirst().intValue();\n\t\t\t\t\tallDeque.addLast(Integer.valueOf(afirst\n\t\t\t\t\t\t\t+ allDeque.removeLast().intValue()));\n\t\t\t\t}\n\t\t\t\tif (cbottom == top) {\n\t\t\t\t\tint clast = a.removeLast().intValue();\n\t\t\t\t\tallDeque.addFirst(Integer.valueOf(clast\n\t\t\t\t\t\t\t+ allDeque.removeFirst().intValue()));\n\t\t\t\t}\n\t\t\t\tDeque<Integer> b = allDeque;\n\t\t\t\tallDeque = c;\n\t\t\t\tc = b;\n\t\t\t\tallDeque.addAll(b);\n\t\t\t\tallDeque.addAll(a);\n\t\t\t\ttop = ctop;\n\t\t\t\tbottom = abottm;\n\t\t\t}\n\t\t\twhile (p >= allDeque.peekFirst().intValue()) {\n\t\t\t\tfinal int val = allDeque.removeFirst().intValue();\n\t\t\t\tq -= val;\n\t\t\t\tp -= val;\n\t\t\t\ttop = !top;\n\t\t\t}\n\t\t\tint count = (top) ? -p : 0;\n\t\t\twhile (q >= allDeque.peekFirst().intValue()) {\n\t\t\t\tfinal int intValue = allDeque.removeFirst().intValue();\n\t\t\t\tq -= intValue;\n\t\t\t\tif (top)\n\t\t\t\t\tcount += intValue;\n\t\t\t\ttop = !top;\n\t\t\t}\n\t\t\tif (top) {\n\t\t\t\tcount += q;\n\t\t\t}\n\t\t\tSystem.out.println(count);\n\t\t}\n\t}\n\tprivate static Deque<Integer> getNewDeque() {\n\t\treturn new LinkedList<Integer>();\n\t}\n}",
      "covered_code": "Given the complex nature of the provided program and the extensive test case input, it's challenging to provide a detailed step-by-step execution plan like the provided example due to the iterative and conditional nature of the program operations. However, I will outline a generalized plan that highlights key areas of execution and their potential coverage implications based on the program's structure and the type of input provided.\n\n### General Plan for Step by Step Execution:\n\n1. **Program Initialization**: \n   - Execution starts with the import statements, class declaration, and `main` method declaration which are always executed.\n\n2. **Reading Input**:\n   - The program enters a while loop that continues as long as the next input integer `n` is greater than 0. Given the test case input starts with `-10`, the loop condition fails immediately, and the loop body is never executed.\n\n3. **Loop Body Execution (Hypothetical)**:\n   - If we consider inputs where `n` would be greater than 0, the program would then proceed to read more integers for `m`, `p`, `q`, `r`, and perform operations involving Deques `allDeque`, `a`, and `c`. \n   - It involves complex manipulations including clearing, adding, removing elements from these Deques based on certain conditions which are determined by the inputs.\n   - Operations inside the loop include conditional checks, arithmetic operations, and updating boolean flags which would all be covered if the loop were to execute.\n\n4. **Output**:\n   - As the loop is not executed due to the initial input condition, the statements inside the loop and any possible output generated from within the loop are not executed.\n\n5. **Exception Handling**:\n   - The provided code snippet and test case do not explicitly involve exception handling. However, it's important to note that if inputs were such that they caused issues (like division by zero, index out of bounds in deque operations), those would be runtime errors not caught by the program.\n\n### Predicted Code Coverage Based on Test Case Input:\n\n- Given the specific test case input provided, the program's execution would immediately exit the while loop, implying a significant portion of the code related to the loop's body would not be executed.\n\n```\n! import java.util.Deque;\n! import java.util.LinkedList;\n! import java.util.Scanner;\n! public class Main {\n!     public static void main(String[] args) {\n!         Scanner in = new Scanner(System.in);\n!         int n, m, p, q, r;\n!         while ((n = in.nextInt()) > 0) {\n!             m = in.nextInt();\n!             p = in.nextInt() - 1;\n!             q = in.nextInt();\n!             r = in.nextInt();\n!             Deque<Integer> allDeque = getNewDeque();\n!             allDeque.add(Integer.valueOf(r));\n!             allDeque.add(Integer.valueOf(n - r));\n!             Deque<Integer> a = getNewDeque();\n!             Deque<Integer> c = getNewDeque();\n!             boolean top = true;\n!             boolean bottom = false;\n!             for (int i = 0; i < m; i++) {\n!                 /* All statements inside this loop are not executed */\n!             }\n!             /* The output print statement is also not executed */\n!         }\n!     }\n!     private static Deque<Integer> getNewDeque() {\n!         return new LinkedList<Integer>();\n!     }\n! }\n```\n\n- Given that the loop does not execute at all based on the initial input condition (`-10`), all lines associated with the loop and its internal logic are marked with `!` indicating they were not executed.\n\n### Conclusion:\n\nBased on the provided test case where the first input immediately fails the loop's condition, a significant portion of the program related to deque operations, condition checks, and output generation is not covered.",
      "test_seed_coverage": [
        ">",
        ">",
        ">",
        ">",
        ">",
        ">",
        ">",
        ">",
        ">",
        ">",
        ">",
        ">",
        ">",
        ">",
        ">",
        ">",
        ">",
        ">",
        ">",
        ">",
        ">",
        ">",
        ">",
        ">",
        ">",
        ">",
        ">",
        ">",
        ">",
        ">",
        ">",
        ">",
        ">",
        ">",
        ">",
        ">",
        ">",
        ">",
        ">",
        ">",
        ">",
        ">",
        ">",
        ">",
        ">",
        ">",
        ">",
        ">",
        ">",
        ">",
        ">",
        ">",
        ">",
        ">",
        ">",
        ">",
        ">",
        ">",
        ">",
        ">",
        ">",
        ">",
        ">",
        ">",
        ">",
        ">",
        ">",
        ">",
        ">",
        ">",
        ">",
        ">",
        ">",
        ">",
        ">",
        ">",
        ">",
        ">",
        ">",
        ">",
        ">",
        ">",
        ">",
        ">",
        ">",
        ">",
        ">",
        ">",
        ">",
        ">",
        ">"
      ],
      "cumulative_coverage": [
        ">",
        ">",
        ">",
        ">",
        ">",
        ">",
        ">",
        ">",
        ">",
        ">",
        ">",
        ">",
        ">",
        ">",
        ">",
        ">",
        ">",
        ">",
        ">",
        ">",
        ">",
        ">",
        ">",
        ">",
        ">",
        ">",
        ">",
        ">",
        ">",
        ">",
        ">",
        ">",
        ">",
        ">",
        ">",
        ">",
        ">",
        ">",
        ">",
        ">",
        ">",
        ">",
        ">",
        ">",
        ">",
        ">",
        ">",
        ">",
        ">",
        ">",
        ">",
        ">",
        ">",
        ">",
        ">",
        ">",
        ">",
        ">",
        ">",
        ">",
        ">",
        ">",
        ">",
        ">",
        ">",
        ">",
        ">",
        ">",
        ">",
        ">",
        ">",
        ">",
        ">",
        ">",
        ">",
        ">",
        ">",
        ">",
        ">",
        ">",
        ">",
        ">",
        ">",
        ">",
        ">",
        ">",
        ">",
        ">",
        ">",
        ">",
        ">"
      ],
      "execution_output": "",
      "cerberus_output": "",
      "execution_result": "",
      "test_case_id": "4"
    },
    {
      "test_case": [
        "Test Case Input:\n5\n3\n2\n4\n1\n2\n3\n4\n5\n1\n2\n3\n4\n5\n1\n2\n3\n4\n5\n1\n2\n3\n4\n5\n1\n2\n3\n4\n5\n1\n2\n3\n4\n5\n1\n2\n3\n4\n5\n1\n2\n3\n4\n5\n1\n2\n3\n4\n5\n1\n2\n3\n4\n5\n1\n2\n3\n4\n5\n1\n2\n3\n4\n5\n1\n2\n3\n4\n5\n1\n2\n3\n4\n5\n1\n2\n3\n4\n5\n1\n2\n3\n4\n5\n1\n2\n3\n4\n5\n1\n2\n3\n4\n5\n1\n2\n3\n4\n5\n1\n2\n3\n4\n5\n1\n2\n3\n4\n5\n1\n2\n3\n4\n5\n1\n2\n3\n4\n5\n1\n2\n3\n4\n5\n1\n2\n3\n4\n5\n1\n2\n3\n4\n5\n1\n2\n3\n4\n5\n1\n2\n3\n4\n5\n1\n2\n3\n4\n5\n1\n2\n3\n4\n5\n1\n2\n3\n4\n5\n1\n2\n3\n4\n5\n1\n2\n3\n4\n5\n1\n2\n3\n4\n5\n1\n2\n3\n4\n5\n1\n2\n3\n4\n5\n1\n2\n3\n4\n5\n1\n2\n3\n4\n5\n1\n2\n3\n4\n5\n1\n2\n3\n4\n5\n1\n2\n3\n4\n5\n1\n2\n3\n4\n5\n1\n2\n3\n4\n5\n1\n2\n3\n4\n5\n1\n2\n3\n4\n5\n1\n2\n3\n4\n5\n1\n2\n3\n4\n5\n1\n2\n3\n4\n5\n1\n2\n3\n4\n5\n1\n2\n3\n4\n5\n1\n2\n3\n4\n5\n1\n2\n3\n4\n5\n1\n2\n3\n4\n5\n1\n2\n3\n4\n5\n1\n2\n3\n4\n5\n1\n2\n3\n4\n5\n1\n2\n3\n4\n5\n1\n2\n3\n4\n5\n1\n2\n3\n4\n5\n1\n2\n3\n4\n5\n1\n2\n3\n4\n5\n1\n2\n3\n4\n5\n1\n2\n3\n4\n5\n1\n2\n3\n4\n5\n1\n2\n3\n4\n5\n1\n2\n3\n4\n5\n1\n2\n3\n4\n5\n1\n2\n3\n4\n5\n1\n2\n3\n4\n5\n1\n2\n3\n4\n5\n1\n2\n3\n4\n5\n1\n2\n3\n4\n5\n1\n2\n3\n4\n5\n1\n2\n3\n4\n5\n1\n2\n3\n4\n5\n1\n2\n3\n4\n5\n1\n2\n3\n4\n5\n1\n2\n3\n4\n5\n1\n2\n3\n4\n5\n1\n2\n3\n4\n5\n1\n2\n3\n4\n5\n1\n2\n3\n4\n5\n1\n2\n3\n4\n5\n1\n2\n3\n4\n5\n1\n2\n3\n4\n5\n1\n2\n3\n4\n5\n1\n2\n3\n4\n5\n1\n2\n3\n4\n5\n1\n2\n3\n4\n5\n1\n2\n3\n4\n5\n1\n2\n3\n4\n5\n1\n2\n3\n4\n5\n1\n2\n3\n4\n5\n1\n2\n3\n4\n5\n1\n2\n3\n4\n5\n1\n2\n3\n4\n5\n1\n2\n3\n4\n5\n1\n2\n3\n4\n5\n1\n2\n3\n4\n5\n1\n2\n3\n4\n5\n1\n2\n3\n4\n5\n1\n2\n3\n4\n5\n1\n2\n3\n4\n5\n1\n2\n3\n4\n5\n1\n2\n3\n4\n5\n1\n2\n3\n4\n5\n1\n2\n3\n4\n5\n1\n2\n3\n4\n5\n1\n2\n3\n4\n5\n1\n2\n3\n4\n5\n1\n2\n3\n4\n5\n1\n2\n3\n4\n5\n1\n2\n3\n4\n5\n1\n2\n3\n4\n5\n1\n2\n3\n4\n5\n1\n2\n3\n4\n5\n1\n2\n3\n4\n5\n1\n2\n3\n4\n5\n1\n2\n3\n4\n5\n1\n2\n3\n4\n5\n1\n2\n3\n4\n5\n1\n2\n3\n4\n5\n1\n2\n3\n4\n5\n1\n2\n3\n4\n5\n1\n2\n3\n4\n5\n1\n2\n3\n4\n5\n1\n2\n3\n4\n5\n1\n2\n3\n4\n5\n1\n2\n3\n4\n5\n1\n2\n3\n4\n5\n1\n2\n3\n4\n5\n1\n2\n3\n4\n5\n1\n2\n3\n4\n5\n1\n2\n3\n4\n5\n1\n2\n3\n4\n5\n1\n2\n3\n4\n5\n1\n2\n3\n4\n5\n1\n2\n3\n4\n5\n1\n2\n3\n4\n5\n1\n2\n3\n4\n5\n1\n2\n3\n4\n5\n1\n2\n3\n4\n5\n1\n2\n3\n4\n5\n1\n2\n3\n4\n5\n1\n2\n3\n4\n5\n1\n2\n3\n4\n5\n1\n2\n3\n4\n5\n1\n2\n3\n4\n5\n1\n2\n3\n4\n5\n1\n2\n3\n4\n5\n1\n2\n3\n4\n5\n1\n2\n3\n4\n5\n1\n2\n3\n4\n5\n1\n2\n3\n4\n5\n1\n2\n3\n4\n5\n1\n2\n3\n4\n5\n1\n2\n3\n4\n5\n1\n2\n3\n4\n5\n1\n2\n3\n4\n5\n1\n2\n3\n4\n5\n1\n2\n3\n4\n5\n1\n2\n3\n4\n5\n1\n2\n3\n4\n5\n1\n2\n3\n4\n5\n1\n2\n3\n4\n5\n1\n2\n3\n4\n5\n1\n2\n3\n4\n5\n1\n2\n3\n4\n5\n1\n2\n3\n4\n5\n1\n2\n3\n4\n5\n1\n2\n3\n4\n5\n1\n2\n3\n4\n5\n1\n2\n3\n4\n5\n1\n2\n3\n4\n5\n1\n2\n3\n4\n5\n1\n2\n3\n4\n5\n1\n2\n3\n4\n5\n1\n2\n3\n4\n5\n1\n2\n3\n4\n5\n1\n2\n3\n4\n5\n1\n2\n3\n4\n5\n1\n2\n3\n4\n5\n1\n2\n3\n4\n5\n1\n2\n3\n4\n5\n1\n2\n3\n4\n5\n1\n2\n3\n4\n5\n1\n2\n3\n4\n5\n1\n2\n3\n4\n5\n1\n2\n3\n4\n5\n1\n2\n3\n4\n5\n1\n2\n3\n4\n5\n1\n2\n3\n4\n5\n1\n2\n3\n4\n5\n1\n2\n3\n4\n5\n1\n2\n3\n4\n5\n1\n2\n3\n4\n5\n1\n2\n3\n4\n5\n1\n2\n3\n4\n5\n1\n2\n3\n4\n5\n1\n2\n3\n4\n5\n1\n2\n3\n4\n5\n1\n2\n3\n4\n5\n1\n2\n3\n4\n5\n1\n2\n3\n4\n5\n1\n2\n3\n4\n5\n1\n2\n3\n4\n5\n1\n2\n3\n4\n5\n1\n2\n3\n4\n5\n1\n2\n3\n4\n5\n1\n2\n3\n4\n5\n1\n2\n3\n4\n5\n1\n2\n3\n4\n5\n1\n2\n3\n4\n5\n1\n2\n3\n4\n5\n1\n2\n3\n4\n5\n1\n2\n3\n4\n5\n1\n2\n3\n4\n5\n1\n2\n3\n4\n5\n1\n2\n3\n4\n5\n1\n2\n3\n4\n5\n1\n2\n3\n4\n5\n1\n2\n3\n4\n5\n1\n2\n3\n4\n5\n1\n2\n3\n4\n5\n1\n2\n3\n4\n5\n1\n2\n3\n4\n5\n1\n2\n3\n4\n5\n1\n2\n3\n4\n5\n1\n2\n3\n4\n5\n1\n2\n3\n4\n5\n1\n2\n3\n4\n5\n1\n2\n3\n4\n5\n1\n2\n3\n4\n5\n1\n2\n3\n4\n5\n1\n2\n3\n4\n5\n1\n2\n3\n4\n5\n1\n2\n3\n4\n5\n1\n2\n3\n4\n5\n1\n2\n3\n4\n5\n1\n2\n3\n4\n5\n1\n2\n3\n4\n5\n1\n2\n3\n4\n5\n1\n2\n3\n4\n5\n1\n2\n3\n4\n5\n1\n2\n3\n4\n5\n1\n2\n3\n4\n5\n1\n2\n3\n4\n5\n1\n2\n3\n4\n5\n1\n2\n3\n4\n5\n1\n2\n3\n4\n5\n1\n2\n3\n4\n5\n1\n2\n3\n4\n5\n1\n2\n3\n4\n5\n1\n2\n3\n4\n5\n1\n2\n3\n4\n5\n1\n2\n3\n4\n5\n1\n2\n3\n4\n5\n1\n2\n3\n4\n5\n1\n2\n3\n4\n5\n1\n2\n3\n4\n5\n1\n2\n3\n4\n5\n1\n2\n3\n4\n5\n1\n2\n3\n4\n5\n1\n2\n3\n4\n5\n1\n2\n3\n4\n5\n1\n2\n3\n4\n5\n1\n2\n3\n4\n5\n1\n2\n3\n4\n5\n1\n2\n3\n4\n5\n1\n2\n3\n4\n5\n1\n2\n3\n4\n5\n1\n2\n3\n4\n5\n1\n2\n3\n4\n5\n1\n2\n3\n4\n5\n1\n2\n3\n4\n5\n1\n2\n3\n4\n5\n1\n2\n3\n4\n5\n1\n2\n3\n4\n5\n1\n2\n3\n4\n5\n1\n2\n3\n4\n5\n1\n2\n3\n4\n5\n1\n2\n3\n4\n5\n1\n2\n3\n4\n5\n1\n2\n3\n4\n5\n1\n2\n3\n4\n5\n1\n2\n3\n4\n5\n1\n2\n3\n4\n5\n1\n2\n3\n4\n5\n1\n2\n3\n4\n5\n1\n2\n3\n4\n5\n1\n2\n3\n4\n5\n1\n2\n3\n4\n5\n1\n2\n3\n4\n5\n1\n2\n3\n4\n5\n1\n2\n3\n4\n5\n1\n2\n3\n4\n5\n1\n2\n3\n4\n5\n1\n2\n3\n4\n5\n1\n2\n3\n4\n5\n1\n2\n3\n4\n5\n1\n2\n3\n4\n5\n1\n2\n3\n4\n5\n1\n2\n3\n4\n5\n1\n2\n3\n4\n5\n1\n2\n3\n4\n5\n1\n2\n3\n4\n5\n1\n2\n3\n4\n5\n1\n2\n3\n4\n5\n1\n2\n3\n4\n5\n1\n2\n3\n4\n5\n1\n2\n3\n4\n5\n1\n2\n3\n4\n5\n1\n2\n3\n4\n5\n1\n2\n3\n4\n5\n1\n2\n3\n4\n5\n1\n2\n3\n4"
      ],
      "test_mutations": [
        "Test Case Input:\n5\n3\n2\n4\n1\n2\n3\n4\n5\n1\n2\n3\n4\n5\n1\n2\n3\n4\n5\n1\n2\n3\n4\n5\n1\n2\n3\n4\n5\n1\n2\n3\n4\n5\n1\n2\n3\n4\n5\n1\n2\n3\n4\n5\n1\n2\n3\n4\n5\n1\n2\n3\n4\n5\n1\n2\n3\n4\n5\n1\n2\n3\n4\n5\n1\n2\n3\n4\n5\n1\n2\n3\n4\n5\n1\n2\n3\n4\n5\n1\n2\n3\n4\n5\n1\n2\n3\n4\n5\n1\n2\n3\n4\n5\n1\n2\n3\n4\n5\n1\n2\n3\n4\n5\n1\n2\n3\n4\n5\n1\n2\n3\n4\n5\n1\n2\n3\n4\n5\n1\n2\n3\n4\n5\n1\n2\n3\n4\n5\n1\n2\n3\n4\n5\n1\n2\n3\n4\n5\n1\n2\n3\n4\n5\n1\n2\n3\n4\n5\n1\n2\n3\n4\n5\n1\n2\n3\n4\n5\n1\n2\n3\n4\n5\n1\n2\n3\n4\n5\n1\n2\n3\n4\n5\n1\n2\n3\n4\n5\n1\n2\n3\n4\n5\n1\n2\n3\n4\n5\n1\n2\n3\n4\n5\n1\n2\n3\n4\n5\n1\n2\n3\n4\n5\n1\n2\n3\n4\n5\n1\n2\n3\n4\n5\n1\n2\n3\n4\n5\n1\n2\n3\n4\n5\n1\n2\n3\n4\n5\n1\n2\n3\n4\n5\n1\n2\n3\n4\n5\n1\n2\n3\n4\n5\n1\n2\n3\n4\n5\n1\n2\n3\n4\n5\n1\n2\n3\n4\n5\n1\n2\n3\n4\n5\n1\n2\n3\n4\n5\n1\n2\n3\n4\n5\n1\n2\n3\n4\n5\n1\n2\n3\n4\n5\n1\n2\n3\n4\n5\n1\n2\n3\n4\n5\n1\n2\n3\n4\n5\n1\n2\n3\n4\n5\n1\n2\n3\n4\n5\n1\n2\n3\n4\n5\n1\n2\n3\n4\n5\n1\n2\n3\n4\n5\n1\n2\n3\n4\n5\n1\n2\n3\n4\n5\n1\n2\n3\n4\n5\n1\n2\n3\n4\n5\n1\n2\n3\n4\n5\n1\n2\n3\n4\n5\n1\n2\n3\n4\n5\n1\n2\n3\n4\n5\n1\n2\n3\n4\n5\n1\n2\n3\n4\n5\n1\n2\n3\n4\n5\n1\n2\n3\n4\n5\n1\n2\n3\n4\n5\n1\n2\n3\n4\n5\n1\n2\n3\n4\n5\n1\n2\n3\n4\n5\n1\n2\n3\n4\n5\n1\n2\n3\n4\n5\n1\n2\n3\n4\n5\n1\n2\n3\n4\n5\n1\n2\n3\n4\n5\n1\n2\n3\n4\n5\n1\n2\n3\n4\n5\n1\n2\n3\n4\n5\n1\n2\n3\n4\n5\n1\n2\n3\n4\n5\n1\n2\n3\n4\n5\n1\n2\n3\n4\n5\n1\n2\n3\n4\n5\n1\n2\n3\n4\n5\n1\n2\n3\n4\n5\n1\n2\n3\n4\n5\n1\n2\n3\n4\n5\n1\n2\n3\n4\n5\n1\n2\n3\n4\n5\n1\n2\n3\n4\n5\n1\n2\n3\n4\n5\n1\n2\n3\n4\n5\n1\n2\n3\n4\n5\n1\n2\n3\n4\n5\n1\n2\n3\n4\n5\n1\n2\n3\n4\n5\n1\n2\n3\n4\n5\n1\n2\n3\n4\n5\n1\n2\n3\n4\n5\n1\n2\n3\n4\n5\n1\n2\n3\n4\n5\n1\n2\n3\n4\n5\n1\n2\n3\n4\n5\n1\n2\n3\n4\n5\n1\n2\n3\n4\n5\n1\n2\n3\n4\n5\n1\n2\n3\n4\n5\n1\n2\n3\n4\n5\n1\n2\n3\n4\n5\n1\n2\n3\n4\n5\n1\n2\n3\n4\n5\n1\n2\n3\n4\n5\n1\n2\n3\n4\n5\n1\n2\n3\n4\n5\n1\n2\n3\n4\n5\n1\n2\n3\n4\n5\n1\n2\n3\n4\n5\n1\n2\n3\n4\n5\n1\n2\n3\n4\n5\n1\n2\n3\n4\n5\n1\n2\n3\n4\n5\n1\n2\n3\n4\n5\n1\n2\n3\n4\n5\n1\n2\n3\n4\n5\n1\n2\n3\n4\n5\n1\n2\n3\n4\n5\n1\n2\n3\n4\n5\n1\n2\n3\n4\n5\n1\n2\n3\n4\n5\n1\n2\n3\n4\n5\n1\n2\n3\n4\n5\n1\n2\n3\n4\n5\n1\n2\n3\n4\n5\n1\n2\n3\n4\n5\n1\n2\n3\n4\n5\n1\n2\n3\n4\n5\n1\n2\n3\n4\n5\n1\n2\n3\n4\n5\n1\n2\n3\n4\n5\n1\n2\n3\n4\n5\n1\n2\n3\n4\n5\n1\n2\n3\n4\n5\n1\n2\n3\n4\n5\n1\n2\n3\n4\n5\n1\n2\n3\n4\n5\n1\n2\n3\n4\n5\n1\n2\n3\n4\n5\n1\n2\n3\n4\n5\n1\n2\n3\n4\n5\n1\n2\n3\n4\n5\n1\n2\n3\n4\n5\n1\n2\n3\n4\n5\n1\n2\n3\n4\n5\n1\n2\n3\n4\n5\n1\n2\n3\n4\n5\n1\n2\n3\n4\n5\n1\n2\n3\n4\n5\n1\n2\n3\n4\n5\n1\n2\n3\n4\n5\n1\n2\n3\n4\n5\n1\n2\n3\n4\n5\n1\n2\n3\n4\n5\n1\n2\n3\n4\n5\n1\n2\n3\n4\n5\n1\n2\n3\n4\n5\n1\n2\n3\n4\n5\n1\n2\n3\n4\n5\n1\n2\n3\n4\n5\n1\n2\n3\n4\n5\n1\n2\n3\n4\n5\n1\n2\n3\n4\n5\n1\n2\n3\n4\n5\n1\n2\n3\n4\n5\n1\n2\n3\n4\n5\n1\n2\n3\n4\n5\n1\n2\n3\n4\n5\n1\n2\n3\n4\n5\n1\n2\n3\n4\n5\n1\n2\n3\n4\n5\n1\n2\n3\n4\n5\n1\n2\n3\n4\n5\n1\n2\n3\n4\n5\n1\n2\n3\n4\n5\n1\n2\n3\n4\n5\n1\n2\n3\n4\n5\n1\n2\n3\n4\n5\n1\n2\n3\n4\n5\n1\n2\n3\n4\n5\n1\n2\n3\n4\n5\n1\n2\n3\n4\n5\n1\n2\n3\n4\n5\n1\n2\n3\n4\n5\n1\n2\n3\n4\n5\n1\n2\n3\n4\n5\n1\n2\n3\n4\n5\n1\n2\n3\n4\n5\n1\n2\n3\n4\n5\n1\n2\n3\n4\n5\n1\n2\n3\n4\n5\n1\n2\n3\n4\n5\n1\n2\n3\n4\n5\n1\n2\n3\n4\n5\n1\n2\n3\n4\n5\n1\n2\n3\n4\n5\n1\n2\n3\n4\n5\n1\n2\n3\n4\n5\n1\n2\n3\n4\n5\n1\n2\n3\n4\n5\n1\n2\n3\n4\n5\n1\n2\n3\n4\n5\n1\n2\n3\n4\n5\n1\n2\n3\n4\n5\n1\n2\n3\n4\n5\n1\n2\n3\n4\n5\n1\n2\n3\n4\n5\n1\n2\n3\n4\n5\n1\n2\n3\n4\n5\n1\n2\n3\n4\n5\n1\n2\n3\n4\n5\n1\n2\n3\n4\n5\n1\n2\n3\n4\n5\n1\n2\n3\n4\n5\n1\n2\n3\n4\n5\n1\n2\n3\n4\n5\n1\n2\n3\n4\n5\n1\n2\n3\n4\n5\n1\n2\n3\n4\n5\n1\n2\n3\n4\n5\n1\n2\n3\n4\n5\n1\n2\n3\n4\n5\n1\n2\n3\n4\n5\n1\n2\n3\n4\n5\n1\n2\n3\n4\n5\n1\n2\n3\n4\n5\n1\n2\n3\n4\n5\n1\n2\n3\n4\n5\n1\n2\n3\n4\n5\n1\n2\n3\n4\n5\n1\n2\n3\n4\n5\n1\n2\n3\n4\n5\n1\n2\n3\n4\n5\n1\n2\n3\n4\n5\n1\n2\n3\n4\n5\n1\n2\n3\n4\n5\n1\n2\n3\n4\n5\n1\n2\n3\n4\n5\n1\n2\n3\n4\n5\n1\n2\n3\n4\n5\n1\n2\n3\n4\n5\n1\n2\n3\n4\n5\n1\n2\n3\n4\n5\n1\n2\n3\n4\n5\n1\n2\n3\n4\n5\n1\n2\n3\n4\n5\n1\n2\n3\n4\n5\n1\n2\n3\n4\n5\n1\n2\n3\n4\n5\n1\n2\n3\n4\n5\n1\n2\n3\n4\n5\n1\n2\n3\n4\n5\n1\n2\n3\n4\n5\n1\n2\n3\n4\n5\n1\n2\n3\n4\n5\n1\n2\n3\n4\n5\n1\n2\n3\n4\n5\n1\n2\n3\n4\n5\n1\n2\n3\n4\n5\n1\n2\n3\n4\n5\n1\n2\n3\n4\n5\n1\n2\n3\n4\n5\n1\n2\n3\n4\n5\n1\n2\n3\n4\n5\n1\n2\n3\n4\n5\n1\n2\n3\n4\n5\n1\n2\n3\n4\n5\n1\n2\n3\n4\n5\n1\n2\n3\n4\n5\n1\n2\n3\n4\n5\n1\n2\n3\n4\n5\n1\n2\n3\n4\n5\n1\n2\n3\n4\n5\n1\n2\n3\n4\n5\n1\n2\n3\n4\n5\n1\n2\n3\n4\n5\n1\n2\n3\n4\n5\n1\n2\n3\n4\n5\n1\n2\n3\n4\n5\n1\n2\n3\n4\n5\n1\n2\n3\n4\n5\n1\n2\n3\n4\n5\n1\n2\n3\n4\n5\n1\n2\n3\n4\n5\n1\n2\n3\n4\n5\n1\n2\n3\n4\n5\n1\n2\n3\n4\n5\n1\n2\n3\n4\n5\n1\n2\n3\n4\n5\n1\n2\n3\n4\n5\n1\n2\n3\n4\n5\n1\n2\n3\n4\n5\n1\n2\n3\n4\n5\n1\n2\n3\n4\n5\n1\n2\n3\n4\n5\n1\n2\n3\n4\n5\n1\n2\n3\n4\n5\n1\n2\n3\n4"
      ],
      "initial_code": "import java.util.Deque;\nimport java.util.LinkedList;\nimport java.util.Scanner;\npublic class Main {\n\tpublic static void main(String[] args) {\n\t\tScanner in = new Scanner(System.in);\n\t\tint n, m, p, q, r;\n\t\twhile ((n = in.nextInt()) > 0) {\n\t\t\tm = in.nextInt();\n\t\t\tp = in.nextInt() - 1;\n\t\t\tq = in.nextInt();\n\t\t\tr = in.nextInt();\n\t\t\tDeque<Integer> allDeque = getNewDeque();\n\t\t\tallDeque.add(Integer.valueOf(r));\n\t\t\tallDeque.add(Integer.valueOf(n - r));\n\t\t\tDeque<Integer> a = getNewDeque();\n\t\t\tDeque<Integer> c = getNewDeque();\n\t\t\tboolean top = true;\n\t\t\tboolean bottom = false;\n\t\t\tfor (int i = 0; i < m; i++) {\n\t\t\t\tboolean atop = top, abottm, ctop, cbottom = bottom;\n\t\t\t\tint asize = in.nextInt();\n\t\t\t\ta.clear();\n\t\t\t\twhile (asize >= allDeque.peekFirst().intValue()) {\n\t\t\t\t\ttop = !top;\n\t\t\t\t\tfinal Integer first = allDeque.removeFirst();\n\t\t\t\t\ta.addLast(first);\n\t\t\t\t\tasize -= first.intValue();\n\t\t\t\t}\n\t\t\t\tif (asize != 0) {\n\t\t\t\t\ta.addLast(Integer.valueOf(asize));\n\t\t\t\t\tfinal Integer first = allDeque.removeFirst();\n\t\t\t\t\tallDeque.addFirst(Integer.valueOf(first - asize));\n\t\t\t\t}\n\t\t\t\tabottm = (a.size() % 2 == 1) ? atop : !atop;\n\t\t\t\tint csize = n - in.nextInt();\n\t\t\t\tc.clear();\n\t\t\t\twhile (csize >= allDeque.peekLast().intValue()) {\n\t\t\t\t\tbottom = !bottom;\n\t\t\t\t\tfinal Integer last = allDeque.removeLast();\n\t\t\t\t\tc.addFirst(last);\n\t\t\t\t\tcsize -= last.intValue();\n\t\t\t\t}\n\t\t\t\tif (csize != 0) {\n\t\t\t\t\tc.addFirst(Integer.valueOf(csize));\n\t\t\t\t\tfinal Integer last = allDeque.removeLast();\n\t\t\t\t\tallDeque.addLast(Integer.valueOf(last - csize));\n\t\t\t\t}\n\t\t\t\tctop = (c.size() % 2 == 1) ? cbottom : !cbottom;\n\t\t\t\tif (atop == bottom) {\n\t\t\t\t\tint afirst = a.removeFirst().intValue();\n\t\t\t\t\tallDeque.addLast(Integer.valueOf(afirst\n\t\t\t\t\t\t\t+ allDeque.removeLast().intValue()));\n\t\t\t\t}\n\t\t\t\tif (cbottom == top) {\n\t\t\t\t\tint clast = a.removeLast().intValue();\n\t\t\t\t\tallDeque.addFirst(Integer.valueOf(clast\n\t\t\t\t\t\t\t+ allDeque.removeFirst().intValue()));\n\t\t\t\t}\n\t\t\t\tDeque<Integer> b = allDeque;\n\t\t\t\tallDeque = c;\n\t\t\t\tc = b;\n\t\t\t\tallDeque.addAll(b);\n\t\t\t\tallDeque.addAll(a);\n\t\t\t\ttop = ctop;\n\t\t\t\tbottom = abottm;\n\t\t\t}\n\t\t\twhile (p >= allDeque.peekFirst().intValue()) {\n\t\t\t\tfinal int val = allDeque.removeFirst().intValue();\n\t\t\t\tq -= val;\n\t\t\t\tp -= val;\n\t\t\t\ttop = !top;\n\t\t\t}\n\t\t\tint count = (top) ? -p : 0;\n\t\t\twhile (q >= allDeque.peekFirst().intValue()) {\n\t\t\t\tfinal int intValue = allDeque.removeFirst().intValue();\n\t\t\t\tq -= intValue;\n\t\t\t\tif (top)\n\t\t\t\t\tcount += intValue;\n\t\t\t\ttop = !top;\n\t\t\t}\n\t\t\tif (top) {\n\t\t\t\tcount += q;\n\t\t\t}\n\t\t\tSystem.out.println(count);\n\t\t}\n\t}\n\tprivate static Deque<Integer> getNewDeque() {\n\t\treturn new LinkedList<Integer>();\n\t}\n}",
      "covered_code": "Given the extensive and complex nature of the provided test case input and the Java program, analyzing for exact line-by-line execution and coverage would be impractical due to the sheer volume of operations. However, we can outline a general plan to approach this problem, aiming to understand which parts of the code are likely to be executed and which parts might not, based on the structure of the program and the nature of the input.\n\n### Plan for Step-by-Step Execution:\n\n1. **Import Statements**: Always executed. The statement `import java.util.Deque;`, `import java.util.LinkedList;`, and `import java.util.Scanner;` will be covered.\n\n2. **Class and Main Method Declaration**: Always executed. The declaration of the `Main` class and the `public static void main(String[] args)` method will be covered.\n\n3. **Initial Input Processing**: The program initiates a loop that continues as long as the input `n` is greater than 0. Given the input, this loop will execute multiple times, covering the initial read operation `n = in.nextInt()` and subsequent read operations for `m`, `p`, `q`, and `r`.\n\n4. **Deque Initialization and Manipulation**: The method `getNewDeque` will be called multiple times to initialize `allDeque`, `a`, and `c` Deques. These Deques are manipulated extensively in the loop that processes `m` operations. Given the complexity of the input, it's reasonable to assume all parts of this loop, including conditional checks, additions, and removals from Deques, will be executed.\n\n5. **Deque Operations within the Loop**: The loop handling `m` operations includes complex logic with conditional statements to manipulate the Deques based on input values. Given the variety of inputs, all paths within this loop including all conditions, additions, and subtractions on the Deques are likely to be executed.\n\n6. **Final Calculations and Output**: After the loop processing `m` operations, there are calculations to determine the `count` based on the final state of `allDeque` and the values of `p` and `q`. This section, including the final output operation `System.out.println(count);`, will be executed.\n\n7. **Method `getNewDeque` Execution**: The helper method `getNewDeque` is used multiple times in the program to create new Deque instances. This method will be executed as part of the initialization of Deques.\n\n### Code Coverage Indicators:\n\nGiven the explanation above and considering the complexity of the input, it is reasonable to infer high code coverage for this program, with all logical branches and loops being exercised due to the variety and volume of input data. However, without running the program with the exact inputs and analyzing each line's execution, this remains an educated approximation.\n\n- Most control flow constructs (`if`, `while`, and `for` loops) are likely to be executed due to the varied nature of the input.\n- All methods (`main` and `getNewDeque`) are executed.\n- Exception handling or error checks are not explicitly mentioned in the given code, so any potential exceptions (such as input mismatch or arithmetic errors) cannot be directly inferred from the provided plan.\n\n### Conclusion:\n\nThe code coverage for this Java program, based on the provided plan and without explicit tool-based analysis, is expected to be high, with nearly all statements executed due to the comprehensive and varied nature of the test case input.",
      "test_seed_coverage": [
        ">",
        ">",
        ">",
        ">",
        ">",
        ">",
        ">",
        ">",
        ">",
        ">",
        ">",
        ">",
        ">",
        ">",
        ">",
        ">",
        ">",
        ">",
        ">",
        ">",
        ">",
        ">",
        ">",
        ">",
        ">",
        ">",
        ">",
        ">",
        ">",
        ">",
        ">",
        ">",
        ">",
        ">",
        ">",
        ">",
        ">",
        ">",
        ">",
        ">",
        ">",
        ">",
        ">",
        ">",
        ">",
        ">",
        ">",
        ">",
        ">",
        ">",
        ">",
        ">",
        ">",
        ">",
        ">",
        ">",
        ">",
        ">",
        ">",
        ">",
        ">",
        ">",
        ">",
        ">",
        ">",
        ">",
        ">",
        ">",
        ">",
        ">",
        ">",
        ">",
        ">",
        ">",
        ">",
        ">",
        ">",
        ">",
        ">",
        ">",
        ">",
        ">",
        ">",
        ">",
        ">",
        ">",
        ">",
        ">",
        ">",
        ">",
        ">"
      ],
      "cumulative_coverage": [
        ">",
        ">",
        ">",
        ">",
        ">",
        ">",
        ">",
        ">",
        ">",
        ">",
        ">",
        ">",
        ">",
        ">",
        ">",
        ">",
        ">",
        ">",
        ">",
        ">",
        ">",
        ">",
        ">",
        ">",
        ">",
        ">",
        ">",
        ">",
        ">",
        ">",
        ">",
        ">",
        ">",
        ">",
        ">",
        ">",
        ">",
        ">",
        ">",
        ">",
        ">",
        ">",
        ">",
        ">",
        ">",
        ">",
        ">",
        ">",
        ">",
        ">",
        ">",
        ">",
        ">",
        ">",
        ">",
        ">",
        ">",
        ">",
        ">",
        ">",
        ">",
        ">",
        ">",
        ">",
        ">",
        ">",
        ">",
        ">",
        ">",
        ">",
        ">",
        ">",
        ">",
        ">",
        ">",
        ">",
        ">",
        ">",
        ">",
        ">",
        ">",
        ">",
        ">",
        ">",
        ">",
        ">",
        ">",
        ">",
        ">",
        ">",
        ">"
      ],
      "execution_error": "Exception in thread \"main\" java.util.NoSuchElementException\n\tat java.base/java.util.LinkedList.removeLast(LinkedList.java:294)\n\tat Main.main(Main.java:56)",
      "cerberus_output": "",
      "execution_result": "NoSuchElementException",
      "test_case_id": "5"
    }
  ]
}