{
  "submission_id": "s272417402",
  "cycles": [
    {
      "test_case": [
        "Test Case Input:\n3\n5\n2\n1 3\n2 4\n3 6"
      ],
      "test_mutations": [
        "Test Case Input:\n3\n5\n2\n1 3\n2 4\n3 6"
      ],
      "initial_code": "import java.io.OutputStream;\nimport java.io.IOException;\nimport java.io.InputStream;\nimport java.io.PrintWriter;\nimport java.io.IOException;\nimport java.io.InputStreamReader;\nimport java.util.ArrayList;\nimport java.util.StringTokenizer;\nimport java.io.BufferedReader;\nimport java.util.Comparator;\nimport java.util.Collections;\nimport java.io.InputStream;\npublic class Main {\n    public static void main(String[] args) {\n        InputStream inputStream = System.in;\n        OutputStream outputStream = System.out;\n        InputReader in = new InputReader(inputStream);\n        PrintWriter out = new PrintWriter(outputStream);\n        FSilverFoxVsMonster solver = new FSilverFoxVsMonster();\n        solver.solve(1, in, out);\n        out.close();\n    }\n    static class FSilverFoxVsMonster {\n        public int llt(ArrayList<Long> a, int l, int r, int x) {\n            int temp = r;\n            int mid = (l + r) / 2;\n            if (a.get(mid) >= x) {\n                r = mid;\n            } else {\n                l = mid + 1;\n            }\n            while (l >= temp) l--;\n            while (l > 0 && a.get(l) > x) l--;\n            return l;\n        }\n        public void solve(int testNumber, InputReader in, PrintWriter out) {\n            int n = in.nextInt();\n            int D = in.nextInt();\n            int A = in.nextInt();\n            ArrayList<node> a = new ArrayList<node>();\n            for (int i = 0; i < n; i++) {\n                a.add(new node(in.nextInt(), in.nextInt()));\n            }\n            Collections.sort(a, new Comparator<node>() {\n                public int compare(node o1, node o2) {\n                    return o1.x - o2.x;\n                }\n            });\n            long pre[] = new long[n + 1];\n            ArrayList<Long> d = new ArrayList<>();\n            d.add(-1L);\n            int c = 0;\n            c++;\n            long ans = 0;\n            for (int i = 0; i < n; i++) {\n                int x = a.get(i).x;\n                int y = a.get(i).x - 2 * D;\n                if (y < 0) y = 0;\n                y--;\n                int q = llt(d, 0, c, y);\n                long t = pre[c - 1] - pre[q];\n                a.get(i).y = a.get(i).y - t > 0 ? a.get(i).y - t : 0;\n                long an = (long) Math.ceil((float) a.get(i).y / A);\n                ans += an;\n                pre[c] = pre[c - 1] + an * A;\n                d.add((long) a.get(i).x);\n                c++;\n            }\n            out.println(ans);\n        }\n        class node {\n            int x;\n            long y;\n            node(int x, int y) {\n                this.x = x;\n                this.y = y;\n            }\n        }\n    }\n    static class InputReader {\n        public BufferedReader reader;\n        public StringTokenizer tokenizer;\n        public InputReader(InputStream stream) {\n            reader = new BufferedReader(new InputStreamReader(stream), 32768);\n            tokenizer = null;\n        }\n        public String next() {\n            while (tokenizer == null || !tokenizer.hasMoreTokens()) {\n                try {\n                    tokenizer = new StringTokenizer(reader.readLine());\n                } catch (IOException e) {\n                    throw new RuntimeException(e);\n                }\n            }\n            return tokenizer.nextToken();\n        }\n        public int nextInt() {\n            return Integer.parseInt(next());\n        }\n    }\n}",
      "covered_code": "Given the test case input and the Java program, let's develop a plan step by step to predict the code coverage:\n\n1. Import statements: Import statements are always executed, so statements importing `OutputStream`, `IOException`, `InputStream`, `PrintWriter`, `InputStreamReader`, `ArrayList`, `StringTokenizer`, `BufferedReader`, `Comparator`, and `Collections` will be covered.\n\n2. Main Class Declaration: Declaration of the `Main` class is always executed. Statement `public class Main {` is covered.\n\n3. Main Method Declaration: Always executed. Statement `public static void main(String[] args) {` is covered.\n\n4. Variables and Object Initialization in Main Method: Statements initializing `InputStream`, `OutputStream`, `InputReader`, and `PrintWriter` objects are executed.\n\n5. Solve Method Call: The `solve` method of `FSilverFoxVsMonster` class is called from the main method, hence it's covered.\n\n6. FSilverFoxVsMonster Class Declaration: Always executed. Statement `static class FSilverFoxVsMonster {` is covered.\n\n7. Solve Method Declaration in FSilverFoxVsMonster: Always executed when called. Statement `public void solve(int testNumber, InputReader in, PrintWriter out) {` is covered.\n\n8. Code inside Solve Method: All statements inside the `solve` method are executed as part of the program logic, given that we have valid input for `n`, `D`, `A`, and monster data.\n\n9. Llt Method Call and Execution: The `llt` method is called within the `solve` method, hence it will be covered during execution.\n\n10. Node Class Declaration: The `node` class is used within the `solve` method to create objects; hence, its declaration is executed.\n\n11. InputReader Class Declaration and Execution: The `InputReader` class is utilized for input parsing, so its declaration and the methods inside it, specifically `next` and `nextInt`, are executed.\n\nBased on the described plan, let's predict the code coverage:\n\n```\n> import java.io.OutputStream;\n> import java.io.IOException;\n> import java.io.InputStream;\n> import java.io.PrintWriter;\n> import java.io.IOException;\n> import java.io.InputStreamReader;\n> import java.util.ArrayList;\n> import java.util.StringTokenizer;\n> import java.io.BufferedReader;\n> import java.util.Comparator;\n> import java.util.Collections;\n> import java.io.InputStream;\n> public class Main {\n>     public static void main(String[] args) {\n>         InputStream inputStream = System.in;\n>         OutputStream outputStream = System.out;\n>         InputReader in = new InputReader(inputStream);\n>         PrintWriter out = new PrintWriter(outputStream);\n>         FSilverFoxVsMonster solver = new FSilverFoxVsMonster();\n>         solver.solve(1, in, out);\n>         out.close();\n>     }\n>     static class FSilverFoxVsMonster {\n>         public int llt(ArrayList<Long> a, int l, int r, int x) {\n>             int temp = r;\n>             int mid = (l + r) / 2;\n>             if (a.get(mid) >= x) {\n>                 r = mid;\n>             } else {\n>                 l = mid + 1;\n>             }\n>             while (l >= temp) l--;\n>             while (l > 0 && a.get(l) > x) l--;\n>             return l;\n>         }\n>         public void solve(int testNumber, InputReader in, PrintWriter out) {\n>             int n = in.nextInt();\n>             int D = in.nextInt();\n>             int A = in.nextInt();\n>             ArrayList<node> a = new ArrayList<node>();\n>             for (int i = 0; i < n; i++) {\n>                 a.add(new node(in.nextInt(), in.nextInt()));\n>             }\n>             Collections.sort(a, new Comparator<node>() {\n>                 public int compare(node o1, node o2) {\n>                     return o1.x - o2.x;\n>                 }\n>             });\n>             long pre[] = new long[n + 1];\n>             ArrayList<Long> d = new ArrayList<>();\n>             d.add(-1L);\n>             int c = 0;\n>             c++;\n>             long ans = 0;\n>             for (int i = 0; i < n; i++) {\n>                 int x = a.get(i).x;\n>                 int y = a.get(i).x - 2 * D;\n>                 if (y < 0) y = 0;\n>                 y--;\n>                 int q = llt(d, 0, c, y);\n>                 long t = pre[c - 1] - pre[q];\n>                 a.get(i).y = a.get(i).y - t > 0 ? a.get(i).y - t : 0;\n>                 long an = (long) Math.ceil((float) a.get(i).y / A);\n>                 ans += an;\n>                 pre[c] = pre[c - 1] + an * A;\n>                 d.add((long) a.get(i).x);\n>                 c++;\n>             }\n>             out.println(ans);\n>         }\n>         class node {\n>             int x;\n>             long y;\n>             node(int x, int y) {\n>                 this.x = x;\n>                 this.y = y;\n>             }\n>         }\n>     }\n>     static class InputReader {\n>         public BufferedReader reader;\n>         public StringTokenizer tokenizer;\n>         public InputReader(InputStream stream) {\n>             reader = new BufferedReader(new InputStreamReader(stream), 32768);\n>             tokenizer = null;\n>         }\n>         public String next() {\n>             while (tokenizer == null || !tokenizer.hasMoreTokens()) {\n>                 try {\n>                     tokenizer = new StringTokenizer(reader.readLine());\n>                 } catch (IOException e) {\n>                     throw new RuntimeException(e);\n>                 }\n>             }\n>             return tokenizer.nextToken();\n>         }\n>         public int nextInt() {\n>             return Integer.parseInt(next());\n>         }\n>     }\n> }\n```\n\nThis coverage indicates that all parts of the program that can be reached with the given input are executed, demonstrating full coverage for the parts of code involved in the test case scenario.",
      "test_seed_coverage": [
        ">",
        ">",
        ">",
        ">",
        ">",
        ">",
        ">",
        ">",
        ">",
        ">",
        ">",
        ">",
        ">",
        ">",
        ">",
        ">",
        ">",
        ">",
        ">",
        ">",
        ">",
        ">",
        ">",
        ">",
        ">",
        ">",
        ">",
        ">",
        ">",
        ">",
        ">",
        ">",
        ">",
        ">",
        ">",
        ">",
        ">",
        ">",
        ">",
        ">",
        ">",
        ">",
        ">",
        ">",
        ">",
        ">",
        ">",
        ">",
        ">",
        ">",
        ">",
        ">",
        ">",
        ">",
        ">",
        ">",
        ">",
        ">",
        ">",
        ">",
        ">",
        ">",
        ">",
        ">",
        ">",
        ">",
        ">",
        ">",
        ">",
        ">",
        ">",
        ">",
        ">",
        ">",
        ">",
        ">",
        ">",
        ">",
        ">",
        ">",
        ">",
        ">",
        ">",
        ">",
        ">",
        ">",
        ">",
        ">",
        ">",
        ">",
        ">",
        ">",
        ">",
        ">",
        ">",
        ">",
        ">",
        ">",
        ">",
        ">",
        ">"
      ],
      "cumulative_coverage": [
        ">",
        ">",
        ">",
        ">",
        ">",
        ">",
        ">",
        ">",
        ">",
        ">",
        ">",
        ">",
        ">",
        ">",
        ">",
        ">",
        ">",
        ">",
        ">",
        ">",
        ">",
        ">",
        ">",
        ">",
        ">",
        ">",
        ">",
        ">",
        ">",
        ">",
        ">",
        ">",
        ">",
        ">",
        ">",
        ">",
        ">",
        ">",
        ">",
        ">",
        ">",
        ">",
        ">",
        ">",
        ">",
        ">",
        ">",
        ">",
        ">",
        ">",
        ">",
        ">",
        ">",
        ">",
        ">",
        ">",
        ">",
        ">",
        ">",
        ">",
        ">",
        ">",
        ">",
        ">",
        ">",
        ">",
        ">",
        ">",
        ">",
        ">",
        ">",
        ">",
        ">",
        ">",
        ">",
        ">",
        ">",
        ">",
        ">",
        ">",
        ">",
        ">",
        ">",
        ">",
        ">",
        ">",
        ">",
        ">",
        ">",
        ">",
        ">",
        ">",
        ">",
        ">",
        ">",
        ">",
        ">",
        ">",
        ">",
        ">",
        ">"
      ],
      "execution_output": "3",
      "cerberus_output": "RuntimeException",
      "execution_result": "",
      "test_case_id": "1"
    },
    {
      "test_case": [
        "Test Case Input:\n3\n2\n3\n1 4\n2 5\n3 6"
      ],
      "test_mutations": [
        "Test Case Input:\n3\n2\n3\n1 4\n2 5\n3 6"
      ],
      "initial_code": "import java.io.OutputStream;\nimport java.io.IOException;\nimport java.io.InputStream;\nimport java.io.PrintWriter;\nimport java.io.IOException;\nimport java.io.InputStreamReader;\nimport java.util.ArrayList;\nimport java.util.StringTokenizer;\nimport java.io.BufferedReader;\nimport java.util.Comparator;\nimport java.util.Collections;\nimport java.io.InputStream;\npublic class Main {\n    public static void main(String[] args) {\n        InputStream inputStream = System.in;\n        OutputStream outputStream = System.out;\n        InputReader in = new InputReader(inputStream);\n        PrintWriter out = new PrintWriter(outputStream);\n        FSilverFoxVsMonster solver = new FSilverFoxVsMonster();\n        solver.solve(1, in, out);\n        out.close();\n    }\n    static class FSilverFoxVsMonster {\n        public int llt(ArrayList<Long> a, int l, int r, int x) {\n            int temp = r;\n            int mid = (l + r) / 2;\n            if (a.get(mid) >= x) {\n                r = mid;\n            } else {\n                l = mid + 1;\n            }\n            while (l >= temp) l--;\n            while (l > 0 && a.get(l) > x) l--;\n            return l;\n        }\n        public void solve(int testNumber, InputReader in, PrintWriter out) {\n            int n = in.nextInt();\n            int D = in.nextInt();\n            int A = in.nextInt();\n            ArrayList<node> a = new ArrayList<node>();\n            for (int i = 0; i < n; i++) {\n                a.add(new node(in.nextInt(), in.nextInt()));\n            }\n            Collections.sort(a, new Comparator<node>() {\n                public int compare(node o1, node o2) {\n                    return o1.x - o2.x;\n                }\n            });\n            long pre[] = new long[n + 1];\n            ArrayList<Long> d = new ArrayList<>();\n            d.add(-1L);\n            int c = 0;\n            c++;\n            long ans = 0;\n            for (int i = 0; i < n; i++) {\n                int x = a.get(i).x;\n                int y = a.get(i).x - 2 * D;\n                if (y < 0) y = 0;\n                y--;\n                int q = llt(d, 0, c, y);\n                long t = pre[c - 1] - pre[q];\n                a.get(i).y = a.get(i).y - t > 0 ? a.get(i).y - t : 0;\n                long an = (long) Math.ceil((float) a.get(i).y / A);\n                ans += an;\n                pre[c] = pre[c - 1] + an * A;\n                d.add((long) a.get(i).x);\n                c++;\n            }\n            out.println(ans);\n        }\n        class node {\n            int x;\n            long y;\n            node(int x, int y) {\n                this.x = x;\n                this.y = y;\n            }\n        }\n    }\n    static class InputReader {\n        public BufferedReader reader;\n        public StringTokenizer tokenizer;\n        public InputReader(InputStream stream) {\n            reader = new BufferedReader(new InputStreamReader(stream), 32768);\n            tokenizer = null;\n        }\n        public String next() {\n            while (tokenizer == null || !tokenizer.hasMoreTokens()) {\n                try {\n                    tokenizer = new StringTokenizer(reader.readLine());\n                } catch (IOException e) {\n                    throw new RuntimeException(e);\n                }\n            }\n            return tokenizer.nextToken();\n        }\n        public int nextInt() {\n            return Integer.parseInt(next());\n        }\n    }\n}",
      "covered_code": "Given the provided Java program and the test case input `3 2 3 1 4 2 5 3 6`, let's develop a plan for step by step execution and predict the code coverage. \n\n### Plan:\n1. **Import Statements**: These are always executed since they are part of the program's setup. \n2. **Class Declarations (`Main` and `FSilverFoxVsMonster`)**: Always executed as they define the structure of the program.\n3. **Main Method Execution**: The `main` method is the entry point of the program and is always executed.\n4. **InputReader and PrintWriter Setup**: The creation of `InputReader` and `PrintWriter` objects is always executed to handle input and output.\n5. **Solver Object Creation and `solve` Method Execution**: The creation of a `FSilverFoxVsMonster` object and the call to its `solve` method are always executed.\n6. **Inside `solve` Method**:\n    - Reading inputs (`n`, `D`, `A` and monster details) is always executed.\n    - Sorting the `ArrayList` of nodes (`a`) is executed.\n    - The loop that processes each monster (`for (int i = 0; i < n; i++)`) is executed.\n    - All statements within the loop are executed since they are part of the logic to calculate the result.\n7. **`llt` Method Execution**: The `llt` method is executed as it is called within the `solve` method's loop to find the index.\n8. **Output Statement**: The statement to print the final result (`out.println(ans);`) is executed.\n9. **Closing the `PrintWriter`**: The `out.close();` statement is executed at the end of the `main` method.\n\n### Code Coverage Prediction:\n```java\n> import java.io.OutputStream;\n> import java.io.IOException;\n> import java.io.InputStream;\n> import java.io.PrintWriter;\n> import java.io.IOException;\n> import java.io.InputStreamReader;\n> import java.util.ArrayList;\n> import java.util.StringTokenizer;\n> import java.io.BufferedReader;\n> import java.util.Comparator;\n> import java.util.Collections;\n> import java.io.InputStream;\n> public class Main {\n>     public static void main(String[] args) {\n>         InputStream inputStream = System.in;\n>         OutputStream outputStream = System.out;\n>         InputReader in = new InputReader(inputStream);\n>         PrintWriter out = new PrintWriter(outputStream);\n>         FSilverFoxVsMonster solver = new FSilverFoxVsMonster();\n>         solver.solve(1, in, out);\n>         out.close();\n>     }\n>     static class FSilverFoxVsMonster {\n>         public int llt(ArrayList<Long> a, int l, int r, int x) {\n>             int temp = r;\n>             int mid = (l + r) / 2;\n>             if (a.get(mid) >= x) {\n>                 r = mid;\n>             } else {\n>                 l = mid + 1;\n>             }\n>             while (l >= temp) l--;\n>             while (l > 0 && a.get(l) > x) l--;\n>             return l;\n>         }\n>         public void solve(int testNumber, InputReader in, PrintWriter out) {\n>             int n = in.nextInt();\n>             int D = in.nextInt();\n>             int A = in.nextInt();\n>             ArrayList<node> a = new ArrayList<node>();\n>             for (int i = 0; i < n; i++) {\n>                 a.add(new node(in.nextInt(), in.nextInt()));\n>             }\n>             Collections.sort(a, new Comparator<node>() {\n>                 public int compare(node o1, node o2) {\n>                     return o1.x - o2.x;\n>                 }\n>             });\n>             long pre[] = new long[n + 1];\n>             ArrayList<Long> d = new ArrayList<>();\n>             d.add(-1L);\n>             int c = 0;\n>             c++;\n>             long ans = 0;\n>             for (int i = 0; i < n; i++) {\n>                 int x = a.get(i).x;\n>                 int y = a.get(i).x - 2 * D;\n>                 if (y < 0) y = 0;\n>                 y--;\n>                 int q = llt(d, 0, c, y);\n>                 long t = pre[c - 1] - pre[q];\n>                 a.get(i).y = a.get(i).y - t > 0 ? a.get(i).y - t : 0;\n>                 long an = (long) Math.ceil((float) a.get(i).y / A);\n>                 ans += an;\n>                 pre[c] = pre[c - 1] + an * A;\n>                 d.add((long) a.get(i).x);\n>                 c++;\n>             }\n>             out.println(ans);\n>         }\n>         class node {\n>             int x;\n>             long y;\n>             node(int x, int y) {\n>                 this.x = x;\n>                 this.y = y;\n>             }\n>         }\n>     }\n>     static class InputReader {\n>         public BufferedReader reader;\n>         public StringTokenizer tokenizer;\n>         public InputReader(InputStream stream) {\n>             reader = new BufferedReader(new InputStreamReader(stream), 32768);\n>             tokenizer = null;\n>         }\n>         public String next() {\n>             while (tokenizer == null || !tokenizer.hasMoreTokens()) {\n>                 try {\n>                     tokenizer = new StringTokenizer(reader.readLine());\n>                 } catch (IOException e) {\n>                     throw new RuntimeException(e);\n>                 }\n>             }\n>             return tokenizer.nextToken();\n>         }\n>         public int nextInt() {\n>             return Integer.parseInt(next());\n>         }\n>     }\n> }\n```\nAll statements in the provided Java program are executed with the given test case input, ensuring full code coverage based on the described plan.",
      "test_seed_coverage": [
        ">",
        ">",
        ">",
        ">",
        ">",
        ">",
        ">",
        ">",
        ">",
        ">",
        ">",
        ">",
        ">",
        ">",
        ">",
        ">",
        ">",
        ">",
        ">",
        ">",
        ">",
        ">",
        ">",
        ">",
        ">",
        ">",
        ">",
        ">",
        ">",
        ">",
        ">",
        ">",
        ">",
        ">",
        ">",
        ">",
        ">",
        ">",
        ">",
        ">",
        ">",
        ">",
        ">",
        ">",
        ">",
        ">",
        ">",
        ">",
        ">",
        ">",
        ">",
        ">",
        ">",
        ">",
        ">",
        ">",
        ">",
        ">",
        ">",
        ">",
        ">",
        ">",
        ">",
        ">",
        ">",
        ">",
        ">",
        ">",
        ">",
        ">",
        ">",
        ">",
        ">",
        ">",
        ">",
        ">",
        ">",
        ">",
        ">",
        ">",
        ">",
        ">",
        ">",
        ">",
        ">",
        ">",
        ">",
        ">",
        ">",
        ">",
        ">",
        ">",
        ">",
        ">",
        ">",
        ">",
        ">",
        ">",
        ">",
        ">",
        ">"
      ],
      "cumulative_coverage": [
        ">",
        ">",
        ">",
        ">",
        ">",
        ">",
        ">",
        ">",
        ">",
        ">",
        ">",
        ">",
        ">",
        ">",
        ">",
        ">",
        ">",
        ">",
        ">",
        ">",
        ">",
        ">",
        ">",
        ">",
        ">",
        ">",
        ">",
        ">",
        ">",
        ">",
        ">",
        ">",
        ">",
        ">",
        ">",
        ">",
        ">",
        ">",
        ">",
        ">",
        ">",
        ">",
        ">",
        ">",
        ">",
        ">",
        ">",
        ">",
        ">",
        ">",
        ">",
        ">",
        ">",
        ">",
        ">",
        ">",
        ">",
        ">",
        ">",
        ">",
        ">",
        ">",
        ">",
        ">",
        ">",
        ">",
        ">",
        ">",
        ">",
        ">",
        ">",
        ">",
        ">",
        ">",
        ">",
        ">",
        ">",
        ">",
        ">",
        ">",
        ">",
        ">",
        ">",
        ">",
        ">",
        ">",
        ">",
        ">",
        ">",
        ">",
        ">",
        ">",
        ">",
        ">",
        ">",
        ">",
        ">",
        ">",
        ">",
        ">",
        ">"
      ],
      "execution_output": "2",
      "cerberus_output": "RuntimeException",
      "execution_result": "",
      "test_case_id": "2"
    },
    {
      "test_case": [
        "Test Case Input:\n5\n2\n3\n2 5\n4 7\n6 3\n8 9\n10 6"
      ],
      "test_mutations": [
        "Test Case Input:\n5\n2\n3\n2 5\n4 7\n6 3\n8 9\n10 6"
      ],
      "initial_code": "import java.io.OutputStream;\nimport java.io.IOException;\nimport java.io.InputStream;\nimport java.io.PrintWriter;\nimport java.io.IOException;\nimport java.io.InputStreamReader;\nimport java.util.ArrayList;\nimport java.util.StringTokenizer;\nimport java.io.BufferedReader;\nimport java.util.Comparator;\nimport java.util.Collections;\nimport java.io.InputStream;\npublic class Main {\n    public static void main(String[] args) {\n        InputStream inputStream = System.in;\n        OutputStream outputStream = System.out;\n        InputReader in = new InputReader(inputStream);\n        PrintWriter out = new PrintWriter(outputStream);\n        FSilverFoxVsMonster solver = new FSilverFoxVsMonster();\n        solver.solve(1, in, out);\n        out.close();\n    }\n    static class FSilverFoxVsMonster {\n        public int llt(ArrayList<Long> a, int l, int r, int x) {\n            int temp = r;\n            int mid = (l + r) / 2;\n            if (a.get(mid) >= x) {\n                r = mid;\n            } else {\n                l = mid + 1;\n            }\n            while (l >= temp) l--;\n            while (l > 0 && a.get(l) > x) l--;\n            return l;\n        }\n        public void solve(int testNumber, InputReader in, PrintWriter out) {\n            int n = in.nextInt();\n            int D = in.nextInt();\n            int A = in.nextInt();\n            ArrayList<node> a = new ArrayList<node>();\n            for (int i = 0; i < n; i++) {\n                a.add(new node(in.nextInt(), in.nextInt()));\n            }\n            Collections.sort(a, new Comparator<node>() {\n                public int compare(node o1, node o2) {\n                    return o1.x - o2.x;\n                }\n            });\n            long pre[] = new long[n + 1];\n            ArrayList<Long> d = new ArrayList<>();\n            d.add(-1L);\n            int c = 0;\n            c++;\n            long ans = 0;\n            for (int i = 0; i < n; i++) {\n                int x = a.get(i).x;\n                int y = a.get(i).x - 2 * D;\n                if (y < 0) y = 0;\n                y--;\n                int q = llt(d, 0, c, y);\n                long t = pre[c - 1] - pre[q];\n                a.get(i).y = a.get(i).y - t > 0 ? a.get(i).y - t : 0;\n                long an = (long) Math.ceil((float) a.get(i).y / A);\n                ans += an;\n                pre[c] = pre[c - 1] + an * A;\n                d.add((long) a.get(i).x);\n                c++;\n            }\n            out.println(ans);\n        }\n        class node {\n            int x;\n            long y;\n            node(int x, int y) {\n                this.x = x;\n                this.y = y;\n            }\n        }\n    }\n    static class InputReader {\n        public BufferedReader reader;\n        public StringTokenizer tokenizer;\n        public InputReader(InputStream stream) {\n            reader = new BufferedReader(new InputStreamReader(stream), 32768);\n            tokenizer = null;\n        }\n        public String next() {\n            while (tokenizer == null || !tokenizer.hasMoreTokens()) {\n                try {\n                    tokenizer = new StringTokenizer(reader.readLine());\n                } catch (IOException e) {\n                    throw new RuntimeException(e);\n                }\n            }\n            return tokenizer.nextToken();\n        }\n        public int nextInt() {\n            return Integer.parseInt(next());\n        }\n    }\n}",
      "covered_code": "To develop a plan and predict the code coverage for the provided Java program with the specified test case input, we will follow the steps in a systematic manner, similar to the previous example. \n\n**Given Test Case Input:**\n```\n5\n2\n3\n2 5\n4 7\n6 3\n8 9\n10 6\n```\n\n**Execution Plan:**\n\n1. **Import Statements:** All import statements are executed as a part of the class loading. \n\n2. **Class Declarations:** Both `Main` and `FSilverFoxVsMonster` class declarations are executed.\n\n3. **Main Method Execution:** The `main` method is the entry point and is executed.\n\n    - Initialization of `InputStream` and `OutputStream`.\n    - Creation of `InputReader` and `PrintWriter` objects.\n    - Calling `solve` method of `FSilverFoxVsMonster`.\n\n4. **FSilverFoxVsMonster.solve Method Execution:**\n\n    - Reading inputs for `n`, `D`, `A` and monster positions and health.\n    - Sorting the list of nodes (`a`) based on their `x` values.\n    - Initialization and population of `pre` array and `d` ArrayList.\n    - Loop through each monster to calculate damage and update `ans`.\n\n5. **FSilverFoxVsMonster.llt Method Execution:** This method is called during the solve method's execution for finding the last index whose value is less than or equal to `y`.\n\n**Predicted Code Coverage:**\n\n- All import statements are executed.\n- Both class declarations (`Main` and `FSilverFoxVsMonster`) are executed.\n- All statements within the `main` method are executed since there's no conditional logic that could be skipped.\n- Within the `FSilverFoxVsMonster.solve` method:\n    - The loop to read and sort nodes will be executed.\n    - All statements within the loop calculating damage and updating `ans` are executed.\n- The `FSilverFoxVsMonster.llt` method is executed as part of the solve method's logic for each monster.\n\n**Code Coverage Indication:**\n\n> import statements\n> class Main {\n>     public static void main(String[] args) {\n>         InputStream inputStream = System.in;\n>         OutputStream outputStream = System.out;\n>         InputReader in = new InputReader(inputStream);\n>         PrintWriter out = new PrintWriter(outputStream);\n>         FSilverFoxVsMonster solver = new FSilverFoxVsMonster();\n>         solver.solve(1, in, out);\n>         out.close();\n>     }\n> }\n> class FSilverFoxVsMonster {\n>     public int llt(ArrayList<Long> a, int l, int r, int x) {\n>         ...\n>         return l;\n>     }\n>     public void solve(int testNumber, InputReader in, PrintWriter out) {\n>         ...\n>         out.println(ans);\n>     }\n>     class node {\n>         int x;\n>         long y;\n>         node(int x, int y) {\n>             this.x = x;\n>             this.y = y;\n>         }\n>     }\n> }\n> class InputReader {\n>     public BufferedReader reader;\n>     public StringTokenizer tokenizer;\n>     public InputReader(InputStream stream) {\n>         reader = new BufferedReader(new InputStreamReader(stream), 32768);\n>         tokenizer = null;\n>     }\n>     public String next() {\n>         ...\n>         return tokenizer.nextToken();\n>     }\n>     public int nextInt() {\n>         return Integer.parseInt(next());\n>     }\n> }\n\nThis plan assumes that all input operations (`nextInt()`, `next()`) execute successfully without any IOException being thrown that isn't caught within the provided code. If any such exception occurs, the specific statement causing it will not execute successfully.",
      "test_seed_coverage": [
        ">",
        ">",
        ">",
        ">",
        ">",
        ">",
        ">",
        ">",
        ">",
        ">",
        ">",
        ">",
        ">",
        ">",
        ">",
        ">",
        ">",
        ">",
        ">",
        ">",
        ">",
        ">",
        ">",
        ">",
        ">",
        ">",
        ">",
        ">",
        ">",
        ">",
        ">",
        ">",
        ">",
        ">",
        ">",
        ">",
        ">",
        ">",
        ">",
        ">",
        ">",
        ">",
        ">",
        ">",
        ">",
        ">",
        ">",
        ">",
        ">",
        ">",
        ">",
        ">",
        ">",
        ">",
        ">",
        ">",
        ">",
        ">",
        ">",
        ">",
        ">",
        ">",
        ">",
        ">",
        ">",
        ">",
        ">",
        ">",
        ">",
        ">",
        ">",
        ">",
        ">",
        ">",
        ">",
        ">",
        ">",
        ">",
        ">",
        ">",
        ">",
        ">",
        ">",
        ">",
        ">",
        ">",
        ">",
        ">",
        ">",
        ">",
        ">",
        ">",
        ">",
        ">",
        ">",
        ">",
        ">",
        ">",
        ">",
        ">",
        ">"
      ],
      "cumulative_coverage": [
        ">",
        ">",
        ">",
        ">",
        ">",
        ">",
        ">",
        ">",
        ">",
        ">",
        ">",
        ">",
        ">",
        ">",
        ">",
        ">",
        ">",
        ">",
        ">",
        ">",
        ">",
        ">",
        ">",
        ">",
        ">",
        ">",
        ">",
        ">",
        ">",
        ">",
        ">",
        ">",
        ">",
        ">",
        ">",
        ">",
        ">",
        ">",
        ">",
        ">",
        ">",
        ">",
        ">",
        ">",
        ">",
        ">",
        ">",
        ">",
        ">",
        ">",
        ">",
        ">",
        ">",
        ">",
        ">",
        ">",
        ">",
        ">",
        ">",
        ">",
        ">",
        ">",
        ">",
        ">",
        ">",
        ">",
        ">",
        ">",
        ">",
        ">",
        ">",
        ">",
        ">",
        ">",
        ">",
        ">",
        ">",
        ">",
        ">",
        ">",
        ">",
        ">",
        ">",
        ">",
        ">",
        ">",
        ">",
        ">",
        ">",
        ">",
        ">",
        ">",
        ">",
        ">",
        ">",
        ">",
        ">",
        ">",
        ">",
        ">",
        ">"
      ],
      "execution_output": "5",
      "cerberus_output": "",
      "execution_result": "",
      "test_case_id": "3"
    },
    {
      "test_case": [
        "Test Case Input:\n3\n0\n2\n1 2\n3 4\n5 6"
      ],
      "test_mutations": [
        "Test Case Input:\n3\n0\n2\n1 2\n3 4\n5 6"
      ],
      "initial_code": "import java.io.OutputStream;\nimport java.io.IOException;\nimport java.io.InputStream;\nimport java.io.PrintWriter;\nimport java.io.IOException;\nimport java.io.InputStreamReader;\nimport java.util.ArrayList;\nimport java.util.StringTokenizer;\nimport java.io.BufferedReader;\nimport java.util.Comparator;\nimport java.util.Collections;\nimport java.io.InputStream;\npublic class Main {\n    public static void main(String[] args) {\n        InputStream inputStream = System.in;\n        OutputStream outputStream = System.out;\n        InputReader in = new InputReader(inputStream);\n        PrintWriter out = new PrintWriter(outputStream);\n        FSilverFoxVsMonster solver = new FSilverFoxVsMonster();\n        solver.solve(1, in, out);\n        out.close();\n    }\n    static class FSilverFoxVsMonster {\n        public int llt(ArrayList<Long> a, int l, int r, int x) {\n            int temp = r;\n            int mid = (l + r) / 2;\n            if (a.get(mid) >= x) {\n                r = mid;\n            } else {\n                l = mid + 1;\n            }\n            while (l >= temp) l--;\n            while (l > 0 && a.get(l) > x) l--;\n            return l;\n        }\n        public void solve(int testNumber, InputReader in, PrintWriter out) {\n            int n = in.nextInt();\n            int D = in.nextInt();\n            int A = in.nextInt();\n            ArrayList<node> a = new ArrayList<node>();\n            for (int i = 0; i < n; i++) {\n                a.add(new node(in.nextInt(), in.nextInt()));\n            }\n            Collections.sort(a, new Comparator<node>() {\n                public int compare(node o1, node o2) {\n                    return o1.x - o2.x;\n                }\n            });\n            long pre[] = new long[n + 1];\n            ArrayList<Long> d = new ArrayList<>();\n            d.add(-1L);\n            int c = 0;\n            c++;\n            long ans = 0;\n            for (int i = 0; i < n; i++) {\n                int x = a.get(i).x;\n                int y = a.get(i).x - 2 * D;\n                if (y < 0) y = 0;\n                y--;\n                int q = llt(d, 0, c, y);\n                long t = pre[c - 1] - pre[q];\n                a.get(i).y = a.get(i).y - t > 0 ? a.get(i).y - t : 0;\n                long an = (long) Math.ceil((float) a.get(i).y / A);\n                ans += an;\n                pre[c] = pre[c - 1] + an * A;\n                d.add((long) a.get(i).x);\n                c++;\n            }\n            out.println(ans);\n        }\n        class node {\n            int x;\n            long y;\n            node(int x, int y) {\n                this.x = x;\n                this.y = y;\n            }\n        }\n    }\n    static class InputReader {\n        public BufferedReader reader;\n        public StringTokenizer tokenizer;\n        public InputReader(InputStream stream) {\n            reader = new BufferedReader(new InputStreamReader(stream), 32768);\n            tokenizer = null;\n        }\n        public String next() {\n            while (tokenizer == null || !tokenizer.hasMoreTokens()) {\n                try {\n                    tokenizer = new StringTokenizer(reader.readLine());\n                } catch (IOException e) {\n                    throw new RuntimeException(e);\n                }\n            }\n            return tokenizer.nextToken();\n        }\n        public int nextInt() {\n            return Integer.parseInt(next());\n        }\n    }\n}",
      "covered_code": "Given the complexity of the provided Java program and the specific test case input, we will develop a plan for step by step execution and then predict the code coverage.\n\n### Test Case Input:\n3\n0\n2\n1 2\n3 4\n5 6\n\n### Plan:\n\n1. **Import Statements**: Always executed. Import statements in this program will be covered.\n2. **Main Class Declaration**: Always executed. The declaration of the `Main` class is covered.\n3. **Main Method Declaration**: Always executed. The `main` method declaration is covered.\n4. **Initializations in Main Method**: Statements initializing `inputStream`, `outputStream`, `in`, and `out` are covered.\n5. **Solver Object Creation and solve Method Call**: Creation of `FSilverFoxVsMonster` solver object and call to its `solve` method are covered.\n6. **Solve Method Execution**:\n    - Reading `n`, `D`, and `A` via `InputReader` is covered.\n    - Looping through `n` to read the monsters' positions and health, and adding them to the array list `a` is covered.\n    - Sorting the array list `a` is covered.\n    - Initialization of `pre[]` and `d` ArrayList, and variable `c` is covered.\n    - Calculation loop for each monster is covered.\n7. **llt Method Execution**: The method will be executed as part of the calculation for each monster.\n8. **Output**: Printing the result `ans` is covered.\n9. **Closing Output**: `out.close();` is covered.\n\n### Predicted Code Coverage:\n\n- **Main Class and Main Method**: Covered\n    - Import statements: Covered\n    - Main class declaration: Covered\n    - Main method declaration and initialization lines: Covered\n    - Solver object creation and `solve` method call: Covered\n    - Output stream closure: Covered\n- **FSilverFoxVsMonster Class**:\n    - Method `llt`: Covered (since it is called as part of the computation logic)\n    - Method `solve`: Covered (all lines within are executed as part of the logic)\n        - Initialization: Covered\n        - Loops for reading input and calculations: Covered\n        - Sorting the array list: Covered\n        - Output line: Covered\n- **InputReader Class**: All methods within this class are covered as they are used for input operations.\n\n### Conclusion:\nThe test case provided leads to full coverage of the `solve` and `llt` methods in the `FSilverFoxVsMonster` class, as well as the `InputReader` class for reading inputs. All initialization steps and the final output step in the `main` method are also covered. Thus, the code coverage for this specific test case is very high, covering all critical paths of the program logic based on the provided plan.",
      "test_seed_coverage": [
        ">",
        ">",
        ">",
        ">",
        ">",
        ">",
        ">",
        ">",
        ">",
        ">",
        ">",
        ">",
        ">",
        ">",
        ">",
        ">",
        ">",
        ">",
        ">",
        ">",
        ">",
        ">",
        ">",
        ">",
        ">",
        ">",
        ">",
        ">",
        ">",
        ">",
        ">",
        ">",
        ">",
        ">",
        ">",
        ">",
        ">",
        ">",
        ">",
        ">",
        ">",
        ">",
        ">",
        ">",
        ">",
        ">",
        ">",
        ">",
        ">",
        ">",
        ">",
        ">",
        ">",
        ">",
        ">",
        ">",
        ">",
        ">",
        ">",
        ">",
        ">",
        ">",
        ">",
        ">",
        ">",
        ">",
        ">",
        ">",
        ">",
        ">",
        ">",
        ">",
        ">",
        ">",
        ">",
        ">",
        ">",
        ">",
        ">",
        ">",
        ">",
        ">",
        ">",
        ">",
        ">",
        ">",
        ">",
        ">",
        ">",
        ">",
        ">",
        ">",
        ">",
        ">",
        ">",
        ">",
        ">",
        ">",
        ">",
        ">",
        ">"
      ],
      "cumulative_coverage": [
        ">",
        ">",
        ">",
        ">",
        ">",
        ">",
        ">",
        ">",
        ">",
        ">",
        ">",
        ">",
        ">",
        ">",
        ">",
        ">",
        ">",
        ">",
        ">",
        ">",
        ">",
        ">",
        ">",
        ">",
        ">",
        ">",
        ">",
        ">",
        ">",
        ">",
        ">",
        ">",
        ">",
        ">",
        ">",
        ">",
        ">",
        ">",
        ">",
        ">",
        ">",
        ">",
        ">",
        ">",
        ">",
        ">",
        ">",
        ">",
        ">",
        ">",
        ">",
        ">",
        ">",
        ">",
        ">",
        ">",
        ">",
        ">",
        ">",
        ">",
        ">",
        ">",
        ">",
        ">",
        ">",
        ">",
        ">",
        ">",
        ">",
        ">",
        ">",
        ">",
        ">",
        ">",
        ">",
        ">",
        ">",
        ">",
        ">",
        ">",
        ">",
        ">",
        ">",
        ">",
        ">",
        ">",
        ">",
        ">",
        ">",
        ">",
        ">",
        ">",
        ">",
        ">",
        ">",
        ">",
        ">",
        ">",
        ">",
        ">",
        ">"
      ],
      "execution_output": "6",
      "cerberus_output": "",
      "execution_result": "",
      "test_case_id": "4"
    },
    {
      "test_case": [
        "Test Case Input:\n3\n4\n2\n5 8\n3 7\n9 5"
      ],
      "test_mutations": [
        "Test Case Input:\n3\n4\n2\n5 8\n3 7\n9 5"
      ],
      "initial_code": "import java.io.OutputStream;\nimport java.io.IOException;\nimport java.io.InputStream;\nimport java.io.PrintWriter;\nimport java.io.IOException;\nimport java.io.InputStreamReader;\nimport java.util.ArrayList;\nimport java.util.StringTokenizer;\nimport java.io.BufferedReader;\nimport java.util.Comparator;\nimport java.util.Collections;\nimport java.io.InputStream;\npublic class Main {\n    public static void main(String[] args) {\n        InputStream inputStream = System.in;\n        OutputStream outputStream = System.out;\n        InputReader in = new InputReader(inputStream);\n        PrintWriter out = new PrintWriter(outputStream);\n        FSilverFoxVsMonster solver = new FSilverFoxVsMonster();\n        solver.solve(1, in, out);\n        out.close();\n    }\n    static class FSilverFoxVsMonster {\n        public int llt(ArrayList<Long> a, int l, int r, int x) {\n            int temp = r;\n            int mid = (l + r) / 2;\n            if (a.get(mid) >= x) {\n                r = mid;\n            } else {\n                l = mid + 1;\n            }\n            while (l >= temp) l--;\n            while (l > 0 && a.get(l) > x) l--;\n            return l;\n        }\n        public void solve(int testNumber, InputReader in, PrintWriter out) {\n            int n = in.nextInt();\n            int D = in.nextInt();\n            int A = in.nextInt();\n            ArrayList<node> a = new ArrayList<node>();\n            for (int i = 0; i < n; i++) {\n                a.add(new node(in.nextInt(), in.nextInt()));\n            }\n            Collections.sort(a, new Comparator<node>() {\n                public int compare(node o1, node o2) {\n                    return o1.x - o2.x;\n                }\n            });\n            long pre[] = new long[n + 1];\n            ArrayList<Long> d = new ArrayList<>();\n            d.add(-1L);\n            int c = 0;\n            c++;\n            long ans = 0;\n            for (int i = 0; i < n; i++) {\n                int x = a.get(i).x;\n                int y = a.get(i).x - 2 * D;\n                if (y < 0) y = 0;\n                y--;\n                int q = llt(d, 0, c, y);\n                long t = pre[c - 1] - pre[q];\n                a.get(i).y = a.get(i).y - t > 0 ? a.get(i).y - t : 0;\n                long an = (long) Math.ceil((float) a.get(i).y / A);\n                ans += an;\n                pre[c] = pre[c - 1] + an * A;\n                d.add((long) a.get(i).x);\n                c++;\n            }\n            out.println(ans);\n        }\n        class node {\n            int x;\n            long y;\n            node(int x, int y) {\n                this.x = x;\n                this.y = y;\n            }\n        }\n    }\n    static class InputReader {\n        public BufferedReader reader;\n        public StringTokenizer tokenizer;\n        public InputReader(InputStream stream) {\n            reader = new BufferedReader(new InputStreamReader(stream), 32768);\n            tokenizer = null;\n        }\n        public String next() {\n            while (tokenizer == null || !tokenizer.hasMoreTokens()) {\n                try {\n                    tokenizer = new StringTokenizer(reader.readLine());\n                } catch (IOException e) {\n                    throw new RuntimeException(e);\n                }\n            }\n            return tokenizer.nextToken();\n        }\n        public int nextInt() {\n            return Integer.parseInt(next());\n        }\n    }\n}",
      "covered_code": "Given the specific test case input `3 4 2 5 8 3 7 9 5` and the provided Java program, let's develop a plan for step-by-step execution and predict the code coverage:\n\n### Plan for Step by Step Execution:\n\n1. **Import Statements**: All import statements are executed as part of the program's setup. Coverage: \n    - `import java.io.*;`\n    - `import java.util.*;`\n\n2. **Class Declarations**: The declarations for the classes `Main`, `FSilverFoxVsMonster`, `node`, and `InputReader` are always executed. Coverage:\n    - `public class Main {`\n    - `static class FSilverFoxVsMonster {`\n    - `class node {`\n    - `static class InputReader {`\n\n3. **Main Method Execution**:\n    - Initialization of `InputStream` and `OutputStream` objects.\n    - Creation of `InputReader` and `PrintWriter` objects.\n    - Calling `solve` method of `FSilverFoxVsMonster` class.\n    - Closing the `PrintWriter`.\n\n4. **`solve` Method Execution**:\n    - Reading inputs (`n`, `D`, `A`) and creating an ArrayList of `node`.\n    - Sorting the ArrayList `a`.\n    - Initializing an array `pre` and an ArrayList `d`.\n    - Loop to modify values in `ArrayList<node> a` and calculate `ans`.\n\n5. **`llt` Method Execution**:\n    - Executed when calculating `int q = llt(d, 0, c, y);`.\n    - Binary search-like logic to find an index in `ArrayList<Long> a`.\n\n6. **`InputReader` Class Execution**:\n    - Reading inputs from `System.in`.\n    - Utilizing `BufferedReader` and `StringTokenizer` for efficient input reading.\n\n### Predicted Code Coverage:\n\n- All import statements are covered: `>`\n- All class declarations are covered: `>`\n- Main method and its content are covered: `>`\n- `solve` method and its contents are covered: `>`\n- `llt` method is covered due to its call inside the `solve` method: `>`\n- `InputReader` class and its methods are covered as it's used for input parsing: `>`\n\n### Exception and Special Cases:\n\n- No explicit exception handling within the given code. However, the code assumes valid inputs according to the problem statement.\n- The provided test case does not seem to lead to exceptions such as `NumberFormatException` or `IOException`.\n\n### Final Prediction:\n\nThe given test case and program structure suggest high code coverage, with all significant parts of the program being executed. No lines of code are explicitly marked as not executed (`!`) based on the given plan and the nature of the program.",
      "test_seed_coverage": [
        ">",
        ">",
        ">",
        ">",
        ">",
        ">",
        ">",
        ">",
        ">",
        ">",
        ">",
        ">",
        ">",
        ">",
        ">",
        ">",
        ">",
        ">",
        ">",
        ">",
        ">",
        ">",
        ">",
        ">",
        ">",
        ">",
        ">",
        ">",
        ">",
        ">",
        ">",
        ">",
        ">",
        ">",
        ">",
        ">",
        ">",
        ">",
        ">",
        ">",
        ">",
        ">",
        ">",
        ">",
        ">",
        ">",
        ">",
        ">",
        ">",
        ">",
        ">",
        ">",
        ">",
        ">",
        ">",
        ">",
        ">",
        ">",
        ">",
        ">",
        ">",
        ">",
        ">",
        ">",
        ">",
        ">",
        ">",
        ">",
        ">",
        ">",
        ">",
        ">",
        ">",
        ">",
        ">",
        ">",
        ">",
        ">",
        ">",
        ">",
        ">",
        ">",
        ">",
        ">",
        ">",
        ">",
        ">",
        ">",
        ">",
        ">",
        ">",
        ">",
        ">",
        ">",
        ">",
        ">",
        ">",
        ">",
        ">",
        ">",
        ">"
      ],
      "cumulative_coverage": [
        ">",
        ">",
        ">",
        ">",
        ">",
        ">",
        ">",
        ">",
        ">",
        ">",
        ">",
        ">",
        ">",
        ">",
        ">",
        ">",
        ">",
        ">",
        ">",
        ">",
        ">",
        ">",
        ">",
        ">",
        ">",
        ">",
        ">",
        ">",
        ">",
        ">",
        ">",
        ">",
        ">",
        ">",
        ">",
        ">",
        ">",
        ">",
        ">",
        ">",
        ">",
        ">",
        ">",
        ">",
        ">",
        ">",
        ">",
        ">",
        ">",
        ">",
        ">",
        ">",
        ">",
        ">",
        ">",
        ">",
        ">",
        ">",
        ">",
        ">",
        ">",
        ">",
        ">",
        ">",
        ">",
        ">",
        ">",
        ">",
        ">",
        ">",
        ">",
        ">",
        ">",
        ">",
        ">",
        ">",
        ">",
        ">",
        ">",
        ">",
        ">",
        ">",
        ">",
        ">",
        ">",
        ">",
        ">",
        ">",
        ">",
        ">",
        ">",
        ">",
        ">",
        ">",
        ">",
        ">",
        ">",
        ">",
        ">",
        ">",
        ">"
      ],
      "execution_output": "4",
      "cerberus_output": "NumberFormatException",
      "execution_result": "",
      "test_case_id": "5"
    },
    {
      "test_case": [
        "Test Case Input:\n3\n2\n5\n1 10\n2 20\n3 30"
      ],
      "test_mutations": [
        "Test Case Input:\n3\n2\n5\n1 10\n2 20\n3 30"
      ],
      "initial_code": "import java.io.OutputStream;\nimport java.io.IOException;\nimport java.io.InputStream;\nimport java.io.PrintWriter;\nimport java.io.IOException;\nimport java.io.InputStreamReader;\nimport java.util.ArrayList;\nimport java.util.StringTokenizer;\nimport java.io.BufferedReader;\nimport java.util.Comparator;\nimport java.util.Collections;\nimport java.io.InputStream;\npublic class Main {\n    public static void main(String[] args) {\n        InputStream inputStream = System.in;\n        OutputStream outputStream = System.out;\n        InputReader in = new InputReader(inputStream);\n        PrintWriter out = new PrintWriter(outputStream);\n        FSilverFoxVsMonster solver = new FSilverFoxVsMonster();\n        solver.solve(1, in, out);\n        out.close();\n    }\n    static class FSilverFoxVsMonster {\n        public int llt(ArrayList<Long> a, int l, int r, int x) {\n            int temp = r;\n            int mid = (l + r) / 2;\n            if (a.get(mid) >= x) {\n                r = mid;\n            } else {\n                l = mid + 1;\n            }\n            while (l >= temp) l--;\n            while (l > 0 && a.get(l) > x) l--;\n            return l;\n        }\n        public void solve(int testNumber, InputReader in, PrintWriter out) {\n            int n = in.nextInt();\n            int D = in.nextInt();\n            int A = in.nextInt();\n            ArrayList<node> a = new ArrayList<node>();\n            for (int i = 0; i < n; i++) {\n                a.add(new node(in.nextInt(), in.nextInt()));\n            }\n            Collections.sort(a, new Comparator<node>() {\n                public int compare(node o1, node o2) {\n                    return o1.x - o2.x;\n                }\n            });\n            long pre[] = new long[n + 1];\n            ArrayList<Long> d = new ArrayList<>();\n            d.add(-1L);\n            int c = 0;\n            c++;\n            long ans = 0;\n            for (int i = 0; i < n; i++) {\n                int x = a.get(i).x;\n                int y = a.get(i).x - 2 * D;\n                if (y < 0) y = 0;\n                y--;\n                int q = llt(d, 0, c, y);\n                long t = pre[c - 1] - pre[q];\n                a.get(i).y = a.get(i).y - t > 0 ? a.get(i).y - t : 0;\n                long an = (long) Math.ceil((float) a.get(i).y / A);\n                ans += an;\n                pre[c] = pre[c - 1] + an * A;\n                d.add((long) a.get(i).x);\n                c++;\n            }\n            out.println(ans);\n        }\n        class node {\n            int x;\n            long y;\n            node(int x, int y) {\n                this.x = x;\n                this.y = y;\n            }\n        }\n    }\n    static class InputReader {\n        public BufferedReader reader;\n        public StringTokenizer tokenizer;\n        public InputReader(InputStream stream) {\n            reader = new BufferedReader(new InputStreamReader(stream), 32768);\n            tokenizer = null;\n        }\n        public String next() {\n            while (tokenizer == null || !tokenizer.hasMoreTokens()) {\n                try {\n                    tokenizer = new StringTokenizer(reader.readLine());\n                } catch (IOException e) {\n                    throw new RuntimeException(e);\n                }\n            }\n            return tokenizer.nextToken();\n        }\n        public int nextInt() {\n            return Integer.parseInt(next());\n        }\n    }\n}",
      "covered_code": "Given the test case input and the structure of the Java program, let's develop a plan for step by step execution to predict the code coverage. \n\n**Test Case Input: 3 2 5 1 10 2 20 3 30**\n\nThis implies that `n = 3` (number of inputs), `D = 2`, `A = 5`, and there are 3 pairs of inputs for the `node` class instances: `(1, 10)`, `(2, 20)`, `(3, 30)`.\n\n### Plan for step by step execution:\n\n1. **Import Statements**: These are always executed. All `import` statements will be covered.\n2. **Main Class Declaration**: Always executed. The declaration `public class Main {` is covered.\n3. **Main Method Declaration**: Always executed. The declaration `public static void main(String[] args) {` is covered.\n4. **Creation of InputStream and OutputStream**: Always executed. Statements initializing `inputStream` and `outputStream` are covered.\n5. **Creation of InputReader and PrintWriter**: Always executed. Statements initializing `in` and `out` are covered.\n6. **Solver Object and solve Method Call**: The creation of the solver object and the call to the `solve` method are always executed.\n7. **FSilverFoxVsMonster.solve Method Execution**: The execution of the `solve` method is guaranteed given the prior steps. The entire method body is expected to be executed because it processes input data provided through the test case input.\n8. **FSilverFoxVsMonster.llt Method Execution**: This method is called within the `solve` method and is expected to be executed multiple times based on the logic inside the `solve` method.\n9. **InputReader Class Usage**: The `nextInt` method of the `InputReader` class is used in the `solve` method to read input, so it is covered as well.\n10. **Output via PrintWriter**: The `println` method of the `PrintWriter` object `out` is called to output the result, so it's covered.\n11. **Closing of PrintWriter**: The `close` method on the `PrintWriter` object `out` is called at the end of the `main` method, thus covered.\n\nBased on the plan, the predicted code coverage is as follows:\n\n```\n> import java.io.OutputStream;\n> import java.io.IOException;\n> import java.io.InputStream;\n> import java.io.PrintWriter;\n> import java.io.IOException;\n> import java.io.InputStreamReader;\n> import java.util.ArrayList;\n> import java.util.StringTokenizer;\n> import java.io.BufferedReader;\n> import java.util.Comparator;\n> import java.util.Collections;\n> import java.io.InputStream;\n> public class Main {\n>     public static void main(String[] args) {\n>         InputStream inputStream = System.in;\n>         OutputStream outputStream = System.out;\n>         InputReader in = new InputReader(inputStream);\n>         PrintWriter out = new PrintWriter(outputStream);\n>         FSilverFoxVsMonster solver = new FSilverFoxVsMonster();\n>         solver.solve(1, in, out);\n>         out.close();\n>     }\n>     static class FSilverFoxVsMonster {\n>         public int llt(ArrayList<Long> a, int l, int r, int x) {\n>             int temp = r;\n>             int mid = (l + r) / 2;\n>             if (a.get(mid) >= x) {\n>                 r = mid;\n>             } else {\n>                 l = mid + 1;\n>             }\n>             while (l >= temp) l--;\n>             while (l > 0 && a.get(l) > x) l--;\n>             return l;\n>         }\n>         public void solve(int testNumber, InputReader in, PrintWriter out) {\n>             int n = in.nextInt();\n>             int D = in.nextInt();\n>             int A = in.nextInt();\n>             ArrayList<node> a = new ArrayList<node>();\n>             for (int i = 0; i < n; i++) {\n>                 a.add(new node(in.nextInt(), in.nextInt()));\n>             }\n>             Collections.sort(a, new Comparator<node>() {\n>                 public int compare(node o1, node o2) {\n>                     return o1.x - o2.x;\n>                 }\n>             });\n>             long pre[] = new long[n + 1];\n>             ArrayList<Long> d = new ArrayList<>();\n>             d.add(-1L);\n>             int c = 0;\n>             c++;\n>             long ans = 0;\n>             for (int i = 0; i < n; i++) {\n>                 int x = a.get(i).x;\n>                 int y = a.get(i).x - 2 * D;\n>                 if (y < 0) y = 0;\n>                 y--;\n>                 int q = llt(d, 0, c, y);\n>                 long t = pre[c - 1] - pre[q];\n>                 a.get(i).y = a.get(i).y - t > 0 ? a.get(i).y - t : 0;\n>                 long an = (long) Math.ceil((float) a.get(i).y / A);\n>                 ans += an;\n>                 pre[c] = pre[c - 1] + an * A;\n>                 d.add((long) a.get(i).x);\n>                 c++;\n>             }\n>             out.println(ans);\n>         }\n>         class node {\n>             int x;\n>             long y;\n>             node(int x, int y) {\n>                 this.x = x;\n>                 this.y = y;\n>             }\n>         }\n>     }\n>     static class InputReader {\n>         public BufferedReader reader;\n>         public StringTokenizer tokenizer;\n>         public InputReader(InputStream stream) {\n>             reader = new BufferedReader(new InputStreamReader(stream), 32768);\n>             tokenizer = null;\n>         }\n>         public String next() {\n>             while (tokenizer == null || !tokenizer.hasMoreTokens()) {\n>                 try {\n>                     tokenizer = new StringTokenizer(reader.readLine());\n>                 } catch (IOException e) {\n>                     throw new RuntimeException(e);\n>                 }\n>             }\n>             return tokenizer.nextToken();\n>         }\n>         public int nextInt() {\n>             return Integer.parseInt(next());\n>         }\n>     }\n> }\n```\n\nThe plan and prediction assume normal execution flow based on the provided test case input without considering possible runtime exceptions unrelated to the specific logic of the program.",
      "test_seed_coverage": [
        ">",
        ">",
        ">",
        ">",
        ">",
        ">",
        ">",
        ">",
        ">",
        ">",
        ">",
        ">",
        ">",
        ">",
        ">",
        ">",
        ">",
        ">",
        ">",
        ">",
        ">",
        ">",
        ">",
        ">",
        ">",
        ">",
        ">",
        ">",
        ">",
        ">",
        ">",
        ">",
        ">",
        ">",
        ">",
        ">",
        ">",
        ">",
        ">",
        ">",
        ">",
        ">",
        ">",
        ">",
        ">",
        ">",
        ">",
        ">",
        ">",
        ">",
        ">",
        ">",
        ">",
        ">",
        ">",
        ">",
        ">",
        ">",
        ">",
        ">",
        ">",
        ">",
        ">",
        ">",
        ">",
        ">",
        ">",
        ">",
        ">",
        ">",
        ">",
        ">",
        ">",
        ">",
        ">",
        ">",
        ">",
        ">",
        ">",
        ">",
        ">",
        ">",
        ">",
        ">",
        ">",
        ">",
        ">",
        ">",
        ">",
        ">",
        ">",
        ">",
        ">",
        ">",
        ">",
        ">",
        ">",
        ">",
        ">",
        ">",
        ">"
      ],
      "cumulative_coverage": [
        ">",
        ">",
        ">",
        ">",
        ">",
        ">",
        ">",
        ">",
        ">",
        ">",
        ">",
        ">",
        ">",
        ">",
        ">",
        ">",
        ">",
        ">",
        ">",
        ">",
        ">",
        ">",
        ">",
        ">",
        ">",
        ">",
        ">",
        ">",
        ">",
        ">",
        ">",
        ">",
        ">",
        ">",
        ">",
        ">",
        ">",
        ">",
        ">",
        ">",
        ">",
        ">",
        ">",
        ">",
        ">",
        ">",
        ">",
        ">",
        ">",
        ">",
        ">",
        ">",
        ">",
        ">",
        ">",
        ">",
        ">",
        ">",
        ">",
        ">",
        ">",
        ">",
        ">",
        ">",
        ">",
        ">",
        ">",
        ">",
        ">",
        ">",
        ">",
        ">",
        ">",
        ">",
        ">",
        ">",
        ">",
        ">",
        ">",
        ">",
        ">",
        ">",
        ">",
        ">",
        ">",
        ">",
        ">",
        ">",
        ">",
        ">",
        ">",
        ">",
        ">",
        ">",
        ">",
        ">",
        ">",
        ">",
        ">",
        ">",
        ">"
      ],
      "execution_output": "6",
      "cerberus_output": "RuntimeException",
      "execution_result": "",
      "test_case_id": "6"
    },
    {
      "test_case": [
        "Test Case Input:\n3\n0\n2\n-1 -2\n1 1\n2 3"
      ],
      "test_mutations": [
        "Test Case Input:\n3\n0\n2\n-1 -2\n1 1\n2 3"
      ],
      "initial_code": "import java.io.OutputStream;\nimport java.io.IOException;\nimport java.io.InputStream;\nimport java.io.PrintWriter;\nimport java.io.IOException;\nimport java.io.InputStreamReader;\nimport java.util.ArrayList;\nimport java.util.StringTokenizer;\nimport java.io.BufferedReader;\nimport java.util.Comparator;\nimport java.util.Collections;\nimport java.io.InputStream;\npublic class Main {\n    public static void main(String[] args) {\n        InputStream inputStream = System.in;\n        OutputStream outputStream = System.out;\n        InputReader in = new InputReader(inputStream);\n        PrintWriter out = new PrintWriter(outputStream);\n        FSilverFoxVsMonster solver = new FSilverFoxVsMonster();\n        solver.solve(1, in, out);\n        out.close();\n    }\n    static class FSilverFoxVsMonster {\n        public int llt(ArrayList<Long> a, int l, int r, int x) {\n            int temp = r;\n            int mid = (l + r) / 2;\n            if (a.get(mid) >= x) {\n                r = mid;\n            } else {\n                l = mid + 1;\n            }\n            while (l >= temp) l--;\n            while (l > 0 && a.get(l) > x) l--;\n            return l;\n        }\n        public void solve(int testNumber, InputReader in, PrintWriter out) {\n            int n = in.nextInt();\n            int D = in.nextInt();\n            int A = in.nextInt();\n            ArrayList<node> a = new ArrayList<node>();\n            for (int i = 0; i < n; i++) {\n                a.add(new node(in.nextInt(), in.nextInt()));\n            }\n            Collections.sort(a, new Comparator<node>() {\n                public int compare(node o1, node o2) {\n                    return o1.x - o2.x;\n                }\n            });\n            long pre[] = new long[n + 1];\n            ArrayList<Long> d = new ArrayList<>();\n            d.add(-1L);\n            int c = 0;\n            c++;\n            long ans = 0;\n            for (int i = 0; i < n; i++) {\n                int x = a.get(i).x;\n                int y = a.get(i).x - 2 * D;\n                if (y < 0) y = 0;\n                y--;\n                int q = llt(d, 0, c, y);\n                long t = pre[c - 1] - pre[q];\n                a.get(i).y = a.get(i).y - t > 0 ? a.get(i).y - t : 0;\n                long an = (long) Math.ceil((float) a.get(i).y / A);\n                ans += an;\n                pre[c] = pre[c - 1] + an * A;\n                d.add((long) a.get(i).x);\n                c++;\n            }\n            out.println(ans);\n        }\n        class node {\n            int x;\n            long y;\n            node(int x, int y) {\n                this.x = x;\n                this.y = y;\n            }\n        }\n    }\n    static class InputReader {\n        public BufferedReader reader;\n        public StringTokenizer tokenizer;\n        public InputReader(InputStream stream) {\n            reader = new BufferedReader(new InputStreamReader(stream), 32768);\n            tokenizer = null;\n        }\n        public String next() {\n            while (tokenizer == null || !tokenizer.hasMoreTokens()) {\n                try {\n                    tokenizer = new StringTokenizer(reader.readLine());\n                } catch (IOException e) {\n                    throw new RuntimeException(e);\n                }\n            }\n            return tokenizer.nextToken();\n        }\n        public int nextInt() {\n            return Integer.parseInt(next());\n        }\n    }\n}",
      "covered_code": "Given the complexity of the provided Java program and without executing it directly, we will outline a plan to predict which parts of the code are covered by the provided test input and highlight any potential exceptions or edge cases. The analysis is based on the understanding of the code and its logical flow.\n\n### Plan for Step by Step Execution\n\n1. **Import Statements**: All import statements are always executed as part of the program's setup.\n2. **Class Declarations**: The class declarations for `Main`, `FSilverFoxVsMonster`, `node`, and `InputReader` are considered to be executed as they define the structure of the program.\n3. **Main Method Execution**: The Main method is the entry point and is executed, setting up the input and output streams and calling the `solve` method of `FSilverFoxVsMonster`.\n4. **InputReader and Tokenization**: The `InputReader` class is utilized for parsing input. Given the provided input, it will be executed to read and tokenize the input data.\n5. **Solve Method Execution**: The `solve` method in `FSilverFoxVsMonster` will be executed with the given test case input. This involves reading the input values for `n`, `D`, and `A`, and processing them along with monster data.\n6. **Iteration Over Monsters**: The loop that reads and processes each monster's data is executed as part of the solve method.\n7. **Sorting and Calculations**: The sorting of monsters based on their position and subsequent calculations to determine the number of attacks required will be executed.\n8. **Output**: The final answer, which is the total number of attacks required, is printed out.\n9. **Closing Statements**: The `out.close();` statement is executed to close the `PrintWriter`.\n\n### Predicted Code Coverage\n\nGiven the step-by-step plan, let's predict the code coverage:\n\n- **Import Statements**: `>` (executed)\n- **Class Declarations**: `>` (executed)\n- **Main Method and setup**: `>` (executed)\n- **FSilverFoxVsMonster.solve method**: `>` (executed)\n  - **llt method**: Depending on the values processed, if this method is called during the solution, it will be executed. Given the test input and based on the logic to find a lower limit, this method should be executed at least once.\n- **InputReader class**: `>` (executed)\n  - **Reading and tokenization logic**: `>` (executed)\n- **node class**: `>` (used for storing monster data)\n- **Output**: `>` (the result is printed, so the output statements are executed)\n- **Exception Handling**: Not explicitly covered in the code, but no exceptions are expected based on the provided input.\n\n### Exceptions or Edge Cases\n\n- **Input Misalignment**: If the input does not match the expected format, the program could throw an `IOException` or `NumberFormatException`. However, the given input seems to match the expected format, so these exceptions are unlikely.\n- **Division by Zero or Invalid Calculations**: Not applicable in this scenario based on the provided logic.\n\n### Conclusion\n\nThe predicted code coverage indicates that most lines of the program are executed given the test case input. The specifics of which lines within methods like `solve` or `llt` are executed depend on the input values and their processing. The given plan does not pinpoint each line's execution status without a deeper, line-by-line analysis, which requires running the code or a more detailed static analysis.",
      "test_seed_coverage": [
        ">",
        ">",
        ">",
        ">",
        ">",
        ">",
        ">",
        ">",
        ">",
        ">",
        ">",
        ">",
        ">",
        ">",
        ">",
        ">",
        ">",
        ">",
        ">",
        ">",
        ">",
        ">",
        ">",
        ">",
        ">",
        ">",
        ">",
        ">",
        ">",
        ">",
        ">",
        ">",
        ">",
        ">",
        ">",
        ">",
        ">",
        ">",
        ">",
        ">",
        ">",
        ">",
        ">",
        ">",
        ">",
        ">",
        ">",
        ">",
        ">",
        ">",
        ">",
        ">",
        ">",
        ">",
        ">",
        ">",
        ">",
        ">",
        ">",
        ">",
        ">",
        ">",
        ">",
        ">",
        ">",
        ">",
        ">",
        ">",
        ">",
        ">",
        ">",
        ">",
        ">",
        ">",
        ">",
        ">",
        ">",
        ">",
        ">",
        ">",
        ">",
        ">",
        ">",
        ">",
        ">",
        ">",
        ">",
        ">",
        ">",
        ">",
        ">",
        ">",
        ">",
        ">",
        ">",
        ">",
        ">",
        ">",
        ">",
        ">",
        ">"
      ],
      "cumulative_coverage": [
        ">",
        ">",
        ">",
        ">",
        ">",
        ">",
        ">",
        ">",
        ">",
        ">",
        ">",
        ">",
        ">",
        ">",
        ">",
        ">",
        ">",
        ">",
        ">",
        ">",
        ">",
        ">",
        ">",
        ">",
        ">",
        ">",
        ">",
        ">",
        ">",
        ">",
        ">",
        ">",
        ">",
        ">",
        ">",
        ">",
        ">",
        ">",
        ">",
        ">",
        ">",
        ">",
        ">",
        ">",
        ">",
        ">",
        ">",
        ">",
        ">",
        ">",
        ">",
        ">",
        ">",
        ">",
        ">",
        ">",
        ">",
        ">",
        ">",
        ">",
        ">",
        ">",
        ">",
        ">",
        ">",
        ">",
        ">",
        ">",
        ">",
        ">",
        ">",
        ">",
        ">",
        ">",
        ">",
        ">",
        ">",
        ">",
        ">",
        ">",
        ">",
        ">",
        ">",
        ">",
        ">",
        ">",
        ">",
        ">",
        ">",
        ">",
        ">",
        ">",
        ">",
        ">",
        ">",
        ">",
        ">",
        ">",
        ">",
        ">",
        ">"
      ],
      "execution_output": "3",
      "cerberus_output": "NumberFormatException, Exceptions",
      "execution_result": "",
      "test_case_id": "7"
    },
    {
      "test_case": [
        "Test Case Input:\n4\n2\n3\n5 4\n3 2\n8 6\n6 5"
      ],
      "test_mutations": [
        "Test Case Input:\n4\n2\n3\n5 4\n3 2\n8 6\n6 5"
      ],
      "initial_code": "import java.io.OutputStream;\nimport java.io.IOException;\nimport java.io.InputStream;\nimport java.io.PrintWriter;\nimport java.io.IOException;\nimport java.io.InputStreamReader;\nimport java.util.ArrayList;\nimport java.util.StringTokenizer;\nimport java.io.BufferedReader;\nimport java.util.Comparator;\nimport java.util.Collections;\nimport java.io.InputStream;\npublic class Main {\n    public static void main(String[] args) {\n        InputStream inputStream = System.in;\n        OutputStream outputStream = System.out;\n        InputReader in = new InputReader(inputStream);\n        PrintWriter out = new PrintWriter(outputStream);\n        FSilverFoxVsMonster solver = new FSilverFoxVsMonster();\n        solver.solve(1, in, out);\n        out.close();\n    }\n    static class FSilverFoxVsMonster {\n        public int llt(ArrayList<Long> a, int l, int r, int x) {\n            int temp = r;\n            int mid = (l + r) / 2;\n            if (a.get(mid) >= x) {\n                r = mid;\n            } else {\n                l = mid + 1;\n            }\n            while (l >= temp) l--;\n            while (l > 0 && a.get(l) > x) l--;\n            return l;\n        }\n        public void solve(int testNumber, InputReader in, PrintWriter out) {\n            int n = in.nextInt();\n            int D = in.nextInt();\n            int A = in.nextInt();\n            ArrayList<node> a = new ArrayList<node>();\n            for (int i = 0; i < n; i++) {\n                a.add(new node(in.nextInt(), in.nextInt()));\n            }\n            Collections.sort(a, new Comparator<node>() {\n                public int compare(node o1, node o2) {\n                    return o1.x - o2.x;\n                }\n            });\n            long pre[] = new long[n + 1];\n            ArrayList<Long> d = new ArrayList<>();\n            d.add(-1L);\n            int c = 0;\n            c++;\n            long ans = 0;\n            for (int i = 0; i < n; i++) {\n                int x = a.get(i).x;\n                int y = a.get(i).x - 2 * D;\n                if (y < 0) y = 0;\n                y--;\n                int q = llt(d, 0, c, y);\n                long t = pre[c - 1] - pre[q];\n                a.get(i).y = a.get(i).y - t > 0 ? a.get(i).y - t : 0;\n                long an = (long) Math.ceil((float) a.get(i).y / A);\n                ans += an;\n                pre[c] = pre[c - 1] + an * A;\n                d.add((long) a.get(i).x);\n                c++;\n            }\n            out.println(ans);\n        }\n        class node {\n            int x;\n            long y;\n            node(int x, int y) {\n                this.x = x;\n                this.y = y;\n            }\n        }\n    }\n    static class InputReader {\n        public BufferedReader reader;\n        public StringTokenizer tokenizer;\n        public InputReader(InputStream stream) {\n            reader = new BufferedReader(new InputStreamReader(stream), 32768);\n            tokenizer = null;\n        }\n        public String next() {\n            while (tokenizer == null || !tokenizer.hasMoreTokens()) {\n                try {\n                    tokenizer = new StringTokenizer(reader.readLine());\n                } catch (IOException e) {\n                    throw new RuntimeException(e);\n                }\n            }\n            return tokenizer.nextToken();\n        }\n        public int nextInt() {\n            return Integer.parseInt(next());\n        }\n    }\n}",
      "covered_code": "Given the test case input and the structure of the Java program, let's develop a plan for step by step execution and predict the code coverage.\n\n### Plan for Step by Step Execution:\n1. **Import Statements**: Import statements are always executed.\n2. **Main Class Declaration**: `public class Main` is always executed since it defines the class.\n3. **Main Method Execution**: The `main` method is the entry point of the program and is always executed.\n4. **Input and Output Stream Setup**: Statements initializing `InputStream` and `OutputStream` along with the creation of `InputReader` and `PrintWriter` instances are executed.\n5. **Solver Object Creation and Method Call**: The creation of `FSilverFoxVsMonster` solver object and the call to its `solve` method are executed.\n6. **Input Reading in `solve` Method**: Reading inputs `n`, `D`, `A` and the loop reading the monster coordinates and health are executed.\n7. **Sorting and Algorithm Logic**: The sorting of monsters based on their coordinates, and the subsequent logic implemented in the loop calculating the answer are executed.\n8. **Printing the Result**: The statement printing the final answer is executed.\n9. **Closing the Output Stream**: `out.close()` is always executed.\n\nBased on the plan, let's predict the code coverage:\n\n```\n> import java.io.OutputStream;\n> import java.io.IOException;\n> import java.io.InputStream;\n> import java.io.PrintWriter;\n> import java.io.IOException;\n> import java.io.InputStreamReader;\n> import java.util.ArrayList;\n> import java.util.StringTokenizer;\n> import java.io.BufferedReader;\n> import java.util.Comparator;\n> import java.util.Collections;\n> import java.io.InputStream;\n> public class Main {\n>    public static void main(String[] args) {\n>        InputStream inputStream = System.in;\n>        OutputStream outputStream = System.out;\n>        InputReader in = new InputReader(inputStream);\n>        PrintWriter out = new PrintWriter(outputStream);\n>        FSilverFoxVsMonster solver = new FSilverFoxVsMonster();\n>        solver.solve(1, in, out);\n>        out.close();\n>    }\n>    static class FSilverFoxVsMonster {\n>        public int llt(ArrayList<Long> a, int l, int r, int x) {\n>            int temp = r;\n>            int mid = (l + r) / 2;\n>            if (a.get(mid) >= x) {\n>                r = mid;\n>            } else {\n>                l = mid + 1;\n>            }\n>            while (l >= temp) l--;\n>            while (l > 0 && a.get(l) > x) l--;\n>            return l;\n>        }\n>        public void solve(int testNumber, InputReader in, PrintWriter out) {\n>            int n = in.nextInt();\n>            int D = in.nextInt();\n>            int A = in.nextInt();\n>            ArrayList<node> a = new ArrayList<node>();\n>            for (int i = 0; i < n; i++) {\n>                a.add(new node(in.nextInt(), in.nextInt()));\n>            }\n>            Collections.sort(a, new Comparator<node>() {\n>                public int compare(node o1, node o2) {\n>                    return o1.x - o2.x;\n>                }\n>            });\n>            long pre[] = new long[n + 1];\n>            ArrayList<Long> d = new ArrayList<>();\n>            d.add(-1L);\n>            int c = 0;\n>            c++;\n>            long ans = 0;\n>            for (int i = 0; i < n; i++) {\n>                int x = a.get(i).x;\n>                int y = a.get(i).x - 2 * D;\n>                if (y < 0) y = 0;\n>                y--;\n>                int q = llt(d, 0, c, y);\n>                long t = pre[c - 1] - pre[q];\n>                a.get(i).y = a.get(i).y - t > 0 ? a.get(i).y - t : 0;\n>                long an = (long) Math.ceil((float) a.get(i).y / A);\n>                ans += an;\n>                pre[c] = pre[c - 1] + an * A;\n>                d.add((long) a.get(i).x);\n>                c++;\n>            }\n>            out.println(ans);\n>        }\n>        class node {\n>            int x;\n>            long y;\n>            node(int x, int y) {\n>                this.x = x;\n>                this.y = y;\n>            }\n>        }\n>    }\n>    static class InputReader {\n>        public BufferedReader reader;\n>        public StringTokenizer tokenizer;\n>        public InputReader(InputStream stream) {\n>            reader = new BufferedReader(new InputStreamReader(stream), 32768);\n>            tokenizer = null;\n>        }\n>        public String next() {\n>            while (tokenizer == null || !tokenizer.hasMoreTokens()) {\n>                try {\n>                    tokenizer = new StringTokenizer(reader.readLine());\n>                } catch (IOException e) {\n>                    throw new RuntimeException(e);\n>                }\n>            }\n>            return tokenizer.nextToken();\n>        }\n>        public int nextInt() {\n>            return Integer.parseInt(next());\n>        }\n>    }\n>}\n```\n\nAll lines of code within the methods that are part of the program's execution path based on the given test case input are marked as executed (`>`). This prediction assumes that all parts of the code that can be reached given the test case inputs are covered. Note, some utility methods or exceptions handling might not be directly invoked or visible through this high-level coverage analysis.",
      "test_seed_coverage": [
        ">",
        ">",
        ">",
        ">",
        ">",
        ">",
        ">",
        ">",
        ">",
        ">",
        ">",
        ">",
        ">",
        ">",
        ">",
        ">",
        ">",
        ">",
        ">",
        ">",
        ">",
        ">",
        ">",
        ">",
        ">",
        ">",
        ">",
        ">",
        ">",
        ">",
        ">",
        ">",
        ">",
        ">",
        ">",
        ">",
        ">",
        ">",
        ">",
        ">",
        ">",
        ">",
        ">",
        ">",
        ">",
        ">",
        ">",
        ">",
        ">",
        ">",
        ">",
        ">",
        ">",
        ">",
        ">",
        ">",
        ">",
        ">",
        ">",
        ">",
        ">",
        ">",
        ">",
        ">",
        ">",
        ">",
        ">",
        ">",
        ">",
        ">",
        ">",
        ">",
        ">",
        ">",
        ">",
        ">",
        ">",
        ">",
        ">",
        ">",
        ">",
        ">",
        ">",
        ">",
        ">",
        ">",
        ">",
        ">",
        ">",
        ">",
        ">",
        ">",
        ">",
        ">",
        ">",
        ">",
        ">",
        ">",
        ">",
        ">",
        ">"
      ],
      "cumulative_coverage": [
        ">",
        ">",
        ">",
        ">",
        ">",
        ">",
        ">",
        ">",
        ">",
        ">",
        ">",
        ">",
        ">",
        ">",
        ">",
        ">",
        ">",
        ">",
        ">",
        ">",
        ">",
        ">",
        ">",
        ">",
        ">",
        ">",
        ">",
        ">",
        ">",
        ">",
        ">",
        ">",
        ">",
        ">",
        ">",
        ">",
        ">",
        ">",
        ">",
        ">",
        ">",
        ">",
        ">",
        ">",
        ">",
        ">",
        ">",
        ">",
        ">",
        ">",
        ">",
        ">",
        ">",
        ">",
        ">",
        ">",
        ">",
        ">",
        ">",
        ">",
        ">",
        ">",
        ">",
        ">",
        ">",
        ">",
        ">",
        ">",
        ">",
        ">",
        ">",
        ">",
        ">",
        ">",
        ">",
        ">",
        ">",
        ">",
        ">",
        ">",
        ">",
        ">",
        ">",
        ">",
        ">",
        ">",
        ">",
        ">",
        ">",
        ">",
        ">",
        ">",
        ">",
        ">",
        ">",
        ">",
        ">",
        ">",
        ">",
        ">",
        ">"
      ],
      "execution_output": "2",
      "cerberus_output": "RuntimeException",
      "execution_result": "",
      "test_case_id": "8"
    }
  ]
}