{
  "submission_id": "s367318234",
  "cycles": [
    {
      "test_case": [
        "Test Case Input:\n5\n3"
      ],
      "test_mutations": [
        "Test Case Input:\n5\n3"
      ],
      "initial_code": "import java.io.*;\nimport java.util.*;\npublic class Main {\n\tstatic class FastReader { \n        BufferedReader br; \n        StringTokenizer st; \n        public FastReader() \n        { \n            br = new BufferedReader(new\n                     InputStreamReader(System.in)); \n        } \n        String next() \n        { \n            while (st == null || !st.hasMoreElements()) \n            { \n                try\n                { \n                    st = new StringTokenizer(br.readLine()); \n                } \n                catch (IOException  e) \n                { \n                    e.printStackTrace(); \n                } \n            } \n            return st.nextToken(); \n        } \n        int nextInt() \n        { \n            return Integer.parseInt(next()); \n        } \n        long nextLong() \n        { \n            return Long.parseLong(next()); \n        } \n        double nextDouble() \n        { \n            return Double.parseDouble(next()); \n        } \n        String nextLine() \n        { \n            String str = \"\"; \n            try\n            { \n                str = br.readLine(); \n            } \n            catch (IOException e) \n            { \n                e.printStackTrace(); \n            } \n            return str; \n        } \n    } \n\tpublic static List<Integer>[] edges;\n\tpublic static long[] fac,inv;\n\tpublic static int mod = (int) (1e9+7),MAX = (int) (1e5+1);\n\tpublic static PrintWriter out = new PrintWriter(new BufferedOutputStream(System.out));\n\tpublic static void main(String[] args) {\n\t\tFastReader sc = new FastReader();\n\t\tint n = sc.nextInt();\n\t\tint k = sc.nextInt();\n\t\tfac = new long[n+1];\n\t\tinv = new long[n+1];\n\t\tfac[0] = 1;\n\t\tfor(int i=1;i<fac.length;++i) fac[i] = (i*fac[i-1])%mod;\n\t\tinv[n]=pow(fac[n],mod-2);\n\t\tfor(int i=n-1;i>=0;i--){\n\t\t\tinv[i]=(inv[i+1]*(i+1))%mod;\n\t\t}\n\t\tfor(int i=1;i<=k;++i) {\n\t\t\tlong ans = (ncr(n-k+1,i)*ncr(k-1,i-1))%mod;\n\t\t\tout.println(ans);\n\t\t}\n        out.close();\n\t}\n\tprivate static long ncr(int n, int r) {\n\t\treturn ((fac[n]*inv[r])%mod*inv[n-r])%mod;\n\t}\n\tprivate static long pow(long a, int b) {\n\t\tif(b == 0) return 1;\n\t\tlong p =pow(a,b/2);\n\t\tp = (p*p)%mod;\n\t\tif((b&1) == 1) p = (a*p)%mod;\n\t\treturn p;\n\t}\n}",
      "covered_code": "For the given Java program and test case input \"5 3\", let's develop a plan for step by step execution and predict the code coverage:\n\n1. **Import Statements**:\n   - Always executed. The statements related to imports are covered.\n\n2. **Class and Static Variables Declaration**:\n   - Declarations outside methods are always executed when the class is loaded.\n\n3. **Main Method Declaration**:\n   - Always executed upon program start.\n\n4. **FastReader Class Instantiation**:\n   - The instantiation of the `FastReader` to read input is covered.\n\n5. **Reading Input `n` and `k`**:\n   - The statements to read inputs for `n` and `k` are executed.\n\n6. **Initializing `fac` and `inv` Arrays**:\n   - The initialization of these arrays and the for loop to fill `fac` with values are executed.\n\n7. **Calculation of Factorials and Inverses**:\n   - The algorithm to calculate factorial values and their modular inverses is executed.\n\n8. **For Loop for Calculating and Printing Answers**:\n   - The loop that calculates the answers based on combinations and prints them is executed.\n\n9. **Closing the PrintWriter**:\n   - The statement to close the PrintWriter is executed.\n\n10. **Private Methods `ncr` and `pow`**:\n    - Both private methods used for calculations are executed.\n\nFollowing this execution plan, let's indicate the coverage for each line of code:\n\n```\n> import java.io.*;\n> import java.util.*;\n> public class Main {\n>   static class FastReader {\n>     BufferedReader br;\n>     StringTokenizer st;\n>     public FastReader() {\n>       br = new BufferedReader(new InputStreamReader(System.in));\n>     }\n>     String next() {\n>       while (st == null || !st.hasMoreElements()) {\n>         try {\n>           st = new StringTokenizer(br.readLine());\n>         } catch (IOException e) {\n>           e.printStackTrace();\n>         }\n>       }\n>       return st.nextToken();\n>     }\n>     int nextInt() {\n>       return Integer.parseInt(next());\n>     }\n>     long nextLong() {\n>       return Long.parseLong(next());\n>     }\n>     double nextDouble() {\n>       return Double.parseDouble(next());\n>     }\n>     String nextLine() {\n>       String str = \"\";\n>       try {\n>         str = br.readLine();\n>       } catch (IOException e) {\n>         e.printStackTrace();\n>       }\n>       return str;\n>     }\n>   }\n>   public static List<Integer>[] edges;\n>   public static long[] fac, inv;\n>   public static int mod = (int) (1e9 + 7), MAX = (int) (1e5 + 1);\n>   public static PrintWriter out = new PrintWriter(new BufferedOutputStream(System.out));\n>   public static void main(String[] args) {\n>     FastReader sc = new FastReader();\n>     int n = sc.nextInt();\n>     int k = sc.nextInt();\n>     fac = new long[n + 1];\n>     inv = new long[n + 1];\n>     fac[0] = 1;\n>     for (int i = 1; i < fac.length; ++i) fac[i] = (i * fac[i - 1]) % mod;\n>     inv[n] = pow(fac[n], mod - 2);\n>     for (int i = n - 1; i >= 0; i--) {\n>       inv[i] = (inv[i + 1] * (i + 1)) % mod;\n>     }\n>     for (int i = 1; i <= k; ++i) {\n>       long ans = (ncr(n - k + 1, i) * ncr(k - 1, i - 1)) % mod;\n>       out.println(ans);\n>     }\n>     out.close();\n>   }\n>   private static long ncr(int n, int r) {\n>     return ((fac[n] * inv[r]) % mod * inv[n - r]) % mod;\n>   }\n>   private static long pow(long a, int b) {\n>     if (b == 0) return 1;\n>     long p = pow(a, b / 2);\n>     p = (p * p) % mod;\n>     if ((b & 1) == 1) p = (a * p) % mod;\n>     return p;\n>   }\n> }\n```\n**OUTPUT:**\n- The program will execute without any runtime exceptions, printing calculated values based on the input \"5 3\".\n\nThis plan and prediction of code coverage indicate that all lines of code in the provided Java program are executed with the given test case input.",
      "test_seed_coverage": [
        ">",
        ">",
        ">",
        ">",
        ">",
        ">",
        ">",
        ">",
        ">",
        ">",
        ">",
        ">",
        ">",
        ">",
        ">",
        ">",
        ">",
        ">",
        ">",
        ">",
        ">",
        ">",
        ">",
        ">",
        ">",
        ">",
        ">",
        ">",
        ">",
        ">",
        ">",
        ">",
        ">",
        ">",
        ">",
        ">",
        ">",
        ">",
        ">",
        ">",
        ">",
        ">",
        ">",
        ">",
        ">",
        ">",
        ">",
        ">",
        ">",
        ">",
        ">",
        ">",
        ">",
        ">",
        ">",
        ">",
        ">",
        ">",
        ">",
        ">",
        ">",
        ">",
        ">",
        ">",
        ">",
        ">",
        ">",
        ">",
        ">",
        ">",
        ">",
        ">",
        ">",
        ">",
        ">",
        ">",
        ">",
        ">",
        ">",
        ">",
        ">",
        ">",
        ">",
        ">",
        ">"
      ],
      "cumulative_coverage": [
        ">",
        ">",
        ">",
        ">",
        ">",
        ">",
        ">",
        ">",
        ">",
        ">",
        ">",
        ">",
        ">",
        ">",
        ">",
        ">",
        ">",
        ">",
        ">",
        ">",
        ">",
        ">",
        ">",
        ">",
        ">",
        ">",
        ">",
        ">",
        ">",
        ">",
        ">",
        ">",
        ">",
        ">",
        ">",
        ">",
        ">",
        ">",
        ">",
        ">",
        ">",
        ">",
        ">",
        ">",
        ">",
        ">",
        ">",
        ">",
        ">",
        ">",
        ">",
        ">",
        ">",
        ">",
        ">",
        ">",
        ">",
        ">",
        ">",
        ">",
        ">",
        ">",
        ">",
        ">",
        ">",
        ">",
        ">",
        ">",
        ">",
        ">",
        ">",
        ">",
        ">",
        ">",
        ">",
        ">",
        ">",
        ">",
        ">",
        ">",
        ">",
        ">",
        ">",
        ">",
        ">"
      ],
      "execution_output": "3\n6\n1",
      "cerberus_output": "",
      "execution_result": "",
      "test_case_id": "1"
    },
    {
      "test_case": [
        "Test Case Input:\n0\n0"
      ],
      "test_mutations": [
        "Test Case Input:\n0\n0"
      ],
      "initial_code": "import java.io.*;\nimport java.util.*;\npublic class Main {\n\tstatic class FastReader { \n        BufferedReader br; \n        StringTokenizer st; \n        public FastReader() \n        { \n            br = new BufferedReader(new\n                     InputStreamReader(System.in)); \n        } \n        String next() \n        { \n            while (st == null || !st.hasMoreElements()) \n            { \n                try\n                { \n                    st = new StringTokenizer(br.readLine()); \n                } \n                catch (IOException  e) \n                { \n                    e.printStackTrace(); \n                } \n            } \n            return st.nextToken(); \n        } \n        int nextInt() \n        { \n            return Integer.parseInt(next()); \n        } \n        long nextLong() \n        { \n            return Long.parseLong(next()); \n        } \n        double nextDouble() \n        { \n            return Double.parseDouble(next()); \n        } \n        String nextLine() \n        { \n            String str = \"\"; \n            try\n            { \n                str = br.readLine(); \n            } \n            catch (IOException e) \n            { \n                e.printStackTrace(); \n            } \n            return str; \n        } \n    } \n\tpublic static List<Integer>[] edges;\n\tpublic static long[] fac,inv;\n\tpublic static int mod = (int) (1e9+7),MAX = (int) (1e5+1);\n\tpublic static PrintWriter out = new PrintWriter(new BufferedOutputStream(System.out));\n\tpublic static void main(String[] args) {\n\t\tFastReader sc = new FastReader();\n\t\tint n = sc.nextInt();\n\t\tint k = sc.nextInt();\n\t\tfac = new long[n+1];\n\t\tinv = new long[n+1];\n\t\tfac[0] = 1;\n\t\tfor(int i=1;i<fac.length;++i) fac[i] = (i*fac[i-1])%mod;\n\t\tinv[n]=pow(fac[n],mod-2);\n\t\tfor(int i=n-1;i>=0;i--){\n\t\t\tinv[i]=(inv[i+1]*(i+1))%mod;\n\t\t}\n\t\tfor(int i=1;i<=k;++i) {\n\t\t\tlong ans = (ncr(n-k+1,i)*ncr(k-1,i-1))%mod;\n\t\t\tout.println(ans);\n\t\t}\n        out.close();\n\t}\n\tprivate static long ncr(int n, int r) {\n\t\treturn ((fac[n]*inv[r])%mod*inv[n-r])%mod;\n\t}\n\tprivate static long pow(long a, int b) {\n\t\tif(b == 0) return 1;\n\t\tlong p =pow(a,b/2);\n\t\tp = (p*p)%mod;\n\t\tif((b&1) == 1) p = (a*p)%mod;\n\t\treturn p;\n\t}\n}",
      "covered_code": "Given the test case input `0 0`, here is the step-by-step execution plan for the provided Java program and the prediction of the code coverage:\n\n1. **Import Statements**: These statements are executed as part of the program initialization. \n   - `import java.io.*;`\n   - `import java.util.*;`\n\n2. **Class Declarations**: The declarations of the `Main` class and the `FastReader` inner class are always executed.\n   - `public class Main {`\n   - `static class FastReader {`\n\n3. **Static Variables Initialization**: The static variables `edges`, `fac`, `inv`, `mod`, `MAX`, and `out` are initialized when the class is loaded.\n   - `public static List<Integer>[] edges;`\n   - `public static long[] fac, inv;`\n   - `public static int mod = (int) (1e9+7), MAX = (int) (1e5+1);`\n   - `public static PrintWriter out = new PrintWriter(new BufferedOutputStream(System.out));`\n\n4. **Main Method Execution**: The execution of the `main` method starts with creating a `FastReader` object and reading two integers `n` and `k`.\n   - `FastReader sc = new FastReader();`\n   - `int n = sc.nextInt();`\n   - `int k = sc.nextInt();`\n\n5. **Array Initialization**: The `fac` and `inv` arrays are initialized based on the value of `n` read from input.\n   - `fac = new long[n+1];`\n   - `inv = new long[n+1];`\n\n6. **Factorial and Inverse Factorial Calculation**: The loop for calculating the factorial and the inverse factorial values is executed. Given that `n` is `0`, the loop initializes `fac[0]` but does not proceed further for `fac` due to `i` starting from `1` and `inv` calculations not starting due to the for-loop condition for `i=n-1` (where `n=0`).\n   - `fac[0] = 1;`\n   - For loops for `fac[i]` and `inv[i]` calculation.\n\n7. **Calculation and Output**: Since `n` and `k` are both `0`, the loop for calculating and printing the answers does not execute because the condition `i <= k` is not satisfied (`k` is `0`).\n   - Loop for calculating and printing `ans`.\n\n8. **Closing the PrintWriter**: The `PrintWriter` object `out` is closed at the end of the `main` method execution.\n   - `out.close();`\n\nBased on the above execution plan and considering the provided test case input `0 0`, the code coverage is as follows:\n\n> import java.io.*;\n> import java.util.*;\n> public class Main {\n> static class FastReader { \n>     BufferedReader br; \n>     StringTokenizer st; \n>     public FastReader() \n>     { \n>         br = new BufferedReader(new InputStreamReader(System.in)); \n>     } \n>     String next() \n>     { \n>         while (st == null || !st.hasMoreElements()) \n>         { \n>             try\n>             { \n>                 st = new StringTokenizer(br.readLine()); \n>             } \n>             catch (IOException  e) \n>             { \n>                 e.printStackTrace(); \n>             } \n>         } \n>         return st.nextToken(); \n>     } \n>     int nextInt() \n>     { \n>         return Integer.parseInt(next()); \n>     } \n>     long nextLong() \n>     { \n>         return Long.parseLong(next()); \n>     } \n>     double nextDouble() \n>     { \n>         return Double.parseDouble(next()); \n>     } \n>     String nextLine() \n>     { \n>         String str = \"\"; \n>         try\n>         { \n>             str = br.readLine(); \n>         } \n>         catch (IOException e) \n>         { \n>             e.printStackTrace(); \n>         } \n>         return str; \n>     } \n> } \n> public static List<Integer>[] edges;\n> public static long[] fac,inv;\n> public static int mod = (int) (1e9+7),MAX = (int) (1e5+1);\n> public static PrintWriter out = new PrintWriter(new BufferedOutputStream(System.out));\n> public static void main(String[] args) {\n>     FastReader sc = new FastReader();\n>     int n = sc.nextInt();\n>     int k = sc.nextInt();\n>     fac = new long[n+1];\n>     inv = new long[n+1];\n>     fac[0] = 1;\n>     for(int i=1;i<fac.length;++i) fac[i] = (i*fac[i-1])%mod;\n!     inv[n]=pow(fac[n],mod-2);\n!     for(int i=n-1;i>=0;i--){\n!         inv[i]=(inv[i+1]*(i+1))%mod;\n!     }\n!     for(int i=1;i<=k;++i) {\n!         long ans = (ncr(n-k+1,i)*ncr(k-1,i-1))%mod;\n!         out.println(ans);\n!     }\n>     out.close();\n> }\n> private static long ncr(int n, int r) {\n>     return ((fac[n]*inv[r])%mod*inv[n-r])%mod;\n> }\n> private static long pow(long a, int b) {\n>     if(b == 0) return 1;\n>     long p =pow(a,b/2);\n>     p = (p*p)%mod;\n>     if((b&1) == 1) p = (a*p)%mod;\n>     return p;\n> }\n> }\n\nThis coverage indicates that certain parts of the code were not executed due to the specific values provided in the test case (`n=0`, `k=0`).",
      "test_seed_coverage": [
        ">",
        ">",
        ">",
        ">",
        ">",
        ">",
        ">",
        ">",
        ">",
        ">",
        ">",
        ">",
        ">",
        ">",
        ">",
        ">",
        ">",
        ">",
        ">",
        ">",
        ">",
        ">",
        ">",
        ">",
        ">",
        ">",
        ">",
        ">",
        ">",
        ">",
        ">",
        ">",
        ">",
        ">",
        ">",
        ">",
        ">",
        ">",
        ">",
        ">",
        ">",
        ">",
        ">",
        ">",
        ">",
        ">",
        ">",
        ">",
        ">",
        ">",
        ">",
        ">",
        ">",
        ">",
        ">",
        ">",
        ">",
        ">",
        ">",
        ">",
        ">",
        ">",
        ">",
        ">",
        ">",
        ">",
        ">",
        ">",
        ">",
        ">",
        ">",
        ">",
        ">",
        ">",
        ">",
        ">",
        ">",
        ">",
        ">",
        ">",
        ">",
        ">",
        ">",
        ">",
        ">"
      ],
      "cumulative_coverage": [
        ">",
        ">",
        ">",
        ">",
        ">",
        ">",
        ">",
        ">",
        ">",
        ">",
        ">",
        ">",
        ">",
        ">",
        ">",
        ">",
        ">",
        ">",
        ">",
        ">",
        ">",
        ">",
        ">",
        ">",
        ">",
        ">",
        ">",
        ">",
        ">",
        ">",
        ">",
        ">",
        ">",
        ">",
        ">",
        ">",
        ">",
        ">",
        ">",
        ">",
        ">",
        ">",
        ">",
        ">",
        ">",
        ">",
        ">",
        ">",
        ">",
        ">",
        ">",
        ">",
        ">",
        ">",
        ">",
        ">",
        ">",
        ">",
        ">",
        ">",
        ">",
        ">",
        ">",
        ">",
        ">",
        ">",
        ">",
        ">",
        ">",
        ">",
        ">",
        ">",
        ">",
        ">",
        ">",
        ">",
        ">",
        ">",
        ">",
        ">",
        ">",
        ">",
        ">",
        ">",
        ">"
      ],
      "execution_output": "",
      "cerberus_output": "",
      "execution_result": "",
      "test_case_id": "2"
    },
    {
      "test_case": [
        "Test Case Input:\n5\n-3"
      ],
      "test_mutations": [
        "Test Case Input:\n5\n-3"
      ],
      "initial_code": "import java.io.*;\nimport java.util.*;\npublic class Main {\n\tstatic class FastReader { \n        BufferedReader br; \n        StringTokenizer st; \n        public FastReader() \n        { \n            br = new BufferedReader(new\n                     InputStreamReader(System.in)); \n        } \n        String next() \n        { \n            while (st == null || !st.hasMoreElements()) \n            { \n                try\n                { \n                    st = new StringTokenizer(br.readLine()); \n                } \n                catch (IOException  e) \n                { \n                    e.printStackTrace(); \n                } \n            } \n            return st.nextToken(); \n        } \n        int nextInt() \n        { \n            return Integer.parseInt(next()); \n        } \n        long nextLong() \n        { \n            return Long.parseLong(next()); \n        } \n        double nextDouble() \n        { \n            return Double.parseDouble(next()); \n        } \n        String nextLine() \n        { \n            String str = \"\"; \n            try\n            { \n                str = br.readLine(); \n            } \n            catch (IOException e) \n            { \n                e.printStackTrace(); \n            } \n            return str; \n        } \n    } \n\tpublic static List<Integer>[] edges;\n\tpublic static long[] fac,inv;\n\tpublic static int mod = (int) (1e9+7),MAX = (int) (1e5+1);\n\tpublic static PrintWriter out = new PrintWriter(new BufferedOutputStream(System.out));\n\tpublic static void main(String[] args) {\n\t\tFastReader sc = new FastReader();\n\t\tint n = sc.nextInt();\n\t\tint k = sc.nextInt();\n\t\tfac = new long[n+1];\n\t\tinv = new long[n+1];\n\t\tfac[0] = 1;\n\t\tfor(int i=1;i<fac.length;++i) fac[i] = (i*fac[i-1])%mod;\n\t\tinv[n]=pow(fac[n],mod-2);\n\t\tfor(int i=n-1;i>=0;i--){\n\t\t\tinv[i]=(inv[i+1]*(i+1))%mod;\n\t\t}\n\t\tfor(int i=1;i<=k;++i) {\n\t\t\tlong ans = (ncr(n-k+1,i)*ncr(k-1,i-1))%mod;\n\t\t\tout.println(ans);\n\t\t}\n        out.close();\n\t}\n\tprivate static long ncr(int n, int r) {\n\t\treturn ((fac[n]*inv[r])%mod*inv[n-r])%mod;\n\t}\n\tprivate static long pow(long a, int b) {\n\t\tif(b == 0) return 1;\n\t\tlong p =pow(a,b/2);\n\t\tp = (p*p)%mod;\n\t\tif((b&1) == 1) p = (a*p)%mod;\n\t\treturn p;\n\t}\n}",
      "covered_code": "To predict the code coverage for the provided Java program and test case input \"5 -3\", let's develop a plan for step-by-step execution:\n\n1. **Import Statements**: Always executed. All import statements are covered.\n\n2. **Class Declaration**: Always executed. The declaration of the `Main` class is covered.\n\n3. **Static Variables and `FastReader`, `out` Initialization**: These are part of the class initialization and are always executed when the class is loaded and used.\n\n4. **Main Method Declaration**: Always executed since it's the entry point of the program.\n\n5. **FastReader Object Creation**: Executed as it's part of the main method's process.\n\n6. **Reading `n` and `k` from Input**: Executed as they are required for the program's logic to proceed.\n\n7. **Initialization of `fac` and `inv` Arrays**: Executed as it's necessary for the calculations within the program.\n\n8. **Population of `fac` Array**: Executed in a loop from 1 to `n`, inclusive.\n\n9. **Calculation and Population of `inv` Array**: Executed, starting from `n` down to 0.\n\n10. **For Loop for Calculating and Printing Answers**: Since `k` is negative, this loop will not execute as the condition `i <= k` will never be true. Therefore, the loop and its contents are not covered.\n\n11. **Closing the PrintWriter `out`**: Executed at the end of the `main` method.\n\n12. **`ncr` Method**: Not executed as it's called within the for loop that will not run due to the negative `k`.\n\n13. **`pow` Method**: Executed during the population of the `inv` array.\n\nBased on the plan, the code coverage prediction is as follows:\n\n> import java.io.*;\n> import java.util.*;\n> public class Main {\n> \tstatic class FastReader { \n>         BufferedReader br; \n>         StringTokenizer st; \n>         public FastReader() \n>         { \n>             br = new BufferedReader(new\n>                      InputStreamReader(System.in)); \n>         } \n>         String next() \n>         ...\n>         } \n>     } \n> \tpublic static List<Integer>[] edges;\n> \tpublic static long[] fac,inv;\n> \tpublic static int mod = (int) (1e9+7),MAX = (int) (1e5+1);\n> \tpublic static PrintWriter out = new PrintWriter(new BufferedOutputStream(System.out));\n> \tpublic static void main(String[] args) {\n> \t\tFastReader sc = new FastReader();\n> \t\tint n = sc.nextInt();\n> \t\tint k = sc.nextInt();\n> \t\tfac = new long[n+1];\n> \t\tinv = new long[n+1];\n> \t\tfac[0] = 1;\n> \t\tfor(int i=1;i<fac.length;++i) fac[i] = (i*fac[i-1])%mod;\n> \t\tinv[n]=pow(fac[n],mod-2);\n> \t\tfor(int i=n-1;i>=0;i--){\n> \t\t\tinv[i]=(inv[i+1]*(i+1))%mod;\n> \t\t}\n> !\t\tfor(int i=1;i<=k;++i) {\n> !\t\t\tlong ans = (ncr(n-k+1,i)*ncr(k-1,i-1))%mod;\n> !\t\t\tout.println(ans);\n> \t\t}\n>         out.close();\n> \t}\n> !\tprivate static long ncr(int n, int r) {\n> !\t\treturn ((fac[n]*inv[r])%mod*inv[n-r])%mod;\n> \t}\n> \tprivate static long pow(long a, int b) {\n> \t\tif(b == 0) return 1;\n> \t\tlong p =pow(a,b/2);\n> \t\tp = (p*p)%mod;\n> \t\tif((b&1) == 1) p = (a*p)%mod;\n> \t\treturn p;\n> \t}\n> }\n\nSince `k` is negative, the for loop for calculating and printing answers, along with the `ncr` method calls within it, will not be executed.",
      "test_seed_coverage": [
        ">",
        ">",
        ">",
        ">",
        ">",
        ">",
        ">",
        ">",
        ">",
        ">",
        ">",
        ">",
        ">",
        ">",
        ">",
        ">",
        ">",
        ">",
        ">",
        ">",
        ">",
        ">",
        ">",
        ">",
        ">",
        ">",
        ">",
        ">",
        ">",
        ">",
        ">",
        ">",
        ">",
        ">",
        ">",
        ">",
        ">",
        ">",
        ">",
        ">",
        ">",
        ">",
        ">",
        ">",
        ">",
        ">",
        ">",
        ">",
        ">",
        ">",
        ">",
        ">",
        ">",
        ">",
        ">",
        ">",
        ">",
        ">",
        ">",
        ">",
        ">",
        ">",
        ">",
        ">",
        ">",
        ">",
        ">",
        ">",
        ">",
        ">",
        ">",
        ">",
        ">",
        ">",
        ">",
        ">",
        ">",
        ">",
        ">",
        ">",
        ">",
        ">",
        ">",
        ">",
        ">"
      ],
      "cumulative_coverage": [
        ">",
        ">",
        ">",
        ">",
        ">",
        ">",
        ">",
        ">",
        ">",
        ">",
        ">",
        ">",
        ">",
        ">",
        ">",
        ">",
        ">",
        ">",
        ">",
        ">",
        ">",
        ">",
        ">",
        ">",
        ">",
        ">",
        ">",
        ">",
        ">",
        ">",
        ">",
        ">",
        ">",
        ">",
        ">",
        ">",
        ">",
        ">",
        ">",
        ">",
        ">",
        ">",
        ">",
        ">",
        ">",
        ">",
        ">",
        ">",
        ">",
        ">",
        ">",
        ">",
        ">",
        ">",
        ">",
        ">",
        ">",
        ">",
        ">",
        ">",
        ">",
        ">",
        ">",
        ">",
        ">",
        ">",
        ">",
        ">",
        ">",
        ">",
        ">",
        ">",
        ">",
        ">",
        ">",
        ">",
        ">",
        ">",
        ">",
        ">",
        ">",
        ">",
        ">",
        ">",
        ">"
      ],
      "execution_output": "",
      "cerberus_output": "",
      "execution_result": "",
      "test_case_id": "3"
    },
    {
      "test_case": [
        "Test Case Input:\n5\n2"
      ],
      "test_mutations": [
        "Test Case Input:\n5\n2"
      ],
      "initial_code": "import java.io.*;\nimport java.util.*;\npublic class Main {\n\tstatic class FastReader { \n        BufferedReader br; \n        StringTokenizer st; \n        public FastReader() \n        { \n            br = new BufferedReader(new\n                     InputStreamReader(System.in)); \n        } \n        String next() \n        { \n            while (st == null || !st.hasMoreElements()) \n            { \n                try\n                { \n                    st = new StringTokenizer(br.readLine()); \n                } \n                catch (IOException  e) \n                { \n                    e.printStackTrace(); \n                } \n            } \n            return st.nextToken(); \n        } \n        int nextInt() \n        { \n            return Integer.parseInt(next()); \n        } \n        long nextLong() \n        { \n            return Long.parseLong(next()); \n        } \n        double nextDouble() \n        { \n            return Double.parseDouble(next()); \n        } \n        String nextLine() \n        { \n            String str = \"\"; \n            try\n            { \n                str = br.readLine(); \n            } \n            catch (IOException e) \n            { \n                e.printStackTrace(); \n            } \n            return str; \n        } \n    } \n\tpublic static List<Integer>[] edges;\n\tpublic static long[] fac,inv;\n\tpublic static int mod = (int) (1e9+7),MAX = (int) (1e5+1);\n\tpublic static PrintWriter out = new PrintWriter(new BufferedOutputStream(System.out));\n\tpublic static void main(String[] args) {\n\t\tFastReader sc = new FastReader();\n\t\tint n = sc.nextInt();\n\t\tint k = sc.nextInt();\n\t\tfac = new long[n+1];\n\t\tinv = new long[n+1];\n\t\tfac[0] = 1;\n\t\tfor(int i=1;i<fac.length;++i) fac[i] = (i*fac[i-1])%mod;\n\t\tinv[n]=pow(fac[n],mod-2);\n\t\tfor(int i=n-1;i>=0;i--){\n\t\t\tinv[i]=(inv[i+1]*(i+1))%mod;\n\t\t}\n\t\tfor(int i=1;i<=k;++i) {\n\t\t\tlong ans = (ncr(n-k+1,i)*ncr(k-1,i-1))%mod;\n\t\t\tout.println(ans);\n\t\t}\n        out.close();\n\t}\n\tprivate static long ncr(int n, int r) {\n\t\treturn ((fac[n]*inv[r])%mod*inv[n-r])%mod;\n\t}\n\tprivate static long pow(long a, int b) {\n\t\tif(b == 0) return 1;\n\t\tlong p =pow(a,b/2);\n\t\tp = (p*p)%mod;\n\t\tif((b&1) == 1) p = (a*p)%mod;\n\t\treturn p;\n\t}\n}",
      "covered_code": "For the given Java program and its test case input \"5 2\", let's develop a plan for step-by-step execution and predict the code coverage:\n\n1. **Import Statements**: Import statements are always executed. Statements \"import java.io.*;\" and \"import java.util.*;\" will be covered.\n\n2. **Main Class Declaration**: The declaration of the `Main` class is always executed.\n\n3. **FastReader Class Declaration**: Always executed as it's part of the code structure, though its methods are executed based on usage within the `main` method or elsewhere.\n\n4. **Main Method Declaration**: Always executed as it's the entry point of the program.\n\n5. **FastReader Object Creation**: The statement `FastReader sc = new FastReader();` is executed to read inputs.\n\n6. **Reading Input Variables `n` and `k`**: Executed. The statements to read `n` and `k` using the `FastReader` class are covered.\n\n7. **Initialization of `fac` and `inv` Arrays**: The arrays `fac` and `inv` are initialized with sizes based on the input `n`. These lines are executed.\n\n8. **Population of `fac` Array**: The loop to populate `fac` array is executed.\n\n9. **Calculation of Inverse Factorials in `inv` Array**: The calculation of inverse factorials is executed, including the `pow` method call.\n\n10. **Computation and Printing of Answers**: The loop that computes and prints the answers for each `i` from 1 to `k` is executed. This includes the execution of the `ncr` method and printing results using `out.println(ans);`.\n\n11. **Closing the PrintWriter**: The `out.close();` statement is executed at the end of the `main` method.\n\n12. **ncr Method**: Executed as part of the loop for computation of answers.\n\n13. **pow Method**: Executed for calculating inverse factorials and possibly in other computations.\n\nBased on this plan, all the lines of code in the given program are executed with the provided test case input \"5 2\". Hence, the code coverage is:\n\n```\n> import java.io.*;\n> import java.util.*;\n> public class Main {\n>     static class FastReader { \n>         BufferedReader br; \n>         StringTokenizer st; \n>         public FastReader() \n>         { \n>             br = new BufferedReader(new InputStreamReader(System.in)); \n>         } \n>         String next() \n>         { \n>             while (st == null || !st.hasMoreElements()) \n>             { \n>                 try\n>                 { \n>                     st = new StringTokenizer(br.readLine()); \n>                 } \n>                 catch (IOException  e) \n>                 { \n>                     e.printStackTrace(); \n>                 } \n>             } \n>             return st.nextToken(); \n>         } \n>         int nextInt() \n>         { \n>             return Integer.parseInt(next()); \n>         } \n>         long nextLong() \n>         { \n>             return Long.parseLong(next()); \n>         } \n>         double nextDouble() \n>         { \n>             return Double.parseDouble(next()); \n>         } \n>         String nextLine() \n>         { \n>             String str = \"\"; \n>             try\n>             { \n>                 str = br.readLine(); \n>             } \n>             catch (IOException e) \n>             { \n>                 e.printStackTrace(); \n>             } \n>             return str; \n>         } \n>     } \n>     public static List<Integer>[] edges;\n>     public static long[] fac, inv;\n>     public static int mod = (int) (1e9+7), MAX = (int) (1e5+1);\n>     public static PrintWriter out = new PrintWriter(new BufferedOutputStream(System.out));\n>     public static void main(String[] args) {\n>         FastReader sc = new FastReader();\n>         int n = sc.nextInt();\n>         int k = sc.nextInt();\n>         fac = new long[n+1];\n>         inv = new long[n+1];\n>         fac[0] = 1;\n>         for(int i=1; i<fac.length; ++i) fac[i] = (i*fac[i-1])%mod;\n>         inv[n]=pow(fac[n],mod-2);\n>         for(int i=n-1;i>=0;i--){\n>             inv[i]=(inv[i+1]*(i+1))%mod;\n>         }\n>         for(int i=1;i<=k;++i) {\n>             long ans = (ncr(n-k+1,i)*ncr(k-1,i-1))%mod;\n>             out.println(ans);\n>         }\n>         out.close();\n>     }\n>     private static long ncr(int n, int r) {\n>         return ((fac[n]*inv[r])%mod*inv[n-r])%mod;\n>     }\n>     private static long pow(long a, int b) {\n>         if(b == 0) return 1;\n>         long p = pow(a,b/2);\n>         p = (p*p)%mod;\n>         if((b&1) == 1) p = (a*p)%mod;\n>         return p;\n>     }\n> }\n```\n\n**Evaluation**: Every line in this program is executed given the test case input \"5 2\", implying 100% code coverage for the provided test case.",
      "test_seed_coverage": [
        ">",
        ">",
        ">",
        ">",
        ">",
        ">",
        ">",
        ">",
        ">",
        ">",
        ">",
        ">",
        ">",
        ">",
        ">",
        ">",
        ">",
        ">",
        ">",
        ">",
        ">",
        ">",
        ">",
        ">",
        ">",
        ">",
        ">",
        ">",
        ">",
        ">",
        ">",
        ">",
        ">",
        ">",
        ">",
        ">",
        ">",
        ">",
        ">",
        ">",
        ">",
        ">",
        ">",
        ">",
        ">",
        ">",
        ">",
        ">",
        ">",
        ">",
        ">",
        ">",
        ">",
        ">",
        ">",
        ">",
        ">",
        ">",
        ">",
        ">",
        ">",
        ">",
        ">",
        ">",
        ">",
        ">",
        ">",
        ">",
        ">",
        ">",
        ">",
        ">",
        ">",
        ">",
        ">",
        ">",
        ">",
        ">",
        ">",
        ">",
        ">",
        ">",
        ">",
        ">",
        ">"
      ],
      "cumulative_coverage": [
        ">",
        ">",
        ">",
        ">",
        ">",
        ">",
        ">",
        ">",
        ">",
        ">",
        ">",
        ">",
        ">",
        ">",
        ">",
        ">",
        ">",
        ">",
        ">",
        ">",
        ">",
        ">",
        ">",
        ">",
        ">",
        ">",
        ">",
        ">",
        ">",
        ">",
        ">",
        ">",
        ">",
        ">",
        ">",
        ">",
        ">",
        ">",
        ">",
        ">",
        ">",
        ">",
        ">",
        ">",
        ">",
        ">",
        ">",
        ">",
        ">",
        ">",
        ">",
        ">",
        ">",
        ">",
        ">",
        ">",
        ">",
        ">",
        ">",
        ">",
        ">",
        ">",
        ">",
        ">",
        ">",
        ">",
        ">",
        ">",
        ">",
        ">",
        ">",
        ">",
        ">",
        ">",
        ">",
        ">",
        ">",
        ">",
        ">",
        ">",
        ">",
        ">",
        ">",
        ">",
        ">"
      ],
      "execution_output": "4\n6",
      "cerberus_output": "",
      "execution_result": "",
      "test_case_id": "4"
    },
    {
      "test_case": [
        "Test Case Input:\n5\n3"
      ],
      "test_mutations": [
        "Test Case Input:\n5\n3"
      ],
      "initial_code": "import java.io.*;\nimport java.util.*;\npublic class Main {\n\tstatic class FastReader { \n        BufferedReader br; \n        StringTokenizer st; \n        public FastReader() \n        { \n            br = new BufferedReader(new\n                     InputStreamReader(System.in)); \n        } \n        String next() \n        { \n            while (st == null || !st.hasMoreElements()) \n            { \n                try\n                { \n                    st = new StringTokenizer(br.readLine()); \n                } \n                catch (IOException  e) \n                { \n                    e.printStackTrace(); \n                } \n            } \n            return st.nextToken(); \n        } \n        int nextInt() \n        { \n            return Integer.parseInt(next()); \n        } \n        long nextLong() \n        { \n            return Long.parseLong(next()); \n        } \n        double nextDouble() \n        { \n            return Double.parseDouble(next()); \n        } \n        String nextLine() \n        { \n            String str = \"\"; \n            try\n            { \n                str = br.readLine(); \n            } \n            catch (IOException e) \n            { \n                e.printStackTrace(); \n            } \n            return str; \n        } \n    } \n\tpublic static List<Integer>[] edges;\n\tpublic static long[] fac,inv;\n\tpublic static int mod = (int) (1e9+7),MAX = (int) (1e5+1);\n\tpublic static PrintWriter out = new PrintWriter(new BufferedOutputStream(System.out));\n\tpublic static void main(String[] args) {\n\t\tFastReader sc = new FastReader();\n\t\tint n = sc.nextInt();\n\t\tint k = sc.nextInt();\n\t\tfac = new long[n+1];\n\t\tinv = new long[n+1];\n\t\tfac[0] = 1;\n\t\tfor(int i=1;i<fac.length;++i) fac[i] = (i*fac[i-1])%mod;\n\t\tinv[n]=pow(fac[n],mod-2);\n\t\tfor(int i=n-1;i>=0;i--){\n\t\t\tinv[i]=(inv[i+1]*(i+1))%mod;\n\t\t}\n\t\tfor(int i=1;i<=k;++i) {\n\t\t\tlong ans = (ncr(n-k+1,i)*ncr(k-1,i-1))%mod;\n\t\t\tout.println(ans);\n\t\t}\n        out.close();\n\t}\n\tprivate static long ncr(int n, int r) {\n\t\treturn ((fac[n]*inv[r])%mod*inv[n-r])%mod;\n\t}\n\tprivate static long pow(long a, int b) {\n\t\tif(b == 0) return 1;\n\t\tlong p =pow(a,b/2);\n\t\tp = (p*p)%mod;\n\t\tif((b&1) == 1) p = (a*p)%mod;\n\t\treturn p;\n\t}\n}",
      "covered_code": "To predict the code coverage for the given Java program based on the test case input of \"5 3\", we'll follow a step-by-step execution plan similar to the example provided. Let's dive into the plan and determine which statements will be executed.\n\n**PLAN for step by step execution:**\n\n1. **Import statements and Class Declaration**: These are always executed.\n2. **FastReader class declaration and methods**: Always executed but the execution of specific methods depends on their invocation in the `main` method.\n3. **Main method execution**: Always executed. It includes the instantiation of `FastReader` and reading inputs `n` and `k`.\n4. **Initialization of `fac` and `inv` arrays**: Always executed since they are directly in the `main` method and depend on the input `n`.\n5. **Population of `fac` array**: The loop populating the `fac` array is always executed as part of the program logic.\n6. **Calculation of inverse using `pow` method**: The `pow` method is called to calculate `inv[n]`. Given the logic of the program, this method is executed.\n7. **Population of `inv` array**: Similar to `fac`, the `inv` array is populated in a loop which is always executed.\n8. **Calculation of answers and printing them**: The loop calculating answers using `ncr` and printing them runs `k` times according to the input. Therefore, it is executed.\n9. **`ncr` method execution**: This method is executed as part of the calculation for answers.\n10. **`pow` method execution**: This method is executed for calculating inverses and potentially in other parts of the program.\n11. **Closing of `PrintWriter`**: Always executed at the end of the `main` method.\n\nGiven the test case input of \"5 3\", let's now determine the code coverage:\n\n```java\n> import java.io.*;\n> import java.util.*;\n> public class Main {\n>   static class FastReader { \n>       BufferedReader br; \n>       StringTokenizer st; \n>       public FastReader() {\n>           br = new BufferedReader(new InputStreamReader(System.in)); \n>       } \n>       String next() {\n>           while (st == null || !st.hasMoreElements()) {\n>               try { \n>                   st = new StringTokenizer(br.readLine()); \n>               } catch (IOException  e) {\n>                   e.printStackTrace(); \n>               } \n>           } \n>           return st.nextToken(); \n>       } \n>       int nextInt() {\n>           return Integer.parseInt(next()); \n>       } \n>       long nextLong() {\n>           return Long.parseLong(next()); \n>       } \n>       double nextDouble() {\n>           return Double.parseDouble(next()); \n>       } \n>       String nextLine() {\n>           String str = \"\"; \n>           try { \n>               str = br.readLine(); \n>           } catch (IOException e) {\n>               e.printStackTrace(); \n>           } \n>           return str; \n>       } \n>   } \n>   public static List<Integer>[] edges;\n>   public static long[] fac,inv;\n>   public static int mod = (int) (1e9+7),MAX = (int) (1e5+1);\n>   public static PrintWriter out = new PrintWriter(new BufferedOutputStream(System.out));\n>   public static void main(String[] args) {\n>       FastReader sc = new FastReader();\n>       int n = sc.nextInt();\n>       int k = sc.nextInt();\n>       fac = new long[n+1];\n>       inv = new long[n+1];\n>       fac[0] = 1;\n>       for(int i=1;i<fac.length;++i) fac[i] = (i*fac[i-1])%mod;\n>       inv[n]=pow(fac[n],mod-2);\n>       for(int i=n-1;i>=0;i--){\n>           inv[i]=(inv[i+1]*(i+1))%mod;\n>       }\n>       for(int i=1;i<=k;++i) {\n>           long ans = (ncr(n-k+1,i)*ncr(k-1,i-1))%mod;\n>           out.println(ans);\n>       }\n>       out.close();\n>   }\n>   private static long ncr(int n, int r) {\n>       return ((fac[n]*inv[r])%mod*inv[n-r])%mod;\n>   }\n>   private static long pow(long a, int b) {\n>       if(b == 0) return 1;\n>       long p =pow(a,b/2);\n>       p = (p*p)%mod;\n>       if((b&1) == 1) p = (a*p)%mod;\n>       return p;\n>   }\n> }\n```\n\n**OUTPUT:**\nThere should not be any runtime exception based on this input. All parts of the code related to the execution flow and logic based on the input \"5 3\" are executed.",
      "test_seed_coverage": [
        ">",
        ">",
        ">",
        ">",
        ">",
        ">",
        ">",
        ">",
        ">",
        ">",
        ">",
        ">",
        ">",
        ">",
        ">",
        ">",
        ">",
        ">",
        ">",
        ">",
        ">",
        ">",
        ">",
        ">",
        ">",
        ">",
        ">",
        ">",
        ">",
        ">",
        ">",
        ">",
        ">",
        ">",
        ">",
        ">",
        ">",
        ">",
        ">",
        ">",
        ">",
        ">",
        ">",
        ">",
        ">",
        ">",
        ">",
        ">",
        ">",
        ">",
        ">",
        ">",
        ">",
        ">",
        ">",
        ">",
        ">",
        ">",
        ">",
        ">",
        ">",
        ">",
        ">",
        ">",
        ">",
        ">",
        ">",
        ">",
        ">",
        ">",
        ">",
        ">",
        ">",
        ">",
        ">",
        ">",
        ">",
        ">",
        ">",
        ">",
        ">",
        ">",
        ">",
        ">",
        ">"
      ],
      "cumulative_coverage": [
        ">",
        ">",
        ">",
        ">",
        ">",
        ">",
        ">",
        ">",
        ">",
        ">",
        ">",
        ">",
        ">",
        ">",
        ">",
        ">",
        ">",
        ">",
        ">",
        ">",
        ">",
        ">",
        ">",
        ">",
        ">",
        ">",
        ">",
        ">",
        ">",
        ">",
        ">",
        ">",
        ">",
        ">",
        ">",
        ">",
        ">",
        ">",
        ">",
        ">",
        ">",
        ">",
        ">",
        ">",
        ">",
        ">",
        ">",
        ">",
        ">",
        ">",
        ">",
        ">",
        ">",
        ">",
        ">",
        ">",
        ">",
        ">",
        ">",
        ">",
        ">",
        ">",
        ">",
        ">",
        ">",
        ">",
        ">",
        ">",
        ">",
        ">",
        ">",
        ">",
        ">",
        ">",
        ">",
        ">",
        ">",
        ">",
        ">",
        ">",
        ">",
        ">",
        ">",
        ">",
        ">"
      ],
      "execution_output": "3\n6\n1",
      "cerberus_output": "",
      "execution_result": "",
      "test_case_id": "5"
    },
    {
      "test_case": [
        "Test Case Input:\n3\n-2"
      ],
      "test_mutations": [
        "Test Case Input:\n3\n-2"
      ],
      "initial_code": "import java.io.*;\nimport java.util.*;\npublic class Main {\n\tstatic class FastReader { \n        BufferedReader br; \n        StringTokenizer st; \n        public FastReader() \n        { \n            br = new BufferedReader(new\n                     InputStreamReader(System.in)); \n        } \n        String next() \n        { \n            while (st == null || !st.hasMoreElements()) \n            { \n                try\n                { \n                    st = new StringTokenizer(br.readLine()); \n                } \n                catch (IOException  e) \n                { \n                    e.printStackTrace(); \n                } \n            } \n            return st.nextToken(); \n        } \n        int nextInt() \n        { \n            return Integer.parseInt(next()); \n        } \n        long nextLong() \n        { \n            return Long.parseLong(next()); \n        } \n        double nextDouble() \n        { \n            return Double.parseDouble(next()); \n        } \n        String nextLine() \n        { \n            String str = \"\"; \n            try\n            { \n                str = br.readLine(); \n            } \n            catch (IOException e) \n            { \n                e.printStackTrace(); \n            } \n            return str; \n        } \n    } \n\tpublic static List<Integer>[] edges;\n\tpublic static long[] fac,inv;\n\tpublic static int mod = (int) (1e9+7),MAX = (int) (1e5+1);\n\tpublic static PrintWriter out = new PrintWriter(new BufferedOutputStream(System.out));\n\tpublic static void main(String[] args) {\n\t\tFastReader sc = new FastReader();\n\t\tint n = sc.nextInt();\n\t\tint k = sc.nextInt();\n\t\tfac = new long[n+1];\n\t\tinv = new long[n+1];\n\t\tfac[0] = 1;\n\t\tfor(int i=1;i<fac.length;++i) fac[i] = (i*fac[i-1])%mod;\n\t\tinv[n]=pow(fac[n],mod-2);\n\t\tfor(int i=n-1;i>=0;i--){\n\t\t\tinv[i]=(inv[i+1]*(i+1))%mod;\n\t\t}\n\t\tfor(int i=1;i<=k;++i) {\n\t\t\tlong ans = (ncr(n-k+1,i)*ncr(k-1,i-1))%mod;\n\t\t\tout.println(ans);\n\t\t}\n        out.close();\n\t}\n\tprivate static long ncr(int n, int r) {\n\t\treturn ((fac[n]*inv[r])%mod*inv[n-r])%mod;\n\t}\n\tprivate static long pow(long a, int b) {\n\t\tif(b == 0) return 1;\n\t\tlong p =pow(a,b/2);\n\t\tp = (p*p)%mod;\n\t\tif((b&1) == 1) p = (a*p)%mod;\n\t\treturn p;\n\t}\n}",
      "covered_code": "To predict the code coverage for the Java program provided, we'll follow a step-by-step execution based on the given test input, '3\\n-2'. The plan will outline the execution flow and determine which parts of the code are executed or not.\n\n### PLAN\n\n1. **Import Statements**: The import statements for `java.io.*` and `java.util.*` are always executed as they are required for program compilation.\n2. **Class Declarations**: The `Main` class and the `FastReader` static inner class declarations are always executed.\n3. **Static Variables Initialization**: The static variables `edges`, `fac`, `inv`, `mod`, `MAX`, and `out` are initialized when they are declared, so these are covered.\n4. **Main Method Execution**: The `main` method is the entry point of the program and hence executed.\n5. **FastReader Object Creation**: The `FastReader sc` object is created and hence the corresponding code is executed.\n6. **Reading Input `n` and `k`**: The input `3` for `n` and `-2` for `k` are read, so this part of the code is executed.\n7. **Array Initialization**: The arrays `fac` and `inv` are initialized based on the value of `n` read from input.\n8. **Factorial Calculation Loop**: The loop that calculates the factorial values for `fac[i]` is executed.\n9. **Inverse Calculation**: The inverse calculation using `pow` function and the loop for calculating inverse values `inv[i]` are executed.\n10. **Loop for Calculating and Printing Answers**: Since `k` is `-2`, the loop condition `i<=k` is never true. This means the body of this loop is not executed at all.\n11. **Closing the PrintWriter**: The `PrintWriter` `out` is closed, so this part of the code is covered.\n\n### CODE COVERAGE PREDICTION\n\n```java\n> import java.io.*;\n> import java.util.*;\n> public class Main {\n>     static class FastReader { \n>         BufferedReader br; \n>         StringTokenizer st; \n>         public FastReader() \n>         { \n>             br = new BufferedReader(new InputStreamReader(System.in)); \n>         } \n>         String next() \n>         { \n>             while (st == null || !st.hasMoreElements()) \n>             { \n>                 try { \n>                     st = new StringTokenizer(br.readLine()); \n>                 } \n>                 catch (IOException  e) { \n>                     e.printStackTrace(); \n>                 } \n>             } \n>             return st.nextToken(); \n>         } \n>         int nextInt() \n>         { \n>             return Integer.parseInt(next()); \n>         } \n>         long nextLong() \n>         { \n>             return Long.parseLong(next()); \n>         } \n>         double nextDouble() \n>         { \n>             return Double.parseDouble(next()); \n>         } \n>         String nextLine() \n>         { \n>             String str = \"\"; \n>             try { \n>                 str = br.readLine(); \n>             } \n>             catch (IOException e) { \n>                 e.printStackTrace(); \n>             } \n>             return str; \n>         } \n>     } \n>     public static List<Integer>[] edges;\n>     public static long[] fac, inv;\n>     public static int mod = (int) (1e9+7), MAX = (int) (1e5+1);\n>     public static PrintWriter out = new PrintWriter(new BufferedOutputStream(System.out));\n>     public static void main(String[] args) {\n>         FastReader sc = new FastReader();\n>         int n = sc.nextInt();\n>         int k = sc.nextInt();\n>         fac = new long[n+1];\n>         inv = new long[n+1];\n>         fac[0] = 1;\n>         for(int i=1;i<fac.length;++i) fac[i] = (i*fac[i-1])%mod;\n>         inv[n]=pow(fac[n],mod-2);\n>         for(int i=n-1;i>=0;i--) {\n>             inv[i]=(inv[i+1]*(i+1))%mod;\n>         }\n!         for(int i=1;i<=k;++i) {\n!             long ans = (ncr(n-k+1,i)*ncr(k-1,i-1))%mod;\n!             out.println(ans);\n>         }\n>         out.close();\n>     }\n>     private static long ncr(int n, int r) {\n>         return ((fac[n]*inv[r])%mod*inv[n-r])%mod;\n>     }\n>     private static long pow(long a, int b) {\n>         if(b == 0) return 1;\n>         long p =pow(a,b/2);\n>         p = (p*p)%mod;\n>         if((b&1) == 1) p = (a*p)%mod;\n>         return p;\n>     }\n> }\n```\n\n**Note**: The loop for calculating and printing answers is not executed due to the negative value of `k` (-2), which means the loop's condition is false from the start.",
      "test_seed_coverage": [
        ">",
        ">",
        ">",
        ">",
        ">",
        ">",
        ">",
        ">",
        ">",
        ">",
        ">",
        ">",
        ">",
        ">",
        ">",
        ">",
        ">",
        ">",
        ">",
        ">",
        ">",
        ">",
        ">",
        ">",
        ">",
        ">",
        ">",
        ">",
        ">",
        ">",
        ">",
        ">",
        ">",
        ">",
        ">",
        ">",
        ">",
        ">",
        ">",
        ">",
        ">",
        ">",
        ">",
        ">",
        ">",
        ">",
        ">",
        ">",
        ">",
        ">",
        ">",
        ">",
        ">",
        ">",
        ">",
        ">",
        ">",
        ">",
        ">",
        ">",
        ">",
        ">",
        ">",
        ">",
        ">",
        ">",
        ">",
        ">",
        ">",
        ">",
        ">",
        ">",
        ">",
        ">",
        ">",
        ">",
        ">",
        ">",
        ">",
        ">",
        ">",
        ">",
        ">",
        ">",
        ">"
      ],
      "cumulative_coverage": [
        ">",
        ">",
        ">",
        ">",
        ">",
        ">",
        ">",
        ">",
        ">",
        ">",
        ">",
        ">",
        ">",
        ">",
        ">",
        ">",
        ">",
        ">",
        ">",
        ">",
        ">",
        ">",
        ">",
        ">",
        ">",
        ">",
        ">",
        ">",
        ">",
        ">",
        ">",
        ">",
        ">",
        ">",
        ">",
        ">",
        ">",
        ">",
        ">",
        ">",
        ">",
        ">",
        ">",
        ">",
        ">",
        ">",
        ">",
        ">",
        ">",
        ">",
        ">",
        ">",
        ">",
        ">",
        ">",
        ">",
        ">",
        ">",
        ">",
        ">",
        ">",
        ">",
        ">",
        ">",
        ">",
        ">",
        ">",
        ">",
        ">",
        ">",
        ">",
        ">",
        ">",
        ">",
        ">",
        ">",
        ">",
        ">",
        ">",
        ">",
        ">",
        ">",
        ">",
        ">",
        ">"
      ],
      "execution_output": "",
      "cerberus_output": "",
      "execution_result": "",
      "test_case_id": "6"
    },
    {
      "test_case": [
        "Test Case Input:\n5\n3"
      ],
      "test_mutations": [
        "Test Case Input:\n5\n3"
      ],
      "initial_code": "import java.io.*;\nimport java.util.*;\npublic class Main {\n\tstatic class FastReader { \n        BufferedReader br; \n        StringTokenizer st; \n        public FastReader() \n        { \n            br = new BufferedReader(new\n                     InputStreamReader(System.in)); \n        } \n        String next() \n        { \n            while (st == null || !st.hasMoreElements()) \n            { \n                try\n                { \n                    st = new StringTokenizer(br.readLine()); \n                } \n                catch (IOException  e) \n                { \n                    e.printStackTrace(); \n                } \n            } \n            return st.nextToken(); \n        } \n        int nextInt() \n        { \n            return Integer.parseInt(next()); \n        } \n        long nextLong() \n        { \n            return Long.parseLong(next()); \n        } \n        double nextDouble() \n        { \n            return Double.parseDouble(next()); \n        } \n        String nextLine() \n        { \n            String str = \"\"; \n            try\n            { \n                str = br.readLine(); \n            } \n            catch (IOException e) \n            { \n                e.printStackTrace(); \n            } \n            return str; \n        } \n    } \n\tpublic static List<Integer>[] edges;\n\tpublic static long[] fac,inv;\n\tpublic static int mod = (int) (1e9+7),MAX = (int) (1e5+1);\n\tpublic static PrintWriter out = new PrintWriter(new BufferedOutputStream(System.out));\n\tpublic static void main(String[] args) {\n\t\tFastReader sc = new FastReader();\n\t\tint n = sc.nextInt();\n\t\tint k = sc.nextInt();\n\t\tfac = new long[n+1];\n\t\tinv = new long[n+1];\n\t\tfac[0] = 1;\n\t\tfor(int i=1;i<fac.length;++i) fac[i] = (i*fac[i-1])%mod;\n\t\tinv[n]=pow(fac[n],mod-2);\n\t\tfor(int i=n-1;i>=0;i--){\n\t\t\tinv[i]=(inv[i+1]*(i+1))%mod;\n\t\t}\n\t\tfor(int i=1;i<=k;++i) {\n\t\t\tlong ans = (ncr(n-k+1,i)*ncr(k-1,i-1))%mod;\n\t\t\tout.println(ans);\n\t\t}\n        out.close();\n\t}\n\tprivate static long ncr(int n, int r) {\n\t\treturn ((fac[n]*inv[r])%mod*inv[n-r])%mod;\n\t}\n\tprivate static long pow(long a, int b) {\n\t\tif(b == 0) return 1;\n\t\tlong p =pow(a,b/2);\n\t\tp = (p*p)%mod;\n\t\tif((b&1) == 1) p = (a*p)%mod;\n\t\treturn p;\n\t}\n}",
      "covered_code": "Let's develop a plan to predict the code coverage for the given Java program based on the provided test case input `5 3`.\n\n**PLAN for step by step execution:**\n\n1. **Import Statements:** The import statements are always executed. Hence, the statement `import java.io.*;` and `import java.util.*;` will be covered.\n\n2. **Class Declaration:** The declaration of the `Main` class and `FastReader` static class are always executed.\n\n3. **Static Variables Initialization:** The static variables `edges`, `fac`, `inv`, `mod`, `MAX`, and `out` are initialized when they are declared or in the `main` method when the program starts executing. Hence, these lines will be covered.\n\n4. **Main Method Execution:** The `main` method is the entry point of the program and will be executed.\n\n5. **FastReader Object Creation:** The line creating an object of `FastReader` class, `FastReader sc = new FastReader();`, will be executed.\n\n6. **Reading Input:** The program reads two integers using the `nextInt()` method of the `FastReader` class. These lines will be executed as part of the user input.\n\n7. **Array Initialization:** The arrays `fac` and `inv` are initialized based on the input value. The loop initializing `fac` array and the code initializing `inv` array will be executed.\n\n8. **For Loop for calculations:** The for loop that calculates and prints the answers will be executed since the conditions for the loop to run are met by the test case input.\n\n9. **Calculation Methods:** The methods `ncr` and `pow` are called and hence will be executed as part of the calculations.\n\n10. **Printing the Result:** The results are printed in the loop using `out.println(ans);` which will be executed.\n\n11. **Closing the PrintWriter:** The line `out.close();` will be executed at the end of the `main` method.\n\n**Predicted Code Coverage:**\n\n```\n> import java.io.*;\n> import java.util.*;\n> public class Main {\n>   static class FastReader { \n>       BufferedReader br; \n>       StringTokenizer st; \n>       public FastReader() \n>       { \n>           br = new BufferedReader(new InputStreamReader(System.in)); \n>       } \n>       String next() \n>       { \n>           while (st == null || !st.hasMoreElements()) \n>           { \n>               try\n>               { \n>                   st = new StringTokenizer(br.readLine()); \n>               } \n>               catch (IOException  e) \n>               { \n>                   e.printStackTrace(); \n>               } \n>           } \n>           return st.nextToken(); \n>       }\n>       int nextInt() \n>       { \n>           return Integer.parseInt(next()); \n>       } \n>       long nextLong() \n>       { \n>           return Long.parseLong(next()); \n>       } \n>       double nextDouble() \n>       { \n>           return Double.parseDouble(next()); \n>       } \n>       String nextLine() \n>       { \n>           String str = \"\"; \n>           try\n>           { \n>               str = br.readLine(); \n>           } \n>           catch (IOException e) \n>           { \n>               e.printStackTrace(); \n>           } \n>           return str; \n>       } \n>   } \n>   public static List<Integer>[] edges;\n>   public static long[] fac,inv;\n>   public static int mod = (int) (1e9+7),MAX = (int) (1e5+1);\n>   public static PrintWriter out = new PrintWriter(new BufferedOutputStream(System.out));\n>   public static void main(String[] args) {\n>       FastReader sc = new FastReader();\n>       int n = sc.nextInt();\n>       int k = sc.nextInt();\n>       fac = new long[n+1];\n>       inv = new long[n+1];\n>       fac[0] = 1;\n>       for(int i=1;i<fac.length;++i) fac[i] = (i*fac[i-1])%mod;\n>       inv[n]=pow(fac[n],mod-2);\n>       for(int i=n-1;i>=0;i--){\n>           inv[i]=(inv[i+1]*(i+1))%mod;\n>       }\n>       for(int i=1;i<=k;++i) {\n>           long ans = (ncr(n-k+1,i)*ncr(k-1,i-1))%mod;\n>           out.println(ans);\n>       }\n>       out.close();\n>   }\n>   private static long ncr(int n, int r) {\n>       return ((fac[n]*inv[r])%mod*inv[n-r])%mod;\n>   }\n>   private static long pow(long a, int b) {\n>       if(b == 0) return 1;\n>       long p =pow(a,b/2);\n>       p = (p*p)%mod;\n>       if((b&1) == 1) p = (a*p)%mod;\n>       return p;\n>   }\n> }\n```\n\n**OUTPUT:**\nNo runtime exceptions are expected based on the given test case input. All the parts of the program related to the execution path determined by the test case input are covered.",
      "test_seed_coverage": [
        ">",
        ">",
        ">",
        ">",
        ">",
        ">",
        ">",
        ">",
        ">",
        ">",
        ">",
        ">",
        ">",
        ">",
        ">",
        ">",
        ">",
        ">",
        ">",
        ">",
        ">",
        ">",
        ">",
        ">",
        ">",
        ">",
        ">",
        ">",
        ">",
        ">",
        ">",
        ">",
        ">",
        ">",
        ">",
        ">",
        ">",
        ">",
        ">",
        ">",
        ">",
        ">",
        ">",
        ">",
        ">",
        ">",
        ">",
        ">",
        ">",
        ">",
        ">",
        ">",
        ">",
        ">",
        ">",
        ">",
        ">",
        ">",
        ">",
        ">",
        ">",
        ">",
        ">",
        ">",
        ">",
        ">",
        ">",
        ">",
        ">",
        ">",
        ">",
        ">",
        ">",
        ">",
        ">",
        ">",
        ">",
        ">",
        ">",
        ">",
        ">",
        ">",
        ">",
        ">",
        ">"
      ],
      "cumulative_coverage": [
        ">",
        ">",
        ">",
        ">",
        ">",
        ">",
        ">",
        ">",
        ">",
        ">",
        ">",
        ">",
        ">",
        ">",
        ">",
        ">",
        ">",
        ">",
        ">",
        ">",
        ">",
        ">",
        ">",
        ">",
        ">",
        ">",
        ">",
        ">",
        ">",
        ">",
        ">",
        ">",
        ">",
        ">",
        ">",
        ">",
        ">",
        ">",
        ">",
        ">",
        ">",
        ">",
        ">",
        ">",
        ">",
        ">",
        ">",
        ">",
        ">",
        ">",
        ">",
        ">",
        ">",
        ">",
        ">",
        ">",
        ">",
        ">",
        ">",
        ">",
        ">",
        ">",
        ">",
        ">",
        ">",
        ">",
        ">",
        ">",
        ">",
        ">",
        ">",
        ">",
        ">",
        ">",
        ">",
        ">",
        ">",
        ">",
        ">",
        ">",
        ">",
        ">",
        ">",
        ">",
        ">"
      ],
      "execution_output": "3\n6\n1",
      "cerberus_output": "",
      "execution_result": "",
      "test_case_id": "7"
    },
    {
      "test_case": [
        "Test Case Input:\n5\n3"
      ],
      "test_mutations": [
        "Test Case Input:\n5\n3"
      ],
      "initial_code": "import java.io.*;\nimport java.util.*;\npublic class Main {\n\tstatic class FastReader { \n        BufferedReader br; \n        StringTokenizer st; \n        public FastReader() \n        { \n            br = new BufferedReader(new\n                     InputStreamReader(System.in)); \n        } \n        String next() \n        { \n            while (st == null || !st.hasMoreElements()) \n            { \n                try\n                { \n                    st = new StringTokenizer(br.readLine()); \n                } \n                catch (IOException  e) \n                { \n                    e.printStackTrace(); \n                } \n            } \n            return st.nextToken(); \n        } \n        int nextInt() \n        { \n            return Integer.parseInt(next()); \n        } \n        long nextLong() \n        { \n            return Long.parseLong(next()); \n        } \n        double nextDouble() \n        { \n            return Double.parseDouble(next()); \n        } \n        String nextLine() \n        { \n            String str = \"\"; \n            try\n            { \n                str = br.readLine(); \n            } \n            catch (IOException e) \n            { \n                e.printStackTrace(); \n            } \n            return str; \n        } \n    } \n\tpublic static List<Integer>[] edges;\n\tpublic static long[] fac,inv;\n\tpublic static int mod = (int) (1e9+7),MAX = (int) (1e5+1);\n\tpublic static PrintWriter out = new PrintWriter(new BufferedOutputStream(System.out));\n\tpublic static void main(String[] args) {\n\t\tFastReader sc = new FastReader();\n\t\tint n = sc.nextInt();\n\t\tint k = sc.nextInt();\n\t\tfac = new long[n+1];\n\t\tinv = new long[n+1];\n\t\tfac[0] = 1;\n\t\tfor(int i=1;i<fac.length;++i) fac[i] = (i*fac[i-1])%mod;\n\t\tinv[n]=pow(fac[n],mod-2);\n\t\tfor(int i=n-1;i>=0;i--){\n\t\t\tinv[i]=(inv[i+1]*(i+1))%mod;\n\t\t}\n\t\tfor(int i=1;i<=k;++i) {\n\t\t\tlong ans = (ncr(n-k+1,i)*ncr(k-1,i-1))%mod;\n\t\t\tout.println(ans);\n\t\t}\n        out.close();\n\t}\n\tprivate static long ncr(int n, int r) {\n\t\treturn ((fac[n]*inv[r])%mod*inv[n-r])%mod;\n\t}\n\tprivate static long pow(long a, int b) {\n\t\tif(b == 0) return 1;\n\t\tlong p =pow(a,b/2);\n\t\tp = (p*p)%mod;\n\t\tif((b&1) == 1) p = (a*p)%mod;\n\t\treturn p;\n\t}\n}",
      "covered_code": "To predict the code coverage for the given Java program with the test case input \"5 3\", let's develop a plan of step-by-step execution:\n\n1. **Import Statements Execution**: Import statements are always executed. The statements `import java.io.*;` and `import java.util.*;` will be covered.\n\n2. **Class Declaration**: The `Main` class and the inner `FastReader` class declarations are always executed.\n\n3. **Static Variables Initialization**: Static variables `edges`, `fac`, `inv`, `mod`, `MAX`, and `out` are initialized when the class is loaded, so the statements for their declarations are covered.\n\n4. **Main Method Execution**: The `main` method is the entry point and will be executed.\n\n5. **FastReader Object Creation**: The statement `FastReader sc = new FastReader();` creates a new `FastReader` object, so it's covered.\n\n6. **Reading Input**: The statements `int n = sc.nextInt();` and `int k = sc.nextInt();` read the input, so they are covered. Given the test case input \"5 3\", `n` will be `5` and `k` will be `3`.\n\n7. **Factorial and Inverse Initialization**: The loop for initializing `fac` and the subsequent initialization of `inv` are executed based on the input values. These statements are covered.\n\n8. **Calculation and Output Loop**: The loop that calculates and outputs the answer for each `i` from `1` to `k` will be executed. The statements inside this loop, including the call to `ncr` and the output to `out`, are covered.\n\n9. **Close Output Stream**: The statement `out.close();` is executed to close the output stream, so it's covered.\n\n10. **ncr Method Execution**: The `ncr` method will be executed as part of the loop in the `main` method, so its statements are covered.\n\n11. **pow Method Execution**: The `pow` method is called during the initialization of `inv` and possibly during the `ncr` calculations, depending on the inputs. Thus, its statements are covered.\n\nGiven the test case and the execution plan, the code coverage for this Java program is as follows:\n\n```\n> import java.io.*;\n> import java.util.*;\n> public class Main {\n>   static class FastReader { \n>       BufferedReader br; \n>       StringTokenizer st; \n>       public FastReader() \n>       { \n>           br = new BufferedReader(new InputStreamReader(System.in)); \n>       } \n>       String next() \n>       { \n            ...\n>       } \n        ...\n>   } \n>   public static List<Integer>[] edges;\n>   public static long[] fac, inv;\n>   public static int mod = (int) (1e9+7), MAX = (int) (1e5+1);\n>   public static PrintWriter out = new PrintWriter(new BufferedOutputStream(System.out));\n>   public static void main(String[] args) {\n>       FastReader sc = new FastReader();\n>       int n = sc.nextInt();\n>       int k = sc.nextInt();\n>       fac = new long[n+1];\n>       inv = new long[n+1];\n>       fac[0] = 1;\n        ...\n>       for(int i=1;i<=k;++i) {\n            ...\n>       }\n>       out.close();\n>   }\n>   private static long ncr(int n, int r) {\n        ...\n>   }\n>   private static long pow(long a, int b) {\n        ...\n>   }\n> }\n```\n\n**Note**: The code coverage given here is based on the logical execution flow for the specific input \"5 3\". All executable parts of the code that directly or indirectly participate in handling this input are considered covered.",
      "test_seed_coverage": [
        ">",
        ">",
        ">",
        ">",
        ">",
        ">",
        ">",
        ">",
        ">",
        ">",
        ">",
        ">",
        ">",
        ">",
        ">",
        ">",
        ">",
        ">",
        ">",
        ">",
        ">",
        ">",
        ">",
        ">",
        ">",
        ">",
        ">",
        ">",
        ">",
        ">",
        ">",
        ">",
        ">",
        ">",
        ">",
        ">",
        ">",
        ">",
        ">",
        ">",
        ">",
        ">",
        ">",
        ">",
        ">",
        ">",
        ">",
        ">",
        ">",
        ">",
        ">",
        ">",
        ">",
        ">",
        ">",
        ">",
        ">",
        ">",
        ">",
        ">",
        ">",
        ">",
        ">",
        ">",
        ">",
        ">",
        ">",
        ">",
        ">",
        ">",
        ">",
        ">",
        ">",
        ">",
        ">",
        ">",
        ">",
        ">",
        ">",
        ">",
        ">",
        ">",
        ">",
        ">",
        ">"
      ],
      "cumulative_coverage": [
        ">",
        ">",
        ">",
        ">",
        ">",
        ">",
        ">",
        ">",
        ">",
        ">",
        ">",
        ">",
        ">",
        ">",
        ">",
        ">",
        ">",
        ">",
        ">",
        ">",
        ">",
        ">",
        ">",
        ">",
        ">",
        ">",
        ">",
        ">",
        ">",
        ">",
        ">",
        ">",
        ">",
        ">",
        ">",
        ">",
        ">",
        ">",
        ">",
        ">",
        ">",
        ">",
        ">",
        ">",
        ">",
        ">",
        ">",
        ">",
        ">",
        ">",
        ">",
        ">",
        ">",
        ">",
        ">",
        ">",
        ">",
        ">",
        ">",
        ">",
        ">",
        ">",
        ">",
        ">",
        ">",
        ">",
        ">",
        ">",
        ">",
        ">",
        ">",
        ">",
        ">",
        ">",
        ">",
        ">",
        ">",
        ">",
        ">",
        ">",
        ">",
        ">",
        ">",
        ">",
        ">"
      ],
      "execution_output": "3\n6\n1",
      "cerberus_output": "",
      "execution_result": "",
      "test_case_id": "8"
    },
    {
      "test_case": [
        "Test Case Input:\n3\n2"
      ],
      "test_mutations": [
        "Test Case Input:\n3\n2"
      ],
      "initial_code": "import java.io.*;\nimport java.util.*;\npublic class Main {\n\tstatic class FastReader { \n        BufferedReader br; \n        StringTokenizer st; \n        public FastReader() \n        { \n            br = new BufferedReader(new\n                     InputStreamReader(System.in)); \n        } \n        String next() \n        { \n            while (st == null || !st.hasMoreElements()) \n            { \n                try\n                { \n                    st = new StringTokenizer(br.readLine()); \n                } \n                catch (IOException  e) \n                { \n                    e.printStackTrace(); \n                } \n            } \n            return st.nextToken(); \n        } \n        int nextInt() \n        { \n            return Integer.parseInt(next()); \n        } \n        long nextLong() \n        { \n            return Long.parseLong(next()); \n        } \n        double nextDouble() \n        { \n            return Double.parseDouble(next()); \n        } \n        String nextLine() \n        { \n            String str = \"\"; \n            try\n            { \n                str = br.readLine(); \n            } \n            catch (IOException e) \n            { \n                e.printStackTrace(); \n            } \n            return str; \n        } \n    } \n\tpublic static List<Integer>[] edges;\n\tpublic static long[] fac,inv;\n\tpublic static int mod = (int) (1e9+7),MAX = (int) (1e5+1);\n\tpublic static PrintWriter out = new PrintWriter(new BufferedOutputStream(System.out));\n\tpublic static void main(String[] args) {\n\t\tFastReader sc = new FastReader();\n\t\tint n = sc.nextInt();\n\t\tint k = sc.nextInt();\n\t\tfac = new long[n+1];\n\t\tinv = new long[n+1];\n\t\tfac[0] = 1;\n\t\tfor(int i=1;i<fac.length;++i) fac[i] = (i*fac[i-1])%mod;\n\t\tinv[n]=pow(fac[n],mod-2);\n\t\tfor(int i=n-1;i>=0;i--){\n\t\t\tinv[i]=(inv[i+1]*(i+1))%mod;\n\t\t}\n\t\tfor(int i=1;i<=k;++i) {\n\t\t\tlong ans = (ncr(n-k+1,i)*ncr(k-1,i-1))%mod;\n\t\t\tout.println(ans);\n\t\t}\n        out.close();\n\t}\n\tprivate static long ncr(int n, int r) {\n\t\treturn ((fac[n]*inv[r])%mod*inv[n-r])%mod;\n\t}\n\tprivate static long pow(long a, int b) {\n\t\tif(b == 0) return 1;\n\t\tlong p =pow(a,b/2);\n\t\tp = (p*p)%mod;\n\t\tif((b&1) == 1) p = (a*p)%mod;\n\t\treturn p;\n\t}\n}",
      "covered_code": "To predict the code coverage for the given Java program based on the provided test case input '3\\n2', we'll follow a similar step-by-step execution plan as illustrated in the example. The given input indicates that `n=3` and `k=2`.\n\n### Plan for Step by Step Execution:\n\n1. **Import Statements**: Always executed. The import statements for `java.io.*` and `java.util.*` will be covered.\n\n2. **Class Declarations**: Always executed. Declarations for `public class Main` and `static class FastReader` are covered.\n\n3. **Static Variable Declarations**: Always executed. The declarations for `public static List<Integer>[] edges;`, `public static long[] fac, inv;`, `public static int mod = (int) (1e9+7), MAX = (int) (1e5+1);`, and `public static PrintWriter out = new PrintWriter(new BufferedOutputStream(System.out));` are covered.\n\n4. **Main Method Declaration**: Always executed.\n\n5. **FastReader Object and Input Reading**: Always executed. The creation of `FastReader sc = new FastReader();` and reading inputs `int n = sc.nextInt(); int k = sc.nextInt();` are covered.\n\n6. **Array Initialization**: Statements initializing `fac` and `inv` arrays with `new long[n+1];` are covered.\n\n7. **Factorial and Inverse Factorial Calculation**: The loop for calculating `fac[]` and the calculation of `inv[]` using the `pow()` method are executed.\n\n8. **Computation and Output Loop**: The loop `for(int i=1;i<=k;++i)` and its contents, including the calculation of `ans` and printing it using `out.println(ans);`, are covered.\n\n9. **Closing the PrintWriter**: The statement `out.close();` is executed at the end.\n\n10. **ncr Method**: The `ncr()` method is executed as it is invoked in the computation loop for calculating combination values.\n\n11. **pow Method**: The `pow()` method is executed as it is invoked for calculating the inverse factorial.\n\n### Predicted Code Coverage:\n\n- > Import statements and class declarations\n- > Static variable declarations\n- > Main method declaration\n- > FastReader object creation and input reading\n- > Array initialization\n- > Factorial and inverse factorial calculation\n- > Computation and output loop\n- > Closing the PrintWriter\n- > ncr method\n- > pow method\n\n### Output:\n\nThe program will output the result of the given combinatorial problem for inputs `n=3` and `k=2` without raising any exceptions since all the operations are well-defined for the given inputs, and there's no division by zero or array out of bounds exception to worry about. \n\nThe predicted code coverage indicates that all parts of the code are executed with the given test case.",
      "test_seed_coverage": [
        ">",
        ">",
        ">",
        ">",
        ">",
        ">",
        ">",
        ">",
        ">",
        ">",
        ">",
        ">",
        ">",
        ">",
        ">",
        ">",
        ">",
        ">",
        ">",
        ">",
        ">",
        ">",
        ">",
        ">",
        ">",
        ">",
        ">",
        ">",
        ">",
        ">",
        ">",
        ">",
        ">",
        ">",
        ">",
        ">",
        ">",
        ">",
        ">",
        ">",
        ">",
        ">",
        ">",
        ">",
        ">",
        ">",
        ">",
        ">",
        ">",
        ">",
        ">",
        ">",
        ">",
        ">",
        ">",
        ">",
        ">",
        ">",
        ">",
        ">",
        ">",
        ">",
        ">",
        ">",
        ">",
        ">",
        ">",
        ">",
        ">",
        ">",
        ">",
        ">",
        ">",
        ">",
        ">",
        ">",
        ">",
        ">",
        ">",
        ">",
        ">",
        ">",
        ">",
        ">",
        ">"
      ],
      "cumulative_coverage": [
        ">",
        ">",
        ">",
        ">",
        ">",
        ">",
        ">",
        ">",
        ">",
        ">",
        ">",
        ">",
        ">",
        ">",
        ">",
        ">",
        ">",
        ">",
        ">",
        ">",
        ">",
        ">",
        ">",
        ">",
        ">",
        ">",
        ">",
        ">",
        ">",
        ">",
        ">",
        ">",
        ">",
        ">",
        ">",
        ">",
        ">",
        ">",
        ">",
        ">",
        ">",
        ">",
        ">",
        ">",
        ">",
        ">",
        ">",
        ">",
        ">",
        ">",
        ">",
        ">",
        ">",
        ">",
        ">",
        ">",
        ">",
        ">",
        ">",
        ">",
        ">",
        ">",
        ">",
        ">",
        ">",
        ">",
        ">",
        ">",
        ">",
        ">",
        ">",
        ">",
        ">",
        ">",
        ">",
        ">",
        ">",
        ">",
        ">",
        ">",
        ">",
        ">",
        ">",
        ">",
        ">"
      ],
      "execution_output": "2\n1",
      "cerberus_output": "",
      "execution_result": "",
      "test_case_id": "9"
    }
  ]
}