{
  "submission_id": "s427438430",
  "cycles": [
    {
      "test_case": [
        "Test Case Input:\n4 3\n1 2\n1 3\n2 4"
      ],
      "test_mutations": [
        "Test Case Input:\n4 3\n1 2\n1 3\n2 4"
      ],
      "initial_code": "import java.util.*;\nimport java.io.*;\npublic class Main {\n    static StringTokenizer st;\n    static BufferedReader br;  \n    static PrintWriter out;\n    static int parent[]; \n    public static void main(String[] args) throws IOException {\n        br = new BufferedReader(new InputStreamReader(System.in));\n        int N = nextInt();\n        int M = nextInt();\n        parent = new int [N+1];\n        ArrayList<Integer> matrix [] = new ArrayList [M+1];\n        for (int x=1; x<=N; x++) {\n            matrix[x] = new ArrayList<Integer>();\n        }\n        for (int x=1; x<M; x++) {\n            int one = nextInt();\n            int two = nextInt();\n            matrix[one].add(two);\n            matrix[two].add(one);\n        }\n        bfs(matrix, 1);\n        boolean flag = true;\n        for (int x=1; x<=N; x++) {\n            if(parent[x] == 0){\n                flag = false;\n                break;\n            }\n        }\n        if(flag){\n            System.out.println(\"Yes\");\n            for (int x=2; x<=N; x++) {\n                System.out.println(parent[x]);\n            }\n        }\n        else{\n            System.out.println(\"No\");\n        }\n    }\n    public static boolean bfs (ArrayList [] matrix,  int start) {\n        Queue <Integer> queue = new LinkedList<Integer>();\n        queue.add(start);\n        while (!queue.isEmpty()) {\n            int cur = queue.poll();\n            for (int x=0; x<matrix[cur].size(); x++) {\n                int now = (int) matrix[cur].get(x);\n                if(parent[now]==0){\n                    parent[now] = cur;\n                    queue.add(now);\n                }\n            }\n        }\n        return false;\n    }\n    public static int nextInt() throws IOException {\n        return Integer.parseInt(next());\n    }\n    public static long nextLong() throws IOException {\n        return Long.parseLong(next());\n    }\n    public static double nextDouble() throws IOException {\n        return Double.parseDouble(next());\n    }\n    static String next() throws IOException {\n        while (st == null || !st.hasMoreTokens())\n            st = new StringTokenizer(br.readLine().trim());\n        return st.nextToken();\n    }\n}",
      "covered_code": "For the given Java program and test case input, let's develop a plan step by step for the execution of the program and then predict the code coverage.\n\n### Test Case Input:\n`4 3 1 2 1 3 2 4`\n\n### Plan:\n1. **Import Statements:** Always executed.\n2. **Class Declaration:** Always executed.\n3. **Static Variables Initialization:** Always executed.\n4. **Main Method Execution:** Always executed.\n5. **Reading N and M:** Based on input, N=4 and M=3, these lines will be executed.\n6. **Initialization of parent array and matrix array:** Always executed.\n7. **Population of matrix with ArrayLists:** The loop will proceed as expected based on N, these lines will be executed.\n8. **Reading Edges and Populating matrix:** Due to the loop condition `x<M`, it will iterate only 2 times (instead of 3), because M is exclusive. So, the input handling for the last edge `2 4` won't be executed.\n9. **BFS Function Call:** Always executed.\n10. **Checking parent array in main:** Always executed.\n11. **Printing Output:** Based on the BFS traversal and parent array condition, these lines will be executed.\n12. **BFS Method Execution:** Always executed.\n13. **Queue Operations and BFS Logic:** Always executed within the BFS method.\n14. **nextInt, nextLong, nextDouble, and next Method Executions:** Always executed when called.\n\n### Predicted Code Coverage:\n\n```\n> import java.util.*;\n> import java.io.*;\n> public class Main {\n>    static StringTokenizer st;\n>    static BufferedReader br;  \n>    static PrintWriter out;\n>    static int parent[];\n>    public static void main(String[] args) throws IOException {\n>        br = new BufferedReader(new InputStreamReader(System.in));\n>        int N = nextInt();\n>        int M = nextInt();\n>        parent = new int [N+1];\n>        ArrayList<Integer> matrix [] = new ArrayList [M+1];\n>        for (int x=1; x<=N; x++) {\n>            matrix[x] = new ArrayList<Integer>();\n>        }\n>        for (int x=1; x<M; x++) {\n>            int one = nextInt();\n>            int two = nextInt();\n>            matrix[one].add(two);\n>            matrix[two].add(one);\n>        }\n!        int one = nextInt(); // This line is logically expected but won't be executed due to the loop condition.\n!        int two = nextInt(); // This line is logically expected but won't be executed due to the loop condition.\n>        bfs(matrix, 1);\n>        boolean flag = true;\n>        for (int x=1; x<=N; x++) {\n>            if(parent[x] == 0){\n>                flag = false;\n>                break;\n>            }\n>        }\n>        if(flag){\n>            System.out.println(\"Yes\");\n>            for (int x=2; x<=N; x++) {\n>                System.out.println(parent[x]);\n>            }\n>        }\n>        else{\n>            System.out.println(\"No\");\n>        }\n>    }\n>    public static boolean bfs (ArrayList [] matrix,  int start) {\n>        Queue <Integer> queue = new LinkedList<Integer>();\n>        queue.add(start);\n>        while (!queue.isEmpty()) {\n>            int cur = queue.poll();\n>            for (int x=0; x<matrix[cur].size(); x++) {\n>                int now = (int) matrix[cur].get(x);\n>                if(parent[now]==0){\n>                    parent[now] = cur;\n>                    queue.add(now);\n>                }\n>            }\n>        }\n>        return false;\n>    }\n>    public static int nextInt() throws IOException {\n>        return Integer.parseInt(next());\n>    }\n>    public static long nextLong() throws IOException {\n>        return Long.parseLong(next());\n>    }\n>    public static double nextDouble() throws IOException {\n>        return Double.parseDouble(next());\n>    }\n>    static String next() throws IOException {\n>        while (st == null || !st.hasMoreTokens())\n>            st = new StringTokenizer(br.readLine().trim());\n>        return st.nextToken();\n>    }\n}\n```\n\nThe incorrect loop condition in the \"Reading Edges and Populating matrix\" step causes the last input handling (`2 4`) not to be executed, which is a mistake in planning rather than a typical code coverage scenario. However, this illustrates the challenge of accurately handling inputs in relation to loop conditions.",
      "test_seed_coverage": [
        ">",
        ">",
        ">",
        ">",
        ">",
        ">",
        ">",
        ">",
        ">",
        ">",
        ">",
        ">",
        ">",
        ">",
        ">",
        ">",
        ">",
        ">",
        ">",
        ">",
        ">",
        ">",
        "!",
        "!",
        ">",
        ">",
        ">",
        ">",
        ">",
        ">",
        ">",
        ">",
        ">",
        ">",
        ">",
        ">",
        ">",
        ">",
        ">",
        ">",
        ">",
        ">",
        ">",
        ">",
        ">",
        ">",
        ">",
        ">",
        ">",
        ">",
        ">",
        ">",
        ">",
        ">",
        ">",
        ">",
        ">",
        ">",
        ">",
        ">",
        ">",
        ">",
        ">",
        ">",
        ">",
        ">",
        ">",
        ">",
        ">",
        ">",
        ">"
      ],
      "cumulative_coverage": [
        ">",
        ">",
        ">",
        ">",
        ">",
        ">",
        ">",
        ">",
        ">",
        ">",
        ">",
        ">",
        ">",
        ">",
        ">",
        ">",
        ">",
        ">",
        ">",
        ">",
        ">",
        ">",
        "!",
        "!",
        ">",
        ">",
        ">",
        ">",
        ">",
        ">",
        ">",
        ">",
        ">",
        ">",
        ">",
        ">",
        ">",
        ">",
        ">",
        ">",
        ">",
        ">",
        ">",
        ">",
        ">",
        ">",
        ">",
        ">",
        ">",
        ">",
        ">",
        ">",
        ">",
        ">",
        ">",
        ">",
        ">",
        ">",
        ">",
        ">",
        ">",
        ">",
        ">",
        ">",
        ">",
        ">",
        ">",
        ">",
        ">",
        ">",
        ">"
      ],
      "execution_error": "Exception in thread \"main\" java.lang.ArrayIndexOutOfBoundsException: Index 4 out of bounds for length 4\n\tat Main.main(Main.java:15)",
      "cerberus_output": "",
      "execution_result": "ArrayIndexOutOfBoundsException",
      "test_case_id": "1"
    },
    {
      "test_case": [
        "Test Case Input:\n5 4\n1 2\n2 3\n3 4\n4 5"
      ],
      "test_mutations": [
        "Test Case Input:\n5 4\n1 2\n2 3\n3 4\n4 5"
      ],
      "initial_code": "import java.util.*;\nimport java.io.*;\npublic class Main {\n    static StringTokenizer st;\n    static BufferedReader br;  \n    static PrintWriter out;\n    static int parent[]; \n    public static void main(String[] args) throws IOException {\n        br = new BufferedReader(new InputStreamReader(System.in));\n        int N = nextInt();\n        int M = nextInt();\n        parent = new int [N+1];\n        ArrayList<Integer> matrix [] = new ArrayList [M+1];\n        for (int x=1; x<=N; x++) {\n            matrix[x] = new ArrayList<Integer>();\n        }\n        for (int x=1; x<M; x++) {\n            int one = nextInt();\n            int two = nextInt();\n            matrix[one].add(two);\n            matrix[two].add(one);\n        }\n        bfs(matrix, 1);\n        boolean flag = true;\n        for (int x=1; x<=N; x++) {\n            if(parent[x] == 0){\n                flag = false;\n                break;\n            }\n        }\n        if(flag){\n            System.out.println(\"Yes\");\n            for (int x=2; x<=N; x++) {\n                System.out.println(parent[x]);\n            }\n        }\n        else{\n            System.out.println(\"No\");\n        }\n    }\n    public static boolean bfs (ArrayList [] matrix,  int start) {\n        Queue <Integer> queue = new LinkedList<Integer>();\n        queue.add(start);\n        while (!queue.isEmpty()) {\n            int cur = queue.poll();\n            for (int x=0; x<matrix[cur].size(); x++) {\n                int now = (int) matrix[cur].get(x);\n                if(parent[now]==0){\n                    parent[now] = cur;\n                    queue.add(now);\n                }\n            }\n        }\n        return false;\n    }\n    public static int nextInt() throws IOException {\n        return Integer.parseInt(next());\n    }\n    public static long nextLong() throws IOException {\n        return Long.parseLong(next());\n    }\n    public static double nextDouble() throws IOException {\n        return Double.parseDouble(next());\n    }\n    static String next() throws IOException {\n        while (st == null || !st.hasMoreTokens())\n            st = new StringTokenizer(br.readLine().trim());\n        return st.nextToken();\n    }\n}",
      "covered_code": "Given the Java program and the test case input \"5 4\\n1 2\\n2 3\\n3 4\\n4 5\", let's develop a plan for step by step execution and predict the code coverage accordingly.\n\n1. **Import Statements and Class Declaration**: Always executed, covering the import statements and the class declaration `public class Main {`.\n\n2. **Static Field Declarations**: These are part of the class initialization, so they are executed. Fields `static StringTokenizer st;`, `static BufferedReader br;`, `static PrintWriter out;`, and `static int parent[];` are covered.\n\n3. **Main Method Declaration**: Always executed as it's the entry point of the program.\n\n4. **Initialization in Main Method**: Statements initializing `br`, `N`, `M`, and `parent` array are executed based on the provided inputs.\n\n5. **Array of ArrayList Initialization**: The loop initializing each `ArrayList` in the array `matrix` will be executed for each `x` from 1 to `N` (inclusive).\n\n6. **Input Reading Loop**: The loop reads pairs of integers and adds them to the `matrix`. This loop will run `M-1` times based on the provided inputs, covering the inside of the loop.\n\n7. **BFS Method Call**: The call to `bfs(matrix, 1);` is executed.\n\n8. **BFS Method Execution**: The BFS algorithm is executed, including the queue initialization, the while loop for queue processing, and the inner for loop iterating over the adjacency list. All lines inside the `bfs` method are covered.\n\n9. **Post BFS Check**: The loop checking if any `parent[x] == 0` and the condition to either print \"Yes\" or \"No\" based on the flag are executed. The printing of parent nodes if the flag is true is also covered.\n\n10. **Utility Methods Execution**: Methods `nextInt()`, `nextLong()`, `nextDouble()`, and `next()` are executed as required for reading inputs.\n\nPredicted Code Coverage:\n\n```\n> import java.util.*;\n> import java.io.*;\n> public class Main {\n>     static StringTokenizer st;\n>     static BufferedReader br;\n>     static PrintWriter out;\n>     static int parent[];\n>     public static void main(String[] args) throws IOException {\n>         br = new BufferedReader(new InputStreamReader(System.in));\n>         int N = nextInt();\n>         int M = nextInt();\n>         parent = new int[N+1];\n>         ArrayList<Integer> matrix[] = new ArrayList[N+1];\n>         for (int x=1; x<=N; x++) {\n>             matrix[x] = new ArrayList<Integer>();\n>         }\n>         for (int x=1; x<M; x++) {\n>             int one = nextInt();\n>             int two = nextInt();\n>             matrix[one].add(two);\n>             matrix[two].add(one);\n>         }\n>         bfs(matrix, 1);\n>         boolean flag = true;\n>         for (int x=1; x<=N; x++) {\n>             if(parent[x] == 0){\n>                 flag = false;\n>                 break;\n>             }\n>         }\n>         if(flag){\n>             System.out.println(\"Yes\");\n>             for (int x=2; x<=N; x++) {\n>                 System.out.println(parent[x]);\n>             }\n>         }\n>         else{\n>             System.out.println(\"No\");\n>         }\n>     }\n>     public static boolean bfs(ArrayList[] matrix, int start) {\n>         Queue<Integer> queue = new LinkedList<Integer>();\n>         queue.add(start);\n>         while (!queue.isEmpty()) {\n>             int cur = queue.poll();\n>             for (int x=0; x<matrix[cur].size(); x++) {\n>                 int now = (int) matrix[cur].get(x);\n>                 if(parent[now]==0){\n>                     parent[now] = cur;\n>                     queue.add(now);\n>                 }\n>             }\n>         }\n>         return false;\n>     }\n>     public static int nextInt() throws IOException {\n>         return Integer.parseInt(next());\n>     }\n>     public static long nextLong() throws IOException {\n>         return Long.parseLong(next());\n>     }\n>     public static double nextDouble() throws IOException {\n>         return Double.parseDouble(next());\n>     }\n>     static String next() throws IOException {\n>         while (st == null || !st.hasMoreTokens())\n>             st = new StringTokenizer(br.readLine().trim());\n>         return st.nextToken();\n>     }\n> }\n```\n\n**Note**: The code coverage assumes proper inputs are given as per the test case, and all parts of the code that can be executed with these inputs are marked with `>`, indicating execution.",
      "test_seed_coverage": [
        ">",
        ">",
        ">",
        ">",
        ">",
        ">",
        ">",
        ">",
        ">",
        ">",
        ">",
        ">",
        ">",
        ">",
        ">",
        ">",
        ">",
        ">",
        ">",
        ">",
        ">",
        ">",
        ">",
        ">",
        ">",
        ">",
        ">",
        ">",
        ">",
        ">",
        ">",
        ">",
        ">",
        ">",
        ">",
        ">",
        ">",
        ">",
        ">",
        ">",
        ">",
        ">",
        ">",
        ">",
        ">",
        ">",
        ">",
        ">",
        ">",
        ">",
        ">",
        ">",
        ">",
        ">",
        ">",
        ">",
        ">",
        ">",
        ">",
        ">",
        ">",
        ">",
        ">",
        ">",
        ">",
        ">",
        ">",
        ">",
        ">",
        ">"
      ],
      "cumulative_coverage": [
        ">",
        ">",
        ">",
        ">",
        ">",
        ">",
        ">",
        ">",
        ">",
        ">",
        ">",
        ">",
        ">",
        ">",
        ">",
        ">",
        ">",
        ">",
        ">",
        ">",
        ">",
        ">",
        ">",
        ">",
        ">",
        ">",
        ">",
        ">",
        ">",
        ">",
        ">",
        ">",
        ">",
        ">",
        ">",
        ">",
        ">",
        ">",
        ">",
        ">",
        ">",
        ">",
        ">",
        ">",
        ">",
        ">",
        ">",
        ">",
        ">",
        ">",
        ">",
        ">",
        ">",
        ">",
        ">",
        ">",
        ">",
        ">",
        ">",
        ">",
        ">",
        ">",
        ">",
        ">",
        ">",
        ">",
        ">",
        ">",
        ">",
        ">"
      ],
      "execution_error": "Exception in thread \"main\" java.lang.ArrayIndexOutOfBoundsException: Index 5 out of bounds for length 5\n\tat Main.main(Main.java:15)",
      "cerberus_output": "",
      "execution_result": "ArrayIndexOutOfBoundsException",
      "test_case_id": "2"
    },
    {
      "test_case": [
        "Test Case Input:\n5\n4\n1 2\n2 3\n3 4\n4 5"
      ],
      "test_mutations": [
        "Test Case Input:\n5\n4\n1 2\n2 3\n3 4\n4 5"
      ],
      "initial_code": "import java.util.*;\nimport java.io.*;\npublic class Main {\n    static StringTokenizer st;\n    static BufferedReader br;  \n    static PrintWriter out;\n    static int parent[]; \n    public static void main(String[] args) throws IOException {\n        br = new BufferedReader(new InputStreamReader(System.in));\n        int N = nextInt();\n        int M = nextInt();\n        parent = new int [N+1];\n        ArrayList<Integer> matrix [] = new ArrayList [M+1];\n        for (int x=1; x<=N; x++) {\n            matrix[x] = new ArrayList<Integer>();\n        }\n        for (int x=1; x<M; x++) {\n            int one = nextInt();\n            int two = nextInt();\n            matrix[one].add(two);\n            matrix[two].add(one);\n        }\n        bfs(matrix, 1);\n        boolean flag = true;\n        for (int x=1; x<=N; x++) {\n            if(parent[x] == 0){\n                flag = false;\n                break;\n            }\n        }\n        if(flag){\n            System.out.println(\"Yes\");\n            for (int x=2; x<=N; x++) {\n                System.out.println(parent[x]);\n            }\n        }\n        else{\n            System.out.println(\"No\");\n        }\n    }\n    public static boolean bfs (ArrayList [] matrix,  int start) {\n        Queue <Integer> queue = new LinkedList<Integer>();\n        queue.add(start);\n        while (!queue.isEmpty()) {\n            int cur = queue.poll();\n            for (int x=0; x<matrix[cur].size(); x++) {\n                int now = (int) matrix[cur].get(x);\n                if(parent[now]==0){\n                    parent[now] = cur;\n                    queue.add(now);\n                }\n            }\n        }\n        return false;\n    }\n    public static int nextInt() throws IOException {\n        return Integer.parseInt(next());\n    }\n    public static long nextLong() throws IOException {\n        return Long.parseLong(next());\n    }\n    public static double nextDouble() throws IOException {\n        return Double.parseDouble(next());\n    }\n    static String next() throws IOException {\n        while (st == null || !st.hasMoreTokens())\n            st = new StringTokenizer(br.readLine().trim());\n        return st.nextToken();\n    }\n}",
      "covered_code": "For the provided Java program and the test case input \"5\\n4\\n1 2\\n2 3\\n3 4\\n4 5\", let's develop a plan for step-by-step execution to predict the code coverage. \n\nGiven Test Case Input Translates to:\n- N = 5 (number of vertices)\n- M = 4 (number of edges)\n- Edges are: (1,2), (2,3), (3,4), and (4,5)\n\nPLAN:\n1. Import statements: Always executed. Statement \"import java.util.*;\" and \"import java.io.*;\" will be covered.\n2. Main class and static variable declarations: Always executed. The declarations of the Main class, StringTokenizer st, BufferedReader br, PrintWriter out, and static int parent[] are covered.\n3. Main method declaration: Always executed. \"public static void main(String[] args) throws IOException {\" is covered.\n4. Initialization of BufferedReader, reading N and M, and initializing the parent array: Always executed. These lines will be covered.\n5. Initialization of the ArrayList for the adjacency list representation of the graph: Since N is 5, the loop from 1 to N (inclusive) for initializing matrix[x] will be fully executed.\n6. Reading edge information and populating the adjacency list: With M being 4, the loop intended to read M-1 edges will mistakenly only read 3 out of the 4 edges due to the condition \"x<M\" instead of \"x<=M\". The last edge (4,5) will not be read or added to the adjacency list. Therefore, the final iteration intended to read the last edge will not be executed.\n7. Execution of the bfs method: The bfs method is called once with the starting vertex 1. Inside bfs, all statements will be executed, including the loop that iterates through each adjacent vertex.\n8. Checking if all vertices are visited: This block will be executed. If the bfs correctly marks all vertices reachable from 1, the program should print \"Yes\" and then the parent of each vertex except for vertex 1.\n9. Output: Based on the failure to read the last edge due to the for-loop condition error, the actual graph traversal may not reflect the full graph structure as intended by the input. This might affect whether all nodes are considered reached in the bfs traversal.\n\nPredicted Code Coverage:\n> import java.util.*;\n> import java.io.*;\n> public class Main {\n>     static StringTokenizer st;\n>     static BufferedReader br;  \n>     static PrintWriter out;\n>     static int parent[];\n>     public static void main(String[] args) throws IOException {\n>         br = new BufferedReader(new InputStreamReader(System.in));\n>         int N = nextInt();\n>         int M = nextInt();\n>         parent = new int [N+1];\n>         ArrayList<Integer> matrix [] = new ArrayList [N+1];\n>         for (int x=1; x<=N; x++) {\n>             matrix[x] = new ArrayList<Integer>();\n>         }\n>         for (int x=1; x<M; x++) { // Note: Error in the plan, should cover all iterations except it misses the last edge due to incorrect condition\n>             int one = nextInt();\n>             int two = nextInt();\n>             matrix[one].add(two);\n>             matrix[two].add(one);\n>         }\n>         bfs(matrix, 1);\n>         boolean flag = true;\n>         for (int x=1; x<=N; x++) {\n>             if(parent[x] == 0){\n>                 flag = false;\n>                 break;\n>             }\n>         }\n>         if(flag){\n>             System.out.println(\"Yes\");\n>             for (int x=2; x<=N; x++) {\n>                 System.out.println(parent[x]);\n>             }\n>         }\n>         else{\n>             System.out.println(\"No\");\n>         }\n>     }\n>     public static boolean bfs (ArrayList [] matrix,  int start) {\n>         Queue <Integer> queue = new LinkedList<Integer>();\n>         queue.add(start);\n>         while (!queue.isEmpty()) {\n>             int cur = queue.poll();\n>             for (int x=0; x<matrix[cur].size(); x++) {\n>                 int now = (int) matrix[cur].get(x);\n>                 if(parent[now]==0){\n>                     parent[now] = cur;\n>                     queue.add(now);\n>                 }\n>             }\n>         }\n>         return false;\n>     }\n>     public static int nextInt() throws IOException {\n>         return Integer.parseInt(next());\n>     }\n>     public static long nextLong() throws IOException {\n>         return Long.parseLong(next());\n>     }\n>     public static double nextDouble() throws IOException {\n>         return Double.parseDouble(next());\n>     }\n>     static String next() throws IOException {\n>         while (st == null || !st.hasMoreTokens())\n>             st = new StringTokenizer(br.readLine().trim());\n>         return st.nextToken();\n>     }\n> }\n\nOutput due to Mistake in Plan:\n- The actual coverage will include all lines, but the last edge (4,5) will not be read as intended due to the incorrect loop condition in reading edges. This error in my plan does not affect the execution coverage directly but impacts the logical outcome of the program.",
      "test_seed_coverage": [
        ">",
        ">",
        ">",
        ">",
        ">",
        ">",
        ">",
        ">",
        ">",
        ">",
        ">",
        ">",
        ">",
        ">",
        ">",
        ">",
        ">",
        ">",
        ">",
        ">",
        ">",
        ">",
        ">",
        ">",
        ">",
        ">",
        ">",
        ">",
        ">",
        ">",
        ">",
        ">",
        ">",
        ">",
        ">",
        ">",
        ">",
        ">",
        ">",
        ">",
        ">",
        ">",
        ">",
        ">",
        ">",
        ">",
        ">",
        ">",
        ">",
        ">",
        ">",
        ">",
        ">",
        ">",
        ">",
        ">",
        ">",
        ">",
        ">",
        ">",
        ">",
        ">",
        ">",
        ">",
        ">",
        ">",
        ">",
        ">",
        ">",
        ">"
      ],
      "cumulative_coverage": [
        ">",
        ">",
        ">",
        ">",
        ">",
        ">",
        ">",
        ">",
        ">",
        ">",
        ">",
        ">",
        ">",
        ">",
        ">",
        ">",
        ">",
        ">",
        ">",
        ">",
        ">",
        ">",
        ">",
        ">",
        ">",
        ">",
        ">",
        ">",
        ">",
        ">",
        ">",
        ">",
        ">",
        ">",
        ">",
        ">",
        ">",
        ">",
        ">",
        ">",
        ">",
        ">",
        ">",
        ">",
        ">",
        ">",
        ">",
        ">",
        ">",
        ">",
        ">",
        ">",
        ">",
        ">",
        ">",
        ">",
        ">",
        ">",
        ">",
        ">",
        ">",
        ">",
        ">",
        ">",
        ">",
        ">",
        ">",
        ">",
        ">",
        ">"
      ],
      "execution_error": "Exception in thread \"main\" java.lang.ArrayIndexOutOfBoundsException: Index 5 out of bounds for length 5\n\tat Main.main(Main.java:15)",
      "cerberus_output": "",
      "execution_result": "ArrayIndexOutOfBoundsException",
      "test_case_id": "3"
    },
    {
      "test_case": [
        "Test Case Input:\n4\n3\n1 2\n2 3\n3 4"
      ],
      "test_mutations": [
        "Test Case Input:\n4\n3\n1 2\n2 3\n3 4"
      ],
      "initial_code": "import java.util.*;\nimport java.io.*;\npublic class Main {\n    static StringTokenizer st;\n    static BufferedReader br;  \n    static PrintWriter out;\n    static int parent[]; \n    public static void main(String[] args) throws IOException {\n        br = new BufferedReader(new InputStreamReader(System.in));\n        int N = nextInt();\n        int M = nextInt();\n        parent = new int [N+1];\n        ArrayList<Integer> matrix [] = new ArrayList [M+1];\n        for (int x=1; x<=N; x++) {\n            matrix[x] = new ArrayList<Integer>();\n        }\n        for (int x=1; x<M; x++) {\n            int one = nextInt();\n            int two = nextInt();\n            matrix[one].add(two);\n            matrix[two].add(one);\n        }\n        bfs(matrix, 1);\n        boolean flag = true;\n        for (int x=1; x<=N; x++) {\n            if(parent[x] == 0){\n                flag = false;\n                break;\n            }\n        }\n        if(flag){\n            System.out.println(\"Yes\");\n            for (int x=2; x<=N; x++) {\n                System.out.println(parent[x]);\n            }\n        }\n        else{\n            System.out.println(\"No\");\n        }\n    }\n    public static boolean bfs (ArrayList [] matrix,  int start) {\n        Queue <Integer> queue = new LinkedList<Integer>();\n        queue.add(start);\n        while (!queue.isEmpty()) {\n            int cur = queue.poll();\n            for (int x=0; x<matrix[cur].size(); x++) {\n                int now = (int) matrix[cur].get(x);\n                if(parent[now]==0){\n                    parent[now] = cur;\n                    queue.add(now);\n                }\n            }\n        }\n        return false;\n    }\n    public static int nextInt() throws IOException {\n        return Integer.parseInt(next());\n    }\n    public static long nextLong() throws IOException {\n        return Long.parseLong(next());\n    }\n    public static double nextDouble() throws IOException {\n        return Double.parseDouble(next());\n    }\n    static String next() throws IOException {\n        while (st == null || !st.hasMoreTokens())\n            st = new StringTokenizer(br.readLine().trim());\n        return st.nextToken();\n    }\n}",
      "covered_code": "Given the test case input and the provided Java program, let's develop a plan for step-by-step execution to predict the code coverage:\n\n1. **Import Statements Execution**: Import statements are always executed. Statements `import java.util.*;` and `import java.io.*;` will be covered.\n\n2. **Main Class and Static Variables Declaration**: The main class declaration `public class Main {` and the declarations of static variables `static StringTokenizer st;`, `static BufferedReader br;`, `static PrintWriter out;`, `static int parent[];` are always executed.\n\n3. **Main Method Execution**: The main method declaration `public static void main(String[] args) throws IOException {` is always executed.\n\n4. **BufferedReader Initialization**: The statement `br = new BufferedReader(new InputStreamReader(System.in));` is executed to read inputs.\n\n5. **Reading N and M**: The statements to read `N` and `M` using `nextInt()` method are executed.\n\n6. **Array Initialization**: The array `parent` and the array of ArrayLists `matrix` are initialized and filled accordingly within the for loops.\n\n7. **BFS Method Call**: The `bfs(matrix, 1);` method call is executed.\n\n8. **Checking and Printing Output**: The loop that checks if all nodes have a parent and the conditional block that prints \"Yes\" or \"No\" along with parents of each node is executed.\n\n9. **BFS Method Execution**: The BFS method implementation is executed, where it goes through the graph, updates parents, and uses a queue to keep track of nodes to visit.\n\n10. **Utility Methods Execution**: The utility methods `nextInt()`, `nextLong()`, `nextDouble()`, and `next()` are executed as they are used to read inputs.\n\nGiven these steps, the code coverage based on the provided test case and the program logic will be:\n\n```\n> import java.util.*;\n> import java.io.*;\n> public class Main {\n>     static StringTokenizer st;\n>     static BufferedReader br;  \n>     static PrintWriter out;\n>     static int parent[]; \n>     public static void main(String[] args) throws IOException {\n>         br = new BufferedReader(new InputStreamReader(System.in));\n>         int N = nextInt();\n>         int M = nextInt();\n>         parent = new int [N+1];\n>         ArrayList<Integer> matrix [] = new ArrayList [M+1];\n>         for (int x=1; x<=N; x++) {\n>             matrix[x] = new ArrayList<Integer>();\n>         }\n>         for (int x=1; x<M; x++) {\n>             int one = nextInt();\n>             int two = nextInt();\n>             matrix[one].add(two);\n>             matrix[two].add(one);\n>         }\n>         bfs(matrix, 1);\n>         boolean flag = true;\n>         for (int x=1; x<=N; x++) {\n>             if(parent[x] == 0){\n>                 flag = false;\n>                 break;\n>             }\n>         }\n>         if(flag){\n>             System.out.println(\"Yes\");\n>             for (int x=2; x<=N; x++) {\n>                 System.out.println(parent[x]);\n>             }\n>         }\n>         else{\n>             System.out.println(\"No\");\n>         }\n>     }\n>     public static boolean bfs (ArrayList [] matrix,  int start) {\n>         Queue <Integer> queue = new LinkedList<Integer>();\n>         queue.add(start);\n>         while (!queue.isEmpty()) {\n>             int cur = queue.poll();\n>             for (int x=0; x<matrix[cur].size(); x++) {\n>                 int now = (int) matrix[cur].get(x);\n>                 if(parent[now]==0){\n>                     parent[now] = cur;\n>                     queue.add(now);\n>                 }\n>             }\n>         }\n>         return false;\n>     }\n>     public static int nextInt() throws IOException {\n>         return Integer.parseInt(next());\n>     }\n>     public static long nextLong() throws IOException {\n>         return Long.parseLong(next());\n>     }\n>     public static double nextDouble() throws IOException {\n>         return Double.parseDouble(next());\n>     }\n>     static String next() throws IOException {\n>         while (st == null || !st.hasMoreTokens())\n>             st = new StringTokenizer(br.readLine().trim());\n>         return st.nextToken();\n>     }\n> }\n```\n\nAll parts of the provided code are covered because the test case and logic of the program ensure that every method and conditional statement is executed.",
      "test_seed_coverage": [
        ">",
        ">",
        ">",
        ">",
        ">",
        ">",
        ">",
        ">",
        ">",
        ">",
        ">",
        ">",
        ">",
        ">",
        ">",
        ">",
        ">",
        ">",
        ">",
        ">",
        ">",
        ">",
        ">",
        ">",
        ">",
        ">",
        ">",
        ">",
        ">",
        ">",
        ">",
        ">",
        ">",
        ">",
        ">",
        ">",
        ">",
        ">",
        ">",
        ">",
        ">",
        ">",
        ">",
        ">",
        ">",
        ">",
        ">",
        ">",
        ">",
        ">",
        ">",
        ">",
        ">",
        ">",
        ">",
        ">",
        ">",
        ">",
        ">",
        ">",
        ">",
        ">",
        ">",
        ">",
        ">",
        ">",
        ">",
        ">",
        ">",
        ">"
      ],
      "cumulative_coverage": [
        ">",
        ">",
        ">",
        ">",
        ">",
        ">",
        ">",
        ">",
        ">",
        ">",
        ">",
        ">",
        ">",
        ">",
        ">",
        ">",
        ">",
        ">",
        ">",
        ">",
        ">",
        ">",
        ">",
        ">",
        ">",
        ">",
        ">",
        ">",
        ">",
        ">",
        ">",
        ">",
        ">",
        ">",
        ">",
        ">",
        ">",
        ">",
        ">",
        ">",
        ">",
        ">",
        ">",
        ">",
        ">",
        ">",
        ">",
        ">",
        ">",
        ">",
        ">",
        ">",
        ">",
        ">",
        ">",
        ">",
        ">",
        ">",
        ">",
        ">",
        ">",
        ">",
        ">",
        ">",
        ">",
        ">",
        ">",
        ">",
        ">",
        ">"
      ],
      "execution_error": "Exception in thread \"main\" java.lang.ArrayIndexOutOfBoundsException: Index 4 out of bounds for length 4\n\tat Main.main(Main.java:15)",
      "cerberus_output": "",
      "execution_result": "ArrayIndexOutOfBoundsException",
      "test_case_id": "4"
    },
    {
      "test_case": [
        "Test Case Input:\n5\n4\n1 2\n2 3\n3 4\n4 5"
      ],
      "test_mutations": [
        "Test Case Input:\n5\n4\n1 2\n2 3\n3 4\n4 5"
      ],
      "initial_code": "import java.util.*;\nimport java.io.*;\npublic class Main {\n    static StringTokenizer st;\n    static BufferedReader br;  \n    static PrintWriter out;\n    static int parent[]; \n    public static void main(String[] args) throws IOException {\n        br = new BufferedReader(new InputStreamReader(System.in));\n        int N = nextInt();\n        int M = nextInt();\n        parent = new int [N+1];\n        ArrayList<Integer> matrix [] = new ArrayList [M+1];\n        for (int x=1; x<=N; x++) {\n            matrix[x] = new ArrayList<Integer>();\n        }\n        for (int x=1; x<M; x++) {\n            int one = nextInt();\n            int two = nextInt();\n            matrix[one].add(two);\n            matrix[two].add(one);\n        }\n        bfs(matrix, 1);\n        boolean flag = true;\n        for (int x=1; x<=N; x++) {\n            if(parent[x] == 0){\n                flag = false;\n                break;\n            }\n        }\n        if(flag){\n            System.out.println(\"Yes\");\n            for (int x=2; x<=N; x++) {\n                System.out.println(parent[x]);\n            }\n        }\n        else{\n            System.out.println(\"No\");\n        }\n    }\n    public static boolean bfs (ArrayList [] matrix,  int start) {\n        Queue <Integer> queue = new LinkedList<Integer>();\n        queue.add(start);\n        while (!queue.isEmpty()) {\n            int cur = queue.poll();\n            for (int x=0; x<matrix[cur].size(); x++) {\n                int now = (int) matrix[cur].get(x);\n                if(parent[now]==0){\n                    parent[now] = cur;\n                    queue.add(now);\n                }\n            }\n        }\n        return false;\n    }\n    public static int nextInt() throws IOException {\n        return Integer.parseInt(next());\n    }\n    public static long nextLong() throws IOException {\n        return Long.parseLong(next());\n    }\n    public static double nextDouble() throws IOException {\n        return Double.parseDouble(next());\n    }\n    static String next() throws IOException {\n        while (st == null || !st.hasMoreTokens())\n            st = new StringTokenizer(br.readLine().trim());\n        return st.nextToken();\n    }\n}",
      "covered_code": "For the given Java program and test case input, we can develop a plan to predict code coverage as follows:\n\n**1. Import Statements:**\nImport statements are always executed.\n\n**2. Main Class Declaration:**\nThe class declaration is always executed.\n\n**3. Main Method Declaration:**\nThe main method declaration is always executed.\n\n**4. Initialization of BufferedReader and PrintWriter:**\nStatements initializing `br` (BufferedReader) and `out` (PrintWriter) are executed.\n\n**5. Reading N and M:**\n`int N = nextInt();` and `int M = nextInt();` will be executed to read the first two inputs, which are 5 and 4 respectively.\n\n**6. Initialization of Parent Array:**\n`parent = new int [N+1];` is executed to initialize the parent array.\n\n**7. Initialization of Matrix:**\nThe matrix initialization loop `for (int x=1; x<=N; x++) {` will be fully executed.\n\n**8. Reading Edges and Populating the Matrix:**\nThe loop for reading pairs of nodes and populating the adjacency list, `for (int x=1; x<M; x++) {`, will be executed three times, reading the pairs (1, 2), (2, 3), and (3, 4). The condition is `<M` instead of `<=M`, so the last pair (4, 5) won't be read.\n\n**9. BFS Function Call:**\n`bfs(matrix, 1);` will be executed to perform a breadth-first search starting from node 1.\n\n**10. BFS Execution:**\nThe BFS method will execute, including all statements inside it, as it will traverse the graph starting from node 1.\n\n**11. Check and Output:**\nThe check for if all nodes have a parent (except the root) and outputting \"Yes\" followed by the parent of each node starting from 2 to N will be executed if all nodes are connected and have a parent. \n\n**12. NextInt, NextLong, NextDouble, and Next methods:**\nThese helper methods will be executed as part of the input reading process.\n\nBased on the above plan, the predicted code coverage is:\n\n```\n> import java.util.*;\n> import java.io.*;\n> public class Main {\n>     static StringTokenizer st;\n>     static BufferedReader br;  \n>     static PrintWriter out;\n>     static int parent[]; \n>     public static void main(String[] args) throws IOException {\n>         br = new BufferedReader(new InputStreamReader(System.in));\n>         int N = nextInt();\n>         int M = nextInt();\n>         parent = new int [N+1];\n>         ArrayList<Integer> matrix [] = new ArrayList [N+1]; // Correction from M+1 to N+1\n>         for (int x=1; x<=N; x++) {\n>             matrix[x] = new ArrayList<Integer>();\n>         }\n>         for (int x=1; x<M; x++) {\n>             int one = nextInt();\n>             int two = nextInt();\n>             matrix[one].add(two);\n>             matrix[two].add(one);\n>         }\n>         bfs(matrix, 1);\n>         boolean flag = true;\n>         for (int x=1; x<=N; x++) {\n>             if(parent[x] == 0){\n>                 flag = false;\n>                 break;\n>             }\n>         }\n>         if(flag){\n>             System.out.println(\"Yes\");\n>             for (int x=2; x<=N; x++) {\n>                 System.out.println(parent[x]);\n>             }\n>         }\n>         else{\n>             System.out.println(\"No\");\n>         }\n>     }\n>     public static boolean bfs (ArrayList [] matrix,  int start) {\n>         Queue <Integer> queue = new LinkedList<Integer>();\n>         queue.add(start);\n>         while (!queue.isEmpty()) {\n>             int cur = queue.poll();\n>             for (int x=0; x<matrix[cur].size(); x++) {\n>                 int now = (int) matrix[cur].get(x);\n>                 if(parent[now]==0){\n>                     parent[now] = cur;\n>                     queue.add(now);\n>                 }\n>             }\n>         }\n>         return false;\n>     }\n>     public static int nextInt() throws IOException {\n>         return Integer.parseInt(next());\n>     }\n>     public static long nextLong() throws IOException {\n>         return Long.parseLong(next());\n>     }\n>     public static double nextDouble() throws IOException {\n>         return Double.parseDouble(next());\n>     }\n>     static String next() throws IOException {\n>         while (st == null || !st.hasMoreTokens())\n>             st = new StringTokenizer(br.readLine().trim());\n>         return st.nextToken();\n>     }\n> }\n```\n\n**Note:** The actual output (Yes/No and parents of each node) depends on whether all nodes are reachable from the start node and have a parent. Since the last edge (4, 5) isn't read due to the loop condition, the coverage implies all lines are covered, but there might be logic issues not reflected in the coverage (like potentially not all nodes having a parent).",
      "test_seed_coverage": [
        ">",
        ">",
        ">",
        ">",
        ">",
        ">",
        ">",
        ">",
        ">",
        ">",
        ">",
        ">",
        ">",
        ">",
        ">",
        ">",
        ">",
        ">",
        ">",
        ">",
        ">",
        ">",
        ">",
        ">",
        ">",
        ">",
        ">",
        ">",
        ">",
        ">",
        ">",
        ">",
        ">",
        ">",
        ">",
        ">",
        ">",
        ">",
        ">",
        ">",
        ">",
        ">",
        ">",
        ">",
        ">",
        ">",
        ">",
        ">",
        ">",
        ">",
        ">",
        ">",
        ">",
        ">",
        ">",
        ">",
        ">",
        ">",
        ">",
        ">",
        ">",
        ">",
        ">",
        ">",
        ">",
        ">",
        ">",
        ">",
        ">",
        ">"
      ],
      "cumulative_coverage": [
        ">",
        ">",
        ">",
        ">",
        ">",
        ">",
        ">",
        ">",
        ">",
        ">",
        ">",
        ">",
        ">",
        ">",
        ">",
        ">",
        ">",
        ">",
        ">",
        ">",
        ">",
        ">",
        ">",
        ">",
        ">",
        ">",
        ">",
        ">",
        ">",
        ">",
        ">",
        ">",
        ">",
        ">",
        ">",
        ">",
        ">",
        ">",
        ">",
        ">",
        ">",
        ">",
        ">",
        ">",
        ">",
        ">",
        ">",
        ">",
        ">",
        ">",
        ">",
        ">",
        ">",
        ">",
        ">",
        ">",
        ">",
        ">",
        ">",
        ">",
        ">",
        ">",
        ">",
        ">",
        ">",
        ">",
        ">",
        ">",
        ">",
        ">"
      ],
      "execution_error": "Exception in thread \"main\" java.lang.ArrayIndexOutOfBoundsException: Index 5 out of bounds for length 5\n\tat Main.main(Main.java:15)",
      "cerberus_output": "",
      "execution_result": "ArrayIndexOutOfBoundsException",
      "test_case_id": "5"
    },
    {
      "test_case": [
        "Test Case Input:\n3\n2\n1 2\n2 3"
      ],
      "test_mutations": [
        "Test Case Input:\n3\n2\n1 2\n2 3"
      ],
      "initial_code": "import java.util.*;\nimport java.io.*;\npublic class Main {\n    static StringTokenizer st;\n    static BufferedReader br;  \n    static PrintWriter out;\n    static int parent[]; \n    public static void main(String[] args) throws IOException {\n        br = new BufferedReader(new InputStreamReader(System.in));\n        int N = nextInt();\n        int M = nextInt();\n        parent = new int [N+1];\n        ArrayList<Integer> matrix [] = new ArrayList [M+1];\n        for (int x=1; x<=N; x++) {\n            matrix[x] = new ArrayList<Integer>();\n        }\n        for (int x=1; x<M; x++) {\n            int one = nextInt();\n            int two = nextInt();\n            matrix[one].add(two);\n            matrix[two].add(one);\n        }\n        bfs(matrix, 1);\n        boolean flag = true;\n        for (int x=1; x<=N; x++) {\n            if(parent[x] == 0){\n                flag = false;\n                break;\n            }\n        }\n        if(flag){\n            System.out.println(\"Yes\");\n            for (int x=2; x<=N; x++) {\n                System.out.println(parent[x]);\n            }\n        }\n        else{\n            System.out.println(\"No\");\n        }\n    }\n    public static boolean bfs (ArrayList [] matrix,  int start) {\n        Queue <Integer> queue = new LinkedList<Integer>();\n        queue.add(start);\n        while (!queue.isEmpty()) {\n            int cur = queue.poll();\n            for (int x=0; x<matrix[cur].size(); x++) {\n                int now = (int) matrix[cur].get(x);\n                if(parent[now]==0){\n                    parent[now] = cur;\n                    queue.add(now);\n                }\n            }\n        }\n        return false;\n    }\n    public static int nextInt() throws IOException {\n        return Integer.parseInt(next());\n    }\n    public static long nextLong() throws IOException {\n        return Long.parseLong(next());\n    }\n    public static double nextDouble() throws IOException {\n        return Double.parseDouble(next());\n    }\n    static String next() throws IOException {\n        while (st == null || !st.hasMoreTokens())\n            st = new StringTokenizer(br.readLine().trim());\n        return st.nextToken();\n    }\n}",
      "covered_code": "For the provided code snippet and test case input, the plan for step by step execution and prediction of code coverage is as follows:\n\n1. **Import Statements**: Always executed. Statement `import java.util.*;` and `import java.io.*;` will be covered.\n\n2. **Class Declaration**: Always executed. Statement `public class Main {` is covered.\n\n3. **Main Method Declaration**: Always executed. Statement `public static void main(String[] args) throws IOException {` is covered.\n\n4. **Variable Initialization**: The BufferedReader, PrintWriter, and StringTokenizer initialization statements, as well as the variable `N` and `M` initialization statements using `nextInt()`, are executed. Statements like `br = new BufferedReader(new InputStreamReader(System.in));` and `int N = nextInt(); int M = nextInt();` are covered.\n\n5. **Array and ArrayList Initialization**: The parent array and matrix of ArrayLists are initialized. Statements `parent = new int [N+1];` and `ArrayList<Integer> matrix [] = new ArrayList [M+1];` are covered.\n\n6. **ArrayList Allocation**: The loop that allocates ArrayList objects for each element in the matrix array is executed. Statement `for (int x=1; x<=N; x++) {` and inside block `matrix[x] = new ArrayList<Integer>();` are covered.\n\n7. **Populating the Matrix**: The loop that reads edges and populates the matrix is partially executed. Since the loop condition is `x<M` instead of `x<=M`, the last edge (`2 3`) will not be read or processed. Statements `for (int x=1; x<M; x++) {` and the inside block are partially covered.\n\n8. **BFS Call**: The `bfs` method is called to process the matrix. Statement `bfs(matrix, 1);` is covered. Inside the `bfs` method, all statements are executed because the BFS algorithm runs on the partially filled matrix.\n\n9. **Checking Connectivity and Output**: The loop to check if all nodes have a parent and the conditional block to print \"Yes\" or \"No\" along with parent nodes are executed. The statements `for (int x=1; x<=N; x++) {` and the corresponding if-else structure are covered.\n\n10. **Utility Methods Execution**: Methods `nextInt()`, `nextLong()`, `nextDouble()`, and `next()` are executed as part of the input reading process. All these method declarations and their internal logic are covered.\n\n11. **Closing Brackets and End of Program**: The closing brackets of methods and the class are syntactically covered.\n\nBased on this plan, the code coverage is as follows:\n\n> import java.util.*;\n> import java.io.*;\n> public class Main {\n>     static StringTokenizer st;\n>     static BufferedReader br;  \n>     static PrintWriter out;\n>     static int parent[]; \n>     public static void main(String[] args) throws IOException {\n>         br = new BufferedReader(new InputStreamReader(System.in));\n>         int N = nextInt();\n>         int M = nextInt();\n>         parent = new int [N+1];\n>         ArrayList<Integer> matrix [] = new ArrayList [M+1];\n>         for (int x=1; x<=N; x++) {\n>             matrix[x] = new ArrayList<Integer>();\n>         }\n>         for (int x=1; x<M; x++) {\n>             int one = nextInt();\n>             int two = nextInt();\n>             matrix[one].add(two);\n>             matrix[two].add(one);\n>         }\n>         bfs(matrix, 1);\n>         boolean flag = true;\n>         for (int x=1; x<=N; x++) {\n>             if(parent[x] == 0){\n>                 flag = false;\n>                 break;\n>             }\n>         }\n>         if(flag){\n>             System.out.println(\"Yes\");\n>             for (int x=2; x<=N; x++) {\n>                 System.out.println(parent[x]);\n>             }\n>         }\n>         else{\n>             System.out.println(\"No\");\n>         }\n>     }\n>     public static boolean bfs (ArrayList [] matrix,  int start) {\n>         Queue <Integer> queue = new LinkedList<Integer>();\n>         queue.add(start);\n>         while (!queue.isEmpty()) {\n>             int cur = queue.poll();\n>             for (int x=0; x<matrix[cur].size(); x++) {\n>                 int now = (int) matrix[cur].get(x);\n>                 if(parent[now]==0){\n>                     parent[now] = cur;\n>                     queue.add(now);\n>                 }\n>             }\n>         }\n>         return false;\n>     }\n>     public static int nextInt() throws IOException {\n>         return Integer.parseInt(next());\n>     }\n>     public static long nextLong() throws IOException {\n>         return Long.parseLong(next());\n>     }\n>     public static double nextDouble() throws IOException {\n>         return Double.parseDouble(next());\n>     }\n>     static String next() throws IOException {\n>         while (st == null || !st.hasMoreTokens())\n>             st = new StringTokenizer(br.readLine().trim());\n>         return st.nextToken();\n>     }\n> }\n\nThe coverage indicates all executable code paths have been covered, except for the edge case handling in the loop that reads and processes matrix edges, which is partially covered due to the loop condition.",
      "test_seed_coverage": [
        ">",
        ">",
        ">",
        ">",
        ">",
        ">",
        ">",
        ">",
        ">",
        ">",
        ">",
        ">",
        ">",
        ">",
        ">",
        ">",
        ">",
        ">",
        ">",
        ">",
        ">",
        ">",
        ">",
        ">",
        ">",
        ">",
        ">",
        ">",
        ">",
        ">",
        ">",
        ">",
        ">",
        ">",
        ">",
        ">",
        ">",
        ">",
        ">",
        ">",
        ">",
        ">",
        ">",
        ">",
        ">",
        ">",
        ">",
        ">",
        ">",
        ">",
        ">",
        ">",
        ">",
        ">",
        ">",
        ">",
        ">",
        ">",
        ">",
        ">",
        ">",
        ">",
        ">",
        ">",
        ">",
        ">",
        ">",
        ">",
        ">",
        ">"
      ],
      "cumulative_coverage": [
        ">",
        ">",
        ">",
        ">",
        ">",
        ">",
        ">",
        ">",
        ">",
        ">",
        ">",
        ">",
        ">",
        ">",
        ">",
        ">",
        ">",
        ">",
        ">",
        ">",
        ">",
        ">",
        ">",
        ">",
        ">",
        ">",
        ">",
        ">",
        ">",
        ">",
        ">",
        ">",
        ">",
        ">",
        ">",
        ">",
        ">",
        ">",
        ">",
        ">",
        ">",
        ">",
        ">",
        ">",
        ">",
        ">",
        ">",
        ">",
        ">",
        ">",
        ">",
        ">",
        ">",
        ">",
        ">",
        ">",
        ">",
        ">",
        ">",
        ">",
        ">",
        ">",
        ">",
        ">",
        ">",
        ">",
        ">",
        ">",
        ">",
        ">"
      ],
      "execution_error": "Exception in thread \"main\" java.lang.ArrayIndexOutOfBoundsException: Index 3 out of bounds for length 3\n\tat Main.main(Main.java:15)",
      "cerberus_output": "",
      "execution_result": "ArrayIndexOutOfBoundsException",
      "test_case_id": "6"
    },
    {
      "test_case": [
        "Test Case Input:\n3\n2\n1 2\n2 3"
      ],
      "test_mutations": [
        "Test Case Input:\n3\n2\n1 2\n2 3"
      ],
      "initial_code": "import java.util.*;\nimport java.io.*;\npublic class Main {\n    static StringTokenizer st;\n    static BufferedReader br;  \n    static PrintWriter out;\n    static int parent[]; \n    public static void main(String[] args) throws IOException {\n        br = new BufferedReader(new InputStreamReader(System.in));\n        int N = nextInt();\n        int M = nextInt();\n        parent = new int [N+1];\n        ArrayList<Integer> matrix [] = new ArrayList [M+1];\n        for (int x=1; x<=N; x++) {\n            matrix[x] = new ArrayList<Integer>();\n        }\n        for (int x=1; x<M; x++) {\n            int one = nextInt();\n            int two = nextInt();\n            matrix[one].add(two);\n            matrix[two].add(one);\n        }\n        bfs(matrix, 1);\n        boolean flag = true;\n        for (int x=1; x<=N; x++) {\n            if(parent[x] == 0){\n                flag = false;\n                break;\n            }\n        }\n        if(flag){\n            System.out.println(\"Yes\");\n            for (int x=2; x<=N; x++) {\n                System.out.println(parent[x]);\n            }\n        }\n        else{\n            System.out.println(\"No\");\n        }\n    }\n    public static boolean bfs (ArrayList [] matrix,  int start) {\n        Queue <Integer> queue = new LinkedList<Integer>();\n        queue.add(start);\n        while (!queue.isEmpty()) {\n            int cur = queue.poll();\n            for (int x=0; x<matrix[cur].size(); x++) {\n                int now = (int) matrix[cur].get(x);\n                if(parent[now]==0){\n                    parent[now] = cur;\n                    queue.add(now);\n                }\n            }\n        }\n        return false;\n    }\n    public static int nextInt() throws IOException {\n        return Integer.parseInt(next());\n    }\n    public static long nextLong() throws IOException {\n        return Long.parseLong(next());\n    }\n    public static double nextDouble() throws IOException {\n        return Double.parseDouble(next());\n    }\n    static String next() throws IOException {\n        while (st == null || !st.hasMoreTokens())\n            st = new StringTokenizer(br.readLine().trim());\n        return st.nextToken();\n    }\n}",
      "covered_code": "Given the test case input `\"3\\n2\\n1 2\\n2 3\"`, let's define the plan for step by step execution of the Java program and predict the code coverage:\n\n1. **Import Statements**: Always executed. Statements importing `java.util.*`, `java.io.*` will be covered.\n    ```\n    > import java.util.*;\n    > import java.io.*;\n    ```\n2. **Class Declaration**: Always executed.\n    ```\n    > public class Main {\n    ```\n3. **Static Variable Declarations**: Always executed.\n    ```\n    > static StringTokenizer st;\n    > static BufferedReader br;  \n    > static PrintWriter out;\n    > static int parent[];\n    ```\n4. **Main Method Declaration**: Always executed.\n    ```\n    > public static void main(String[] args) throws IOException {\n    ```\n5. **Initialization of BufferedReader and Reading Input**: Always executed.\n    ```\n    > br = new BufferedReader(new InputStreamReader(System.in));\n    > int N = nextInt();\n    > int M = nextInt();\n    > parent = new int [N+1];\n    ```\n6. **ArrayList Initialization**: Since `N` is 3, this loop will execute and initialize array lists.\n    ```\n    > ArrayList<Integer> matrix [] = new ArrayList [M+1];\n    > for (int x=1; x<=N; x++) {\n    >     matrix[x] = new ArrayList<Integer>();\n    > }\n    ```\n7. **Reading Edge Inputs and Populating the Graph**: Since `M` is 2, this loop will execute twice to read the edges `1 2` and `2 3`.\n    ```\n    > for (int x=1; x<M; x++) {\n    >     int one = nextInt();\n    >     int two = nextInt();\n    >     matrix[one].add(two);\n    >     matrix[two].add(one);\n    > }\n    ```\n8. **BFS Method Call**: Always executed.\n    ```\n    > bfs(matrix, 1);\n    ```\n9. **Checking if All Nodes are Connected**: Always executed. If `parent[x] == 0` for any `x`, it means not all nodes are connected. In this case, all nodes are connected.\n    ```\n    > boolean flag = true;\n    > for (int x=1; x<=N; x++) {\n    >     if(parent[x] == 0){\n    >         flag = false;\n    >         break;\n    >     }\n    > }\n    > if(flag){\n    ```\n10. **Printing the Result**: Since all nodes are connected, \"Yes\" and the parents for nodes 2 to N are printed.\n    ```\n    >     System.out.println(\"Yes\");\n    >     for (int x=2; x<=N; x++) {\n    >         System.out.println(parent[x]);\n    >     }\n    > }\n    ```\n11. **BFS Method Declaration and Execution**: Always executed. The BFS method will traverse the graph starting from node 1.\n    ```\n    > public static boolean bfs (ArrayList [] matrix,  int start) {\n    ```\n12. **Utility Methods (`nextInt`, `nextLong`, `nextDouble`, `next`)**: These methods are called to read inputs, hence executed.\n    ```\n    > public static int nextInt() throws IOException {\n    > public static long nextLong() throws IOException {\n    > public static double nextDouble() throws IOException {\n    > static String next() throws IOException {\n    ```\n\n**Coverage Prediction**:\n- Every line in the program is executed because the input is designed to traverse through all the major functionalities of the program, including reading inputs, initializing graph structures, performing BFS, and handling outputs based on the BFS result.\n- There are no conditions or loops that are left unexecuted based on the provided input. \n\n**Output**:\n- The program should output \"Yes\" followed by the parent of each node starting from node 2 to N, as all nodes are connected in the given graph.",
      "test_seed_coverage": [
        ">",
        ">",
        ">",
        ">",
        ">",
        ">",
        ">",
        ">",
        ">",
        ">",
        ">",
        ">",
        ">",
        ">",
        ">",
        ">",
        ">",
        ">",
        ">",
        ">",
        ">",
        ">",
        ">",
        ">",
        ">",
        ">",
        ">",
        ">",
        ">",
        ">",
        ">",
        ">",
        ">",
        ">",
        ">",
        ">",
        ">",
        ">",
        ">",
        ">",
        ">",
        ">",
        ">",
        ">",
        ">",
        ">",
        ">",
        ">",
        ">",
        ">",
        ">",
        ">",
        ">",
        ">",
        ">",
        ">",
        ">",
        ">",
        ">",
        ">",
        ">",
        ">",
        ">",
        ">",
        ">",
        ">",
        ">",
        ">",
        ">",
        ">"
      ],
      "cumulative_coverage": [
        ">",
        ">",
        ">",
        ">",
        ">",
        ">",
        ">",
        ">",
        ">",
        ">",
        ">",
        ">",
        ">",
        ">",
        ">",
        ">",
        ">",
        ">",
        ">",
        ">",
        ">",
        ">",
        ">",
        ">",
        ">",
        ">",
        ">",
        ">",
        ">",
        ">",
        ">",
        ">",
        ">",
        ">",
        ">",
        ">",
        ">",
        ">",
        ">",
        ">",
        ">",
        ">",
        ">",
        ">",
        ">",
        ">",
        ">",
        ">",
        ">",
        ">",
        ">",
        ">",
        ">",
        ">",
        ">",
        ">",
        ">",
        ">",
        ">",
        ">",
        ">",
        ">",
        ">",
        ">",
        ">",
        ">",
        ">",
        ">",
        ">",
        ">"
      ],
      "execution_error": "Exception in thread \"main\" java.lang.ArrayIndexOutOfBoundsException: Index 3 out of bounds for length 3\n\tat Main.main(Main.java:15)",
      "cerberus_output": "",
      "execution_result": "ArrayIndexOutOfBoundsException",
      "test_case_id": "7"
    },
    {
      "test_case": [
        "Test Case Input:\n5\n4\n1 2\n2 3\n3 4\n4 5"
      ],
      "test_mutations": [
        "Test Case Input:\n5\n4\n1 2\n2 3\n3 4\n4 5"
      ],
      "initial_code": "import java.util.*;\nimport java.io.*;\npublic class Main {\n    static StringTokenizer st;\n    static BufferedReader br;  \n    static PrintWriter out;\n    static int parent[]; \n    public static void main(String[] args) throws IOException {\n        br = new BufferedReader(new InputStreamReader(System.in));\n        int N = nextInt();\n        int M = nextInt();\n        parent = new int [N+1];\n        ArrayList<Integer> matrix [] = new ArrayList [M+1];\n        for (int x=1; x<=N; x++) {\n            matrix[x] = new ArrayList<Integer>();\n        }\n        for (int x=1; x<M; x++) {\n            int one = nextInt();\n            int two = nextInt();\n            matrix[one].add(two);\n            matrix[two].add(one);\n        }\n        bfs(matrix, 1);\n        boolean flag = true;\n        for (int x=1; x<=N; x++) {\n            if(parent[x] == 0){\n                flag = false;\n                break;\n            }\n        }\n        if(flag){\n            System.out.println(\"Yes\");\n            for (int x=2; x<=N; x++) {\n                System.out.println(parent[x]);\n            }\n        }\n        else{\n            System.out.println(\"No\");\n        }\n    }\n    public static boolean bfs (ArrayList [] matrix,  int start) {\n        Queue <Integer> queue = new LinkedList<Integer>();\n        queue.add(start);\n        while (!queue.isEmpty()) {\n            int cur = queue.poll();\n            for (int x=0; x<matrix[cur].size(); x++) {\n                int now = (int) matrix[cur].get(x);\n                if(parent[now]==0){\n                    parent[now] = cur;\n                    queue.add(now);\n                }\n            }\n        }\n        return false;\n    }\n    public static int nextInt() throws IOException {\n        return Integer.parseInt(next());\n    }\n    public static long nextLong() throws IOException {\n        return Long.parseLong(next());\n    }\n    public static double nextDouble() throws IOException {\n        return Double.parseDouble(next());\n    }\n    static String next() throws IOException {\n        while (st == null || !st.hasMoreTokens())\n            st = new StringTokenizer(br.readLine().trim());\n        return st.nextToken();\n    }\n}",
      "covered_code": "For the provided Java program and test case, let's develop a plan for step by step execution and predict the code coverage:\n\n**Test Case Input:**\n```\n5\n4\n1 2\n2 3\n3 4\n4 5\n```\n\n**PLAN:**\n\n1. **Import Statements:** Always executed. Statements `import java.util.*;` and `import java.io.*;` will be covered.\n   \n2. **Class Declaration:** Always executed. Statement `public class Main {` is covered.\n\n3. **Static Variable Declarations:** Always executed. Statements for variable declarations will be covered.\n\n4. **Main Method Declaration:** Always executed. Statement `public static void main(String[] args) throws IOException {` is covered.\n\n5. **Variable Initialization:** Always executed. Statements initializing `br`, `N`, `M`, and `parent` will be covered.\n\n6. **Array of ArrayList Initialization:** Since N is read correctly, the initialization loop for `matrix` will be executed, covering its loop statement and body.\n\n7. **Reading Edges and Populating the Matrix:** The loop reading edges from the input will be fully executed as M-1 is the number of iterations. All statements within this loop are covered.\n\n8. **Calling the bfs Function:** The call to the `bfs` function with `matrix` and starting node `1` will be executed.\n\n9. **BFS Function Execution:** All statements within the `bfs` function will be executed as it processes the graph.\n\n10. **Checking and Printing Output:** The final loop and conditional statements that check if all nodes have a parent (other than the root which is implicitly parented) and printing the results will be executed.\n\n11. **Utility Methods (nextInt, nextLong, nextDouble, next):** All utility methods (`nextInt`, `nextLong`, `nextDouble`, `next`) will be executed due to their use in reading inputs.\n\n**Predicted Code Coverage:**\n\n> import java.util.*;\n> import java.io.*;\n> public class Main {\n>     static StringTokenizer st;\n>     static BufferedReader br;  \n>     static PrintWriter out;\n>     static int parent[]; \n>     public static void main(String[] args) throws IOException {\n>         br = new BufferedReader(new InputStreamReader(System.in));\n>         int N = nextInt();\n>         int M = nextInt();\n>         parent = new int [N+1];\n>         ArrayList<Integer> matrix [] = new ArrayList [M+1];\n>         for (int x=1; x<=N; x++) {\n>             matrix[x] = new ArrayList<Integer>();\n>         }\n>         for (int x=1; x<M; x++) {\n>             int one = nextInt();\n>             int two = nextInt();\n>             matrix[one].add(two);\n>             matrix[two].add(one);\n>         }\n>         bfs(matrix, 1);\n>         boolean flag = true;\n>         for (int x=1; x<=N; x++) {\n>             if(parent[x] == 0){\n>                 flag = false;\n>                 break;\n>             }\n>         }\n>         if(flag){\n>             System.out.println(\"Yes\");\n>             for (int x=2; x<=N; x++) {\n>                 System.out.println(parent[x]);\n>             }\n>         }\n>         else{\n>             System.out.println(\"No\");\n>         }\n>     }\n>     public static boolean bfs (ArrayList [] matrix,  int start) {\n>         Queue <Integer> queue = new LinkedList<Integer>();\n>         queue.add(start);\n>         while (!queue.isEmpty()) {\n>             int cur = queue.poll();\n>             for (int x=0; x<matrix[cur].size(); x++) {\n>                 int now = (int) matrix[cur].get(x);\n>                 if(parent[now]==0){\n>                     parent[now] = cur;\n>                     queue.add(now);\n>                 }\n>             }\n>         }\n>         return false;\n>     }\n>     public static int nextInt() throws IOException {\n>         return Integer.parseInt(next());\n>     }\n>     public static long nextLong() throws IOException {\n>         return Long.parseLong(next());\n>     }\n>     public static double nextDouble() throws IOException {\n>         return Double.parseDouble(next());\n>     }\n>     static String next() throws IOException {\n>         while (st == null || !st.hasMoreTokens())\n>             st = new StringTokenizer(br.readLine().trim());\n>         return st.nextToken();\n>     }\n> }\n\nAll statements are covered as per the execution plan and given test case input, ensuring full code coverage for the provided scenario.",
      "test_seed_coverage": [
        ">",
        ">",
        ">",
        ">",
        ">",
        ">",
        ">",
        ">",
        ">",
        ">",
        ">",
        ">",
        ">",
        ">",
        ">",
        ">",
        ">",
        ">",
        ">",
        ">",
        ">",
        ">",
        ">",
        ">",
        ">",
        ">",
        ">",
        ">",
        ">",
        ">",
        ">",
        ">",
        ">",
        ">",
        ">",
        ">",
        ">",
        ">",
        ">",
        ">",
        ">",
        ">",
        ">",
        ">",
        ">",
        ">",
        ">",
        ">",
        ">",
        ">",
        ">",
        ">",
        ">",
        ">",
        ">",
        ">",
        ">",
        ">",
        ">",
        ">",
        ">",
        ">",
        ">",
        ">",
        ">",
        ">",
        ">",
        ">",
        ">",
        ">"
      ],
      "cumulative_coverage": [
        ">",
        ">",
        ">",
        ">",
        ">",
        ">",
        ">",
        ">",
        ">",
        ">",
        ">",
        ">",
        ">",
        ">",
        ">",
        ">",
        ">",
        ">",
        ">",
        ">",
        ">",
        ">",
        ">",
        ">",
        ">",
        ">",
        ">",
        ">",
        ">",
        ">",
        ">",
        ">",
        ">",
        ">",
        ">",
        ">",
        ">",
        ">",
        ">",
        ">",
        ">",
        ">",
        ">",
        ">",
        ">",
        ">",
        ">",
        ">",
        ">",
        ">",
        ">",
        ">",
        ">",
        ">",
        ">",
        ">",
        ">",
        ">",
        ">",
        ">",
        ">",
        ">",
        ">",
        ">",
        ">",
        ">",
        ">",
        ">",
        ">",
        ">"
      ],
      "execution_error": "Exception in thread \"main\" java.lang.ArrayIndexOutOfBoundsException: Index 5 out of bounds for length 5\n\tat Main.main(Main.java:15)",
      "cerberus_output": "",
      "execution_result": "ArrayIndexOutOfBoundsException",
      "test_case_id": "8"
    }
  ]
}