{
  "submission_id": "s516615317",
  "cycles": [
    {
      "test_case": [
        "Test Case Input:\n1\n1"
      ],
      "test_mutations": [
        "Test Case Input:\n1\n1"
      ],
      "initial_code": "import java.io.BufferedReader;\nimport java.io.IOException;\nimport java.io.InputStreamReader;\nimport java.util.StringTokenizer;\npublic class Main {\n\tpublic static void main(String[] args) throws IOException {\n\t\tMain mainObj = new Main();\n\t\tmainObj.solve();\n\t}\n\tpublic void solve() throws IOException {\n\t\tFastScanner fs = new FastScanner();\n\t\tString s = fs.next();\n\t\tint k = fs.nextInt();\n\t\tfor(int i = 0; i < k; i++) {\n\t\t\tint charAt = s.charAt(i) - '0';\n\t\t\tif(charAt == 1) {\n\t\t\t\tif(i == k-1) {\n\t\t\t\t\tSystem.out.println(charAt);\n\t\t\t\t\treturn;\n\t\t\t\t}\n\t\t\t}else {\n\t\t\t\tSystem.out.println(charAt);\n\t\t\t\treturn;\n\t\t\t}\n\t\t}\n\t}\n\tpublic class FastScanner {\n\t\tBufferedReader reader;\n\t\tprivate StringTokenizer st;\n\t\tpublic FastScanner() {\n\t\t\tst = null;\n\t\t\treader = new BufferedReader(new InputStreamReader(System.in));\n\t\t}\n\t\tpublic String next() throws IOException {\n\t\t\tif (st == null || !st.hasMoreElements()) {\n\t\t\t\tst = new StringTokenizer(reader.readLine());\n\t\t\t}\n\t\t\treturn st.nextToken();\n\t\t}\n\t\tpublic String nextLine() throws IOException {\n\t\t\tst = null;\n\t\t\tString readLine = null;\n\t\t\treadLine = reader.readLine();\n\t\t\treturn readLine;\n\t\t}\n\t\tpublic int nextInt() throws NumberFormatException, IOException {\n\t\t\treturn Integer.parseInt(next());\n\t\t}\n\t\tpublic long nextLong() throws NumberFormatException, IOException {\n\t\t\treturn Long.parseLong(next());\n\t\t}\n\t\tpublic int[] nextIntArr(int n) throws NumberFormatException, IOException {\n\t\t\tint[] retArr = new int[n];\n\t\t\tfor (int i = 0; i < n; i++) {\n\t\t\t\tretArr[i] = nextInt();\n\t\t\t}\n\t\t\treturn retArr;\n\t\t}\n\t\tpublic long[] nextLongArr(int n) throws NumberFormatException, IOException {\n\t\t\tlong[] retArr = new long[n];\n\t\t\tfor (int i = 0; i < n; i++) {\n\t\t\t\tretArr[i] = nextLong();\n\t\t\t}\n\t\t\treturn retArr;\n\t\t}\n\t\tpublic void close() throws IOException {\n\t\t\treader.close();\n\t\t}\n\t}\n}",
      "covered_code": "To predict the code coverage for the provided Java program given the test case input \"1\\n1\", we will follow a plan similar to the one outlined earlier. Here is the step-by-step plan and the resulting code coverage estimation:\n\n**Plan for Execution and Code Coverage Estimation:**\n\n1. **Import Statements:** These are always executed. Hence, the statement \"import java.io.BufferedReader;\" and similar import statements are covered.\n   \n2. **Class Declaration:** The declaration of the `Main` class is always executed. \n\n3. **Main Method Declaration and Execution:** The `main` method is the entry point of the program and is hence always executed.\n\n4. **Creation of `Main` object and call to `solve` method:** The creation of the `Main` object and the subsequent call to the `solve` method will be executed.\n\n5. **Instantiation of `FastScanner` and Reading Inputs:** The instantiation of the `FastScanner` class and the reading of inputs via `fs.next()` and `fs.nextInt()` will be executed.\n\n6. **For Loop Execution:** Given that `k = 1` from the test input, the for loop will execute once.\n\n7. **Conditionals inside For Loop:** Since `s = \"1\"` and `k = 1`, the condition `charAt == 1` will be true, and since `i == k-1` is also true, `System.out.println(charAt);` within the if-condition will be executed, and then the method will return.\n\n8. **`FastScanner` class methods:** Since inputs are provided, methods like `next()`, `nextInt()`, and the constructor of `FastScanner` will be executed. Methods not directly involved in processing the provided input, like `nextLine()`, `nextLong()`, `nextIntArr()`, and `nextLongArr()`, may not be executed based on the given test case.\n\n9. **Closing Resources:** The provided code snippet does not explicitly call `fs.close()`, so the `close()` method in `FastScanner` class may not be covered.\n\nGiven this plan, here is the code coverage estimation:\n\n```java\n> import java.io.BufferedReader;\n> import java.io.IOException;\n> import java.io.InputStreamReader;\n> import java.util.StringTokenizer;\n> public class Main {\n>     public static void main(String[] args) throws IOException {\n>         Main mainObj = new Main();\n>         mainObj.solve();\n>     }\n>     public void solve() throws IOException {\n>         FastScanner fs = new FastScanner();\n>         String s = fs.next();\n>         int k = fs.nextInt();\n>         for(int i = 0; i < k; i++) {\n>             int charAt = s.charAt(i) - '0';\n>             if(charAt == 1) {\n>                 if(i == k-1) {\n>                     System.out.println(charAt);\n>                     return;\n>                 }\n>             }else {\n>                 System.out.println(charAt);\n>                 return;\n>             }\n>         }\n>     }\n>     public class FastScanner {\n>         BufferedReader reader;\n>         private StringTokenizer st;\n>         public FastScanner() {\n>             st = null;\n>             reader = new BufferedReader(new InputStreamReader(System.in));\n>         }\n>         public String next() throws IOException {\n>             if (st == null || !st.hasMoreElements()) {\n>                 st = new StringTokenizer(reader.readLine());\n>             }\n>             return st.nextToken();\n>         }\n!         public String nextLine() throws IOException {\n!             st = null;\n!             String readLine = null;\n!             readLine = reader.readLine();\n!             return readLine;\n>         }\n>         public int nextInt() throws NumberFormatException, IOException {\n>             return Integer.parseInt(next());\n>         }\n!         public long nextLong() throws NumberFormatException, IOException {\n!             return Long.parseLong(next());\n!         }\n!         public int[] nextIntArr(int n) throws NumberFormatException, IOException {\n!             int[] retArr = new int[n];\n!             for (int i = 0; i < n; i++) {\n!                 retArr[i] = nextInt();\n!             }\n!             return retArr;\n!         }\n!         public long[] nextLongArr(int n) throws NumberFormatException, IOException {\n!             long[] retArr = new long[n];\n!             for (int i = 0; i < n; i++) {\n!                 retArr[i] = nextLong();\n!             }\n!             return retArr;\n!         }\n!         public void close() throws IOException {\n!             reader.close();\n>         }\n>     }\n> }\n```\n\n**Explanation:**\n- `nextLine()`, `nextLong()`, `nextIntArr()`, `nextLongArr()`, and `close()` methods in `FastScanner` class are marked as not executed (`!`) because they are not called or used in handling the provided test case.\n- The rest of the code involved in executing the test case is marked as executed (`>`).",
      "test_seed_coverage": [
        ">",
        ">",
        ">",
        ">",
        ">",
        ">",
        ">",
        ">",
        ">",
        ">",
        ">",
        ">",
        ">",
        ">",
        ">",
        ">",
        ">",
        ">",
        ">",
        ">",
        ">",
        ">",
        ">",
        ">",
        ">",
        ">",
        ">",
        ">",
        ">",
        ">",
        ">",
        ">",
        ">",
        ">",
        ">",
        ">",
        ">",
        ">",
        ">",
        "!",
        "!",
        "!",
        "!",
        "!",
        ">",
        ">",
        ">",
        ">",
        "!",
        "!",
        "!",
        "!",
        "!",
        "!",
        "!",
        "!",
        "!",
        "!",
        "!",
        "!",
        "!",
        "!",
        "!",
        "!",
        "!",
        "!",
        "!",
        ">",
        ">",
        ">"
      ],
      "cumulative_coverage": [
        ">",
        ">",
        ">",
        ">",
        ">",
        ">",
        ">",
        ">",
        ">",
        ">",
        ">",
        ">",
        ">",
        ">",
        ">",
        ">",
        ">",
        ">",
        ">",
        ">",
        ">",
        ">",
        ">",
        ">",
        ">",
        ">",
        ">",
        ">",
        ">",
        ">",
        ">",
        ">",
        ">",
        ">",
        ">",
        ">",
        ">",
        ">",
        ">",
        "!",
        "!",
        "!",
        "!",
        "!",
        ">",
        ">",
        ">",
        ">",
        "!",
        "!",
        "!",
        "!",
        "!",
        "!",
        "!",
        "!",
        "!",
        "!",
        "!",
        "!",
        "!",
        "!",
        "!",
        "!",
        "!",
        "!",
        "!",
        ">",
        ">",
        ">"
      ],
      "execution_output": "1",
      "cerberus_output": "NumberFormatException",
      "execution_result": "",
      "test_case_id": "1"
    },
    {
      "test_case": [
        "Test Case Input:\nABC\n3"
      ],
      "test_mutations": [
        "Test Case Input:\nABC\n3"
      ],
      "initial_code": "import java.io.BufferedReader;\nimport java.io.IOException;\nimport java.io.InputStreamReader;\nimport java.util.StringTokenizer;\npublic class Main {\n\tpublic static void main(String[] args) throws IOException {\n\t\tMain mainObj = new Main();\n\t\tmainObj.solve();\n\t}\n\tpublic void solve() throws IOException {\n\t\tFastScanner fs = new FastScanner();\n\t\tString s = fs.next();\n\t\tint k = fs.nextInt();\n\t\tfor(int i = 0; i < k; i++) {\n\t\t\tint charAt = s.charAt(i) - '0';\n\t\t\tif(charAt == 1) {\n\t\t\t\tif(i == k-1) {\n\t\t\t\t\tSystem.out.println(charAt);\n\t\t\t\t\treturn;\n\t\t\t\t}\n\t\t\t}else {\n\t\t\t\tSystem.out.println(charAt);\n\t\t\t\treturn;\n\t\t\t}\n\t\t}\n\t}\n\tpublic class FastScanner {\n\t\tBufferedReader reader;\n\t\tprivate StringTokenizer st;\n\t\tpublic FastScanner() {\n\t\t\tst = null;\n\t\t\treader = new BufferedReader(new InputStreamReader(System.in));\n\t\t}\n\t\tpublic String next() throws IOException {\n\t\t\tif (st == null || !st.hasMoreElements()) {\n\t\t\t\tst = new StringTokenizer(reader.readLine());\n\t\t\t}\n\t\t\treturn st.nextToken();\n\t\t}\n\t\tpublic String nextLine() throws IOException {\n\t\t\tst = null;\n\t\t\tString readLine = null;\n\t\t\treadLine = reader.readLine();\n\t\t\treturn readLine;\n\t\t}\n\t\tpublic int nextInt() throws NumberFormatException, IOException {\n\t\t\treturn Integer.parseInt(next());\n\t\t}\n\t\tpublic long nextLong() throws NumberFormatException, IOException {\n\t\t\treturn Long.parseLong(next());\n\t\t}\n\t\tpublic int[] nextIntArr(int n) throws NumberFormatException, IOException {\n\t\t\tint[] retArr = new int[n];\n\t\t\tfor (int i = 0; i < n; i++) {\n\t\t\t\tretArr[i] = nextInt();\n\t\t\t}\n\t\t\treturn retArr;\n\t\t}\n\t\tpublic long[] nextLongArr(int n) throws NumberFormatException, IOException {\n\t\t\tlong[] retArr = new long[n];\n\t\t\tfor (int i = 0; i < n; i++) {\n\t\t\t\tretArr[i] = nextLong();\n\t\t\t}\n\t\t\treturn retArr;\n\t\t}\n\t\tpublic void close() throws IOException {\n\t\t\treader.close();\n\t\t}\n\t}\n}",
      "covered_code": "Given the test case input where `s = \"ABC\"` and `k = 3`, let's develop a plan of step by step execution of the Java program and predict the code coverage.\n\n1. Import statements: Always executed. Statement `import java.io.BufferedReader;`, `import java.io.IOException;`, `import java.io.InputStreamReader;`, and `import java.util.StringTokenizer;` will be covered.\n\n2. Main Class Declaration: Always executed. Statement `public class Main {` is covered.\n\n3. Main method declaration: Always executed. Statement `public static void main(String[] args) throws IOException {` is covered.\n\n4. Creation of Main object and `solve` method call: Always executed. Statements `Main mainObj = new Main();` and `mainObj.solve();` are covered.\n\n5. `solve` method declaration: Always executed when called. Statement `public void solve() throws IOException {` is covered.\n\n6. FastScanner object creation: Always executed within `solve` method. Statement `FastScanner fs = new FastScanner();` is covered.\n\n7. Reading input `s` and `k`: Always executed. Statements `String s = fs.next();` and `int k = fs.nextInt();` are covered.\n\n8. For loop Execution: With `k = 3`, the loop will execute 3 times since `i < k`. Statement `for(int i = 0; i < k; i++) {` is covered.\n\n9. Inside the loop, character extraction and conversion to integer: Executed for each loop iteration. Statement `int charAt = s.charAt(i) - '0';` is covered.\n\n10. If-Else condition inside the loop: The condition `charAt == 1` will be checked. Given `s = \"ABC\"`, the character 'A' converted to int gives 65 - 48 = 17 (ASCII value of 'A' is 65, and '0' is 48), so the condition will be false, and the else branch will be executed in the first iteration. Statements `if(charAt == 1) {` and `else {` are covered. The if block (`if(i == k-1) {`) is not reached.\n\n11. Printing the output and returning from the method: Since 'A' converted is not 1, `System.out.println(charAt);` in the else branch will be executed, and the method will return in the first iteration of the loop. The statement `System.out.println(charAt);` is covered, and `return;` is executed.\n\n12. FastScanner class and its methods: Declared and potentially used but not all methods are covered in the given test case. For example, `nextLong()`, `nextIntArr()`, `nextLongArr()`, and `close()` are not explicitly called based on the provided test case and plan.\n\n13. Closing Brackets: Always covered.\n\nBased on the provided test case (`s = \"ABC\"`, `k = 3`) and the step-by-step execution plan, the final code coverage is:\n\n> import java.io.BufferedReader;\n> import java.io.IOException;\n> import java.io.InputStreamReader;\n> import java.util.StringTokenizer;\n> public class Main {\n>     public static void main(String[] args) throws IOException {\n>         Main mainObj = new Main();\n>         mainObj.solve();\n>     }\n>     public void solve() throws IOException {\n>         FastScanner fs = new FastScanner();\n>         String s = fs.next();\n>         int k = fs.nextInt();\n>         for(int i = 0; i < k; i++) {\n>             int charAt = s.charAt(i) - '0';\n>             if(charAt == 1) {\n!                 if(i == k-1) {\n!                     System.out.println(charAt);\n!                     return;\n!                 }\n>             }else {\n>                 System.out.println(charAt);\n>                 return;\n>             }\n>         }\n>     }\n>     public class FastScanner {\n>         BufferedReader reader;\n>         private StringTokenizer st;\n>         public FastScanner() {\n>             st = null;\n>             reader = new BufferedReader(new InputStreamReader(System.in));\n>         }\n>         public String next() throws IOException {\n>             if (st == null || !st.hasMoreElements()) {\n>                 st = new StringTokenizer(reader.readLine());\n>             }\n>             return st.nextToken();\n>         }\n>         public String nextLine() throws IOException {\n>             st = null;\n>             String readLine = null;\n!             readLine = reader.readLine();\n!             return readLine;\n>         }\n>         public int nextInt() throws NumberFormatException, IOException {\n>             return Integer.parseInt(next());\n>         }\n>         public long nextLong() throws NumberFormatException, IOException {\n!             return Long.parseLong(next());\n>         }\n>         public int[] nextIntArr(int n) throws NumberFormatException, IOException {\n!             int[] retArr = new int[n];\n!             for (int i = 0; i < n; i++) {\n!                 retArr[i] = nextInt();\n!             }\n!             return retArr;\n>         }\n>         public long[] nextLongArr(int n) throws NumberFormatException, IOException {\n!             long[] retArr = new long[n];\n!             for (int i = 0; i < n; i++) {\n!                 retArr[i] = nextLong();\n!             }\n!             return retArr;\n>         }\n>         public void close() throws IOException {\n!             reader.close();\n>         }\n>     }\n> }\n\nGiven the specific test case, several methods within `FastScanner` and conditions within `solve` are not executed, as indicated.",
      "test_seed_coverage": [
        ">",
        ">",
        ">",
        ">",
        ">",
        ">",
        ">",
        ">",
        ">",
        ">",
        ">",
        ">",
        ">",
        ">",
        ">",
        ">",
        ">",
        ">",
        ">",
        ">",
        ">",
        ">",
        ">",
        ">",
        ">",
        ">",
        ">",
        ">",
        ">",
        ">",
        ">",
        ">",
        ">",
        ">",
        ">",
        ">",
        ">",
        ">",
        ">",
        ">",
        ">",
        ">",
        "!",
        "!",
        ">",
        ">",
        ">",
        ">",
        ">",
        "!",
        ">",
        ">",
        "!",
        "!",
        "!",
        "!",
        "!",
        ">",
        ">",
        "!",
        "!",
        "!",
        "!",
        "!",
        ">",
        ">",
        "!",
        ">",
        ">",
        ">"
      ],
      "cumulative_coverage": [
        ">",
        ">",
        ">",
        ">",
        ">",
        ">",
        ">",
        ">",
        ">",
        ">",
        ">",
        ">",
        ">",
        ">",
        ">",
        ">",
        ">",
        ">",
        ">",
        ">",
        ">",
        ">",
        ">",
        ">",
        ">",
        ">",
        ">",
        ">",
        ">",
        ">",
        ">",
        ">",
        ">",
        ">",
        ">",
        ">",
        ">",
        ">",
        ">",
        ">",
        ">",
        ">",
        "!",
        "!",
        ">",
        ">",
        ">",
        ">",
        ">",
        "!",
        ">",
        ">",
        "!",
        "!",
        "!",
        "!",
        "!",
        ">",
        ">",
        "!",
        "!",
        "!",
        "!",
        "!",
        ">",
        ">",
        "!",
        ">",
        ">",
        ">"
      ],
      "execution_output": "17",
      "cerberus_output": "NumberFormatException",
      "execution_result": "",
      "test_case_id": "2"
    },
    {
      "test_case": [
        "Test Case Input:\n\"123\", 2"
      ],
      "test_mutations": [
        "Test Case Input:\n\"123\", 2"
      ],
      "initial_code": "import java.io.BufferedReader;\nimport java.io.IOException;\nimport java.io.InputStreamReader;\nimport java.util.StringTokenizer;\npublic class Main {\n\tpublic static void main(String[] args) throws IOException {\n\t\tMain mainObj = new Main();\n\t\tmainObj.solve();\n\t}\n\tpublic void solve() throws IOException {\n\t\tFastScanner fs = new FastScanner();\n\t\tString s = fs.next();\n\t\tint k = fs.nextInt();\n\t\tfor(int i = 0; i < k; i++) {\n\t\t\tint charAt = s.charAt(i) - '0';\n\t\t\tif(charAt == 1) {\n\t\t\t\tif(i == k-1) {\n\t\t\t\t\tSystem.out.println(charAt);\n\t\t\t\t\treturn;\n\t\t\t\t}\n\t\t\t}else {\n\t\t\t\tSystem.out.println(charAt);\n\t\t\t\treturn;\n\t\t\t}\n\t\t}\n\t}\n\tpublic class FastScanner {\n\t\tBufferedReader reader;\n\t\tprivate StringTokenizer st;\n\t\tpublic FastScanner() {\n\t\t\tst = null;\n\t\t\treader = new BufferedReader(new InputStreamReader(System.in));\n\t\t}\n\t\tpublic String next() throws IOException {\n\t\t\tif (st == null || !st.hasMoreElements()) {\n\t\t\t\tst = new StringTokenizer(reader.readLine());\n\t\t\t}\n\t\t\treturn st.nextToken();\n\t\t}\n\t\tpublic String nextLine() throws IOException {\n\t\t\tst = null;\n\t\t\tString readLine = null;\n\t\t\treadLine = reader.readLine();\n\t\t\treturn readLine;\n\t\t}\n\t\tpublic int nextInt() throws NumberFormatException, IOException {\n\t\t\treturn Integer.parseInt(next());\n\t\t}\n\t\tpublic long nextLong() throws NumberFormatException, IOException {\n\t\t\treturn Long.parseLong(next());\n\t\t}\n\t\tpublic int[] nextIntArr(int n) throws NumberFormatException, IOException {\n\t\t\tint[] retArr = new int[n];\n\t\t\tfor (int i = 0; i < n; i++) {\n\t\t\t\tretArr[i] = nextInt();\n\t\t\t}\n\t\t\treturn retArr;\n\t\t}\n\t\tpublic long[] nextLongArr(int n) throws NumberFormatException, IOException {\n\t\t\tlong[] retArr = new long[n];\n\t\t\tfor (int i = 0; i < n; i++) {\n\t\t\t\tretArr[i] = nextLong();\n\t\t\t}\n\t\t\treturn retArr;\n\t\t}\n\t\tpublic void close() throws IOException {\n\t\t\treader.close();\n\t\t}\n\t}\n}",
      "covered_code": "Plan for step by step execution of the given Java program with test case input \"123\", 2:\n\n1. **Import Statements**: The import statements are always executed to import necessary classes. Statements importing BufferedReader, IOException, InputStreamReader, and StringTokenizer are covered.\n   \n2. **Class Declaration**: The Main class declaration is always executed.\n\n3. **Main Method Declaration**: The `main` method declaration is always executed.\n\n4. **Object Creation and Method Call**: The creation of `Main` object and call to the `solve` method is always executed.\n\n5. **Solve Method Execution**: The solve method is executed, involving the creation of a `FastScanner` object and reading input strings and integers.\n\n6. **FastScanner Class Instantiation**: Instantiation of `FastScanner` class and its methods are executed as they are called within `solve`.\n\n7. **Loop Execution in Solve Method**: The for loop in the `solve` method is executed based on the value of `k`. Since `k` is 2, the loop will iterate twice assuming no `return` statement is executed prematurely.\n\n8. **Conditionals within Loop**: The conditional checks within the loop are executed based on the character values derived from the string `s` and the loop variable `i`.\n\n9. **Print Statements and Returns**: Depending on the character values and conditions, certain print statements and return statements are executed. \n\n10. **FastScanner Methods**: Methods within the `FastScanner` class such as `next`, `nextInt`, etc., are executed as they are called to read input.\n\n11. **Closing Resources**: If there are any calls to close resources like `reader.close()` in `FastScanner`, these would be executed if reached.\n\nGiven the test case input \"123\", 2:\n\n- Import statements are always executed.\n- The Main class and its methods (`main`, `solve`) are executed.\n- The `FastScanner` is used to read input \"123\", 2.\n- The for loop in `solve()` will iterate twice because `k=2`.\n- On the first iteration, `charAt` will be 1 (from \"1\" in \"123\"), but since `i` is not `k-1`, it continues without printing.\n- On the second iteration, `charAt` will be 2 (from \"2\" in \"123\"), which is not 1, thus it will print `charAt` (2) and return.\n\nPredicted Code Coverage:\n\n> import java.io.BufferedReader;\n> import java.io.IOException;\n> import java.io.InputStreamReader;\n> import java.util.StringTokenizer;\n> public class Main {\n> \tpublic static void main(String[] args) throws IOException {\n> \t\tMain mainObj = new Main();\n> \t\tmainObj.solve();\n> \t}\n> \tpublic void solve() throws IOException {\n> \t\tFastScanner fs = new FastScanner();\n> \t\tString s = fs.next();\n> \t\tint k = fs.nextInt();\n> \t\tfor(int i = 0; i < k; i++) {\n> \t\t\tint charAt = s.charAt(i) - '0';\n> \t\t\tif(charAt == 1) {\n! \t\t\t\tif(i == k-1) {\n! \t\t\t\t\tSystem.out.println(charAt);\n! \t\t\t\t\treturn;\n> \t\t\t\t}\n> \t\t\t}else {\n> \t\t\t\tSystem.out.println(charAt);\n> \t\t\t\treturn;\n> \t\t\t}\n> \t\t}\n> \t}\n> \tpublic class FastScanner {\n> \t\tBufferedReader reader;\n> \t\tprivate StringTokenizer st;\n> \t\tpublic FastScanner() {\n> \t\t\tst = null;\n> \t\t\treader = new BufferedReader(new InputStreamReader(System.in));\n> \t\t}\n> \t\tpublic String next() throws IOException {\n> \t\t\tif (st == null || !st.hasMoreElements()) {\n> \t\t\t\tst = new StringTokenizer(reader.readLine());\n> \t\t\t}\n> \t\t\treturn st.nextToken();\n> \t\t}\n> \t\tpublic String nextLine() throws IOException {\n> \t\t\tst = null;\n> \t\t\tString readLine = null;\n> \t\t\treadLine = reader.readLine();\n> \t\t\treturn readLine;\n> \t\t}\n> \t\tpublic int nextInt() throws NumberFormatException, IOException {\n> \t\t\treturn Integer.parseInt(next());\n> \t\t}\n> \t\tpublic long nextLong() throws NumberFormatException, IOException {\n> \t\t\treturn Long.parseLong(next());\n> \t\t}\n> \t\tpublic int[] nextIntArr(int n) throws NumberFormatException, IOException {\n> \t\t\tint[] retArr = new int[n];\n> \t\t\tfor (int i = 0; i < n; i++) {\n> \t\t\t\tretArr[i] = nextInt();\n> \t\t\t}\n> \t\t\treturn retArr;\n> \t\t}\n> \t\tpublic long[] nextLongArr(int n) throws NumberFormatException, IOException {\n> \t\t\tlong[] retArr = new long[n];\n> \t\t\tfor (int i = 0; i < n; i++) {\n> \t\t\t\tretArr[i] = nextLong();\n> \t\t\t}\n> \t\t\treturn retArr;\n> \t\t}\n! \t\tpublic void close() throws IOException {\n! \t\t\treader.close();\n> \t\t}\n> \t}\n> }",
      "test_seed_coverage": [
        ">",
        ">",
        ">",
        ">",
        ">",
        ">",
        ">",
        ">",
        ">",
        ">",
        ">",
        ">",
        ">",
        ">",
        ">",
        ">",
        ">",
        ">",
        ">",
        ">",
        ">",
        ">",
        ">",
        ">",
        ">",
        ">",
        ">",
        ">",
        ">",
        ">",
        ">",
        ">",
        ">",
        ">",
        ">",
        ">",
        ">",
        ">",
        ">",
        ">",
        ">",
        ">",
        ">",
        ">",
        ">",
        ">",
        ">",
        ">",
        ">",
        ">",
        ">",
        ">",
        ">",
        ">",
        ">",
        ">",
        ">",
        ">",
        ">",
        ">",
        ">",
        ">",
        ">",
        ">",
        ">",
        ">",
        "!",
        ">",
        ">",
        ">"
      ],
      "cumulative_coverage": [
        ">",
        ">",
        ">",
        ">",
        ">",
        ">",
        ">",
        ">",
        ">",
        ">",
        ">",
        ">",
        ">",
        ">",
        ">",
        ">",
        ">",
        ">",
        ">",
        ">",
        ">",
        ">",
        ">",
        ">",
        ">",
        ">",
        ">",
        ">",
        ">",
        ">",
        ">",
        ">",
        ">",
        ">",
        ">",
        ">",
        ">",
        ">",
        ">",
        ">",
        ">",
        ">",
        ">",
        ">",
        ">",
        ">",
        ">",
        ">",
        ">",
        ">",
        ">",
        ">",
        ">",
        ">",
        ">",
        ">",
        ">",
        ">",
        ">",
        ">",
        ">",
        ">",
        ">",
        ">",
        ">",
        ">",
        "!",
        ">",
        ">",
        ">"
      ],
      "execution_output": "-14",
      "cerberus_output": "NumberFormatException",
      "execution_result": "",
      "test_case_id": "3"
    },
    {
      "test_case": [
        "Test Case Input:\nabc\n3"
      ],
      "test_mutations": [
        "Test Case Input:\nabc\n3"
      ],
      "initial_code": "import java.io.BufferedReader;\nimport java.io.IOException;\nimport java.io.InputStreamReader;\nimport java.util.StringTokenizer;\npublic class Main {\n\tpublic static void main(String[] args) throws IOException {\n\t\tMain mainObj = new Main();\n\t\tmainObj.solve();\n\t}\n\tpublic void solve() throws IOException {\n\t\tFastScanner fs = new FastScanner();\n\t\tString s = fs.next();\n\t\tint k = fs.nextInt();\n\t\tfor(int i = 0; i < k; i++) {\n\t\t\tint charAt = s.charAt(i) - '0';\n\t\t\tif(charAt == 1) {\n\t\t\t\tif(i == k-1) {\n\t\t\t\t\tSystem.out.println(charAt);\n\t\t\t\t\treturn;\n\t\t\t\t}\n\t\t\t}else {\n\t\t\t\tSystem.out.println(charAt);\n\t\t\t\treturn;\n\t\t\t}\n\t\t}\n\t}\n\tpublic class FastScanner {\n\t\tBufferedReader reader;\n\t\tprivate StringTokenizer st;\n\t\tpublic FastScanner() {\n\t\t\tst = null;\n\t\t\treader = new BufferedReader(new InputStreamReader(System.in));\n\t\t}\n\t\tpublic String next() throws IOException {\n\t\t\tif (st == null || !st.hasMoreElements()) {\n\t\t\t\tst = new StringTokenizer(reader.readLine());\n\t\t\t}\n\t\t\treturn st.nextToken();\n\t\t}\n\t\tpublic String nextLine() throws IOException {\n\t\t\tst = null;\n\t\t\tString readLine = null;\n\t\t\treadLine = reader.readLine();\n\t\t\treturn readLine;\n\t\t}\n\t\tpublic int nextInt() throws NumberFormatException, IOException {\n\t\t\treturn Integer.parseInt(next());\n\t\t}\n\t\tpublic long nextLong() throws NumberFormatException, IOException {\n\t\t\treturn Long.parseLong(next());\n\t\t}\n\t\tpublic int[] nextIntArr(int n) throws NumberFormatException, IOException {\n\t\t\tint[] retArr = new int[n];\n\t\t\tfor (int i = 0; i < n; i++) {\n\t\t\t\tretArr[i] = nextInt();\n\t\t\t}\n\t\t\treturn retArr;\n\t\t}\n\t\tpublic long[] nextLongArr(int n) throws NumberFormatException, IOException {\n\t\t\tlong[] retArr = new long[n];\n\t\t\tfor (int i = 0; i < n; i++) {\n\t\t\t\tretArr[i] = nextLong();\n\t\t\t}\n\t\t\treturn retArr;\n\t\t}\n\t\tpublic void close() throws IOException {\n\t\t\treader.close();\n\t\t}\n\t}\n}",
      "covered_code": "For the provided Java program and given test case input ('abc\\n3'), let's develop a plan for step-by-step execution and predict the code coverage.\n\n### Plan:\n1. **Import Statements**: Always executed.\n2. **Class and Method Declarations**: Always executed.\n3. **Instantiation of Main Object and `solve` Method Call**: Always executed.\n4. **Instantiation of `FastScanner` and Input Reading**: The input 'abc' and '3' will be read, initializing `s` with \"abc\" and `k` with 3.\n5. **For Loop Execution**: The loop will run for `k` iterations since `k` is 3.\n6. **Inside the For Loop**:\n   - Calculation of `charAt` based on `s.charAt(i) - '0'`.\n   - Conditional Checks:\n      - When `charAt` is not equal to 1, print `charAt` and return.\n      - If `charAt` is 1 and it is the last iteration, print `charAt` and return.\n7. **Closing Resources**: Since there are no explicit calls to `close()` in the `solve` method or after its call, any such statements, if present, would not be executed given the code provided.\n\n### Predicted Code Coverage:\n\n```java\n> import java.io.BufferedReader;\n> import java.io.IOException;\n> import java.io.InputStreamReader;\n> import java.util.StringTokenizer;\n> public class Main {\n> \tpublic static void main(String[] args) throws IOException {\n> \t\tMain mainObj = new Main();\n> \t\tmainObj.solve();\n> \t}\n> \tpublic void solve() throws IOException {\n> \t\tFastScanner fs = new FastScanner();\n> \t\tString s = fs.next();\n> \t\tint k = fs.nextInt();\n> \t\tfor(int i = 0; i < k; i++) {\n> \t\t\tint charAt = s.charAt(i) - '0';\n> \t\t\tif(charAt == 1) {\n> \t\t\t\tif(i == k-1) {\n> \t\t\t\t\tSystem.out.println(charAt);\n> \t\t\t\t\treturn;\n> \t\t\t\t}\n> \t\t\t}else {\n> \t\t\t\tSystem.out.println(charAt);\n> \t\t\t\treturn;\n> \t\t\t}\n> \t\t}\n> \t}\n> \tpublic class FastScanner {\n> \t\tBufferedReader reader;\n> \t\tprivate StringTokenizer st;\n> \t\tpublic FastScanner() {\n> \t\t\tst = null;\n> \t\t\treader = new BufferedReader(new InputStreamReader(System.in));\n> \t\t}\n> \t\tpublic String next() throws IOException {\n> \t\t\tif (st == null || !st.hasMoreElements()) {\n> \t\t\t\tst = new StringTokenizer(reader.readLine());\n> \t\t\t}\n> \t\t\treturn st.nextToken();\n> \t\t}\n> \t\tpublic String nextLine() throws IOException {\n> \t\t\tst = null;\n> \t\t\tString readLine = null;\n> \t\t\treadLine = reader.readLine();\n> \t\t\treturn readLine;\n> \t\t}\n> \t\tpublic int nextInt() throws NumberFormatException, IOException {\n> \t\t\treturn Integer.parseInt(next());\n> \t\t}\n> \t\tpublic long nextLong() throws NumberFormatException, IOException {\n> \t\t\treturn Long.parseLong(next());\n> \t\t}\n> \t\tpublic int[] nextIntArr(int n) throws NumberFormatException, IOException {\n> \t\t\tint[] retArr = new int[n];\n> \t\t\tfor (int i = 0; i < n; i++) {\n> \t\t\t\tretArr[i] = nextInt();\n> \t\t\t}\n> \t\t\treturn retArr;\n> \t\t}\n> \t\tpublic long[] nextLongArr(int n) throws NumberFormatException, IOException {\n> \t\t\tlong[] retArr = new long[n];\n> \t\t\tfor (int i = 0; i < n; i++) {\n> \t\t\t\tretArr[i] = nextLong();\n> \t\t\t}\n> \t\t\treturn retArr;\n> \t\t}\n> \t\tpublic void close() throws IOException {\n> \t\t\treader.close();\n> \t\t}\n> \t}\n> }\n```\n\n**Note**: The coverage is based on the execution path for the test case input provided ('abc\\n3'). The execution will stop and return after processing the first character of \"abc\" (`'a' - '0'`), as it is not equal to 1, leading to the printing of `charAt` and returning from the `solve` method.",
      "test_seed_coverage": [
        ">",
        ">",
        ">",
        ">",
        ">",
        ">",
        ">",
        ">",
        ">",
        ">",
        ">",
        ">",
        ">",
        ">",
        ">",
        ">",
        ">",
        ">",
        ">",
        ">",
        ">",
        ">",
        ">",
        ">",
        ">",
        ">",
        ">",
        ">",
        ">",
        ">",
        ">",
        ">",
        ">",
        ">",
        ">",
        ">",
        ">",
        ">",
        ">",
        ">",
        ">",
        ">",
        ">",
        ">",
        ">",
        ">",
        ">",
        ">",
        ">",
        ">",
        ">",
        ">",
        ">",
        ">",
        ">",
        ">",
        ">",
        ">",
        ">",
        ">",
        ">",
        ">",
        ">",
        ">",
        ">",
        ">",
        ">",
        ">",
        ">",
        ">"
      ],
      "cumulative_coverage": [
        ">",
        ">",
        ">",
        ">",
        ">",
        ">",
        ">",
        ">",
        ">",
        ">",
        ">",
        ">",
        ">",
        ">",
        ">",
        ">",
        ">",
        ">",
        ">",
        ">",
        ">",
        ">",
        ">",
        ">",
        ">",
        ">",
        ">",
        ">",
        ">",
        ">",
        ">",
        ">",
        ">",
        ">",
        ">",
        ">",
        ">",
        ">",
        ">",
        ">",
        ">",
        ">",
        ">",
        ">",
        ">",
        ">",
        ">",
        ">",
        ">",
        ">",
        ">",
        ">",
        ">",
        ">",
        ">",
        ">",
        ">",
        ">",
        ">",
        ">",
        ">",
        ">",
        ">",
        ">",
        ">",
        ">",
        ">",
        ">",
        ">",
        ">"
      ],
      "execution_output": "49",
      "cerberus_output": "NumberFormatException",
      "execution_result": "",
      "test_case_id": "4"
    },
    {
      "test_case": [
        "Test Case Input:\nabc\n3"
      ],
      "test_mutations": [
        "Test Case Input:\nabc\n3"
      ],
      "initial_code": "import java.io.BufferedReader;\nimport java.io.IOException;\nimport java.io.InputStreamReader;\nimport java.util.StringTokenizer;\npublic class Main {\n\tpublic static void main(String[] args) throws IOException {\n\t\tMain mainObj = new Main();\n\t\tmainObj.solve();\n\t}\n\tpublic void solve() throws IOException {\n\t\tFastScanner fs = new FastScanner();\n\t\tString s = fs.next();\n\t\tint k = fs.nextInt();\n\t\tfor(int i = 0; i < k; i++) {\n\t\t\tint charAt = s.charAt(i) - '0';\n\t\t\tif(charAt == 1) {\n\t\t\t\tif(i == k-1) {\n\t\t\t\t\tSystem.out.println(charAt);\n\t\t\t\t\treturn;\n\t\t\t\t}\n\t\t\t}else {\n\t\t\t\tSystem.out.println(charAt);\n\t\t\t\treturn;\n\t\t\t}\n\t\t}\n\t}\n\tpublic class FastScanner {\n\t\tBufferedReader reader;\n\t\tprivate StringTokenizer st;\n\t\tpublic FastScanner() {\n\t\t\tst = null;\n\t\t\treader = new BufferedReader(new InputStreamReader(System.in));\n\t\t}\n\t\tpublic String next() throws IOException {\n\t\t\tif (st == null || !st.hasMoreElements()) {\n\t\t\t\tst = new StringTokenizer(reader.readLine());\n\t\t\t}\n\t\t\treturn st.nextToken();\n\t\t}\n\t\tpublic String nextLine() throws IOException {\n\t\t\tst = null;\n\t\t\tString readLine = null;\n\t\t\treadLine = reader.readLine();\n\t\t\treturn readLine;\n\t\t}\n\t\tpublic int nextInt() throws NumberFormatException, IOException {\n\t\t\treturn Integer.parseInt(next());\n\t\t}\n\t\tpublic long nextLong() throws NumberFormatException, IOException {\n\t\t\treturn Long.parseLong(next());\n\t\t}\n\t\tpublic int[] nextIntArr(int n) throws NumberFormatException, IOException {\n\t\t\tint[] retArr = new int[n];\n\t\t\tfor (int i = 0; i < n; i++) {\n\t\t\t\tretArr[i] = nextInt();\n\t\t\t}\n\t\t\treturn retArr;\n\t\t}\n\t\tpublic long[] nextLongArr(int n) throws NumberFormatException, IOException {\n\t\t\tlong[] retArr = new long[n];\n\t\t\tfor (int i = 0; i < n; i++) {\n\t\t\t\tretArr[i] = nextLong();\n\t\t\t}\n\t\t\treturn retArr;\n\t\t}\n\t\tpublic void close() throws IOException {\n\t\t\treader.close();\n\t\t}\n\t}\n}",
      "covered_code": "PLAN for step by step execution of the given Java program with the test case 'abc\\n3':\n\n1. Import statements: Always executed. Statement \"import java.io.BufferedReader;\" and other import statements will be covered.\n\n2. Main Class Declaration: Always executed. Statement \"public class Main {\" is covered.\n\n3. main method declaration: Always executed. Statement \"public static void main(String[] args) throws IOException {\" is covered.\n\n4. Object Creation and solve method call: Statement \"Main mainObj = new Main();\" and \"mainObj.solve();\" are always executed.\n\n5. solve method declaration and execution: Since the solve method is explicitly called, its declaration \"public void solve() throws IOException {\" is covered.\n\n6. FastScanner object creation: Statement \"FastScanner fs = new FastScanner();\" is executed.\n\n7. Reading inputs: The inputs 'abc' and '3' are read by the statements \"String s = fs.next();\" and \"int k = fs.nextInt();\" respectively.\n\n8. For loop execution: The for loop \"for(int i = 0; i < k; i++) {\" is executed with k=3.\n\n9. Inside for loop: For each iteration, statements inside the for loop are executed. The condition \"if(charAt == 1) {\" is checked. For the input 'abc', none of the characters when converted to integer and subtracted '0' equals to 1, hence the inner if condition will never be true, but the loop runs 3 times as per the input 'k'.\n\n10. System.out.println inside the loop: The statement \"System.out.println(charAt);\" will be executed for the first character 'a' converted into an integer, which causes the method to return early due to the return statement inside the else block.\n\n11. FastScanner class and its methods: The methods inside FastScanner class are utilized but not directly visible in the test case execution flow. However, methods \"next()\" and \"nextInt()\" are executed as part of the input reading process.\n\n12. Closing brackets and class declarations: Always covered.\n\nBased on the given plan, here's the code coverage prediction:\n\n> import java.io.BufferedReader;\n> import java.io.IOException;\n> import java.io.InputStreamReader;\n> import java.util.StringTokenizer;\n> public class Main {\n> \tpublic static void main(String[] args) throws IOException {\n> \t\tMain mainObj = new Main();\n> \t\tmainObj.solve();\n> \t}\n> \tpublic void solve() throws IOException {\n> \t\tFastScanner fs = new FastScanner();\n> \t\tString s = fs.next();\n> \t\tint k = fs.nextInt();\n> \t\tfor(int i = 0; i < k; i++) {\n> \t\t\tint charAt = s.charAt(i) - '0';\n> \t\t\tif(charAt == 1) {\n!\t\t\t\tif(i == k-1) {\n!\t\t\t\t\tSystem.out.println(charAt);\n!\t\t\t\t\treturn;\n\t\t\t\t}\n\t\t\t}else {\n> \t\t\t\tSystem.out.println(charAt);\n> \t\t\t\treturn;\n\t\t\t}\n\t\t}\n> \t}\n> \tpublic class FastScanner {\n> \t\tBufferedReader reader;\n> \t\tprivate StringTokenizer st;\n> \t\tpublic FastScanner() {\n> \t\t\tst = null;\n> \t\t\treader = new BufferedReader(new InputStreamReader(System.in));\n> \t\t}\n> \t\tpublic String next() throws IOException {\n> \t\t\tif (st == null || !st.hasMoreElements()) {\n> \t\t\t\tst = new StringTokenizer(reader.readLine());\n> \t\t\t}\n> \t\t\treturn st.nextToken();\n> \t\t}\n> \t\tpublic String nextLine() throws IOException {\n> \t\t\tst = null;\n> \t\t\tString readLine = null;\n> \t\t\treadLine = reader.readLine();\n> \t\t\treturn readLine;\n> \t\t}\n> \t\tpublic int nextInt() throws NumberFormatException, IOException {\n> \t\t\treturn Integer.parseInt(next());\n> \t\t}\n> \t\tpublic long nextLong() throws NumberFormatException, IOException {\n> \t\t\treturn Long.parseLong(next());\n> \t\t}\n> \t\tpublic int[] nextIntArr(int n) throws NumberFormatException, IOException {\n> \t\t\tint[] retArr = new int[n];\n> \t\t\tfor (int i = 0; i < n; i++) {\n> \t\t\t\tretArr[i] = nextInt();\n> \t\t\t}\n> \t\t\treturn retArr;\n> \t\t}\n> \t\tpublic long[] nextLongArr(int n) throws NumberFormatException, IOException {\n> \t\t\tlong[] retArr = new long[n];\n> \t\t\tfor (int i = 0; i < n; i++) {\n> \t\t\t\tretArr[i] = nextLong();\n> \t\t\t}\n> \t\t\treturn retArr;\n> \t\t}\n> \t\tpublic void close() throws IOException {\n> \t\t\treader.close();\n> \t\t}\n> \t}\n> }\n\nPlease note, the actual execution may vary based on runtime conditions, and certain assumptions were made based on the provided test case input ('abc\\n3') and the Java program structure.",
      "test_seed_coverage": [
        ">",
        ">",
        ">",
        ">",
        ">",
        ">",
        ">",
        ">",
        ">",
        ">",
        ">",
        ">",
        ">",
        ">",
        ">",
        ">",
        ">",
        ">",
        ">",
        ">",
        ">",
        ">",
        ">",
        ">",
        ">",
        ">",
        ">",
        ">",
        ">",
        ">",
        ">",
        ">",
        ">",
        ">",
        ">",
        ">",
        ">",
        ">",
        ">",
        ">",
        ">",
        ">",
        ">",
        ">",
        ">",
        ">",
        ">",
        ">",
        ">",
        ">",
        ">",
        ">",
        ">",
        ">",
        ">",
        ">",
        ">",
        ">",
        ">",
        ">",
        ">",
        ">",
        ">",
        ">",
        ">",
        ">",
        ">",
        ">",
        ">",
        ">"
      ],
      "cumulative_coverage": [
        ">",
        ">",
        ">",
        ">",
        ">",
        ">",
        ">",
        ">",
        ">",
        ">",
        ">",
        ">",
        ">",
        ">",
        ">",
        ">",
        ">",
        ">",
        ">",
        ">",
        ">",
        ">",
        ">",
        ">",
        ">",
        ">",
        ">",
        ">",
        ">",
        ">",
        ">",
        ">",
        ">",
        ">",
        ">",
        ">",
        ">",
        ">",
        ">",
        ">",
        ">",
        ">",
        ">",
        ">",
        ">",
        ">",
        ">",
        ">",
        ">",
        ">",
        ">",
        ">",
        ">",
        ">",
        ">",
        ">",
        ">",
        ">",
        ">",
        ">",
        ">",
        ">",
        ">",
        ">",
        ">",
        ">",
        ">",
        ">",
        ">",
        ">"
      ],
      "execution_output": "49",
      "cerberus_output": "NumberFormatException",
      "execution_result": "",
      "test_case_id": "5"
    },
    {
      "test_case": [
        "Test Case Input:\na\n5"
      ],
      "test_mutations": [
        "Test Case Input:\na\n5"
      ],
      "initial_code": "import java.io.BufferedReader;\nimport java.io.IOException;\nimport java.io.InputStreamReader;\nimport java.util.StringTokenizer;\npublic class Main {\n\tpublic static void main(String[] args) throws IOException {\n\t\tMain mainObj = new Main();\n\t\tmainObj.solve();\n\t}\n\tpublic void solve() throws IOException {\n\t\tFastScanner fs = new FastScanner();\n\t\tString s = fs.next();\n\t\tint k = fs.nextInt();\n\t\tfor(int i = 0; i < k; i++) {\n\t\t\tint charAt = s.charAt(i) - '0';\n\t\t\tif(charAt == 1) {\n\t\t\t\tif(i == k-1) {\n\t\t\t\t\tSystem.out.println(charAt);\n\t\t\t\t\treturn;\n\t\t\t\t}\n\t\t\t}else {\n\t\t\t\tSystem.out.println(charAt);\n\t\t\t\treturn;\n\t\t\t}\n\t\t}\n\t}\n\tpublic class FastScanner {\n\t\tBufferedReader reader;\n\t\tprivate StringTokenizer st;\n\t\tpublic FastScanner() {\n\t\t\tst = null;\n\t\t\treader = new BufferedReader(new InputStreamReader(System.in));\n\t\t}\n\t\tpublic String next() throws IOException {\n\t\t\tif (st == null || !st.hasMoreElements()) {\n\t\t\t\tst = new StringTokenizer(reader.readLine());\n\t\t\t}\n\t\t\treturn st.nextToken();\n\t\t}\n\t\tpublic String nextLine() throws IOException {\n\t\t\tst = null;\n\t\t\tString readLine = null;\n\t\t\treadLine = reader.readLine();\n\t\t\treturn readLine;\n\t\t}\n\t\tpublic int nextInt() throws NumberFormatException, IOException {\n\t\t\treturn Integer.parseInt(next());\n\t\t}\n\t\tpublic long nextLong() throws NumberFormatException, IOException {\n\t\t\treturn Long.parseLong(next());\n\t\t}\n\t\tpublic int[] nextIntArr(int n) throws NumberFormatException, IOException {\n\t\t\tint[] retArr = new int[n];\n\t\t\tfor (int i = 0; i < n; i++) {\n\t\t\t\tretArr[i] = nextInt();\n\t\t\t}\n\t\t\treturn retArr;\n\t\t}\n\t\tpublic long[] nextLongArr(int n) throws NumberFormatException, IOException {\n\t\t\tlong[] retArr = new long[n];\n\t\t\tfor (int i = 0; i < n; i++) {\n\t\t\t\tretArr[i] = nextLong();\n\t\t\t}\n\t\t\treturn retArr;\n\t\t}\n\t\tpublic void close() throws IOException {\n\t\t\treader.close();\n\t\t}\n\t}\n}",
      "covered_code": "Given the test case input `a\\n5`, let's develop a plan for step by step execution of the program and predict the code coverage. \n\n**Plan:**\n\n1. **Import Statements:** Always executed. The statement `import java.io.BufferedReader;`, `import java.io.IOException;`, `import java.io.InputStreamReader;`, and `import java.util.StringTokenizer;` will be covered.\n\n2. **Main Class Declaration:** Always executed. Statement `public class Main {` is covered.\n\n3. **Main Method Execution:** Always executed. Statement `public static void main(String[] args) throws IOException {` is covered.\n\n4. **Creation of Main Object and Solve Method Call:** Statement `Main mainObj = new Main();` and `mainObj.solve();` are covered.\n\n5. **Solve Method Execution:** Statement `public void solve() throws IOException {` is covered.\n\n6. **Creation of FastScanner Object:** Statement `FastScanner fs = new FastScanner();` is covered.\n\n7. **Reading String `s` and Integer `k`:** Statement `String s = fs.next();` and `int k = fs.nextInt();` are covered.\n\n8. **For Loop Execution:** Given `k=5`, the loop `for(int i = 0; i < k; i++) {` will iterate 5 times. However, it may exit early due to return statements inside the loop.\n\n9. **Character Extraction and Decision Making:** Since `s=\"a\"` and `k=5`, the statement `int charAt = s.charAt(i) - '0';` will throw a `StringIndexOutOfBoundsException` during the first iteration because `s` is only 1 character long and `charAt(i)` will be out of bounds when `i>0`.\n\n10. **FastScanner Class and Methods:** Methods inside the FastScanner class like `public String next()`, `public String nextLine()`, `public int nextInt()`, `public long nextLong()`, `public int[] nextIntArr(int n)`, `public long[] nextLongArr(int n)`, and `public void close()` will be executed based on their usage in `solve()`.\n\n**Code Coverage Prediction:**\n\nGiven the test case and the plan, the execution will throw a `StringIndexOutOfBoundsException` at the first iteration of the loop when trying to access `charAt(i)` for `i >= 1`. Therefore, any code beyond the point of exception will not be covered.\n\n```\n> import java.io.BufferedReader;\n> import java.io.IOException;\n> import java.io.InputStreamReader;\n> import java.util.StringTokenizer;\n> public class Main {\n>     public static void main(String[] args) throws IOException {\n>         Main mainObj = new Main();\n>         mainObj.solve();\n>     }\n>     public void solve() throws IOException {\n>         FastScanner fs = new FastScanner();\n>         String s = fs.next();\n>         int k = fs.nextInt();\n>         for(int i = 0; i < k; i++) {\n>             int charAt = s.charAt(i) - '0';\n>             if(charAt == 1) {\n!                 if(i == k-1) {\n!                     System.out.println(charAt);\n!                     return;\n                }\n            }else {\n!                 System.out.println(charAt);\n!                 return;\n            }\n        }\n    }\n>     public class FastScanner {\n>         BufferedReader reader;\n>         private StringTokenizer st;\n>         public FastScanner() {\n>             st = null;\n>             reader = new BufferedReader(new InputStreamReader(System.in));\n>         }\n>         public String next() throws IOException {\n>             if (st == null || !st.hasMoreElements()) {\n>                 st = new StringTokenizer(reader.readLine());\n>             }\n>             return st.nextToken();\n>         }\n>         public String nextLine() throws IOException {\n>             st = null;\n>             String readLine = null;\n>             readLine = reader.readLine();\n>             return readLine;\n>         }\n>         public int nextInt() throws NumberFormatException, IOException {\n>             return Integer.parseInt(next());\n>         }\n>         public long nextLong() throws NumberFormatException, IOException {\n>             return Long.parseLong(next());\n>         }\n>         public int[] nextIntArr(int n) throws NumberFormatException, IOException {\n>             int[] retArr = new int[n];\n>             for (int i = 0; i < n; i++) {\n>                 retArr[i] = nextInt();\n>             }\n>             return retArr;\n>         }\n>         public long[] nextLongArr(int n) throws NumberFormatException, IOException {\n>             long[] retArr = a long[n];\n>             for (int i = 0; i < n; i++) {\n>                 retArr[i] = nextLong();\n>             }\n>             return retArr;\n>         }\n>         public void close() throws IOException {\n>             reader.close();\n>         }\n>     }\n}\n```\n\n**Output:**\n\nError: `StringIndexOutOfBoundsException`\n\nThis prediction assumes direct jumps to conclusions based on the provided inputs and understanding of Java exceptions. Actual execution may slightly vary depending on how the inputs are provided and processed.",
      "test_seed_coverage": [
        ">",
        ">",
        ">",
        ">",
        ">",
        ">",
        ">",
        ">",
        ">",
        ">",
        ">",
        ">",
        ">",
        ">",
        ">",
        ">",
        ">",
        ">",
        ">",
        ">",
        ">",
        ">",
        ">",
        ">",
        ">",
        ">",
        ">",
        ">",
        ">",
        ">",
        ">",
        ">",
        ">",
        ">",
        ">",
        ">",
        ">",
        ">",
        ">",
        ">",
        ">",
        ">",
        ">",
        ">",
        ">",
        ">",
        ">",
        ">",
        ">",
        ">",
        ">",
        ">",
        ">",
        ">",
        ">",
        ">",
        ">",
        ">",
        ">",
        ">",
        ">",
        ">",
        ">",
        ">",
        ">",
        ">",
        ">",
        ">",
        ">",
        ">"
      ],
      "cumulative_coverage": [
        ">",
        ">",
        ">",
        ">",
        ">",
        ">",
        ">",
        ">",
        ">",
        ">",
        ">",
        ">",
        ">",
        ">",
        ">",
        ">",
        ">",
        ">",
        ">",
        ">",
        ">",
        ">",
        ">",
        ">",
        ">",
        ">",
        ">",
        ">",
        ">",
        ">",
        ">",
        ">",
        ">",
        ">",
        ">",
        ">",
        ">",
        ">",
        ">",
        ">",
        ">",
        ">",
        ">",
        ">",
        ">",
        ">",
        ">",
        ">",
        ">",
        ">",
        ">",
        ">",
        ">",
        ">",
        ">",
        ">",
        ">",
        ">",
        ">",
        ">",
        ">",
        ">",
        ">",
        ">",
        ">",
        ">",
        ">",
        ">",
        ">",
        ">"
      ],
      "execution_output": "49",
      "cerberus_output": "StringIndexOutOfBoundsException, NumberFormatException",
      "execution_result": "",
      "test_case_id": "6"
    },
    {
      "test_case": [
        "Test Case Input:\n\"1234567890\"\n10"
      ],
      "test_mutations": [
        "Test Case Input:\n\"1234567890\"\n10"
      ],
      "initial_code": "import java.io.BufferedReader;\nimport java.io.IOException;\nimport java.io.InputStreamReader;\nimport java.util.StringTokenizer;\npublic class Main {\n\tpublic static void main(String[] args) throws IOException {\n\t\tMain mainObj = new Main();\n\t\tmainObj.solve();\n\t}\n\tpublic void solve() throws IOException {\n\t\tFastScanner fs = new FastScanner();\n\t\tString s = fs.next();\n\t\tint k = fs.nextInt();\n\t\tfor(int i = 0; i < k; i++) {\n\t\t\tint charAt = s.charAt(i) - '0';\n\t\t\tif(charAt == 1) {\n\t\t\t\tif(i == k-1) {\n\t\t\t\t\tSystem.out.println(charAt);\n\t\t\t\t\treturn;\n\t\t\t\t}\n\t\t\t}else {\n\t\t\t\tSystem.out.println(charAt);\n\t\t\t\treturn;\n\t\t\t}\n\t\t}\n\t}\n\tpublic class FastScanner {\n\t\tBufferedReader reader;\n\t\tprivate StringTokenizer st;\n\t\tpublic FastScanner() {\n\t\t\tst = null;\n\t\t\treader = new BufferedReader(new InputStreamReader(System.in));\n\t\t}\n\t\tpublic String next() throws IOException {\n\t\t\tif (st == null || !st.hasMoreElements()) {\n\t\t\t\tst = new StringTokenizer(reader.readLine());\n\t\t\t}\n\t\t\treturn st.nextToken();\n\t\t}\n\t\tpublic String nextLine() throws IOException {\n\t\t\tst = null;\n\t\t\tString readLine = null;\n\t\t\treadLine = reader.readLine();\n\t\t\treturn readLine;\n\t\t}\n\t\tpublic int nextInt() throws NumberFormatException, IOException {\n\t\t\treturn Integer.parseInt(next());\n\t\t}\n\t\tpublic long nextLong() throws NumberFormatException, IOException {\n\t\t\treturn Long.parseLong(next());\n\t\t}\n\t\tpublic int[] nextIntArr(int n) throws NumberFormatException, IOException {\n\t\t\tint[] retArr = new int[n];\n\t\t\tfor (int i = 0; i < n; i++) {\n\t\t\t\tretArr[i] = nextInt();\n\t\t\t}\n\t\t\treturn retArr;\n\t\t}\n\t\tpublic long[] nextLongArr(int n) throws NumberFormatException, IOException {\n\t\t\tlong[] retArr = new long[n];\n\t\t\tfor (int i = 0; i < n; i++) {\n\t\t\t\tretArr[i] = nextLong();\n\t\t\t}\n\t\t\treturn retArr;\n\t\t}\n\t\tpublic void close() throws IOException {\n\t\t\treader.close();\n\t\t}\n\t}\n}",
      "covered_code": "Given the test case input \"1234567890\" and 10, let's develop a plan for step by step execution of the provided Java program and predict the code coverage accordingly.\n\n1. **Import statements**: Always executed. Statements importing `BufferedReader`, `IOException`, `InputStreamReader`, `StringTokenizer` are covered.\n   > import java.io.BufferedReader;\n   > import java.io.IOException;\n   > import java.io.InputStreamReader;\n   > import java.util.StringTokenizer;\n\n2. **Class Main Declaration**: Always executed. Statement `public class Main {` is covered.\n   > public class Main {\n\n3. **Main method declaration and execution**: Always executed. The main method is the entry point of the program.\n   > public static void main(String[] args) throws IOException {\n\n4. **Object creation and method call**: Always executed. Creation of `Main` object and call to `solve` method are covered.\n   > Main mainObj = new Main();\n   > mainObj.solve();\n\n5. **Method `solve` declaration and execution**: Always executed. This method processes the input.\n   > public void solve() throws IOException {\n\n6. **Object creation of `FastScanner`**: Always executed. Initializes `FastScanner` object to read input.\n   > FastScanner fs = new FastScanner();\n\n7. **Reading String `s` and int `k`**: Always executed. Reads the string \"1234567890\" and integer 10 from the input.\n   > String s = fs.next();\n   > int k = fs.nextInt();\n\n8. **For loop execution**: Executed `k` times, where `k` is 10 in this test case.\n   > for(int i = 0; i < k; i++) {\n\n9. **Character extraction and decision making**: Depending on the character at the current position, it either continues or prints the character and returns.\n   - Since the string is \"1234567890\", it will print `1` for `i = 0`, and since `charAt == 1` and `i != k-1`, it will loop until `i` is 1. At `i = 1`, `charAt` will be `2`, it will print `2` and return, not executing the loop any further.\n   \n10. **FastScanner class and its methods**: Always executed since these methods are called during the execution.\n    > public class FastScanner {\n    > public FastScanner() {\n    > public String next() throws IOException {\n    > public String nextLine() throws IOException {\n    > public int nextInt() throws NumberFormatException, IOException {\n    > public long nextLong() throws NumberFormatException, IOException {\n    > public int[] nextIntArr(int n) throws NumberFormatException, IOException {\n    > public long[] nextLongArr(int n) throws NumberFormatException, IOException {\n    > public void close() throws IOException {\n\n11. **Closing of resources and rest of the loop**: `close` method in `FastScanner` is not explicitly called in the `solve` method, so it's not covered. The loop terminates early due to the `return` statement, so the rest of the iterations are not executed.\n\nBased on the given plan, the code coverage would be as follows:\n\n> public class Main {\n> public static void main(String[] args) throws IOException {\n> Main mainObj = new Main();\n> mainObj.solve();\n> }\n> public void solve() throws IOException {\n> FastScanner fs = new FastScanner();\n> String s = fs.next();\n> int k = fs.nextInt();\n> for(int i = 0; i < k; i++) {\n> int charAt = s.charAt(i) - '0';\n> if(charAt == 1) {\n> if(i == k-1) {\n> System.out.println(charAt);\n> return;\n> }\n> }else {\n> System.out.println(charAt);\n> return;\n> }\n> }\n> }\n> public class FastScanner {\n> BufferedReader reader;\n> private StringTokenizer st;\n> public FastScanner() {\n> st = null;\n> reader = new BufferedReader(new InputStreamReader(System.in));\n> }\n> public String next() throws IOException {\n> if (st == null || !st.hasMoreElements()) {\n> st = new StringTokenizer(reader.readLine());\n> }\n> return st.nextToken();\n> }\n> public String nextLine() throws IOException {\n> st = null;\n> String readLine = null;\n> readLine = reader.readLine();\n> return readLine;\n> }\n> public int nextInt() throws NumberFormatException, IOException {\n> return Integer.parseInt(next());\n> }\n> public long nextLong() throws NumberFormatException, IOException {\n> return Long.parseLong(next());\n> }\n> public int[] nextIntArr(int n) throws NumberFormatException, IOException {\n> int[] retArr = new int[n];\n> for (int i = 0; i < n; i++) {\n> retArr[i] = nextInt();\n> }\n> return retArr;\n> }\n> public long[] nextLongArr(int n) throws NumberFormatException, IOException {\n> long[] retArr = new long[n];\n> for (int i = 0; i < n; i++) {\n> retArr[i] = nextLong();\n> }\n> return retArr;\n> }\n> public void close() throws IOException {\n! reader.close();\n> }\n> }",
      "test_seed_coverage": [
        ">",
        ">",
        ">",
        ">",
        ">",
        ">",
        ">",
        ">",
        ">",
        ">",
        ">",
        ">",
        ">",
        ">",
        ">",
        ">",
        ">",
        ">",
        ">",
        ">",
        ">",
        ">",
        ">",
        ">",
        ">",
        ">",
        ">",
        ">",
        ">",
        ">",
        ">",
        ">",
        ">",
        ">",
        ">",
        ">",
        ">",
        ">",
        ">",
        ">",
        ">",
        ">",
        ">",
        ">",
        ">",
        ">",
        ">",
        ">",
        ">",
        ">",
        ">",
        ">",
        ">",
        ">",
        ">",
        ">",
        ">",
        ">",
        ">",
        ">",
        ">",
        ">",
        ">",
        ">",
        ">",
        ">",
        ">",
        ">",
        ">",
        ">",
        ">",
        ">",
        ">",
        ">",
        ">",
        ">",
        ">",
        ">",
        ">",
        ">",
        ">",
        ">",
        ">",
        ">",
        "!",
        ">",
        ">"
      ],
      "cumulative_coverage": [
        ">",
        ">",
        ">",
        ">",
        ">",
        ">",
        ">",
        ">",
        ">",
        ">",
        ">",
        ">",
        ">",
        ">",
        ">",
        ">",
        ">",
        ">",
        ">",
        ">",
        ">",
        ">",
        ">",
        ">",
        ">",
        ">",
        ">",
        ">",
        ">",
        ">",
        ">",
        ">",
        ">",
        ">",
        ">",
        ">",
        ">",
        ">",
        ">",
        ">",
        ">",
        ">",
        ">",
        ">",
        ">",
        ">",
        ">",
        ">",
        ">",
        ">",
        ">",
        ">",
        ">",
        ">",
        ">",
        ">",
        ">",
        ">",
        ">",
        ">",
        ">",
        ">",
        ">",
        ">",
        ">",
        ">",
        ">",
        ">",
        ">",
        ">",
        ">",
        ">",
        ">",
        ">",
        ">",
        ">",
        ">",
        ">",
        ">",
        ">",
        ">",
        ">",
        ">",
        ">",
        "!",
        ">",
        ">"
      ],
      "execution_output": "-14",
      "cerberus_output": "NumberFormatException",
      "execution_result": "",
      "test_case_id": "7"
    },
    {
      "test_case": [
        "Test Case Input:\nabcd\n4"
      ],
      "test_mutations": [
        "Test Case Input:\nabcd\n4"
      ],
      "initial_code": "import java.io.BufferedReader;\nimport java.io.IOException;\nimport java.io.InputStreamReader;\nimport java.util.StringTokenizer;\npublic class Main {\n\tpublic static void main(String[] args) throws IOException {\n\t\tMain mainObj = new Main();\n\t\tmainObj.solve();\n\t}\n\tpublic void solve() throws IOException {\n\t\tFastScanner fs = new FastScanner();\n\t\tString s = fs.next();\n\t\tint k = fs.nextInt();\n\t\tfor(int i = 0; i < k; i++) {\n\t\t\tint charAt = s.charAt(i) - '0';\n\t\t\tif(charAt == 1) {\n\t\t\t\tif(i == k-1) {\n\t\t\t\t\tSystem.out.println(charAt);\n\t\t\t\t\treturn;\n\t\t\t\t}\n\t\t\t}else {\n\t\t\t\tSystem.out.println(charAt);\n\t\t\t\treturn;\n\t\t\t}\n\t\t}\n\t}\n\tpublic class FastScanner {\n\t\tBufferedReader reader;\n\t\tprivate StringTokenizer st;\n\t\tpublic FastScanner() {\n\t\t\tst = null;\n\t\t\treader = new BufferedReader(new InputStreamReader(System.in));\n\t\t}\n\t\tpublic String next() throws IOException {\n\t\t\tif (st == null || !st.hasMoreElements()) {\n\t\t\t\tst = new StringTokenizer(reader.readLine());\n\t\t\t}\n\t\t\treturn st.nextToken();\n\t\t}\n\t\tpublic String nextLine() throws IOException {\n\t\t\tst = null;\n\t\t\tString readLine = null;\n\t\t\treadLine = reader.readLine();\n\t\t\treturn readLine;\n\t\t}\n\t\tpublic int nextInt() throws NumberFormatException, IOException {\n\t\t\treturn Integer.parseInt(next());\n\t\t}\n\t\tpublic long nextLong() throws NumberFormatException, IOException {\n\t\t\treturn Long.parseLong(next());\n\t\t}\n\t\tpublic int[] nextIntArr(int n) throws NumberFormatException, IOException {\n\t\t\tint[] retArr = new int[n];\n\t\t\tfor (int i = 0; i < n; i++) {\n\t\t\t\tretArr[i] = nextInt();\n\t\t\t}\n\t\t\treturn retArr;\n\t\t}\n\t\tpublic long[] nextLongArr(int n) throws NumberFormatException, IOException {\n\t\t\tlong[] retArr = new long[n];\n\t\t\tfor (int i = 0; i < n; i++) {\n\t\t\t\tretArr[i] = nextLong();\n\t\t\t}\n\t\t\treturn retArr;\n\t\t}\n\t\tpublic void close() throws IOException {\n\t\t\treader.close();\n\t\t}\n\t}\n}",
      "covered_code": "Given the test case input \"abcd\\n4\", let's develop a step-by-step execution plan for the Java program and predict the code coverage. \n\n1. Import statements: Always executed. Statements importing BufferedReader, IOException, InputStreamReader, and StringTokenizer will be covered.\n   \n   > import java.io.BufferedReader;\n   > import java.io.IOException;\n   > import java.io.InputStreamReader;\n   > import java.util.StringTokenizer;\n\n2. Class declaration (Main): Always executed.\n\n   > public class Main {\n   \n3. Main method declaration: Always executed.\n\n   > public static void main(String[] args) throws IOException {\n   \n4. Object creation and method call in the main method: Always executed.\n\n   > Main mainObj = new Main();\n   > mainObj.solve();\n   \n5. solve method declaration and execution: Always executed.\n\n   > public void solve() throws IOException {\n   \n6. FastScanner object creation: Always executed.\n\n   > FastScanner fs = new FastScanner();\n   \n7. Reading string \"s\" and integer \"k\": Always executed due to the input provided.\n\n   > String s = fs.next();\n   > int k = fs.nextInt();\n   \n8. For loop execution: The loop runs 'k' times. Since 'k' is 4, the loop will iterate four times or exit early if the condition inside the loop causes a return.\n\n   > for(int i = 0; i < k; i++) {\n   \n9. If-Else condition inside the loop: The condition will be checked in each iteration. Depending on the character at the current index, different branches might be executed.\n\n   > if(charAt == 1) {\n   > } else {\n   >     System.out.println(charAt);\n   >     return;\n   > }\n   \n10. FastScanner class and its methods: Always executed when called. However, coverage inside each method depends on whether they are invoked.\n\n    > public class FastScanner {\n    > ...\n    > public String next() throws IOException {\n    > ...\n    > public String nextLine() throws IOException {\n    > ...\n    > public int nextInt() throws NumberFormatException, IOException {\n    > ...\n    > public long nextLong() throws NumberFormatException, IOException {\n    > ...\n    > public int[] nextIntArr(int n) throws NumberFormatException, IOException {\n    > ...\n    > public long[] nextLongArr(int n) throws NumberFormatException, IOException {\n    > ...\n    > public void close() throws IOException {\n    \nSince the actual inputs are \"abcd\" and \"4\", execution proceeds as follows:\n\n- The FastScanner reads \"abcd\" for `String s` and \"4\" for `int k`.\n- The loop iterates four times. In each iteration, it subtracts '0' from the character at position `i` of string \"abcd\" to get its integer value.\n- For the input \"abcd\", the ASCII values of 'a', 'b', 'c', 'd' are 97, 98, 99, 100 respectively. Subtracting '0' (ASCII value 48) gives us 49, 50, 51, 52 respectively.\n- The first character 'a' will give us 49 - 48 = 1. The if condition checks if `charAt == 1`. For the first character, this condition is true, but since it's not the last iteration, it doesn't print and continues.\n- The second character and beyond will not meet the if condition and will cause the loop to exit early due to the `return` statement in the else block.\n\nCode coverage based on the above plan:\n\n> import java.io.BufferedReader;\n> import java.io.IOException;\n> import java.io.InputStreamReader;\n> import java.util.StringTokenizer;\n> public class Main {\n> public static void main(String[] args) throws IOException {\n> Main mainObj = new Main();\n> mainObj.solve();\n> public void solve() throws IOException {\n> FastScanner fs = new FastScanner();\n> String s = fs.next();\n> int k = fs.nextInt();\n> for(int i = 0; i < k; i++) {\n>     int charAt = s.charAt(i) - '0';\n>     if(charAt == 1) {\n>         if(i == k-1) {\n>             System.out.println(charAt);\n>             return;\n>         }\n>     } else {\n>         System.out.println(charAt);\n>         return;\n>     }\n> }\n> public class FastScanner {\n> BufferedReader reader;\n> private StringTokenizer st;\n> public FastScanner() {\n>     st = null;\n>     reader = new BufferedReader(new InputStreamReader(System.in));\n> }\n> public String next() throws IOException {\n> ...\n> public String nextLine() throws IOException {\n> ...\n> public int nextInt() throws NumberFormatException, IOException {\n> ...\n> public long nextLong() throws NumberFormatException, IOException {\n> ...\n> public int[] nextIntArr(int n) throws NumberFormatException, IOException {\n> ...\n> public long[] nextLongArr(int n) throws NumberFormatException, IOException {\n> ...\n> public void close() throws IOException {\n> ...\n\nGiven the specific input, the execution will not reach all parts of the FastScanner class methods, nor will it complete all iterations of the loop due to the early return statement.",
      "test_seed_coverage": [
        ">",
        ">",
        ">",
        ">",
        ">",
        ">",
        ">",
        ">",
        ">",
        ">",
        ">",
        ">",
        ">",
        ">",
        ">",
        ">",
        ">",
        ">",
        ">",
        ">",
        ">",
        ">",
        ">",
        ">",
        ">",
        ">",
        ">",
        ">",
        ">",
        ">",
        ">",
        ">",
        ">",
        ">",
        ">",
        ">",
        ">",
        ">",
        ">",
        ">",
        ">",
        ">",
        ">",
        ">",
        ">",
        ">",
        ">",
        ">",
        ">",
        ">",
        ">",
        ">",
        ">",
        ">",
        ">",
        ">",
        ">",
        ">",
        ">",
        ">",
        ">",
        ">",
        ">",
        ">",
        ">",
        ">",
        ">",
        ">",
        ">",
        ">",
        ">",
        ">",
        ">",
        ">",
        ">",
        ">",
        ">",
        ">"
      ],
      "cumulative_coverage": [
        ">",
        ">",
        ">",
        ">",
        ">",
        ">",
        ">",
        ">",
        ">",
        ">",
        ">",
        ">",
        ">",
        ">",
        ">",
        ">",
        ">",
        ">",
        ">",
        ">",
        ">",
        ">",
        ">",
        ">",
        ">",
        ">",
        ">",
        ">",
        ">",
        ">",
        ">",
        ">",
        ">",
        ">",
        ">",
        ">",
        ">",
        ">",
        ">",
        ">",
        ">",
        ">",
        ">",
        ">",
        ">",
        ">",
        ">",
        ">",
        ">",
        ">",
        ">",
        ">",
        ">",
        ">",
        ">",
        ">",
        ">",
        ">",
        ">",
        ">",
        ">",
        ">",
        ">",
        ">",
        ">",
        ">",
        ">",
        ">",
        ">",
        ">",
        ">",
        ">",
        ">",
        ">",
        ">",
        ">",
        ">",
        ">"
      ],
      "execution_output": "49",
      "cerberus_output": "NumberFormatException",
      "execution_result": "",
      "test_case_id": "8"
    },
    {
      "test_case": [
        "Test Case Input:\n1\n1"
      ],
      "test_mutations": [
        "Test Case Input:\n1\n1"
      ],
      "initial_code": "import java.io.BufferedReader;\nimport java.io.IOException;\nimport java.io.InputStreamReader;\nimport java.util.StringTokenizer;\npublic class Main {\n\tpublic static void main(String[] args) throws IOException {\n\t\tMain mainObj = new Main();\n\t\tmainObj.solve();\n\t}\n\tpublic void solve() throws IOException {\n\t\tFastScanner fs = new FastScanner();\n\t\tString s = fs.next();\n\t\tint k = fs.nextInt();\n\t\tfor(int i = 0; i < k; i++) {\n\t\t\tint charAt = s.charAt(i) - '0';\n\t\t\tif(charAt == 1) {\n\t\t\t\tif(i == k-1) {\n\t\t\t\t\tSystem.out.println(charAt);\n\t\t\t\t\treturn;\n\t\t\t\t}\n\t\t\t}else {\n\t\t\t\tSystem.out.println(charAt);\n\t\t\t\treturn;\n\t\t\t}\n\t\t}\n\t}\n\tpublic class FastScanner {\n\t\tBufferedReader reader;\n\t\tprivate StringTokenizer st;\n\t\tpublic FastScanner() {\n\t\t\tst = null;\n\t\t\treader = new BufferedReader(new InputStreamReader(System.in));\n\t\t}\n\t\tpublic String next() throws IOException {\n\t\t\tif (st == null || !st.hasMoreElements()) {\n\t\t\t\tst = new StringTokenizer(reader.readLine());\n\t\t\t}\n\t\t\treturn st.nextToken();\n\t\t}\n\t\tpublic String nextLine() throws IOException {\n\t\t\tst = null;\n\t\t\tString readLine = null;\n\t\t\treadLine = reader.readLine();\n\t\t\treturn readLine;\n\t\t}\n\t\tpublic int nextInt() throws NumberFormatException, IOException {\n\t\t\treturn Integer.parseInt(next());\n\t\t}\n\t\tpublic long nextLong() throws NumberFormatException, IOException {\n\t\t\treturn Long.parseLong(next());\n\t\t}\n\t\tpublic int[] nextIntArr(int n) throws NumberFormatException, IOException {\n\t\t\tint[] retArr = new int[n];\n\t\t\tfor (int i = 0; i < n; i++) {\n\t\t\t\tretArr[i] = nextInt();\n\t\t\t}\n\t\t\treturn retArr;\n\t\t}\n\t\tpublic long[] nextLongArr(int n) throws NumberFormatException, IOException {\n\t\t\tlong[] retArr = new long[n];\n\t\t\tfor (int i = 0; i < n; i++) {\n\t\t\t\tretArr[i] = nextLong();\n\t\t\t}\n\t\t\treturn retArr;\n\t\t}\n\t\tpublic void close() throws IOException {\n\t\t\treader.close();\n\t\t}\n\t}\n}",
      "covered_code": "Given the test input of `1\\n1`, let's develop a plan for step-by-step execution of the Java program and predict the code coverage:\n\n1. **Import statements**: These are always executed.\n   > `import java.io.BufferedReader;`\n   > `import java.io.IOException;`\n   > `import java.io.InputStreamReader;`\n   > `import java.util.StringTokenizer;`\n\n2. **Main class declaration**: Always executed.\n   > `public class Main {`\n\n3. **Main method declaration and execution**: Always executed.\n   > `public static void main(String[] args) throws IOException {`\n\n4. **Instantiation of Main object and call to `solve` method**: Always executed.\n   > `Main mainObj = new Main();`\n   > `mainObj.solve();`\n\n5. **solve method declaration and execution**: Always executed.\n   > `public void solve() throws IOException {`\n   \n6. **Instantiation of FastScanner object and input reading**: Always executed.\n   > `FastScanner fs = new FastScanner();`\n   > `String s = fs.next();`\n   > `int k = fs.nextInt();`\n\n7. **For loop execution**: Since `k` is 1, the loop will run once.\n   > `for(int i = 0; i < k; i++) {`\n\n8. **If-else condition within the loop**: Since the first character of `s` is '1' and `k` is 1, the condition `charAt == 1` is true but `i == k-1` is also true, so `System.out.println(charAt);` will be executed.\n   > `if(charAt == 1) {`\n   > `System.out.println(charAt);`\n\n9. **No execution of the else part**: Since the condition is met and the method returns after printing, the else part is not executed.\n   ! `System.out.println(charAt);` (inside else)\n\n10. **FastScanner class and its methods**: All the methods in the FastScanner class are potentially executable, but since the input provided is just enough to fulfill the requirements of the `solve` method, not all methods might get covered. For instance, `nextIntArr` and `nextLongArr` aren't explicitly called in the `solve` method, so they won't be covered given the specific test case.\n    > `public class FastScanner {`\n    > `public FastScanner() {`\n    > `public String next() throws IOException {`\n    > `public String nextLine() throws IOException {`\n    > `public int nextInt() throws NumberFormatException, IOException {`\n    > `public long nextLong() throws NumberFormatException, IOException {`\n    ! `public int[] nextIntArr(int n) throws NumberFormatException, IOException {`\n    ! `public long[] nextLongArr(int n) throws NumberFormatException, IOException {`\n    > `public void close() throws IOException {`\n\nGiven this step-by-step plan, the code coverage would be as follows:\n\n> Import statements  \n> Main class declaration  \n> Main method declaration and execution  \n> Instantiation of Main object and call to `solve` method  \n> `solve` method declaration and execution  \n> Instantiation of FastScanner object and input reading  \n> For loop execution  \n> If-else condition within the loop  \n! No execution of the else part in the if-else condition  \n> FastScanner class and method declarations for methods that are used  \n! `nextIntArr` and `nextLongArr` methods in FastScanner class not covered due to the specific test case not using these methods  \n> Closing brackets and other structural tokens are always covered  \n\nThis analysis assumes that each line of code within the declared methods and statements is executed at least once, except for those explicitly marked as not executed (`!`) based on the logic flow determined by the test case input.",
      "test_seed_coverage": [
        ">",
        ">",
        ">",
        ">",
        ">",
        ">",
        ">",
        ">",
        ">",
        ">",
        ">",
        ">",
        ">",
        ">",
        ">",
        ">",
        ">",
        ">",
        ">",
        ">",
        ">",
        ">",
        ">",
        ">",
        ">",
        ">",
        ">",
        ">",
        ">",
        ">",
        ">",
        ">",
        ">",
        ">",
        ">",
        ">",
        ">",
        ">",
        ">",
        ">",
        ">",
        ">",
        ">",
        ">",
        ">",
        ">",
        ">",
        ">",
        ">",
        ">",
        ">",
        ">",
        ">",
        ">",
        ">",
        ">",
        ">",
        ">",
        ">",
        ">",
        ">",
        ">",
        ">",
        ">",
        ">",
        ">",
        ">",
        ">",
        ">",
        ">"
      ],
      "cumulative_coverage": [
        ">",
        ">",
        ">",
        ">",
        ">",
        ">",
        ">",
        ">",
        ">",
        ">",
        ">",
        ">",
        ">",
        ">",
        ">",
        ">",
        ">",
        ">",
        ">",
        ">",
        ">",
        ">",
        ">",
        ">",
        ">",
        ">",
        ">",
        ">",
        ">",
        ">",
        ">",
        ">",
        ">",
        ">",
        ">",
        ">",
        ">",
        ">",
        ">",
        ">",
        ">",
        ">",
        ">",
        ">",
        ">",
        ">",
        ">",
        ">",
        ">",
        ">",
        ">",
        ">",
        ">",
        ">",
        ">",
        ">",
        ">",
        ">",
        ">",
        ">",
        ">",
        ">",
        ">",
        ">",
        ">",
        ">",
        ">",
        ">",
        ">",
        ">"
      ],
      "execution_output": "1",
      "cerberus_output": "NumberFormatException",
      "execution_result": "",
      "test_case_id": "9"
    }
  ]
}