{
  "submission_id": "s536144310",
  "cycles": [
    {
      "test_case": [
        "Test Case Input:\n7\nab\nbc\nca\nde\nef\nfg\ngd\n0"
      ],
      "test_mutations": [
        "Test Case Input:\n7\nab\nbc\nca\nde\nef\nfg\ngd\n0"
      ],
      "initial_code": "import java.io.*;\nimport java.util.*;\npublic class Main {\n\tboolean main() throws IOException {\n\t\tString ss = reader.readLine();\n\t\tString[] sp = ss.split(\" \");\n\t\tString sss = sp[0];\n\t\tint N;\n\t\ttry {\n\t\t\tN = Integer.parseInt(sss);\n\t\t}catch(Exception e) {\n\t\t\tthrow new IOException();\n\t\t}\n\t\tif (N == 0) \n\t\t\treturn false; \n\t\tList<String> list = new ArrayList<String>();\n\t\tint[] cnt = new int[26]; \n\t\tint[] flag = new int[26]; \n\t\tfor(int i = 0; i < N; i++) {\n\t\t\tString s = reader.readLine();\n\t\t\tlist.add(s);\n\t\t\tchar c1 = s.charAt(0); \n\t\t\tchar c2 = s.charAt(s.length() - 1); \n\t\t\tcnt[c1 - 'a']++;\n\t\t\tflag[c1 - 'a'] = 1;\n\t\t\tcnt[c2 - 'a']--;\n\t\t}\n\t\tboolean dame = false;\n\t\tfor(int i = 0; i < cnt.length; i++) {\n\t\t\tif (cnt[i] != 0) {\n\t\t\t\tdame = true;\n\t\t\t\tbreak;\n\t\t\t}\n\t\t}\n\t\tif (!dame) {\n\t\t\tString s = list.get(0);\n\t\t\tchar c1 = s.charAt(0); \n\t\t\tchar c2 = s.charAt(s.length() - 1); \n\t\t\tflag[c1 - 'a'] = 0;\n\t\t\tfor(;;) {\n\t\t\t\tboolean modify = false;\n\t\t\t\tfor(int i = 0; i < list.size(); i++) {\n\t\t\t\t\ts = list.get(i);\n\t\t\t\t\tc1 = s.charAt(0); \n\t\t\t\t\tc2 = s.charAt(s.length() - 1); \n\t\t\t\t\tif (flag[c1 - 'a'] == 0 && flag[c2 - 'a'] != 0) {\n\t\t\t\t\t\tflag[c2 - 'a'] = 0;\n\t\t\t\t\t\tmodify = true;\n\t\t\t\t\t}\n\t\t\t\t}\n\t\t\t\tif (!modify)\n\t\t\t\t\tbreak;\n\t\t\t}\n\t\t\tfor(int i = 0; i < flag.length; i++) {\n\t\t\t\tif (flag[i] != 0) {\n\t\t\t\t\tdame = true;\n\t\t\t\t\tbreak;\n\t\t\t\t}\n\t\t\t}\n\t\t}\n\t\tSystem.out.printf(\"%s\\n\", dame ? \"NG\" : \"OK\");\n\t\treturn true; \n\t}\n\tprivate final static boolean DEBUG = false; \n\tpublic static void main(String[] args) throws IOException {\n\t\tif (DEBUG) {\n\t\t\tlog = System.out;\n\t\t\tString inputStr = \"7\\nab\\nbc\\nca\\nde\\nef\\nfg\\ngd\\n\" + \"0\\n\";\n\t\t\treader = new BufferedReader(new StringReader(inputStr)); \n\t\t}\n\t\telse {\n\t\t\tlog = new PrintStream(new OutputStream() { public void write(int b) {} } ); \n\t\t\treader = new BufferedReader(new InputStreamReader(System.in)); \n\t\t}\n\t\tfor(int i = 0; ; i++) {\n\t\t\tboolean b = new Main().main();\n\t\t\tif (!b)\n\t\t\t\tbreak;\n\t\t}\t\t\n\t\treader.close();\n\t}\n\tstatic PrintStream log;\n\tstatic BufferedReader reader;\n\tprivate static int[] readIntArray() throws IOException {\n\t\tString s = reader.readLine();\n\t\tif (s == null)\n\t\t\treturn null;\n\t\tString[] sp = s.split(\" \");\n\t\tint[] a = new int[sp.length];\n\t\tfor(int i = 0; i < sp.length; i++) {\n\t\t\ta[i] = Integer.parseInt(sp[i]);\n\t\t}\n\t\treturn a;\n\t}\n}",
      "covered_code": "Given the Java program and the test case input, let's develop a step-by-step execution plan to predict the code coverage:\n\n### Test Case Input:\n7\nab\nbc\nca\nde\nef\nfg\ngd\n0\n\n### Plan for Step by Step Execution:\n\n1. **Import Statements**: Always executed. Coverage: `import java.io.*;` and `import java.util.*;`\n\n2. **Class Declaration**: Always executed. Coverage: `public class Main {`\n\n3. **main() Method Declaration**: Always executed. Coverage: `public static void main(String[] args) throws IOException {`\n\n4. **DEBUG Condition**: Since DEBUG is false, the else block will be executed. Coverage:\n    - `if (DEBUG) {` (not covered)\n    - `else {` (covered)\n\n5. **For Loop in main()**: The loop is infinite but will break based on the return value of the `main()` method. Coverage: `for(int i = 0; ; i++) {`\n\n6. **Instantiation and invocation of main()**: Creating a new `Main` object and calling its `main()` method within the loop. Coverage: `boolean b = new Main().main();`\n\n7. **Reading the First Line**: The first line (`\"7\"`) is read, which indicates the number of strings to follow. Coverage: `String ss = reader.readLine();`\n\n8. **Splitting and Parsing the Number**:\n    - The string `\"7\"` is split, and the first part is parsed as an integer `N`. Coverage: `String[] sp = ss.split(\" \");` and `N = Integer.parseInt(sss);`\n\n9. **Checking if N is 0**: Since N is 7, we skip the block that returns false for `N == 0`. Coverage: `if (N == 0)` (not covered)\n\n10. **Reading and Processing Strings**: The loop reads 7 strings and updates the `cnt` and `flag` arrays accordingly. Coverage: Loop and all inside statements are covered.\n\n11. **Checking for Balance in cnt array**: After processing the input strings, it checks if the counts are balanced. In this case, they are not, so `dame` becomes true. Coverage: The loop and the break condition are covered.\n\n12. **Checking for Connectivity in flag array**: This block is not executed because `dame` is already true. Coverage: `if (!dame) {` (not covered)\n\n13. **Printing the Result**: Since `dame` is true, \"NG\" is printed. Coverage: `System.out.printf(\"%s\\n\", dame ? \"NG\" : \"OK\");`\n\n14. **Return true**: The method returns true, so the loop in the `main()` method continues. Coverage: `return true;`\n\n15. **Reader Close**: Since the loop is infinite and there's no input that leads to `return false;`, the statement to close the reader (`reader.close();`) might not be covered depending on the input processing.\n\n### Predicted Code Coverage:\n\n- `>` indicates the line is executed.\n- `!` indicates the line is not executed.\n\n```\n> import java.io.*;\n> import java.util.*;\n> public class Main {\n>     boolean main() throws IOException {\n>         String ss = reader.readLine();\n>         String[] sp = ss.split(\" \");\n>         String sss = sp[0];\n>         int N;\n>         N = Integer.parseInt(sss);\n!         if (N == 0) \n!             return false; \n>         List<String> list = new ArrayList<String>();\n>         int[] cnt = new int[26]; \n>         int[] flag = new int[26]; \n>         for(int i = 0; i < N; i++) {\n>             String s = reader.readLine();\n>             list.add(s);\n>             char c1 = s.charAt(0); \n>             char c2 = s.charAt(s.length() - 1); \n>             cnt[c1 - 'a']++;\n>             flag[c1 - 'a'] = 1;\n>             cnt[c2 - 'a']--;\n>         }\n>         boolean dame = false;\n>         for(int i = 0; i < cnt.length; i++) {\n>             if (cnt[i] != 0) {\n>                 dame = true;\n>                 break;\n>             }\n>         }\n!         if (!dame) {\n!             // This entire block is not executed\n!         }\n>         System.out.printf(\"%s\\n\", dame ? \"NG\" : \"OK\");\n>         return true; \n>     }\n>     private final static boolean DEBUG = false; \n>     public static void main(String[] args) throws IOException {\n!         if (DEBUG) {\n!             // DEBUG block is not executed\n!         }\n>         else {\n>             log = new PrintStream(new OutputStream() { public void write(int b) {} } ); \n>             reader = new BufferedReader(new InputStreamReader(System.in)); \n>         }\n>         for(int i = 0; ; i++) {\n>             boolean b = new Main().main();\n>             if (!b)\n>                 break;\n>         }       \n>         reader.close();\n>     }\n>     static PrintStream log;\n>     static BufferedReader reader;\n!     private static int[] readIntArray() throws IOException {\n!         // This method is not called in the given scenario\n!     }\n> }\n```\n\nGiven the test case does not lead to a situation where the program exits the loop (`return false;` is never reached), the `reader.close();` statement within the main method and the `readIntArray()` method are not executed in this particular scenario.",
      "test_seed_coverage": [
        ">",
        ">",
        ">",
        ">",
        ">",
        ">",
        ">",
        ">",
        ">",
        "!",
        "!",
        ">",
        ">",
        ">",
        ">",
        ">",
        ">",
        ">",
        ">",
        ">",
        ">",
        ">",
        ">",
        ">",
        ">",
        ">",
        ">",
        ">",
        ">",
        ">",
        "!",
        "!",
        "!",
        ">",
        ">",
        ">",
        ">",
        ">",
        "!",
        "!",
        "!",
        ">",
        ">",
        ">",
        ">",
        ">",
        ">",
        ">",
        ">",
        ">",
        ">",
        ">",
        ">",
        ">",
        "!",
        "!",
        "!",
        ">",
        ">",
        ">",
        ">",
        ">",
        ">",
        ">",
        ">",
        ">",
        ">",
        ">",
        ">",
        ">",
        ">",
        ">",
        ">",
        ">",
        ">",
        ">",
        ">",
        ">",
        ">",
        ">",
        ">",
        ">",
        ">",
        ">",
        ">",
        ">",
        ">",
        ">",
        ">",
        ">",
        ">",
        ">",
        ">",
        ">",
        ">"
      ],
      "cumulative_coverage": [
        ">",
        ">",
        ">",
        ">",
        ">",
        ">",
        ">",
        ">",
        ">",
        "!",
        "!",
        ">",
        ">",
        ">",
        ">",
        ">",
        ">",
        ">",
        ">",
        ">",
        ">",
        ">",
        ">",
        ">",
        ">",
        ">",
        ">",
        ">",
        ">",
        ">",
        "!",
        "!",
        "!",
        ">",
        ">",
        ">",
        ">",
        ">",
        "!",
        "!",
        "!",
        ">",
        ">",
        ">",
        ">",
        ">",
        ">",
        ">",
        ">",
        ">",
        ">",
        ">",
        ">",
        ">",
        "!",
        "!",
        "!",
        ">",
        ">",
        ">",
        ">",
        ">",
        ">",
        ">",
        ">",
        ">",
        ">",
        ">",
        ">",
        ">",
        ">",
        ">",
        ">",
        ">",
        ">",
        ">",
        ">",
        ">",
        ">",
        ">",
        ">",
        ">",
        ">",
        ">",
        ">",
        ">",
        ">",
        ">",
        ">",
        ">",
        ">",
        ">",
        ">",
        ">",
        ">"
      ],
      "execution_output": "NG",
      "cerberus_output": "",
      "execution_result": "",
      "test_case_id": "1"
    },
    {
      "test_case": [
        "Test Case Input:\n5\nab\nbc\ncd\nde\nef\n0"
      ],
      "test_mutations": [
        "Test Case Input:\n5\nab\nbc\ncd\nde\nef\n0"
      ],
      "initial_code": "import java.io.*;\nimport java.util.*;\npublic class Main {\n\tboolean main() throws IOException {\n\t\tString ss = reader.readLine();\n\t\tString[] sp = ss.split(\" \");\n\t\tString sss = sp[0];\n\t\tint N;\n\t\ttry {\n\t\t\tN = Integer.parseInt(sss);\n\t\t}catch(Exception e) {\n\t\t\tthrow new IOException();\n\t\t}\n\t\tif (N == 0) \n\t\t\treturn false; \n\t\tList<String> list = new ArrayList<String>();\n\t\tint[] cnt = new int[26]; \n\t\tint[] flag = new int[26]; \n\t\tfor(int i = 0; i < N; i++) {\n\t\t\tString s = reader.readLine();\n\t\t\tlist.add(s);\n\t\t\tchar c1 = s.charAt(0); \n\t\t\tchar c2 = s.charAt(s.length() - 1); \n\t\t\tcnt[c1 - 'a']++;\n\t\t\tflag[c1 - 'a'] = 1;\n\t\t\tcnt[c2 - 'a']--;\n\t\t}\n\t\tboolean dame = false;\n\t\tfor(int i = 0; i < cnt.length; i++) {\n\t\t\tif (cnt[i] != 0) {\n\t\t\t\tdame = true;\n\t\t\t\tbreak;\n\t\t\t}\n\t\t}\n\t\tif (!dame) {\n\t\t\tString s = list.get(0);\n\t\t\tchar c1 = s.charAt(0); \n\t\t\tchar c2 = s.charAt(s.length() - 1); \n\t\t\tflag[c1 - 'a'] = 0;\n\t\t\tfor(;;) {\n\t\t\t\tboolean modify = false;\n\t\t\t\tfor(int i = 0; i < list.size(); i++) {\n\t\t\t\t\ts = list.get(i);\n\t\t\t\t\tc1 = s.charAt(0); \n\t\t\t\t\tc2 = s.charAt(s.length() - 1); \n\t\t\t\t\tif (flag[c1 - 'a'] == 0 && flag[c2 - 'a'] != 0) {\n\t\t\t\t\t\tflag[c2 - 'a'] = 0;\n\t\t\t\t\t\tmodify = true;\n\t\t\t\t\t}\n\t\t\t\t}\n\t\t\t\tif (!modify)\n\t\t\t\t\tbreak;\n\t\t\t}\n\t\t\tfor(int i = 0; i < flag.length; i++) {\n\t\t\t\tif (flag[i] != 0) {\n\t\t\t\t\tdame = true;\n\t\t\t\t\tbreak;\n\t\t\t\t}\n\t\t\t}\n\t\t}\n\t\tSystem.out.printf(\"%s\\n\", dame ? \"NG\" : \"OK\");\n\t\treturn true; \n\t}\n\tprivate final static boolean DEBUG = false; \n\tpublic static void main(String[] args) throws IOException {\n\t\tif (DEBUG) {\n\t\t\tlog = System.out;\n\t\t\tString inputStr = \"7\\nab\\nbc\\nca\\nde\\nef\\nfg\\ngd\\n\" + \"0\\n\";\n\t\t\treader = new BufferedReader(new StringReader(inputStr)); \n\t\t}\n\t\telse {\n\t\t\tlog = new PrintStream(new OutputStream() { public void write(int b) {} } ); \n\t\t\treader = new BufferedReader(new InputStreamReader(System.in)); \n\t\t}\n\t\tfor(int i = 0; ; i++) {\n\t\t\tboolean b = new Main().main();\n\t\t\tif (!b)\n\t\t\t\tbreak;\n\t\t}\t\t\n\t\treader.close();\n\t}\n\tstatic PrintStream log;\n\tstatic BufferedReader reader;\n\tprivate static int[] readIntArray() throws IOException {\n\t\tString s = reader.readLine();\n\t\tif (s == null)\n\t\t\treturn null;\n\t\tString[] sp = s.split(\" \");\n\t\tint[] a = new int[sp.length];\n\t\tfor(int i = 0; i < sp.length; i++) {\n\t\t\ta[i] = Integer.parseInt(sp[i]);\n\t\t}\n\t\treturn a;\n\t}\n}",
      "covered_code": "To predict the code coverage for the provided Java program with the given test input \"5\\nab\\nbc\\ncd\\nde\\nef\\n0\", a step-by-step execution plan is necessary. Following the structure provided, here is the plan and expected code coverage:\n\n1. **Import Statements**: Always executed, so the import statements are covered.\n2. **Class Declaration**: Always executed, `public class Main` is covered.\n3. **Main Method Execution**: Since the main method is the entry point of the program, it is always executed.\n4. **Static Variable Initialization**: The `DEBUG` flag and static variables (`log`, `reader`) initialization within the `main` method are executed.\n5. **DEBUG Condition**: With the given test case, `DEBUG` is `false`, so the else block initializing `log` and `reader` for standard input is executed.\n6. **Infinite Loop in Main Method**: The loop `for(int i = 0; ; i++)` is executed until the `main` method of `Main` class returns false.\n7. **Main Method of Main Class Execution**:\n   - The `reader.readLine()` is executed to read the input \"5\", splitting and parsing it to integer `N`.\n   - Since `N` is not 0, the corresponding if condition is not executed, and we proceed to populate the `list`, `cnt`, and `flag` arrays.\n   - The for loop populating `list`, `cnt`, and `flag` runs for `N = 5` iterations, processing the strings \"ab\", \"bc\", \"cd\", \"de\", \"ef\".\n   - Post-processing, the algorithm checks for the balance of the `cnt` array and modifies `flag` accordingly.\n   - The final print statement is executed, printing either \"NG\" or \"OK\" based on the `dame` flag status.\n8. **End of Program Execution**:\n   - Once the input \"0\" is read, it causes the `main` method to throw an IOException or return false based on the input processing logic, breaking the infinite loop and proceeding to close the `reader`.\n\nGiven the specifics, here is the code coverage indication, focusing on the main execution paths affected by the test case \"5\\nab\\nbc\\ncd\\nde\\nef\\n0\":\n\n```plaintext\n> import java.io.*;\n> import java.util.*;\n> public class Main {\n>     boolean main() throws IOException {\n>         String ss = reader.readLine();\n>         String[] sp = ss.split(\" \");\n>         String sss = sp[0];\n>         int N;\n>         try {\n>             N = Integer.parseInt(sss);\n>         }catch(Exception e) {\n>             throw new IOException();\n>         }\n>         if (N == 0) \n!             return false; \n>         List<String> list = new ArrayList<String>();\n>         int[] cnt = new int[26]; \n>         int[] flag = new int[26]; \n>         for(int i = 0; i < N; i++) {\n>             String s = reader.readLine();\n>             list.add(s);\n>             char c1 = s.charAt(0); \n>             char c2 = s.charAt(s.length() - 1); \n>             cnt[c1 - 'a']++;\n>             flag[c1 - 'a'] = 1;\n>             cnt[c2 - 'a']--;\n>         }\n>         boolean dame = false;\n>         for(int i = 0; i < cnt.length; i++) {\n>             if (cnt[i] != 0) {\n>                 dame = true;\n>                 break;\n>             }\n>         }\n>         if (!dame) {\n>             String s = list.get(0);\n>             char c1 = s.charAt(0); \n>             char c2 = s.charAt(s.length() - 1); \n>             flag[c1 - 'a'] = 0;\n>             for(;;) {\n>                 boolean modify = false;\n>                 for(int i = 0; i < list.size(); i++) {\n>                     s = list.get(i);\n>                     c1 = s.charAt(0); \n>                     c2 = s.charAt(s.length() - 1); \n>                     if (flag[c1 - 'a'] == 0 && flag[c2 - 'a'] != 0) {\n>                         flag[c2 - 'a'] = 0;\n>                         modify = true;\n>                     }\n>                 }\n>                 if (!modify)\n>                     break;\n>             }\n>             for(int i = 0; i < flag.length; i++) {\n>                 if (flag[i] != 0) {\n>                     dame = true;\n>                     break;\n>                 }\n>             }\n>         }\n>         System.out.printf(\"%s\\n\", dame ? \"NG\" : \"OK\");\n>         return true; \n>     }\n>     private final static boolean DEBUG = false; \n>     public static void main(String[] args) throws IOException {\n>         if (DEBUG) {\n!             log = System.out;\n!             String inputStr = \"7\\nab\\nbc\\nca\\nde\\nef\\nfg\\ngd\\n\" + \"0\\n\";\n!             reader = new BufferedReader(new StringReader(inputStr)); \n>         }\n>         else {\n>             log = new PrintStream(new OutputStream() { public void write(int b) {} } ); \n>             reader = new BufferedReader(new InputStreamReader(System.in)); \n>         }\n>         for(int i = 0; ; i++) {\n>             boolean b = new Main().main();\n>             if (!b)\n>                 break;\n>         }       \n>         reader.close();\n>     }\n>     static PrintStream log;\n>     static BufferedReader reader;\n!     private static int[] readIntArray() throws IOException {\n!         String s = reader.readLine();\n!         if (s == null)\n!             return null;\n!         String[] sp = s.split(\" \");\n!         int[] a = new int[sp.length];\n!         for(int i = 0; i < sp.length; i++) {\n!             a[i] = Integer.parseInt(sp[i]);\n!         }\n!         return a;\n>     }\n> }\n```\n\n- Lines marked with `>` are executed based on the test case provided.\n- Lines marked with `!` are not executed based on the test case or program flow.\n- Note: The actual execution of reading inputs and the decision points within the loop depend heavily on the inputs provided and the specifics of the implementation. The coverage analysis here is based on the static analysis and the provided test case.",
      "test_seed_coverage": [
        ">",
        ">",
        ">",
        ">",
        ">",
        ">",
        ">",
        ">",
        ">",
        ">",
        ">",
        ">",
        ">",
        ">",
        ">",
        ">",
        ">",
        ">",
        ">",
        ">",
        ">",
        ">",
        ">",
        ">",
        ">",
        ">",
        ">",
        ">",
        ">",
        ">",
        ">",
        ">",
        ">",
        ">",
        ">",
        ">",
        ">",
        ">",
        ">",
        ">",
        ">",
        ">",
        ">",
        ">",
        ">",
        ">",
        ">",
        ">",
        ">",
        ">",
        ">",
        ">",
        ">",
        ">",
        ">",
        ">",
        ">",
        ">",
        ">",
        ">",
        ">",
        ">",
        ">",
        ">",
        ">",
        ">",
        ">",
        ">",
        ">",
        ">",
        ">",
        ">",
        ">",
        ">",
        ">",
        ">",
        ">",
        ">",
        ">",
        ">",
        ">",
        ">",
        ">",
        ">",
        ">",
        ">",
        ">",
        ">",
        ">",
        ">",
        ">",
        ">",
        ">",
        ">",
        ">"
      ],
      "cumulative_coverage": [
        ">",
        ">",
        ">",
        ">",
        ">",
        ">",
        ">",
        ">",
        ">",
        ">",
        ">",
        ">",
        ">",
        ">",
        ">",
        ">",
        ">",
        ">",
        ">",
        ">",
        ">",
        ">",
        ">",
        ">",
        ">",
        ">",
        ">",
        ">",
        ">",
        ">",
        ">",
        ">",
        ">",
        ">",
        ">",
        ">",
        ">",
        ">",
        ">",
        ">",
        ">",
        ">",
        ">",
        ">",
        ">",
        ">",
        ">",
        ">",
        ">",
        ">",
        ">",
        ">",
        ">",
        ">",
        ">",
        ">",
        ">",
        ">",
        ">",
        ">",
        ">",
        ">",
        ">",
        ">",
        ">",
        ">",
        ">",
        ">",
        ">",
        ">",
        ">",
        ">",
        ">",
        ">",
        ">",
        ">",
        ">",
        ">",
        ">",
        ">",
        ">",
        ">",
        ">",
        ">",
        ">",
        ">",
        ">",
        ">",
        ">",
        ">",
        ">",
        ">",
        ">",
        ">",
        ">"
      ],
      "execution_output": "NG",
      "cerberus_output": "",
      "execution_result": "",
      "test_case_id": "2"
    },
    {
      "test_case": [
        "Test Case Input:\n\"7\\nab\\nbc\\nca\\nde\\nef\\nfg\\ngd\\n0\\n\""
      ],
      "test_mutations": [
        "Test Case Input:\n\"7\\nab\\nbc\\nca\\nde\\nef\\nfg\\ngd\\n0\\n\""
      ],
      "initial_code": "import java.io.*;\nimport java.util.*;\npublic class Main {\n\tboolean main() throws IOException {\n\t\tString ss = reader.readLine();\n\t\tString[] sp = ss.split(\" \");\n\t\tString sss = sp[0];\n\t\tint N;\n\t\ttry {\n\t\t\tN = Integer.parseInt(sss);\n\t\t}catch(Exception e) {\n\t\t\tthrow new IOException();\n\t\t}\n\t\tif (N == 0) \n\t\t\treturn false; \n\t\tList<String> list = new ArrayList<String>();\n\t\tint[] cnt = new int[26]; \n\t\tint[] flag = new int[26]; \n\t\tfor(int i = 0; i < N; i++) {\n\t\t\tString s = reader.readLine();\n\t\t\tlist.add(s);\n\t\t\tchar c1 = s.charAt(0); \n\t\t\tchar c2 = s.charAt(s.length() - 1); \n\t\t\tcnt[c1 - 'a']++;\n\t\t\tflag[c1 - 'a'] = 1;\n\t\t\tcnt[c2 - 'a']--;\n\t\t}\n\t\tboolean dame = false;\n\t\tfor(int i = 0; i < cnt.length; i++) {\n\t\t\tif (cnt[i] != 0) {\n\t\t\t\tdame = true;\n\t\t\t\tbreak;\n\t\t\t}\n\t\t}\n\t\tif (!dame) {\n\t\t\tString s = list.get(0);\n\t\t\tchar c1 = s.charAt(0); \n\t\t\tchar c2 = s.charAt(s.length() - 1); \n\t\t\tflag[c1 - 'a'] = 0;\n\t\t\tfor(;;) {\n\t\t\t\tboolean modify = false;\n\t\t\t\tfor(int i = 0; i < list.size(); i++) {\n\t\t\t\t\ts = list.get(i);\n\t\t\t\t\tc1 = s.charAt(0); \n\t\t\t\t\tc2 = s.charAt(s.length() - 1); \n\t\t\t\t\tif (flag[c1 - 'a'] == 0 && flag[c2 - 'a'] != 0) {\n\t\t\t\t\t\tflag[c2 - 'a'] = 0;\n\t\t\t\t\t\tmodify = true;\n\t\t\t\t\t}\n\t\t\t\t}\n\t\t\t\tif (!modify)\n\t\t\t\t\tbreak;\n\t\t\t}\n\t\t\tfor(int i = 0; i < flag.length; i++) {\n\t\t\t\tif (flag[i] != 0) {\n\t\t\t\t\tdame = true;\n\t\t\t\t\tbreak;\n\t\t\t\t}\n\t\t\t}\n\t\t}\n\t\tSystem.out.printf(\"%s\\n\", dame ? \"NG\" : \"OK\");\n\t\treturn true; \n\t}\n\tprivate final static boolean DEBUG = false; \n\tpublic static void main(String[] args) throws IOException {\n\t\tif (DEBUG) {\n\t\t\tlog = System.out;\n\t\t\tString inputStr = \"7\\nab\\nbc\\nca\\nde\\nef\\nfg\\ngd\\n\" + \"0\\n\";\n\t\t\treader = new BufferedReader(new StringReader(inputStr)); \n\t\t}\n\t\telse {\n\t\t\tlog = new PrintStream(new OutputStream() { public void write(int b) {} } ); \n\t\t\treader = new BufferedReader(new InputStreamReader(System.in)); \n\t\t}\n\t\tfor(int i = 0; ; i++) {\n\t\t\tboolean b = new Main().main();\n\t\t\tif (!b)\n\t\t\t\tbreak;\n\t\t}\t\t\n\t\treader.close();\n\t}\n\tstatic PrintStream log;\n\tstatic BufferedReader reader;\n\tprivate static int[] readIntArray() throws IOException {\n\t\tString s = reader.readLine();\n\t\tif (s == null)\n\t\t\treturn null;\n\t\tString[] sp = s.split(\" \");\n\t\tint[] a = new int[sp.length];\n\t\tfor(int i = 0; i < sp.length; i++) {\n\t\t\ta[i] = Integer.parseInt(sp[i]);\n\t\t}\n\t\treturn a;\n\t}\n}",
      "covered_code": "Given the provided test input and the Java program, let's create a plan for step-by-step execution to predict the code coverage. Since the actual execution details depend on the input, we will base our predictions on the provided inputs.\n\nTest Case Input: `\"7\\nab\\nbc\\nca\\nde\\nef\\nfg\\ngd\\n0\\n\"`\n\n### Plan\n\n1. **Import statements and Class Declaration**: These are always executed.\n2. **Static variables and methods**: The declaration of `static` variables (`log`, `reader`) and methods (`main`, `readIntArray`) is always covered, but their execution depends on the flow of the program.\n3. **Main method execution**: The `main` method is the entry point, so its execution starts the program.\n4. **Initialization of `reader`**: Based on the condition (DEBUG is `false`), `reader` is initialized to read from `System.in`.\n5. **Infinite loop in `main` method**: The loop will execute until `new Main().main()` returns `false`.\n6. **Execution of `main` method inside `Main` class**:\n   - Reads the first line (the number of strings to process) and attempts to parse it as an integer.\n   - Checks if the parsed integer `N` is `0` and returns `false` if it is, ending the loop in the `main` method.\n   - Initializes collections (`list`, `cnt`, `flag`) and fills them based on the read strings.\n   - Performs logic to check if the input strings meet certain conditions, modifying `dame` and `flag` based on these conditions.\n   - Prints `\"NG\"` or `\"OK\"` based on the value of `dame`.\n   - Returns `true` to continue the loop, unless `N` is `0`.\n7. **Closing `reader`**: After the loop in the `main` method ends, `reader` is closed.\n\n### Code Coverage Prediction\n\nGiven the input, every statement in the `Main` class will be executed at least once, except for parts that depend on the `DEBUG` flag being `true`. Therefore, the coverage is as follows:\n\n- `>` for executed lines.\n- `!` for lines not executed due to the `DEBUG` flag condition.\n\n```java\n> import java.io.*;\n> import java.util.*;\n> public class Main {\n>   boolean main() throws IOException {\n>     String ss = reader.readLine();\n>     String[] sp = ss.split(\" \");\n>     String sss = sp[0];\n>     int N;\n>     try {\n>       N = Integer.parseInt(sss);\n>     } catch(Exception e) {\n>       throw new IOException();\n>     }\n>     if (N == 0) \n>       return false; \n>     List<String> list = new ArrayList<String>();\n>     int[] cnt = new int[26]; \n>     int[] flag = new int[26]; \n>     for(int i = 0; i < N; i++) {\n>       String s = reader.readLine();\n>       list.add(s);\n>       char c1 = s.charAt(0); \n>       char c2 = s.charAt(s.length() - 1); \n>       cnt[c1 - 'a']++;\n>       flag[c1 - 'a'] = 1;\n>       cnt[c2 - 'a']--;\n>     }\n>     boolean dame = false;\n>     for(int i = 0; i < cnt.length; i++) {\n>       if (cnt[i] != 0) {\n>         dame = true;\n>         break;\n>       }\n>     }\n>     if (!dame) {\n>       String s = list.get(0);\n>       char c1 = s.charAt(0); \n>       char c2 = s.charAt(s.length() - 1); \n>       flag[c1 - 'a'] = 0;\n>       for(;;) {\n>         boolean modify = false;\n>         for(int i = 0; i < list.size(); i++) {\n>           s = list.get(i);\n>           c1 = s.charAt(0); \n>           c2 = s.charAt(s.length() - 1); \n>           if (flag[c1 - 'a'] == 0 && flag[c2 - 'a'] != 0) {\n>             flag[c2 - 'a'] = 0;\n>             modify = true;\n>           }\n>         }\n>         if (!modify)\n>           break;\n>       }\n>       for(int i = 0; i < flag.length; i++) {\n>         if (flag[i] != 0) {\n>           dame = true;\n>           break;\n>         }\n>       }\n>     }\n>     System.out.printf(\"%s\\n\", dame ? \"NG\" : \"OK\");\n>     return true; \n>   }\n!   private final static boolean DEBUG = false; \n>   public static void main(String[] args) throws IOException {\n>     if (DEBUG) {\n!       log = System.out;\n!       String inputStr = \"7\\nab\\nbc\\nca\\nde\\nef\\nfg\\ngd\\n\" + \"0\\n\";\n!       reader = new BufferedReader(new StringReader(inputStr)); \n>     }\n>     else {\n>       log = new PrintStream(new OutputStream() { public void write(int b) {} } ); \n>       reader = new BufferedReader(new InputStreamReader(System.in)); \n>     }\n>     for(int i = 0; ; i++) {\n>       boolean b = new Main().main();\n>       if (!b)\n>         break;\n>     }     \n>     reader.close();\n>   }\n>   static PrintStream log;\n>   static BufferedReader reader;\n!   private static int[] readIntArray() throws IOException {\n!     String s = reader.readLine();\n!     if (s == null)\n!       return null;\n!     String[] sp = s.split(\" \");\n!     int[] a = new int[sp.length];\n!     for(int i = 0; i < sp.length; i++) {\n!       a[i] = Integer.parseInt(sp[i]);\n!     }\n!     return a;\n>   }\n> }\n```\n\nThis prediction assumes that the provided inputs are processed as expected, leading to every part of the loop and conditions within the `main` method inside the `Main` class being executed before the test input ends with `\"0\\n\"`, terminating the infinite loop.",
      "test_seed_coverage": [
        ">",
        ">",
        ">",
        ">",
        ">",
        ">",
        ">",
        ">",
        ">",
        ">",
        ">",
        ">",
        ">",
        ">",
        ">",
        ">",
        ">",
        ">",
        ">",
        ">",
        ">",
        ">",
        ">",
        ">",
        ">",
        ">",
        ">",
        ">",
        ">",
        ">",
        ">",
        ">",
        ">",
        ">",
        ">",
        ">",
        ">",
        ">",
        ">",
        ">",
        ">",
        ">",
        ">",
        ">",
        ">",
        ">",
        ">",
        ">",
        ">",
        ">",
        ">",
        ">",
        ">",
        ">",
        ">",
        ">",
        ">",
        ">",
        ">",
        ">",
        ">",
        ">",
        ">",
        ">",
        ">",
        ">",
        ">",
        ">",
        ">",
        ">",
        ">",
        ">",
        ">",
        ">",
        ">",
        ">",
        ">",
        ">",
        ">",
        ">",
        ">",
        ">",
        ">",
        ">",
        ">",
        ">",
        ">",
        ">",
        ">",
        ">",
        ">",
        ">",
        ">",
        ">",
        ">"
      ],
      "cumulative_coverage": [
        ">",
        ">",
        ">",
        ">",
        ">",
        ">",
        ">",
        ">",
        ">",
        ">",
        ">",
        ">",
        ">",
        ">",
        ">",
        ">",
        ">",
        ">",
        ">",
        ">",
        ">",
        ">",
        ">",
        ">",
        ">",
        ">",
        ">",
        ">",
        ">",
        ">",
        ">",
        ">",
        ">",
        ">",
        ">",
        ">",
        ">",
        ">",
        ">",
        ">",
        ">",
        ">",
        ">",
        ">",
        ">",
        ">",
        ">",
        ">",
        ">",
        ">",
        ">",
        ">",
        ">",
        ">",
        ">",
        ">",
        ">",
        ">",
        ">",
        ">",
        ">",
        ">",
        ">",
        ">",
        ">",
        ">",
        ">",
        ">",
        ">",
        ">",
        ">",
        ">",
        ">",
        ">",
        ">",
        ">",
        ">",
        ">",
        ">",
        ">",
        ">",
        ">",
        ">",
        ">",
        ">",
        ">",
        ">",
        ">",
        ">",
        ">",
        ">",
        ">",
        ">",
        ">",
        ">"
      ],
      "execution_error": "Exception in thread \"main\" java.io.IOException\n\tat Main.main(Main.java:12)\n\tat Main.main(Main.java:76)",
      "cerberus_output": "",
      "execution_result": "",
      "test_case_id": "3"
    },
    {
      "test_case": [
        "Test Case Input:\n\"7\\nab\\nbc\\nca\\nde\\nef\\nfg\\ngd\\n\" + \"0\\n\""
      ],
      "test_mutations": [
        "Test Case Input:\n\"7\\nab\\nbc\\nca\\nde\\nef\\nfg\\ngd\\n\" + \"0\\n\""
      ],
      "initial_code": "import java.io.*;\nimport java.util.*;\npublic class Main {\n\tboolean main() throws IOException {\n\t\tString ss = reader.readLine();\n\t\tString[] sp = ss.split(\" \");\n\t\tString sss = sp[0];\n\t\tint N;\n\t\ttry {\n\t\t\tN = Integer.parseInt(sss);\n\t\t}catch(Exception e) {\n\t\t\tthrow new IOException();\n\t\t}\n\t\tif (N == 0) \n\t\t\treturn false; \n\t\tList<String> list = new ArrayList<String>();\n\t\tint[] cnt = new int[26]; \n\t\tint[] flag = new int[26]; \n\t\tfor(int i = 0; i < N; i++) {\n\t\t\tString s = reader.readLine();\n\t\t\tlist.add(s);\n\t\t\tchar c1 = s.charAt(0); \n\t\t\tchar c2 = s.charAt(s.length() - 1); \n\t\t\tcnt[c1 - 'a']++;\n\t\t\tflag[c1 - 'a'] = 1;\n\t\t\tcnt[c2 - 'a']--;\n\t\t}\n\t\tboolean dame = false;\n\t\tfor(int i = 0; i < cnt.length; i++) {\n\t\t\tif (cnt[i] != 0) {\n\t\t\t\tdame = true;\n\t\t\t\tbreak;\n\t\t\t}\n\t\t}\n\t\tif (!dame) {\n\t\t\tString s = list.get(0);\n\t\t\tchar c1 = s.charAt(0); \n\t\t\tchar c2 = s.charAt(s.length() - 1); \n\t\t\tflag[c1 - 'a'] = 0;\n\t\t\tfor(;;) {\n\t\t\t\tboolean modify = false;\n\t\t\t\tfor(int i = 0; i < list.size(); i++) {\n\t\t\t\t\ts = list.get(i);\n\t\t\t\t\tc1 = s.charAt(0); \n\t\t\t\t\tc2 = s.charAt(s.length() - 1); \n\t\t\t\t\tif (flag[c1 - 'a'] == 0 && flag[c2 - 'a'] != 0) {\n\t\t\t\t\t\tflag[c2 - 'a'] = 0;\n\t\t\t\t\t\tmodify = true;\n\t\t\t\t\t}\n\t\t\t\t}\n\t\t\t\tif (!modify)\n\t\t\t\t\tbreak;\n\t\t\t}\n\t\t\tfor(int i = 0; i < flag.length; i++) {\n\t\t\t\tif (flag[i] != 0) {\n\t\t\t\t\tdame = true;\n\t\t\t\t\tbreak;\n\t\t\t\t}\n\t\t\t}\n\t\t}\n\t\tSystem.out.printf(\"%s\\n\", dame ? \"NG\" : \"OK\");\n\t\treturn true; \n\t}\n\tprivate final static boolean DEBUG = false; \n\tpublic static void main(String[] args) throws IOException {\n\t\tif (DEBUG) {\n\t\t\tlog = System.out;\n\t\t\tString inputStr = \"7\\nab\\nbc\\nca\\nde\\nef\\nfg\\ngd\\n\" + \"0\\n\";\n\t\t\treader = new BufferedReader(new StringReader(inputStr)); \n\t\t}\n\t\telse {\n\t\t\tlog = new PrintStream(new OutputStream() { public void write(int b) {} } ); \n\t\t\treader = new BufferedReader(new InputStreamReader(System.in)); \n\t\t}\n\t\tfor(int i = 0; ; i++) {\n\t\t\tboolean b = new Main().main();\n\t\t\tif (!b)\n\t\t\t\tbreak;\n\t\t}\t\t\n\t\treader.close();\n\t}\n\tstatic PrintStream log;\n\tstatic BufferedReader reader;\n\tprivate static int[] readIntArray() throws IOException {\n\t\tString s = reader.readLine();\n\t\tif (s == null)\n\t\t\treturn null;\n\t\tString[] sp = s.split(\" \");\n\t\tint[] a = new int[sp.length];\n\t\tfor(int i = 0; i < sp.length; i++) {\n\t\t\ta[i] = Integer.parseInt(sp[i]);\n\t\t}\n\t\treturn a;\n\t}\n}",
      "covered_code": "Given the test case input and the Java program, the plan for step by step execution and the prediction of code coverage will be as follows:\n\n1. **Import Statements**: These are always executed. Thus, `import java.io.*;` and `import java.util.*;` will be covered.\n\n2. **Class Declaration**: Always executed. The statement `public class Main {` is covered.\n\n3. **Main Method Execution**: The main method is the entry point of the program, so it is always executed. The statement `public static void main(String[] args) throws IOException {` is covered.\n\n4. **Setting DEBUG flag and Reader**: The `DEBUG` flag is set to `false` by default, so the else part initializing `reader` for standard input will be executed, but since the input is provided via a string for testing, this part is essentially overridden. The statements related to setting up `reader` and `log` based on the `DEBUG` flag are covered.\n\n5. **Infinite Loop for Processing Inputs**: The for loop `for(int i = 0; ; i++) {` is executed, and since the input contains `0` as a termination condition, it will exit after processing the input. This for loop is covered.\n\n6. **Calling main() Method within the Main Method**: The call to `new Main().main();` within the infinite loop is executed at least once, thus it is covered.\n\n7. **Reading and Parsing Input**: The `main()` method reads the first line and tries to parse the integer N. Since the first input is `\"7\\nab\\nbc\\nca\\nde\\nef\\nfg\\ngd\\n\" + \"0\\n\"`, the parsing is successful, and these statements are covered.\n\n8. **Loop for Reading Strings**: The for loop that reads N strings and processes them is executed because N is 7, which means this loop and its contents are covered.\n\n9. **Checking for Balanced Strings**: The loop and conditions that check if the strings form a 'balanced' condition by comparing counts of characters and flags are executed. These parts of the code are covered.\n\n10. **Printing Result**: Based on the logic for determining if the input strings satisfy the given condition, the program prints either \"NG\" or \"OK\". This part is covered.\n\n11. **Closing BufferedReader**: The `reader.close();` statement is executed at the end of the main method. This is covered.\n\nBased on the above plan, here's the predicted code coverage:\n\n```\n> import java.io.*;\n> import java.util.*;\n> public class Main {\n>     boolean main() throws IOException {\n>         String ss = reader.readLine();\n>         String[] sp = ss.split(\" \");\n>         String sss = sp[0];\n>         int N;\n>         try {\n>             N = Integer.parseInt(sss);\n>         }catch(Exception e) {\n>             throw new IOException();\n>         }\n>         if (N == 0) \n>             return false; \n>         List<String> list = new ArrayList<String>();\n>         int[] cnt = new int[26]; \n>         int[] flag = new int[26]; \n>         for(int i = 0; i < N; i++) {\n>             String s = reader.readLine();\n>             list.add(s);\n>             char c1 = s.charAt(0); \n>             char c2 = s.charAt(s.length() - 1); \n>             cnt[c1 - 'a']++;\n>             flag[c1 - 'a'] = 1;\n>             cnt[c2 - 'a']--;\n>         }\n>         boolean dame = false;\n>         for(int i = 0; i < cnt.length; i++) {\n>             if (cnt[i] != 0) {\n>                 dame = true;\n>                 break;\n>             }\n>         }\n>         if (!dame) {\n>             String s = list.get(0);\n>             char c1 = s.charAt(0); \n>             char c2 = s.charAt(s.length() - 1); \n>             flag[c1 - 'a'] = 0;\n>             for(;;) {\n>                 boolean modify = false;\n>                 for(int i = 0; i < list.size(); i++) {\n>                     s = list.get(i);\n>                     c1 = s.charAt(0); \n>                     c2 = s.charAt(s.length() - 1); \n>                     if (flag[c1 - 'a'] == 0 && flag[c2 - 'a'] != 0) {\n>                         flag[c2 - 'a'] = 0;\n>                         modify = true;\n>                     }\n>                 }\n>                 if (!modify)\n>                     break;\n>             }\n>             for(int i = 0; i < flag.length; i++) {\n>                 if (flag[i] != 0) {\n>                     dame = true;\n>                     break;\n>                 }\n>             }\n>         }\n>         System.out.printf(\"%s\\n\", dame ? \"NG\" : \"OK\");\n>         return true; \n>     }\n>     private final static boolean DEBUG = false; \n>     public static void main(String[] args) throws IOException {\n>         if (DEBUG) {\n>             log = System.out;\n>             String inputStr = \"7\\nab\\nbc\\nca\\nde\\nef\\nfg\\ngd\\n\" + \"0\\n\";\n>             reader = new BufferedReader(new StringReader(inputStr)); \n>         }\n>         else {\n>             log = new PrintStream(new OutputStream() { public void write(int b) {} } ); \n>             reader = new BufferedReader(new InputStreamReader(System.in)); \n>         }\n>         for(int i = 0; ; i++) {\n>             boolean b = new Main().main();\n>             if (!b)\n>                 break;\n>         }       \n>         reader.close();\n>     }\n>     static PrintStream log;\n>     static BufferedReader reader;\n>     private static int[] readIntArray() throws IOException {\n>         String s = reader.readLine();\n>         if (s == null)\n>             return null;\n>         String[] sp = s.split(\" \");\n>         int[] a = new int[sp.length];\n>         for(int i = 0; i < sp.length; i++) {\n>             a[i] = Integer.parseInt(sp[i]);\n>         }\n>         return a;\n>     }\n> }\n```\n\nThe coverage is comprehensive, with the execution path fully covered based on the given input and program structure.",
      "test_seed_coverage": [
        ">",
        ">",
        ">",
        ">",
        ">",
        ">",
        ">",
        ">",
        ">",
        ">",
        ">",
        ">",
        ">",
        ">",
        ">",
        ">",
        ">",
        ">",
        ">",
        ">",
        ">",
        ">",
        ">",
        ">",
        ">",
        ">",
        ">",
        ">",
        ">",
        ">",
        ">",
        ">",
        ">",
        ">",
        ">",
        ">",
        ">",
        ">",
        ">",
        ">",
        ">",
        ">",
        ">",
        ">",
        ">",
        ">",
        ">",
        ">",
        ">",
        ">",
        ">",
        ">",
        ">",
        ">",
        ">",
        ">",
        ">",
        ">",
        ">",
        ">",
        ">",
        ">",
        ">",
        ">",
        ">",
        ">",
        ">",
        ">",
        ">",
        ">",
        ">",
        ">",
        ">",
        ">",
        ">",
        ">",
        ">",
        ">",
        ">",
        ">",
        ">",
        ">",
        ">",
        ">",
        ">",
        ">",
        ">",
        ">",
        ">",
        ">",
        ">",
        ">",
        ">",
        ">",
        ">"
      ],
      "cumulative_coverage": [
        ">",
        ">",
        ">",
        ">",
        ">",
        ">",
        ">",
        ">",
        ">",
        ">",
        ">",
        ">",
        ">",
        ">",
        ">",
        ">",
        ">",
        ">",
        ">",
        ">",
        ">",
        ">",
        ">",
        ">",
        ">",
        ">",
        ">",
        ">",
        ">",
        ">",
        ">",
        ">",
        ">",
        ">",
        ">",
        ">",
        ">",
        ">",
        ">",
        ">",
        ">",
        ">",
        ">",
        ">",
        ">",
        ">",
        ">",
        ">",
        ">",
        ">",
        ">",
        ">",
        ">",
        ">",
        ">",
        ">",
        ">",
        ">",
        ">",
        ">",
        ">",
        ">",
        ">",
        ">",
        ">",
        ">",
        ">",
        ">",
        ">",
        ">",
        ">",
        ">",
        ">",
        ">",
        ">",
        ">",
        ">",
        ">",
        ">",
        ">",
        ">",
        ">",
        ">",
        ">",
        ">",
        ">",
        ">",
        ">",
        ">",
        ">",
        ">",
        ">",
        ">",
        ">",
        ">"
      ],
      "execution_error": "Exception in thread \"main\" java.io.IOException\n\tat Main.main(Main.java:12)\n\tat Main.main(Main.java:76)",
      "cerberus_output": "",
      "execution_result": "",
      "test_case_id": "4"
    },
    {
      "test_case": [
        "Test Case Input:\n7\nab\nbc\nca\nde\nef\nfg\ngd\n0"
      ],
      "test_mutations": [
        "Test Case Input:\n7\nab\nbc\nca\nde\nef\nfg\ngd\n0"
      ],
      "initial_code": "import java.io.*;\nimport java.util.*;\npublic class Main {\n\tboolean main() throws IOException {\n\t\tString ss = reader.readLine();\n\t\tString[] sp = ss.split(\" \");\n\t\tString sss = sp[0];\n\t\tint N;\n\t\ttry {\n\t\t\tN = Integer.parseInt(sss);\n\t\t}catch(Exception e) {\n\t\t\tthrow new IOException();\n\t\t}\n\t\tif (N == 0) \n\t\t\treturn false; \n\t\tList<String> list = new ArrayList<String>();\n\t\tint[] cnt = new int[26]; \n\t\tint[] flag = new int[26]; \n\t\tfor(int i = 0; i < N; i++) {\n\t\t\tString s = reader.readLine();\n\t\t\tlist.add(s);\n\t\t\tchar c1 = s.charAt(0); \n\t\t\tchar c2 = s.charAt(s.length() - 1); \n\t\t\tcnt[c1 - 'a']++;\n\t\t\tflag[c1 - 'a'] = 1;\n\t\t\tcnt[c2 - 'a']--;\n\t\t}\n\t\tboolean dame = false;\n\t\tfor(int i = 0; i < cnt.length; i++) {\n\t\t\tif (cnt[i] != 0) {\n\t\t\t\tdame = true;\n\t\t\t\tbreak;\n\t\t\t}\n\t\t}\n\t\tif (!dame) {\n\t\t\tString s = list.get(0);\n\t\t\tchar c1 = s.charAt(0); \n\t\t\tchar c2 = s.charAt(s.length() - 1); \n\t\t\tflag[c1 - 'a'] = 0;\n\t\t\tfor(;;) {\n\t\t\t\tboolean modify = false;\n\t\t\t\tfor(int i = 0; i < list.size(); i++) {\n\t\t\t\t\ts = list.get(i);\n\t\t\t\t\tc1 = s.charAt(0); \n\t\t\t\t\tc2 = s.charAt(s.length() - 1); \n\t\t\t\t\tif (flag[c1 - 'a'] == 0 && flag[c2 - 'a'] != 0) {\n\t\t\t\t\t\tflag[c2 - 'a'] = 0;\n\t\t\t\t\t\tmodify = true;\n\t\t\t\t\t}\n\t\t\t\t}\n\t\t\t\tif (!modify)\n\t\t\t\t\tbreak;\n\t\t\t}\n\t\t\tfor(int i = 0; i < flag.length; i++) {\n\t\t\t\tif (flag[i] != 0) {\n\t\t\t\t\tdame = true;\n\t\t\t\t\tbreak;\n\t\t\t\t}\n\t\t\t}\n\t\t}\n\t\tSystem.out.printf(\"%s\\n\", dame ? \"NG\" : \"OK\");\n\t\treturn true; \n\t}\n\tprivate final static boolean DEBUG = false; \n\tpublic static void main(String[] args) throws IOException {\n\t\tif (DEBUG) {\n\t\t\tlog = System.out;\n\t\t\tString inputStr = \"7\\nab\\nbc\\nca\\nde\\nef\\nfg\\ngd\\n\" + \"0\\n\";\n\t\t\treader = new BufferedReader(new StringReader(inputStr)); \n\t\t}\n\t\telse {\n\t\t\tlog = new PrintStream(new OutputStream() { public void write(int b) {} } ); \n\t\t\treader = new BufferedReader(new InputStreamReader(System.in)); \n\t\t}\n\t\tfor(int i = 0; ; i++) {\n\t\t\tboolean b = new Main().main();\n\t\t\tif (!b)\n\t\t\t\tbreak;\n\t\t}\t\t\n\t\treader.close();\n\t}\n\tstatic PrintStream log;\n\tstatic BufferedReader reader;\n\tprivate static int[] readIntArray() throws IOException {\n\t\tString s = reader.readLine();\n\t\tif (s == null)\n\t\t\treturn null;\n\t\tString[] sp = s.split(\" \");\n\t\tint[] a = new int[sp.length];\n\t\tfor(int i = 0; i < sp.length; i++) {\n\t\t\ta[i] = Integer.parseInt(sp[i]);\n\t\t}\n\t\treturn a;\n\t}\n}",
      "covered_code": "For the provided Java program and its test case input, a step-by-step execution plan is outlined below, followed by the prediction of code coverage based on the steps.\n\n### Plan for Step by Step Execution\n\n1. **Import Statements**: Always executed.\n2. **Class Declaration**: Always executed.\n3. **Static Variables Declaration**: Always executed.\n4. **Main Method Execution**: Triggered when the program starts.\n5. **DEBUG Condition Check**: Always executed to determine the source of input.\n6. **Initialization of `log` and `reader`**: Based on the DEBUG flag, the appropriate initialization is executed.\n7. **Infinite Loop in Main Method**: Starts and continues until broken.\n8. **Creation and Execution of `Main` Object and Calling `main()` Method**: Always executed within the loop.\n9. **Reading and Parsing Input**: The first line is read and parsed to determine the number of strings to process.\n10. **Try-Catch Block for Parsing `N`**: Executes successfully if the input is a valid integer.\n11. **Condition to Check if `N` is 0**: Always executed to determine whether to proceed or return false.\n12. **Loop to Read Strings and Process**: Executes `N` times, reading strings and processing counts.\n13. **Checking for Balanced Counts**: Determines if the string chain can be connected end-to-start.\n14. **Loop for Modifying Flags Based on Connections**: Checks and modifies flags to see if a chain can be formed.\n15. **Final Check for Any Unconnected Strings**: Determines the final state, whether the strings form a chain.\n16. **Printing Result (`OK` or `NG`)**: Always executed at the end of `main()` method.\n17. **Returning from `main()` Method**: Determines whether the infinite loop in `main(String[] args)` continues.\n18. **Closing the Reader**: Executes once the loop in the `main(String[] args)` method is exited.\n\n### Predicting Code Coverage\n\nGiven the test case input, the execution will follow the outlined plan. However, for simplicity and the nature of the input (static due to the DEBUG flag being considered false for this exercise), the actual dynamic execution based on user input isn't directly covered here. Instead, assuming the DEBUG path is taken (for the sake of analysis), we predict coverage based on the outlined steps and the provided input:\n\n```\n> import java.io.*;\n> import java.util.*;\n> public class Main {\n>   boolean main() throws IOException {\n>       String ss = reader.readLine();\n>       String[] sp = ss.split(\" \");\n>       String sss = sp[0];\n>       int N;\n>       try {\n>           N = Integer.parseInt(sss);\n>       }catch(Exception e) {\n!           throw new IOException();\n>       }\n>       if (N == 0) \n>           return false; \n>       List<String> list = new ArrayList<String>();\n>       int[] cnt = new int[26]; \n>       int[] flag = new int[26]; \n>       for(int i = 0; i < N; i++) {\n>           String s = reader.readLine();\n>           list.add(s);\n>           char c1 = s.charAt(0); \n>           char c2 = s.charAt(s.length() - 1); \n>           cnt[c1 - 'a']++;\n>           flag[c1 - 'a'] = 1;\n>           cnt[c2 - 'a']--;\n>       }\n>       boolean dame = false;\n>       for(int i = 0; i < cnt.length; i++) {\n>           if (cnt[i] != 0) {\n>               dame = true;\n>               break;\n>           }\n>       }\n>       if (!dame) {\n>           String s = list.get(0);\n>           char c1 = s.charAt(0); \n>           char c2 = s.charAt(s.length() - 1); \n>           flag[c1 - 'a'] = 0;\n>           for(;;) {\n>               boolean modify = false;\n>               for(int i = 0; i < list.size(); i++) {\n>                   s = list.get(i);\n>                   c1 = s.charAt(0); \n>                   c2 = s.charAt(s.length() - 1); \n>                   if (flag[c1 - 'a'] == 0 && flag[c2 - 'a'] != 0) {\n>                       flag[c2 - 'a'] = 0;\n>                       modify = true;\n>                   }\n>               }\n>               if (!modify)\n>                   break;\n>           }\n>           for(int i = 0; i < flag.length; i++) {\n>               if (flag[i] != 0) {\n>                   dame = true;\n>                   break;\n>               }\n>           }\n>       }\n>       System.out.printf(\"%s\\n\", dame ? \"NG\" : \"OK\");\n>       return true; \n>   }\n>   private final static boolean DEBUG = false; \n>   public static void main(String[] args) throws IOException {\n>       if (DEBUG) {\n!           log = System.out;\n!           String inputStr = \"7\\nab\\nbc\\nca\\nde\\nef\\nfg\\ngd\\n\" + \"0\\n\";\n!           reader = new BufferedReader(new StringReader(inputStr)); \n>       }\n>       else {\n>           log = new PrintStream(new OutputStream() { public void write(int b) {} } ); \n>           reader = new BufferedReader(new InputStreamReader(System.in)); \n>       }\n>       for(int i = 0; ; i++) {\n>           boolean b = new Main().main();\n>           if (!b)\n>               break;\n>       }       \n>       reader.close();\n>   }\n>   static PrintStream log;\n>   static BufferedReader reader;\n!   private static int[] readIntArray() throws IOException {\n!       String s = reader.readLine();\n!       if (s == null)\n!           return null;\n!       String[] sp = s.split(\" \");\n!       int[] a = new int[sp.length];\n!       for(int i = 0; i < sp.length; i++) {\n!           a[i] = Integer.parseInt(sp[i]);\n!       }\n!       return a;\n>   }\n> }\n```\n\nGiven the DEBUG flag is false and the input is static in this hypothetical scenario, the actual `readIntArray` method and paths related to DEBUG being true are marked as not executed. The rest of the program is covered based on the plan and the nature of the test case provided for analysis.",
      "test_seed_coverage": [
        ">",
        ">",
        ">",
        ">",
        ">",
        ">",
        ">",
        ">",
        ">",
        ">",
        ">",
        ">",
        ">",
        ">",
        ">",
        ">",
        ">",
        ">",
        ">",
        ">",
        ">",
        ">",
        ">",
        ">",
        ">",
        ">",
        ">",
        ">",
        ">",
        ">",
        ">",
        ">",
        ">",
        ">",
        ">",
        ">",
        ">",
        ">",
        ">",
        ">",
        ">",
        ">",
        ">",
        ">",
        ">",
        ">",
        ">",
        ">",
        ">",
        ">",
        ">",
        ">",
        ">",
        ">",
        ">",
        ">",
        ">",
        ">",
        ">",
        ">",
        ">",
        ">",
        ">",
        ">",
        ">",
        ">",
        ">",
        ">",
        ">",
        ">",
        ">",
        ">",
        ">",
        ">",
        ">",
        ">",
        ">",
        ">",
        ">",
        ">",
        ">",
        ">",
        ">",
        ">",
        ">",
        ">",
        ">",
        ">",
        ">",
        ">",
        ">",
        ">",
        ">",
        ">",
        ">"
      ],
      "cumulative_coverage": [
        ">",
        ">",
        ">",
        ">",
        ">",
        ">",
        ">",
        ">",
        ">",
        ">",
        ">",
        ">",
        ">",
        ">",
        ">",
        ">",
        ">",
        ">",
        ">",
        ">",
        ">",
        ">",
        ">",
        ">",
        ">",
        ">",
        ">",
        ">",
        ">",
        ">",
        ">",
        ">",
        ">",
        ">",
        ">",
        ">",
        ">",
        ">",
        ">",
        ">",
        ">",
        ">",
        ">",
        ">",
        ">",
        ">",
        ">",
        ">",
        ">",
        ">",
        ">",
        ">",
        ">",
        ">",
        ">",
        ">",
        ">",
        ">",
        ">",
        ">",
        ">",
        ">",
        ">",
        ">",
        ">",
        ">",
        ">",
        ">",
        ">",
        ">",
        ">",
        ">",
        ">",
        ">",
        ">",
        ">",
        ">",
        ">",
        ">",
        ">",
        ">",
        ">",
        ">",
        ">",
        ">",
        ">",
        ">",
        ">",
        ">",
        ">",
        ">",
        ">",
        ">",
        ">",
        ">"
      ],
      "execution_output": "NG",
      "cerberus_output": "",
      "execution_result": "",
      "test_case_id": "5"
    },
    {
      "test_case": [
        "Test Case Input:\n7\nab\nbc\nca\nde\nef\nfg\ngd\n0"
      ],
      "test_mutations": [
        "Test Case Input:\n7\nab\nbc\nca\nde\nef\nfg\ngd\n0"
      ],
      "initial_code": "import java.io.*;\nimport java.util.*;\npublic class Main {\n\tboolean main() throws IOException {\n\t\tString ss = reader.readLine();\n\t\tString[] sp = ss.split(\" \");\n\t\tString sss = sp[0];\n\t\tint N;\n\t\ttry {\n\t\t\tN = Integer.parseInt(sss);\n\t\t}catch(Exception e) {\n\t\t\tthrow new IOException();\n\t\t}\n\t\tif (N == 0) \n\t\t\treturn false; \n\t\tList<String> list = new ArrayList<String>();\n\t\tint[] cnt = new int[26]; \n\t\tint[] flag = new int[26]; \n\t\tfor(int i = 0; i < N; i++) {\n\t\t\tString s = reader.readLine();\n\t\t\tlist.add(s);\n\t\t\tchar c1 = s.charAt(0); \n\t\t\tchar c2 = s.charAt(s.length() - 1); \n\t\t\tcnt[c1 - 'a']++;\n\t\t\tflag[c1 - 'a'] = 1;\n\t\t\tcnt[c2 - 'a']--;\n\t\t}\n\t\tboolean dame = false;\n\t\tfor(int i = 0; i < cnt.length; i++) {\n\t\t\tif (cnt[i] != 0) {\n\t\t\t\tdame = true;\n\t\t\t\tbreak;\n\t\t\t}\n\t\t}\n\t\tif (!dame) {\n\t\t\tString s = list.get(0);\n\t\t\tchar c1 = s.charAt(0); \n\t\t\tchar c2 = s.charAt(s.length() - 1); \n\t\t\tflag[c1 - 'a'] = 0;\n\t\t\tfor(;;) {\n\t\t\t\tboolean modify = false;\n\t\t\t\tfor(int i = 0; i < list.size(); i++) {\n\t\t\t\t\ts = list.get(i);\n\t\t\t\t\tc1 = s.charAt(0); \n\t\t\t\t\tc2 = s.charAt(s.length() - 1); \n\t\t\t\t\tif (flag[c1 - 'a'] == 0 && flag[c2 - 'a'] != 0) {\n\t\t\t\t\t\tflag[c2 - 'a'] = 0;\n\t\t\t\t\t\tmodify = true;\n\t\t\t\t\t}\n\t\t\t\t}\n\t\t\t\tif (!modify)\n\t\t\t\t\tbreak;\n\t\t\t}\n\t\t\tfor(int i = 0; i < flag.length; i++) {\n\t\t\t\tif (flag[i] != 0) {\n\t\t\t\t\tdame = true;\n\t\t\t\t\tbreak;\n\t\t\t\t}\n\t\t\t}\n\t\t}\n\t\tSystem.out.printf(\"%s\\n\", dame ? \"NG\" : \"OK\");\n\t\treturn true; \n\t}\n\tprivate final static boolean DEBUG = false; \n\tpublic static void main(String[] args) throws IOException {\n\t\tif (DEBUG) {\n\t\t\tlog = System.out;\n\t\t\tString inputStr = \"7\\nab\\nbc\\nca\\nde\\nef\\nfg\\ngd\\n\" + \"0\\n\";\n\t\t\treader = new BufferedReader(new StringReader(inputStr)); \n\t\t}\n\t\telse {\n\t\t\tlog = new PrintStream(new OutputStream() { public void write(int b) {} } ); \n\t\t\treader = new BufferedReader(new InputStreamReader(System.in)); \n\t\t}\n\t\tfor(int i = 0; ; i++) {\n\t\t\tboolean b = new Main().main();\n\t\t\tif (!b)\n\t\t\t\tbreak;\n\t\t}\t\t\n\t\treader.close();\n\t}\n\tstatic PrintStream log;\n\tstatic BufferedReader reader;\n\tprivate static int[] readIntArray() throws IOException {\n\t\tString s = reader.readLine();\n\t\tif (s == null)\n\t\t\treturn null;\n\t\tString[] sp = s.split(\" \");\n\t\tint[] a = new int[sp.length];\n\t\tfor(int i = 0; i < sp.length; i++) {\n\t\t\ta[i] = Integer.parseInt(sp[i]);\n\t\t}\n\t\treturn a;\n\t}\n}",
      "covered_code": "For the provided Java program and the test case input, let's develop a plan for step by step execution to predict the code coverage:\n\n### Test Case Input:\n```\n7\nab\nbc\nca\nde\nef\nfg\ngd\n0\n```\n\n### Plan:\n1. **Import Statements**: Executed as part of the program setup.\n2. **Class Declaration**: Always executed.\n3. **Static variables initialization**: `log`, `reader` are initialized based on the `DEBUG` flag.\n4. **Main method execution**: Always executed. Initializes `log` and `reader` according to the `DEBUG` status.\n5. **Loop in `main` method**: Infinite loop that creates an instance of `Main` and calls the `main` method inside it until it returns `false`.\n6. **`main` method (non-static) execution**: \n    - Reads the first line, expecting it to be \"7\" based on the test case.\n    - Splits the input and parses the integer N=7.\n    - Enters a loop to read N strings and process them.\n    - Checks each string's first and last characters, updates `cnt` and `flag` arrays.\n    - After processing, checks if any `cnt` value is not 0, setting `dame` to true if found.\n    - If `dame` is false, enters another loop to modify flags based on the first and last characters of each string in the list.\n    - Checks `flag` array to potentially set `dame` to true.\n    - Prints \"OK\" if `dame` is false, \"NG\" otherwise.\n7. **Termination**: Returns `false` when \"0\" is processed, breaking the loop in the `main` method and closing the `reader`.\n\n### Code Coverage Prediction:\n\nGiven the test case and plan:\n\n- All import statements are covered: `> import java.io.*;` and `> import java.util.*;`\n- Class declaration is covered: `> public class Main {`\n- All statements in the static part of the `main` method are executed: `>`\n- The non-static `main` method will be executed once with the input \"7\", followed by the seven strings, and then with \"0\" causing it to return `false` and break the loop: `>`\n- All lines within the non-static `main` method are executed at least once, except for any lines exclusively related to handling exceptions other than `IOException` thrown by `Integer.parseInt(sss)`: `>`\n- The `DEBUG` section is not executed since `DEBUG` is `false`: `!`\n- The `readIntArray` method is never called in the given code path: `!`\n\n### Execution Output:\n\n- Since the given strings form a cycle \"ab -> bc -> ca\" and another disconnected segment \"de -> ef -> fg -> gd\", the output for the test case is \"OK\" because it doesn't violate the specific conditions checked by the program.\n\n### Final Code Coverage:\n\n- Most of the program is executed based on the test case, except for debug-related code and unused methods or exception branches not encountered by this specific input.",
      "test_seed_coverage": [
        ">",
        ">",
        ">",
        ">",
        ">",
        ">",
        ">",
        ">",
        ">",
        ">",
        ">",
        ">",
        ">",
        ">",
        ">",
        ">",
        ">",
        ">",
        ">",
        ">",
        ">",
        ">",
        ">",
        ">",
        ">",
        ">",
        ">",
        ">",
        ">",
        ">",
        ">",
        ">",
        ">",
        ">",
        ">",
        ">",
        ">",
        ">",
        ">",
        ">",
        ">",
        ">",
        ">",
        ">",
        ">",
        ">",
        ">",
        ">",
        ">",
        ">",
        ">",
        ">",
        ">",
        ">",
        ">",
        ">",
        ">",
        ">",
        ">",
        ">",
        ">",
        ">",
        ">",
        ">",
        ">",
        ">",
        ">",
        ">",
        ">",
        ">",
        ">",
        ">",
        ">",
        ">",
        ">",
        ">",
        ">",
        ">",
        ">",
        ">",
        ">",
        ">",
        ">",
        ">",
        ">",
        ">",
        ">",
        ">",
        ">",
        ">",
        ">",
        ">",
        ">",
        ">",
        ">"
      ],
      "cumulative_coverage": [
        ">",
        ">",
        ">",
        ">",
        ">",
        ">",
        ">",
        ">",
        ">",
        ">",
        ">",
        ">",
        ">",
        ">",
        ">",
        ">",
        ">",
        ">",
        ">",
        ">",
        ">",
        ">",
        ">",
        ">",
        ">",
        ">",
        ">",
        ">",
        ">",
        ">",
        ">",
        ">",
        ">",
        ">",
        ">",
        ">",
        ">",
        ">",
        ">",
        ">",
        ">",
        ">",
        ">",
        ">",
        ">",
        ">",
        ">",
        ">",
        ">",
        ">",
        ">",
        ">",
        ">",
        ">",
        ">",
        ">",
        ">",
        ">",
        ">",
        ">",
        ">",
        ">",
        ">",
        ">",
        ">",
        ">",
        ">",
        ">",
        ">",
        ">",
        ">",
        ">",
        ">",
        ">",
        ">",
        ">",
        ">",
        ">",
        ">",
        ">",
        ">",
        ">",
        ">",
        ">",
        ">",
        ">",
        ">",
        ">",
        ">",
        ">",
        ">",
        ">",
        ">",
        ">",
        ">"
      ],
      "execution_output": "NG",
      "cerberus_output": "",
      "execution_result": "",
      "test_case_id": "6"
    },
    {
      "test_case": [
        "Test Case Input:\n0"
      ],
      "test_mutations": [
        "Test Case Input:\n0"
      ],
      "initial_code": "import java.io.*;\nimport java.util.*;\npublic class Main {\n\tboolean main() throws IOException {\n\t\tString ss = reader.readLine();\n\t\tString[] sp = ss.split(\" \");\n\t\tString sss = sp[0];\n\t\tint N;\n\t\ttry {\n\t\t\tN = Integer.parseInt(sss);\n\t\t}catch(Exception e) {\n\t\t\tthrow new IOException();\n\t\t}\n\t\tif (N == 0) \n\t\t\treturn false; \n\t\tList<String> list = new ArrayList<String>();\n\t\tint[] cnt = new int[26]; \n\t\tint[] flag = new int[26]; \n\t\tfor(int i = 0; i < N; i++) {\n\t\t\tString s = reader.readLine();\n\t\t\tlist.add(s);\n\t\t\tchar c1 = s.charAt(0); \n\t\t\tchar c2 = s.charAt(s.length() - 1); \n\t\t\tcnt[c1 - 'a']++;\n\t\t\tflag[c1 - 'a'] = 1;\n\t\t\tcnt[c2 - 'a']--;\n\t\t}\n\t\tboolean dame = false;\n\t\tfor(int i = 0; i < cnt.length; i++) {\n\t\t\tif (cnt[i] != 0) {\n\t\t\t\tdame = true;\n\t\t\t\tbreak;\n\t\t\t}\n\t\t}\n\t\tif (!dame) {\n\t\t\tString s = list.get(0);\n\t\t\tchar c1 = s.charAt(0); \n\t\t\tchar c2 = s.charAt(s.length() - 1); \n\t\t\tflag[c1 - 'a'] = 0;\n\t\t\tfor(;;) {\n\t\t\t\tboolean modify = false;\n\t\t\t\tfor(int i = 0; i < list.size(); i++) {\n\t\t\t\t\ts = list.get(i);\n\t\t\t\t\tc1 = s.charAt(0); \n\t\t\t\t\tc2 = s.charAt(s.length() - 1); \n\t\t\t\t\tif (flag[c1 - 'a'] == 0 && flag[c2 - 'a'] != 0) {\n\t\t\t\t\t\tflag[c2 - 'a'] = 0;\n\t\t\t\t\t\tmodify = true;\n\t\t\t\t\t}\n\t\t\t\t}\n\t\t\t\tif (!modify)\n\t\t\t\t\tbreak;\n\t\t\t}\n\t\t\tfor(int i = 0; i < flag.length; i++) {\n\t\t\t\tif (flag[i] != 0) {\n\t\t\t\t\tdame = true;\n\t\t\t\t\tbreak;\n\t\t\t\t}\n\t\t\t}\n\t\t}\n\t\tSystem.out.printf(\"%s\\n\", dame ? \"NG\" : \"OK\");\n\t\treturn true; \n\t}\n\tprivate final static boolean DEBUG = false; \n\tpublic static void main(String[] args) throws IOException {\n\t\tif (DEBUG) {\n\t\t\tlog = System.out;\n\t\t\tString inputStr = \"7\\nab\\nbc\\nca\\nde\\nef\\nfg\\ngd\\n\" + \"0\\n\";\n\t\t\treader = new BufferedReader(new StringReader(inputStr)); \n\t\t}\n\t\telse {\n\t\t\tlog = new PrintStream(new OutputStream() { public void write(int b) {} } ); \n\t\t\treader = new BufferedReader(new InputStreamReader(System.in)); \n\t\t}\n\t\tfor(int i = 0; ; i++) {\n\t\t\tboolean b = new Main().main();\n\t\t\tif (!b)\n\t\t\t\tbreak;\n\t\t}\t\t\n\t\treader.close();\n\t}\n\tstatic PrintStream log;\n\tstatic BufferedReader reader;\n\tprivate static int[] readIntArray() throws IOException {\n\t\tString s = reader.readLine();\n\t\tif (s == null)\n\t\t\treturn null;\n\t\tString[] sp = s.split(\" \");\n\t\tint[] a = new int[sp.length];\n\t\tfor(int i = 0; i < sp.length; i++) {\n\t\t\ta[i] = Integer.parseInt(sp[i]);\n\t\t}\n\t\treturn a;\n\t}\n}",
      "covered_code": "To predict the code coverage for the given Java program and the test case input '0', let's follow a step-by-step plan based on the execution of the program.\n\n### Plan for Step by Step Execution\n\n1. **Import Statements**: Always executed.\n2. **Main Class Declaration**: Always executed.\n3. **Main Method Declaration**: Always executed.\n4. **DEBUG Flag Check**: Not directly related to coverage but will determine if the `DEBUG` code block is executed.\n5. **Initialization of `log` and `reader`**: Executed based on the DEBUG flag value. Since DEBUG is false by default, the else block will be executed.\n6. **Infinite Loop in `main` Method**: The loop will start execution.\n7. **Invocation of `main` Method of `Main` Object**: The `main` method is called for execution.\n8. **Reading and Parsing Input**: The first line read will be '0', which is used for the variable `N`.\n9. **Try-Catch Block**: Will successfully parse '0' into `N` without throwing an exception.\n10. **Check If `N == 0`**: Since `N` is 0, the method will return false.\n11. **Condition to Break Infinite Loop**: As the `main` method returns false, the infinite loop in the static main method will break.\n12. **Closing the `reader`**: Executed after breaking the loop.\n\n### Predicted Code Coverage\n\n- > import java.io.*;\n- > import java.util.*;\n- > public class Main {\n- >     boolean main() throws IOException {\n- >         String ss = reader.readLine();\n- >         String[] sp = ss.split(\" \");\n- >         String sss = sp[0];\n- >         int N;\n- >         try {\n- >             N = Integer.parseInt(sss);\n-         } catch(Exception e) {\n!             throw new IOException();\n-         }\n- >         if (N == 0)\n- >             return false;\n!         List<String> list = new ArrayList<String>();\n!         int[] cnt = new int[26];\n!         int[] flag = new int[26];\n!         for(int i = 0; i < N; i++) {\n!             String s = reader.readLine();\n!             list.add(s);\n!             char c1 = s.charAt(0);\n!             char c2 = s.charAt(s.length() - 1);\n!             cnt[c1 - 'a']++;\n!             flag[c1 - 'a'] = 1;\n!             cnt[c2 - 'a']--;\n!         }\n!         boolean dame = false;\n!         for(int i = 0; i < cnt.length; i++) {\n!             if (cnt[i] != 0) {\n!                 dame = true;\n!                 break;\n!             }\n!         }\n!         if (!dame) {\n!             String s = list.get(0);\n!             char c1 = s.charAt(0);\n!             char c2 = s.charAt(s.length() - 1);\n!             flag[c1 - 'a'] = 0;\n!             for(;;) {\n!                 boolean modify = false;\n!                 for(int i = 0; i < list.size(); i++) {\n!                     s = list.get(i);\n!                     c1 = s.charAt(0);\n!                     c2 = s.charAt(s.length() - 1);\n!                     if (flag[c1 - 'a'] == 0 && flag[c2 - 'a'] != 0) {\n!                         flag[c2 - 'a'] = 0;\n!                         modify = true;\n!                     }\n!                 }\n!                 if (!modify)\n!                     break;\n!             }\n!             for(int i = 0; i < flag.length; i++) {\n!                 if (flag[i] != 0) {\n!                     dame = true;\n!                     break;\n!                 }\n!             }\n!         }\n!         System.out.printf(\"%s\\n\", dame ? \"NG\" : \"OK\");\n- >         return true;\n-     }\n- >     private final static boolean DEBUG = false;\n- >     public static void main(String[] args) throws IOException {\n- >         if (DEBUG) {\n!             log = System.out;\n!             String inputStr = \"7\\nab\\nbc\\nca\\nde\\nef\\nfg\\ngd\\n\" + \"0\\n\";\n!             reader = new BufferedReader(new StringReader(inputStr));\n-         }\n-         else {\n-             log = new PrintStream(new OutputStream() { public void write(int b) {} });\n-             reader = new BufferedReader(new InputStreamReader(System.in));\n-         }\n-         for(int i = 0; ; i++) {\n-             boolean b = new Main().main();\n-             if (!b)\n- >                 break;\n-         }\n- >         reader.close();\n-     }\n- >     static PrintStream log;\n- >     static BufferedReader reader;\n!     private static int[] readIntArray() throws IOException {\n!         String s = reader.readLine();\n!         if (s == null)\n!             return null;\n!         String[] sp = s.split(\" \");\n!         int[] a = new int[sp.length];\n!         for(int i = 0; i < sp.length; i++) {\n!             a[i] = Integer.parseInt(sp[i]);\n!         }\n!         return a;\n-     }\n- }\n\nThe lines marked with \"!\" are not executed because the program returns early due to `N` being 0. The majority of the logic designed to process a non-zero `N` is skipped.",
      "test_seed_coverage": [
        ">",
        ">",
        ">",
        ">",
        ">",
        ">",
        ">",
        ">",
        ">",
        ">",
        ">",
        ">",
        ">",
        ">",
        ">",
        ">",
        ">",
        ">",
        ">",
        ">",
        ">",
        ">",
        ">",
        ">",
        ">",
        ">",
        ">",
        ">",
        ">",
        ">",
        ">",
        ">",
        ">",
        ">",
        ">",
        ">",
        ">",
        ">",
        ">",
        ">",
        ">",
        ">",
        ">",
        ">",
        ">",
        ">",
        ">",
        ">",
        ">",
        ">",
        ">",
        ">",
        ">",
        ">",
        ">",
        ">",
        ">",
        ">",
        ">",
        ">",
        ">",
        ">",
        ">",
        ">",
        ">",
        ">",
        ">",
        ">",
        ">",
        ">",
        ">",
        ">",
        ">",
        ">",
        ">",
        ">",
        ">",
        ">",
        ">",
        ">",
        ">",
        ">",
        ">",
        ">",
        ">",
        ">",
        ">",
        ">",
        ">",
        ">",
        ">",
        ">",
        ">",
        ">",
        ">"
      ],
      "cumulative_coverage": [
        ">",
        ">",
        ">",
        ">",
        ">",
        ">",
        ">",
        ">",
        ">",
        ">",
        ">",
        ">",
        ">",
        ">",
        ">",
        ">",
        ">",
        ">",
        ">",
        ">",
        ">",
        ">",
        ">",
        ">",
        ">",
        ">",
        ">",
        ">",
        ">",
        ">",
        ">",
        ">",
        ">",
        ">",
        ">",
        ">",
        ">",
        ">",
        ">",
        ">",
        ">",
        ">",
        ">",
        ">",
        ">",
        ">",
        ">",
        ">",
        ">",
        ">",
        ">",
        ">",
        ">",
        ">",
        ">",
        ">",
        ">",
        ">",
        ">",
        ">",
        ">",
        ">",
        ">",
        ">",
        ">",
        ">",
        ">",
        ">",
        ">",
        ">",
        ">",
        ">",
        ">",
        ">",
        ">",
        ">",
        ">",
        ">",
        ">",
        ">",
        ">",
        ">",
        ">",
        ">",
        ">",
        ">",
        ">",
        ">",
        ">",
        ">",
        ">",
        ">",
        ">",
        ">",
        ">"
      ],
      "execution_output": "",
      "cerberus_output": "",
      "execution_result": "",
      "test_case_id": "7"
    },
    {
      "test_case": [
        "Test Case Input:\n\"7\\nab\\nbc\\nca\\nde\\nef\\nfg\\ngd\\n0\\n\""
      ],
      "test_mutations": [
        "Test Case Input:\n\"7\\nab\\nbc\\nca\\nde\\nef\\nfg\\ngd\\n0\\n\""
      ],
      "initial_code": "import java.io.*;\nimport java.util.*;\npublic class Main {\n\tboolean main() throws IOException {\n\t\tString ss = reader.readLine();\n\t\tString[] sp = ss.split(\" \");\n\t\tString sss = sp[0];\n\t\tint N;\n\t\ttry {\n\t\t\tN = Integer.parseInt(sss);\n\t\t}catch(Exception e) {\n\t\t\tthrow new IOException();\n\t\t}\n\t\tif (N == 0) \n\t\t\treturn false; \n\t\tList<String> list = new ArrayList<String>();\n\t\tint[] cnt = new int[26]; \n\t\tint[] flag = new int[26]; \n\t\tfor(int i = 0; i < N; i++) {\n\t\t\tString s = reader.readLine();\n\t\t\tlist.add(s);\n\t\t\tchar c1 = s.charAt(0); \n\t\t\tchar c2 = s.charAt(s.length() - 1); \n\t\t\tcnt[c1 - 'a']++;\n\t\t\tflag[c1 - 'a'] = 1;\n\t\t\tcnt[c2 - 'a']--;\n\t\t}\n\t\tboolean dame = false;\n\t\tfor(int i = 0; i < cnt.length; i++) {\n\t\t\tif (cnt[i] != 0) {\n\t\t\t\tdame = true;\n\t\t\t\tbreak;\n\t\t\t}\n\t\t}\n\t\tif (!dame) {\n\t\t\tString s = list.get(0);\n\t\t\tchar c1 = s.charAt(0); \n\t\t\tchar c2 = s.charAt(s.length() - 1); \n\t\t\tflag[c1 - 'a'] = 0;\n\t\t\tfor(;;) {\n\t\t\t\tboolean modify = false;\n\t\t\t\tfor(int i = 0; i < list.size(); i++) {\n\t\t\t\t\ts = list.get(i);\n\t\t\t\t\tc1 = s.charAt(0); \n\t\t\t\t\tc2 = s.charAt(s.length() - 1); \n\t\t\t\t\tif (flag[c1 - 'a'] == 0 && flag[c2 - 'a'] != 0) {\n\t\t\t\t\t\tflag[c2 - 'a'] = 0;\n\t\t\t\t\t\tmodify = true;\n\t\t\t\t\t}\n\t\t\t\t}\n\t\t\t\tif (!modify)\n\t\t\t\t\tbreak;\n\t\t\t}\n\t\t\tfor(int i = 0; i < flag.length; i++) {\n\t\t\t\tif (flag[i] != 0) {\n\t\t\t\t\tdame = true;\n\t\t\t\t\tbreak;\n\t\t\t\t}\n\t\t\t}\n\t\t}\n\t\tSystem.out.printf(\"%s\\n\", dame ? \"NG\" : \"OK\");\n\t\treturn true; \n\t}\n\tprivate final static boolean DEBUG = false; \n\tpublic static void main(String[] args) throws IOException {\n\t\tif (DEBUG) {\n\t\t\tlog = System.out;\n\t\t\tString inputStr = \"7\\nab\\nbc\\nca\\nde\\nef\\nfg\\ngd\\n\" + \"0\\n\";\n\t\t\treader = new BufferedReader(new StringReader(inputStr)); \n\t\t}\n\t\telse {\n\t\t\tlog = new PrintStream(new OutputStream() { public void write(int b) {} } ); \n\t\t\treader = new BufferedReader(new InputStreamReader(System.in)); \n\t\t}\n\t\tfor(int i = 0; ; i++) {\n\t\t\tboolean b = new Main().main();\n\t\t\tif (!b)\n\t\t\t\tbreak;\n\t\t}\t\t\n\t\treader.close();\n\t}\n\tstatic PrintStream log;\n\tstatic BufferedReader reader;\n\tprivate static int[] readIntArray() throws IOException {\n\t\tString s = reader.readLine();\n\t\tif (s == null)\n\t\t\treturn null;\n\t\tString[] sp = s.split(\" \");\n\t\tint[] a = new int[sp.length];\n\t\tfor(int i = 0; i < sp.length; i++) {\n\t\t\ta[i] = Integer.parseInt(sp[i]);\n\t\t}\n\t\treturn a;\n\t}\n}",
      "covered_code": "Given the input and the Java program, let's develop a plan for step by step execution and predict the code coverage:\n\n1. **Import Statements**: Always executed. Coverage:\n   ```\n   > import java.io.*;\n   > import java.util.*;\n   ```\n\n2. **Class and Method Declarations**: Always executed. Coverage:\n   ```\n   > public class Main {\n   > boolean main() throws IOException {\n   > public static void main(String[] args) throws IOException {\n   > private static int[] readIntArray() throws IOException {\n   ```\n\n3. **Variable Initialization and Exception Handling in `main()` Method**:\n   - Since the input is `\"7\\nab\\nbc\\nca\\nde\\nef\\nfg\\ngd\\n0\\n\"`, the `main()` method will be called with `N = 7`, which is valid, so the try-catch block will successfully parse the integer.\n   - The `if (N == 0)` condition will not be met.\n   Coverage:\n   ```\n   > String ss = reader.readLine();\n   > String[] sp = ss.split(\" \");\n   > String sss = sp[0];\n   > int N;\n   > try {\n   >    N = Integer.parseInt(sss);\n   > } catch(Exception e) {\n   >    throw new IOException();\n   > }\n   > if (N == 0) \n   !    return false;\n   > List<String> list = new ArrayList<String>();\n   > int[] cnt = new int[26];\n   > int[] flag = new int[26];\n   ```\n\n4. **Loop for Reading Lines and Updating Counts**:\n   - This loop will execute `N` times, reading each string, adding it to the list, and updating `cnt` and `flag` arrays.\n   Coverage:\n   ```\n   > for(int i = 0; i < N; i++) {\n   >    String s = reader.readLine();\n   >    list.add(s);\n   >    char c1 = s.charAt(0);\n   >    char c2 = s.charAt(s.length() - 1);\n   >    cnt[c1 - 'a']++;\n   >    flag[c1 - 'a'] = 1;\n   >    cnt[c2 - 'a']--;\n   }\n   ```\n\n5. **Checking for Valid Counts**:\n   - This part of the code checks if the counts in the `cnt` array are all zeroes.\n   Coverage:\n   ```\n   > boolean dame = false;\n   > for(int i = 0; i < cnt.length; i++) {\n   >    if (cnt[i] != 0) {\n   >       dame = true;\n   >       break;\n   >    }\n   }\n   ```\n\n6. **Path Verification**:\n   - This code block attempts to verify if there's a valid path that can be formed with the strings.\n   - Given the nature of input, this part will also be executed, including the infinite loop with a break condition.\n   Coverage:\n   ```\n   > if (!dame) {\n   >    String s = list.get(0);\n   >    char c1 = s.charAt(0);\n   >    char c2 = s.charAt(s.length() - 1);\n   >    flag[c1 - 'a'] = 0;\n   >    for(;;) {\n   >       boolean modify = false;\n   >       for(int i = 0; i < list.size(); i++) {\n   >          s = list.get(i);\n   >          c1 = s.charAt(0);\n   >          c2 = s.charAt(s.length() - 1);\n   >          if (flag[c1 - 'a'] == 0 && flag[c2 - 'a'] != 0) {\n   >             flag[c2 - 'a'] = 0;\n   >             modify = true;\n   >          }\n   >       }\n   >       if (!modify)\n   >          break;\n   >    }\n   >    for(int i = 0; i < flag.length; i++) {\n   >       if (flag[i] != 0) {\n   >          dame = true;\n   >          break;\n   >       }\n   >    }\n   }\n   ```\n\n7. **Output and Loop in `static main` Method**:\n   - The output will be executed, and given the input, it will print either \"NG\" or \"OK\" based on the condition.\n   - The loop in the main method will continue until a false condition is met, which happens after processing the first `\"0\\n\"` in the input.\n   Coverage:\n   ```\n   > System.out.printf(\"%s\\n\", dame ? \"NG\" : \"OK\");\n   > if (DEBUG) {\n   > reader = new BufferedReader(new StringReader(inputStr));\n   > } else {\n   > reader = new BufferedReader(new InputStreamReader(System.in));\n   }\n   > for(int i = 0; ; i++) {\n   >    boolean b = new Main().main();\n   >    if (!b)\n   >       break;\n   }\n   > reader.close();\n   ```\n\n8. **UNUSED Method**: `readIntArray` is not used in the given code path.\n   ```\n   ! private static int[] readIntArray() throws IOException {\n   ```\n\n9. **DEBUG Variable**: Not directly executed because its value is checked but not changed or explicitly used in the covered code path.\n   ```\n   > private final static boolean DEBUG = false;\n   ```\n\nSummarizing, all parts of the code related to processing the input, handling exceptions, and performing logic checks are executed. Unused methods or parts of the code not triggered by the given inputs are marked as not executed.",
      "test_seed_coverage": [
        ">",
        ">",
        ">",
        ">",
        ">",
        ">",
        ">",
        ">",
        ">",
        ">",
        ">",
        ">",
        ">",
        ">",
        ">",
        ">",
        ">",
        ">",
        ">",
        ">",
        ">",
        ">",
        ">",
        ">",
        ">",
        ">",
        ">",
        ">",
        ">",
        ">",
        ">",
        ">",
        ">",
        ">",
        ">",
        ">",
        ">",
        ">",
        ">",
        ">",
        ">",
        ">",
        ">",
        ">",
        ">",
        ">",
        ">",
        ">",
        ">",
        ">",
        ">",
        ">",
        ">",
        ">",
        ">",
        ">",
        ">",
        ">",
        ">",
        ">",
        ">",
        ">",
        ">",
        ">",
        ">",
        ">",
        ">",
        ">",
        ">",
        ">",
        ">",
        ">",
        ">",
        ">",
        ">",
        ">",
        ">",
        ">",
        ">",
        ">",
        ">",
        ">",
        ">",
        ">",
        ">",
        ">",
        ">",
        ">",
        ">",
        ">",
        ">",
        ">",
        ">",
        ">",
        ">"
      ],
      "cumulative_coverage": [
        ">",
        ">",
        ">",
        ">",
        ">",
        ">",
        ">",
        ">",
        ">",
        ">",
        ">",
        ">",
        ">",
        ">",
        ">",
        ">",
        ">",
        ">",
        ">",
        ">",
        ">",
        ">",
        ">",
        ">",
        ">",
        ">",
        ">",
        ">",
        ">",
        ">",
        ">",
        ">",
        ">",
        ">",
        ">",
        ">",
        ">",
        ">",
        ">",
        ">",
        ">",
        ">",
        ">",
        ">",
        ">",
        ">",
        ">",
        ">",
        ">",
        ">",
        ">",
        ">",
        ">",
        ">",
        ">",
        ">",
        ">",
        ">",
        ">",
        ">",
        ">",
        ">",
        ">",
        ">",
        ">",
        ">",
        ">",
        ">",
        ">",
        ">",
        ">",
        ">",
        ">",
        ">",
        ">",
        ">",
        ">",
        ">",
        ">",
        ">",
        ">",
        ">",
        ">",
        ">",
        ">",
        ">",
        ">",
        ">",
        ">",
        ">",
        ">",
        ">",
        ">",
        ">",
        ">"
      ],
      "execution_error": "Exception in thread \"main\" java.io.IOException\n\tat Main.main(Main.java:12)\n\tat Main.main(Main.java:76)",
      "cerberus_output": "",
      "execution_result": "",
      "test_case_id": "8"
    },
    {
      "test_case": [
        "Test Case Input:\n\"7\\nab\\nbc\\nca\\nde\\nef\\nfg\\ngd\\n0\\n\""
      ],
      "test_mutations": [
        "Test Case Input:\n\"7\\nab\\nbc\\nca\\nde\\nef\\nfg\\ngd\\n0\\n\""
      ],
      "initial_code": "import java.io.*;\nimport java.util.*;\npublic class Main {\n\tboolean main() throws IOException {\n\t\tString ss = reader.readLine();\n\t\tString[] sp = ss.split(\" \");\n\t\tString sss = sp[0];\n\t\tint N;\n\t\ttry {\n\t\t\tN = Integer.parseInt(sss);\n\t\t}catch(Exception e) {\n\t\t\tthrow new IOException();\n\t\t}\n\t\tif (N == 0) \n\t\t\treturn false; \n\t\tList<String> list = new ArrayList<String>();\n\t\tint[] cnt = new int[26]; \n\t\tint[] flag = new int[26]; \n\t\tfor(int i = 0; i < N; i++) {\n\t\t\tString s = reader.readLine();\n\t\t\tlist.add(s);\n\t\t\tchar c1 = s.charAt(0); \n\t\t\tchar c2 = s.charAt(s.length() - 1); \n\t\t\tcnt[c1 - 'a']++;\n\t\t\tflag[c1 - 'a'] = 1;\n\t\t\tcnt[c2 - 'a']--;\n\t\t}\n\t\tboolean dame = false;\n\t\tfor(int i = 0; i < cnt.length; i++) {\n\t\t\tif (cnt[i] != 0) {\n\t\t\t\tdame = true;\n\t\t\t\tbreak;\n\t\t\t}\n\t\t}\n\t\tif (!dame) {\n\t\t\tString s = list.get(0);\n\t\t\tchar c1 = s.charAt(0); \n\t\t\tchar c2 = s.charAt(s.length() - 1); \n\t\t\tflag[c1 - 'a'] = 0;\n\t\t\tfor(;;) {\n\t\t\t\tboolean modify = false;\n\t\t\t\tfor(int i = 0; i < list.size(); i++) {\n\t\t\t\t\ts = list.get(i);\n\t\t\t\t\tc1 = s.charAt(0); \n\t\t\t\t\tc2 = s.charAt(s.length() - 1); \n\t\t\t\t\tif (flag[c1 - 'a'] == 0 && flag[c2 - 'a'] != 0) {\n\t\t\t\t\t\tflag[c2 - 'a'] = 0;\n\t\t\t\t\t\tmodify = true;\n\t\t\t\t\t}\n\t\t\t\t}\n\t\t\t\tif (!modify)\n\t\t\t\t\tbreak;\n\t\t\t}\n\t\t\tfor(int i = 0; i < flag.length; i++) {\n\t\t\t\tif (flag[i] != 0) {\n\t\t\t\t\tdame = true;\n\t\t\t\t\tbreak;\n\t\t\t\t}\n\t\t\t}\n\t\t}\n\t\tSystem.out.printf(\"%s\\n\", dame ? \"NG\" : \"OK\");\n\t\treturn true; \n\t}\n\tprivate final static boolean DEBUG = false; \n\tpublic static void main(String[] args) throws IOException {\n\t\tif (DEBUG) {\n\t\t\tlog = System.out;\n\t\t\tString inputStr = \"7\\nab\\nbc\\nca\\nde\\nef\\nfg\\ngd\\n\" + \"0\\n\";\n\t\t\treader = new BufferedReader(new StringReader(inputStr)); \n\t\t}\n\t\telse {\n\t\t\tlog = new PrintStream(new OutputStream() { public void write(int b) {} } ); \n\t\t\treader = new BufferedReader(new InputStreamReader(System.in)); \n\t\t}\n\t\tfor(int i = 0; ; i++) {\n\t\t\tboolean b = new Main().main();\n\t\t\tif (!b)\n\t\t\t\tbreak;\n\t\t}\t\t\n\t\treader.close();\n\t}\n\tstatic PrintStream log;\n\tstatic BufferedReader reader;\n\tprivate static int[] readIntArray() throws IOException {\n\t\tString s = reader.readLine();\n\t\tif (s == null)\n\t\t\treturn null;\n\t\tString[] sp = s.split(\" \");\n\t\tint[] a = new int[sp.length];\n\t\tfor(int i = 0; i < sp.length; i++) {\n\t\t\ta[i] = Integer.parseInt(sp[i]);\n\t\t}\n\t\treturn a;\n\t}\n}",
      "covered_code": "Given the complexity and the multiple steps involved in the code, let's break down the execution plan and predict the code coverage based on the provided test input `\"7\\nab\\nbc\\nca\\nde\\nef\\nfg\\ngd\\n0\\n\"`.\n\n### Execution Plan\n\n1. **Class and Method Declarations**: Always executed.\n2. **DEBUG Condition**: Not true based on given input; hence, the DEBUG related code block is not covered.\n3. **Main method execution**: Always executed.\n4. **Infinite loop in the main method**: Always enters at least once.\n5. **Call to `main` method of `Main` instance**: Always executed in the loop until a condition breaks it.\n6. **Reading and parsing the first line for `N`**: Always executed, `N` is read from the input.\n7. **Try-catch block for parsing `N`**: Always executed, successfully parses `N` from the input without throwing an exception.\n8. **Check if `N == 0`**: Not true based on the input (`N = 7`).\n9. **Reading strings and populating `list`, `cnt`, and `flag` arrays**: Executed `N` times for each string input.\n10. **Checking if `cnt` array has non-zero elements**: Executed, determines if there is an imbalance in starting and ending characters.\n11. **Modifying `flag` array**: The loop and conditions inside this block are executed based on the list contents and `flag` array.\n12. **Final check on `flag` array for zero elements**: Executed, determines the final output based on whether any flag remains set.\n13. **Printing result**: Executed, prints \"OK\" or \"NG\" based on the `dame` variable.\n14. **Loop Break Condition in Main**: The provided input includes `\"0\\n\"` to indicate the end, breaking the loop.\n15. **Closing `reader`**: Executed after the loop breaks.\n\n### Code Coverage Prediction\n\n```\n> import java.io.*;\n> import java.util.*;\n> public class Main {\n>     boolean main() throws IOException {\n>         String ss = reader.readLine();\n>         String[] sp = ss.split(\" \");\n>         String sss = sp[0];\n>         int N;\n>         try {\n>             N = Integer.parseInt(sss);\n>         } catch(Exception e) {\n>             throw new IOException();\n>         }\n>         if (N == 0) \n!             return false; \n>         List<String> list = new ArrayList<String>();\n>         int[] cnt = new int[26]; \n>         int[] flag = new int[26]; \n>         for(int i = 0; i < N; i++) {\n>             String s = reader.readLine();\n>             list.add(s);\n>             char c1 = s.charAt(0); \n>             char c2 = s.charAt(s.length() - 1); \n>             cnt[c1 - 'a']++;\n>             flag[c1 - 'a'] = 1;\n>             cnt[c2 - 'a']--;\n>         }\n>         boolean dame = false;\n>         for(int i = 0; i < cnt.length; i++) {\n>             if (cnt[i] != 0) {\n>                 dame = true;\n>                 break;\n>             }\n>         }\n>         if (!dame) {\n>             String s = list.get(0);\n>             char c1 = s.charAt(0); \n>             char c2 = s.charAt(s.length() - 1); \n>             flag[c1 - 'a'] = 0;\n>             for(;;) {\n>                 boolean modify = false;\n>                 for(int i = 0; i < list.size(); i++) {\n>                     s = list.get(i);\n>                     c1 = s.charAt(0); \n>                     c2 = s.charAt(s.length() - 1); \n>                     if (flag[c1 - 'a'] == 0 && flag[c2 - 'a'] != 0) {\n>                         flag[c2 - 'a'] = 0;\n>                         modify = true;\n>                     }\n>                 }\n>                 if (!modify)\n>                     break;\n>             }\n>             for(int i = 0; i < flag.length; i++) {\n>                 if (flag[i] != 0) {\n>                     dame = true;\n>                     break;\n>                 }\n>             }\n>         }\n>         System.out.printf(\"%s\\n\", dame ? \"NG\" : \"OK\");\n>         return true; \n>     }\n!     private final static boolean DEBUG = false; \n>     public static void main(String[] args) throws IOException {\n!         if (DEBUG) {\n!             log = System.out;\n!             String inputStr = \"7\\nab\\nbc\\nca\\nde\\nef\\nfg\\ngd\\n\" + \"0\\n\";\n!             reader = new BufferedReader(new StringReader(inputStr)); \n>         }\n!         else {\n>             log = new PrintStream(new OutputStream() { public void write(int b) {} } ); \n>             reader = new BufferedReader(new InputStreamReader(System.in)); \n>         }\n>         for(int i = 0; ; i++) {\n>             boolean b = new Main().main();\n>             if (!b)\n>                 break;\n>         }\n>         reader.close();\n>     }\n>     static PrintStream log;\n>     static BufferedReader reader;\n!     private static int[] readIntArray() throws IOException {\n!         String s = reader.readLine();\n!         if (s == null)\n!             return null;\n!         String[] sp = s.split(\" \");\n!         int[] a = new int[sp.length];\n!         for(int i = 0; i < sp.length; i++) {\n!             a[i] = Integer.parseInt(sp[i]);\n!         }\n!         return a;\n>     }\n> }\n```\n\n### Notes\n- Lines marked with `!` are not executed based on the provided test input and the explanation.\n- This coverage is specific to the provided test input and behavior of the program; different inputs may result in different coverage.\n- The `DEBUG` block and the method `readIntArray` are never used with the given test setup, hence marked as not executed.",
      "test_seed_coverage": [
        ">",
        ">",
        ">",
        ">",
        ">",
        ">",
        ">",
        ">",
        ">",
        ">",
        ">",
        ">",
        ">",
        ">",
        ">",
        ">",
        ">",
        ">",
        ">",
        ">",
        ">",
        ">",
        ">",
        ">",
        ">",
        ">",
        ">",
        ">",
        ">",
        ">",
        ">",
        ">",
        ">",
        ">",
        ">",
        ">",
        ">",
        ">",
        ">",
        ">",
        ">",
        ">",
        ">",
        ">",
        ">",
        ">",
        ">",
        ">",
        ">",
        ">",
        ">",
        ">",
        ">",
        ">",
        ">",
        ">",
        ">",
        ">",
        ">",
        ">",
        ">",
        ">",
        ">",
        ">",
        ">",
        ">",
        ">",
        ">",
        ">",
        ">",
        ">",
        ">",
        ">",
        ">",
        ">",
        ">",
        ">",
        ">",
        ">",
        ">",
        ">",
        ">",
        ">",
        ">",
        ">",
        ">",
        ">",
        ">",
        ">",
        ">",
        ">",
        ">",
        ">",
        ">",
        ">"
      ],
      "cumulative_coverage": [
        ">",
        ">",
        ">",
        ">",
        ">",
        ">",
        ">",
        ">",
        ">",
        ">",
        ">",
        ">",
        ">",
        ">",
        ">",
        ">",
        ">",
        ">",
        ">",
        ">",
        ">",
        ">",
        ">",
        ">",
        ">",
        ">",
        ">",
        ">",
        ">",
        ">",
        ">",
        ">",
        ">",
        ">",
        ">",
        ">",
        ">",
        ">",
        ">",
        ">",
        ">",
        ">",
        ">",
        ">",
        ">",
        ">",
        ">",
        ">",
        ">",
        ">",
        ">",
        ">",
        ">",
        ">",
        ">",
        ">",
        ">",
        ">",
        ">",
        ">",
        ">",
        ">",
        ">",
        ">",
        ">",
        ">",
        ">",
        ">",
        ">",
        ">",
        ">",
        ">",
        ">",
        ">",
        ">",
        ">",
        ">",
        ">",
        ">",
        ">",
        ">",
        ">",
        ">",
        ">",
        ">",
        ">",
        ">",
        ">",
        ">",
        ">",
        ">",
        ">",
        ">",
        ">",
        ">"
      ],
      "execution_error": "Exception in thread \"main\" java.io.IOException\n\tat Main.main(Main.java:12)\n\tat Main.main(Main.java:76)",
      "cerberus_output": "",
      "execution_result": "",
      "test_case_id": "9"
    }
  ]
}