{
  "submission_id": "s604120319",
  "cycles": [
    {
      "test_case": [
        "Test Case Input:\n4\n1 2 x 3\n\nTest Case Input:\n6\n1 2 3 x 4 5"
      ],
      "test_mutations": [
        "Test Case Input:\n4\n1 2 x 3\n\nTest Case Input:\n6\n1 2 3 x 4 5"
      ],
      "initial_code": "import java.util.*;\npublic class Main { \n\tpublic static void main(String[] args) {\n\t\tScanner stdIn = new Scanner(System.in);\n\t\tST:while(true) {\n\t\t\tint n = stdIn.nextInt();\n\t\t\tif(n == 0) break;\n\t\t\tint[] a = new int[n];\n\t\t\tboolean[] b = new boolean[n];\n\t\t\tboolean lastB = false;\n\t\t\tboolean km = true;\n\t\t\tfor(int i = 0; i < n; i++) {\n\t\t\t\tString k = stdIn.next();\n\t\t\t\tif(k.equals(\"x\")) {\n\t\t\t\t\ta[i] = 0;\n\t\t\t\t\tb[i] = true;\n\t\t\t\t\tif(lastB) {\n\t\t\t\t\t\tSystem.out.println(\"none\");\n\t\t\t\t\t\tcontinue ST;\n\t\t\t\t\t}\n\t\t\t\t\tlastB = true;\n\t\t\t\t\tkm = false;\n\t\t\t\t}\n\t\t\t\telse {\n\t\t\t\t\ta[i] = Integer.parseInt(k);\n\t\t\t\t\tif(!lastB) {\n\t\t\t\t\t\tif(i != 0 && (i+1)%2 == 0) {\n\t\t\t\t\t\t\tif(a[i-1] >= a[i]) {\n\t\t\t\t\t\t\t\tSystem.out.println(\"none\");\n\t\t\t\t\t\t\t\tcontinue ST;\n\t\t\t\t\t\t\t}\n\t\t\t\t\t\t}\n\t\t\t\t\t\telse if(i != 0 && (i+1)%2 == 1) {\n\t\t\t\t\t\t\tif(a[i-1] <= a[i]) {\n\t\t\t\t\t\t\t\tSystem.out.println(\"none\");\n\t\t\t\t\t\t\t\tcontinue ST;\n\t\t\t\t\t\t\t}\n\t\t\t\t\t\t}\n\t\t\t\t\t}\n\t\t\t\t\tlastB = false;\n\t\t\t\t}\n\t\t\t}\n\t\t\tif(km) {\n\t\t\t\tSystem.out.println(\"ambiguous\");\n\t\t\t\tcontinue ST;\n\t\t\t}\n\t\t\tint max = Integer.MIN_VALUE;\n\t\t\tint min = Integer.MAX_VALUE;\n\t\t\tfor(int i = 0; i < n; i++) {\n\t\t\t\tif(b[i]) {\n\t\t\t\t\tif((i+1)%2 == 0) {\n\t\t\t\t\t\tint an = Integer.MIN_VALUE;\n\t\t\t\t\t\tint bn = Integer.MIN_VALUE;\n\t\t\t\t\t\tif(i != 0 && !b[i-1]) {\n\t\t\t\t\t\t\tan = a[i-1];\n\t\t\t\t\t\t}\n\t\t\t\t\t\tif(i != n-1 && !b[i+1]) {\n\t\t\t\t\t\t\tbn = a[i+1];\n\t\t\t\t\t\t}\n\t\t\t\t\t\tif(min > Math.max(an, bn)) {\n\t\t\t\t\t\t\tmin = Math.max(an, bn)+1;\n\t\t\t\t\t\t}\n\t\t\t\t\t}\n\t\t\t\t\telse {\n\t\t\t\t\t\tint an = Integer.MAX_VALUE;\n\t\t\t\t\t\tint bn = Integer.MAX_VALUE;\n\t\t\t\t\t\tif(i != 0 && !b[i-1]) {\n\t\t\t\t\t\t\tan = a[i-1];\n\t\t\t\t\t\t}\n\t\t\t\t\t\tif(i != n-1 && !b[i+1]) {\n\t\t\t\t\t\t\tbn = a[i+1];\n\t\t\t\t\t\t}\n\t\t\t\t\t\tif(max < Math.min(an, bn)) {\n\t\t\t\t\t\t\tmax = Math.min(an, bn)-1;\n\t\t\t\t\t\t}\n\t\t\t\t\t}\n\t\t\t\t}\n\t\t\t}\n\t\t\tif(min == max) {\n\t\t\t\tSystem.out.println(min);\n\t\t\t}\n\t\t\telse if(min > max && a.length != 2){\n\t\t\t\tSystem.out.println(\"none\");\n\t\t\t}\n\t\t\telse {\n\t\t\t\tSystem.out.println(\"ambiguous\");\n\t\t\t}\n\t\t}\n\t}\n}",
      "covered_code": "Given the test case inputs and the Java program, let's develop a plan to predict the code coverage:\n\n**Test Case Input:**\n1. 4 1 2 x 3\n2. 6 1 2 3 x 4 5\n\n**Plan for Execution:**\n\n1. **Import Statement Execution:** The import statement `import java.util.*;` is always executed.\n2. **Main Class and Method Declaration:** The class declaration `public class Main {` and the `public static void main(String[] args) {` are always executed.\n3. **ST Label and While True Loop:** The statement `ST:while(true) {` indicates the start of an infinite loop which is conditionally broken, thus it's always executed.\n4. **Input Reading and Loop Break Condition:** The statement `int n = stdIn.nextInt();` reads the first input which is the number of elements. The condition `if(n == 0) break;` checks if the input is 0 to break the loop. This is not the case for our test inputs, so the break is not executed.\n5. **Array Declaration and Initialization:** The statements initializing arrays `int[] a = new int[n];` and `boolean[] b = new boolean[n];` will be executed for both test cases as part of the setup for processing inputs.\n6. **First For Loop:** The for-loop that processes each input `for(int i = 0; i < n; i++) {` is executed, processing each element in the input sequence.\n7. **Input Processing and Conditional Checks:** The processing includes checking if the input is \"x\" `if(k.equals(\"x\")) {`, adjusting arrays accordingly, and checking for sequence order. These statements will be executed based on the input values and conditions met.\n8. **Print Statements:** There are multiple print statements throughout the loop for different conditions (e.g., \"none\", \"ambiguous\", or a number). Execution of these depends on the specific inputs and the order they create.\n9. **Continue Statement:** The `continue ST;` statement is used to skip to the next iteration of the labeled loop when certain conditions are met.\n10. **Max and Min Calculation:** After the loop, calculations for `max` and `min` are performed based on the boolean array `b[]`. This block is executed as part of determining the final output.\n11. **Final Output Conditions:** Based on the `max` and `min` values, and the condition of the array, a final output (\"none\", \"ambiguous\", or a specific number) is printed. These conditions are checked and executed as per the inputs.\n\n**Code Coverage Prediction:**\n\nGiven the test cases:\n1. **First Test Case (4 1 2 x 3):** This test case will exercise the input processing, including the handling of \"x\", and the checks for sequence order. It would also lead to the calculation of `min` and `max` and output a result based on those calculations.\n   \n2. **Second Test Case (6 1 2 3 x 4 5):** Similar to the first, this test case will further exercise the input processing logic, sequence order checks, and the calculation of `min` and `max`. This case has more numbers and includes \"x\" not at the beginning, which tests different parts of the logic for determining the output.\n\n**Specific Lines Execution:**\n- Most of the logic inside the while-loop and for-loop will be executed due to the nature of the inputs, including conditions and assignments.\n- The \"none\", \"ambiguous\", and specific number output conditions will be executed based on the flow dictated by the inputs.\n\n**Exceptions and Special Conditions:** \n- There are no explicit exception handling blocks in the given code. However, parsing integers and the logic for calculating `min` and `max` are potential points of interest depending on input handling and logic flow but should be covered by the given inputs.\n\n**Overall,** the given test cases are likely to provide high code coverage, particularly exercising the logic for processing inputs, sequence checks, and output determination based on the `min` and `max` calculations and array conditions.",
      "test_seed_coverage": [
        ">",
        ">",
        ">",
        ">",
        ">",
        ">",
        ">",
        ">",
        ">",
        ">",
        ">",
        ">",
        ">",
        ">",
        ">",
        ">",
        ">",
        ">",
        ">",
        ">",
        ">",
        ">",
        ">",
        ">",
        ">",
        ">",
        ">",
        ">",
        ">",
        ">",
        ">",
        ">",
        ">",
        ">",
        ">",
        ">",
        ">",
        ">",
        ">",
        ">",
        ">",
        ">",
        ">",
        ">",
        ">",
        ">",
        ">",
        ">",
        ">",
        ">",
        ">",
        ">",
        ">",
        ">",
        ">",
        ">",
        ">",
        ">",
        ">",
        ">",
        ">",
        ">",
        ">",
        ">",
        ">",
        ">",
        ">",
        ">",
        ">",
        ">",
        ">",
        ">",
        ">",
        ">",
        ">",
        ">",
        ">",
        ">",
        ">",
        ">",
        ">",
        ">",
        ">",
        ">",
        ">",
        ">",
        ">",
        ">",
        ">",
        ">"
      ],
      "cumulative_coverage": [
        ">",
        ">",
        ">",
        ">",
        ">",
        ">",
        ">",
        ">",
        ">",
        ">",
        ">",
        ">",
        ">",
        ">",
        ">",
        ">",
        ">",
        ">",
        ">",
        ">",
        ">",
        ">",
        ">",
        ">",
        ">",
        ">",
        ">",
        ">",
        ">",
        ">",
        ">",
        ">",
        ">",
        ">",
        ">",
        ">",
        ">",
        ">",
        ">",
        ">",
        ">",
        ">",
        ">",
        ">",
        ">",
        ">",
        ">",
        ">",
        ">",
        ">",
        ">",
        ">",
        ">",
        ">",
        ">",
        ">",
        ">",
        ">",
        ">",
        ">",
        ">",
        ">",
        ">",
        ">",
        ">",
        ">",
        ">",
        ">",
        ">",
        ">",
        ">",
        ">",
        ">",
        ">",
        ">",
        ">",
        ">",
        ">",
        ">",
        ">",
        ">",
        ">",
        ">",
        ">",
        ">",
        ">",
        ">",
        ">",
        ">",
        ">"
      ],
      "execution_error": "Exception in thread \"main\" java.util.InputMismatchException\n\tat java.base/java.util.Scanner.throwFor(Scanner.java:947)\n\tat java.base/java.util.Scanner.next(Scanner.java:1602)\n\tat java.base/java.util.Scanner.nextInt(Scanner.java:2267)\n\tat java.base/java.util.Scanner.nextInt(Scanner.java:2221)\n\tat Main.main(Main.java:6)",
      "cerberus_output": "Exceptions",
      "execution_result": "InputMismatchException",
      "test_case_id": "1"
    },
    {
      "test_case": [
        "Test Case Input:\n3\n1\nx\n3"
      ],
      "test_mutations": [
        "Test Case Input:\n3\n1\nx\n3"
      ],
      "initial_code": "import java.util.*;\npublic class Main { \n\tpublic static void main(String[] args) {\n\t\tScanner stdIn = new Scanner(System.in);\n\t\tST:while(true) {\n\t\t\tint n = stdIn.nextInt();\n\t\t\tif(n == 0) break;\n\t\t\tint[] a = new int[n];\n\t\t\tboolean[] b = new boolean[n];\n\t\t\tboolean lastB = false;\n\t\t\tboolean km = true;\n\t\t\tfor(int i = 0; i < n; i++) {\n\t\t\t\tString k = stdIn.next();\n\t\t\t\tif(k.equals(\"x\")) {\n\t\t\t\t\ta[i] = 0;\n\t\t\t\t\tb[i] = true;\n\t\t\t\t\tif(lastB) {\n\t\t\t\t\t\tSystem.out.println(\"none\");\n\t\t\t\t\t\tcontinue ST;\n\t\t\t\t\t}\n\t\t\t\t\tlastB = true;\n\t\t\t\t\tkm = false;\n\t\t\t\t}\n\t\t\t\telse {\n\t\t\t\t\ta[i] = Integer.parseInt(k);\n\t\t\t\t\tif(!lastB) {\n\t\t\t\t\t\tif(i != 0 && (i+1)%2 == 0) {\n\t\t\t\t\t\t\tif(a[i-1] >= a[i]) {\n\t\t\t\t\t\t\t\tSystem.out.println(\"none\");\n\t\t\t\t\t\t\t\tcontinue ST;\n\t\t\t\t\t\t\t}\n\t\t\t\t\t\t}\n\t\t\t\t\t\telse if(i != 0 && (i+1)%2 == 1) {\n\t\t\t\t\t\t\tif(a[i-1] <= a[i]) {\n\t\t\t\t\t\t\t\tSystem.out.println(\"none\");\n\t\t\t\t\t\t\t\tcontinue ST;\n\t\t\t\t\t\t\t}\n\t\t\t\t\t\t}\n\t\t\t\t\t}\n\t\t\t\t\tlastB = false;\n\t\t\t\t}\n\t\t\t}\n\t\t\tif(km) {\n\t\t\t\tSystem.out.println(\"ambiguous\");\n\t\t\t\tcontinue ST;\n\t\t\t}\n\t\t\tint max = Integer.MIN_VALUE;\n\t\t\tint min = Integer.MAX_VALUE;\n\t\t\tfor(int i = 0; i < n; i++) {\n\t\t\t\tif(b[i]) {\n\t\t\t\t\tif((i+1)%2 == 0) {\n\t\t\t\t\t\tint an = Integer.MIN_VALUE;\n\t\t\t\t\t\tint bn = Integer.MIN_VALUE;\n\t\t\t\t\t\tif(i != 0 && !b[i-1]) {\n\t\t\t\t\t\t\tan = a[i-1];\n\t\t\t\t\t\t}\n\t\t\t\t\t\tif(i != n-1 && !b[i+1]) {\n\t\t\t\t\t\t\tbn = a[i+1];\n\t\t\t\t\t\t}\n\t\t\t\t\t\tif(min > Math.max(an, bn)) {\n\t\t\t\t\t\t\tmin = Math.max(an, bn)+1;\n\t\t\t\t\t\t}\n\t\t\t\t\t}\n\t\t\t\t\telse {\n\t\t\t\t\t\tint an = Integer.MAX_VALUE;\n\t\t\t\t\t\tint bn = Integer.MAX_VALUE;\n\t\t\t\t\t\tif(i != 0 && !b[i-1]) {\n\t\t\t\t\t\t\tan = a[i-1];\n\t\t\t\t\t\t}\n\t\t\t\t\t\tif(i != n-1 && !b[i+1]) {\n\t\t\t\t\t\t\tbn = a[i+1];\n\t\t\t\t\t\t}\n\t\t\t\t\t\tif(max < Math.min(an, bn)) {\n\t\t\t\t\t\t\tmax = Math.min(an, bn)-1;\n\t\t\t\t\t\t}\n\t\t\t\t\t}\n\t\t\t\t}\n\t\t\t}\n\t\t\tif(min == max) {\n\t\t\t\tSystem.out.println(min);\n\t\t\t}\n\t\t\telse if(min > max && a.length != 2){\n\t\t\t\tSystem.out.println(\"none\");\n\t\t\t}\n\t\t\telse {\n\t\t\t\tSystem.out.println(\"ambiguous\");\n\t\t\t}\n\t\t}\n\t}\n}",
      "covered_code": "Given the test case input '3\\n1\\nx\\n3', let's develop the execution plan and predict the code coverage for the provided Java program.\n\n**Plan for Step by Step Execution:**\n\n1. **Import Statements**: Always executed.\n2. **Class Declaration**: Always executed.\n3. **Main Method Declaration**: Always executed.\n4. **Scanner Object Creation**: Always executed.\n5. **ST Label and While Loop**: The while loop is always entered at least once because its condition is `true`.\n6. **User Input for `n`**: The user inputs '3', so the loop continues.\n7. **Array and Boolean Array Initialization**: Arrays `a` and `b` are initialized based on the input '3'.\n8. **Loop for Input and Logic**: The loop iterates 3 times since 'n' is 3.\n   - First Iteration: The user inputs '1', which is processed without triggering any special conditions.\n   - Second Iteration: The user inputs 'x', setting `a[i]` to 0 and `b[i]` to true. `lastB` becomes true, and `km` becomes false.\n   - Third Iteration: The user inputs '3', which is processed, checking conditions based on previous values.\n9. **If-else Logic for Output**: Based on the boolean array and the `km` flag, the program decides between \"ambiguous\", \"none\", or a specific value.\n10. **Break or Continue**: Depending on the conditions met, the loop may continue with the next iteration or break.\n11. **Scanner Close**: Not explicitly mentioned, but it's good practice to close the scanner at the end of its use (though not covered in this scenario).\n\n**Predicted Code Coverage:**\n\n- Import Statements: Executed\n- Class Declaration: Executed\n- Main Method Declaration: Executed\n- Scanner Object Creation: Executed\n- ST Label and While Loop: Executed\n- User Input for `n`: Executed\n- Array and Boolean Array Initialization: Executed\n- Loop for Input and Logic: Executed\n- If-else Logic for Output: Executed for the given inputs.\n- Break or Continue: Depending on the program's logic and inputs, certain conditions trigger a break or continue.\n\nConsidering the specific input '3\\n1\\nx\\n3', let's detail the coverage:\n\n```\n> import java.util.*;\n> public class Main {\n>     public static void main(String[] args) {\n>         Scanner stdIn = new Scanner(System.in);\n>         ST: while(true) {\n>             int n = stdIn.nextInt();\n>             if (n == 0) break;\n>             int[] a = new int[n];\n>             boolean[] b = new boolean[n];\n>             boolean lastB = false;\n>             boolean km = true;\n>             for (int i = 0; i < n; i++) {\n>                 String k = stdIn.next();\n>                 if (k.equals(\"x\")) {\n>                     a[i] = 0;\n>                     b[i] = true;\n>                     if (lastB) {\n>                         System.out.println(\"none\");\n>                         continue ST;\n>                     }\n>                     lastB = true;\n>                     km = false;\n>                 } else {\n>                     a[i] = Integer.parseInt(k);\n>                     if (!lastB) {\n>                         if (i != 0 && (i + 1) % 2 == 0) {\n>                             if (a[i - 1] >= a[i]) {\n>                                 System.out.println(\"none\");\n>                                 continue ST;\n>                             }\n>                         } else if (i != 0 && (i + 1) % 2 == 1) {\n>                             if (a[i - 1] <= a[i]) {\n>                                 System.out.println(\"none\");\n>                                 continue ST;\n>                             }\n>                         }\n>                     }\n>                     lastB = false;\n>                 }\n>             }\n>             if (km) {\n>                 System.out.println(\"ambiguous\");\n>                 continue ST;\n>             }\n>             int max = Integer.MIN_VALUE;\n>             int min = Integer.MAX_VALUE;\n>             for (int i = 0; i < n; i++) {\n>                 if (b[i]) {\n>                     // Logic for determining min and max values\n>                 }\n>             }\n>             // Logic for determining output based on min and max\n>         }\n>     }\n> }\n```\n\n**Note:** The detailed logic within the second for-loop for determining min and max values and the final decision logic (ambiguous, none, or a specific value) will be executed based on the program's conditions and inputs. Given the specific input ('3\\n1\\nx\\n3'), the execution path will depend on those conditions being met. However, without running the code, the exact line-by-line execution for the latter part of the logic cannot be precisely predicted due to the branching logic and dependency on input values.",
      "test_seed_coverage": [
        ">",
        ">",
        ">",
        ">",
        ">",
        ">",
        ">",
        ">",
        ">",
        ">",
        ">",
        ">",
        ">",
        ">",
        ">",
        ">",
        ">",
        ">",
        ">",
        ">",
        ">",
        ">",
        ">",
        ">",
        ">",
        ">",
        ">",
        ">",
        ">",
        ">",
        ">",
        ">",
        ">",
        ">",
        ">",
        ">",
        ">",
        ">",
        ">",
        ">",
        ">",
        ">",
        ">",
        ">",
        ">",
        ">",
        ">",
        ">",
        ">",
        ">",
        ">",
        ">",
        ">",
        ">",
        ">",
        ">",
        ">",
        ">",
        ">",
        ">",
        ">",
        ">",
        ">",
        ">",
        ">",
        ">",
        ">",
        ">",
        ">",
        ">",
        ">",
        ">",
        ">",
        ">",
        ">",
        ">",
        ">",
        ">",
        ">",
        ">",
        ">",
        ">",
        ">",
        ">",
        ">",
        ">",
        ">",
        ">",
        ">",
        ">"
      ],
      "cumulative_coverage": [
        ">",
        ">",
        ">",
        ">",
        ">",
        ">",
        ">",
        ">",
        ">",
        ">",
        ">",
        ">",
        ">",
        ">",
        ">",
        ">",
        ">",
        ">",
        ">",
        ">",
        ">",
        ">",
        ">",
        ">",
        ">",
        ">",
        ">",
        ">",
        ">",
        ">",
        ">",
        ">",
        ">",
        ">",
        ">",
        ">",
        ">",
        ">",
        ">",
        ">",
        ">",
        ">",
        ">",
        ">",
        ">",
        ">",
        ">",
        ">",
        ">",
        ">",
        ">",
        ">",
        ">",
        ">",
        ">",
        ">",
        ">",
        ">",
        ">",
        ">",
        ">",
        ">",
        ">",
        ">",
        ">",
        ">",
        ">",
        ">",
        ">",
        ">",
        ">",
        ">",
        ">",
        ">",
        ">",
        ">",
        ">",
        ">",
        ">",
        ">",
        ">",
        ">",
        ">",
        ">",
        ">",
        ">",
        ">",
        ">",
        ">",
        ">"
      ],
      "execution_error": "Exception in thread \"main\" java.util.NoSuchElementException\n\tat java.base/java.util.Scanner.throwFor(Scanner.java:945)\n\tat java.base/java.util.Scanner.next(Scanner.java:1602)\n\tat java.base/java.util.Scanner.nextInt(Scanner.java:2267)\n\tat java.base/java.util.Scanner.nextInt(Scanner.java:2221)\n\tat Main.main(Main.java:6)",
      "cerberus_output": "",
      "execution_result": "NoSuchElementException",
      "test_case_id": "2"
    },
    {
      "test_case": [
        "Test Case Input:\n5\n1\n2\nx\n3\n4"
      ],
      "test_mutations": [
        "Test Case Input:\n5\n1\n2\nx\n3\n4"
      ],
      "initial_code": "import java.util.*;\npublic class Main { \n\tpublic static void main(String[] args) {\n\t\tScanner stdIn = new Scanner(System.in);\n\t\tST:while(true) {\n\t\t\tint n = stdIn.nextInt();\n\t\t\tif(n == 0) break;\n\t\t\tint[] a = new int[n];\n\t\t\tboolean[] b = new boolean[n];\n\t\t\tboolean lastB = false;\n\t\t\tboolean km = true;\n\t\t\tfor(int i = 0; i < n; i++) {\n\t\t\t\tString k = stdIn.next();\n\t\t\t\tif(k.equals(\"x\")) {\n\t\t\t\t\ta[i] = 0;\n\t\t\t\t\tb[i] = true;\n\t\t\t\t\tif(lastB) {\n\t\t\t\t\t\tSystem.out.println(\"none\");\n\t\t\t\t\t\tcontinue ST;\n\t\t\t\t\t}\n\t\t\t\t\tlastB = true;\n\t\t\t\t\tkm = false;\n\t\t\t\t}\n\t\t\t\telse {\n\t\t\t\t\ta[i] = Integer.parseInt(k);\n\t\t\t\t\tif(!lastB) {\n\t\t\t\t\t\tif(i != 0 && (i+1)%2 == 0) {\n\t\t\t\t\t\t\tif(a[i-1] >= a[i]) {\n\t\t\t\t\t\t\t\tSystem.out.println(\"none\");\n\t\t\t\t\t\t\t\tcontinue ST;\n\t\t\t\t\t\t\t}\n\t\t\t\t\t\t}\n\t\t\t\t\t\telse if(i != 0 && (i+1)%2 == 1) {\n\t\t\t\t\t\t\tif(a[i-1] <= a[i]) {\n\t\t\t\t\t\t\t\tSystem.out.println(\"none\");\n\t\t\t\t\t\t\t\tcontinue ST;\n\t\t\t\t\t\t\t}\n\t\t\t\t\t\t}\n\t\t\t\t\t}\n\t\t\t\t\tlastB = false;\n\t\t\t\t}\n\t\t\t}\n\t\t\tif(km) {\n\t\t\t\tSystem.out.println(\"ambiguous\");\n\t\t\t\tcontinue ST;\n\t\t\t}\n\t\t\tint max = Integer.MIN_VALUE;\n\t\t\tint min = Integer.MAX_VALUE;\n\t\t\tfor(int i = 0; i < n; i++) {\n\t\t\t\tif(b[i]) {\n\t\t\t\t\tif((i+1)%2 == 0) {\n\t\t\t\t\t\tint an = Integer.MIN_VALUE;\n\t\t\t\t\t\tint bn = Integer.MIN_VALUE;\n\t\t\t\t\t\tif(i != 0 && !b[i-1]) {\n\t\t\t\t\t\t\tan = a[i-1];\n\t\t\t\t\t\t}\n\t\t\t\t\t\tif(i != n-1 && !b[i+1]) {\n\t\t\t\t\t\t\tbn = a[i+1];\n\t\t\t\t\t\t}\n\t\t\t\t\t\tif(min > Math.max(an, bn)) {\n\t\t\t\t\t\t\tmin = Math.max(an, bn)+1;\n\t\t\t\t\t\t}\n\t\t\t\t\t}\n\t\t\t\t\telse {\n\t\t\t\t\t\tint an = Integer.MAX_VALUE;\n\t\t\t\t\t\tint bn = Integer.MAX_VALUE;\n\t\t\t\t\t\tif(i != 0 && !b[i-1]) {\n\t\t\t\t\t\t\tan = a[i-1];\n\t\t\t\t\t\t}\n\t\t\t\t\t\tif(i != n-1 && !b[i+1]) {\n\t\t\t\t\t\t\tbn = a[i+1];\n\t\t\t\t\t\t}\n\t\t\t\t\t\tif(max < Math.min(an, bn)) {\n\t\t\t\t\t\t\tmax = Math.min(an, bn)-1;\n\t\t\t\t\t\t}\n\t\t\t\t\t}\n\t\t\t\t}\n\t\t\t}\n\t\t\tif(min == max) {\n\t\t\t\tSystem.out.println(min);\n\t\t\t}\n\t\t\telse if(min > max && a.length != 2){\n\t\t\t\tSystem.out.println(\"none\");\n\t\t\t}\n\t\t\telse {\n\t\t\t\tSystem.out.println(\"ambiguous\");\n\t\t\t}\n\t\t}\n\t}\n}",
      "covered_code": "To predict the code coverage for the given Java program based on the test case input \"5\\n1\\n2\\nx\\n3\\n4\", we'll follow a step-by-step execution plan. The test case implies that the input will consist of the number 5 followed by 4 integer values and one 'x', indicating the input sequence for the program to process.\n\n1. **Import statements and Class Declaration**: These parts of the code are always executed as they are part of the program's structure.\n    - `import java.util.*;`\n    - `public class Main {`\n\n2. **Main method declaration**: The entry point of the Java program, which is always executed.\n    - `public static void main(String[] args) {`\n\n3. **Scanner object creation**: Creation of Scanner object to read inputs.\n    - `Scanner stdIn = new Scanner(System.in);`\n\n4. **Entering the while loop**: The loop condition is `true`, so it will always execute at least once.\n    - `ST:while(true) {`\n\n5. **Reading the first input (n=5)**: The first input is read and stored in variable `n`, indicating 5 iterations in the upcoming loop.\n    - `int n = stdIn.nextInt();`\n\n6. **Processing the loop for 5 iterations**: Since `n=5`, the loop iterating over `n` and the associated logic will be executed 5 times.\n    - `for(int i = 0; i < n; i++) {`\n\n7. **Reading the inputs (1, 2, 'x', 3, 4)**: Each iteration reads an input, with one of them being 'x', triggering specific branches of the loop's logic.\n    - `String k = stdIn.next();`\n\n8. **Conditionals and logic based on inputs**:\n    - For inputs \"1\" and \"2\", the program checks the order and proceeds without interruption.\n    - For input \"x\", the program sets `a[i] = 0`, `b[i] = true`, and executes the logic for a missing value. Since `lastB` becomes `true`, and `km` becomes `false`, specific branches are triggered.\n    - Upon input \"x\", the program prints \"none\" due to the logic in the if-else branches and continues from the start of the `ST` label, not reaching the code that checks for 'ambiguous', 'none', or prints a value at the end.\n\n9. **Continuation and exit of the loop**: After processing the input 'x', the loop is continued from the start due to `continue ST;`. The exact flow of the loop is determined by the input sequence, but given the provided input, the program will not exit the loop normally but will instead jump to the start upon encountering 'x'.\n\n10. **Closing the scanner**: The scanner is not explicitly closed in the code snippet, but it's a good practice to close resources.\n\nBased on the execution plan and the given input, the code coverage is as follows:\n\n```\n> import java.util.*;\n> public class Main { \n> \tpublic static void main(String[] args) {\n> \t\tScanner stdIn = new Scanner(System.in);\n> \t\tST:while(true) {\n> \t\t\tint n = stdIn.nextInt();\n! \t\t\tif(n == 0) break;\n> \t\t\tint[] a = new int[n];\n> \t\t\tboolean[] b = new boolean[n];\n> \t\t\tboolean lastB = false;\n> \t\t\tboolean km = true;\n> \t\t\tfor(int i = 0; i < n; i++) {\n> \t\t\t\tString k = stdIn.next();\n> \t\t\t\tif(k.equals(\"x\")) {\n> \t\t\t\t\ta[i] = 0;\n> \t\t\t\t\tb[i] = true;\n> \t\t\t\t\tif(lastB) {\n> \t\t\t\t\t\tSystem.out.println(\"none\");\n> \t\t\t\t\t\tcontinue ST;\n> \t\t\t\t\t}\n> \t\t\t\t\tlastB = true;\n> \t\t\t\t\tkm = false;\n> \t\t\t\t}\n> \t\t\t\telse {\n> \t\t\t\t\ta[i] = Integer.parseInt(k);\n> \t\t\t\t\tif(!lastB) {\n> \t\t\t\t\t\tif(i != 0 && (i+1)%2 == 0) {\n> \t\t\t\t\t\t\tif(a[i-1] >= a[i]) {\n> \t\t\t\t\t\t\t\tSystem.out.println(\"none\");\n> \t\t\t\t\t\t\t\tcontinue ST;\n> \t\t\t\t\t\t\t}\n> \t\t\t\t\t\t}\n> \t\t\t\t\t\telse if(i != 0 && (i+1)%2 == 1) {\n> \t\t\t\t\t\t\tif(a[i-1] <= a[i]) {\n> \t\t\t\t\t\t\t\tSystem.out.println(\"none\");\n> \t\t\t\t\t\t\t\tcontinue ST;\n> \t\t\t\t\t\t\t}\n> \t\t\t\t\t\t}\n> \t\t\t\t\t}\n> \t\t\t\t\tlastB = false;\n> \t\t\t\t}\n> \t\t\t}\n! \t\t\tif(km) {\n! \t\t\t\tSystem.out.println(\"ambiguous\");\n! \t\t\t\tcontinue ST;\n! \t\t\t}\n! \t\t\tint max = Integer.MIN_VALUE;\n! \t\t\tint min = Integer.MAX_VALUE;\n! \t\t\tfor(int i = 0; i < n; i++) {\n! \t\t\t\tif(b[i]) {\n! \t\t\t\t\tif((i+1)%2 == 0) {\n! \t\t\t\t\t\tint an = Integer.MIN_VALUE;\n! \t\t\t\t\t\tint bn = Integer.MIN_VALUE;\n! \t\t\t\t\t\tif(i != 0 && !b[i-1]) {\n! \t\t\t\t\t\t\tan = a[i-1];\n! \t\t\t\t\t\t}\n! \t\t\t\t\t\tif(i != n-1 && !b[i+1]) {\n! \t\t\t\t\t\t\tbn = a[i+1];\n! \t\t\t\t\t\t}\n! \t\t\t\t\t\tif(min > Math.max(an, bn)) {\n! \t\t\t\t\t\t\tmin = Math.max(an, bn)+1;\n! \t\t\t\t\t\t}\n! \t\t\t\t\t}\n! \t\t\t\t\telse {\n! \t\t\t\t\t\tint an = Integer.MAX_VALUE;\n! \t\t\t\t\t\tint bn = Integer.MAX_VALUE;\n! \t\t\t\t\t\tif(i != 0 && !b[i-1]) {\n! \t\t\t\t\t\t\tan = a[i-1];\n! \t\t\t\t\t\t}\n! \t\t\t\t\t\tif(i != n-1 && !b[i+1]) {\n! \t\t\t\t\t\t\tbn = a[i+1];\n! \t\t\t\t\t\t}\n! \t\t\t\t\t\tif(max < Math.min(an, bn)) {\n! \t\t\t\t\t\t\tmax = Math.min(an, bn)-1;\n! \t\t\t\t\t\t}\n! \t\t\t\t\t}\n! \t\t\t\t}\n! \t\t\t}\n! \t\t\tif(min == max) {\n! \t\t\t\tSystem.out.println(min);\n! \t\t\t}\n! \t\t\telse if(min > max && a.length != 2){\n! \t\t\t\tSystem.out.println(\"none\");\n! \t\t\t}\n! \t\t\telse {\n! \t\t\t\tSystem.out.println(\"ambiguous\");\n! \t\t\t}\n> \t\t}\n> \t}\n> }\n```\n\nGiven the input, all parts of the loop and conditions related to input processing and the 'x' case are executed. However, the parts after the loop and the conditions that require a complete pass through the input without triggering a `continue` are not executed due to the specific input and logic flow.",
      "test_seed_coverage": [
        ">",
        ">",
        ">",
        ">",
        ">",
        ">",
        ">",
        ">",
        ">",
        ">",
        ">",
        ">",
        ">",
        ">",
        ">",
        ">",
        ">",
        ">",
        ">",
        ">",
        ">",
        ">",
        ">",
        ">",
        ">",
        ">",
        ">",
        ">",
        ">",
        ">",
        ">",
        ">",
        ">",
        ">",
        ">",
        ">",
        ">",
        ">",
        ">",
        ">",
        ">",
        ">",
        ">",
        ">",
        ">",
        ">",
        ">",
        ">",
        ">",
        ">",
        ">",
        ">",
        ">",
        ">",
        ">",
        ">",
        ">",
        ">",
        ">",
        ">",
        ">",
        ">",
        ">",
        ">",
        ">",
        ">",
        ">",
        ">",
        ">",
        ">",
        ">",
        ">",
        ">",
        ">",
        ">",
        ">",
        ">",
        ">",
        ">",
        ">",
        ">",
        ">",
        ">",
        ">",
        ">",
        ">",
        ">",
        ">",
        ">",
        ">"
      ],
      "cumulative_coverage": [
        ">",
        ">",
        ">",
        ">",
        ">",
        ">",
        ">",
        ">",
        ">",
        ">",
        ">",
        ">",
        ">",
        ">",
        ">",
        ">",
        ">",
        ">",
        ">",
        ">",
        ">",
        ">",
        ">",
        ">",
        ">",
        ">",
        ">",
        ">",
        ">",
        ">",
        ">",
        ">",
        ">",
        ">",
        ">",
        ">",
        ">",
        ">",
        ">",
        ">",
        ">",
        ">",
        ">",
        ">",
        ">",
        ">",
        ">",
        ">",
        ">",
        ">",
        ">",
        ">",
        ">",
        ">",
        ">",
        ">",
        ">",
        ">",
        ">",
        ">",
        ">",
        ">",
        ">",
        ">",
        ">",
        ">",
        ">",
        ">",
        ">",
        ">",
        ">",
        ">",
        ">",
        ">",
        ">",
        ">",
        ">",
        ">",
        ">",
        ">",
        ">",
        ">",
        ">",
        ">",
        ">",
        ">",
        ">",
        ">",
        ">",
        ">"
      ],
      "execution_error": "Exception in thread \"main\" java.util.NoSuchElementException\n\tat java.base/java.util.Scanner.throwFor(Scanner.java:945)\n\tat java.base/java.util.Scanner.next(Scanner.java:1602)\n\tat java.base/java.util.Scanner.nextInt(Scanner.java:2267)\n\tat java.base/java.util.Scanner.nextInt(Scanner.java:2221)\n\tat Main.main(Main.java:6)",
      "cerberus_output": "",
      "execution_result": "NoSuchElementException",
      "test_case_id": "3"
    },
    {
      "test_case": [
        "Test Case Input:\n0"
      ],
      "test_mutations": [
        "Test Case Input:\n0"
      ],
      "initial_code": "import java.util.*;\npublic class Main { \n\tpublic static void main(String[] args) {\n\t\tScanner stdIn = new Scanner(System.in);\n\t\tST:while(true) {\n\t\t\tint n = stdIn.nextInt();\n\t\t\tif(n == 0) break;\n\t\t\tint[] a = new int[n];\n\t\t\tboolean[] b = new boolean[n];\n\t\t\tboolean lastB = false;\n\t\t\tboolean km = true;\n\t\t\tfor(int i = 0; i < n; i++) {\n\t\t\t\tString k = stdIn.next();\n\t\t\t\tif(k.equals(\"x\")) {\n\t\t\t\t\ta[i] = 0;\n\t\t\t\t\tb[i] = true;\n\t\t\t\t\tif(lastB) {\n\t\t\t\t\t\tSystem.out.println(\"none\");\n\t\t\t\t\t\tcontinue ST;\n\t\t\t\t\t}\n\t\t\t\t\tlastB = true;\n\t\t\t\t\tkm = false;\n\t\t\t\t}\n\t\t\t\telse {\n\t\t\t\t\ta[i] = Integer.parseInt(k);\n\t\t\t\t\tif(!lastB) {\n\t\t\t\t\t\tif(i != 0 && (i+1)%2 == 0) {\n\t\t\t\t\t\t\tif(a[i-1] >= a[i]) {\n\t\t\t\t\t\t\t\tSystem.out.println(\"none\");\n\t\t\t\t\t\t\t\tcontinue ST;\n\t\t\t\t\t\t\t}\n\t\t\t\t\t\t}\n\t\t\t\t\t\telse if(i != 0 && (i+1)%2 == 1) {\n\t\t\t\t\t\t\tif(a[i-1] <= a[i]) {\n\t\t\t\t\t\t\t\tSystem.out.println(\"none\");\n\t\t\t\t\t\t\t\tcontinue ST;\n\t\t\t\t\t\t\t}\n\t\t\t\t\t\t}\n\t\t\t\t\t}\n\t\t\t\t\tlastB = false;\n\t\t\t\t}\n\t\t\t}\n\t\t\tif(km) {\n\t\t\t\tSystem.out.println(\"ambiguous\");\n\t\t\t\tcontinue ST;\n\t\t\t}\n\t\t\tint max = Integer.MIN_VALUE;\n\t\t\tint min = Integer.MAX_VALUE;\n\t\t\tfor(int i = 0; i < n; i++) {\n\t\t\t\tif(b[i]) {\n\t\t\t\t\tif((i+1)%2 == 0) {\n\t\t\t\t\t\tint an = Integer.MIN_VALUE;\n\t\t\t\t\t\tint bn = Integer.MIN_VALUE;\n\t\t\t\t\t\tif(i != 0 && !b[i-1]) {\n\t\t\t\t\t\t\tan = a[i-1];\n\t\t\t\t\t\t}\n\t\t\t\t\t\tif(i != n-1 && !b[i+1]) {\n\t\t\t\t\t\t\tbn = a[i+1];\n\t\t\t\t\t\t}\n\t\t\t\t\t\tif(min > Math.max(an, bn)) {\n\t\t\t\t\t\t\tmin = Math.max(an, bn)+1;\n\t\t\t\t\t\t}\n\t\t\t\t\t}\n\t\t\t\t\telse {\n\t\t\t\t\t\tint an = Integer.MAX_VALUE;\n\t\t\t\t\t\tint bn = Integer.MAX_VALUE;\n\t\t\t\t\t\tif(i != 0 && !b[i-1]) {\n\t\t\t\t\t\t\tan = a[i-1];\n\t\t\t\t\t\t}\n\t\t\t\t\t\tif(i != n-1 && !b[i+1]) {\n\t\t\t\t\t\t\tbn = a[i+1];\n\t\t\t\t\t\t}\n\t\t\t\t\t\tif(max < Math.min(an, bn)) {\n\t\t\t\t\t\t\tmax = Math.min(an, bn)-1;\n\t\t\t\t\t\t}\n\t\t\t\t\t}\n\t\t\t\t}\n\t\t\t}\n\t\t\tif(min == max) {\n\t\t\t\tSystem.out.println(min);\n\t\t\t}\n\t\t\telse if(min > max && a.length != 2){\n\t\t\t\tSystem.out.println(\"none\");\n\t\t\t}\n\t\t\telse {\n\t\t\t\tSystem.out.println(\"ambiguous\");\n\t\t\t}\n\t\t}\n\t}\n}",
      "covered_code": "Given the test input `0` for the provided Java program, let's develop a plan for step-by-step execution to predict the code coverage. \n\n### Plan for Execution:\n\n1. **Import Statement Execution**: Import statement \"import java.util.*;\" will be covered.\n2. **Class Declaration Execution**: Statement \"public class Main {\" is always executed.\n3. **Main Method Execution**: Statement \"public static void main(String[] args) {\" is always executed.\n4. **Scanner and While Loop Initialization**: Statement \"Scanner stdIn = new Scanner(System.in);\" and the beginning of the while loop \"ST:while(true) {\" are executed.\n5. **User Input for 'n'**: Given the input is `0`, the statement \"int n = stdIn.nextInt();\" will be executed and will read the value `0`.\n6. **Conditional Break from the Loop**: Since `n == 0`, the condition \"if(n == 0) break;\" is satisfied and the program will exit the while loop.\n7. **Termination of Program**: As the program breaks out of the while loop, it effectively reaches its end without executing any further statements within the loop.\n8. **Closing Brackets and End of Program**: The closing brackets for the main method and class are considered executed as the program terminates normally.\n\n### Predicted Code Coverage:\n\nGiven the specific test input and following the execution plan, the code coverage is as follows:\n\n```\n> import java.util.*;\n> public class Main {\n> \tpublic static void main(String[] args) {\n> \t\tScanner stdIn = new Scanner(System.in);\n> \t\tST:while(true) {\n> \t\t\tint n = stdIn.nextInt();\n> \t\t\tif(n == 0) break;\n! \t\t\tint[] a = new int[n];\n! \t\t\tboolean[] b = new boolean[n];\n! \t\t\tboolean lastB = false;\n! \t\t\tboolean km = true;\n! \t\t\tfor(int i = 0; i < n; i++) {\n! \t\t\t\tString k = stdIn.next();\n! \t\t\t\tif(k.equals(\"x\")) {\n! \t\t\t\t\ta[i] = 0;\n! \t\t\t\t\tb[i] = true;\n! \t\t\t\t\tif(lastB) {\n! \t\t\t\t\t\tSystem.out.println(\"none\");\n! \t\t\t\t\t\tcontinue ST;\n! \t\t\t\t\t}\n! \t\t\t\t\tlastB = true;\n! \t\t\t\t\tkm = false;\n! \t\t\t\t}\n! \t\t\t\telse {\n! \t\t\t\t\ta[i] = Integer.parseInt(k);\n! \t\t\t\t\tif(!lastB) {\n! \t\t\t\t\t\tif(i != 0 && (i+1)%2 == 0) {\n! \t\t\t\t\t\t\tif(a[i-1] >= a[i]) {\n! \t\t\t\t\t\t\t\tSystem.out.println(\"none\");\n! \t\t\t\t\t\t\t\tcontinue ST;\n! \t\t\t\t\t\t\t}\n! \t\t\t\t\t\t}\n! \t\t\t\t\t\telse if(i != 0 && (i+1)%2 == 1) {\n! \t\t\t\t\t\t\tif(a[i-1] <= a[i]) {\n! \t\t\t\t\t\t\t\tSystem.out.println(\"none\");\n! \t\t\t\t\t\t\t\tcontinue ST;\n! \t\t\t\t\t\t\t}\n! \t\t\t\t\t\t}\n! \t\t\t\t\t}\n! \t\t\t\t\tlastB = false;\n! \t\t\t\t}\n! \t\t\t}\n! \t\t\tif(km) {\n! \t\t\t\tSystem.out.println(\"ambiguous\");\n! \t\t\t\tcontinue ST;\n! \t\t\t}\n! \t\t\tint max = Integer.MIN_VALUE;\n! \t\t\tint min = Integer.MAX_VALUE;\n! \t\t\tfor(int i = 0; i < n; i++) {\n! \t\t\t\tif(b[i]) {\n! \t\t\t\t\tif((i+1)%2 == 0) {\n! \t\t\t\t\t\tint an = Integer.MIN_VALUE;\n! \t\t\t\t\t\tint bn = Integer.MIN_VALUE;\n! \t\t\t\t\t\tif(i != 0 && !b[i-1]) {\n! \t\t\t\t\t\t\tan = a[i-1];\n! \t\t\t\t\t\t}\n! \t\t\t\t\t\tif(i != n-1 && !b[i+1]) {\n! \t\t\t\t\t\t\tbn = a[i+1];\n! \t\t\t\t\t\t}\n! \t\t\t\t\t\tif(min > Math.max(an, bn)) {\n! \t\t\t\t\t\t\tmin = Math.max(an, bn)+1;\n! \t\t\t\t\t\t}\n! \t\t\t\t\t}\n! \t\t\t\t\telse {\n! \t\t\t\t\t\tint an = Integer.MAX_VALUE;\n! \t\t\t\t\t\tint bn = Integer.MAX_VALUE;\n! \t\t\t\t\t\tif(i != 0 && !b[i-1]) {\n! \t\t\t\t\t\t\tan = a[i-1];\n! \t\t\t\t\t\t}\n! \t\t\t\t\t\tif(i != n-1 && !b[i+1]) {\n! \t\t\t\t\t\t\tbn = a[i+1];\n! \t\t\t\t\t\t}\n! \t\t\t\t\t\tif(max < Math.min(an, bn)) {\n! \t\t\t\t\t\t\tmax = Math.min(an, bn)-1;\n! \t\t\t\t\t\t}\n! \t\t\t\t\t}\n! \t\t\t\t}\n! \t\t\t}\n! \t\t\tif(min == max) {\n! \t\t\t\tSystem.out.println(min);\n! \t\t\t}\n! \t\t\telse if(min > max && a.length != 2){\n! \t\t\t\tSystem.out.println(\"none\");\n! \t\t\t}\n! \t\t\telse {\n! \t\t\t\tSystem.out.println(\"ambiguous\");\n! \t\t\t}\n> \t\t}\n> \t}\n> }\n```\n\n**Output**: There is no runtime exception raised since the program exits gracefully upon receiving the input `0`. The loop and its contents are not executed due to the immediate break condition met, leading to a significant portion of the program not being covered by this specific test case.",
      "test_seed_coverage": [
        ">",
        ">",
        ">",
        ">",
        ">",
        ">",
        ">",
        ">",
        ">",
        ">",
        ">",
        ">",
        ">",
        ">",
        ">",
        ">",
        ">",
        ">",
        ">",
        ">",
        ">",
        ">",
        ">",
        ">",
        ">",
        ">",
        ">",
        ">",
        ">",
        ">",
        ">",
        ">",
        ">",
        ">",
        ">",
        ">",
        ">",
        ">",
        ">",
        ">",
        ">",
        ">",
        ">",
        ">",
        ">",
        ">",
        ">",
        ">",
        ">",
        ">",
        ">",
        ">",
        ">",
        ">",
        ">",
        ">",
        ">",
        ">",
        ">",
        ">",
        ">",
        ">",
        ">",
        ">",
        ">",
        ">",
        ">",
        ">",
        ">",
        ">",
        ">",
        ">",
        ">",
        ">",
        ">",
        ">",
        ">",
        ">",
        ">",
        ">",
        ">",
        ">",
        ">",
        ">",
        ">",
        ">",
        ">",
        ">",
        ">",
        ">"
      ],
      "cumulative_coverage": [
        ">",
        ">",
        ">",
        ">",
        ">",
        ">",
        ">",
        ">",
        ">",
        ">",
        ">",
        ">",
        ">",
        ">",
        ">",
        ">",
        ">",
        ">",
        ">",
        ">",
        ">",
        ">",
        ">",
        ">",
        ">",
        ">",
        ">",
        ">",
        ">",
        ">",
        ">",
        ">",
        ">",
        ">",
        ">",
        ">",
        ">",
        ">",
        ">",
        ">",
        ">",
        ">",
        ">",
        ">",
        ">",
        ">",
        ">",
        ">",
        ">",
        ">",
        ">",
        ">",
        ">",
        ">",
        ">",
        ">",
        ">",
        ">",
        ">",
        ">",
        ">",
        ">",
        ">",
        ">",
        ">",
        ">",
        ">",
        ">",
        ">",
        ">",
        ">",
        ">",
        ">",
        ">",
        ">",
        ">",
        ">",
        ">",
        ">",
        ">",
        ">",
        ">",
        ">",
        ">",
        ">",
        ">",
        ">",
        ">",
        ">",
        ">"
      ],
      "execution_output": "",
      "cerberus_output": "",
      "execution_result": "",
      "test_case_id": "4"
    },
    {
      "test_case": [
        "Test Case Input:\n5\n1\nx\n3\nx\n2"
      ],
      "test_mutations": [
        "Test Case Input:\n5\n1\nx\n3\nx\n2"
      ],
      "initial_code": "import java.util.*;\npublic class Main { \n\tpublic static void main(String[] args) {\n\t\tScanner stdIn = new Scanner(System.in);\n\t\tST:while(true) {\n\t\t\tint n = stdIn.nextInt();\n\t\t\tif(n == 0) break;\n\t\t\tint[] a = new int[n];\n\t\t\tboolean[] b = new boolean[n];\n\t\t\tboolean lastB = false;\n\t\t\tboolean km = true;\n\t\t\tfor(int i = 0; i < n; i++) {\n\t\t\t\tString k = stdIn.next();\n\t\t\t\tif(k.equals(\"x\")) {\n\t\t\t\t\ta[i] = 0;\n\t\t\t\t\tb[i] = true;\n\t\t\t\t\tif(lastB) {\n\t\t\t\t\t\tSystem.out.println(\"none\");\n\t\t\t\t\t\tcontinue ST;\n\t\t\t\t\t}\n\t\t\t\t\tlastB = true;\n\t\t\t\t\tkm = false;\n\t\t\t\t}\n\t\t\t\telse {\n\t\t\t\t\ta[i] = Integer.parseInt(k);\n\t\t\t\t\tif(!lastB) {\n\t\t\t\t\t\tif(i != 0 && (i+1)%2 == 0) {\n\t\t\t\t\t\t\tif(a[i-1] >= a[i]) {\n\t\t\t\t\t\t\t\tSystem.out.println(\"none\");\n\t\t\t\t\t\t\t\tcontinue ST;\n\t\t\t\t\t\t\t}\n\t\t\t\t\t\t}\n\t\t\t\t\t\telse if(i != 0 && (i+1)%2 == 1) {\n\t\t\t\t\t\t\tif(a[i-1] <= a[i]) {\n\t\t\t\t\t\t\t\tSystem.out.println(\"none\");\n\t\t\t\t\t\t\t\tcontinue ST;\n\t\t\t\t\t\t\t}\n\t\t\t\t\t\t}\n\t\t\t\t\t}\n\t\t\t\t\tlastB = false;\n\t\t\t\t}\n\t\t\t}\n\t\t\tif(km) {\n\t\t\t\tSystem.out.println(\"ambiguous\");\n\t\t\t\tcontinue ST;\n\t\t\t}\n\t\t\tint max = Integer.MIN_VALUE;\n\t\t\tint min = Integer.MAX_VALUE;\n\t\t\tfor(int i = 0; i < n; i++) {\n\t\t\t\tif(b[i]) {\n\t\t\t\t\tif((i+1)%2 == 0) {\n\t\t\t\t\t\tint an = Integer.MIN_VALUE;\n\t\t\t\t\t\tint bn = Integer.MIN_VALUE;\n\t\t\t\t\t\tif(i != 0 && !b[i-1]) {\n\t\t\t\t\t\t\tan = a[i-1];\n\t\t\t\t\t\t}\n\t\t\t\t\t\tif(i != n-1 && !b[i+1]) {\n\t\t\t\t\t\t\tbn = a[i+1];\n\t\t\t\t\t\t}\n\t\t\t\t\t\tif(min > Math.max(an, bn)) {\n\t\t\t\t\t\t\tmin = Math.max(an, bn)+1;\n\t\t\t\t\t\t}\n\t\t\t\t\t}\n\t\t\t\t\telse {\n\t\t\t\t\t\tint an = Integer.MAX_VALUE;\n\t\t\t\t\t\tint bn = Integer.MAX_VALUE;\n\t\t\t\t\t\tif(i != 0 && !b[i-1]) {\n\t\t\t\t\t\t\tan = a[i-1];\n\t\t\t\t\t\t}\n\t\t\t\t\t\tif(i != n-1 && !b[i+1]) {\n\t\t\t\t\t\t\tbn = a[i+1];\n\t\t\t\t\t\t}\n\t\t\t\t\t\tif(max < Math.min(an, bn)) {\n\t\t\t\t\t\t\tmax = Math.min(an, bn)-1;\n\t\t\t\t\t\t}\n\t\t\t\t\t}\n\t\t\t\t}\n\t\t\t}\n\t\t\tif(min == max) {\n\t\t\t\tSystem.out.println(min);\n\t\t\t}\n\t\t\telse if(min > max && a.length != 2){\n\t\t\t\tSystem.out.println(\"none\");\n\t\t\t}\n\t\t\telse {\n\t\t\t\tSystem.out.println(\"ambiguous\");\n\t\t\t}\n\t\t}\n\t}\n}",
      "covered_code": "Given the test case input `5\\n1\\nx\\n3\\nx\\n2`, let's develop a plan for step by step execution of the Java program and predict the code coverage accordingly:\n\n1. **Import Statement**: Always executed. `import java.util.*;` is covered.\n\n2. **Class Declaration**: Always executed. `public class Main {` is covered.\n\n3. **Main Method Declaration**: Always executed. `public static void main(String[] args) {` is covered.\n\n4. **Scanner Object Creation**: Always executed. `Scanner stdIn = new Scanner(System.in);` is covered.\n\n5. **While Loop (ST:while(true))**: Continuously executed until `break` is encountered. The first part of the loop will be executed with `n = 5` from the input.\n\n6. **Input Reading (`n = stdIn.nextInt();`)**: Executed for each iteration. The first value `5` is read, so this statement is covered.\n\n7. **Array and Boolean Array Declaration**: Executed after reading `n`. `int[] a = new int[n];` and `boolean[] b = new boolean[n];` are covered.\n\n8. **Boolean Flags (`lastB` and `km`) Initialization**: Always executed within the loop. Both `lastB = false;` and `km = true;` are covered.\n\n9. **For Loop (for(int i = 0; i < n; i++))**: Executed for reading the rest of the inputs and processing. This is covered.\n\n10. **Input Reading Inside For Loop (`String k = stdIn.next();`)**: Executed for each `i`. This reads inputs `1`, `x`, `3`, `x`, and `2` sequentially. All are covered.\n\n11. **If-Else Conditions Inside For Loop**:\n    - The condition `if(k.equals(\"x\")) {` will be true for inputs `\"x\"`, so statements inside this condition are covered.\n    - For other inputs (`1`, `3`, `2`), the else part triggers and the corresponding conditions inside it are evaluated and covered.\n\n12. **Print Statements**:\n    - Based on the logic and the inputs, `System.out.println(\"none\");` might be executed depending on the evaluation of conditions, resulting in checking the pattern of the sequence.\n    - `System.out.println(\"ambiguous\");` could be executed if `km` remains `true` after the loop.\n\n13. **Calculation of max and min**:\n    - The code section that calculates `max` and `min` values will be executed since it's part of the loop and not contingent on any condition that hasn't been met based on the inputs.\n\n14. **Final Output**:\n    - The final output depends on the conditions `if(min == max)`, `else if(min > max && a.length != 2)`, and the else part. Given the inputs and the logic, these conditions will be evaluated and covered.\n\n15. **Scanner Close**: Not explicitly called but is a part of the code execution flow. Since `while(true)` is used and there's no explicit `break` in the provided inputs or the plan doesn't mention reaching a condition that would trigger a `break`, this might be considered not covered directly in the given scenario.\n\n**Code Coverage Prediction**:\n\n- Most of the code will be executed due to the nature of the inputs and the control flow constructs that guide the execution path through various conditions and loops. Exceptions would be specific conditional branches that aren't triggered by the given inputs (e.g., breaking out of the loop if a certain condition is met, which isn't specified in the plan based on the given inputs).\n\n**Note**: Without a specific breakdown of how each input affects the flow (like triggering \"none\" or \"ambiguous\" outputs directly), the coverage prediction is based on a general understanding that the provided inputs and the described logic paths in the code are sufficiently covered. Specific conditions leading to exceptions or special print statements depend on the sequence of inputs and their evaluation against the code's logic.",
      "test_seed_coverage": [
        ">",
        ">",
        ">",
        ">",
        ">",
        ">",
        ">",
        ">",
        ">",
        ">",
        ">",
        ">",
        ">",
        ">",
        ">",
        ">",
        ">",
        ">",
        ">",
        ">",
        ">",
        ">",
        ">",
        ">",
        ">",
        ">",
        ">",
        ">",
        ">",
        ">",
        ">",
        ">",
        ">",
        ">",
        ">",
        ">",
        ">",
        ">",
        ">",
        ">",
        ">",
        ">",
        ">",
        ">",
        ">",
        ">",
        ">",
        ">",
        ">",
        ">",
        ">",
        ">",
        ">",
        ">",
        ">",
        ">",
        ">",
        ">",
        ">",
        ">",
        ">",
        ">",
        ">",
        ">",
        ">",
        ">",
        ">",
        ">",
        ">",
        ">",
        ">",
        ">",
        ">",
        ">",
        ">",
        ">",
        ">",
        ">",
        ">",
        ">",
        ">",
        ">",
        ">",
        ">",
        ">",
        ">",
        ">",
        ">",
        ">",
        ">"
      ],
      "cumulative_coverage": [
        ">",
        ">",
        ">",
        ">",
        ">",
        ">",
        ">",
        ">",
        ">",
        ">",
        ">",
        ">",
        ">",
        ">",
        ">",
        ">",
        ">",
        ">",
        ">",
        ">",
        ">",
        ">",
        ">",
        ">",
        ">",
        ">",
        ">",
        ">",
        ">",
        ">",
        ">",
        ">",
        ">",
        ">",
        ">",
        ">",
        ">",
        ">",
        ">",
        ">",
        ">",
        ">",
        ">",
        ">",
        ">",
        ">",
        ">",
        ">",
        ">",
        ">",
        ">",
        ">",
        ">",
        ">",
        ">",
        ">",
        ">",
        ">",
        ">",
        ">",
        ">",
        ">",
        ">",
        ">",
        ">",
        ">",
        ">",
        ">",
        ">",
        ">",
        ">",
        ">",
        ">",
        ">",
        ">",
        ">",
        ">",
        ">",
        ">",
        ">",
        ">",
        ">",
        ">",
        ">",
        ">",
        ">",
        ">",
        ">",
        ">",
        ">"
      ],
      "execution_error": "Exception in thread \"main\" java.util.NoSuchElementException\n\tat java.base/java.util.Scanner.throwFor(Scanner.java:945)\n\tat java.base/java.util.Scanner.next(Scanner.java:1602)\n\tat java.base/java.util.Scanner.nextInt(Scanner.java:2267)\n\tat java.base/java.util.Scanner.nextInt(Scanner.java:2221)\n\tat Main.main(Main.java:6)",
      "cerberus_output": "Exceptions",
      "execution_result": "NoSuchElementException",
      "test_case_id": "5"
    },
    {
      "test_case": [
        "Test Case Input:\n1\nx"
      ],
      "test_mutations": [
        "Test Case Input:\n1\nx"
      ],
      "initial_code": "import java.util.*;\npublic class Main { \n\tpublic static void main(String[] args) {\n\t\tScanner stdIn = new Scanner(System.in);\n\t\tST:while(true) {\n\t\t\tint n = stdIn.nextInt();\n\t\t\tif(n == 0) break;\n\t\t\tint[] a = new int[n];\n\t\t\tboolean[] b = new boolean[n];\n\t\t\tboolean lastB = false;\n\t\t\tboolean km = true;\n\t\t\tfor(int i = 0; i < n; i++) {\n\t\t\t\tString k = stdIn.next();\n\t\t\t\tif(k.equals(\"x\")) {\n\t\t\t\t\ta[i] = 0;\n\t\t\t\t\tb[i] = true;\n\t\t\t\t\tif(lastB) {\n\t\t\t\t\t\tSystem.out.println(\"none\");\n\t\t\t\t\t\tcontinue ST;\n\t\t\t\t\t}\n\t\t\t\t\tlastB = true;\n\t\t\t\t\tkm = false;\n\t\t\t\t}\n\t\t\t\telse {\n\t\t\t\t\ta[i] = Integer.parseInt(k);\n\t\t\t\t\tif(!lastB) {\n\t\t\t\t\t\tif(i != 0 && (i+1)%2 == 0) {\n\t\t\t\t\t\t\tif(a[i-1] >= a[i]) {\n\t\t\t\t\t\t\t\tSystem.out.println(\"none\");\n\t\t\t\t\t\t\t\tcontinue ST;\n\t\t\t\t\t\t\t}\n\t\t\t\t\t\t}\n\t\t\t\t\t\telse if(i != 0 && (i+1)%2 == 1) {\n\t\t\t\t\t\t\tif(a[i-1] <= a[i]) {\n\t\t\t\t\t\t\t\tSystem.out.println(\"none\");\n\t\t\t\t\t\t\t\tcontinue ST;\n\t\t\t\t\t\t\t}\n\t\t\t\t\t\t}\n\t\t\t\t\t}\n\t\t\t\t\tlastB = false;\n\t\t\t\t}\n\t\t\t}\n\t\t\tif(km) {\n\t\t\t\tSystem.out.println(\"ambiguous\");\n\t\t\t\tcontinue ST;\n\t\t\t}\n\t\t\tint max = Integer.MIN_VALUE;\n\t\t\tint min = Integer.MAX_VALUE;\n\t\t\tfor(int i = 0; i < n; i++) {\n\t\t\t\tif(b[i]) {\n\t\t\t\t\tif((i+1)%2 == 0) {\n\t\t\t\t\t\tint an = Integer.MIN_VALUE;\n\t\t\t\t\t\tint bn = Integer.MIN_VALUE;\n\t\t\t\t\t\tif(i != 0 && !b[i-1]) {\n\t\t\t\t\t\t\tan = a[i-1];\n\t\t\t\t\t\t}\n\t\t\t\t\t\tif(i != n-1 && !b[i+1]) {\n\t\t\t\t\t\t\tbn = a[i+1];\n\t\t\t\t\t\t}\n\t\t\t\t\t\tif(min > Math.max(an, bn)) {\n\t\t\t\t\t\t\tmin = Math.max(an, bn)+1;\n\t\t\t\t\t\t}\n\t\t\t\t\t}\n\t\t\t\t\telse {\n\t\t\t\t\t\tint an = Integer.MAX_VALUE;\n\t\t\t\t\t\tint bn = Integer.MAX_VALUE;\n\t\t\t\t\t\tif(i != 0 && !b[i-1]) {\n\t\t\t\t\t\t\tan = a[i-1];\n\t\t\t\t\t\t}\n\t\t\t\t\t\tif(i != n-1 && !b[i+1]) {\n\t\t\t\t\t\t\tbn = a[i+1];\n\t\t\t\t\t\t}\n\t\t\t\t\t\tif(max < Math.min(an, bn)) {\n\t\t\t\t\t\t\tmax = Math.min(an, bn)-1;\n\t\t\t\t\t\t}\n\t\t\t\t\t}\n\t\t\t\t}\n\t\t\t}\n\t\t\tif(min == max) {\n\t\t\t\tSystem.out.println(min);\n\t\t\t}\n\t\t\telse if(min > max && a.length != 2){\n\t\t\t\tSystem.out.println(\"none\");\n\t\t\t}\n\t\t\telse {\n\t\t\t\tSystem.out.println(\"ambiguous\");\n\t\t\t}\n\t\t}\n\t}\n}",
      "covered_code": "Given the test case input \"1\\nx\", let's develop a step-by-step plan to execute the provided Java program and predict the code coverage.\n\n### Plan for Execution:\n\n1. **Import Statement Execution**: The import statement is always executed to include the Scanner class from the java.util package.\n    - Coverage: `> import java.util.*;`\n\n2. **Class and Main Method Declaration**: The class declaration and the main method are always executed.\n    - Coverage: \n        - `> public class Main {`\n        - `> public static void main(String[] args) {`\n\n3. **Scanner Object Creation**: The Scanner object creation for taking input is executed.\n    - Coverage: `> Scanner stdIn = new Scanner(System.in);`\n\n4. **ST: While Loop Execution**: The while loop is intended to run infinitely until a break statement is encountered.\n    - Coverage: `> ST:while(true) {`\n\n5. **Reading Input `n`**: The first input is read as `n`, which is `1` based on the test case.\n    - Coverage: `> int n = stdIn.nextInt();`\n\n6. **Check if `n` is 0**: Since `n` is not `0`, the loop does not break.\n    - Coverage: `> if(n == 0) break;`\n\n7. **Array `a` and `b` Initialization**: Arrays `a` (integer array) and `b` (boolean array) are initialized based on `n`.\n    - Coverage: \n        - `> int[] a = new int[n];`\n        - `> boolean[] b = new boolean[n];`\n\n8. **Variables Initialization**: `lastB` and `km` variables are initialized.\n    - Coverage: \n        - `> boolean lastB = false;`\n        - `> boolean km = true;`\n\n9. **For Loop Execution**: The for loop is executed based on the value of `n` which is `1`.\n    - Coverage: `> for(int i = 0; i < n; i++) {`\n\n10. **Reading String `k` and Checking if it Equals \"x\"**: Since the next input is \"x\", the condition is satisfied.\n    - Coverage: \n        - `> String k = stdIn.next();`\n        - `> if(k.equals(\"x\")) {`\n\n11. **Setting `a[i]` and `b[i]`**: Since `k` equals \"x\", `a[i]` is set to `0`, and `b[i]` is set to `true`.\n    - Coverage: \n        - `> a[i] = 0;`\n        - `> b[i] = true;`\n\n12. **Checking `lastB`**: Since `lastB` is `false` initially, it doesn't print \"none\" and continues.\n    - Coverage: `> if(lastB) {`\n    - No output statement is executed due to `lastB` being `false`.\n\n13. **Setting `lastB` and `km`**: `lastB` is set to `true`, and `km` is set to `false`.\n    - Coverage: \n        - `> lastB = true;`\n        - `> km = false;`\n\n14. **Checking `km` After Loop**: After the for loop, since `km` is `false`, it doesn't continue with printing \"ambiguous\".\n    - Coverage: `! if(km) {`\n\n15. **Calculating `min` and `max`**: The loop and conditions for calculating `min` and `max` are executed.\n    - Coverage: \n        - (These are complex conditionals and loops, but based on the given input, at least the initialization and condition checks are executed.)\n        - `> int max = Integer.MIN_VALUE;`\n        - `> int min = Integer.MAX_VALUE;`\n        - (Further details depend on the test case specifics, but given the input, some iterations and checks will be executed.)\n\n16. **Final Check `min`, `max`, and `a.length`**: Based on the values of `min`, `max`, and the conditions, the final output is determined.\n    - (Exact coverage details depend on the calculations and values.)\n    - Likely, the `else` statement leading to \"ambiguous\" is executed due to the setup.\n\n17. **End of Main Method and Class**: Closing brackets are always considered executed.\n    - Coverage: \n        - `> }`\n        - `> }`\n\n### Predicted Code Coverage:\n\nGiven the specific test case, the exact lines within the calculation part for `min` and `max` are conditional upon the logic paths taken. The above steps cover the broader execution path based on the input \"1\\nx\". The critical paths related to \"x\" input handling, array initialization, and the loop constructs are covered. The exact coverage of the final checks for output depends on the computed `min` and `max` values which are influenced by the logic inside the loop for handling \"x\" and calculations thereafter.\n\n### Note:\nThis plan focuses on the high-level execution flow and decision points impacted by the test case \"1\\nx\". The specifics, especially in the latter half concerning `min` and `max` calculations, are contingent on the outcomes of those logical conditions and loops, which are somewhat generalized here.",
      "test_seed_coverage": [
        ">",
        ">",
        ">",
        ">",
        ">",
        ">",
        ">",
        ">",
        ">",
        ">",
        ">",
        ">",
        ">",
        ">",
        ">",
        ">",
        ">",
        ">",
        ">",
        ">",
        ">",
        ">",
        ">",
        ">",
        ">",
        ">",
        ">",
        ">",
        ">",
        ">",
        ">",
        ">",
        ">",
        ">",
        ">",
        ">",
        ">",
        ">",
        ">",
        ">",
        ">",
        ">",
        ">",
        ">",
        ">",
        ">",
        ">",
        ">",
        ">",
        ">",
        ">",
        ">",
        ">",
        ">",
        ">",
        ">",
        ">",
        ">",
        ">",
        ">",
        ">",
        ">",
        ">",
        ">",
        ">",
        ">",
        ">",
        ">",
        ">",
        ">",
        ">",
        ">",
        ">",
        ">",
        ">",
        ">",
        ">",
        ">",
        ">",
        ">",
        ">",
        ">",
        ">",
        ">",
        ">",
        ">",
        ">",
        ">",
        ">",
        ">"
      ],
      "cumulative_coverage": [
        ">",
        ">",
        ">",
        ">",
        ">",
        ">",
        ">",
        ">",
        ">",
        ">",
        ">",
        ">",
        ">",
        ">",
        ">",
        ">",
        ">",
        ">",
        ">",
        ">",
        ">",
        ">",
        ">",
        ">",
        ">",
        ">",
        ">",
        ">",
        ">",
        ">",
        ">",
        ">",
        ">",
        ">",
        ">",
        ">",
        ">",
        ">",
        ">",
        ">",
        ">",
        ">",
        ">",
        ">",
        ">",
        ">",
        ">",
        ">",
        ">",
        ">",
        ">",
        ">",
        ">",
        ">",
        ">",
        ">",
        ">",
        ">",
        ">",
        ">",
        ">",
        ">",
        ">",
        ">",
        ">",
        ">",
        ">",
        ">",
        ">",
        ">",
        ">",
        ">",
        ">",
        ">",
        ">",
        ">",
        ">",
        ">",
        ">",
        ">",
        ">",
        ">",
        ">",
        ">",
        ">",
        ">",
        ">",
        ">",
        ">",
        ">"
      ],
      "execution_error": "Exception in thread \"main\" java.util.NoSuchElementException\n\tat java.base/java.util.Scanner.throwFor(Scanner.java:945)\n\tat java.base/java.util.Scanner.next(Scanner.java:1602)\n\tat java.base/java.util.Scanner.nextInt(Scanner.java:2267)\n\tat java.base/java.util.Scanner.nextInt(Scanner.java:2221)\n\tat Main.main(Main.java:6)",
      "cerberus_output": "",
      "execution_result": "NoSuchElementException",
      "test_case_id": "6"
    }
  ]
}