{
  "submission_id": "s625834710",
  "cycles": [
    {
      "test_case": [
        "Test Case Input:\n10\n3\n5 7\n2 3\n8 4"
      ],
      "test_mutations": [
        "Test Case Input:\n10\n3\n5 7\n2 3\n8 4"
      ],
      "initial_code": "import java.io.*;\nimport java.util.*;\npublic class Main {\n    public static void main(String[] args) {\n        FastReader scan = new FastReader();\n        PrintWriter out = new PrintWriter(System.out);\n        Task solver = new Task();\n        int t = 1;\n        while (t --> 0) solver.solve(1, scan, out);\n        out.close();\n    }\n    static class Task {\n        static int h, n;\n        static Monster[] m;\n        public void solve(int testNumber, FastReader scan, PrintWriter out) {\n            h = scan.nextInt();\n            n = scan.nextInt();\n            m = new Monster[n];\n            for(int i = 0; i < n; i++) m[i] = new Monster(scan.nextInt(), scan.nextInt());\n            long[] dp = new long[h+1];\n            Arrays.fill(dp, Integer.MAX_VALUE/1000);\n            dp[h] = 0;\n            for(int i = h; i >= 0; i--) {\n                for(int j = 0; j < n; j++) {\n                    int next = Math.max(0, i - m[j].a);\n                    dp[next] = Math.min(dp[next], dp[i] + m[j].b);\n                }\n            }\n            out.println(dp[0]);\n        }\n        static class Monster {\n            int a, b;\n            public Monster(int cc, int dd) {\n                a = cc;\n                b = dd;\n            }\n        }\n    }\n    static void shuffle(int[] a) {\n        Random get = new Random();\n        for (int i = 0; i < a.length; i++) {\n            int r = get.nextInt(a.length);\n            int temp = a[i];\n            a[i] = a[r];\n            a[r] = temp;\n        }\n    }\n    static void shuffle(long[] a) {\n        Random get = new Random();\n        for (int i = 0; i < a.length; i++) {\n            int r = get.nextInt(a.length);\n            long temp = a[i];\n            a[i] = a[r];\n            a[r] = temp;\n        }\n    }\n    static class FastReader {\n        BufferedReader br;\n        StringTokenizer st;\n        public FastReader() {\n            br = new BufferedReader(new InputStreamReader(System.in));\n        }\n        public FastReader(String s) throws FileNotFoundException {\n            br = new BufferedReader(new FileReader(new File(s)));\n        }\n        String next() {\n            while (st == null || !st.hasMoreElements()) {\n                try {\n                    st = new StringTokenizer(br.readLine());\n                } catch (IOException e) {\n                    e.printStackTrace();\n                }\n            }\n            return st.nextToken();\n        }\n        int nextInt() {\n            return Integer.parseInt(next());\n        }\n        long nextLong() {\n            return Long.parseLong(next());\n        }\n        double nextDouble() {\n            return Double.parseDouble(next());\n        }\n        String nextLine() {\n            String str = \"\";\n            try {\n                str = br.readLine();\n            } catch (IOException e) {\n                e.printStackTrace();\n            }\n            return str;\n        }\n    }\n}",
      "covered_code": "Given the test case input and the Java program, let's plan the coverage analysis.\n\n### Test Case Input:\n10 (initial health)  \n3 (number of monsters)  \n5 7 (monster 1 with damage 5 and cost 7)  \n2 3 (monster 2 with damage 2 and cost 3)  \n8 4 (monster 3 with damage 8 and cost 4)  \n\n### Step by Step Execution Plan:\n\n1. **Import Statements:**  \n   Import statements are always executed; therefore, all import lines will be covered.\n   \n2. **Main Method Execution:**  \n   The main method is the entry point and will be executed.\n\n3. **FastReader and PrintWriter Objects Creation:**  \n   Instances of `FastReader` and `PrintWriter` are always created, so these lines will be covered.\n\n4. **Task Solver Execution:**  \n   The solver's solve method is called once (`t` initialized as 1 and decremented once), so its call will be covered.\n\n5. **Initialization of `h`, `n`, and an array of Monsters in `solve` Method:**  \n   The initialization of `h`, `n` and the monster array with input values will be covered.\n\n6. **Dynamic Programming Array `dp` Initialization and Filling:**  \n   The dp array is initialized and filled with `Integer.MAX_VALUE/1000`, so these lines will be covered.\n\n7. **DP Calculation Loop:**  \n   The nested loop that calculates the minimum cost to defeat monsters will be executed for every monster and health combination, thus it will be covered.\n\n8. **Output Statement:**  \n   The final statement that prints the minimum cost to bring the health to 0 will be executed, so this line will be covered.\n\n9. **Closing the PrintWriter:**  \n   The `out.close();` statement will be executed, thus covered.\n\n10. **Auxiliary Methods and Classes:**\n    - The `Monster` class constructor will be executed for each monster input.\n    - `shuffle` methods are defined but not called within the provided code snippet or test input, so these will not be covered.\n    - All methods in `FastReader` class will be executed at least once due to the reading of inputs.\n\n### Predicted Code Coverage:\n\n- All import statements: `>`\n- Main method declaration: `>`\n- FastReader and PrintWriter object creation lines: `>`\n- Task solver execution: `>`\n- Initialization in `solve` method: `>`\n- DP array initialization and filling: `>`\n- DP calculation loop: `>`\n- Output statement: `>`\n- Closing PrintWriter: `>`\n- `Monster` class constructor: `>`\n- `shuffle` methods: `!`\n- Methods in `FastReader`: `>`\n\n### Conclusion:\nThe provided test case ensures a high level of coverage for the given Java program, especially for the core logic related to dynamic programming and input handling. The unused `shuffle` methods remain uncovered as they are not invoked.",
      "test_seed_coverage": [
        ">",
        ">",
        ">",
        ">",
        ">",
        ">",
        ">",
        ">",
        ">",
        ">",
        ">",
        ">",
        ">",
        ">",
        ">",
        ">",
        ">",
        ">",
        ">",
        ">",
        ">",
        ">",
        ">",
        ">",
        ">",
        ">",
        ">",
        ">",
        ">",
        ">",
        ">",
        ">",
        ">",
        ">",
        ">",
        ">",
        ">",
        ">",
        ">",
        ">",
        ">",
        ">",
        ">",
        ">",
        ">",
        ">",
        ">",
        ">",
        ">",
        ">",
        ">",
        ">",
        ">",
        ">",
        ">",
        ">",
        ">",
        ">",
        ">",
        ">",
        ">",
        ">",
        ">",
        ">",
        ">",
        ">",
        ">",
        ">",
        ">",
        ">",
        ">",
        ">",
        ">",
        ">",
        ">",
        ">",
        ">",
        ">",
        ">",
        ">",
        ">",
        ">",
        ">",
        ">",
        ">",
        ">",
        ">",
        ">",
        ">",
        ">",
        ">",
        ">",
        ">",
        ">",
        ">"
      ],
      "cumulative_coverage": [
        ">",
        ">",
        ">",
        ">",
        ">",
        ">",
        ">",
        ">",
        ">",
        ">",
        ">",
        ">",
        ">",
        ">",
        ">",
        ">",
        ">",
        ">",
        ">",
        ">",
        ">",
        ">",
        ">",
        ">",
        ">",
        ">",
        ">",
        ">",
        ">",
        ">",
        ">",
        ">",
        ">",
        ">",
        ">",
        ">",
        ">",
        ">",
        ">",
        ">",
        ">",
        ">",
        ">",
        ">",
        ">",
        ">",
        ">",
        ">",
        ">",
        ">",
        ">",
        ">",
        ">",
        ">",
        ">",
        ">",
        ">",
        ">",
        ">",
        ">",
        ">",
        ">",
        ">",
        ">",
        ">",
        ">",
        ">",
        ">",
        ">",
        ">",
        ">",
        ">",
        ">",
        ">",
        ">",
        ">",
        ">",
        ">",
        ">",
        ">",
        ">",
        ">",
        ">",
        ">",
        ">",
        ">",
        ">",
        ">",
        ">",
        ">",
        ">",
        ">",
        ">",
        ">",
        ">"
      ],
      "execution_output": "7",
      "cerberus_output": "",
      "execution_result": "",
      "test_case_id": "1"
    },
    {
      "test_case": [
        "Test Case Input:\n5\n3\n2 5\n3 8\n4 9"
      ],
      "test_mutations": [
        "Test Case Input:\n5\n3\n2 5\n3 8\n4 9"
      ],
      "initial_code": "import java.io.*;\nimport java.util.*;\npublic class Main {\n    public static void main(String[] args) {\n        FastReader scan = new FastReader();\n        PrintWriter out = new PrintWriter(System.out);\n        Task solver = new Task();\n        int t = 1;\n        while (t --> 0) solver.solve(1, scan, out);\n        out.close();\n    }\n    static class Task {\n        static int h, n;\n        static Monster[] m;\n        public void solve(int testNumber, FastReader scan, PrintWriter out) {\n            h = scan.nextInt();\n            n = scan.nextInt();\n            m = new Monster[n];\n            for(int i = 0; i < n; i++) m[i] = new Monster(scan.nextInt(), scan.nextInt());\n            long[] dp = new long[h+1];\n            Arrays.fill(dp, Integer.MAX_VALUE/1000);\n            dp[h] = 0;\n            for(int i = h; i >= 0; i--) {\n                for(int j = 0; j < n; j++) {\n                    int next = Math.max(0, i - m[j].a);\n                    dp[next] = Math.min(dp[next], dp[i] + m[j].b);\n                }\n            }\n            out.println(dp[0]);\n        }\n        static class Monster {\n            int a, b;\n            public Monster(int cc, int dd) {\n                a = cc;\n                b = dd;\n            }\n        }\n    }\n    static void shuffle(int[] a) {\n        Random get = new Random();\n        for (int i = 0; i < a.length; i++) {\n            int r = get.nextInt(a.length);\n            int temp = a[i];\n            a[i] = a[r];\n            a[r] = temp;\n        }\n    }\n    static void shuffle(long[] a) {\n        Random get = new Random();\n        for (int i = 0; i < a.length; i++) {\n            int r = get.nextInt(a.length);\n            long temp = a[i];\n            a[i] = a[r];\n            a[r] = temp;\n        }\n    }\n    static class FastReader {\n        BufferedReader br;\n        StringTokenizer st;\n        public FastReader() {\n            br = new BufferedReader(new InputStreamReader(System.in));\n        }\n        public FastReader(String s) throws FileNotFoundException {\n            br = new BufferedReader(new FileReader(new File(s)));\n        }\n        String next() {\n            while (st == null || !st.hasMoreElements()) {\n                try {\n                    st = new StringTokenizer(br.readLine());\n                } catch (IOException e) {\n                    e.printStackTrace();\n                }\n            }\n            return st.nextToken();\n        }\n        int nextInt() {\n            return Integer.parseInt(next());\n        }\n        long nextLong() {\n            return Long.parseLong(next());\n        }\n        double nextDouble() {\n            return Double.parseDouble(next());\n        }\n        String nextLine() {\n            String str = \"\";\n            try {\n                str = br.readLine();\n            } catch (IOException e) {\n                e.printStackTrace();\n            }\n            return str;\n        }\n    }\n}",
      "covered_code": "To predict the code coverage for the provided Java program and its test case, let's follow a structured plan similar to the example provided:\n\n**Test Case Input:**\n```\n5\n3\n2 5\n3 8\n4 9\n```\n\n**Plan:**\n\n1. **Import Statements**: Always executed. Statements like `import java.io.*;`, `import java.util.*;` will be covered.\n\n2. **Main Class and Method Declaration**: Always executed. The `public class Main` and `public static void main(String[] args)` declaration will be covered.\n\n3. **Instantiation of FastReader and PrintWriter**: Executed as a part of the main method setup, so covered.\n\n4. **Variable Initialization and Task Solver Call**: Initialization of `t`, `scan`, `out`, and the call to `solver.solve(1, scan, out);` are executed.\n\n5. **Task Class and solve Method Declaration**: Since the solver.solve method is called, the Task class and its `solve` method are executed.\n\n6. **Reading Input and Monster Array Initialization**: Statements for reading `h` and `n`, and initializing the Monster array `m` are executed based on the provided input.\n\n7. **Filling and Processing the dp Array**: The dynamic programming array `dp` is created, filled, and processed as per the logic in the solve method, so these statements are executed.\n\n8. **Printing the Result and Closing PrintWriter**: The final result is printed, and the PrintWriter is closed, so these statements are executed.\n\n9. **Monster Class and Its Constructor**: The Monster class and its constructor are executed as instances of Monster are created during the input handling.\n\n10. **Unused Methods (shuffle)**: The shuffle methods for int[] and long[] arrays are not called in the provided program flow, hence not executed.\n\n**Code Coverage Prediction:**\n\n```\n> import java.io.*;\n> import java.util.*;\n> public class Main {\n>     public static void main(String[] args) {\n>         FastReader scan = new FastReader();\n>         PrintWriter out = new PrintWriter(System.out);\n>         Task solver = new Task();\n>         int t = 1;\n>         while (t --> 0) solver.solve(1, scan, out);\n>         out.close();\n>     }\n>     static class Task {\n>         static int h, n;\n>         static Monster[] m;\n>         public void solve(int testNumber, FastReader scan, PrintWriter out) {\n>             h = scan.nextInt();\n>             n = scan.nextInt();\n>             m = new Monster[n];\n>             for(int i = 0; i < n; i++) m[i] = new Monster(scan.nextInt(), scan.nextInt());\n>             long[] dp = new long[h+1];\n>             Arrays.fill(dp, Integer.MAX_VALUE/1000);\n>             dp[h] = 0;\n>             for(int i = h; i >= 0; i--) {\n>                 for(int j = 0; j < n; j++) {\n>                     int next = Math.max(0, i - m[j].a);\n>                     dp[next] = Math.min(dp[next], dp[i] + m[j].b);\n>                 }\n>             }\n>             out.println(dp[0]);\n>         }\n>         static class Monster {\n>             int a, b;\n>             public Monster(int cc, int dd) {\n>                 a = cc;\n>                 b = dd;\n>             }\n>         }\n>     }\n!     static void shuffle(int[] a) {\n!         Random get = new Random();\n!         for (int i = 0; i < a.length; i++) {\n!             int r = get.nextInt(a.length);\n!             int temp = a[i];\n!             a[i] = a[r];\n!             a[r] = temp;\n!         }\n!     }\n!     static void shuffle(long[] a) {\n!         Random get = new Random();\n!         for (int i = 0; i < a.length; i++) {\n!             int r = get.nextInt(a.length);\n!             long temp = a[i];\n!             a[i] = a[r];\n!             a[r] = temp;\n!         }\n!     }\n>     static class FastReader {\n>         BufferedReader br;\n>         StringTokenizer st;\n>         public FastReader() {\n>             br = new BufferedReader(new InputStreamReader(System.in));\n>         }\n>         public FastReader(String s) throws FileNotFoundException {\n>             br = new BufferedReader(new FileReader(new File(s)));\n>         }\n>         String next() {\n>             while (st == null || !st.hasMoreElements()) {\n>                 try {\n>                     st = new StringTokenizer(br.readLine());\n>                 } catch (IOException e) {\n>                     e.printStackTrace();\n>                 }\n>             }\n>             return st.nextToken();\n>         }\n>         int nextInt() {\n>             return Integer.parseInt(next());\n>         }\n>         long nextLong() {\n>             return Long.parseLong(next());\n>         }\n>         double nextDouble() {\n>             return Double.parseDouble(next());\n>         }\n>         String nextLine() {\n>             String str = \"\";\n>             try {\n>                 str = br.readLine();\n>             } catch (IOException e) {\n>                 e.printStackTrace();\n>             }\n>             return str;\n>         }\n>     }\n> }\n```",
      "test_seed_coverage": [
        ">",
        ">",
        ">",
        ">",
        ">",
        ">",
        ">",
        ">",
        ">",
        ">",
        ">",
        ">",
        ">",
        ">",
        ">",
        ">",
        ">",
        ">",
        ">",
        ">",
        ">",
        ">",
        ">",
        ">",
        ">",
        ">",
        ">",
        ">",
        ">",
        ">",
        ">",
        ">",
        ">",
        ">",
        ">",
        ">",
        ">",
        ">",
        ">",
        ">",
        ">",
        ">",
        ">",
        ">",
        ">",
        ">",
        ">",
        ">",
        ">",
        ">",
        ">",
        ">",
        ">",
        ">",
        ">",
        ">",
        ">",
        ">",
        ">",
        ">",
        ">",
        ">",
        ">",
        ">",
        ">",
        ">",
        ">",
        ">",
        ">",
        ">",
        ">",
        ">",
        ">",
        ">",
        ">",
        ">",
        ">",
        ">",
        ">",
        ">",
        ">",
        ">",
        ">",
        ">",
        ">",
        ">",
        ">",
        ">",
        ">",
        ">",
        ">",
        ">",
        ">",
        ">",
        ">"
      ],
      "cumulative_coverage": [
        ">",
        ">",
        ">",
        ">",
        ">",
        ">",
        ">",
        ">",
        ">",
        ">",
        ">",
        ">",
        ">",
        ">",
        ">",
        ">",
        ">",
        ">",
        ">",
        ">",
        ">",
        ">",
        ">",
        ">",
        ">",
        ">",
        ">",
        ">",
        ">",
        ">",
        ">",
        ">",
        ">",
        ">",
        ">",
        ">",
        ">",
        ">",
        ">",
        ">",
        ">",
        ">",
        ">",
        ">",
        ">",
        ">",
        ">",
        ">",
        ">",
        ">",
        ">",
        ">",
        ">",
        ">",
        ">",
        ">",
        ">",
        ">",
        ">",
        ">",
        ">",
        ">",
        ">",
        ">",
        ">",
        ">",
        ">",
        ">",
        ">",
        ">",
        ">",
        ">",
        ">",
        ">",
        ">",
        ">",
        ">",
        ">",
        ">",
        ">",
        ">",
        ">",
        ">",
        ">",
        ">",
        ">",
        ">",
        ">",
        ">",
        ">",
        ">",
        ">",
        ">",
        ">",
        ">"
      ],
      "execution_output": "13",
      "cerberus_output": "FileNotFoundException",
      "execution_result": "",
      "test_case_id": "2"
    },
    {
      "test_case": [
        "Test Case Input:\n-1 3\n5 10\n-3 7\n2 4"
      ],
      "test_mutations": [
        "Test Case Input:\n-1 3\n5 10\n-3 7\n2 4"
      ],
      "initial_code": "import java.io.*;\nimport java.util.*;\npublic class Main {\n    public static void main(String[] args) {\n        FastReader scan = new FastReader();\n        PrintWriter out = new PrintWriter(System.out);\n        Task solver = new Task();\n        int t = 1;\n        while (t --> 0) solver.solve(1, scan, out);\n        out.close();\n    }\n    static class Task {\n        static int h, n;\n        static Monster[] m;\n        public void solve(int testNumber, FastReader scan, PrintWriter out) {\n            h = scan.nextInt();\n            n = scan.nextInt();\n            m = new Monster[n];\n            for(int i = 0; i < n; i++) m[i] = new Monster(scan.nextInt(), scan.nextInt());\n            long[] dp = new long[h+1];\n            Arrays.fill(dp, Integer.MAX_VALUE/1000);\n            dp[h] = 0;\n            for(int i = h; i >= 0; i--) {\n                for(int j = 0; j < n; j++) {\n                    int next = Math.max(0, i - m[j].a);\n                    dp[next] = Math.min(dp[next], dp[i] + m[j].b);\n                }\n            }\n            out.println(dp[0]);\n        }\n        static class Monster {\n            int a, b;\n            public Monster(int cc, int dd) {\n                a = cc;\n                b = dd;\n            }\n        }\n    }\n    static void shuffle(int[] a) {\n        Random get = new Random();\n        for (int i = 0; i < a.length; i++) {\n            int r = get.nextInt(a.length);\n            int temp = a[i];\n            a[i] = a[r];\n            a[r] = temp;\n        }\n    }\n    static void shuffle(long[] a) {\n        Random get = new Random();\n        for (int i = 0; i < a.length; i++) {\n            int r = get.nextInt(a.length);\n            long temp = a[i];\n            a[i] = a[r];\n            a[r] = temp;\n        }\n    }\n    static class FastReader {\n        BufferedReader br;\n        StringTokenizer st;\n        public FastReader() {\n            br = new BufferedReader(new InputStreamReader(System.in));\n        }\n        public FastReader(String s) throws FileNotFoundException {\n            br = new BufferedReader(new FileReader(new File(s)));\n        }\n        String next() {\n            while (st == null || !st.hasMoreElements()) {\n                try {\n                    st = new StringTokenizer(br.readLine());\n                } catch (IOException e) {\n                    e.printStackTrace();\n                }\n            }\n            return st.nextToken();\n        }\n        int nextInt() {\n            return Integer.parseInt(next());\n        }\n        long nextLong() {\n            return Long.parseLong(next());\n        }\n        double nextDouble() {\n            return Double.parseDouble(next());\n        }\n        String nextLine() {\n            String str = \"\";\n            try {\n                str = br.readLine();\n            } catch (IOException e) {\n                e.printStackTrace();\n            }\n            return str;\n        }\n    }\n}",
      "covered_code": "For the given test case input and Java program, let's develop a plan of step by step execution to predict the code coverage:\n\n1. **Import Statements**: The import statements for `java.io.*` and `java.util.*` are always executed. These lines will be covered.\n2. **Main Class Declaration**: The declaration of the `public class Main` is always executed as part of the program's structure.\n3. **Main Method Declaration**: The `public static void main(String[] args)` method is the entry point of the Java program and always executed.\n4. **FastReader and PrintWriter objects**: The creation of `FastReader scan = new FastReader();` and `PrintWriter out = new PrintWriter(System.out);` are executed as they are part of the main method's initial statements.\n5. **Task solver object and loop**: The creation of `Task solver = new Task();` and execution of the while loop `while (t --> 0)` for one iteration are guaranteed, as `t` is initialized to 1.\n6. **solve Method Execution**: Within the solve method, the reading of inputs `h = scan.nextInt(); n = scan.nextInt();` and the creation of the `Monster[] m` array are executed.\n7. **Monster Objects Creation**: For each `i` in the loop from 0 to `n-1`, a new `Monster` object is created with `m[i] = new Monster(scan.nextInt(), scan.nextInt());`. Given that the test case provides 3 sets of monster attributes, this loop will execute 3 times fully.\n8. **Dynamic Programming Array**: The creation and initialization of the `long[] dp` array, along with filling it with `Integer.MAX_VALUE/1000`, are executed.\n9. **Nested Loops for DP Calculation**: The nested loops to calculate the dynamic programming solution for the problem are executed as part of the `solve` method.\n10. **Printing the Result**: The final statement `out.println(dp[0]);` to print the result is executed.\n11. **Closing PrintWriter**: The `out.close();` statement in the main method is executed at the end.\n12. **shuffle Methods**: The `shuffle` methods for both `int[]` and `long[]` are not executed as they are never called in the provided program flow.\n13. **FastReader Class**: The methods inside the `FastReader` class are executed as needed for input parsing.\n\nGiven the above step-by-step execution plan, the code coverage would be:\n\n```\n> import java.io.*;\n> import java.util.*;\n> public class Main {\n>     public static void main(String[] args) {\n>         FastReader scan = new FastReader();\n>         PrintWriter out = new PrintWriter(System.out);\n>         Task solver = new Task();\n>         int t = 1;\n>         while (t --> 0) solver.solve(1, scan, out);\n>         out.close();\n>     }\n>     static class Task {\n>         static int h, n;\n>         static Monster[] m;\n>         public void solve(int testNumber, FastReader scan, PrintWriter out) {\n>             h = scan.nextInt();\n>             n = scan.nextInt();\n>             m = new Monster[n];\n>             for(int i = 0; i < n; i++) m[i] = new Monster(scan.nextInt(), scan.nextInt());\n>             long[] dp = new long[h+1];\n>             Arrays.fill(dp, Integer.MAX_VALUE/1000);\n>             dp[h] = 0;\n>             for(int i = h; i >= 0; i--) {\n>                 for(int j = 0; j < n; j++) {\n>                     int next = Math.max(0, i - m[j].a);\n>                     dp[next] = Math.min(dp[next], dp[i] + m[j].b);\n>                 }\n>             }\n>             out.println(dp[0]);\n>         }\n>         static class Monster {\n>             int a, b;\n>             public Monster(int cc, int dd) {\n>                 a = cc;\n>                 b = dd;\n>             }\n>         }\n>     }\n!     static void shuffle(int[] a) {\n!         Random get = new Random();\n!         for (int i = 0; i < a.length; i++) {\n!             int r = get.nextInt(a.length);\n!             int temp = a[i];\n!             a[i] = a[r];\n!             a[r] = temp;\n!         }\n!     }\n!     static void shuffle(long[] a) {\n!         Random get = new Random();\n!         for (int i = 0; i < a.length; i++) {\n!             int r = get.nextInt(a.length);\n!             long temp = a[i];\n!             a[i] = a[r];\n!             a[r] = temp;\n!         }\n!     }\n>     static class FastReader {\n>         BufferedReader br;\n>         StringTokenizer st;\n>         public FastReader() {\n>             br = new BufferedReader(new InputStreamReader(System.in));\n>         }\n>         public FastReader(String s) throws FileNotFoundException {\n>             br = new BufferedReader(new FileReader(new File(s)));\n>         }\n>         String next() {\n>             while (st == null || !st.hasMoreElements()) {\n>                 try {\n>                     st = new StringTokenizer(br.readLine());\n>                 } catch (IOException e) {\n>                     e.printStackTrace();\n>                 }\n>             }\n>             return st.nextToken();\n>         }\n>         int nextInt() {\n>             return Integer.parseInt(next());\n>         }\n>         long nextLong() {\n>             return Long.parseLong(next());\n>         }\n>         double nextDouble() {\n>             return Double.parseDouble(next());\n>         }\n>         String nextLine() {\n>             String str = \"\";\n>             try {\n>                 str = br.readLine();\n>             } catch (IOException e) {\n>                 e.printStackTrace();\n>             }\n>             return str;\n>         }\n>     }\n> }\n```\n\nThis code coverage indicates that all parts of the program related to solving the task and input/output are executed, except for the `shuffle` methods that are not called within the scope of the provided program flow.",
      "test_seed_coverage": [
        ">",
        ">",
        ">",
        ">",
        ">",
        ">",
        ">",
        ">",
        ">",
        ">",
        ">",
        ">",
        ">",
        ">",
        ">",
        ">",
        ">",
        ">",
        ">",
        ">",
        ">",
        ">",
        ">",
        ">",
        ">",
        ">",
        ">",
        ">",
        ">",
        ">",
        ">",
        ">",
        ">",
        ">",
        ">",
        ">",
        ">",
        ">",
        ">",
        ">",
        ">",
        ">",
        ">",
        ">",
        ">",
        ">",
        ">",
        ">",
        ">",
        ">",
        ">",
        ">",
        ">",
        ">",
        ">",
        ">",
        ">",
        ">",
        ">",
        ">",
        ">",
        ">",
        ">",
        ">",
        ">",
        ">",
        ">",
        ">",
        ">",
        ">",
        ">",
        ">",
        ">",
        ">",
        ">",
        ">",
        ">",
        ">",
        ">",
        ">",
        ">",
        ">",
        ">",
        ">",
        ">",
        ">",
        ">",
        ">",
        ">",
        ">",
        ">",
        ">",
        ">",
        ">",
        ">"
      ],
      "cumulative_coverage": [
        ">",
        ">",
        ">",
        ">",
        ">",
        ">",
        ">",
        ">",
        ">",
        ">",
        ">",
        ">",
        ">",
        ">",
        ">",
        ">",
        ">",
        ">",
        ">",
        ">",
        ">",
        ">",
        ">",
        ">",
        ">",
        ">",
        ">",
        ">",
        ">",
        ">",
        ">",
        ">",
        ">",
        ">",
        ">",
        ">",
        ">",
        ">",
        ">",
        ">",
        ">",
        ">",
        ">",
        ">",
        ">",
        ">",
        ">",
        ">",
        ">",
        ">",
        ">",
        ">",
        ">",
        ">",
        ">",
        ">",
        ">",
        ">",
        ">",
        ">",
        ">",
        ">",
        ">",
        ">",
        ">",
        ">",
        ">",
        ">",
        ">",
        ">",
        ">",
        ">",
        ">",
        ">",
        ">",
        ">",
        ">",
        ">",
        ">",
        ">",
        ">",
        ">",
        ">",
        ">",
        ">",
        ">",
        ">",
        ">",
        ">",
        ">",
        ">",
        ">",
        ">",
        ">",
        ">"
      ],
      "execution_error": "Exception in thread \"main\" java.lang.ArrayIndexOutOfBoundsException: Index -1 out of bounds for length 0\n\tat Main$Task.solve(Main.java:22)\n\tat Main.main(Main.java:9)",
      "cerberus_output": "FileNotFoundException",
      "execution_result": "ArrayIndexOutOfBoundsException",
      "test_case_id": "3"
    },
    {
      "test_case": [
        "Test Case Input:\n-5\n3\n2 3\n4 5\n-1 6"
      ],
      "test_mutations": [
        "Test Case Input:\n-5\n3\n2 3\n4 5\n-1 6"
      ],
      "initial_code": "import java.io.*;\nimport java.util.*;\npublic class Main {\n    public static void main(String[] args) {\n        FastReader scan = new FastReader();\n        PrintWriter out = new PrintWriter(System.out);\n        Task solver = new Task();\n        int t = 1;\n        while (t --> 0) solver.solve(1, scan, out);\n        out.close();\n    }\n    static class Task {\n        static int h, n;\n        static Monster[] m;\n        public void solve(int testNumber, FastReader scan, PrintWriter out) {\n            h = scan.nextInt();\n            n = scan.nextInt();\n            m = new Monster[n];\n            for(int i = 0; i < n; i++) m[i] = new Monster(scan.nextInt(), scan.nextInt());\n            long[] dp = new long[h+1];\n            Arrays.fill(dp, Integer.MAX_VALUE/1000);\n            dp[h] = 0;\n            for(int i = h; i >= 0; i--) {\n                for(int j = 0; j < n; j++) {\n                    int next = Math.max(0, i - m[j].a);\n                    dp[next] = Math.min(dp[next], dp[i] + m[j].b);\n                }\n            }\n            out.println(dp[0]);\n        }\n        static class Monster {\n            int a, b;\n            public Monster(int cc, int dd) {\n                a = cc;\n                b = dd;\n            }\n        }\n    }\n    static void shuffle(int[] a) {\n        Random get = new Random();\n        for (int i = 0; i < a.length; i++) {\n            int r = get.nextInt(a.length);\n            int temp = a[i];\n            a[i] = a[r];\n            a[r] = temp;\n        }\n    }\n    static void shuffle(long[] a) {\n        Random get = new Random();\n        for (int i = 0; i < a.length; i++) {\n            int r = get.nextInt(a.length);\n            long temp = a[i];\n            a[i] = a[r];\n            a[r] = temp;\n        }\n    }\n    static class FastReader {\n        BufferedReader br;\n        StringTokenizer st;\n        public FastReader() {\n            br = new BufferedReader(new InputStreamReader(System.in));\n        }\n        public FastReader(String s) throws FileNotFoundException {\n            br = new BufferedReader(new FileReader(new File(s)));\n        }\n        String next() {\n            while (st == null || !st.hasMoreElements()) {\n                try {\n                    st = new StringTokenizer(br.readLine());\n                } catch (IOException e) {\n                    e.printStackTrace();\n                }\n            }\n            return st.nextToken();\n        }\n        int nextInt() {\n            return Integer.parseInt(next());\n        }\n        long nextLong() {\n            return Long.parseLong(next());\n        }\n        double nextDouble() {\n            return Double.parseDouble(next());\n        }\n        String nextLine() {\n            String str = \"\";\n            try {\n                str = br.readLine();\n            } catch (IOException e) {\n                e.printStackTrace();\n            }\n            return str;\n        }\n    }\n}",
      "covered_code": "To predict the code coverage, let's follow the provided plan structure for the given Java program and test case input.\n\n**Test Case Input:**\n-5 (Hero's health)\n3 (Number of monsters)\n2 3 (Monster 1: damage 2, cost 3)\n4 5 (Monster 2: damage 4, cost 5)\n-1 6 (Monster 3: damage -1, cost 6)\n\n**Plan for Step by Step Execution:**\n\n1. **Import Statements:** \n   - `import java.io.*;`\n   - `import java.util.*;`\n   These are always executed.\n\n2. **Class Declaration for `Main`:** \n   Always executed.\n\n3. **`main` Method Declaration:**\n   Always executed.\n\n4. **Object Creation and Variable Initialization:**\n   - Creation of `FastReader` and `PrintWriter` objects.\n   - Initialization of `int t = 1;`.\n   These are always executed.\n\n5. **Loop Execution (`while (t-->0)`):**\n   - This loop will run exactly once as `t` is initialized to 1. \n\n6. **Solve Method Call:**\n   The `solve` method of the `Task` class is called to process the inputs and calculate the result.\n\n7. **`solve` Method Execution:**\n   - Reading hero's health `h` and number of monsters `n`.\n   - Creation and filling of the `Monster` array `m`.\n   - Initialization and filling of the `dp` array.\n   - Double loop to calculate the minimum cost to reduce hero's health to 0.\n   These steps are always executed given our test case input.\n\n8. **Print the Result:**\n   The final result is printed using `out.println(dp[0]);`. This is executed.\n\n9. **Closing the `PrintWriter`:**\n   `out.close();` is executed to flush and close the stream.\n\n10. **Static Methods `shuffle`:**\n    These methods are declared but not called in the given test case, hence not executed.\n\n**Predicted Code Coverage:**\n\n```\n> import java.io.*;\n> import java.util.*;\n> public class Main {\n>     public static void main(String[] args) {\n>         FastReader scan = new FastReader();\n>         PrintWriter out = new PrintWriter(System.out);\n>         Task solver = new Task();\n>         int t = 1;\n>         while (t --> 0) solver.solve(1, scan, out);\n>         out.close();\n>     }\n>     static class Task {\n>         static int h, n;\n>         static Monster[] m;\n>         public void solve(int testNumber, FastReader scan, PrintWriter out) {\n>             h = scan.nextInt();\n>             n = scan.nextInt();\n>             m = new Monster[n];\n>             for(int i = 0; i < n; i++) m[i] = new Monster(scan.nextInt(), scan.nextInt());\n>             long[] dp = new long[h+1];\n>             Arrays.fill(dp, Integer.MAX_VALUE/1000);\n>             dp[h] = 0;\n>             for(int i = h; i >= 0; i--) {\n>                 for(int j = 0; j < n; j++) {\n>                     int next = Math.max(0, i - m[j].a);\n>                     dp[next] = Math.min(dp[next], dp[i] + m[j].b);\n>                 }\n>             }\n>             out.println(dp[0]);\n>         }\n>         static class Monster {\n>             int a, b;\n>             public Monster(int cc, int dd) {\n>                 a = cc;\n>                 b = dd;\n>             }\n>         }\n>     }\n!     static void shuffle(int[] a) {\n!         Random get = new Random();\n!         for (int i = 0; i < a.length; i++) {\n!             int r = get.nextInt(a.length);\n!             int temp = a[i];\n!             a[i] = a[r];\n!             a[r] = temp;\n!         }\n!     }\n!     static void shuffle(long[] a) {\n!         Random get = new Random();\n!         for (int i = 0; i < a.length; i++) {\n!             int r = get.nextInt(a.length);\n!             long temp = a[i];\n!             a[i] = a[r];\n!             a[r] = temp;\n!         }\n!     }\n>     static class FastReader {\n>         BufferedReader br;\n>         StringTokenizer st;\n>         public FastReader() {\n>             br = new BufferedReader(new InputStreamReader(System.in));\n>         }\n>         public FastReader(String s) throws FileNotFoundException {\n>             br = new BufferedReader(new FileReader(new File(s)));\n>         }\n>         String next() {\n>             while (st == null || !st.hasMoreElements()) {\n>                 try {\n>                     st = new StringTokenizer(br.readLine());\n>                 } catch (IOException e) {\n>                     e.printStackTrace();\n>                 }\n>             }\n>             return st.nextToken();\n>         }\n>         int nextInt() {\n>             return Integer.parseInt(next());\n>         }\n>         long nextLong() {\n>             return Long.parseLong(next());\n>         }\n>         double nextDouble() {\n>             return Double.parseDouble(next());\n>         }\n>         String nextLine() {\n>             String str = \"\";\n>             try {\n>                 str = br.readLine();\n>             } catch (IOException e) {\n>                 e.printStackTrace();\n>             }\n>             return str;\n>         }\n>     }\n> }\n```\n**Note:** The `shuffle` methods are marked as not executed because there are no calls to these methods in the given test case scenario.",
      "test_seed_coverage": [
        ">",
        ">",
        ">",
        ">",
        ">",
        ">",
        ">",
        ">",
        ">",
        ">",
        ">",
        ">",
        ">",
        ">",
        ">",
        ">",
        ">",
        ">",
        ">",
        ">",
        ">",
        ">",
        ">",
        ">",
        ">",
        ">",
        ">",
        ">",
        ">",
        ">",
        ">",
        ">",
        ">",
        ">",
        ">",
        ">",
        ">",
        ">",
        ">",
        ">",
        ">",
        ">",
        ">",
        ">",
        ">",
        ">",
        ">",
        ">",
        ">",
        ">",
        ">",
        ">",
        ">",
        ">",
        ">",
        ">",
        ">",
        ">",
        ">",
        ">",
        ">",
        ">",
        ">",
        ">",
        ">",
        ">",
        ">",
        ">",
        ">",
        ">",
        ">",
        ">",
        ">",
        ">",
        ">",
        ">",
        ">",
        ">",
        ">",
        ">",
        ">",
        ">",
        ">",
        ">",
        ">",
        ">",
        ">",
        ">",
        ">",
        ">",
        ">",
        ">",
        ">",
        ">",
        ">"
      ],
      "cumulative_coverage": [
        ">",
        ">",
        ">",
        ">",
        ">",
        ">",
        ">",
        ">",
        ">",
        ">",
        ">",
        ">",
        ">",
        ">",
        ">",
        ">",
        ">",
        ">",
        ">",
        ">",
        ">",
        ">",
        ">",
        ">",
        ">",
        ">",
        ">",
        ">",
        ">",
        ">",
        ">",
        ">",
        ">",
        ">",
        ">",
        ">",
        ">",
        ">",
        ">",
        ">",
        ">",
        ">",
        ">",
        ">",
        ">",
        ">",
        ">",
        ">",
        ">",
        ">",
        ">",
        ">",
        ">",
        ">",
        ">",
        ">",
        ">",
        ">",
        ">",
        ">",
        ">",
        ">",
        ">",
        ">",
        ">",
        ">",
        ">",
        ">",
        ">",
        ">",
        ">",
        ">",
        ">",
        ">",
        ">",
        ">",
        ">",
        ">",
        ">",
        ">",
        ">",
        ">",
        ">",
        ">",
        ">",
        ">",
        ">",
        ">",
        ">",
        ">",
        ">",
        ">",
        ">",
        ">",
        ">"
      ],
      "execution_error": "Exception in thread \"main\" java.lang.NegativeArraySizeException: -4\n\tat Main$Task.solve(Main.java:20)\n\tat Main.main(Main.java:9)",
      "cerberus_output": "FileNotFoundException",
      "execution_result": "NegativeArraySizeException",
      "test_case_id": "4"
    },
    {
      "test_case": [
        "Test Case Input:\n-5\n3\n1 2\n3 4\n5 6"
      ],
      "test_mutations": [
        "Test Case Input:\n-5\n3\n1 2\n3 4\n5 6"
      ],
      "initial_code": "import java.io.*;\nimport java.util.*;\npublic class Main {\n    public static void main(String[] args) {\n        FastReader scan = new FastReader();\n        PrintWriter out = new PrintWriter(System.out);\n        Task solver = new Task();\n        int t = 1;\n        while (t --> 0) solver.solve(1, scan, out);\n        out.close();\n    }\n    static class Task {\n        static int h, n;\n        static Monster[] m;\n        public void solve(int testNumber, FastReader scan, PrintWriter out) {\n            h = scan.nextInt();\n            n = scan.nextInt();\n            m = new Monster[n];\n            for(int i = 0; i < n; i++) m[i] = new Monster(scan.nextInt(), scan.nextInt());\n            long[] dp = new long[h+1];\n            Arrays.fill(dp, Integer.MAX_VALUE/1000);\n            dp[h] = 0;\n            for(int i = h; i >= 0; i--) {\n                for(int j = 0; j < n; j++) {\n                    int next = Math.max(0, i - m[j].a);\n                    dp[next] = Math.min(dp[next], dp[i] + m[j].b);\n                }\n            }\n            out.println(dp[0]);\n        }\n        static class Monster {\n            int a, b;\n            public Monster(int cc, int dd) {\n                a = cc;\n                b = dd;\n            }\n        }\n    }\n    static void shuffle(int[] a) {\n        Random get = new Random();\n        for (int i = 0; i < a.length; i++) {\n            int r = get.nextInt(a.length);\n            int temp = a[i];\n            a[i] = a[r];\n            a[r] = temp;\n        }\n    }\n    static void shuffle(long[] a) {\n        Random get = new Random();\n        for (int i = 0; i < a.length; i++) {\n            int r = get.nextInt(a.length);\n            long temp = a[i];\n            a[i] = a[r];\n            a[r] = temp;\n        }\n    }\n    static class FastReader {\n        BufferedReader br;\n        StringTokenizer st;\n        public FastReader() {\n            br = new BufferedReader(new InputStreamReader(System.in));\n        }\n        public FastReader(String s) throws FileNotFoundException {\n            br = new BufferedReader(new FileReader(new File(s)));\n        }\n        String next() {\n            while (st == null || !st.hasMoreElements()) {\n                try {\n                    st = new StringTokenizer(br.readLine());\n                } catch (IOException e) {\n                    e.printStackTrace();\n                }\n            }\n            return st.nextToken();\n        }\n        int nextInt() {\n            return Integer.parseInt(next());\n        }\n        long nextLong() {\n            return Long.parseLong(next());\n        }\n        double nextDouble() {\n            return Double.parseDouble(next());\n        }\n        String nextLine() {\n            String str = \"\";\n            try {\n                str = br.readLine();\n            } catch (IOException e) {\n                e.printStackTrace();\n            }\n            return str;\n        }\n    }\n}",
      "covered_code": "Given the test case input and the Java program, here is a plan for step by step execution to predict the code coverage:\n\n1. Import statements: Always executed. Statements like \"import java.io.*;\" and \"import java.util.*;\" will be covered.\n\n2. Main class and method declaration: Always executed. Statements \"public class Main {\" and \"public static void main(String[] args) {\" are covered.\n\n3. Instantiation of FastReader and PrintWriter: Always executed. Statements \"FastReader scan = new FastReader();\" and \"PrintWriter out = new PrintWriter(System.out);\" are covered.\n\n4. Task solver and its execution: The creation of a Task object and its solve method execution are always executed. Statements \"Task solver = new Task();\" and \"solver.solve(1, scan, out);\" are covered.\n\n5. Closing PrintWriter: Always executed. Statement \"out.close();\" is covered.\n\n6. Task.solve method execution: Since this method is called from main, its declaration and internal statements are executed based on the test case provided. \n\n7. Reading input for h, n, and monster attributes: The input is read according to the test case, so statements for reading h, n, and creating Monster objects in a loop are covered.\n\n8. DP array initialization and filling: The DP array is initialized and filled with a large value. Statements involved in these operations are covered.\n\n9. Nested loop for DP calculation: The nested loop that calculates the DP values according to the given logic is executed.\n\n10. Printing the result: The final DP value at index 0 is printed. Statement \"out.println(dp[0]);\" is covered.\n\n11. Monster class constructor: Since Monster objects are created in the Task.solve method, the constructor of the Monster class is executed.\n\n12. FastReader class methods: The methods of the FastReader class that are used to read input (nextInt, next, etc.) are executed.\n\n13. Unused methods: Methods shuffle(int[] a) and shuffle(long[] a) are not called in the provided test case, so these remain uncovered.\n\nBased on the outlined plan, here's the code coverage:\n\n> import java.io.*;\n> import java.util.*;\n> public class Main {\n>     public static void main(String[] args) {\n>         FastReader scan = new FastReader();\n>         PrintWriter out = new PrintWriter(System.out);\n>         Task solver = new Task();\n>         int t = 1;\n>         while (t --> 0) solver.solve(1, scan, out);\n>         out.close();\n>     }\n>     static class Task {\n>         static int h, n;\n>         static Monster[] m;\n>         public void solve(int testNumber, FastReader scan, PrintWriter out) {\n>             h = scan.nextInt();\n>             n = scan.nextInt();\n>             m = new Monster[n];\n>             for(int i = 0; i < n; i++) m[i] = new Monster(scan.nextInt(), scan.nextInt());\n>             long[] dp = new long[h+1];\n>             Arrays.fill(dp, Integer.MAX_VALUE/1000);\n>             dp[h] = 0;\n>             for(int i = h; i >= 0; i--) {\n>                 for(int j = 0; j < n; j++) {\n>                     int next = Math.max(0, i - m[j].a);\n>                     dp[next] = Math.min(dp[next], dp[i] + m[j].b);\n>                 }\n>             }\n>             out.println(dp[0]);\n>         }\n>         static class Monster {\n>             int a, b;\n>             public Monster(int cc, int dd) {\n>                 a = cc;\n>                 b = dd;\n>             }\n>         }\n>     }\n!     static void shuffle(int[] a) {\n!         Random get = new Random();\n!         for (int i = 0; i < a.length; i++) {\n!             int r = get.nextInt(a.length);\n!             int temp = a[i];\n!             a[i] = a[r];\n!             a[r] = temp;\n!         }\n!     }\n!     static void shuffle(long[] a) {\n!         Random get = new Random();\n!         for (int i = 0; i < a.length; i++) {\n!             int r = get.nextInt(a.length);\n!             long temp = a[i];\n!             a[i] = a[r];\n!             a[r] = temp;\n!         }\n!     }\n>     static class FastReader {\n>         BufferedReader br;\n>         StringTokenizer st;\n>         public FastReader() {\n>             br = new BufferedReader(new InputStreamReader(System.in));\n>         }\n>         public FastReader(String s) throws FileNotFoundException {\n>             br = new BufferedReader(new FileReader(new File(s)));\n>         }\n>         String next() {\n>             while (st == null || !st.hasMoreElements()) {\n>                 try {\n>                     st = new StringTokenizer(br.readLine());\n>                 } catch (IOException e) {\n>                     e.printStackTrace();\n>                 }\n>             }\n>             return st.nextToken();\n>         }\n>         int nextInt() {\n>             return Integer.parseInt(next());\n>         }\n>         long nextLong() {\n>             return Long.parseLong(next());\n>         }\n>         double nextDouble() {\n>             return Double.parseDouble(next());\n>         }\n>         String nextLine() {\n>             String str = \"\";\n>             try {\n>                 str = br.readLine();\n>             } catch (IOException e) {\n>                 e.printStackTrace();\n>             }\n>             return str;\n>         }\n>     }\n> }",
      "test_seed_coverage": [
        ">",
        ">",
        ">",
        ">",
        ">",
        ">",
        ">",
        ">",
        ">",
        ">",
        ">",
        ">",
        ">",
        ">",
        ">",
        ">",
        ">",
        ">",
        ">",
        ">",
        ">",
        ">",
        ">",
        ">",
        ">",
        ">",
        ">",
        ">",
        ">",
        ">",
        ">",
        ">",
        ">",
        ">",
        ">",
        ">",
        ">",
        ">",
        ">",
        ">",
        ">",
        ">",
        ">",
        ">",
        ">",
        ">",
        ">",
        ">",
        ">",
        ">",
        ">",
        ">",
        ">",
        ">",
        ">",
        ">",
        ">",
        ">",
        ">",
        ">",
        ">",
        ">",
        ">",
        ">",
        ">",
        ">",
        ">",
        ">",
        ">",
        ">",
        ">",
        ">",
        ">",
        ">",
        ">",
        ">",
        ">",
        ">",
        ">",
        ">",
        ">",
        ">",
        ">",
        ">",
        ">",
        ">",
        ">",
        ">",
        ">",
        ">",
        ">",
        ">",
        ">",
        ">",
        ">"
      ],
      "cumulative_coverage": [
        ">",
        ">",
        ">",
        ">",
        ">",
        ">",
        ">",
        ">",
        ">",
        ">",
        ">",
        ">",
        ">",
        ">",
        ">",
        ">",
        ">",
        ">",
        ">",
        ">",
        ">",
        ">",
        ">",
        ">",
        ">",
        ">",
        ">",
        ">",
        ">",
        ">",
        ">",
        ">",
        ">",
        ">",
        ">",
        ">",
        ">",
        ">",
        ">",
        ">",
        ">",
        ">",
        ">",
        ">",
        ">",
        ">",
        ">",
        ">",
        ">",
        ">",
        ">",
        ">",
        ">",
        ">",
        ">",
        ">",
        ">",
        ">",
        ">",
        ">",
        ">",
        ">",
        ">",
        ">",
        ">",
        ">",
        ">",
        ">",
        ">",
        ">",
        ">",
        ">",
        ">",
        ">",
        ">",
        ">",
        ">",
        ">",
        ">",
        ">",
        ">",
        ">",
        ">",
        ">",
        ">",
        ">",
        ">",
        ">",
        ">",
        ">",
        ">",
        ">",
        ">",
        ">",
        ">"
      ],
      "execution_error": "Exception in thread \"main\" java.lang.NegativeArraySizeException: -4\n\tat Main$Task.solve(Main.java:20)\n\tat Main.main(Main.java:9)",
      "cerberus_output": "FileNotFoundException",
      "execution_result": "NegativeArraySizeException",
      "test_case_id": "5"
    },
    {
      "test_case": [
        "Test Case Input:\n0\n0"
      ],
      "test_mutations": [
        "Test Case Input:\n0\n0"
      ],
      "initial_code": "import java.io.*;\nimport java.util.*;\npublic class Main {\n    public static void main(String[] args) {\n        FastReader scan = new FastReader();\n        PrintWriter out = new PrintWriter(System.out);\n        Task solver = new Task();\n        int t = 1;\n        while (t --> 0) solver.solve(1, scan, out);\n        out.close();\n    }\n    static class Task {\n        static int h, n;\n        static Monster[] m;\n        public void solve(int testNumber, FastReader scan, PrintWriter out) {\n            h = scan.nextInt();\n            n = scan.nextInt();\n            m = new Monster[n];\n            for(int i = 0; i < n; i++) m[i] = new Monster(scan.nextInt(), scan.nextInt());\n            long[] dp = new long[h+1];\n            Arrays.fill(dp, Integer.MAX_VALUE/1000);\n            dp[h] = 0;\n            for(int i = h; i >= 0; i--) {\n                for(int j = 0; j < n; j++) {\n                    int next = Math.max(0, i - m[j].a);\n                    dp[next] = Math.min(dp[next], dp[i] + m[j].b);\n                }\n            }\n            out.println(dp[0]);\n        }\n        static class Monster {\n            int a, b;\n            public Monster(int cc, int dd) {\n                a = cc;\n                b = dd;\n            }\n        }\n    }\n    static void shuffle(int[] a) {\n        Random get = new Random();\n        for (int i = 0; i < a.length; i++) {\n            int r = get.nextInt(a.length);\n            int temp = a[i];\n            a[i] = a[r];\n            a[r] = temp;\n        }\n    }\n    static void shuffle(long[] a) {\n        Random get = new Random();\n        for (int i = 0; i < a.length; i++) {\n            int r = get.nextInt(a.length);\n            long temp = a[i];\n            a[i] = a[r];\n            a[r] = temp;\n        }\n    }\n    static class FastReader {\n        BufferedReader br;\n        StringTokenizer st;\n        public FastReader() {\n            br = new BufferedReader(new InputStreamReader(System.in));\n        }\n        public FastReader(String s) throws FileNotFoundException {\n            br = new BufferedReader(new FileReader(new File(s)));\n        }\n        String next() {\n            while (st == null || !st.hasMoreElements()) {\n                try {\n                    st = new StringTokenizer(br.readLine());\n                } catch (IOException e) {\n                    e.printStackTrace();\n                }\n            }\n            return st.nextToken();\n        }\n        int nextInt() {\n            return Integer.parseInt(next());\n        }\n        long nextLong() {\n            return Long.parseLong(next());\n        }\n        double nextDouble() {\n            return Double.parseDouble(next());\n        }\n        String nextLine() {\n            String str = \"\";\n            try {\n                str = br.readLine();\n            } catch (IOException e) {\n                e.printStackTrace();\n            }\n            return str;\n        }\n    }\n}",
      "covered_code": "Given the test case input of '0' for both `h` and `n`, the step-by-step execution plan and the corresponding code coverage prediction can be outlined as follows:\n\n1. Import statements: Import statements are always executed.\n> import java.io.*;\n> import java.util.*;\n\n2. Main class and main method declaration: Always executed.\n> public class Main {\n>     public static void main(String[] args) {\n\n3. Initialization of FastReader and PrintWriter, and Task solver: Always executed.\n> FastReader scan = new FastReader();\n> PrintWriter out = new PrintWriter(System.out);\n> Task solver = new Task();\n\n4. Execution of the while loop: Since `t` is initialized to 1, the loop will execute once.\n> while (t --> 0) solver.solve(1, scan, out);\n\n5. Closing PrintWriter: Always executed after the loop.\n> out.close();\n\n6. Inside Task.solve method: Since `h` and `n` are both input as 0, initialization and array creation will be executed.\n> h = scan.nextInt();\n> n = scan.nextInt();\n> m = new Monster[n];\n\n7. Loop for Monster array initialization: This loop will not execute since `n` is 0.\n! for(int i = 0; i < n; i++) m[i] = new Monster(scan.nextInt(), scan.nextInt());\n\n8. Dynamic programming array `dp` initialization and filling: The size of `dp` will be 1 (`h+1` where `h` is 0), and it will be filled with `Integer.MAX_VALUE/1000`.\n> long[] dp = new long[h+1];\n> Arrays.fill(dp, Integer.MAX_VALUE/1000);\n> dp[h] = 0;\n\n9. Main DP loop: This loop aims to populate the `dp` array but will not execute meaningful iterations since `h` is 0 and no monsters are initialized due to `n` being 0.\n> for(int i = h; i >= 0; i--) {\n!     for(int j = 0; j < n; j++) {\n\n10. Output of the result: The result printed will be the value in `dp[0]`, which is initialized to `0` due to the specific setup of this scenario.\n> out.println(dp[0]);\n\n11. Monster class and other methods (`shuffle` and parts of `FastReader`): The Monster class is used but not iterated over due to `n` being 0. The `shuffle` methods and parts of the `FastReader` class not directly involved in reading `h` and `n` are not executed.\n! static class Monster {\n! static void shuffle(int[] a) {\n! static void shuffle(long[] a) {\n! public FastReader(String s) throws FileNotFoundException {\n! double nextDouble() {\n! String nextLine() {\n\nCode coverage summary:\n- Import statements, Main class, and main method declaration are always executed.\n- Initialization of FastReader, PrintWriter, and Task solver are executed.\n- The loop for creating the Monster array does not execute due to `n` being 0.\n- DP array initialization and filling are executed, but the main DP loop does not perform meaningful iterations.\n- Output of the result (`dp[0]`) is executed.\n- Parts of the code related to unused functionalities or input reading beyond `h` and `n` are not executed.\n\nThis coverage indicates which parts of the code are exercised by the given test case, highlighting the areas tested and those not reached.",
      "test_seed_coverage": [
        ">",
        ">",
        ">",
        ">",
        ">",
        ">",
        ">",
        ">",
        ">",
        ">",
        ">",
        ">",
        ">",
        ">",
        ">",
        ">",
        ">",
        ">",
        ">",
        ">",
        ">",
        ">",
        ">",
        ">",
        ">",
        ">",
        ">",
        ">",
        ">",
        ">",
        ">",
        ">",
        ">",
        ">",
        ">",
        ">",
        ">",
        ">",
        ">",
        ">",
        ">",
        ">",
        ">",
        ">",
        ">",
        ">",
        ">",
        ">",
        ">",
        ">",
        ">",
        ">",
        ">",
        ">",
        ">",
        ">",
        ">",
        ">",
        ">",
        ">",
        ">",
        ">",
        ">",
        ">",
        ">",
        ">",
        ">",
        ">",
        ">",
        ">",
        ">",
        ">",
        ">",
        ">",
        ">",
        ">",
        ">",
        ">",
        ">",
        ">",
        ">",
        ">",
        ">",
        ">",
        ">",
        ">",
        ">",
        ">",
        ">",
        ">",
        ">",
        ">",
        ">",
        ">",
        ">"
      ],
      "cumulative_coverage": [
        ">",
        ">",
        ">",
        ">",
        ">",
        ">",
        ">",
        ">",
        ">",
        ">",
        ">",
        ">",
        ">",
        ">",
        ">",
        ">",
        ">",
        ">",
        ">",
        ">",
        ">",
        ">",
        ">",
        ">",
        ">",
        ">",
        ">",
        ">",
        ">",
        ">",
        ">",
        ">",
        ">",
        ">",
        ">",
        ">",
        ">",
        ">",
        ">",
        ">",
        ">",
        ">",
        ">",
        ">",
        ">",
        ">",
        ">",
        ">",
        ">",
        ">",
        ">",
        ">",
        ">",
        ">",
        ">",
        ">",
        ">",
        ">",
        ">",
        ">",
        ">",
        ">",
        ">",
        ">",
        ">",
        ">",
        ">",
        ">",
        ">",
        ">",
        ">",
        ">",
        ">",
        ">",
        ">",
        ">",
        ">",
        ">",
        ">",
        ">",
        ">",
        ">",
        ">",
        ">",
        ">",
        ">",
        ">",
        ">",
        ">",
        ">",
        ">",
        ">",
        ">",
        ">",
        ">"
      ],
      "execution_output": "0",
      "cerberus_output": "FileNotFoundException",
      "execution_result": "",
      "test_case_id": "6"
    },
    {
      "test_case": [
        "Test Case Input:\n-1 5 4 3 2 1"
      ],
      "test_mutations": [
        "Test Case Input:\n-1 5 4 3 2 1"
      ],
      "initial_code": "import java.io.*;\nimport java.util.*;\npublic class Main {\n    public static void main(String[] args) {\n        FastReader scan = new FastReader();\n        PrintWriter out = new PrintWriter(System.out);\n        Task solver = new Task();\n        int t = 1;\n        while (t --> 0) solver.solve(1, scan, out);\n        out.close();\n    }\n    static class Task {\n        static int h, n;\n        static Monster[] m;\n        public void solve(int testNumber, FastReader scan, PrintWriter out) {\n            h = scan.nextInt();\n            n = scan.nextInt();\n            m = new Monster[n];\n            for(int i = 0; i < n; i++) m[i] = new Monster(scan.nextInt(), scan.nextInt());\n            long[] dp = new long[h+1];\n            Arrays.fill(dp, Integer.MAX_VALUE/1000);\n            dp[h] = 0;\n            for(int i = h; i >= 0; i--) {\n                for(int j = 0; j < n; j++) {\n                    int next = Math.max(0, i - m[j].a);\n                    dp[next] = Math.min(dp[next], dp[i] + m[j].b);\n                }\n            }\n            out.println(dp[0]);\n        }\n        static class Monster {\n            int a, b;\n            public Monster(int cc, int dd) {\n                a = cc;\n                b = dd;\n            }\n        }\n    }\n    static void shuffle(int[] a) {\n        Random get = new Random();\n        for (int i = 0; i < a.length; i++) {\n            int r = get.nextInt(a.length);\n            int temp = a[i];\n            a[i] = a[r];\n            a[r] = temp;\n        }\n    }\n    static void shuffle(long[] a) {\n        Random get = new Random();\n        for (int i = 0; i < a.length; i++) {\n            int r = get.nextInt(a.length);\n            long temp = a[i];\n            a[i] = a[r];\n            a[r] = temp;\n        }\n    }\n    static class FastReader {\n        BufferedReader br;\n        StringTokenizer st;\n        public FastReader() {\n            br = new BufferedReader(new InputStreamReader(System.in));\n        }\n        public FastReader(String s) throws FileNotFoundException {\n            br = new BufferedReader(new FileReader(new File(s)));\n        }\n        String next() {\n            while (st == null || !st.hasMoreElements()) {\n                try {\n                    st = new StringTokenizer(br.readLine());\n                } catch (IOException e) {\n                    e.printStackTrace();\n                }\n            }\n            return st.nextToken();\n        }\n        int nextInt() {\n            return Integer.parseInt(next());\n        }\n        long nextLong() {\n            return Long.parseLong(next());\n        }\n        double nextDouble() {\n            return Double.parseDouble(next());\n        }\n        String nextLine() {\n            String str = \"\";\n            try {\n                str = br.readLine();\n            } catch (IOException e) {\n                e.printStackTrace();\n            }\n            return str;\n        }\n    }\n}",
      "covered_code": "To develop a plan for step-by-step execution of the given Java program with the associated test input and predict the code coverage, let's break down the program's execution flow based on the provided test case input `['Test Case Input:\\n-1 5 4 3 2 1']`, and the program's structure:\n\n**Plan for Step by Step Execution:**\n\n1. **Import Statements:** The import statements (`import java.io.*; import java.util.*;`) are always executed. Therefore, these lines are covered.\n\n2. **Main Class Declaration:** The declaration of the `public class Main {` is always executed. This line is covered.\n\n3. **Main Method Declaration and Execution:** The `public static void main(String[] args) {` method is the entry point of the program, so it is always executed. This line is covered.\n\n4. **Object Instantiations and Variable Initializations:** The creation of `FastReader scan = new FastReader();`, `PrintWriter out = new PrintWriter(System.out);`, and `Task solver = new Task();` objects, along with the variable initialization of `int t = 1;`, are always executed. These lines are covered.\n\n5. **While Loop Execution:** Given `t = 1;`, the while loop condition `(t --> 0)` is true once. The loop will execute its block once, decrementing `t` from `1` to `0`. This line is covered.\n\n6. **Method Call within While Loop:** The method call `solver.solve(1, scan, out);` within the while loop is executed. This line is covered.\n\n7. **Task Class and solve Method Execution:** Inside the `solve` method, variables `h` and `n` are assigned values from the `FastReader` object `scan`. The array `m` of `Monster` objects is initialized and filled. The dynamic programming array `dp` is initialized and filled as per the logic. The `out.println(dp[0]);` statement is executed to print the result. All these lines are covered.\n\n8. **Monster Class Constructor Execution:** The constructor of the `Monster` class is called `n` times to initialize the `m` array. This part is covered.\n\n9. **Closing the PrintWriter:** After the loop, `out.close();` is executed. This line is covered.\n\n10. **Shuffle Methods:** The `shuffle(int[] a)` and `shuffle(long[] a)` methods are defined but not called within the provided test case execution. These lines are not covered.\n\n11. **FastReader Class Execution:** Methods within the `FastReader` class (`nextInt()`, `nextLong()`, `nextDouble()`, `nextLine()`, and `next()`) are called during the execution. Given that inputs are provided, these methods are covered, except potentially `nextLong()`, `nextDouble()`, and `nextLine()`, which might not be explicitly called based on the provided test case.\n\n**Predicted Code Coverage:**\n\n- Import statements, class declarations, main method, object instantiations, variable initializations, method calls, and logic within the `solve` method are covered.\n- The `shuffle` methods are not covered since they are not invoked.\n- Coverage within the `FastReader` class depends on the specific method calls required by the test case inputs; `nextInt()` and `next()` are covered for sure due to their use in reading input.\n\n**Final Code Coverage:**\n\n```\n> import statements\n> class Main declaration\n> main method declaration\n> FastReader, PrintWriter, Task object instantiations, and variable initializations\n> while loop execution\n> solver.solve method call\n> Task class and solve method execution\n> Monster class constructor execution\n> Closing PrintWriter\n! shuffle methods (not executed)\n> FastReader class execution (specific methods depending on input)\n```\n\nGiven the input does not require shuffling or possibly reading longs, doubles, or entire lines beyond what's necessary for the test case, those methods would not be covered.",
      "test_seed_coverage": [
        ">",
        ">",
        ">",
        ">",
        ">",
        ">",
        ">",
        ">",
        ">",
        ">",
        ">",
        ">",
        ">",
        ">",
        ">",
        ">",
        ">",
        ">",
        ">",
        ">",
        ">",
        ">",
        ">",
        ">",
        ">",
        ">",
        ">",
        ">",
        ">",
        ">",
        ">",
        ">",
        ">",
        ">",
        ">",
        ">",
        ">",
        ">",
        ">",
        ">",
        ">",
        ">",
        ">",
        ">",
        ">",
        ">",
        ">",
        ">",
        ">",
        ">",
        ">",
        ">",
        ">",
        ">",
        ">",
        ">",
        ">",
        ">",
        ">",
        ">",
        ">",
        ">",
        ">",
        ">",
        ">",
        ">",
        ">",
        ">",
        ">",
        ">",
        ">",
        ">",
        ">",
        ">",
        ">",
        ">",
        ">",
        ">",
        ">",
        ">",
        ">",
        ">",
        ">",
        ">",
        ">",
        ">",
        ">",
        ">",
        ">",
        ">",
        ">",
        ">",
        ">",
        ">",
        ">"
      ],
      "cumulative_coverage": [
        ">",
        ">",
        ">",
        ">",
        ">",
        ">",
        ">",
        ">",
        ">",
        ">",
        ">",
        ">",
        ">",
        ">",
        ">",
        ">",
        ">",
        ">",
        ">",
        ">",
        ">",
        ">",
        ">",
        ">",
        ">",
        ">",
        ">",
        ">",
        ">",
        ">",
        ">",
        ">",
        ">",
        ">",
        ">",
        ">",
        ">",
        ">",
        ">",
        ">",
        ">",
        ">",
        ">",
        ">",
        ">",
        ">",
        ">",
        ">",
        ">",
        ">",
        ">",
        ">",
        ">",
        ">",
        ">",
        ">",
        ">",
        ">",
        ">",
        ">",
        ">",
        ">",
        ">",
        ">",
        ">",
        ">",
        ">",
        ">",
        ">",
        ">",
        ">",
        ">",
        ">",
        ">",
        ">",
        ">",
        ">",
        ">",
        ">",
        ">",
        ">",
        ">",
        ">",
        ">",
        ">",
        ">",
        ">",
        ">",
        ">",
        ">",
        ">",
        ">",
        ">",
        ">",
        ">"
      ],
      "execution_error": "Exception in thread \"main\" java.lang.NullPointerException: Cannot invoke \"String.length()\" because \"str\" is null\n\tat java.base/java.util.StringTokenizer.<init>(StringTokenizer.java:199)\n\tat java.base/java.util.StringTokenizer.<init>(StringTokenizer.java:236)\n\tat Main$FastReader.next(Main.java:69)\n\tat Main$FastReader.nextInt(Main.java:77)\n\tat Main$Task.solve(Main.java:19)\n\tat Main.main(Main.java:9)",
      "cerberus_output": "",
      "execution_result": "NullPointerException",
      "test_case_id": "7"
    }
  ]
}