{
  "submission_id": "s638236423",
  "cycles": [
    {
      "test_case": [
        "Test Case Input:\n5\n3\nabcde-123"
      ],
      "test_mutations": [
        "Test Case Input:\n5\n3\nabcde-123"
      ],
      "initial_code": "import java.io.IOException;\nimport java.util.Scanner;\nimport java.util.regex.Matcher;\nimport java.util.regex.Pattern;\npublic class Main {\n\tpublic static void main(String[] args) throws IOException {\n\t\tScanner in = new Scanner(System.in);\n\t\tint A, B;\n\t\tA = in.nextInt();\n\t\tB = in.nextInt();\n\t\tString S = in.next();\n\t\tPattern p = Pattern.compile(\"^.{\" + A + \"}-[0-9]{\" + B + \"}$\");\n\t\tMatcher m = p.matcher(S);\n\t\tSystem.err.println(S);\n\t\tif(m.find()) {\n\t\t\tSystem.out.println(\"Yes\");\n\t\t}else {\n\t\t\tSystem.out.println(\"No\");\n\t\t}\n\t}\n}",
      "covered_code": "Given the test case input \"5\\n3\\nabcde-123\", let's develop a plan for step-by-step execution of the Java program to predict the code coverage.\n\n1. **Import Statements:** Import statements are always executed. Statements involving import of `Scanner` and `Pattern` classes will be covered.\n    > import java.io.IOException;\n    > import java.util.Scanner;\n    > import java.util.regex.Matcher;\n    > import java.util.regex.Pattern;\n\n2. **Class Declaration:** The class declaration line is always executed.\n    > public class Main {\n\n3. **Main Method Declaration:** The main method declaration line is always executed.\n    > public static void main(String[] args) throws IOException {\n\n4. **Scanner and Variable Initialization:** The statements initializing the Scanner and variables A, B, and S will be executed as they are essential for the program's core logic.\n    > Scanner in = new Scanner(System.in);\n    > A = in.nextInt();\n    > B = in.nextInt();\n    > String S = in.next();\n\n5. **Pattern Compilation:** The line that compiles the regex pattern will be executed.\n    > Pattern p = Pattern.compile(\"^.{\" + A + \"}-[0-9]{\" + B + \"}$\");\n\n6. **Matcher Creation:** The line that creates a matcher from the pattern will be executed.\n    > Matcher m = p.matcher(S);\n\n7. **System Error Print:** The line that prints to System.err will be executed.\n    > System.err.println(S);\n\n8. **Conditional Check (If-Else):** Given the input, the regex will match the pattern provided (\"abcde-123\" matches \"5 characters-3 digits\"). Therefore, the if condition will be true, and the corresponding block will be executed.\n    > if(m.find()) {\n\n9. **Conditional Block Execution:** Since the condition in step 8 is true, the corresponding \"Yes\" will be printed, and the \"else\" block will not be executed.\n    > System.out.println(\"Yes\");\n\n10. **Skipping Else Block:** The \"else\" block will not be executed due to the condition in step 8 being true.\n    ! System.out.println(\"No\");\n\n11. **Closing Braces:** Closing braces for class and methods are always considered covered in terms of structural coverage.\n    > }\n\nFinal code coverage of the Java program based on its test case and given step-by-step reasoning for execution is:\n```java\n> import java.io.IOException;\n> import java.util.Scanner;\n> import java.util.regex.Matcher;\n> import java.util.regex.Pattern;\n> public class Main {\n>\tpublic static void main(String[] args) throws IOException {\n>\t\tScanner in = new Scanner(System.in);\n>\t\tint A, B;\n>\t\tA = in.nextInt();\n>\t\tB = in.nextInt();\n>\t\tString S = in.next();\n>\t\tPattern p = Pattern.compile(\"^.{\" + A + \"}-[0-9]{\" + B + \"}$\");\n>\t\tMatcher m = p.matcher(S);\n>\t\tSystem.err.println(S);\n>\t\tif(m.find()) {\n>\t\t\tSystem.out.println(\"Yes\");\n!\t\t}else {\n!\t\t\tSystem.out.println(\"No\");\n>\t\t}\n>\t}\n> }\n```\nOUTPUT: Yes",
      "test_seed_coverage": [
        ">",
        ">",
        ">",
        ">",
        ">",
        ">",
        ">",
        ">",
        ">",
        ">",
        ">",
        ">",
        ">",
        ">",
        ">",
        "!",
        ">",
        ">",
        ">",
        ">",
        ">",
        ">",
        ">",
        ">",
        ">",
        ">",
        ">",
        ">",
        ">",
        ">",
        ">",
        ">",
        ">",
        "!",
        "!",
        ">",
        ">",
        ">"
      ],
      "cumulative_coverage": [
        ">",
        ">",
        ">",
        ">",
        ">",
        ">",
        ">",
        ">",
        ">",
        ">",
        ">",
        ">",
        ">",
        ">",
        ">",
        "!",
        ">",
        ">",
        ">",
        ">",
        ">",
        ">",
        ">",
        ">",
        ">",
        ">",
        ">",
        ">",
        ">",
        ">",
        ">",
        ">",
        ">",
        "!",
        "!",
        ">",
        ">",
        ">"
      ],
      "execution_output": "Yes",
      "cerberus_output": "",
      "execution_result": "",
      "test_case_id": "1"
    },
    {
      "test_case": [
        "Test Case Input:\nABC\n3\n12345"
      ],
      "test_mutations": [
        "Test Case Input:\nABC\n3\n12345"
      ],
      "initial_code": "import java.io.IOException;\nimport java.util.Scanner;\nimport java.util.regex.Matcher;\nimport java.util.regex.Pattern;\npublic class Main {\n\tpublic static void main(String[] args) throws IOException {\n\t\tScanner in = new Scanner(System.in);\n\t\tint A, B;\n\t\tA = in.nextInt();\n\t\tB = in.nextInt();\n\t\tString S = in.next();\n\t\tPattern p = Pattern.compile(\"^.{\" + A + \"}-[0-9]{\" + B + \"}$\");\n\t\tMatcher m = p.matcher(S);\n\t\tSystem.err.println(S);\n\t\tif(m.find()) {\n\t\t\tSystem.out.println(\"Yes\");\n\t\t}else {\n\t\t\tSystem.out.println(\"No\");\n\t\t}\n\t}\n}",
      "covered_code": "For the given Java program and the test case input \"ABC\\n3\\n12345\", let's develop a plan for step-by-step execution to predict the code coverage.\n\nPlan:\n1. Import statements : Import statements are always executed. Statements \"import java.io.IOException;\", \"import java.util.Scanner;\", and \"import java.util.regex.Matcher;\", \"import java.util.regex.Pattern;\" will be covered.\n2. Main class and method declaration: Always executed. Statements \"public class Main {\" and \"public static void main(String[] args) throws IOException {\" are covered.\n3. Scanner Initialization: Always executed. Statement \"Scanner in = new Scanner(System.in);\" is covered.\n4. Reading input A and B: These statements attempt to read integers, but the first input is a string (\"ABC\"). This will cause a `java.util.InputMismatchException` at runtime when attempting to execute \"A = in.nextInt();\". Therefore, \"A = in.nextInt();\" is not successfully executed, nor are any subsequent statements, including \"B = in.nextInt();\", \"String S = in.next();\", and any operations or conditionals that follow.\n5. Pattern and Matcher Initialization: Will not be executed because the program will throw an exception before reaching these lines.\n6. System.err.println(S): Will not be executed due to the exception before this statement.\n7. if-else condition to check pattern match: Will not be executed due to the exception before this statement.\n\nFinal code coverage based on the given test case and step-by-step reasoning for execution is:\n> import java.io.IOException;\n> import java.util.Scanner;\n> import java.util.regex.Matcher;\n> import java.util.regex.Pattern;\n> public class Main {\n> \tpublic static void main(String[] args) throws IOException {\n> \t\tScanner in = new Scanner(System.in);\n!\t\tint A, B;\n!\t\tA = in.nextInt();\n!\t\tB = in.nextInt();\n!\t\tString S = in.next();\n!\t\tPattern p = Pattern.compile(\"^.{\" + A + \"}-[0-9]{\" + B + \"}$\");\n!\t\tMatcher m = p.matcher(S);\n!\t\tSystem.err.println(S);\n!\t\tif(m.find()) {\n!\t\t\tSystem.out.println(\"Yes\");\n!\t\t}else {\n!\t\t\tSystem.out.println(\"No\");\n!\t\t}\n> \t}\n> }\n\nOUTPUT:\nError: java.util.InputMismatchException\n\nThis plan demonstrates that the program will encounter a runtime exception when trying to read an integer while the first input is a non-integer string (\"ABC\"), preventing the execution of any statement beyond the initialization of the Scanner object.",
      "test_seed_coverage": [
        ">",
        ">",
        ">",
        ">",
        ">",
        ">",
        ">",
        ">",
        ">",
        ">",
        ">",
        ">",
        ">",
        ">",
        ">",
        "!",
        ">",
        ">",
        ">",
        ">",
        ">"
      ],
      "cumulative_coverage": [
        ">",
        ">",
        ">",
        ">",
        ">",
        ">",
        ">",
        ">",
        ">",
        ">",
        ">",
        ">",
        ">",
        ">",
        ">",
        "!",
        ">",
        ">",
        ">",
        ">",
        ">"
      ],
      "execution_error": "Exception in thread \"main\" java.util.InputMismatchException\n\tat java.base/java.util.Scanner.throwFor(Scanner.java:947)\n\tat java.base/java.util.Scanner.next(Scanner.java:1602)\n\tat java.base/java.util.Scanner.nextInt(Scanner.java:2267)\n\tat java.base/java.util.Scanner.nextInt(Scanner.java:2221)\n\tat Main.main(Main.java:9)",
      "cerberus_output": "InputMismatchException",
      "execution_result": "InputMismatchException",
      "test_case_id": "2"
    },
    {
      "test_case": [
        "Test Case Input:\n5\n3\nabc-123"
      ],
      "test_mutations": [
        "Test Case Input:\n5\n3\nabc-123"
      ],
      "initial_code": "import java.io.IOException;\nimport java.util.Scanner;\nimport java.util.regex.Matcher;\nimport java.util.regex.Pattern;\npublic class Main {\n\tpublic static void main(String[] args) throws IOException {\n\t\tScanner in = new Scanner(System.in);\n\t\tint A, B;\n\t\tA = in.nextInt();\n\t\tB = in.nextInt();\n\t\tString S = in.next();\n\t\tPattern p = Pattern.compile(\"^.{\" + A + \"}-[0-9]{\" + B + \"}$\");\n\t\tMatcher m = p.matcher(S);\n\t\tSystem.err.println(S);\n\t\tif(m.find()) {\n\t\t\tSystem.out.println(\"Yes\");\n\t\t}else {\n\t\t\tSystem.out.println(\"No\");\n\t\t}\n\t}\n}",
      "covered_code": "Given the test case input \"5\\n3\\nabc-123\" for the Java program, let's develop a plan for step-by-step execution and predict the code coverage:\n\n1. **Import Statements**: \n   - The import statements for `java.io.IOException`, `java.util.Scanner`, `java.util.regex.Matcher`, and `java.util.regex.Pattern` are always executed. These lines are covered.\n\n2. **Class and Main Method Declaration**:\n   - The class declaration `public class Main {` and the main method declaration `public static void main(String[] args) throws IOException {` are always executed. These lines are covered.\n\n3. **Variable Initialization and User Input**:\n   - The statements for initializing variables `A`, `B`, and reading inputs for `A`, `B`, and `S` using `Scanner` are executed as part of the program's execution flow. Thus, the lines for variable initialization and input reading are covered.\n\n4. **Pattern Compilation and Matcher**:\n   - The `Pattern.compile` method call to compile the regex pattern and the `Matcher` initialization are executed as the program processes the input. These lines are covered.\n\n5. **System Error Print**:\n   - The `System.err.println(S);` is executed to print the input string `S` to the standard error. This line is covered.\n\n6. **Conditional Check (if-else)**:\n   - The `if` condition checks if the matcher `m` finds a match according to the given pattern. Given the input \"5\\n3\\nabc-123\", the pattern `^.{\" + A + \"}-[0-9]{\" + B + \"}$` translates to `^.{5}-[0-9]{3}$`, which matches the input string \"abc-123\". Thus, the `if` condition is true, and the corresponding `System.out.println(\"Yes\");` is executed. The `else` block is not executed in this case. The line printing \"Yes\" is covered, and the line printing \"No\" is not.\n\n7. **Closing Brackets**:\n   - Closing brackets for the main method and class are syntactically required and considered covered as part of the program's structure.\n\nBased on the step-by-step execution plan for the given test case input and Java program, the predicted code coverage is:\n\n```\n> import java.io.IOException;\n> import java.util.Scanner;\n> import java.util.regex.Matcher;\n> import java.util.regex.Pattern;\n> public class Main {\n> \tpublic static void main(String[] args) throws IOException {\n> \t\tScanner in = new Scanner(System.in);\n> \t\tint A, B;\n> \t\tA = in.nextInt();\n> \t\tB = in.nextInt();\n> \t\tString S = in.next();\n> \t\tPattern p = Pattern.compile(\"^.{\" + A + \"}-[0-9]{\" + B + \"}$\");\n> \t\tMatcher m = p.matcher(S);\n> \t\tSystem.err.println(S);\n> \t\tif(m.find()) {\n> \t\t\tSystem.out.println(\"Yes\");\n! \t\t}else {\n! \t\t\tSystem.out.println(\"No\");\n> \t\t}\n> \t}\n> }\n```\nThe output for the given test case will be \"Yes\".",
      "test_seed_coverage": [
        ">",
        ">",
        ">",
        ">",
        ">",
        ">",
        ">",
        ">",
        ">",
        ">",
        ">",
        ">",
        ">",
        ">",
        ">",
        ">",
        ">",
        ">",
        ">",
        ">",
        ">"
      ],
      "cumulative_coverage": [
        ">",
        ">",
        ">",
        ">",
        ">",
        ">",
        ">",
        ">",
        ">",
        ">",
        ">",
        ">",
        ">",
        ">",
        ">",
        ">",
        ">",
        ">",
        ">",
        ">",
        ">"
      ],
      "execution_output": "No",
      "cerberus_output": "",
      "execution_result": "",
      "test_case_id": "3"
    },
    {
      "test_case": [
        "Test Case Input:\nabc\ndef\n123-456"
      ],
      "test_mutations": [
        "Test Case Input:\nabc\ndef\n123-456"
      ],
      "initial_code": "import java.io.IOException;\nimport java.util.Scanner;\nimport java.util.regex.Matcher;\nimport java.util.regex.Pattern;\npublic class Main {\n\tpublic static void main(String[] args) throws IOException {\n\t\tScanner in = new Scanner(System.in);\n\t\tint A, B;\n\t\tA = in.nextInt();\n\t\tB = in.nextInt();\n\t\tString S = in.next();\n\t\tPattern p = Pattern.compile(\"^.{\" + A + \"}-[0-9]{\" + B + \"}$\");\n\t\tMatcher m = p.matcher(S);\n\t\tSystem.err.println(S);\n\t\tif(m.find()) {\n\t\t\tSystem.out.println(\"Yes\");\n\t\t}else {\n\t\t\tSystem.out.println(\"No\");\n\t\t}\n\t}\n}",
      "covered_code": "Given the test case input \"abc\\ndef\\n123-456\", let's develop a plan for step-by-step execution of the provided Java program and predict the code coverage.\n\n### Plan for Step by Step Execution\n\n1. **Import Statements:** Always executed. Statement `import java.io.IOException;`, `import java.util.Scanner;`, and `import java.util.regex.Matcher;`, `import java.util.regex.Pattern;` will be covered.\n\n2. **Class Declaration:** Always executed. Statement `public class Main {` is covered.\n\n3. **Main Method Declaration:** Always executed. Statement `public static void main(String[] args) throws IOException {` is covered.\n\n4. **Scanner Object Creation:** Always executed. Statement `Scanner in = new Scanner(System.in);` is covered.\n\n5. **Variable Initialization for A and B:** Due to invalid input types (expects integers, gets strings), a `java.util.InputMismatchException` will be raised at attempt to read `A` with `A = in.nextInt();`. Consequently, B's initialization, `B = in.nextInt();`, will not be executed.\n\n6. **String S Initialization:** Will not be reached due to the exception raised during the attempt to initialize A.\n\n7. **Pattern Compilation:** Will not be reached due to the exception.\n\n8. **Matcher Object Creation:** Will not be reached due to the exception.\n\n9. **System Error Print of S:** Will not be reached due to the exception.\n\n10. **Condition check using Matcher:** Will not be reached due to the exception.\n\n11. **Printing \"Yes\" or \"No\":** Will not be reached due to the exception.\n\n### Predicted Code Coverage\n\n```java\n> import java.io.IOException;\n> import java.util.Scanner;\n> import java.util.regex.Matcher;\n> import java.util.regex.Pattern;\n> public class Main {\n>     public static void main(String[] args) throws IOException {\n>         Scanner in = new Scanner(System.in);\n!         int A, B;\n!         A = in.nextInt();\n!         B = in.nextInt();\n!         String S = in.next();\n!         Pattern p = Pattern.compile(\"^.{\" + A + \"}-[0-9]{\" + B + \"}$\");\n!         Matcher m = p.matcher(S);\n!         System.err.println(S);\n!         if(m.find()) {\n!             System.out.println(\"Yes\");\n!         }else {\n!             System.out.println(\"No\");\n!         }\n>     }\n> }\n```\n\n### Output:\n\nError: `java.util.InputMismatchException`\n\nThis error occurs because the program expects integer inputs for variables A and B, but the provided inputs are non-integer strings (\"abc\" and \"def\"), leading to an input mismatch exception right at the attempt to read the first integer.",
      "test_seed_coverage": [
        ">",
        ">",
        ">",
        ">",
        ">",
        ">",
        ">",
        ">",
        ">",
        ">",
        ">",
        ">",
        ">",
        ">",
        ">",
        ">",
        ">",
        ">",
        ">",
        ">",
        ">"
      ],
      "cumulative_coverage": [
        ">",
        ">",
        ">",
        ">",
        ">",
        ">",
        ">",
        ">",
        ">",
        ">",
        ">",
        ">",
        ">",
        ">",
        ">",
        ">",
        ">",
        ">",
        ">",
        ">",
        ">"
      ],
      "execution_error": "Exception in thread \"main\" java.util.InputMismatchException\n\tat java.base/java.util.Scanner.throwFor(Scanner.java:947)\n\tat java.base/java.util.Scanner.next(Scanner.java:1602)\n\tat java.base/java.util.Scanner.nextInt(Scanner.java:2267)\n\tat java.base/java.util.Scanner.nextInt(Scanner.java:2221)\n\tat Main.main(Main.java:9)",
      "cerberus_output": "InputMismatchException",
      "execution_result": "InputMismatchException",
      "test_case_id": "4"
    },
    {
      "test_case": [
        "Test Case Input:\na\n2\nabc-123"
      ],
      "test_mutations": [
        "Test Case Input:\na\n2\nabc-123"
      ],
      "initial_code": "import java.io.IOException;\nimport java.util.Scanner;\nimport java.util.regex.Matcher;\nimport java.util.regex.Pattern;\npublic class Main {\n\tpublic static void main(String[] args) throws IOException {\n\t\tScanner in = new Scanner(System.in);\n\t\tint A, B;\n\t\tA = in.nextInt();\n\t\tB = in.nextInt();\n\t\tString S = in.next();\n\t\tPattern p = Pattern.compile(\"^.{\" + A + \"}-[0-9]{\" + B + \"}$\");\n\t\tMatcher m = p.matcher(S);\n\t\tSystem.err.println(S);\n\t\tif(m.find()) {\n\t\t\tSystem.out.println(\"Yes\");\n\t\t}else {\n\t\t\tSystem.out.println(\"No\");\n\t\t}\n\t}\n}",
      "covered_code": "Given Test Case Input:\n```\na\n2\nabc-123\n```\n\nPlan for step by step execution:\n\n1. Import statements: Statement \"import java.io.IOException;\" and \"import java.util.Scanner;\" and \"import java.util.regex.Matcher;\" and \"import java.util.regex.Pattern;\" will be covered.\n\n2. Main Class Declaration: always executed. Statement \"public class Main {\" is covered.\n\n3. Main method declaration: always executed. Statement \"public static void main(String[] args) throws IOException {\" is covered.\n\n4. Scanner object creation: always executed. Statement \"Scanner in = new Scanner(System.in);\" is covered.\n\n5. Variable Initialization and User Input: The first input attempt will raise an InputMismatchException because 'a' is not an integer. Therefore, the statements \"A = in.nextInt();\" and \"B = in.nextInt();\" will not be executed as expected, and an InputMismatchException will be thrown at the first attempt to read 'A'.\n\n6. Since an exception is thrown before reading 'B' and 'S', those lines will not be executed. Similarly, the pattern matching and printing sections will not be executed due to the exception.\n\n7. Closing Brackets: always covered.\n\nFinal code coverage analysis based on the given test case and the step-by-step reasoning:\n\n```\n> import java.io.IOException;\n> import java.util.Scanner;\n> import java.util.regex.Matcher;\n> import java.util.regex.Pattern;\n> public class Main {\n>     public static void main(String[] args) throws IOException {\n>         Scanner in = new Scanner(System.in);\n!         int A, B;\n!         A = in.nextInt();\n!         B = in.nextInt();\n!         String S = in.next();\n!         Pattern p = Pattern.compile(\"^.{\" + A + \"}-[0-9]{\" + B + \"}$\");\n!         Matcher m = p.matcher(S);\n!         System.err.println(S);\n!         if(m.find()) {\n!             System.out.println(\"Yes\");\n!         }else {\n!             System.out.println(\"No\");\n!         }\n>     }\n> }\n```\n\nOUTPUT:\n```\nError: InputMismatchException\n```\n\nIn this case, the program does not proceed as planned due to the `InputMismatchException` raised when attempting to read an integer 'A' but receiving a non-integer input ('a').",
      "test_seed_coverage": [
        ">",
        ">",
        ">",
        ">",
        ">",
        ">",
        ">",
        ">",
        ">",
        ">",
        ">",
        ">",
        ">",
        ">",
        ">",
        ">",
        ">",
        ">",
        ">",
        ">",
        ">"
      ],
      "cumulative_coverage": [
        ">",
        ">",
        ">",
        ">",
        ">",
        ">",
        ">",
        ">",
        ">",
        ">",
        ">",
        ">",
        ">",
        ">",
        ">",
        ">",
        ">",
        ">",
        ">",
        ">",
        ">"
      ],
      "execution_error": "Exception in thread \"main\" java.util.InputMismatchException\n\tat java.base/java.util.Scanner.throwFor(Scanner.java:947)\n\tat java.base/java.util.Scanner.next(Scanner.java:1602)\n\tat java.base/java.util.Scanner.nextInt(Scanner.java:2267)\n\tat java.base/java.util.Scanner.nextInt(Scanner.java:2221)\n\tat Main.main(Main.java:9)",
      "cerberus_output": "InputMismatchException",
      "execution_result": "InputMismatchException",
      "test_case_id": "5"
    },
    {
      "test_case": [
        "Test Case Input:\nabc\n1\ndef"
      ],
      "test_mutations": [
        "Test Case Input:\nabc\n1\ndef"
      ],
      "initial_code": "import java.io.IOException;\nimport java.util.Scanner;\nimport java.util.regex.Matcher;\nimport java.util.regex.Pattern;\npublic class Main {\n\tpublic static void main(String[] args) throws IOException {\n\t\tScanner in = new Scanner(System.in);\n\t\tint A, B;\n\t\tA = in.nextInt();\n\t\tB = in.nextInt();\n\t\tString S = in.next();\n\t\tPattern p = Pattern.compile(\"^.{\" + A + \"}-[0-9]{\" + B + \"}$\");\n\t\tMatcher m = p.matcher(S);\n\t\tSystem.err.println(S);\n\t\tif(m.find()) {\n\t\t\tSystem.out.println(\"Yes\");\n\t\t}else {\n\t\t\tSystem.out.println(\"No\");\n\t\t}\n\t}\n}",
      "covered_code": "Given the test case input \"abc\\n1\\ndef\", let's develop a plan for step by step execution to predict the code coverage of the provided Java program:\n\n1. **Import statements**: Import statements such as \"import java.io.IOException;\", \"import java.util.Scanner;\", and \"import java.util.regex.Matcher;\", \"import java.util.regex.Pattern;\" are always executed.\n   \n2. **Class Declaration**: Statement \"public class Main {\" is always executed.\n\n3. **Main method declaration**: Statement \"public static void main(String[] args) throws IOException {\" is always executed.\n\n4. **Scanner and Input Initialization**: Statements \"Scanner in = new Scanner(System.in);\" is executed. However, since the input does not match the expected format (the program expects integers but receives strings), a `InputMismatchException` will be raised at \"A = in.nextInt();\".\n\n5. **Integer input for A and B**: The statement \"A = in.nextInt();\" will cause an exception due to the mismatched input type. Consequently, \"B = in.nextInt();\" and subsequent operations will not be executed.\n\n6. **Pattern and Matcher Operations**: Since the program execution will be interrupted before initializing \"Pattern p\" and \"Matcher m\", these operations including \"Pattern.compile\", \"p.matcher(S)\", and the conditional check \"if(m.find())\" will not be executed.\n\n7. **Output Statement**: Neither \"System.out.println(\"Yes\");\" nor \"System.out.println(\"No\");\" will be executed due to the program interruption caused by the input type mismatch.\n\n8. **Closing Brackets**: always covered.\n\nBased on the above plan, the code coverage will look like this:\n\n> import java.io.IOException;\n> import java.util.Scanner;\n> import java.util.regex.Matcher;\n> import java.util.regex.Pattern;\n> public class Main {\n>     public static void main(String[] args) throws IOException {\n>         Scanner in = new Scanner(System.in);\n!         int A, B;\n!         A = in.nextInt(); // This line raises an InputMismatchException due to receiving a string instead of an integer.\n!         B = in.nextInt(); // Not executed due to exception in the previous line.\n!         String S = in.next(); // Not executed due to exception in the previous line.\n!         Pattern p = Pattern.compile(\"^.{\" + A + \"}-[0-9]{\" + B + \"}$\"); // Not executed due to exception in the previous line.\n!         Matcher m = p.matcher(S); // Not executed due to exception in the previous line.\n!         System.err.println(S); // Not executed due to exception in the previous line.\n!         if(m.find()) {\n!             System.out.println(\"Yes\");\n!         }else {\n!             System.out.println(\"No\");\n!         }\n>     }\n> }\n\n**OUTPUT**: \nError: `InputMismatchException` (due to attempting to read an integer but receiving a string instead).\n\nThis analysis shows that the program will not execute as intended because of the input type mismatch, leading to an `InputMismatchException` and preventing any further execution after attempting to read the first integer.",
      "test_seed_coverage": [
        ">",
        ">",
        ">",
        ">",
        ">",
        ">",
        ">",
        ">",
        ">",
        ">",
        ">",
        ">",
        ">",
        ">",
        ">",
        ">",
        ">",
        ">",
        ">",
        ">",
        ">"
      ],
      "cumulative_coverage": [
        ">",
        ">",
        ">",
        ">",
        ">",
        ">",
        ">",
        ">",
        ">",
        ">",
        ">",
        ">",
        ">",
        ">",
        ">",
        ">",
        ">",
        ">",
        ">",
        ">",
        ">"
      ],
      "execution_error": "Exception in thread \"main\" java.util.InputMismatchException\n\tat java.base/java.util.Scanner.throwFor(Scanner.java:947)\n\tat java.base/java.util.Scanner.next(Scanner.java:1602)\n\tat java.base/java.util.Scanner.nextInt(Scanner.java:2267)\n\tat java.base/java.util.Scanner.nextInt(Scanner.java:2221)\n\tat Main.main(Main.java:9)",
      "cerberus_output": "InputMismatchException",
      "execution_result": "InputMismatchException",
      "test_case_id": "6"
    },
    {
      "test_case": [
        "Test Case Input:\n-3\n5\nabc123"
      ],
      "test_mutations": [
        "Test Case Input:\n-3\n5\nabc123"
      ],
      "initial_code": "import java.io.IOException;\nimport java.util.Scanner;\nimport java.util.regex.Matcher;\nimport java.util.regex.Pattern;\npublic class Main {\n\tpublic static void main(String[] args) throws IOException {\n\t\tScanner in = new Scanner(System.in);\n\t\tint A, B;\n\t\tA = in.nextInt();\n\t\tB = in.nextInt();\n\t\tString S = in.next();\n\t\tPattern p = Pattern.compile(\"^.{\" + A + \"}-[0-9]{\" + B + \"}$\");\n\t\tMatcher m = p.matcher(S);\n\t\tSystem.err.println(S);\n\t\tif(m.find()) {\n\t\t\tSystem.out.println(\"Yes\");\n\t\t}else {\n\t\t\tSystem.out.println(\"No\");\n\t\t}\n\t}\n}",
      "covered_code": "Given the test case input:\n-3\n5\nabc123\n\nLet's develop a plan for step by step execution of the given Java program and predict the code coverage:\n\n1. Import statements: Import statements are always executed. Statements \"import java.io.IOException;\", \"import java.util.Scanner;\", and \"import java.util.regex.Matcher;\", \"import java.util.regex.Pattern;\" will be covered.\n\n2. Class Declaration: Always executed. Statement \"public class Main {\" is covered.\n\n3. Main method declaration: Always executed. Statement \"public static void main(String[] args) throws IOException {\" is covered.\n\n4. User Input: Always executed. Statements \"Scanner in = new Scanner(System.in);\", \"A = in.nextInt();\", \"B = in.nextInt();\", \"String S = in.next();\" are covered because they are used to read inputs provided in the test case.\n\n5. Pattern Compilation: Always executed. The statement \"Pattern p = Pattern.compile(\"^.{\" + A + \"}-[0-9]{\" + B + \"}$\");\" will be covered since it's directly dependent on the inputs which are provided by the user.\n\n6. Matcher creation and matching process: Always executed. The statement \"Matcher m = p.matcher(S);\" and the subsequent if-else condition to check if the pattern matches are always executed.\n\n7. System Output: The condition checking statement \"if(m.find()) {\" will be covered to decide if \"Yes\" or \"No\" will be printed based on the input pattern match. Given the input does not match the specified pattern (since it does not follow the format \"^.{\" + A + \"}-[0-9]{\" + B + \"}$\"), the else block will execute, printing \"No\".\n\n8. Closing Brackets: Always covered.\n\nFollowing this plan, the predicted code coverage for the Java program is:\n\n> import java.io.IOException;\n> import java.util.Scanner;\n> import java.util.regex.Matcher;\n> import java.util.regex.Pattern;\n> public class Main {\n> \tpublic static void main(String[] args) throws IOException {\n> \t\tScanner in = new Scanner(System.in);\n> \t\tint A, B;\n> \t\tA = in.nextInt();\n> \t\tB = in.nextInt();\n> \t\tString S = in.next();\n> \t\tPattern p = Pattern.compile(\"^.{\" + A + \"}-[0-9]{\" + B + \"}$\");\n> \t\tMatcher m = p.matcher(S);\n> \t\tSystem.err.println(S);\n> \t\tif(m.find()) {\n! \t\t\tSystem.out.println(\"Yes\");\n> \t\t}else {\n> \t\t\tSystem.out.println(\"No\");\n> \t\t}\n> \t}\n> }\n\nOUTPUT:\nNo",
      "test_seed_coverage": [
        ">",
        ">",
        ">",
        ">",
        ">",
        ">",
        ">",
        ">",
        ">",
        ">",
        ">",
        ">",
        ">",
        ">",
        ">",
        ">",
        ">",
        ">",
        ">",
        ">",
        ">"
      ],
      "cumulative_coverage": [
        ">",
        ">",
        ">",
        ">",
        ">",
        ">",
        ">",
        ">",
        ">",
        ">",
        ">",
        ">",
        ">",
        ">",
        ">",
        ">",
        ">",
        ">",
        ">",
        ">",
        ">"
      ],
      "execution_error": "Exception in thread \"main\" java.util.regex.PatternSyntaxException: Illegal repetition near index 3\n^.{-3}-[0-9]{5}$\n   ^\n\tat java.base/java.util.regex.Pattern.error(Pattern.java:2204)\n\tat java.base/java.util.regex.Pattern.closure(Pattern.java:3488)\n\tat java.base/java.util.regex.Pattern.sequence(Pattern.java:2390)\n\tat java.base/java.util.regex.Pattern.expr(Pattern.java:2245)\n\tat java.base/java.util.regex.Pattern.compile(Pattern.java:1945)\n\tat java.base/java.util.regex.Pattern.<init>(Pattern.java:1576)\n\tat java.base/java.util.regex.Pattern.compile(Pattern.java:1101)\n\tat Main.main(Main.java:12)",
      "cerberus_output": "",
      "execution_result": "PatternSyntaxException",
      "test_case_id": "7"
    },
    {
      "test_case": [
        "Test Case Input:\n3\n5\nabc-123"
      ],
      "test_mutations": [
        "Test Case Input:\n3\n5\nabc-123"
      ],
      "initial_code": "import java.io.IOException;\nimport java.util.Scanner;\nimport java.util.regex.Matcher;\nimport java.util.regex.Pattern;\npublic class Main {\n\tpublic static void main(String[] args) throws IOException {\n\t\tScanner in = new Scanner(System.in);\n\t\tint A, B;\n\t\tA = in.nextInt();\n\t\tB = in.nextInt();\n\t\tString S = in.next();\n\t\tPattern p = Pattern.compile(\"^.{\" + A + \"}-[0-9]{\" + B + \"}$\");\n\t\tMatcher m = p.matcher(S);\n\t\tSystem.err.println(S);\n\t\tif(m.find()) {\n\t\t\tSystem.out.println(\"Yes\");\n\t\t}else {\n\t\t\tSystem.out.println(\"No\");\n\t\t}\n\t}\n}",
      "covered_code": "Given the provided test case input (`3\\n5\\nabc-123`) and the Java program, here's the step-by-step execution plan and the subsequent code coverage prediction. \n\n### Test Case Input Explanation:\nThe input indicates that:\n- `A = 3` (the expected length of the first part of the string before the hyphen)\n- `B = 5` (the expected length of the numeric part of the string after the hyphen)\n- `S = abc-123` (the string to be checked against the pattern)\n\n### Execution Plan:\n1. **Import Statements**: Always executed. The statement `import java.io.IOException;`, `import java.util.Scanner;`, and `import java.util.regex.*;` will be covered.\n2. **Class and Main Method Declaration**: Always executed. The declaration `public class Main {` and `public static void main(String[] args) throws IOException {` are covered.\n3. **Variable Initialization and User Input Reading**: Statements for initializing variables `A`, `B`, and reading `S` from input are always executed as long as input is provided correctly.\n4. **Pattern Compilation and Matching**: The pattern is compiled based on the inputs `A` and `B`, and the match operation is performed on string `S`. These operations will be executed.\n5. **Output Depending on Match**: The `if-else` block will execute depending on whether the pattern matches the string `S`.\n\n### Step by Step Execution:\n- Import statements are executed.\n- Class and main method declarations are executed.\n- The program reads inputs for `A`, `B`, and `S`.\n- The pattern is compiled based on inputs `A` and `B`, and matching is performed on `S`.\n- Since the pattern `^.{\" + A + \"}-[0-9]{\" + B + \"}$` translates to `^.{3}-[0-9]{5}$` and the input string is `abc-123`, which does not match the pattern (`abc-` part matches but `123` does not satisfy `[0-9]{5}`), the `else` block will execute, printing `No`.\n\n### Code Coverage Prediction:\n```\n> import java.io.IOException;\n> import java.util.Scanner;\n> import java.util.regex.Matcher;\n> import java.util.regex.Pattern;\n> public class Main {\n>     public static void main(String[] args) throws IOException {\n>         Scanner in = new Scanner(System.in);\n>         int A, B;\n>         A = in.nextInt();\n>         B = in.nextInt();\n>         String S = in.next();\n>         Pattern p = Pattern.compile(\"^.{\" + A + \"}-[0-9]{\" + B + \"}$\");\n>         Matcher m = p.matcher(S);\n>         System.err.println(S);\n>         if(m.find()) {\n!             System.out.println(\"Yes\");\n>         }else {\n>             System.out.println(\"No\");\n>         }\n>     }\n> }\n```\n\n### Output:\n```\nNo\n```\n\nThis execution plan and code coverage prediction adhere to the given test case input and the described Java program.",
      "test_seed_coverage": [
        ">",
        ">",
        ">",
        ">",
        ">",
        ">",
        ">",
        ">",
        ">",
        ">",
        ">",
        ">",
        ">",
        ">",
        ">",
        ">",
        ">",
        ">",
        ">",
        ">",
        ">"
      ],
      "cumulative_coverage": [
        ">",
        ">",
        ">",
        ">",
        ">",
        ">",
        ">",
        ">",
        ">",
        ">",
        ">",
        ">",
        ">",
        ">",
        ">",
        ">",
        ">",
        ">",
        ">",
        ">",
        ">"
      ],
      "execution_output": "No",
      "cerberus_output": "",
      "execution_result": "",
      "test_case_id": "8"
    },
    {
      "test_case": [
        "Test Case Input:\na\n2\nabc-def"
      ],
      "test_mutations": [
        "Test Case Input:\na\n2\nabc-def"
      ],
      "initial_code": "import java.io.IOException;\nimport java.util.Scanner;\nimport java.util.regex.Matcher;\nimport java.util.regex.Pattern;\npublic class Main {\n\tpublic static void main(String[] args) throws IOException {\n\t\tScanner in = new Scanner(System.in);\n\t\tint A, B;\n\t\tA = in.nextInt();\n\t\tB = in.nextInt();\n\t\tString S = in.next();\n\t\tPattern p = Pattern.compile(\"^.{\" + A + \"}-[0-9]{\" + B + \"}$\");\n\t\tMatcher m = p.matcher(S);\n\t\tSystem.err.println(S);\n\t\tif(m.find()) {\n\t\t\tSystem.out.println(\"Yes\");\n\t\t}else {\n\t\t\tSystem.out.println(\"No\");\n\t\t}\n\t}\n}",
      "covered_code": "Given the test case input:\n```\na\n2\nabc-def\n```\nWe will develop a plan of step by step execution of the below code snippet and predict the code coverage.\n\nPLAN:\n1. Import statements: Import statements are always executed. Statements \"import java.io.IOException;\", \"import java.util.Scanner;\", and \"import java.util.regex.Matcher;\", \"import java.util.regex.Pattern;\" will be covered.\n2. Main Class and Method Declaration: always executed. Statement \"public class Main {\" and \"public static void main(String[] args) throws IOException {\" are covered.\n3. Variable Declaration and User Input: The first attempt to read an integer \"A = in.nextInt();\" will fail because the input is not an integer ('a' is not an integer). This will raise an `InputMismatchException`. The statements following this line within the `main` method are not executed due to the exception.\n4. Pattern and Matcher Declaration: These lines are not executed because the program will terminate or throw an exception before reaching them.\n5. System.err.println(S): This line is not executed due to the premature termination of the program.\n6. if-else condition: Not executed due to the exception raised prior to this block.\n7. Closing Brackets: Closing braces for classes and methods are syntactical elements without execution flow impact.\n\nFinal code coverage prediction based on the step by step reasoning for execution is:\n> import java.io.IOException;\n> import java.util.Scanner;\n> import java.util.regex.Matcher;\n> import java.util.regex.Pattern;\n> public class Main {\n>     public static void main(String[] args) throws IOException {\n>         Scanner in = new Scanner(System.in);\n!         int A, B;\n!         A = in.nextInt();\n!         B = in.nextInt();\n!         String S = in.next();\n!         Pattern p = Pattern.compile(\"^.{\" + A + \"}-[0-9]{\" + B + \"}$\");\n!         Matcher m = p.matcher(S);\n!         System.err.println(S);\n!         if(m.find()) {\n!             System.out.println(\"Yes\");\n!         }else {\n!             System.out.println(\"No\");\n>         }\n>     }\n> }\n\nOUTPUT:\nError: InputMismatchException\n\nThis coverage indicates that the program fails early due to an input mismatch, preventing any lines beyond the initial input reading from being executed.",
      "test_seed_coverage": [
        ">",
        ">",
        ">",
        ">",
        ">",
        ">",
        ">",
        ">",
        ">",
        ">",
        ">",
        ">",
        ">",
        ">",
        ">",
        ">",
        ">",
        ">",
        ">",
        ">",
        ">"
      ],
      "cumulative_coverage": [
        ">",
        ">",
        ">",
        ">",
        ">",
        ">",
        ">",
        ">",
        ">",
        ">",
        ">",
        ">",
        ">",
        ">",
        ">",
        ">",
        ">",
        ">",
        ">",
        ">",
        ">"
      ],
      "execution_error": "Exception in thread \"main\" java.util.InputMismatchException\n\tat java.base/java.util.Scanner.throwFor(Scanner.java:947)\n\tat java.base/java.util.Scanner.next(Scanner.java:1602)\n\tat java.base/java.util.Scanner.nextInt(Scanner.java:2267)\n\tat java.base/java.util.Scanner.nextInt(Scanner.java:2221)\n\tat Main.main(Main.java:9)",
      "cerberus_output": "InputMismatchException",
      "execution_result": "InputMismatchException",
      "test_case_id": "9"
    },
    {
      "test_case": [
        "Test Case Input:\n5\n3\nabc-def-123"
      ],
      "test_mutations": [
        "Test Case Input:\n5\n3\nabc-def-123"
      ],
      "initial_code": "import java.io.IOException;\nimport java.util.Scanner;\nimport java.util.regex.Matcher;\nimport java.util.regex.Pattern;\npublic class Main {\n\tpublic static void main(String[] args) throws IOException {\n\t\tScanner in = new Scanner(System.in);\n\t\tint A, B;\n\t\tA = in.nextInt();\n\t\tB = in.nextInt();\n\t\tString S = in.next();\n\t\tPattern p = Pattern.compile(\"^.{\" + A + \"}-[0-9]{\" + B + \"}$\");\n\t\tMatcher m = p.matcher(S);\n\t\tSystem.err.println(S);\n\t\tif(m.find()) {\n\t\t\tSystem.out.println(\"Yes\");\n\t\t}else {\n\t\t\tSystem.out.println(\"No\");\n\t\t}\n\t}\n}",
      "covered_code": "For the provided code snippet and test case input, here's the plan for step by step execution and the subsequent prediction of the code coverage:\n\n**Test Case Input:**\n5\n3\nabc-def-123\n\n**Java Program Plan:**\n\n1. **Import Statements:** These are always executed. Statements `import java.io.IOException;`, `import java.util.Scanner;`, and `import java.util.regex.*;` will be covered.\n\n2. **Class Declaration:** Always executed. Statement `public class Main {` is covered.\n\n3. **Main Method Declaration:** Always executed. Statement `public static void main(String[] args) throws IOException {` is covered.\n\n4. **User Input and Program Output:** Since the program reads inputs from the user, the statements `Scanner in = new Scanner(System.in);`, `A = in.nextInt();`, `B = in.nextInt();`, and `String S = in.next();` will be executed as they deal with reading inputs.\n\n5. **Pattern and Matcher:** The statements to compile a pattern and create a matcher are executed since these are part of the logic to validate `S`. Statements `Pattern p = Pattern.compile(\"^.{\" + A + \"}-[0-9]{\" + B + \"}$\");` and `Matcher m = p.matcher(S);` will be covered.\n\n6. **System.err.println(S);:** This line will be executed as it's a direct output statement not dependent on any conditions.\n\n7. **If-Else Condition:** This block checks if the input string matches the pattern. Given the input, the pattern will match, so both the `if(m.find()) {` condition and the consequent `System.out.println(\"Yes\");` statement will be executed. The else part `}else { System.out.println(\"No\"); }` will not be executed.\n\n8. **Closing Brackets and Scanner Close:** Always covered. The closing brackets are part of the syntax and the closing of resources like scanner will execute if it's reached in the code. However, since there is no explicit `in.close();` in your program snippet, we won't mark it as covered or not covered based on the provided code.\n\n**Predicted Code Coverage:**\n\n```\n> import java.io.IOException;\n> import java.util.Scanner;\n> import java.util.regex.Matcher;\n> import java.util.regex.Pattern;\n> public class Main {\n> \tpublic static void main(String[] args) throws IOException {\n> \t\tScanner in = new Scanner(System.in);\n> \t\tint A, B;\n> \t\tA = in.nextInt();\n> \t\tB = in.nextInt();\n> \t\tString S = in.next();\n> \t\tPattern p = Pattern.compile(\"^.{\" + A + \"}-[0-9]{\" + B + \"}$\");\n> \t\tMatcher m = p.matcher(S);\n> \t\tSystem.err.println(S);\n> \t\tif(m.find()) {\n> \t\t\tSystem.out.println(\"Yes\");\n! \t\t}else {\n! \t\t\tSystem.out.println(\"No\");\n> \t\t}\n> \t}\n> }\n```\n\n**OUTPUT:**\nGiven the input, the output will be \"Yes\" as the input string `abc-def-123` matches the pattern for A=5 and B=3.\n\nThis analysis provides a step-by-step breakdown of code execution, leading to the predicted code coverage based on the provided test case.",
      "test_seed_coverage": [
        ">",
        ">",
        ">",
        ">",
        ">",
        ">",
        ">",
        ">",
        ">",
        ">",
        ">",
        ">",
        ">",
        ">",
        ">",
        ">",
        ">",
        ">",
        ">",
        ">",
        ">"
      ],
      "cumulative_coverage": [
        ">",
        ">",
        ">",
        ">",
        ">",
        ">",
        ">",
        ">",
        ">",
        ">",
        ">",
        ">",
        ">",
        ">",
        ">",
        ">",
        ">",
        ">",
        ">",
        ">",
        ">"
      ],
      "execution_output": "No",
      "cerberus_output": "",
      "execution_result": "",
      "test_case_id": "10"
    },
    {
      "test_case": [
        "Test Case Input:\n5\n3\nabcdefg"
      ],
      "test_mutations": [
        "Test Case Input:\n5\n3\nabcdefg"
      ],
      "initial_code": "import java.io.IOException;\nimport java.util.Scanner;\nimport java.util.regex.Matcher;\nimport java.util.regex.Pattern;\npublic class Main {\n\tpublic static void main(String[] args) throws IOException {\n\t\tScanner in = new Scanner(System.in);\n\t\tint A, B;\n\t\tA = in.nextInt();\n\t\tB = in.nextInt();\n\t\tString S = in.next();\n\t\tPattern p = Pattern.compile(\"^.{\" + A + \"}-[0-9]{\" + B + \"}$\");\n\t\tMatcher m = p.matcher(S);\n\t\tSystem.err.println(S);\n\t\tif(m.find()) {\n\t\t\tSystem.out.println(\"Yes\");\n\t\t}else {\n\t\t\tSystem.out.println(\"No\");\n\t\t}\n\t}\n}",
      "covered_code": "Given the test case input \"5 3 abcdefg\" for the Java program, let's develop a plan for step by step execution and predict the code coverage:\n\n1. **Import Statements**: These are always executed. Statements `import java.io.IOException;`, `import java.util.Scanner;`, and `import java.util.regex.*;` will be covered.\n   \n   > import java.io.IOException;\n   > import java.util.Scanner;\n   > import java.util.regex.Matcher;\n   > import java.util.regex.Pattern;\n\n2. **Class Declaration**: Always executed. Statement `public class Main {` is covered.\n\n   > public class Main {\n\n3. **Main Method Declaration**: Always executed. Statement `public static void main(String[] args) throws IOException {` is covered.\n\n   >     public static void main(String[] args) throws IOException {\n\n4. **Variable Initialization and Scanner Input**: Always executed. Statements to initialize `A`, `B`, and `S` and to read inputs are covered.\n\n   >         Scanner in = new Scanner(System.in);\n   >         int A, B;\n   >         A = in.nextInt();\n   >         B = in.nextInt();\n   >         String S = in.next();\n\n5. **Pattern Compilation**: Always executed. The statement to compile the regex pattern is covered.\n\n   >         Pattern p = Pattern.compile(\"^.{\" + A + \"}-[0-9]{\" + B + \"}$\");\n\n6. **Matcher Creation and Matching**: Always executed. The statement to create a matcher for the string `S` and to print the string `S` are covered. Since `S` does not match the expected pattern (it lacks the '-' character and the exact structure for matching), the `if` condition will not be satisfied.\n\n   >         Matcher m = p.matcher(S);\n   >         System.err.println(S);\n\n7. **Conditional Check and Output**: The `if` condition will not be met, so the `else` block will be executed, printing \"No\".\n\n   >         if(m.find()) {\n!             System.out.println(\"Yes\");\n   >         }else {\n   >             System.out.println(\"No\");\n   >         }\n\n8. **Closing Braces**: Always covered.\n\n   >     }\n   > }\n\nFinal Code Coverage:\n\n> import java.io.IOException;\n> import java.util.Scanner;\n> import java.util.regex.Matcher;\n> import java.util.regex.Pattern;\n> public class Main {\n>     public static void main(String[] args) throws IOException {\n>         Scanner in = new Scanner(System.in);\n>         int A, B;\n>         A = in.nextInt();\n>         B = in.nextInt();\n>         String S = in.next();\n>         Pattern p = Pattern.compile(\"^.{\" + A + \"}-[0-9]{\" + B + \"}$\");\n>         Matcher m = p.matcher(S);\n>         System.err.println(S);\n>         if(m.find()) {\n!             System.out.println(\"Yes\");\n>         }else {\n>             System.out.println(\"No\");\n>         }\n>     }\n> }\n\nGiven the input and the code structure, the final output of the program will be \"No\", and the coverage reflects the execution path for this specific input scenario.",
      "test_seed_coverage": [
        ">",
        ">",
        ">",
        ">",
        ">",
        ">",
        ">",
        ">",
        ">",
        ">",
        ">",
        ">",
        ">",
        ">",
        ">",
        ">",
        ">",
        ">",
        ">",
        ">",
        ">",
        ">",
        ">",
        ">",
        ">",
        ">",
        ">",
        ">",
        ">",
        ">",
        ">",
        ">",
        ">",
        ">",
        ">",
        ">",
        "!",
        ">",
        ">",
        ">",
        ">",
        ">"
      ],
      "cumulative_coverage": [
        ">",
        ">",
        ">",
        ">",
        ">",
        ">",
        ">",
        ">",
        ">",
        ">",
        ">",
        ">",
        ">",
        ">",
        ">",
        ">",
        ">",
        ">",
        ">",
        ">",
        ">",
        ">",
        ">",
        ">",
        ">",
        ">",
        ">",
        ">",
        ">",
        ">",
        ">",
        ">",
        ">",
        ">",
        ">",
        ">",
        "!",
        ">",
        ">",
        ">",
        ">",
        ">"
      ],
      "execution_output": "No",
      "cerberus_output": "",
      "execution_result": "",
      "test_case_id": "11"
    },
    {
      "test_case": [
        "Test Case Input:\n-5\n10\nabc-1234567890"
      ],
      "test_mutations": [
        "Test Case Input:\n-5\n10\nabc-1234567890"
      ],
      "initial_code": "import java.io.IOException;\nimport java.util.Scanner;\nimport java.util.regex.Matcher;\nimport java.util.regex.Pattern;\npublic class Main {\n\tpublic static void main(String[] args) throws IOException {\n\t\tScanner in = new Scanner(System.in);\n\t\tint A, B;\n\t\tA = in.nextInt();\n\t\tB = in.nextInt();\n\t\tString S = in.next();\n\t\tPattern p = Pattern.compile(\"^.{\" + A + \"}-[0-9]{\" + B + \"}$\");\n\t\tMatcher m = p.matcher(S);\n\t\tSystem.err.println(S);\n\t\tif(m.find()) {\n\t\t\tSystem.out.println(\"Yes\");\n\t\t}else {\n\t\t\tSystem.out.println(\"No\");\n\t\t}\n\t}\n}",
      "covered_code": "To predict the code coverage for the given Java program based on the provided test case input, I will follow the outlined plan step by step:\n\n**Plan for step by step execution:**\n\n1. **Import statements:** Always executed. Statements `import java.io.IOException;`, `import java.util.Scanner;`, and `import java.util.regex.*;` will be covered.\n2. **Class Declaration:** Always executed. Statement `public class Main {` is covered.\n3. **Main method declaration:** Always executed. Statement `public static void main(String[] args) throws IOException {` is covered.\n4. **Variable Declaration and User Input:** Always executed. Statements `Scanner in = new Scanner(System.in);`, `A = in.nextInt();`, `B = in.nextInt();`, and `String S = in.next();` are covered since they're part of the initial set-up and receive input directly from the user.\n5. **Pattern and Matcher Declaration:** The pattern is compiled based on the input A and B, and the matcher is matched with S. Statements `Pattern p = Pattern.compile(\"^.{\" + A + \"}-[0-9]{\" + B + \"}$\");` and `Matcher m = p.matcher(S);` are covered.\n6. **System Error Println:** The statement `System.err.println(S);` is always executed as it's a form of output independent of any conditionals in the code.\n7. **If-Else Condition:** Depending on whether the matcher finds a match or not, either the `if` or `else` block will be executed. Since the match is determined by the regex pattern and the provided input, this execution is conditional.\n8. **Closing Brackets and End of Main Method:** Always covered as they signify the end of the block of code.\n\n**Given Test Case Input:**\n-5\n10\nabc-1234567890\n\nBased on the given input, the regex pattern aims to match a string that starts with exactly `-5` characters (which is not possible since `-5` is invalid for specifying length in regex, hence, this might be a misunderstanding of the input or an error), followed by a hyphen, and then exactly 10 digits.\n\n**Predicted Code Coverage:**\n\n> import java.io.IOException;\n> import java.util.Scanner;\n> import java.util.regex.Matcher;\n> import java.util.regex.Pattern;\n> public class Main {\n> \tpublic static void main(String[] args) throws IOException {\n> \t\tScanner in = new Scanner(System.in);\n> \t\tint A, B;\n> \t\tA = in.nextInt();\n> \t\tB = in.nextInt();\n> \t\tString S = in.next();\n> \t\tPattern p = Pattern.compile(\"^.{\" + A + \"}-[0-9]{\" + B + \"}$\");\n> \t\tMatcher m = p.matcher(S);\n> \t\tSystem.err.println(S);\n> \t\tif(m.find()) {\n> \t\t\tSystem.out.println(\"Yes\");\n> \t\t}else {\n> \t\t\tSystem.out.println(\"No\");\n> \t\t}\n> \t}\n> }\n\n**OUTPUT:**\nSince the pattern aims to validate a format which is `-5` characters (which is conceptually incorrect as negative lengths are not valid in regex), followed by a hyphen, and then `10` numerical digits, the intended pattern does not work as expected. However, considering the input \"abc-1234567890\", it does not match the pattern assuming `-5` is a placeholder for an actual number for this explanation's purpose.\n\nHence, the output will be \"No\" based on the regex not matching the provided string format, but all statements in the program are technically executed. The peculiar `-5` as a length might be a conceptual misunderstanding or typo in the test case setup. As per the program and given input, there's no exception or unexecuted part except the logical flaw in interpreting `-5` in the regex.",
      "test_seed_coverage": [
        ">",
        ">",
        ">",
        ">",
        ">",
        ">",
        ">",
        ">",
        ">",
        ">",
        ">",
        ">",
        ">",
        ">",
        ">",
        ">",
        ">",
        ">",
        ">",
        ">",
        ">"
      ],
      "cumulative_coverage": [
        ">",
        ">",
        ">",
        ">",
        ">",
        ">",
        ">",
        ">",
        ">",
        ">",
        ">",
        ">",
        ">",
        ">",
        ">",
        ">",
        ">",
        ">",
        ">",
        ">",
        ">"
      ],
      "execution_error": "Exception in thread \"main\" java.util.regex.PatternSyntaxException: Illegal repetition near index 3\n^.{-5}-[0-9]{10}$\n   ^\n\tat java.base/java.util.regex.Pattern.error(Pattern.java:2204)\n\tat java.base/java.util.regex.Pattern.closure(Pattern.java:3488)\n\tat java.base/java.util.regex.Pattern.sequence(Pattern.java:2390)\n\tat java.base/java.util.regex.Pattern.expr(Pattern.java:2245)\n\tat java.base/java.util.regex.Pattern.compile(Pattern.java:1945)\n\tat java.base/java.util.regex.Pattern.<init>(Pattern.java:1576)\n\tat java.base/java.util.regex.Pattern.compile(Pattern.java:1101)\n\tat Main.main(Main.java:12)",
      "cerberus_output": "",
      "execution_result": "PatternSyntaxException",
      "test_case_id": "12"
    }
  ]
}