{
  "submission_id": "s673186504",
  "cycles": [
    {
      "test_case": [
        "Test Case Input:\n5"
      ],
      "test_mutations": [
        "Test Case Input:\n5"
      ],
      "initial_code": "import java.util.*;\npublic class Main {\n    void run() {\n        Scanner sc = new Scanner(System.in);\n        int n = sc.nextInt();\n        int sum = n * (n + 1) / 2;\n        if (sum % 2 == 0) {\n            int[] dp = new int[sum + 1];\n            Arrays.fill(dp, 1 << 20);\n            dp[0] = 0;\n            for (int i = 1; i <= n; i++) for (int j = sum - i; j >= 0; j--) if (dp[j] >= 0) {\n                dp[j + i] = Math.min(dp[j + i], i);\n            }\n            debug(dp);\n            HashSet<Integer> a = new HashSet<>();\n            HashSet<Integer> b = new HashSet<>();\n            int p = sum / 2;\n            while (p != 0) {\n                a.add(dp[p]);\n                p = p - dp[p];\n                debug(p);\n            }\n            for (int i = 1; i <= n; i++) if (!a.contains(i)) {\n                b.add(i);\n            }\n            int m = a.size() * b.size();\n            System.out.println(m);\n            for (int i: a) for (int j: b) {\n                System.out.println(i + \" \" + j);\n            }\n        } else {\n            int[] dp = new int[sum + 1];\n            Arrays.fill(dp, 1 << 20);\n            dp[0] = 0;\n            for (int i = 2; i <= n; i++) for (int j = sum - i; j >= 0; j--) if (dp[j] >= 0) {\n                dp[j + i] = Math.min(dp[j + i], i);\n            }\n            debug(dp);\n            HashSet<Integer> a = new HashSet<>();\n            HashSet<Integer> b = new HashSet<>();\n            int p = sum / 2;\n            while (p != 0) {\n                a.add(dp[p]);\n                p = p - dp[p];\n                debug(p);\n            }\n            for (int i = 1; i <= n; i++) if (!a.contains(i)) {\n                b.add(i);\n            }\n            a.add(1);\n            int m = a.size() * b.size() - 1;\n            System.out.println(m);\n            for (int i: a) for (int j: b) {\n                if (i == j) continue;\n                System.out.println(i + \" \" + j);\n            }\n        }\n    }\n    void debug(Object...os) {\n        System.err.println(Arrays.deepToString(os));\n    }\n    public static void main(String[] args) {\n        new Main().run();\n    }\n}",
      "covered_code": "Given the Test Case Input: `5`, let's develop a plan for step by step execution of the below code snippet and predict the code coverage. \n\n1. **Import Statements**: \n   - `import java.util.*;` Always executed.\n\n2. **Class Declaration**: \n   - `public class Main {` Always executed.\n\n3. **Main Method Declaration**: \n   - `public static void main(String[] args) {` Always executed.\n\n4. **Method Call Inside Main Method**:\n   - `new Main().run();` Always executed, since it's the method that's executed when the program runs.\n\n5. **Run Method Declaration and Execution**:\n   - Inside the `run()` method, the Scanner object for user input is created and the input `n = 5` is read. The statements inside the run method are executed since the method is called in the main method.\n\n6. **Calculation of Sum and Conditional Check**:\n   - The sum is calculated as `n * (n + 1) / 2`, which is `15` for `n = 5`. Since `15 % 2 != 0`, the else block is executed, not the if-block.\n\n7. **Execution of Else Block**:\n   - Arrays.fill and for loops inside the else block are executed as part of the algorithm to find the solution for the given input.\n\n8. **Print Statements**:\n   - The print statements inside the else block for printing the result are executed based on the logic and calculations done before them.\n\n9. **Debug Method Call**:\n   - Calls to the `debug()` method are executed whenever encountered in the code. \n\nBased on the given input and the step-by-step execution plan, here is the code coverage prediction:\n\n```\n> import java.util.*;\n> public class Main {\n>     void run() {\n>         Scanner sc = new Scanner(System.in);\n>         int n = sc.nextInt();\n>         int sum = n * (n + 1) / 2;\n!         if (sum % 2 == 0) {\n!             int[] dp = new int[sum + 1];\n!             Arrays.fill(dp, 1 << 20);\n!             dp[0] = 0;\n!             for (int i = 1; i <= n; i++) for (int j = sum - i; j >= 0; j--) if (dp[j] >= 0) {\n!                 dp[j + i] = Math.min(dp[j + i], i);\n!             }\n!             debug(dp);\n!             HashSet<Integer> a = new HashSet<>();\n!             HashSet<Integer> b = new HashSet<>();\n!             int p = sum / 2;\n!             while (p != 0) {\n!                 a.add(dp[p]);\n!                 p = p - dp[p];\n!                 debug(p);\n!             }\n!             for (int i = 1; i <= n; i++) if (!a.contains(i)) {\n!                 b.add(i);\n!             }\n!             int m = a.size() * b.size();\n!             System.out.println(m);\n!             for (int i: a) for (int j: b) {\n!                 System.out.println(i + \" \" + j);\n!             }\n>         } else {\n>             int[] dp = new int[sum + 1];\n>             Arrays.fill(dp, 1 << 20);\n>             dp[0] = 0;\n>             for (int i = 2; i <= n; i++) for (int j = sum - i; j >= 0; j--) if (dp[j] >= 0) {\n>                 dp[j + i] = Math.min(dp[j + i], i);\n>             }\n>             debug(dp);\n>             HashSet<Integer> a = new HashSet<>();\n>             HashSet<Integer> b = new HashSet<>();\n>             int p = sum / 2;\n>             while (p != 0) {\n>                 a.add(dp[p]);\n>                 p = p - dp[p];\n>                 debug(p);\n>             }\n>             for (int i = 1; i <= n; i++) if (!a.contains(i)) {\n>                 b.add(i);\n>             }\n>             a.add(1);\n>             int m = a.size() * b.size() - 1;\n>             System.out.println(m);\n>             for (int i: a) for (int j: b) {\n>                 if (i == j) continue;\n>                 System.out.println(i + \" \" + j);\n>             }\n>         }\n>     }\n>     void debug(Object...os) {\n>         System.err.println(Arrays.deepToString(os));\n>     }\n>     public static void main(String[] args) {\n>         new Main().run();\n>     }\n> }\n```\nThis indicates that all parts of the code except the `if` block (which is for the case when `sum % 2 == 0`) are executed, as the input leads to the execution of the `else` block due to the sum being odd. The `debug` method is also marked as executed since it's called within both branches of the conditional logic.",
      "test_seed_coverage": [
        ">",
        ">",
        ">",
        ">",
        ">",
        ">",
        "!",
        "!",
        "!",
        "!",
        "!",
        "!",
        "!",
        "!",
        "!",
        "!",
        "!",
        "!",
        "!",
        "!",
        "!",
        "!",
        "!",
        "!",
        "!",
        "!",
        "!",
        "!",
        "!",
        "!",
        ">",
        ">",
        ">",
        ">",
        ">",
        ">",
        ">",
        ">",
        ">",
        ">",
        ">",
        ">",
        ">",
        ">",
        ">",
        ">",
        ">",
        ">",
        ">",
        ">",
        ">",
        ">",
        ">",
        ">",
        ">",
        ">",
        ">",
        ">",
        ">",
        ">",
        ">",
        ">",
        ">",
        ">",
        ">"
      ],
      "cumulative_coverage": [
        ">",
        ">",
        ">",
        ">",
        ">",
        ">",
        "!",
        "!",
        "!",
        "!",
        "!",
        "!",
        "!",
        "!",
        "!",
        "!",
        "!",
        "!",
        "!",
        "!",
        "!",
        "!",
        "!",
        "!",
        "!",
        "!",
        "!",
        "!",
        "!",
        "!",
        ">",
        ">",
        ">",
        ">",
        ">",
        ">",
        ">",
        ">",
        ">",
        ">",
        ">",
        ">",
        ">",
        ">",
        ">",
        ">",
        ">",
        ">",
        ">",
        ">",
        ">",
        ">",
        ">",
        ">",
        ">",
        ">",
        ">",
        ">",
        ">",
        ">",
        ">",
        ">",
        ">",
        ">",
        ">"
      ],
      "execution_error": "[[0, 1048576, 2, 2, 2, 2, 2, 2, 2, 2, 2, 2, 2, 2, 2, 2]]\n[5]\n[3]\n[1]\n[-1048575]\nException in thread \"main\" java.lang.ArrayIndexOutOfBoundsException: Index -1048575 out of bounds for length 16\n\tat Main.run(Main.java:43)\n\tat Main.main(Main.java:63)",
      "cerberus_output": "",
      "execution_result": "ArrayIndexOutOfBoundsException",
      "test_case_id": "1"
    },
    {
      "test_case": [
        "Test Case Input:\n5"
      ],
      "test_mutations": [
        "Test Case Input:\n5"
      ],
      "initial_code": "import java.util.*;\npublic class Main {\n    void run() {\n        Scanner sc = new Scanner(System.in);\n        int n = sc.nextInt();\n        int sum = n * (n + 1) / 2;\n        if (sum % 2 == 0) {\n            int[] dp = new int[sum + 1];\n            Arrays.fill(dp, 1 << 20);\n            dp[0] = 0;\n            for (int i = 1; i <= n; i++) for (int j = sum - i; j >= 0; j--) if (dp[j] >= 0) {\n                dp[j + i] = Math.min(dp[j + i], i);\n            }\n            debug(dp);\n            HashSet<Integer> a = new HashSet<>();\n            HashSet<Integer> b = new HashSet<>();\n            int p = sum / 2;\n            while (p != 0) {\n                a.add(dp[p]);\n                p = p - dp[p];\n                debug(p);\n            }\n            for (int i = 1; i <= n; i++) if (!a.contains(i)) {\n                b.add(i);\n            }\n            int m = a.size() * b.size();\n            System.out.println(m);\n            for (int i: a) for (int j: b) {\n                System.out.println(i + \" \" + j);\n            }\n        } else {\n            int[] dp = new int[sum + 1];\n            Arrays.fill(dp, 1 << 20);\n            dp[0] = 0;\n            for (int i = 2; i <= n; i++) for (int j = sum - i; j >= 0; j--) if (dp[j] >= 0) {\n                dp[j + i] = Math.min(dp[j + i], i);\n            }\n            debug(dp);\n            HashSet<Integer> a = new HashSet<>();\n            HashSet<Integer> b = new HashSet<>();\n            int p = sum / 2;\n            while (p != 0) {\n                a.add(dp[p]);\n                p = p - dp[p];\n                debug(p);\n            }\n            for (int i = 1; i <= n; i++) if (!a.contains(i)) {\n                b.add(i);\n            }\n            a.add(1);\n            int m = a.size() * b.size() - 1;\n            System.out.println(m);\n            for (int i: a) for (int j: b) {\n                if (i == j) continue;\n                System.out.println(i + \" \" + j);\n            }\n        }\n    }\n    void debug(Object...os) {\n        System.err.println(Arrays.deepToString(os));\n    }\n    public static void main(String[] args) {\n        new Main().run();\n    }\n}",
      "covered_code": "Based on the provided Java program and the test case input `5`, we will develop a plan for step-by-step execution and predict the code coverage.\n\n### Plan for Step by Step Execution\n\n1. **Import Statements**: Import statements are always executed. The statement `import java.util.*;` will be covered.\n\n2. **Class Declaration**: The class declaration `public class Main {` is always executed.\n\n3. **main Method Declaration**: The `public static void main(String[] args) {` is always executed.\n\n4. **Execution of run Method**: The `new Main().run();` within the `main` method will be executed, calling the `run` method.\n\n5. **Scanner and User Input**: The creation of a `Scanner` object and reading an integer value `n` from the user are always executed. The statements `Scanner sc = new Scanner(System.in);` and `int n = sc.nextInt();` will be covered.\n\n6. **Calculation of sum and If-Else Condition**: Since `n = 5`, we calculate the sum as `15`, which is not divisible by `2`, so the else block will be executed. The if condition (`if (sum % 2 == 0) {`) will be covered, but the code inside it will not be executed.\n\n7. **Else Block Execution**: Since the sum is not divisible by 2, we enter the else block. All statements within this block will be executed.\n\n8. **Loop for DP Array and HashSet Creation**: The loop for creating the `dp` array and the subsequent HashSet `a` and `b` population will be executed as part of the else block.\n\n9. **Output Statements in Else Block**: All output statements within the `else` block will be executed, including printing the value of `m` and the pairs.\n\n10. **Debug Method Calls**: The `debug` method calls are executed whenever encountered.\n\n### Predicted Code Coverage\n\n- > import java.util.*;\n- > public class Main {\n- >     void run() {\n- >         Scanner sc = new Scanner(System.in);\n- >         int n = sc.nextInt();\n- >         int sum = n * (n + 1) / 2;\n- >         if (sum % 2 == 0) {\n!             // Code inside this block is not executed\n- >         } else {\n- >             int[] dp = new int[sum + 1];\n- >             Arrays.fill(dp, 1 << 20);\n- >             dp[0] = 0;\n- >             for (int i = 2; i <= n; i++) for (int j = sum - i; j >= 0; j--) if (dp[j] >= 0) {\n- >                 dp[j + i] = Math.min(dp[j + i], i);\n- >             }\n- >             debug(dp);\n- >             HashSet<Integer> a = new HashSet<>();\n- >             HashSet<Integer> b = new HashSet<>();\n- >             int p = sum / 2;\n- >             while (p != 0) {\n- >                 a.add(dp[p]);\n- >                 p = p - dp[p];\n- >                 debug(p);\n- >             }\n- >             for (int i = 1; i <= n; i++) if (!a.contains(i)) {\n- >                 b.add(i);\n- >             }\n- >             a.add(1);\n- >             int m = a.size() * b.size() - 1;\n- >             System.out.println(m);\n- >             for (int i: a) for (int j: b) {\n- >                 if (i == j) continue;\n- >                 System.out.println(i + \" \" + j);\n- >             }\n- >         }\n- >     }\n- >     void debug(Object...os) {\n- >         System.err.println(Arrays.deepToString(os));\n- >     }\n- >     public static void main(String[] args) {\n- >         new Main().run();\n- >     }\n- > }\n\n**Note**: The predicted code coverage indicates that all lines in the `else` block will be executed because the sum `15` is not divisible by `2`. The `if` block related to the case where the sum is divisible by `2` is not covered by the given test case.",
      "test_seed_coverage": [
        ">",
        ">",
        ">",
        ">",
        ">",
        ">",
        ">",
        ">",
        ">",
        ">",
        ">",
        ">",
        ">",
        ">",
        ">",
        ">",
        ">",
        ">",
        ">",
        ">",
        ">",
        ">",
        ">",
        ">",
        ">",
        ">",
        ">",
        ">",
        ">",
        ">",
        ">",
        ">",
        ">",
        ">",
        ">",
        ">",
        ">",
        ">",
        ">",
        ">",
        ">",
        ">",
        ">",
        ">",
        ">",
        ">",
        ">",
        ">",
        ">",
        ">",
        ">",
        ">",
        ">",
        ">",
        ">",
        ">",
        ">",
        ">",
        ">",
        ">",
        ">",
        ">",
        ">",
        ">",
        ">"
      ],
      "cumulative_coverage": [
        ">",
        ">",
        ">",
        ">",
        ">",
        ">",
        ">",
        ">",
        ">",
        ">",
        ">",
        ">",
        ">",
        ">",
        ">",
        ">",
        ">",
        ">",
        ">",
        ">",
        ">",
        ">",
        ">",
        ">",
        ">",
        ">",
        ">",
        ">",
        ">",
        ">",
        ">",
        ">",
        ">",
        ">",
        ">",
        ">",
        ">",
        ">",
        ">",
        ">",
        ">",
        ">",
        ">",
        ">",
        ">",
        ">",
        ">",
        ">",
        ">",
        ">",
        ">",
        ">",
        ">",
        ">",
        ">",
        ">",
        ">",
        ">",
        ">",
        ">",
        ">",
        ">",
        ">",
        ">",
        ">"
      ],
      "execution_error": "[[0, 1048576, 2, 2, 2, 2, 2, 2, 2, 2, 2, 2, 2, 2, 2, 2]]\n[5]\n[3]\n[1]\n[-1048575]\nException in thread \"main\" java.lang.ArrayIndexOutOfBoundsException: Index -1048575 out of bounds for length 16\n\tat Main.run(Main.java:43)\n\tat Main.main(Main.java:63)",
      "cerberus_output": "",
      "execution_result": "ArrayIndexOutOfBoundsException",
      "test_case_id": "2"
    },
    {
      "test_case": [
        "Test Case Input:\n5"
      ],
      "test_mutations": [
        "Test Case Input:\n5"
      ],
      "initial_code": "import java.util.*;\npublic class Main {\n    void run() {\n        Scanner sc = new Scanner(System.in);\n        int n = sc.nextInt();\n        int sum = n * (n + 1) / 2;\n        if (sum % 2 == 0) {\n            int[] dp = new int[sum + 1];\n            Arrays.fill(dp, 1 << 20);\n            dp[0] = 0;\n            for (int i = 1; i <= n; i++) for (int j = sum - i; j >= 0; j--) if (dp[j] >= 0) {\n                dp[j + i] = Math.min(dp[j + i], i);\n            }\n            debug(dp);\n            HashSet<Integer> a = new HashSet<>();\n            HashSet<Integer> b = new HashSet<>();\n            int p = sum / 2;\n            while (p != 0) {\n                a.add(dp[p]);\n                p = p - dp[p];\n                debug(p);\n            }\n            for (int i = 1; i <= n; i++) if (!a.contains(i)) {\n                b.add(i);\n            }\n            int m = a.size() * b.size();\n            System.out.println(m);\n            for (int i: a) for (int j: b) {\n                System.out.println(i + \" \" + j);\n            }\n        } else {\n            int[] dp = new int[sum + 1];\n            Arrays.fill(dp, 1 << 20);\n            dp[0] = 0;\n            for (int i = 2; i <= n; i++) for (int j = sum - i; j >= 0; j--) if (dp[j] >= 0) {\n                dp[j + i] = Math.min(dp[j + i], i);\n            }\n            debug(dp);\n            HashSet<Integer> a = new HashSet<>();\n            HashSet<Integer> b = new HashSet<>();\n            int p = sum / 2;\n            while (p != 0) {\n                a.add(dp[p]);\n                p = p - dp[p];\n                debug(p);\n            }\n            for (int i = 1; i <= n; i++) if (!a.contains(i)) {\n                b.add(i);\n            }\n            a.add(1);\n            int m = a.size() * b.size() - 1;\n            System.out.println(m);\n            for (int i: a) for (int j: b) {\n                if (i == j) continue;\n                System.out.println(i + \" \" + j);\n            }\n        }\n    }\n    void debug(Object...os) {\n        System.err.println(Arrays.deepToString(os));\n    }\n    public static void main(String[] args) {\n        new Main().run();\n    }\n}",
      "covered_code": "Given the test case input of `5`, let's develop a plan for step by step execution of the code snippet to predict the code coverage.\n\n1. **Import Statements**: Always executed. Statement `import java.util.*;` will be covered.\n2. **Class Declaration**: Always executed. Statement `public class Main {` is covered.\n3. **Main Method Declaration**: Always executed. Statement `public static void main(String[] args) {` is covered.\n4. **Run Method Call in Main Method**: Since the main method calls `new Main().run();`, the `run()` method will be executed.\n5. **Scanner and Variable Initialization**: Statements within the `run()` method to read input and initialize variables are always executed. Statements like `Scanner sc = new Scanner(System.in);`, `int n = sc.nextInt();`, and `int sum = n * (n + 1) / 2;` are covered.\n6. **If-Else Condition**: The condition checks if `sum % 2 == 0`. Given `n = 5`, `sum = 15` which is not divisible by 2, hence the `else` block will be executed.\n7. **Else Block Execution**:\n   - Initialization of `dp` array and calling `Arrays.fill(dp, 1 << 20);` are covered.\n   - The nested for-loops to populate the `dp` array based on conditions are executed.\n   - The debug call `debug(dp);` is executed.\n   - Initialization of `HashSet<Integer> a` and `HashSet<Integer> b`, and subsequent population of these sets are covered.\n   - Addition of `1` to set `a` and calculation of variable `m` are covered.\n   - Printing the result `m` and the pairs `(i, j)` where `i` is in set `a` and `j` is in set `b`, excluding pairs where `i == j`, are covered.\n8. **Method Declarations**: The `debug` and `run` method declarations are always executed.\n9. **Closing Brackets and Scanner Closure**: Not explicitly shown but assumed to be covered as part of the program execution.\n\nBased on the plan, the execution coverage would be:\n\n```\n> import java.util.*;\n> public class Main {\n>     void run() {\n>         Scanner sc = new Scanner(System.in);\n>         int n = sc.nextInt();\n>         int sum = n * (n + 1) / 2;\n!         if (sum % 2 == 0) {\n!             int[] dp = new int[sum + 1];\n!             Arrays.fill(dp, 1 << 20);\n!             dp[0] = 0;\n!             for (int i = 1; i <= n; i++) for (int j = sum - i; j >= 0; j--) if (dp[j] >= 0) {\n!                 dp[j + i] = Math.min(dp[j + i], i);\n!             }\n!             debug(dp);\n!             HashSet<Integer> a = new HashSet<>();\n!             HashSet<Integer> b = new HashSet<>();\n!             int p = sum / 2;\n!             while (p != 0) {\n!                 a.add(dp[p]);\n!                 p = p - dp[p];\n!                 debug(p);\n!             }\n!             for (int i = 1; i <= n; i++) if (!a.contains(i)) {\n!                 b.add(i);\n!             }\n!             int m = a.size() * b.size();\n!             System.out.println(m);\n!             for (int i: a) for (int j: b) {\n!                 System.out.println(i + \" \" + j);\n!             }\n>         } else {\n>             int[] dp = new int[sum + 1];\n>             Arrays.fill(dp, 1 << 20);\n>             dp[0] = 0;\n>             for (int i = 2; i <= n; i++) for (int j = sum - i; j >= 0; j--) if (dp[j] >= 0) {\n>                 dp[j + i] = Math.min(dp[j + i], i);\n>             }\n>             debug(dp);\n>             HashSet<Integer> a = new HashSet<>();\n>             HashSet<Integer> b = new HashSet<>();\n>             int p = sum / 2;\n>             while (p != 0) {\n>                 a.add(dp[p]);\n>                 p = p - dp[p];\n>                 debug(p);\n>             }\n>             for (int i = 1; i <= n; i++) if (!a.contains(i)) {\n>                 b.add(i);\n>             }\n>             a.add(1);\n>             int m = a.size() * b.size() - 1;\n>             System.out.println(m);\n>             for (int i: a) for (int j: b) {\n>                 if (i == j) continue;\n>                 System.out.println(i + \" \" + j);\n>             }\n>         }\n>     }\n>     void debug(Object...os) {\n>         System.err.println(Arrays.deepToString(os));\n>     }\n>     public static void main(String[] args) {\n>         new Main().run();\n>     }\n> }\n```\nSince the given test case ensures execution flows into the `else` block due to `sum % 2 != 0`, all lines within that block are marked as executed (`>`), while lines within the `if` block that would only execute for even `sum` are marked as not executed (`!`).",
      "test_seed_coverage": [
        ">",
        ">",
        ">",
        ">",
        ">",
        ">",
        ">",
        ">",
        ">",
        ">",
        ">",
        ">",
        ">",
        ">",
        ">",
        ">",
        ">",
        ">",
        ">",
        ">",
        ">",
        ">",
        ">",
        ">",
        ">",
        ">",
        ">",
        ">",
        ">",
        ">",
        ">",
        ">",
        ">",
        ">",
        ">",
        ">",
        ">",
        ">",
        ">",
        ">",
        ">",
        ">",
        ">",
        ">",
        ">",
        ">",
        ">",
        ">",
        ">",
        ">",
        ">",
        ">",
        ">",
        ">",
        ">",
        ">",
        ">",
        ">",
        ">",
        ">",
        ">",
        ">",
        ">",
        ">",
        ">"
      ],
      "cumulative_coverage": [
        ">",
        ">",
        ">",
        ">",
        ">",
        ">",
        ">",
        ">",
        ">",
        ">",
        ">",
        ">",
        ">",
        ">",
        ">",
        ">",
        ">",
        ">",
        ">",
        ">",
        ">",
        ">",
        ">",
        ">",
        ">",
        ">",
        ">",
        ">",
        ">",
        ">",
        ">",
        ">",
        ">",
        ">",
        ">",
        ">",
        ">",
        ">",
        ">",
        ">",
        ">",
        ">",
        ">",
        ">",
        ">",
        ">",
        ">",
        ">",
        ">",
        ">",
        ">",
        ">",
        ">",
        ">",
        ">",
        ">",
        ">",
        ">",
        ">",
        ">",
        ">",
        ">",
        ">",
        ">",
        ">"
      ],
      "execution_error": "[[0, 1048576, 2, 2, 2, 2, 2, 2, 2, 2, 2, 2, 2, 2, 2, 2]]\n[5]\n[3]\n[1]\n[-1048575]\nException in thread \"main\" java.lang.ArrayIndexOutOfBoundsException: Index -1048575 out of bounds for length 16\n\tat Main.run(Main.java:43)\n\tat Main.main(Main.java:63)",
      "cerberus_output": "",
      "execution_result": "ArrayIndexOutOfBoundsException",
      "test_case_id": "3"
    },
    {
      "test_case": [
        "Test Case Input:\n0"
      ],
      "test_mutations": [
        "Test Case Input:\n0"
      ],
      "initial_code": "import java.util.*;\npublic class Main {\n    void run() {\n        Scanner sc = new Scanner(System.in);\n        int n = sc.nextInt();\n        int sum = n * (n + 1) / 2;\n        if (sum % 2 == 0) {\n            int[] dp = new int[sum + 1];\n            Arrays.fill(dp, 1 << 20);\n            dp[0] = 0;\n            for (int i = 1; i <= n; i++) for (int j = sum - i; j >= 0; j--) if (dp[j] >= 0) {\n                dp[j + i] = Math.min(dp[j + i], i);\n            }\n            debug(dp);\n            HashSet<Integer> a = new HashSet<>();\n            HashSet<Integer> b = new HashSet<>();\n            int p = sum / 2;\n            while (p != 0) {\n                a.add(dp[p]);\n                p = p - dp[p];\n                debug(p);\n            }\n            for (int i = 1; i <= n; i++) if (!a.contains(i)) {\n                b.add(i);\n            }\n            int m = a.size() * b.size();\n            System.out.println(m);\n            for (int i: a) for (int j: b) {\n                System.out.println(i + \" \" + j);\n            }\n        } else {\n            int[] dp = new int[sum + 1];\n            Arrays.fill(dp, 1 << 20);\n            dp[0] = 0;\n            for (int i = 2; i <= n; i++) for (int j = sum - i; j >= 0; j--) if (dp[j] >= 0) {\n                dp[j + i] = Math.min(dp[j + i], i);\n            }\n            debug(dp);\n            HashSet<Integer> a = new HashSet<>();\n            HashSet<Integer> b = new HashSet<>();\n            int p = sum / 2;\n            while (p != 0) {\n                a.add(dp[p]);\n                p = p - dp[p];\n                debug(p);\n            }\n            for (int i = 1; i <= n; i++) if (!a.contains(i)) {\n                b.add(i);\n            }\n            a.add(1);\n            int m = a.size() * b.size() - 1;\n            System.out.println(m);\n            for (int i: a) for (int j: b) {\n                if (i == j) continue;\n                System.out.println(i + \" \" + j);\n            }\n        }\n    }\n    void debug(Object...os) {\n        System.err.println(Arrays.deepToString(os));\n    }\n    public static void main(String[] args) {\n        new Main().run();\n    }\n}",
      "covered_code": "For the given Java program and test case input '0', let's develop a plan for step by step execution and predict the code coverage.\n\n1. **Import Statements**: Import statements are always executed. Statement \"import java.util.*;\" will be covered.\n\n2. **Class Declaration**: Always executed. Statement \"public class Main {\" is covered.\n\n3. **Main method declaration**: Always executed. Statement \"public static void main(String[] args) {\" is covered.\n\n4. **Instantiation of Main and run method invocation**: The run method is called from the main method, so \"new Main().run();\" is covered.\n\n5. **Run Method Declaration and Execution**: Method declaration is always executed. Statement \"void run() {\" is covered.\n\n6. **User Input**: The first statement that reads an integer from the console \"int n = sc.nextInt();\" is executed.\n\n7. **Sum Calculation**: The calculation of the sum \"int sum = n * (n + 1) / 2;\" is executed.\n\n8. **If-Else Condition**: Since 'n' is 0, the sum will be 0. Therefore, the condition \"if (sum % 2 == 0)\" is satisfied. The if block will be executed, and the else block will not.\n\n9. **Array and HashSet Declarations**: Statements within the if block that declare and initialize arrays and HashSets are executed.\n\n10. **For Loops and Debug Calls**: The for loops and debug calls within the if condition are not executed effectively because 'n' is 0, leading to no iterations. The debug method is not executed as there's no valid content to debug.\n\n11. **Final Output**: Due to the condition and the value of 'n', there might not be any meaningful output or pairs generated, but the initial part of setting up arrays and HashSets is executed.\n\n12. **Closing Brackets and Method Ends**: Always covered.\n\nBased on the above plan, here's the predicted code coverage:\n\n```\n> import java.util.*;\n> public class Main {\n>     void run() {\n>         Scanner sc = new Scanner(System.in);\n>         int n = sc.nextInt();\n>         int sum = n * (n + 1) / 2;\n>         if (sum % 2 == 0) {\n>             int[] dp = new int[sum + 1];\n>             Arrays.fill(dp, 1 << 20);\n>             dp[0] = 0;\n!             for (int i = 1; i <= n; i++) for (int j = sum - i; j >= 0; j--) if (dp[j] >= 0) {\n!                 dp[j + i] = Math.min(dp[j + i], i);\n!             }\n!             debug(dp);\n!             HashSet<Integer> a = new HashSet<>();\n!             HashSet<Integer> b = new HashSet<>();\n!             int p = sum / 2;\n!             while (p != 0) {\n!                 a.add(dp[p]);\n!                 p = p - dp[p];\n!                 debug(p);\n!             }\n!             for (int i = 1; i <= n; i++) if (!a.contains(i)) {\n!                 b.add(i);\n!             }\n!             int m = a.size() * b.size();\n!             System.out.println(m);\n!             for (int i: a) for (int j: b) {\n!                 System.out.println(i + \" \" + j);\n!             }\n>         } else {\n!             int[] dp = new int[sum + 1];\n!             Arrays.fill(dp, 1 << 20);\n!             dp[0] = 0;\n!             for (int i = 2; i <= n; i++) for (int j = sum - i; j >= 0; j--) if (dp[j] >= 0) {\n!                 dp[j + i] = Math.min(dp[j + i], i);\n!             }\n!             debug(dp);\n!             HashSet<Integer> a = new HashSet<>();\n!             HashSet<Integer> b = new HashSet<>();\n!             int p = sum / 2;\n!             while (p != 0) {\n!                 a.add(dp[p]);\n!                 p = p - dp[p];\n!                 debug(p);\n!             }\n!             for (int i = 1; i <= n; i++) if (!a.contains(i)) {\n!                 b.add(i);\n!             }\n!             a.add(1);\n!             int m = a.size() * b.size() - 1;\n!             System.out.println(m);\n!             for (int i: a) for (int j: b) {\n!                 if (i == j) continue;\n!                 System.out.println(i + \" \" + j);\n!             }\n>         }\n>     }\n>     void debug(Object...os) {\n>         System.err.println(Arrays.deepToString(os));\n>     }\n>     public static void main(String[] args) {\n>         new Main().run();\n>     }\n> }\n```\n**Output**: Given the test case input '0', the program's output would be minimal, and many parts of the program logic are not executed due to 'n' being 0, which significantly simplifies the flow and skips the complex parts of the algorithm, such as the dynamic programming filling and the pair generation logic.",
      "test_seed_coverage": [
        ">",
        ">",
        ">",
        ">",
        ">",
        ">",
        ">",
        ">",
        ">",
        ">",
        ">",
        ">",
        ">",
        ">",
        ">",
        ">",
        ">",
        ">",
        ">",
        ">",
        ">",
        ">",
        ">",
        ">",
        ">",
        ">",
        ">",
        ">",
        ">",
        ">",
        ">",
        ">",
        ">",
        ">",
        ">",
        ">",
        ">",
        ">",
        ">",
        ">",
        ">",
        ">",
        ">",
        ">",
        ">",
        ">",
        ">",
        ">",
        ">",
        ">",
        ">",
        ">",
        ">",
        ">",
        ">",
        ">",
        ">",
        ">",
        ">",
        ">",
        ">",
        ">",
        ">",
        ">",
        ">"
      ],
      "cumulative_coverage": [
        ">",
        ">",
        ">",
        ">",
        ">",
        ">",
        ">",
        ">",
        ">",
        ">",
        ">",
        ">",
        ">",
        ">",
        ">",
        ">",
        ">",
        ">",
        ">",
        ">",
        ">",
        ">",
        ">",
        ">",
        ">",
        ">",
        ">",
        ">",
        ">",
        ">",
        ">",
        ">",
        ">",
        ">",
        ">",
        ">",
        ">",
        ">",
        ">",
        ">",
        ">",
        ">",
        ">",
        ">",
        ">",
        ">",
        ">",
        ">",
        ">",
        ">",
        ">",
        ">",
        ">",
        ">",
        ">",
        ">",
        ">",
        ">",
        ">",
        ">",
        ">",
        ">",
        ">",
        ">",
        ">"
      ],
      "execution_output": "0",
      "cerberus_output": "",
      "execution_result": "",
      "test_case_id": "4"
    },
    {
      "test_case": [
        "Test Case Input:\n5"
      ],
      "test_mutations": [
        "Test Case Input:\n5"
      ],
      "initial_code": "import java.util.*;\npublic class Main {\n    void run() {\n        Scanner sc = new Scanner(System.in);\n        int n = sc.nextInt();\n        int sum = n * (n + 1) / 2;\n        if (sum % 2 == 0) {\n            int[] dp = new int[sum + 1];\n            Arrays.fill(dp, 1 << 20);\n            dp[0] = 0;\n            for (int i = 1; i <= n; i++) for (int j = sum - i; j >= 0; j--) if (dp[j] >= 0) {\n                dp[j + i] = Math.min(dp[j + i], i);\n            }\n            debug(dp);\n            HashSet<Integer> a = new HashSet<>();\n            HashSet<Integer> b = new HashSet<>();\n            int p = sum / 2;\n            while (p != 0) {\n                a.add(dp[p]);\n                p = p - dp[p];\n                debug(p);\n            }\n            for (int i = 1; i <= n; i++) if (!a.contains(i)) {\n                b.add(i);\n            }\n            int m = a.size() * b.size();\n            System.out.println(m);\n            for (int i: a) for (int j: b) {\n                System.out.println(i + \" \" + j);\n            }\n        } else {\n            int[] dp = new int[sum + 1];\n            Arrays.fill(dp, 1 << 20);\n            dp[0] = 0;\n            for (int i = 2; i <= n; i++) for (int j = sum - i; j >= 0; j--) if (dp[j] >= 0) {\n                dp[j + i] = Math.min(dp[j + i], i);\n            }\n            debug(dp);\n            HashSet<Integer> a = new HashSet<>();\n            HashSet<Integer> b = new HashSet<>();\n            int p = sum / 2;\n            while (p != 0) {\n                a.add(dp[p]);\n                p = p - dp[p];\n                debug(p);\n            }\n            for (int i = 1; i <= n; i++) if (!a.contains(i)) {\n                b.add(i);\n            }\n            a.add(1);\n            int m = a.size() * b.size() - 1;\n            System.out.println(m);\n            for (int i: a) for (int j: b) {\n                if (i == j) continue;\n                System.out.println(i + \" \" + j);\n            }\n        }\n    }\n    void debug(Object...os) {\n        System.err.println(Arrays.deepToString(os));\n    }\n    public static void main(String[] args) {\n        new Main().run();\n    }\n}",
      "covered_code": "To predict the code coverage for the provided Java program with the given test input \"5\", let's follow a step-by-step plan similar to the example provided.\n\n### Plan for Step by Step Execution\n\n1. **Import statements**: Since they are always executed to include necessary packages, the statement `import java.util.*;` will be covered.\n\n2. **Class Declaration**: The declaration of the `Main` class is always executed.\n\n3. **Main method Declaration**: The `public static void main(String[] args)` method is the entry point of the program and is always executed.\n\n4. **`run` Method Execution**: The `run` method is called from the `main` method, so this method and its contents will be executed.\n\n5. **User Input**: The statement `int n = sc.nextInt();` will be executed to read the input \"5\".\n\n6. **Calculation of Sum**: The statement `int sum = n * (n + 1) / 2;` calculates the sum of the first `n` natural numbers.\n\n7. **Condition Check for Sum**: Since `n = 5`, `sum = 15` which is odd. Thus, the `if` branch will not be executed, and control will move to the `else` block.\n\n8. **Execution of the Else Block**:\n   - Initialization of `dp` array and filling it with values.\n   - Nested `for` loops to populate the `dp` array based on conditions.\n   - `HashSet` initialization and population.\n   - Calculation of `m` and printing the result along with pairs.\n\n9. **`debug` Method**: If the `debug` method is called within the code, it will be executed. However, without knowing the context of when it's called or if it's included in the conditional logic, we'll assume it's part of the debugging process and may not be executed in a standard run.\n\n### Predicted Code Coverage\n\n```\n> import java.util.*;\n> public class Main {\n>     void run() {\n>         Scanner sc = new Scanner(System.in);\n>         int n = sc.nextInt();\n>         int sum = n * (n + 1) / 2;\n!         if (sum % 2 == 0) {\n!             int[] dp = new int[sum + 1];\n!             Arrays.fill(dp, 1 << 20);\n!             dp[0] = 0;\n!             for (int i = 1; i <= n; i++) for (int j = sum - i; j >= 0; j--) if (dp[j] >= 0) {\n!                 dp[j + i] = Math.min(dp[j + i], i);\n!             }\n!             debug(dp);\n!             HashSet<Integer> a = new HashSet<>();\n!             HashSet<Integer> b = new HashSet<>();\n!             int p = sum / 2;\n!             while (p != 0) {\n!                 a.add(dp[p]);\n!                 p = p - dp[p];\n!                 debug(p);\n!             }\n!             for (int i = 1; i <= n; i++) if (!a.contains(i)) {\n!                 b.add(i);\n!             }\n!             int m = a.size() * b.size();\n!             System.out.println(m);\n!             for (int i: a) for (int j: b) {\n!                 System.out.println(i + \" \" + j);\n!             }\n>         } else {\n>             int[] dp = new int[sum + 1];\n>             Arrays.fill(dp, 1 << 20);\n>             dp[0] = 0;\n>             for (int i = 2; i <= n; i++) for (int j = sum - i; j >= 0; j--) if (dp[j] >= 0) {\n>                 dp[j + i] = Math.min(dp[j + i], i);\n>             }\n>             debug(dp);\n>             HashSet<Integer> a = new HashSet<>();\n>             HashSet<Integer> b = new HashSet<>();\n>             int p = sum / 2;\n>             while (p != 0) {\n>                 a.add(dp[p]);\n>                 p = p - dp[p];\n>                 debug(p);\n>             }\n>             for (int i = 1; i <= n; i++) if (!a.contains(i)) {\n>                 b.add(i);\n>             }\n>             a.add(1);\n>             int m = a.size() * b.size() - 1;\n>             System.out.println(m);\n>             for (int i: a) for (int j: b) {\n>                 if (i == j) continue;\n>                 System.out.println(i + \" \" + j);\n>             }\n>         }\n>     }\n!     void debug(Object...os) {\n>         System.err.println(Arrays.deepToString(os));\n>     }\n>     public static void main(String[] args) {\n>         new Main().run();\n>     }\n> }\n```\n\nThe `debug` method's execution status is marked as unsure (`!`) because its execution depends on whether it's called within the executed branches of the code. Given the provided information, it's assumed to be part of the code flow, but specific execution might depend on contextual usage.",
      "test_seed_coverage": [
        ">",
        ">",
        ">",
        ">",
        ">",
        ">",
        ">",
        ">",
        ">",
        ">",
        ">",
        ">",
        ">",
        ">",
        ">",
        ">",
        ">",
        ">",
        ">",
        ">",
        ">",
        ">",
        ">",
        ">",
        ">",
        ">",
        ">",
        ">",
        ">",
        ">",
        ">",
        ">",
        ">",
        ">",
        ">",
        ">",
        ">",
        ">",
        ">",
        ">",
        ">",
        ">",
        ">",
        ">",
        ">",
        ">",
        ">",
        ">",
        ">",
        ">",
        ">",
        ">",
        ">",
        ">",
        ">",
        ">",
        ">",
        ">",
        ">",
        ">",
        ">",
        ">",
        ">",
        ">",
        ">"
      ],
      "cumulative_coverage": [
        ">",
        ">",
        ">",
        ">",
        ">",
        ">",
        ">",
        ">",
        ">",
        ">",
        ">",
        ">",
        ">",
        ">",
        ">",
        ">",
        ">",
        ">",
        ">",
        ">",
        ">",
        ">",
        ">",
        ">",
        ">",
        ">",
        ">",
        ">",
        ">",
        ">",
        ">",
        ">",
        ">",
        ">",
        ">",
        ">",
        ">",
        ">",
        ">",
        ">",
        ">",
        ">",
        ">",
        ">",
        ">",
        ">",
        ">",
        ">",
        ">",
        ">",
        ">",
        ">",
        ">",
        ">",
        ">",
        ">",
        ">",
        ">",
        ">",
        ">",
        ">",
        ">",
        ">",
        ">",
        ">"
      ],
      "execution_error": "[[0, 1048576, 2, 2, 2, 2, 2, 2, 2, 2, 2, 2, 2, 2, 2, 2]]\n[5]\n[3]\n[1]\n[-1048575]\nException in thread \"main\" java.lang.ArrayIndexOutOfBoundsException: Index -1048575 out of bounds for length 16\n\tat Main.run(Main.java:43)\n\tat Main.main(Main.java:63)",
      "cerberus_output": "",
      "execution_result": "ArrayIndexOutOfBoundsException",
      "test_case_id": "5"
    },
    {
      "test_case": [
        "Test Case Input:\n-5"
      ],
      "test_mutations": [
        "Test Case Input:\n-5"
      ],
      "initial_code": "import java.util.*;\npublic class Main {\n    void run() {\n        Scanner sc = new Scanner(System.in);\n        int n = sc.nextInt();\n        int sum = n * (n + 1) / 2;\n        if (sum % 2 == 0) {\n            int[] dp = new int[sum + 1];\n            Arrays.fill(dp, 1 << 20);\n            dp[0] = 0;\n            for (int i = 1; i <= n; i++) for (int j = sum - i; j >= 0; j--) if (dp[j] >= 0) {\n                dp[j + i] = Math.min(dp[j + i], i);\n            }\n            debug(dp);\n            HashSet<Integer> a = new HashSet<>();\n            HashSet<Integer> b = new HashSet<>();\n            int p = sum / 2;\n            while (p != 0) {\n                a.add(dp[p]);\n                p = p - dp[p];\n                debug(p);\n            }\n            for (int i = 1; i <= n; i++) if (!a.contains(i)) {\n                b.add(i);\n            }\n            int m = a.size() * b.size();\n            System.out.println(m);\n            for (int i: a) for (int j: b) {\n                System.out.println(i + \" \" + j);\n            }\n        } else {\n            int[] dp = new int[sum + 1];\n            Arrays.fill(dp, 1 << 20);\n            dp[0] = 0;\n            for (int i = 2; i <= n; i++) for (int j = sum - i; j >= 0; j--) if (dp[j] >= 0) {\n                dp[j + i] = Math.min(dp[j + i], i);\n            }\n            debug(dp);\n            HashSet<Integer> a = new HashSet<>();\n            HashSet<Integer> b = new HashSet<>();\n            int p = sum / 2;\n            while (p != 0) {\n                a.add(dp[p]);\n                p = p - dp[p];\n                debug(p);\n            }\n            for (int i = 1; i <= n; i++) if (!a.contains(i)) {\n                b.add(i);\n            }\n            a.add(1);\n            int m = a.size() * b.size() - 1;\n            System.out.println(m);\n            for (int i: a) for (int j: b) {\n                if (i == j) continue;\n                System.out.println(i + \" \" + j);\n            }\n        }\n    }\n    void debug(Object...os) {\n        System.err.println(Arrays.deepToString(os));\n    }\n    public static void main(String[] args) {\n        new Main().run();\n    }\n}",
      "covered_code": "Given the test case input of -5, let's develop a plan for step-by-step execution of the provided Java program and predict the code coverage.\n\n1. Import statements: always executed. Statement \"import java.util.*;\" will be covered.\n2. Main class declaration: always executed. Statement \"public class Main {\" is covered.\n3. Main method declaration: always executed. Statement \"public static void main(String[] args) {\" is covered.\n4. run method invocation from the main method: always executed. Statement \"new Main().run();\" is covered.\n5. Inside the run method:\n   - User input handling: always executed. Statements \"Scanner sc = new Scanner(System.in);\" and \"int n = sc.nextInt();\" are covered.\n   - Calculation of sum: always executed. Statement \"int sum = n * (n + 1) / 2;\" is covered.\n   - If-else condition to check if sum is even or odd: since n = -5, the sum will be -15 which is odd. Thus, only the else block will be executed. Statements within the if block won't be executed.\n6. Inside the else block:\n   - Initialization and population of dp array: always executed. Statements \"int[] dp = new int[sum + 1];\" and \"Arrays.fill(dp, 1 << 20);\" are covered.\n   - Inner loop to update dp array: executed as per the adjusted for loop. Statements within this loop will be executed accordingly.\n   - Debug call to print dp array: always executed. Statement \"debug(dp);\" is covered.\n   - HashSet initialization and population: always executed. Statements initializing and populating 'a' and 'b' will be covered.\n   - While loop to adjust p: always executed until condition fails. Statements within this loop are covered.\n   - Final calculation and output of m: always executed. Statement \"int m = a.size() * b.size() - 1;\" and subsequent output statements are covered.\n7. debug method: It\u2019s called multiple times, so \"void debug(Object...os) {\" and the print statement within it are covered.\n\nPredicted Code Coverage:\n\n```\n> import java.util.*;\n> public class Main {\n>     void run() {\n>         Scanner sc = new Scanner(System.in);\n>         int n = sc.nextInt();\n>         int sum = n * (n + 1) / 2;\n>         if (sum % 2 == 0) {\n!             int[] dp = new int[sum + 1];\n!             Arrays.fill(dp, 1 << 20);\n!             dp[0] = 0;\n!             for (int i = 1; i <= n; i++) for (int j = sum - i; j >= 0; j--) if (dp[j] >= 0) {\n!                 dp[j + i] = Math.min(dp[j + i], i);\n!             }\n!             debug(dp);\n!             HashSet<Integer> a = new HashSet<>();\n!             HashSet<Integer> b = new HashSet<>();\n!             int p = sum / 2;\n!             while (p != 0) {\n!                 a.add(dp[p]);\n!                 p = p - dp[p];\n!                 debug(p);\n!             }\n!             for (int i = 1; i <= n; i++) if (!a.contains(i)) {\n!                 b.add(i);\n!             }\n!             a.add(1);\n!             int m = a.size() * b.size() - 1;\n!             System.out.println(m);\n!             for (int i: a) for (int j: b) {\n!                 if (i == j) continue;\n!                 System.out.println(i + \" \" + j);\n!             }\n>         } else {\n>             int[] dp = new int[sum + 1];\n>             Arrays.fill(dp, 1 << 20);\n>             dp[0] = 0;\n>             for (int i = 2; i <= n; i++) for (int j = sum - i; j >= 0; j--) if (dp[j] >= 0) {\n>                 dp[j + i] = Math.min(dp[j + i], i);\n>             }\n>             debug(dp);\n>             HashSet<Integer> a = new HashSet<>();\n>             HashSet<Integer> b = new HashSet<>();\n>             int p = sum / 2;\n>             while (p != 0) {\n>                 a.add(dp[p]);\n>                 p = p - dp[p];\n>                 debug(p);\n>             }\n>             for (int i = 1; i <= n; i++) if (!a.contains(i)) {\n>                 b.add(i);\n>             }\n>             a.add(1);\n>             int m = a.size() * b.size() - 1;\n>             System.out.println(m);\n>             for (int i: a) for (int j: b) {\n>                 if (i == j) continue;\n>                 System.out.println(i + \" \" + j);\n>             }\n>         }\n>     }\n>     void debug(Object...os) {\n>         System.err.println(Arrays.deepToString(os));\n>     }\n>     public static void main(String[] args) {\n>         new Main().run();\n>     }\n> }\n```\n\nSince the provided input leads to an odd sum, the if block related to even sum handling is marked as not executed, and the else block for odd sum handling is executed.",
      "test_seed_coverage": [
        ">",
        ">",
        ">",
        ">",
        ">",
        ">",
        ">",
        ">",
        ">",
        ">",
        ">",
        ">",
        ">",
        ">",
        ">",
        ">",
        ">",
        ">",
        ">",
        ">",
        ">",
        ">",
        ">",
        ">",
        ">",
        ">",
        ">",
        ">",
        ">",
        ">",
        ">",
        ">",
        ">",
        ">",
        ">",
        ">",
        ">",
        ">",
        ">",
        ">",
        ">",
        ">",
        ">",
        ">",
        ">",
        ">",
        ">",
        ">",
        ">",
        ">",
        ">",
        ">",
        ">",
        ">",
        ">",
        ">",
        ">",
        ">",
        ">",
        ">",
        ">",
        ">",
        ">",
        ">",
        ">",
        ">",
        ">"
      ],
      "cumulative_coverage": [
        ">",
        ">",
        ">",
        ">",
        ">",
        ">",
        ">",
        ">",
        ">",
        ">",
        ">",
        ">",
        ">",
        ">",
        ">",
        ">",
        ">",
        ">",
        ">",
        ">",
        ">",
        ">",
        ">",
        ">",
        ">",
        ">",
        ">",
        ">",
        ">",
        ">",
        ">",
        ">",
        ">",
        ">",
        ">",
        ">",
        ">",
        ">",
        ">",
        ">",
        ">",
        ">",
        ">",
        ">",
        ">",
        ">",
        ">",
        ">",
        ">",
        ">",
        ">",
        ">",
        ">",
        ">",
        ">",
        ">",
        ">",
        ">",
        ">",
        ">",
        ">",
        ">",
        ">",
        ">",
        ">",
        ">",
        ">"
      ],
      "execution_error": "[[0, 1048576, 1048576, 1048576, 1048576, 1048576, 1048576, 1048576, 1048576, 1048576, 1048576]]\n[-1048571]\nException in thread \"main\" java.lang.ArrayIndexOutOfBoundsException: Index -1048571 out of bounds for length 11\n\tat Main.run(Main.java:19)\n\tat Main.main(Main.java:63)",
      "cerberus_output": "",
      "execution_result": "ArrayIndexOutOfBoundsException",
      "test_case_id": "6"
    },
    {
      "test_case": [
        "Test Case Input:\n-1"
      ],
      "test_mutations": [
        "Test Case Input:\n-1"
      ],
      "initial_code": "import java.util.*;\npublic class Main {\n    void run() {\n        Scanner sc = new Scanner(System.in);\n        int n = sc.nextInt();\n        int sum = n * (n + 1) / 2;\n        if (sum % 2 == 0) {\n            int[] dp = new int[sum + 1];\n            Arrays.fill(dp, 1 << 20);\n            dp[0] = 0;\n            for (int i = 1; i <= n; i++) for (int j = sum - i; j >= 0; j--) if (dp[j] >= 0) {\n                dp[j + i] = Math.min(dp[j + i], i);\n            }\n            debug(dp);\n            HashSet<Integer> a = new HashSet<>();\n            HashSet<Integer> b = new HashSet<>();\n            int p = sum / 2;\n            while (p != 0) {\n                a.add(dp[p]);\n                p = p - dp[p];\n                debug(p);\n            }\n            for (int i = 1; i <= n; i++) if (!a.contains(i)) {\n                b.add(i);\n            }\n            int m = a.size() * b.size();\n            System.out.println(m);\n            for (int i: a) for (int j: b) {\n                System.out.println(i + \" \" + j);\n            }\n        } else {\n            int[] dp = new int[sum + 1];\n            Arrays.fill(dp, 1 << 20);\n            dp[0] = 0;\n            for (int i = 2; i <= n; i++) for (int j = sum - i; j >= 0; j--) if (dp[j] >= 0) {\n                dp[j + i] = Math.min(dp[j + i], i);\n            }\n            debug(dp);\n            HashSet<Integer> a = new HashSet<>();\n            HashSet<Integer> b = new HashSet<>();\n            int p = sum / 2;\n            while (p != 0) {\n                a.add(dp[p]);\n                p = p - dp[p];\n                debug(p);\n            }\n            for (int i = 1; i <= n; i++) if (!a.contains(i)) {\n                b.add(i);\n            }\n            a.add(1);\n            int m = a.size() * b.size() - 1;\n            System.out.println(m);\n            for (int i: a) for (int j: b) {\n                if (i == j) continue;\n                System.out.println(i + \" \" + j);\n            }\n        }\n    }\n    void debug(Object...os) {\n        System.err.println(Arrays.deepToString(os));\n    }\n    public static void main(String[] args) {\n        new Main().run();\n    }\n}",
      "covered_code": "Given the test case input of -1, let's develop a plan for step-by-step execution of the given Java program and predict the code coverage. \n\n### PLAN \n1. **Import Statements Execution**: \n   - The import statement `import java.util.*;` is executed as it's required for the program's execution.\n2. **Class Declaration Execution**: \n   - The class declaration `public class Main {` is always executed.\n3. **Main Method Execution**: \n   - The `public static void main(String[] args) {` method is always executed. It immediately calls the `run()` method.\n4. **Run Method Execution**: \n   - The `run()` method is executed.\n5. **User Input Handling**: \n   - An integer `n` is read from the standard input. Given the input is -1, `int n = sc.nextInt();` is executed.\n6. **Sum Calculation and Conditional Check**: \n   - The calculation `int sum = n * (n + 1) / 2;` is executed. Given `n = -1`, `sum` will be `-1 * (0) / 2 = 0`.\n   - The conditional check `if (sum % 2 == 0)` is executed and evaluates to true since `sum = 0`.\n7. **True Branch Execution (since sum is even)**: \n   - The array `dp` is initialized and filled. This block is executed.\n   - The nested for-loop to fill `dp` is not executed because `n = -1` and `i <= n` is false from the start.\n   - Calls to `debug(dp);` are executed.\n   - Initialization of `HashSet<Integer> a` and `HashSet<Integer> b` are executed.\n   - The while loop `while (p != 0)` and the for-loop to fill `b` are not executed since `p = sum / 2 = 0`.\n   - The calculation of `int m = a.size() * b.size();` and the subsequent print statements are executed but produce no output since both sets are empty.\n8. **False Branch Execution (if sum were odd)**: \n   - This branch is not executed since the condition evaluated to true.\n9. **Debug Method Execution**: \n   - Calls to the `debug` method are executed whenever encountered in the code.\n10. **End of Run Method and Program Termination**: \n   - The program terminates after completing the execution of the `run()` method.\n\n### Code Coverage Prediction\n\n- Import statements and class/method declarations are always executed.\n- Since the input is -1, the sum calculation and conditional logic are executed. The true branch of the conditional is taken.\n- The false branch and the nested for-loops within both branches are not executed fully as expected due to the input value leading to immediate conditions being false or skipped iterations.\n\n### Predicted Code Coverage\n\n```\n> import java.util.*;\n> public class Main {\n>     void run() {\n>         Scanner sc = new Scanner(System.in);\n>         int n = sc.nextInt();\n>         int sum = n * (n + 1) / 2;\n>         if (sum % 2 == 0) {\n>             int[] dp = new int[sum + 1];\n>             Arrays.fill(dp, 1 << 20);\n>             dp[0] = 0;\n!             for (int i = 1; i <= n; i++) for (int j = sum - i; j >= 0; j--) if (dp[j] >= 0) {\n!                 dp[j + i] = Math.min(dp[j + i], i);\n!             }\n>             debug(dp);\n>             HashSet<Integer> a = new HashSet<>();\n>             HashSet<Integer> b = new HashSet<>();\n>             int p = sum / 2;\n!             while (p != 0) {\n!                 a.add(dp[p]);\n!                 p = p - dp[p];\n!                 debug(p);\n!             }\n!             for (int i = 1; i <= n; i++) if (!a.contains(i)) {\n!                 b.add(i);\n!             }\n>             a.add(1);\n>             int m = a.size() * b.size() - 1;\n>             System.out.println(m);\n!             for (int i: a) for (int j: b) {\n!                 if (i == j) continue;\n!                 System.out.println(i + \" \" + j);\n!             }\n>         } else {\n!             int[] dp = new int[sum + 1];\n!             Arrays.fill(dp, 1 << 20);\n!             dp[0] = 0;\n!             for (int i = 2; i <= n; i++) for (int j = sum - i; j >= 0; j--) if (dp[j] >= 0) {\n!                 dp[j + i] = Math.min(dp[j + i], i);\n!             }\n!             debug(dp);\n!             HashSet<Integer> a = new HashSet<>();\n!             HashSet<Integer> b = new HashSet<>();\n!             int p = sum / 2;\n!             while (p != 0) {\n!                 a.add(dp[p]);\n!                 p = p - dp[p];\n!                 debug(p);\n!             }\n!             for (int i = 1; i <= n; i++) if (!a.contains(i)) {\n!                 b.add(i);\n!             }\n!             a.add(1);\n!             int m = a.size() * b.size() - 1;\n!             System.out.println(m);\n!             for (int i: a) for (int j: b) {\n!                 if (i == j) continue;\n!                 System.out.println(i + \" \" + j);\n!             }\n>         }\n>     }\n>     void debug(Object...os) {\n>         System.err.println(Arrays.deepToString(os));\n>     }\n>     public static void main(String[] args) {\n>         new Main().run();\n>     }\n> }\n```\n\nThis coverage indicates that many parts of the program related to computations and iterations are skipped due to the input leading to an immediate and simple execution path.",
      "test_seed_coverage": [
        ">",
        ">",
        ">",
        ">",
        ">",
        ">",
        ">",
        ">",
        ">",
        ">",
        ">",
        ">",
        ">",
        ">",
        ">",
        ">",
        ">",
        ">",
        ">",
        ">",
        ">",
        ">",
        ">",
        ">",
        ">",
        ">",
        ">",
        ">",
        ">",
        ">",
        ">",
        ">",
        ">",
        ">",
        ">",
        ">",
        ">",
        ">",
        ">",
        ">",
        ">",
        ">",
        ">",
        ">",
        ">",
        ">",
        ">",
        ">",
        ">",
        ">",
        ">",
        ">",
        ">",
        ">",
        ">",
        ">",
        ">",
        ">",
        ">",
        ">",
        ">",
        ">",
        ">",
        ">",
        ">",
        ">",
        ">"
      ],
      "cumulative_coverage": [
        ">",
        ">",
        ">",
        ">",
        ">",
        ">",
        ">",
        ">",
        ">",
        ">",
        ">",
        ">",
        ">",
        ">",
        ">",
        ">",
        ">",
        ">",
        ">",
        ">",
        ">",
        ">",
        ">",
        ">",
        ">",
        ">",
        ">",
        ">",
        ">",
        ">",
        ">",
        ">",
        ">",
        ">",
        ">",
        ">",
        ">",
        ">",
        ">",
        ">",
        ">",
        ">",
        ">",
        ">",
        ">",
        ">",
        ">",
        ">",
        ">",
        ">",
        ">",
        ">",
        ">",
        ">",
        ">",
        ">",
        ">",
        ">",
        ">",
        ">",
        ">",
        ">",
        ">",
        ">",
        ">",
        ">",
        ">"
      ],
      "execution_output": "0",
      "cerberus_output": "",
      "execution_result": "",
      "test_case_id": "7"
    }
  ]
}