{
  "submission_id": "s703686010",
  "cycles": [
    {
      "test_case": [
        "Test Case Input:\n10\n2\n3"
      ],
      "test_mutations": [
        "Test Case Input:\n10\n2\n3"
      ],
      "initial_code": "import java.util.*;\npublic class Main{\n\tpublic static void main(String[] args){\n\t\tScanner scan = new Scanner(System.in);\n\t\tint N = Integer.parseInt(scan.next());\n\t\tint b = Integer.parseInt(scan.next());\n\t\tint r = Integer.parseInt(scan.next());\n\t\tif (b == 0) {\n\t\t\tSystem.out.println(0);\n\t\t}else{\n\t\t\tint shou = N / (b+ r);\n\t\t\tint amari = N % (b+ r);\n\t\t\tSystem.out.println(shou * b + amari);\n\t\t}\n\t}\n}",
      "covered_code": "Given the test case input `10 2 3`, let's develop a plan for step by step execution of the Java program to predict the code coverage:\n\n1. **Import statements:** The statement `import java.util.*;` will be covered as it is always executed to import necessary packages.\n2. **Main Class Declaration:** The declaration of the `public class Main {` is always executed.\n3. **Main Method Declaration:** The declaration of the `public static void main(String[] args) {` is always executed as it is the entry point of the program.\n4. **User Input:** The statements for reading inputs using `Scanner` are always executed. Thus, `Scanner scan = new Scanner(System.in);`, `int N = Integer.parseInt(scan.next());`, `int b = Integer.parseInt(scan.next());`, and `int r = Integer.parseInt(scan.next());` are covered.\n5. **If-Else Condition:** Since `b` is not 0 (`b = 2`), the if condition `if (b == 0) {` is not satisfied, so the statement inside it `System.out.println(0);` is not executed.\n6. **Else Block:** The else block is executed because `b` is not 0. The statements inside the else block, including the calculation of `shou` and `amari`, and the print statement, are all executed.\n7. **Closing Brackets:** Closing brackets of methods and classes are always considered covered as they signify the end of a block of code.\n\nBased on this step-by-step plan, the code coverage for the provided Java program is as follows:\n\n```java\n> import java.util.*;\n> public class Main{\n> \tpublic static void main(String[] args){\n> \t\tScanner scan = new Scanner(System.in);\n> \t\tint N = Integer.parseInt(scan.next());\n> \t\tint b = Integer.parseInt(scan.next());\n> \t\tint r = Integer.parseInt(scan.next());\n! \t\tif (b == 0) {\n! \t\t\tSystem.out.println(0);\n> \t\t}else{\n> \t\t\tint shou = N / (b+ r);\n> \t\t\tint amari = N % (b+ r);\n> \t\t\tSystem.out.println(shou * b + amari);\n> \t\t}\n> \t}\n> }\n```\n\nOUTPUT: \nThe program will successfully execute and print the result based on the formula given in the else block, considering the input `10 2 3`. The exact output value depends on the calculations as per the inputs, which are not part of the code coverage but the execution result.",
      "test_seed_coverage": [
        ">",
        ">",
        ">",
        ">",
        ">",
        ">",
        ">",
        "!",
        "!",
        ">",
        ">",
        ">",
        ">",
        ">",
        ">",
        ">"
      ],
      "cumulative_coverage": [
        ">",
        ">",
        ">",
        ">",
        ">",
        ">",
        ">",
        "!",
        "!",
        ">",
        ">",
        ">",
        ">",
        ">",
        ">",
        ">"
      ],
      "execution_output": "4",
      "cerberus_output": "",
      "execution_result": "",
      "test_case_id": "1"
    },
    {
      "test_case": [
        "Test Case Input:\nabc\n5\n10"
      ],
      "test_mutations": [
        "Test Case Input:\nabc\n5\n10"
      ],
      "initial_code": "import java.util.*;\npublic class Main{\n\tpublic static void main(String[] args){\n\t\tScanner scan = new Scanner(System.in);\n\t\tint N = Integer.parseInt(scan.next());\n\t\tint b = Integer.parseInt(scan.next());\n\t\tint r = Integer.parseInt(scan.next());\n\t\tif (b == 0) {\n\t\t\tSystem.out.println(0);\n\t\t}else{\n\t\t\tint shou = N / (b+ r);\n\t\t\tint amari = N % (b+ r);\n\t\t\tSystem.out.println(shou * b + amari);\n\t\t}\n\t}\n}",
      "covered_code": "Given the test case input \"abc\\n5\\n10\", let's develop a plan for step by step execution of the Java program and predict the code coverage.\n\n1. Import statements: Import statements are always executed. Statement \"import java.util.*;\" will be covered.\n\n2. Main Class Declaration: always executed. Statement \"public class Main{\" is covered.\n\n3. Main method declaration: always executed. Statement \"public static void main(String[] args){\" is covered.\n\n4. User Input and Program Output: The first user input is a string \"abc\", which will cause `Integer.parseInt(scan.next())` to throw a `NumberFormatException` because \"abc\" cannot be parsed as an integer. This means that the statements after the first `Integer.parseInt(scan.next())` will not be executed due to the exception.\n\n5. If-Else condition: Since the program will raise an exception before reaching this point, the if-else block will not be executed.\n\n6. Closing Brackets: always covered.\n\nBased on this reasoning, the code coverage for the given Java program based on its test case and the step-by-step execution plan is:\n\n> import java.util.*;\n> public class Main{\n>     public static void main(String[] args){\n!         Scanner scan = new Scanner(System.in);\n!         int N = Integer.parseInt(scan.next());\n!         int b = Integer.parseInt(scan.next());\n!         int r = Integer.parseInt(scan.next());\n!         if (b == 0) {\n!             System.out.println(0);\n!         }else{\n!             int shou = N / (b+ r);\n!             int amari = N % (b+ r);\n!             System.out.println(shou * b + amari);\n!         }\n>     }\n> }\n\nOUTPUT:\nError: RuntimeException = NumberFormatException\n\nThis plan and prediction indicate that the program does not proceed beyond the attempt to parse the first non-integer input \"abc\", resulting in a runtime exception before any conditional logic or arithmetic operations are performed.",
      "test_seed_coverage": [
        ">",
        ">",
        ">",
        ">",
        ">",
        ">",
        ">",
        "!",
        "!",
        ">",
        ">",
        ">",
        ">",
        ">",
        ">",
        ">"
      ],
      "cumulative_coverage": [
        ">",
        ">",
        ">",
        ">",
        ">",
        ">",
        ">",
        "!",
        "!",
        ">",
        ">",
        ">",
        ">",
        ">",
        ">",
        ">"
      ],
      "execution_error": "Exception in thread \"main\" java.lang.NumberFormatException: For input string: \"abc\"\n\tat java.base/java.lang.NumberFormatException.forInputString(NumberFormatException.java:67)\n\tat java.base/java.lang.Integer.parseInt(Integer.java:662)\n\tat java.base/java.lang.Integer.parseInt(Integer.java:778)\n\tat Main.main(Main.java:5)",
      "cerberus_output": "RuntimeException, NumberFormatException",
      "execution_result": "NumberFormatException",
      "test_case_id": "2"
    },
    {
      "test_case": [
        "Test Case Input:\n5\n0\n2"
      ],
      "test_mutations": [
        "Test Case Input:\n5\n0\n2"
      ],
      "initial_code": "import java.util.*;\npublic class Main{\n\tpublic static void main(String[] args){\n\t\tScanner scan = new Scanner(System.in);\n\t\tint N = Integer.parseInt(scan.next());\n\t\tint b = Integer.parseInt(scan.next());\n\t\tint r = Integer.parseInt(scan.next());\n\t\tif (b == 0) {\n\t\t\tSystem.out.println(0);\n\t\t}else{\n\t\t\tint shou = N / (b+ r);\n\t\t\tint amari = N % (b+ r);\n\t\t\tSystem.out.println(shou * b + amari);\n\t\t}\n\t}\n}",
      "covered_code": "Based on the given test case input (`5 0 2`) for the Java program, let's develop a plan of step by step execution to predict the code coverage:\n\n1. **Import statements**: Always executed. The statement `import java.util.*;` will be covered.\n\n2. **Main Class Declaration**: Always executed. The declaration `public class Main{` is covered.\n\n3. **Main Method Declaration**: Always executed. The declaration `public static void main(String[] args){` is covered.\n\n4. **User Input**: Always executed. Statements `Scanner scan = new Scanner(System.in);`, `int N = Integer.parseInt(scan.next());`, `int b = Integer.parseInt(scan.next());`, and `int r = Integer.parseInt(scan.next());` are covered.\n\n5. **If-Else Condition**: Since `b == 0` is true (as `b` is `0`), the `if` branch will be executed, and the `else` branch will not. Thus, `System.out.println(0);` will be covered, and the code inside the `else` branch will not be executed.\n\n6. **Conclusion**: No exceptions are raised, and execution proceeds as planned based on the given input.\n\nFinal Code Coverage:\n\n```\n> import java.util.*;\n> public class Main{\n>   public static void main(String[] args){\n>       Scanner scan = new Scanner(System.in);\n>       int N = Integer.parseInt(scan.next());\n>       int b = Integer.parseInt(scan.next());\n>       int r = Integer.parseInt(scan.next());\n>       if (b == 0) {\n>           System.out.println(0);\n!       }else{\n!           int shou = N / (b+ r);\n!           int amari = N % (b+ r);\n!           System.out.println(shou * b + amari);\n        }\n    }\n}\n```\n\nGiven the test case input `5 0 2`, the `if` condition is satisfied because `b` is `0`, and hence the else block is not executed, leading to the not covered (`!`) marks for the statements inside the `else` block.",
      "test_seed_coverage": [
        ">",
        ">",
        ">",
        ">",
        ">",
        ">",
        ">",
        ">",
        ">",
        ">",
        ">",
        ">",
        ">",
        ">",
        ">",
        ">"
      ],
      "cumulative_coverage": [
        ">",
        ">",
        ">",
        ">",
        ">",
        ">",
        ">",
        ">",
        ">",
        ">",
        ">",
        ">",
        ">",
        ">",
        ">",
        ">"
      ],
      "execution_output": "0",
      "cerberus_output": "",
      "execution_result": "",
      "test_case_id": "3"
    },
    {
      "test_case": [
        "Test Case Input:\n0\n5\n3"
      ],
      "test_mutations": [
        "Test Case Input:\n0\n5\n3"
      ],
      "initial_code": "import java.util.*;\npublic class Main{\n\tpublic static void main(String[] args){\n\t\tScanner scan = new Scanner(System.in);\n\t\tint N = Integer.parseInt(scan.next());\n\t\tint b = Integer.parseInt(scan.next());\n\t\tint r = Integer.parseInt(scan.next());\n\t\tif (b == 0) {\n\t\t\tSystem.out.println(0);\n\t\t}else{\n\t\t\tint shou = N / (b+ r);\n\t\t\tint amari = N % (b+ r);\n\t\t\tSystem.out.println(shou * b + amari);\n\t\t}\n\t}\n}",
      "covered_code": "For the given Java program and the test case input \"0 5 3\", let's develop a plan for step by step execution and predict the code coverage:\n\n1. **Import statements**: The import statement for `java.util.*` is always executed.\n    > `import java.util.*;`\n\n2. **Class Declaration**: The class declaration `public class Main{` is always executed.\n    > `public class Main{`\n\n3. **Main method declaration**: The declaration of the main method `public static void main(String[] args){` is always executed.\n    > `public static void main(String[] args){`\n\n4. **Variable Initialization from User Input**: The statements initializing variables `N`, `b`, and `r` from user input are always executed since they are essential for the program's logic to proceed.\n    > `Scanner scan = new Scanner(System.in);`\n    > `int N = Integer.parseInt(scan.next());`\n    > `int b = Integer.parseInt(scan.next());`\n    > `int r = Integer.parseInt(scan.next());`\n\n5. **If-Else Condition**: The condition checks if `b` is equal to 0. Given the inputs (`0 5 3`), the value of `b` is `5`, thus the condition `if (b == 0)` is not satisfied, and we move to the else block.\n    > `if (b == 0) {`\n    ! `System.out.println(0);`\n    > `}else{`\n\n6. **Else Block Execution**: Within the else block, the calculation of `shou` (quotient) and `amari` (remainder) is executed, followed by the print statement that outputs the result of the given formula.\n    > `int shou = N / (b+ r);`\n    > `int amari = N % (b+ r);`\n    > `System.out.println(shou * b + amari);`\n\n7. **Closing Brackets and End of Program**: The closing brackets of the else block, main method, and class declaration are considered as part of the structure and not executable code in terms of coverage.\n    > `}` (for the else block)\n    > `}` (for the main method)\n    > `}` (for the class)\n\nBased on the above plan and the provided test case input, here's the predicted code coverage:\n\n```java\n> import java.util.*;\n> public class Main{\n>     public static void main(String[] args){\n>         Scanner scan = new Scanner(System.in);\n>         int N = Integer.parseInt(scan.next());\n>         int b = Integer.parseInt(scan.next());\n>         int r = Integer.parseInt(scan.next());\n>         if (b == 0) {\n!             System.out.println(0);\n>         }else{\n>             int shou = N / (b+ r);\n>             int amari = N % (b+ r);\n>             System.out.println(shou * b + amari);\n>         }\n>     }\n> }\n```\n\n**OUTPUT**: Based on the input, the output will be the result of the calculation in the else block. There are no runtime exceptions in this case.",
      "test_seed_coverage": [
        ">",
        ">",
        ">",
        ">",
        ">",
        ">",
        ">",
        ">",
        ">",
        ">",
        ">",
        ">",
        ">",
        ">",
        ">",
        ">",
        ">",
        ">",
        ">",
        ">",
        ">",
        ">",
        ">",
        ">",
        "!",
        ">",
        ">",
        ">",
        ">",
        ">",
        ">",
        ">"
      ],
      "cumulative_coverage": [
        ">",
        ">",
        ">",
        ">",
        ">",
        ">",
        ">",
        ">",
        ">",
        ">",
        ">",
        ">",
        ">",
        ">",
        ">",
        ">",
        ">",
        ">",
        ">",
        ">",
        ">",
        ">",
        ">",
        ">",
        "!",
        ">",
        ">",
        ">",
        ">",
        ">",
        ">",
        ">"
      ],
      "execution_output": "0",
      "cerberus_output": "",
      "execution_result": "",
      "test_case_id": "4"
    },
    {
      "test_case": [
        "Test Case Input:\na\n1\n1"
      ],
      "test_mutations": [
        "Test Case Input:\na\n1\n1"
      ],
      "initial_code": "import java.util.*;\npublic class Main{\n\tpublic static void main(String[] args){\n\t\tScanner scan = new Scanner(System.in);\n\t\tint N = Integer.parseInt(scan.next());\n\t\tint b = Integer.parseInt(scan.next());\n\t\tint r = Integer.parseInt(scan.next());\n\t\tif (b == 0) {\n\t\t\tSystem.out.println(0);\n\t\t}else{\n\t\t\tint shou = N / (b+ r);\n\t\t\tint amari = N % (b+ r);\n\t\t\tSystem.out.println(shou * b + amari);\n\t\t}\n\t}\n}",
      "covered_code": "Given the test case input `a\\n1\\n1`, let's develop a plan for step by step execution of the given Java program and predict its code coverage.\n\n1. **Import Statements**: Always executed. Statement `import java.util.*;` will be covered.\n    - `> import java.util.*;`\n\n2. **Class Declaration**: Always executed. Statement `public class Main{` is covered.\n    - `> public class Main{`\n\n3. **Main Method Declaration**: Always executed. Statement `public static void main(String[] args){` is covered.\n    - `> public static void main(String[] args){`\n\n4. **Scanner and User Input**: Always executed. Statements `Scanner scan = new Scanner(System.in);`, `int N = Integer.parseInt(scan.next());`, `int b = Integer.parseInt(scan.next());`, and `int r = Integer.parseInt(scan.next());` are covered. However, since the first input is `a`, which cannot be parsed as an integer, an `InputMismatchException` will be thrown at the first parsing attempt.\n    - `> Scanner scan = new Scanner(System.in);`\n    - `> int N = Integer.parseInt(scan.next());` (This line will throw an exception because of the invalid input `a`.)\n\n5. **If-Else Statement**: Since an exception is thrown before reaching this point, neither the `if` nor the `else` statement will be executed.\n    - `! if (b == 0) {`\n    - `! System.out.println(0);`\n    - `! }else{`\n    - `! int shou = N / (b+ r);`\n    - `! int amari = N % (b+ r);`\n    - `! System.out.println(shou * b + amari);`\n    - `! }`\n\n6. **Closing Brackets**: Always executed.\n    - `> }`\n\n**Final Code Coverage** based on the given test case and the step-by-step reasoning for execution is:\n\n```\n> import java.util.*;\n> public class Main{\n>     public static void main(String[] args){\n>         Scanner scan = new Scanner(System.in);\n>         int N = Integer.parseInt(scan.next()); // This line throws InputMismatchException due to invalid input 'a'.\n!         int b = Integer.parseInt(scan.next());\n!         int r = Integer.parseInt(scan.next());\n!         if (b == 0) {\n!             System.out.println(0);\n!         }else{\n!             int shou = N / (b+ r);\n!             int amari = N % (b+ r);\n!             System.out.println(shou * b + amari);\n!         }\n>     }\n> }\n```\n\n**Output**: \nError: `InputMismatchException` due to attempting to parse the non-integer input `a`.",
      "test_seed_coverage": [
        ">",
        ">",
        ">",
        ">",
        ">",
        ">",
        ">",
        ">",
        ">",
        ">",
        ">",
        ">",
        ">",
        ">",
        ">",
        ">"
      ],
      "cumulative_coverage": [
        ">",
        ">",
        ">",
        ">",
        ">",
        ">",
        ">",
        ">",
        ">",
        ">",
        ">",
        ">",
        ">",
        ">",
        ">",
        ">"
      ],
      "execution_error": "Exception in thread \"main\" java.lang.NumberFormatException: For input string: \"a\"\n\tat java.base/java.lang.NumberFormatException.forInputString(NumberFormatException.java:67)\n\tat java.base/java.lang.Integer.parseInt(Integer.java:662)\n\tat java.base/java.lang.Integer.parseInt(Integer.java:778)\n\tat Main.main(Main.java:5)",
      "cerberus_output": "InputMismatchException",
      "execution_result": "NumberFormatException",
      "test_case_id": "5"
    },
    {
      "test_case": [
        "Test Case Input:\n10\n0\n5"
      ],
      "test_mutations": [
        "Test Case Input:\n10\n0\n5"
      ],
      "initial_code": "import java.util.*;\npublic class Main{\n\tpublic static void main(String[] args){\n\t\tScanner scan = new Scanner(System.in);\n\t\tint N = Integer.parseInt(scan.next());\n\t\tint b = Integer.parseInt(scan.next());\n\t\tint r = Integer.parseInt(scan.next());\n\t\tif (b == 0) {\n\t\t\tSystem.out.println(0);\n\t\t}else{\n\t\t\tint shou = N / (b+ r);\n\t\t\tint amari = N % (b+ r);\n\t\t\tSystem.out.println(shou * b + amari);\n\t\t}\n\t}\n}",
      "covered_code": "Given the provided test case input `10 0 5` and the Java program, let's develop a step-by-step plan to execute the code snippet and predict its code coverage.\n\n1. **Import Statements**:\n    - The import statement `import java.util.*;` is always executed.\n    - Coverage: `> import java.util.*;`\n\n2. **Class Declaration**:\n    - The class declaration `public class Main{` is always executed as part of the class loading.\n    - Coverage: `> public class Main{`\n\n3. **Main Method Declaration**:\n    - The main method declaration `public static void main(String[] args){` is always executed.\n    - Coverage: `> public static void main(String[] args){`\n\n4. **Scanner and Input Parsing**:\n    - The scanner instantiation and input parsing lines are always executed.\n    - Coverage:\n        - `> Scanner scan = new Scanner(System.in);`\n        - `> int N = Integer.parseInt(scan.next());`\n        - `> int b = Integer.parseInt(scan.next());`\n        - `> int r = Integer.parseInt(scan.next());`\n\n5. **If-Else Condition**:\n    - Given the test case input `10 0 5`, `b` is `0`. Thus, the if condition `if (b == 0)` is true.\n    - Coverage:\n        - `> if (b == 0) {`\n        - `> System.out.println(0);`\n        - `! }else{`\n        - `! int shou = N / (b+ r);`\n        - `! int amari = N % (b+ r);`\n        - `! System.out.println(shou * b + amari);`\n\n6. **Closing Brackets**:\n    - Closing brackets are part of the syntax and don't represent executable statements; however, they mark the end of blocks, so their logical conclusion is always reached.\n    - Coverage: `> }`\n\nBased on the step-by-step execution plan, here is the final code coverage prediction:\n\n```java\n> import java.util.*;\n> public class Main{\n>    public static void main(String[] args){\n>        Scanner scan = new Scanner(System.in);\n>        int N = Integer.parseInt(scan.next());\n>        int b = Integer.parseInt(scan.next());\n>        int r = Integer.parseInt(scan.next());\n>        if (b == 0) {\n>            System.out.println(0);\n!        }else{\n!            int shou = N / (b+ r);\n!            int amari = N % (b+ r);\n!            System.out.println(shou * b + amari);\n>        }\n>    }\n> }\n```\n\n**OUTPUT**:\nThe program will output `0` based on the test case input `10 0 5` because `b` is `0` and thus meets the condition for printing `0`.",
      "test_seed_coverage": [
        ">",
        ">",
        ">",
        ">",
        ">",
        ">",
        ">",
        ">",
        ">",
        ">",
        ">",
        ">",
        ">",
        ">",
        ">",
        ">"
      ],
      "cumulative_coverage": [
        ">",
        ">",
        ">",
        ">",
        ">",
        ">",
        ">",
        ">",
        ">",
        ">",
        ">",
        ">",
        ">",
        ">",
        ">",
        ">"
      ],
      "execution_output": "0",
      "cerberus_output": "",
      "execution_result": "",
      "test_case_id": "6"
    },
    {
      "test_case": [
        "Test Case Input:\na\n3\n2"
      ],
      "test_mutations": [
        "Test Case Input:\na\n3\n2"
      ],
      "initial_code": "import java.util.*;\npublic class Main{\n\tpublic static void main(String[] args){\n\t\tScanner scan = new Scanner(System.in);\n\t\tint N = Integer.parseInt(scan.next());\n\t\tint b = Integer.parseInt(scan.next());\n\t\tint r = Integer.parseInt(scan.next());\n\t\tif (b == 0) {\n\t\t\tSystem.out.println(0);\n\t\t}else{\n\t\t\tint shou = N / (b+ r);\n\t\t\tint amari = N % (b+ r);\n\t\t\tSystem.out.println(shou * b + amari);\n\t\t}\n\t}\n}",
      "covered_code": "Based on the provided test case input and the Java program, here's the plan for step by step execution and the predicted code coverage:\n\n1. **Import statements**: \n   - `import java.util.*;` will be executed as it is necessary for the program to run.\n\n2. **Class Declaration**: \n   - `public class Main{` is always executed.\n\n3. **Main method declaration**: \n   - `public static void main(String[] args){` is always executed.\n\n4. **User Input**: \n   - The statements to read inputs `N`, `b`, `r` using `Scanner` class are always executed since they are part of the program flow and necessary for the program to perform its operations.\n   \n5. **`if` Condition**:\n   - Since the variable `b` is not `0` (as per the test case input `a 3 2`, where `a` causes an exception during parsing), the `if` condition `if (b == 0)` is evaluated but not satisfied.\n\n6. **`else` Block Execution**:\n   - The `else` block is executed because `b` is not `0`.\n   - Within the `else` block, calculations for `shou` and `amari` are performed, and the result is printed.\n\n7. **Runtime Exception**:\n   - A `NumberFormatException` is expected at the line `int N = Integer.parseInt(scan.next());` because the input `a` cannot be parsed as an integer.\n\nGiven the plan and the test case input, the predicted code coverage and exception:\n\n```\n> import java.util.*;\n> public class Main{\n> \tpublic static void main(String[] args){\n> \t\tScanner scan = new Scanner(System.in);\n! \t\tint N = Integer.parseInt(scan.next());\n> \t\tint b = Integer.parseInt(scan.next());\n> \t\tint r = Integer.parseInt(scan.next());\n> \t\tif (b == 0) {\n! \t\t\tSystem.out.println(0);\n> \t\t}else{\n> \t\t\tint shou = N / (b+ r);\n> \t\t\tint amari = N % (b+ r);\n> \t\t\tSystem.out.println(shou * b + amari);\n> \t\t}\n> \t}\n> }\n```\n**OUTPUT**:\n```\nError: NumberFormatException = For input string: \"a\"\n```\nThis output indicates that the program tried to execute until it encountered a `NumberFormatException` due to the inability to parse the string \"a\" as an integer. This exception prevents the execution of any code that follows the point of exception, thus not reaching the logic dealing with division and remainder calculations.",
      "test_seed_coverage": [
        ">",
        ">",
        ">",
        ">",
        ">",
        ">",
        ">",
        ">",
        ">",
        ">",
        ">",
        ">",
        ">",
        ">",
        ">",
        ">"
      ],
      "cumulative_coverage": [
        ">",
        ">",
        ">",
        ">",
        ">",
        ">",
        ">",
        ">",
        ">",
        ">",
        ">",
        ">",
        ">",
        ">",
        ">",
        ">"
      ],
      "execution_error": "Exception in thread \"main\" java.lang.NumberFormatException: For input string: \"a\"\n\tat java.base/java.lang.NumberFormatException.forInputString(NumberFormatException.java:67)\n\tat java.base/java.lang.Integer.parseInt(Integer.java:662)\n\tat java.base/java.lang.Integer.parseInt(Integer.java:778)\n\tat Main.main(Main.java:5)",
      "cerberus_output": "NumberFormatException",
      "execution_result": "NumberFormatException",
      "test_case_id": "7"
    },
    {
      "test_case": [
        "Test Case Input:\n\"10\" \"0\" \"5\""
      ],
      "test_mutations": [
        "Test Case Input:\n\"10\" \"0\" \"5\""
      ],
      "initial_code": "import java.util.*;\npublic class Main{\n\tpublic static void main(String[] args){\n\t\tScanner scan = new Scanner(System.in);\n\t\tint N = Integer.parseInt(scan.next());\n\t\tint b = Integer.parseInt(scan.next());\n\t\tint r = Integer.parseInt(scan.next());\n\t\tif (b == 0) {\n\t\t\tSystem.out.println(0);\n\t\t}else{\n\t\t\tint shou = N / (b+ r);\n\t\t\tint amari = N % (b+ r);\n\t\t\tSystem.out.println(shou * b + amari);\n\t\t}\n\t}\n}",
      "covered_code": "Given the test case input of \"10\" \"0\" \"5\", let's develop a plan step by step to predict the code coverage for the provided Java program:\n\n1. **Import statements**: Import statements are always executed. The statement `import java.util.*;` will be covered.\n    > `import java.util.*;`\n\n2. **Class Declaration**: The class declaration is always executed. The statement `public class Main{` is covered.\n    > `public class Main{`\n\n3. **Main method declaration**: The main method declaration is always executed. The statement `public static void main(String[] args){` is covered.\n    > `public static void main(String[] args){`\n\n4. **User Input and Variables Initialization**: The statements for scanning input are always executed since they are at the beginning of the main method. The statements to read `N`, `b`, and `r` will be covered.\n    > `Scanner scan = new Scanner(System.in);`\n    > `int N = Integer.parseInt(scan.next());`\n    > `int b = Integer.parseInt(scan.next());`\n    > `int r = Integer.parseInt(scan.next());`\n\n5. **Conditional Check on b**: The condition `if (b == 0)` will be true because `b` is 0 as per the test case input. Thus, the `if` block will be executed, but the `else` block will not.\n    > `if (b == 0) {`\n    > `System.out.println(0);`\n    ! `}else{`\n    ! `int shou = N / (b+ r);`\n    ! `int amari = N % (b+ r);`\n    ! `System.out.println(shou * b + amari);`\n\nNow, based on the steps and logic provided above, the code coverage output for this Java program, considering the provided test case inputs, will look like this:\n\n```\n> import java.util.*;\n> public class Main{\n> \tpublic static void main(String[] args){\n> \t\tScanner scan = new Scanner(System.in);\n> \t\tint N = Integer.parseInt(scan.next());\n> \t\tint b = Integer.parseInt(scan.next());\n> \t\tint r = Integer.parseInt(scan.next());\n> \t\tif (b == 0) {\n> \t\t\tSystem.out.println(0);\n! \t\t}else{\n! \t\t\tint shou = N / (b+ r);\n! \t\t\tint amari = N % (b+ r);\n! \t\t\tSystem.out.println(shou * b + amari);\n> \t\t}\n> \t}\n> }\n```\n\nSince the `else` block is never executed due to the condition `if (b == 0)` being true (where `b` is 0), the statements inside the `else` block are not covered.",
      "test_seed_coverage": [
        ">",
        ">",
        ">",
        ">",
        ">",
        ">",
        ">",
        ">",
        ">",
        ">",
        ">",
        ">",
        ">",
        ">",
        ">",
        ">",
        ">",
        ">",
        ">",
        ">",
        ">",
        ">",
        "!",
        "!",
        "!",
        "!",
        ">",
        ">",
        ">"
      ],
      "cumulative_coverage": [
        ">",
        ">",
        ">",
        ">",
        ">",
        ">",
        ">",
        ">",
        ">",
        ">",
        ">",
        ">",
        ">",
        ">",
        ">",
        ">",
        ">",
        ">",
        ">",
        ">",
        ">",
        ">",
        "!",
        "!",
        "!",
        "!",
        ">",
        ">",
        ">"
      ],
      "execution_error": "Exception in thread \"main\" java.lang.NumberFormatException: For input string: \"\"10\"\"\n\tat java.base/java.lang.NumberFormatException.forInputString(NumberFormatException.java:67)\n\tat java.base/java.lang.Integer.parseInt(Integer.java:648)\n\tat java.base/java.lang.Integer.parseInt(Integer.java:778)\n\tat Main.main(Main.java:5)",
      "cerberus_output": "",
      "execution_result": "NumberFormatException",
      "test_case_id": "8"
    },
    {
      "test_case": [
        "Test Case Input:\n0\n0\n0"
      ],
      "test_mutations": [
        "Test Case Input:\n0\n0\n0"
      ],
      "initial_code": "import java.util.*;\npublic class Main{\n\tpublic static void main(String[] args){\n\t\tScanner scan = new Scanner(System.in);\n\t\tint N = Integer.parseInt(scan.next());\n\t\tint b = Integer.parseInt(scan.next());\n\t\tint r = Integer.parseInt(scan.next());\n\t\tif (b == 0) {\n\t\t\tSystem.out.println(0);\n\t\t}else{\n\t\t\tint shou = N / (b+ r);\n\t\t\tint amari = N % (b+ r);\n\t\t\tSystem.out.println(shou * b + amari);\n\t\t}\n\t}\n}",
      "covered_code": "For the given code snippet and test case input `0 0 0`, we will develop a plan for step-by-step execution to predict the code coverage:\n\n1. **Import Statements**: Always executed. Statement \"import java.util.*;\" will be covered.\n2. **Class Declaration**: Always executed. Statement \"public class Main{\" is covered.\n3. **Main Method Declaration**: Always executed. Statement \"public static void main(String[] args){\" is covered.\n4. **Scanner and Variable Initialization**: Always executed. Statements \"Scanner scan = new Scanner(System.in);\", \"int N = Integer.parseInt(scan.next());\", \"int b = Integer.parseInt(scan.next());\", \"int r = Integer.parseInt(scan.next());\" are covered as these are essential for the input processing.\n5. **If-Else Condition**: The condition `b == 0` will be true since the value of `b` is `0`. Therefore, the if block will be executed. Statements inside this block \"System.out.println(0);\" will be covered.\n6. **Else Block**: Since the if condition is satisfied and executed, the else block will not be executed. Statements inside the else block, including \"int shou = N / (b+ r);\", \"int amari = N % (b+ r);\", and \"System.out.println(shou * b + amari);\" will not be covered.\n7. **Closing Brackets**: Always covered.\n8. **Scanner Close**: The code snippet provided does not explicitly close the scanner, so there's no statement for \"scan.close();\" to be considered in the coverage.\n\nBased on the above plan, the predicted code coverage is:\n\n> import java.util.*;\n\n> public class Main{\n\n>     public static void main(String[] args){\n\n>         Scanner scan = new Scanner(System.in);\n\n>         int N = Integer.parseInt(scan.next());\n\n>         int b = Integer.parseInt(scan.next());\n\n>         int r = Integer.parseInt(scan.next());\n\n>         if (b == 0) {\n\n>             System.out.println(0);\n\n!         } else {\n\n!             int shou = N / (b+ r);\n\n!             int amari = N % (b+ r);\n\n!             System.out.println(shou * b + amari);\n\n>         }\n\n>     }\n\n> }",
      "test_seed_coverage": [
        ">",
        ">",
        ">",
        ">",
        ">",
        ">",
        ">",
        ">",
        ">",
        ">",
        ">",
        ">",
        ">",
        ">",
        ">",
        ">"
      ],
      "cumulative_coverage": [
        ">",
        ">",
        ">",
        ">",
        ">",
        ">",
        ">",
        ">",
        ">",
        ">",
        ">",
        ">",
        ">",
        ">",
        ">",
        ">"
      ],
      "execution_output": "0",
      "cerberus_output": "",
      "execution_result": "",
      "test_case_id": "9"
    },
    {
      "test_case": [
        "Test Case Input:\n5 0 2"
      ],
      "test_mutations": [
        "Test Case Input:\n5 0 2"
      ],
      "initial_code": "import java.util.*;\npublic class Main{\n\tpublic static void main(String[] args){\n\t\tScanner scan = new Scanner(System.in);\n\t\tint N = Integer.parseInt(scan.next());\n\t\tint b = Integer.parseInt(scan.next());\n\t\tint r = Integer.parseInt(scan.next());\n\t\tif (b == 0) {\n\t\t\tSystem.out.println(0);\n\t\t}else{\n\t\t\tint shou = N / (b+ r);\n\t\t\tint amari = N % (b+ r);\n\t\t\tSystem.out.println(shou * b + amari);\n\t\t}\n\t}\n}",
      "covered_code": "Based on the provided information, here's the step-by-step plan for executing the given Java program with the test case input '5 0 2' and predicting the code coverage:\n\n1. **Import Statements Execution**: The import statement is executed to include the Scanner class.\n   \n   > import java.util.*;\n\n2. **Class Declaration Execution**: The class declaration is always executed.\n   \n   > public class Main{\n\n3. **Main Method Declaration Execution**: The main method declaration is always executed.\n   \n   > public static void main(String[] args){\n\n4. **Variable Initialization**: The Scanner object is created, and the variables N, b, and r are initialized with the input values. Since the input is '5 0 2', N=5, b=0, and r=2. These statements are executed.\n   \n   > Scanner scan = new Scanner(System.in);\n   > int N = Integer.parseInt(scan.next());\n   > int b = Integer.parseInt(scan.next());\n   > int r = Integer.parseInt(scan.next());\n\n5. **If-Else Condition**: Given b=0, the condition b == 0 is true. Therefore, the if block is executed, and the else block is not.\n   \n   > if (b == 0) {\n   >     System.out.println(0);\n   > }\n   ! else{\n   !     int shou = N / (b+ r);\n   !     int amari = N % (b+ r);\n   !     System.out.println(shou * b + amari);\n   ! }\n\n6. **Closing Brackets and End of Program**: The closing brackets for the if-else structure, main method, and class declarations are always considered executed.\n   \nFinal code coverage based on the execution plan and the test case is:\n\n> import java.util.*;\n> public class Main{\n>     public static void main(String[] args){\n>         Scanner scan = new Scanner(System.in);\n>         int N = Integer.parseInt(scan.next());\n>         int b = Integer.parseInt(scan.next());\n>         int r = Integer.parseInt(scan.next());\n>         if (b == 0) {\n>             System.out.println(0);\n>         }\n!         else{\n!             int shou = N / (b+ r);\n!             int amari = N % (b+ r);\n!             System.out.println(shou * b + amari);\n!         }\n>     }\n> }\n\nThis indicates that all the lines related to the initialization, the condition check, and the if block were executed. The else block was not executed because the condition `b == 0` was true.",
      "test_seed_coverage": [
        ">",
        ">",
        ">",
        ">",
        ">",
        ">",
        ">",
        ">",
        ">",
        ">",
        ">",
        ">",
        ">",
        ">",
        ">",
        ">",
        ">",
        ">",
        ">",
        ">",
        ">",
        ">",
        ">",
        ">",
        ">",
        "!",
        "!",
        "!",
        "!",
        "!",
        ">",
        ">"
      ],
      "cumulative_coverage": [
        ">",
        ">",
        ">",
        ">",
        ">",
        ">",
        ">",
        ">",
        ">",
        ">",
        ">",
        ">",
        ">",
        ">",
        ">",
        ">",
        ">",
        ">",
        ">",
        ">",
        ">",
        ">",
        ">",
        ">",
        ">",
        "!",
        "!",
        "!",
        "!",
        "!",
        ">",
        ">"
      ],
      "execution_output": "0",
      "cerberus_output": "",
      "execution_result": "",
      "test_case_id": "10"
    },
    {
      "test_case": [
        "Test Case Input:\nA\n1\n2"
      ],
      "test_mutations": [
        "Test Case Input:\nA\n1\n2"
      ],
      "initial_code": "import java.util.*;\npublic class Main{\n\tpublic static void main(String[] args){\n\t\tScanner scan = new Scanner(System.in);\n\t\tint N = Integer.parseInt(scan.next());\n\t\tint b = Integer.parseInt(scan.next());\n\t\tint r = Integer.parseInt(scan.next());\n\t\tif (b == 0) {\n\t\t\tSystem.out.println(0);\n\t\t}else{\n\t\t\tint shou = N / (b+ r);\n\t\t\tint amari = N % (b+ r);\n\t\t\tSystem.out.println(shou * b + amari);\n\t\t}\n\t}\n}",
      "covered_code": "Given the Java program and the test case input \"A\\n1\\n2\", we will follow a detailed plan for step-by-step execution to predict the code coverage. The input provided will cause an exception when attempting to parse \"A\" as an integer. Thus, our analysis will reflect this.\n\n### Plan for Step by Step Execution:\n1. **Import Statements Execution**: Statement \"import java.util.*;\" will be covered since import statements are always executed.\n2. **Class Declaration**: \"public class Main{\" is covered as the class declaration is always executed.\n3. **Main Method Declaration**: \"public static void main(String[] args){\" is covered as the entry point of the Java program is always executed.\n4. **User Input and Program Output**:\n    - Statement \"Scanner scan = new Scanner(System.in);\" is covered as it initializes the Scanner.\n    - Execution will fail at \"int N = Integer.parseInt(scan.next());\" due to attempting to parse \"A\" as an integer. This raises a `NumberFormatException`. Therefore, lines after this will not be executed.\n5. **If-Else Condition**: Since the execution fails before reaching this point, the if-else condition block is not executed.\n6. **Closing Brackets**: Closing brackets of methods and class are syntactically covered but do not imply code execution beyond the runtime exception point.\n\n### Predicted Code Coverage:\n> import java.util.*;\n> public class Main{\n>     public static void main(String[] args){\n>         Scanner scan = new Scanner(System.in);\n>         int N = Integer.parseInt(scan.next());\n!         int b = Integer.parseInt(scan.next());\n!         int r = Integer.parseInt(scan.next());\n!         if (b == 0) {\n!             System.out.println(0);\n!         }else{\n!             int shou = N / (b+ r);\n!             int amari = N % (b+ r);\n!             System.out.println(shou * b + amari);\n!         }\n>     }\n> }\n\n**OUTPUT**:\nError: NumberFormatException\n\nThis error occurs as the program tries to convert the string \"A\" into an integer, which is not possible. The coverage shows that the program fails early in its execution due to the invalid input format, preventing any further code from being executed.",
      "test_seed_coverage": [
        ">",
        ">",
        ">",
        ">",
        ">",
        ">",
        ">",
        ">",
        ">",
        ">",
        ">",
        ">",
        ">",
        ">",
        ">",
        ">"
      ],
      "cumulative_coverage": [
        ">",
        ">",
        ">",
        ">",
        ">",
        ">",
        ">",
        ">",
        ">",
        ">",
        ">",
        ">",
        ">",
        ">",
        ">",
        ">"
      ],
      "execution_error": "Exception in thread \"main\" java.lang.NumberFormatException: For input string: \"A\"\n\tat java.base/java.lang.NumberFormatException.forInputString(NumberFormatException.java:67)\n\tat java.base/java.lang.Integer.parseInt(Integer.java:662)\n\tat java.base/java.lang.Integer.parseInt(Integer.java:778)\n\tat Main.main(Main.java:5)",
      "cerberus_output": "NumberFormatException",
      "execution_result": "NumberFormatException",
      "test_case_id": "11"
    },
    {
      "test_case": [
        "Test Case Input:\n10\n0\n5"
      ],
      "test_mutations": [
        "Test Case Input:\n10\n0\n5"
      ],
      "initial_code": "import java.util.*;\npublic class Main{\n\tpublic static void main(String[] args){\n\t\tScanner scan = new Scanner(System.in);\n\t\tint N = Integer.parseInt(scan.next());\n\t\tint b = Integer.parseInt(scan.next());\n\t\tint r = Integer.parseInt(scan.next());\n\t\tif (b == 0) {\n\t\t\tSystem.out.println(0);\n\t\t}else{\n\t\t\tint shou = N / (b+ r);\n\t\t\tint amari = N % (b+ r);\n\t\t\tSystem.out.println(shou * b + amari);\n\t\t}\n\t}\n}",
      "covered_code": "Following the provided step-by-step execution plan for the given Java program and the test case input, let's predict the code coverage.\n\nTest Case Input:\n10\n0\n5\n\nJAVA PROGRAM:\n```java\nimport java.util.*;\npublic class Main{\n    public static void main(String[] args){\n        Scanner scan = new Scanner(System.in);\n        int N = Integer.parseInt(scan.next());\n        int b = Integer.parseInt(scan.next());\n        int r = Integer.parseInt(scan.next());\n        if (b == 0) {\n            System.out.println(0);\n        }else{\n            int shou = N / (b+ r);\n            int amari = N % (b+ r);\n            System.out.println(shou * b + amari);\n        }\n    }\n}\n```\n\nPLAN for step by step execution:\n\n1. Import statements: Always executed. Statement \"import java.util.*;\" will be covered.\n> import java.util.*;\n\n2. Class Declaration: Always executed. Statement \"public class Main{\" is covered.\n> public class Main{\n\n3. Main method declaration: Always executed. Statement \"public static void main(String[] args){\" is covered.\n>     public static void main(String[] args){\n\n4. Scanner and User Input: Always executed. Statements \"Scanner scan = new Scanner(System.in);\" and the subsequent input parsing statements \"int N = Integer.parseInt(scan.next());\", \"int b = Integer.parseInt(scan.next());\", and \"int r = Integer.parseInt(scan.next());\" are covered.\n>         Scanner scan = new Scanner(System.in);\n>         int N = Integer.parseInt(scan.next());\n>         int b = Integer.parseInt(scan.next());\n>         int r = Integer.parseInt(scan.next());\n\n5. If-Else condition: Since b is 0 based on the input, the if condition 'b == 0' is satisfied. Hence the statement \"System.out.println(0);\" inside the if block will be covered, and the else block will be skipped.\n>         if (b == 0) {\n>             System.out.println(0);\n!         }else{\n!             int shou = N / (b+ r);\n!             int amari = N % (b+ r);\n!             System.out.println(shou * b + amari);\n>         }\n\n6. Closing brackets and end of program: Always covered.\n> }\n\nFinal code coverage of the Java program based on its test case and given step by step reasoning for execution is:\n```java\n> import java.util.*;\n> public class Main{\n>     public static void main(String[] args){\n>         Scanner scan = new Scanner(System.in);\n>         int N = Integer.parseInt(scan.next());\n>         int b = Integer.parseInt(scan.next());\n>         int r = Integer.parseInt(scan.next());\n>         if (b == 0) {\n>             System.out.println(0);\n!         }else{\n!             int shou = N / (b+ r);\n!             int amari = N % (b+ r);\n!             System.out.println(shou * b + amari);\n>         }\n>     }\n> }\n```\nThere are no exceptions raised in this execution since the input does not lead to any arithmetic or runtime exceptions.",
      "test_seed_coverage": [
        ">",
        ">",
        ">",
        ">",
        ">",
        ">",
        ">",
        ">",
        ">",
        ">",
        ">",
        ">",
        ">",
        ">",
        ">",
        ">",
        ">",
        ">",
        ">",
        ">",
        ">",
        ">",
        ">",
        ">",
        "!",
        "!",
        "!",
        "!",
        ">",
        ">",
        ">"
      ],
      "cumulative_coverage": [
        ">",
        ">",
        ">",
        ">",
        ">",
        ">",
        ">",
        ">",
        ">",
        ">",
        ">",
        ">",
        ">",
        ">",
        ">",
        ">",
        ">",
        ">",
        ">",
        ">",
        ">",
        ">",
        ">",
        ">",
        "!",
        "!",
        "!",
        "!",
        ">",
        ">",
        ">"
      ],
      "execution_output": "0",
      "cerberus_output": "",
      "execution_result": "",
      "test_case_id": "12"
    },
    {
      "test_case": [
        "Test Case Input:\n3\n0\n2"
      ],
      "test_mutations": [
        "Test Case Input:\n3\n0\n2"
      ],
      "initial_code": "import java.util.*;\npublic class Main{\n\tpublic static void main(String[] args){\n\t\tScanner scan = new Scanner(System.in);\n\t\tint N = Integer.parseInt(scan.next());\n\t\tint b = Integer.parseInt(scan.next());\n\t\tint r = Integer.parseInt(scan.next());\n\t\tif (b == 0) {\n\t\t\tSystem.out.println(0);\n\t\t}else{\n\t\t\tint shou = N / (b+ r);\n\t\t\tint amari = N % (b+ r);\n\t\t\tSystem.out.println(shou * b + amari);\n\t\t}\n\t}\n}",
      "covered_code": "For the provided Java program and test case input, let's develop a plan for step by step execution and predict the code coverage:\n\n**Test Case Input:**\n3 (value for `N`)\n0 (value for `b`)\n2 (value for `r`)\n\n**Java Program:**\n```java\nimport java.util.*;\npublic class Main{\n    public static void main(String[] args){\n        Scanner scan = new Scanner(System.in);\n        int N = Integer.parseInt(scan.next());\n        int b = Integer.parseInt(scan.next());\n        int r = Integer.parseInt(scan.next());\n        if (b == 0) {\n            System.out.println(0);\n        }else{\n            int shou = N / (b+ r);\n            int amari = N % (b+ r);\n            System.out.println(shou * b + amari);\n        }\n    }\n}\n```\n\n### Plan for Step by Step Execution:\n\n1. **Import statements:** \n   - `import java.util.*;` is always executed.\n\n2. **Class Declaration:**\n   - `public class Main{` is always executed.\n\n3. **Main Method Declaration:**\n   - `public static void main(String[] args){` is always executed.\n\n4. **Variable Initialization and Reading Input:**\n   - `Scanner scan = new Scanner(System.in);`, `int N = Integer.parseInt(scan.next());`, `int b = Integer.parseInt(scan.next());`, `int r = Integer.parseInt(scan.next());` are executed as they are part of the initial setup and input reading.\n\n5. **If-Else Condition:**\n   - Since `b == 0` evaluates to true for the given inputs, the condition `if (b == 0) {` is executed, and thus, `System.out.println(0);` is also executed.\n   - The else block is skipped because the condition for `if` is true.\n\n### Code Coverage Prediction:\n\n```java\n> import java.util.*;\n> public class Main{\n>     public static void main(String[] args){\n>         Scanner scan = new Scanner(System.in);\n>         int N = Integer.parseInt(scan.next());\n>         int b = Integer.parseInt(scan.next());\n>         int r = Integer.parseInt(scan.next());\n>         if (b == 0) {\n>             System.out.println(0);\n!         }else{\n!             int shou = N / (b+ r);\n!             int amari = N % (b+ r);\n!             System.out.println(shou * b + amari);\n        }\n    }\n}\n```\n\n**Output:**\nSince the `if` condition `b == 0` is true, the program prints `0` and does not execute the `else` block, leading to the predicted code coverage where the lines inside the `else` block are not executed.",
      "test_seed_coverage": [
        ">",
        ">",
        ">",
        ">",
        ">",
        ">",
        ">",
        ">",
        ">",
        ">",
        ">",
        ">",
        ">",
        ">",
        ">",
        ">"
      ],
      "cumulative_coverage": [
        ">",
        ">",
        ">",
        ">",
        ">",
        ">",
        ">",
        ">",
        ">",
        ">",
        ">",
        ">",
        ">",
        ">",
        ">",
        ">"
      ],
      "execution_output": "0",
      "cerberus_output": "",
      "execution_result": "",
      "test_case_id": "13"
    },
    {
      "test_case": [
        "Test Case Input:\n10\n0\n5"
      ],
      "test_mutations": [
        "Test Case Input:\n10\n0\n5"
      ],
      "initial_code": "import java.util.*;\npublic class Main{\n\tpublic static void main(String[] args){\n\t\tScanner scan = new Scanner(System.in);\n\t\tint N = Integer.parseInt(scan.next());\n\t\tint b = Integer.parseInt(scan.next());\n\t\tint r = Integer.parseInt(scan.next());\n\t\tif (b == 0) {\n\t\t\tSystem.out.println(0);\n\t\t}else{\n\t\t\tint shou = N / (b+ r);\n\t\t\tint amari = N % (b+ r);\n\t\t\tSystem.out.println(shou * b + amari);\n\t\t}\n\t}\n}",
      "covered_code": "Given the test case input `10 0 5`, let's develop a plan for step-by-step execution of the provided Java program and predict the code coverage accordingly:\n\n1. **Import statements:** Always executed. Statement `import java.util.*;` will be covered.\n\n2. **Class Declaration:** Always executed. Statement `public class Main{` is covered.\n\n3. **Main method declaration:** Always executed. Statement `public static void main(String[] args){` is covered.\n\n4. **User Input and Program Output:** Always executed. Statements `Scanner scan = new Scanner(System.in);`, `int N = Integer.parseInt(scan.next());`, `int b = Integer.parseInt(scan.next());`, and `int r = Integer.parseInt(scan.next());` are covered since inputs are provided as part of the test case.\n\n5. **If - Else condition:** The test case provides `b = 0`, so the if condition `b == 0` is satisfied. Statements inside the if block will be executed, including `System.out.println(0);`. The else block will not be executed.\n\n6. **Closing Brackets:** Always covered.\n\nBased on the plan, here is the code coverage indication:\n\n> import java.util.*;\n> public class Main{\n>     public static void main(String[] args){\n>         Scanner scan = new Scanner(System.in);\n>         int N = Integer.parseInt(scan.next());\n>         int b = Integer.parseInt(scan.next());\n>         int r = Integer.parseInt(scan.next());\n>         if (b == 0) {\n>             System.out.println(0);\n!         }else{\n!             int shou = N / (b+ r);\n!             int amari = N % (b+ r);\n!             System.out.println(shou * b + amari);\n>         }\n>     }\n> }\n\nThe `if` branch is executed because `b == 0`, making the `else` branch not executed. Thus, any line within the `else` block is marked with `!` indicating it was not executed during this test case.",
      "test_seed_coverage": [
        ">",
        ">",
        ">",
        ">",
        ">",
        ">",
        ">",
        ">",
        ">",
        ">",
        ">",
        ">",
        ">",
        ">",
        ">",
        ">"
      ],
      "cumulative_coverage": [
        ">",
        ">",
        ">",
        ">",
        ">",
        ">",
        ">",
        ">",
        ">",
        ">",
        ">",
        ">",
        ">",
        ">",
        ">",
        ">"
      ],
      "execution_output": "0",
      "cerberus_output": "",
      "execution_result": "",
      "test_case_id": "14"
    },
    {
      "test_case": [
        "Test Case Input:\nabc\n10\n5"
      ],
      "test_mutations": [
        "Test Case Input:\nabc\n10\n5"
      ],
      "initial_code": "import java.util.*;\npublic class Main{\n\tpublic static void main(String[] args){\n\t\tScanner scan = new Scanner(System.in);\n\t\tint N = Integer.parseInt(scan.next());\n\t\tint b = Integer.parseInt(scan.next());\n\t\tint r = Integer.parseInt(scan.next());\n\t\tif (b == 0) {\n\t\t\tSystem.out.println(0);\n\t\t}else{\n\t\t\tint shou = N / (b+ r);\n\t\t\tint amari = N % (b+ r);\n\t\t\tSystem.out.println(shou * b + amari);\n\t\t}\n\t}\n}",
      "covered_code": "Given the Java program and the test case input \"abc\\n10\\n5\", let's develop a plan for step-by-step execution to predict code coverage and identify any possible exceptions.\n\n1. **Import statements**: Always executed. Statement \"import java.util.*;\" will be covered.\n\n2. **Class Declaration**: Always executed. Statement \"public class Main{\" is covered.\n\n3. **Main method declaration**: Always executed. Statement \"public static void main(String[] args){\" is covered.\n\n4. **Scanner object and input parsing**: The scanner object creation is always executed. Statements \"Scanner scan = new Scanner(System.in);\" and attempts to parse inputs with \"Integer.parseInt(scan.next());\" are covered.\n\n5. **Parsing integer from input**: Since the first input is \"abc\", a non-integer, attempting to parse it as an integer with \"Integer.parseInt(scan.next());\" will raise a `NumberFormatException`. This stops further execution after this point.\n\nGiven the plan, the code coverage and outcome would be as follows:\n\n```\n> import java.util.*;\n> public class Main{\n> \tpublic static void main(String[] args){\n> \t\tScanner scan = new Scanner(System.in);\n> \t\tint N = Integer.parseInt(scan.next());\n! \t\tint b = Integer.parseInt(scan.next());\n! \t\tint r = Integer.parseInt(scan.next());\n! \t\tif (b == 0) {\n! \t\t\tSystem.out.println(0);\n! \t\t}else{\n! \t\t\tint shou = N / (b+ r);\n! \t\t\tint amari = N % (b+ r);\n! \t\t\tSystem.out.println(shou * b + amari);\n! \t\t}\n> \t}\n}\n```\n\n**OUTPUT**: \n\nError: `NumberFormatException: For input string: \"abc\"`\n\nThis output indicates that the program execution is halted at the attempt to parse \"abc\" as an integer, leading to a `NumberFormatException`. The statements following the first parse attempt are not executed because of the runtime exception.",
      "test_seed_coverage": [
        ">",
        ">",
        ">",
        ">",
        ">",
        ">",
        ">",
        ">",
        ">",
        ">",
        ">",
        ">",
        ">",
        ">",
        ">",
        ">"
      ],
      "cumulative_coverage": [
        ">",
        ">",
        ">",
        ">",
        ">",
        ">",
        ">",
        ">",
        ">",
        ">",
        ">",
        ">",
        ">",
        ">",
        ">",
        ">"
      ],
      "execution_error": "Exception in thread \"main\" java.lang.NumberFormatException: For input string: \"abc\"\n\tat java.base/java.lang.NumberFormatException.forInputString(NumberFormatException.java:67)\n\tat java.base/java.lang.Integer.parseInt(Integer.java:662)\n\tat java.base/java.lang.Integer.parseInt(Integer.java:778)\n\tat Main.main(Main.java:5)",
      "cerberus_output": "NumberFormatException",
      "execution_result": "NumberFormatException",
      "test_case_id": "15"
    },
    {
      "test_case": [
        "Test Case Input:\n0\n0\n0"
      ],
      "test_mutations": [
        "Test Case Input:\n0\n0\n0"
      ],
      "initial_code": "import java.util.*;\npublic class Main{\n\tpublic static void main(String[] args){\n\t\tScanner scan = new Scanner(System.in);\n\t\tint N = Integer.parseInt(scan.next());\n\t\tint b = Integer.parseInt(scan.next());\n\t\tint r = Integer.parseInt(scan.next());\n\t\tif (b == 0) {\n\t\t\tSystem.out.println(0);\n\t\t}else{\n\t\t\tint shou = N / (b+ r);\n\t\t\tint amari = N % (b+ r);\n\t\t\tSystem.out.println(shou * b + amari);\n\t\t}\n\t}\n}",
      "covered_code": "Given the test case input `0 0 0` for the Java program, let's develop a plan for step by step execution and predict the code coverage accordingly:\n\n1. **Import statements:** Import statements are always executed. Statement `import java.util.*;` will be covered.\n\n2. **Main class declaration:** Always executed. Statement `public class Main{` is covered.\n\n3. **Main method declaration:** Always executed. Statement `public static void main(String[] args){` is covered.\n\n4. **User Input and Program Output:** Always executed. Statements `Scanner scan = new Scanner(System.in);`, `int N = Integer.parseInt(scan.next());`, `int b = Integer.parseInt(scan.next());`, and `int r = Integer.parseInt(scan.next());` are covered.\n\n5. **If-Else condition:** Since `b == 0` is true, the if condition is satisfied. Hence, statements inside the if block `System.out.println(0);` are executed. The else block is not executed.\n\n6. **Closing Braces:** Always covered.\n\nGiven this plan, let's predict the code coverage:\n\n```\n> import java.util.*;\n> public class Main{\n>     public static void main(String[] args){\n>         Scanner scan = new Scanner(System.in);\n>         int N = Integer.parseInt(scan.next());\n>         int b = Integer.parseInt(scan.next());\n>         int r = Integer.parseInt(scan.next());\n>         if (b == 0) {\n>             System.out.println(0);\n!         }else{\n!             int shou = N / (b+ r);\n!             int amari = N % (b+ r);\n!             System.out.println(shou * b + amari);\n>         }\n>     }\n> }\n```\n\n**OUTPUT:**\n```\n0\n```\nThe program executes without any exceptions and prints `0` as output. The if condition was satisfied due to `b` being `0`, so the else block was not executed, which is reflected in the coverage.",
      "test_seed_coverage": [
        ">",
        ">",
        ">",
        ">",
        ">",
        ">",
        ">",
        ">",
        ">",
        ">",
        ">",
        ">",
        ">",
        ">",
        ">",
        ">"
      ],
      "cumulative_coverage": [
        ">",
        ">",
        ">",
        ">",
        ">",
        ">",
        ">",
        ">",
        ">",
        ">",
        ">",
        ">",
        ">",
        ">",
        ">",
        ">"
      ],
      "execution_output": "0",
      "cerberus_output": "",
      "execution_result": "",
      "test_case_id": "16"
    },
    {
      "test_case": [
        "Test Case Input:\nabc\n1\n2"
      ],
      "test_mutations": [
        "Test Case Input:\nabc\n1\n2"
      ],
      "initial_code": "import java.util.*;\npublic class Main{\n\tpublic static void main(String[] args){\n\t\tScanner scan = new Scanner(System.in);\n\t\tint N = Integer.parseInt(scan.next());\n\t\tint b = Integer.parseInt(scan.next());\n\t\tint r = Integer.parseInt(scan.next());\n\t\tif (b == 0) {\n\t\t\tSystem.out.println(0);\n\t\t}else{\n\t\t\tint shou = N / (b+ r);\n\t\t\tint amari = N % (b+ r);\n\t\t\tSystem.out.println(shou * b + amari);\n\t\t}\n\t}\n}",
      "covered_code": "Given the provided test case input, we'll follow the plan to understand the execution flow and determine the code coverage.\n\nTest Case Input:\n```\nabc\n1\n2\n```\n\nGiven Java Program:\n```java\nimport java.util.*;\npublic class Main{\n    public static void main(String[] args){\n        Scanner scan = new Scanner(System.in);\n        int N = Integer.parseInt(scan.next());\n        int b = Integer.parseInt(scan.next());\n        int r = Integer.parseInt(scan.next());\n        if (b == 0) {\n            System.out.println(0);\n        }else{\n            int shou = N / (b+ r);\n            int amari = N % (b+ r);\n            System.out.println(shou * b + amari);\n        }\n    }\n}\n```\n\nPlan for step by step execution:\n1. Import statements: Always executed. Statement \"import java.util.*;\" will be covered.\n2. Main class declaration: Always executed. Statement \"public class Main{\" is covered.\n3. Main method declaration: Always executed. Statement \"public static void main(String[] args){\" is covered.\n4. User Input and Program Output: Always executed. Statements \"Scanner scan = new Scanner(System.in);\" will be executed. However, attempting to parse an integer from the input \"abc\" will result in a `NumberFormatException` before reaching the other statements for parsing 'b' and 'r'.\n5. If-Else condition: Will not be executed because an exception occurs before reaching this point in the code.\n6. Closing brackets: Always considered covered in static analysis.\n\nGiven the execution plan and the test case input, the code coverage and the output would be as follows:\n\n```java\n> import java.util.*;\n> public class Main{\n>     public static void main(String[] args){\n>         Scanner scan = new Scanner(System.in);\n!         int N = Integer.parseInt(scan.next());\n!         int b = Integer.parseInt(scan.next());\n!         int r = Integer.parseInt(scan.next());\n!         if (b == 0) {\n!             System.out.println(0);\n!         }else{\n!             int shou = N / (b+ r);\n!             int amari = N % (b+ r);\n!             System.out.println(shou * b + amari);\n!         }\n>     }\n> }\n```\n\nOUTPUT:\nError: `NumberFormatException` due to the invalid integer input \"abc\".\n\nThis plan and coverage analysis show that the program fails to proceed beyond parsing the first input due to a `NumberFormatException`, hence not covering a significant portion of the logic intended for execution.",
      "test_seed_coverage": [
        ">",
        ">",
        ">",
        ">",
        ">",
        ">",
        ">",
        ">",
        ">",
        ">",
        ">",
        ">",
        ">",
        ">",
        ">",
        ">"
      ],
      "cumulative_coverage": [
        ">",
        ">",
        ">",
        ">",
        ">",
        ">",
        ">",
        ">",
        ">",
        ">",
        ">",
        ">",
        ">",
        ">",
        ">",
        ">"
      ],
      "execution_error": "Exception in thread \"main\" java.lang.NumberFormatException: For input string: \"abc\"\n\tat java.base/java.lang.NumberFormatException.forInputString(NumberFormatException.java:67)\n\tat java.base/java.lang.Integer.parseInt(Integer.java:662)\n\tat java.base/java.lang.Integer.parseInt(Integer.java:778)\n\tat Main.main(Main.java:5)",
      "cerberus_output": "NumberFormatException",
      "execution_result": "NumberFormatException",
      "test_case_id": "17"
    },
    {
      "test_case": [
        "Test Case Input:\na\n2\n3"
      ],
      "test_mutations": [
        "Test Case Input:\na\n2\n3"
      ],
      "initial_code": "import java.util.*;\npublic class Main{\n\tpublic static void main(String[] args){\n\t\tScanner scan = new Scanner(System.in);\n\t\tint N = Integer.parseInt(scan.next());\n\t\tint b = Integer.parseInt(scan.next());\n\t\tint r = Integer.parseInt(scan.next());\n\t\tif (b == 0) {\n\t\t\tSystem.out.println(0);\n\t\t}else{\n\t\t\tint shou = N / (b+ r);\n\t\t\tint amari = N % (b+ r);\n\t\t\tSystem.out.println(shou * b + amari);\n\t\t}\n\t}\n}",
      "covered_code": "For the provided test case input and the Java program, let's develop a plan for step-by-step execution to predict the code coverage.\n\n### Test Case Input:\n```\na\n2\n3\n```\n\n### Java Program:\n```java\nimport java.util.*;\npublic class Main{\n    public static void main(String[] args){\n        Scanner scan = new Scanner(System.in);\n        int N = Integer.parseInt(scan.next());\n        int b = Integer.parseInt(scan.next());\n        int r = Integer.parseInt(scan.next());\n        if (b == 0) {\n            System.out.println(0);\n        }else{\n            int shou = N / (b+ r);\n            int amari = N % (b+ r);\n            System.out.println(shou * b + amari);\n        }\n    }\n}\n```\n\n### Plan for Step by Step Execution:\n\n1. **Import Statements Execution:** Import statements are always executed. The statement `import java.util.*;` will be covered.\n2. **Main Class Declaration:** Always executed. The declaration `public class Main{` is covered.\n3. **Main Method Declaration:** Always executed. The declaration `public static void main(String[] args){` is covered.\n4. **Scanner Declaration:** The declaration and instantiation of `Scanner scan = new Scanner(System.in);` is executed.\n5. **Reading Inputs and Parsing:** The program attempts to parse the first input `a` as an integer, which will result in a `NumberFormatException` because `a` cannot be parsed as an integer.\n6. **If-Else Statement:** Since an exception occurs before reaching the if-else statement, this block will not be executed.\n7. **Closing Brackets and Class Closure:** Always considered covered in the logical flow of the program.\n\n### Code Coverage Prediction Based on the Plan:\n\n> import java.util.*;\n> public class Main{\n>     public static void main(String[] args){\n>         Scanner scan = new Scanner(System.in);\n!         int N = Integer.parseInt(scan.next());\n!         int b = Integer.parseInt(scan.next());\n!         int r = Integer.parseInt(scan.next());\n!         if (b == 0) {\n!             System.out.println(0);\n!         }else{\n!             int shou = N / (b+ r);\n!             int amari = N % (b+ r);\n!             System.out.println(shou * b + amari);\n!         }\n>     }\n> }\n\n### Output:\n```\nError: NumberFormatException\n```\nThis error is raised due to attempting to parse the non-integer string `a` as an integer, which is not a valid operation.",
      "test_seed_coverage": [
        ">",
        ">",
        ">",
        ">",
        ">",
        ">",
        ">",
        ">",
        ">",
        ">",
        ">",
        ">",
        ">",
        ">",
        ">",
        ">"
      ],
      "cumulative_coverage": [
        ">",
        ">",
        ">",
        ">",
        ">",
        ">",
        ">",
        ">",
        ">",
        ">",
        ">",
        ">",
        ">",
        ">",
        ">",
        ">"
      ],
      "execution_error": "Exception in thread \"main\" java.lang.NumberFormatException: For input string: \"a\"\n\tat java.base/java.lang.NumberFormatException.forInputString(NumberFormatException.java:67)\n\tat java.base/java.lang.Integer.parseInt(Integer.java:662)\n\tat java.base/java.lang.Integer.parseInt(Integer.java:778)\n\tat Main.main(Main.java:5)",
      "cerberus_output": "NumberFormatException",
      "execution_result": "NumberFormatException",
      "test_case_id": "18"
    },
    {
      "test_case": [
        "Test Case Input:\na\n0\n2"
      ],
      "test_mutations": [
        "Test Case Input:\na\n0\n2"
      ],
      "initial_code": "import java.util.*;\npublic class Main{\n\tpublic static void main(String[] args){\n\t\tScanner scan = new Scanner(System.in);\n\t\tint N = Integer.parseInt(scan.next());\n\t\tint b = Integer.parseInt(scan.next());\n\t\tint r = Integer.parseInt(scan.next());\n\t\tif (b == 0) {\n\t\t\tSystem.out.println(0);\n\t\t}else{\n\t\t\tint shou = N / (b+ r);\n\t\t\tint amari = N % (b+ r);\n\t\t\tSystem.out.println(shou * b + amari);\n\t\t}\n\t}\n}",
      "covered_code": "Given the test case input \"a\\n0\\n2\", let's develop a plan step by step to execute the given Java program and predict the code coverage. The input provided will cause an exception at the very beginning because it tries to parse a non-integer value \"a\" into an integer. Let's break it down:\n\n1. **Import Statements**: Import statements are always executed. Statement `import java.util.*;` will be covered.\n   \n   > import java.util.*;\n\n2. **Class Declaration**: Always executed. Statement `public class Main{` is covered.\n   \n   > public class Main{\n\n3. **Main method Declaration**: Always executed. Statement `public static void main(String[] args){` is covered.\n   \n   > public static void main(String[] args){\n\n4. **Scanner and User Input**: The creation of the Scanner object is always executed. The statement `Scanner scan = new Scanner(System.in);` is covered. However, the program will attempt to parse \"a\" as an integer and fail.\n   \n   > Scanner scan = new Scanner(System.in);\n   > int N = Integer.parseInt(scan.next());\n\n5. **Exception**: As soon as the program tries to convert the input \"a\" into an integer, a `NumberFormatException` will be raised because \"a\" cannot be parsed into an int. This means any subsequent line after this will not be executed due to the exception halting program execution.\n   \n   OUTPUT: `NumberFormatException`\n\n6. **Conditional Statements and Operations**: Since the exception is raised before these lines are reached, none of the conditions or operations will be executed.\n   \n   ! int b = Integer.parseInt(scan.next());\n   ! int r = Integer.parseInt(scan.next());\n   ! if (b == 0) {\n   !     System.out.println(0);\n   ! }else{\n   !     int shou = N / (b+ r);\n   !     int amari = N % (b+ r);\n   !     System.out.println(shou * b + amari);\n   ! }\n\n7. **Closing Brackets**: Always considered as covered because they're part of the syntactical structure rather than executable code.\n   \n   > }\n\n**Final code coverage of the Java program based on its test case and given step by step reasoning for execution is**:\n\n> import java.util.*;\n> public class Main{\n> public static void main(String[] args){\n> Scanner scan = new Scanner(System.in);\n> int N = Integer.parseInt(scan.next());\n! int b = Integer.parseInt(scan.next());\n! int r = Integer.parseInt(scan.next());\n! if (b == 0) {\n!     System.out.println(0);\n! }else{\n!     int shou = N / (b+ r);\n!     int amari = N % (b+ r);\n!     System.out.println(shou * b + amari);\n! }\n> }\n\n**OUTPUT**: \nError: `NumberFormatException`",
      "test_seed_coverage": [
        ">",
        ">",
        ">",
        ">",
        ">",
        ">",
        ">",
        ">",
        ">",
        ">",
        ">",
        ">",
        ">",
        ">",
        ">",
        ">",
        ">",
        ">",
        ">",
        ">",
        "!",
        "!",
        "!",
        "!",
        "!",
        "!",
        "!",
        "!",
        "!",
        ">"
      ],
      "cumulative_coverage": [
        ">",
        ">",
        ">",
        ">",
        ">",
        ">",
        ">",
        ">",
        ">",
        ">",
        ">",
        ">",
        ">",
        ">",
        ">",
        ">",
        ">",
        ">",
        ">",
        ">",
        "!",
        "!",
        "!",
        "!",
        "!",
        "!",
        "!",
        "!",
        "!",
        ">"
      ],
      "execution_error": "Exception in thread \"main\" java.lang.NumberFormatException: For input string: \"a\"\n\tat java.base/java.lang.NumberFormatException.forInputString(NumberFormatException.java:67)\n\tat java.base/java.lang.Integer.parseInt(Integer.java:662)\n\tat java.base/java.lang.Integer.parseInt(Integer.java:778)\n\tat Main.main(Main.java:5)",
      "cerberus_output": "NumberFormatException",
      "execution_result": "NumberFormatException",
      "test_case_id": "19"
    }
  ]
}