{
  "submission_id": "s712779211",
  "cycles": [
    {
      "test_case": [
        "Test Case Input:\n1"
      ],
      "test_mutations": [
        "Test Case Input:\n1"
      ],
      "initial_code": "import java.util.*;\npublic class Main{\n  public static void main(String[]args){\n  \tScanner sc = new Scanner(System.in);\n    int a = sc.nextInt();\n    String ans = \"No\";\n    int []kuku = new int [81];\n    int b=0;\n  \tfor(int x=1; x<=9; x++){\n    \tfor(int y=1; y<=9; y++){\n          kuku[b]=x*y;\n          b++;\n        }\n    }\n    for(int i=0; i<=81; i++){\n    \tif(a==kuku[i])\n    \tans=\"Yes\";\n    }\n    System.out.println(ans);\n  }\n}",
      "covered_code": "For the provided code snippet and test case input, let's develop a step-by-step execution plan to predict the code coverage.\n\n1. Import statements: Always executed. Statement \"import java.util.*;\" will be covered.\n\n2. Main class declaration: Always executed. Statement \"public class Main{\" is covered.\n\n3. Main method declaration: Always executed. Statement \"public static void main(String[]args){\" is covered.\n\n4. User input: Always executed. Statement \"Scanner sc = new Scanner(System.in);\" and \"int a = sc.nextInt();\" are covered since we are reading an input.\n\n5. Variable initialization: Statements \"String ans = 'No';\" and \"int []kuku = new int [81];\" and \"int b=0;\" are always executed and thus covered.\n\n6. Double for loop for filling array: Since this is a nested for loop designed to fill the `kuku` array with the products of numbers from 1 to 9, both loops will fully execute, meaning all statements within these loops are covered.\n\n7. For loop for checking if `a` is in `kuku` array: This loop will iterate through the entire `kuku` array. However, there is a mistake in the code. The loop condition is \"i<=81\" but it should be \"i<81\" since the array indices go from 0 to 80. As a result, there will be an `ArrayIndexOutOfBoundsException` when `i` equals 81, causing the program to crash before the `System.out.println(ans);` statement can execute. \n\n8. Print statement: It will not be executed due to the mentioned runtime exception before it can run.\n\n9. Closing brackets and the end of the class and method are syntactically necessary and can be considered as covered in the structure of the program.\n\nGiven this plan, here is the code coverage:\n\n```\n> import java.util.*;\n> public class Main{\n>   public static void main(String[]args){\n>   \tScanner sc = new Scanner(System.in);\n>     int a = sc.nextInt();\n>     String ans = \"No\";\n>     int []kuku = new int [81];\n>     int b=0;\n>   \tfor(int x=1; x<=9; x++){\n>     \tfor(int y=1; y<=9; y++){\n>           kuku[b]=x*y;\n>           b++;\n>         }\n>     }\n>     for(int i=0; i<=81; i++){\n>     \tif(a==kuku[i])\n>     \tans=\"Yes\";\n>     }\n!     System.out.println(ans);\n>   }\n> }\n```\n\nOUTPUT:\nError: ArrayIndexOutOfBoundsException\n\nThis plan and the resulting coverage indicate almost all lines are executed except for the final print statement, which is not reached due to the runtime exception.",
      "test_seed_coverage": [
        ">",
        ">",
        ">",
        ">",
        ">",
        ">",
        ">",
        ">",
        ">",
        ">",
        ">",
        ">",
        ">",
        ">",
        ">",
        ">",
        ">",
        ">",
        "!",
        ">",
        ">"
      ],
      "cumulative_coverage": [
        ">",
        ">",
        ">",
        ">",
        ">",
        ">",
        ">",
        ">",
        ">",
        ">",
        ">",
        ">",
        ">",
        ">",
        ">",
        ">",
        ">",
        ">",
        "!",
        ">",
        ">"
      ],
      "execution_error": "Exception in thread \"main\" java.lang.ArrayIndexOutOfBoundsException: Index 81 out of bounds for length 81\n\tat Main.main(Main.java:16)",
      "cerberus_output": "ArrayIndexOutOfBoundsException",
      "execution_result": "ArrayIndexOutOfBoundsException",
      "test_case_id": "1"
    },
    {
      "test_case": [
        "Test Case Input:\n-5"
      ],
      "test_mutations": [
        "Test Case Input:\n-5"
      ],
      "initial_code": "import java.util.*;\npublic class Main{\n  public static void main(String[]args){\n  \tScanner sc = new Scanner(System.in);\n    int a = sc.nextInt();\n    String ans = \"No\";\n    int []kuku = new int [81];\n    int b=0;\n  \tfor(int x=1; x<=9; x++){\n    \tfor(int y=1; y<=9; y++){\n          kuku[b]=x*y;\n          b++;\n        }\n    }\n    for(int i=0; i<=81; i++){\n    \tif(a==kuku[i])\n    \tans=\"Yes\";\n    }\n    System.out.println(ans);\n  }\n}",
      "covered_code": "Let's develop a step-by-step execution plan for the given Java program based on the test case input `-5` and predict the code coverage:\n\n1. **Import Statements:** The import statement `import java.util.*;` will be executed.\n2. **Class Declaration:** The declaration of the class `public class Main{` is always executed.\n3. **Main Method Declaration:** The declaration of the main method `public static void main(String[]args){` is always executed.\n4. **User Input:** The statements for user input, `Scanner sc = new Scanner(System.in);` and `int a = sc.nextInt();` are executed. Given that the test case input is `-5`, the variable `a` will be set to `-5`.\n5. **Variable Initialization:** The statement `String ans = \"No\";` and the array declaration `int []kuku = new int [81];` along with `int b=0;` are executed.\n6. **First For Loop Execution:** The nested for loops for `x` and `y` ranging from 1 to 9 will be executed to populate the `kuku` array with the products of `x` and `y`.\n7. **Second For Loop Execution:** The for loop `for(int i=0; i<=81; i++){` will cause an `ArrayIndexOutOfBoundsException` because it tries to access `kuku[81]` which is out of bounds. The loop should iterate while `i < 81` instead of `i <= 81`. Thus, it will crash at the condition checking for the last iteration.\n8. **Condition Checking in Second For Loop:** The condition `if(a==kuku[i])` will never be true for the input `-5` because all elements in `kuku` are positive integers (products of two positive integers). However, this line would be executed until the program encounters the `ArrayIndexOutOfBoundsException`.\n9. **Print Statement:** The statement `System.out.println(ans);` will not be executed due to the `ArrayIndexOutOfBoundsException` occurring before the program can reach this point.\n\nGiven the above plan, here is the code coverage:\n\n> import java.util.*;\n> public class Main{\n>   public static void main(String[]args){\n>   \tScanner sc = new Scanner(System.in);\n>     int a = sc.nextInt();\n>     String ans = \"No\";\n>     int []kuku = new int [81];\n>     int b=0;\n>   \tfor(int x=1; x<=9; x++){\n>     \tfor(int y=1; y<=9; y++){\n>           kuku[b]=x*y;\n>           b++;\n>         }\n>     }\n>     for(int i=0; i<=81; i++){\n>     \tif(a==kuku[i])\n>     \tans=\"Yes\";\n>     }\n!     System.out.println(ans);\n>   }\n> }\n\n**OUTPUT:**\nError: ArrayIndexOutOfBoundsException\n\nThis error occurs because the program tries to access an index of the array that is beyond its allocated size. The `kuku` array has indices from 0 to 80, and attempting to access `kuku[81]` causes the exception.",
      "test_seed_coverage": [
        ">",
        ">",
        ">",
        ">",
        ">",
        ">",
        ">",
        ">",
        ">",
        ">",
        ">",
        ">",
        ">",
        ">",
        ">",
        ">",
        ">",
        ">",
        "!",
        ">",
        ">"
      ],
      "cumulative_coverage": [
        ">",
        ">",
        ">",
        ">",
        ">",
        ">",
        ">",
        ">",
        ">",
        ">",
        ">",
        ">",
        ">",
        ">",
        ">",
        ">",
        ">",
        ">",
        "!",
        ">",
        ">"
      ],
      "execution_error": "Exception in thread \"main\" java.lang.ArrayIndexOutOfBoundsException: Index 81 out of bounds for length 81\n\tat Main.main(Main.java:16)",
      "cerberus_output": "ArrayIndexOutOfBoundsException",
      "execution_result": "ArrayIndexOutOfBoundsException",
      "test_case_id": "2"
    },
    {
      "test_case": [
        "Test Case Input:\n9"
      ],
      "test_mutations": [
        "Test Case Input:\n9"
      ],
      "initial_code": "import java.util.*;\npublic class Main{\n  public static void main(String[]args){\n  \tScanner sc = new Scanner(System.in);\n    int a = sc.nextInt();\n    String ans = \"No\";\n    int []kuku = new int [81];\n    int b=0;\n  \tfor(int x=1; x<=9; x++){\n    \tfor(int y=1; y<=9; y++){\n          kuku[b]=x*y;\n          b++;\n        }\n    }\n    for(int i=0; i<=81; i++){\n    \tif(a==kuku[i])\n    \tans=\"Yes\";\n    }\n    System.out.println(ans);\n  }\n}",
      "covered_code": "To predict the code coverage for the given Java program and test case input, let's develop a step by step execution plan. The test case input provided is '9'. \n\n1. **Import statements**: Import statements are always executed. Statement \"import java.util.*;\" will be covered. \n\n2. **Class Declaration**: Class declaration is always executed. Statement \"public class Main{\" is covered.\n\n3. **Main method declaration**: The main method declaration is always executed. Statement \"public static void main(String[]args){\" is covered.\n\n4. **Scanner initialization and user input**: Statements for initializing the Scanner and taking user input are executed. Statements \"Scanner sc = new Scanner(System.in);\" and \"int a = sc.nextInt();\" will be covered since the input '9' is provided.\n\n5. **Variable initialization and array declaration**: Statements for initializing the variable 'ans' and declaring the array 'kuku' will be executed. Statements \"String ans = \"No\";\" and \"int []kuku = new int [81];\" will be covered.\n\n6. **First nested for loop**: The nested for loop for calculating the products of numbers from 1 to 9 and storing them in the array 'kuku' will be fully executed. All statements inside this loop will be covered.\n\n7. **Second for loop for checking the number**: The loop for checking if the input number '9' is in the array 'kuku' will be executed. Since '9' is a product of 1x9, 3x3, etc., the condition \"if(a==kuku[i])\" will be satisfied early in the loop. However, the loop will continue to check all positions up to i=81, which is beyond the array's limit and will cause an `ArrayIndexOutOfBoundsException`. Thus, not all statements after this exception are executed.\n\n8. **Printing the result**: The statement for printing the result, \"System.out.println(ans);\", would have been executed if not for the runtime exception caused in the previous step.\n\n9. **Closing Brackets**: Always covered.\n\n**Predicted code coverage based on the plan:**\n\n> import java.util.*;\n> public class Main{\n>   public static void main(String[]args){\n>   \tScanner sc = new Scanner(System.in);\n>     int a = sc.nextInt();\n>     String ans = \"No\";\n>     int []kuku = new int [81];\n>     int b=0;\n>   \tfor(int x=1; x<=9; x++){\n>     \tfor(int y=1; y<=9; y++){\n>           kuku[b]=x*y;\n>           b++;\n>         }\n>     }\n>     for(int i=0; i<=81; i++){\n>     \tif(a==kuku[i])\n>     \tans=\"Yes\";\n!     }\n>     System.out.println(ans);\n>   }\n> }\n\n**OUTPUT:**\nError: ArrayIndexOutOfBoundsException\n\nThe loop \"for(int i=0; i<=81; i++)\" should iterate while \"i < 81\" to avoid accessing an index outside the array bounds. The incorrect loop condition leads to an exception before the result can be printed, and thus the statement to print the result is not covered.",
      "test_seed_coverage": [
        ">",
        ">",
        ">",
        ">",
        ">",
        ">",
        ">",
        ">",
        ">",
        ">",
        ">",
        ">",
        ">",
        ">",
        ">",
        ">",
        ">",
        ">",
        ">",
        ">",
        ">"
      ],
      "cumulative_coverage": [
        ">",
        ">",
        ">",
        ">",
        ">",
        ">",
        ">",
        ">",
        ">",
        ">",
        ">",
        ">",
        ">",
        ">",
        ">",
        ">",
        ">",
        ">",
        ">",
        ">",
        ">"
      ],
      "execution_error": "Exception in thread \"main\" java.lang.ArrayIndexOutOfBoundsException: Index 81 out of bounds for length 81\n\tat Main.main(Main.java:16)",
      "cerberus_output": "ArrayIndexOutOfBoundsException",
      "execution_result": "ArrayIndexOutOfBoundsException",
      "test_case_id": "3"
    }
  ]
}