{
  "submission_id": "s767896684",
  "cycles": [
    {
      "test_case": [
        "Test Case Input:\n2\n6\n2 4\n\nExpected Output:\n1"
      ],
      "test_mutations": [
        "Test Case Input:\n2\n6\n2 4\n\nExpected Output:\n1"
      ],
      "initial_code": "import java.util.*;\nimport java.io.*;\npublic class Main {\n\tprivate static void solve(){\n\t\tint n = ni();\n\t\tint m = ni();\n\t\tint[] a = na(n);\n\t\tint[] div2 = new int[n];\n\t\tlong result = 0;\n\t\tfor(int i = 0; i < n; i++)a[i] /= 2;\n\t\tfor(int i = 0; i < n; i++) {\n\t\t\tlong tmp = a[i];\n\t\t\twhile(tmp %2 == 0) {\n\t\t\t\tdiv2[i]++;\n\t\t\t\ttmp /= 2;\n\t\t\t}\n\t\t\tif(i > 0 && div2[i] != div2[i - 1]) {\n\t\t\t\tSystem.out.println(0);\n\t\t\t\treturn;\n\t\t\t}\n\t\t}\n\t\tint lcm = 1;\n\t\tfor(int i = 0; i < n; i++) {\n\t\t\tlcm = lcm(lcm,a[i]);\n\t\t}\n\t\tresult = m / lcm;\n\t\tresult = result % 2 == 1 ? result / 2 + 1 : result / 2;\n\t\tSystem.out.println(result);\n\t}\n\tstatic int gcd (int a, int b) {\n\t\treturn b > 0 ? gcd(b, a%b) : a;\n\t}\n\tstatic int lcm (int a, int b) {\n\t\treturn a * b / gcd(a, b);\n\t}\n\tprivate static BufferedReader br;\n\tpublic static void main(String[] args){\n\t\tbr = new BufferedReader(new InputStreamReader(System.in));\n\t\tString debugDataPath = System.getenv(\"DD_PATH\");        \n\t\tif(debugDataPath != null){\n\t\t\ttry{\n\t\t\t\tbr = new BufferedReader(new InputStreamReader(new FileInputStream(new File(debugDataPath))));\n\t\t\t}catch(Exception e){\n\t\t\t\tthrow new RuntimeException(e);\n\t\t\t}\n\t\t}\n\t\tsolve();\n\t}\n\tprivate static StringTokenizer tokenizer = null;\n\tpublic static String next() {\n\t\twhile (tokenizer == null || !tokenizer.hasMoreTokens()) {\n\t\t\ttry {\n\t\t\t\ttokenizer = new StringTokenizer(br.readLine());\n\t\t\t} catch (Exception e) {\n\t\t\t\tthrow new RuntimeException(e);\n\t\t\t}\n\t\t}\n\t\treturn tokenizer.nextToken();\n\t}\n\tprivate static int ni() {\n\t\treturn Integer.parseInt(next());\n\t}\n\tprivate static long nl() {\n\t\treturn Long.parseLong(next());\n\t}\n\tprivate static double nd() {\n\t\treturn Double.parseDouble(next());\n\t}\n\tprivate static int[] na(int n) {\n\t\tint[] a = new int[n];\n\t\tfor (int i = 0; i < n; i++)\n\t\t\ta[i] = ni();\n\t\treturn a;\n\t}\n\tprivate static char[] ns() {\n\t\treturn next().toCharArray();\n\t}\n\tprivate static long[] nal(int n) {\n\t\tlong[] a = new long[n];\n\t\tfor (int i = 0; i < n; i++)\n\t\t\ta[i] = nl();\n\t\treturn a;\n\t}\n}",
      "covered_code": "Given the test case input `2\\n6\\n2 4`, let's follow the plan to predict the code coverage.\n\n1. **Import Statements**: Always executed.\n   > import java.util.*;\n   > import java.io.*;\n\n2. **Class Declaration**: Always executed.\n   > public class Main {\n\n3. **Main Method Declaration**: Always executed.\n   > public static void main(String[] args){\n\n4. **BufferedReader Initialization**: Always executed.\n   > br = new BufferedReader(new InputStreamReader(System.in));\n\n5. **Environment Variable Check**: Always executed but outcome depends on environment variable `DD_PATH`.\n   > String debugDataPath = System.getenv(\"DD_PATH\");\n\n6. **solve Method Call**: Always executed since it's called directly in the main method.\n   > solve();\n\n7. **Reading Input in solve Method**: Always executed for reading `n` and `m`.\n   > int n = ni();\n   > int m = ni();\n\n8. **Reading Array `a`**: Always executed for reading array elements.\n   > int[] a = na(n);\n\n9. **Division by 2 in Array `a`**: Always executed since it's part of the array processing.\n   > for(int i = 0; i < n; i++)a[i] /= 2;\n\n10. **Initialization and Calculation of `div2` Array**: Always executed for initial processing of array elements.\n    > for(int i = 0; i < n; i++) {...}\n\n11. **Checking for Equal Number of Divisions by 2**: Executes if `n > 1` and there's a mismatch.\n    > if(i > 0 && div2[i] != div2[i - 1]) {...}\n\n12. **LCM Calculation**: Always executed since it's part of the result computation.\n    > int lcm = 1;\n    > for(int i = 0; i < n; i++) {...}\n\n13. **Result Calculation and Output**: Always executed as part of the final result computation and output.\n    > result = m / lcm;\n    > System.out.println(result);\n\n14. **gcd Method Execution**: Conditionally executed, part of LCM calculation.\n    > static int gcd (int a, int b) {...}\n\n15. **lcm Method Execution**: Always executed as part of LCM calculation for `result`.\n    > static int lcm (int a, int b) {...}\n\nGiven the test case, the code execution will follow through all the methods including gcd and lcm calculations since they are utilized in the solve method for processing the inputs `2`, `6`, `2`, and `4`. The specific if condition within the div2 array processing loop could potentially not execute if all elements have the same number of divisions by 2 after the initial division, which is the case with the given input.\n\n**Code Coverage**:\n\n> import java.util.*;\n> import java.io.*;\n> public class Main {\n>     private static void solve(){\n>         int n = ni();\n>         int m = ni();\n>         int[] a = na(n);\n>         int[] div2 = new int[n];\n>         long result = 0;\n>         for(int i = 0; i < n; i++)a[i] /= 2;\n>         for(int i = 0; i < n; i++) {...}\n!         if(i > 0 && div2[i] != div2[i - 1]) {...}\n>         int lcm = 1;\n>         for(int i = 0; i < n; i++) {...}\n>         result = m / lcm;\n>         System.out.println(result);\n>     }\n>     static int gcd (int a, int b) {...}\n>     static int lcm (int a, int b) {...}\n>     private static BufferedReader br;\n>     public static void main(String[] args){...}\n>     private static StringTokenizer tokenizer = null;\n>     public static String next() {...}\n>     private static int ni() {...}\n>     private static long nl() {...}\n>     private static double nd() {...}\n>     private static int[] na(int n) {...}\n>     private static char[] ns() {...}\n>     private static long[] nal(int n) {...}\n> }\n\nThe if condition inside the div2 processing loop is marked as not executed (`!`) because with the given input, all elements have the same number of divisions by 2 after the initial division, making this condition always false. All other parts of the code are expected to be executed based on the provided input and the description.",
      "test_seed_coverage": [
        ">",
        ">",
        ">",
        ">",
        ">",
        ">",
        ">",
        ">",
        ">",
        ">",
        ">",
        ">",
        ">",
        ">",
        ">",
        ">",
        ">",
        ">",
        ">",
        ">",
        ">",
        ">",
        ">",
        ">",
        ">",
        ">",
        ">",
        ">",
        ">",
        ">",
        "!",
        ">",
        ">",
        ">",
        ">",
        ">",
        ">",
        ">",
        ">",
        ">",
        ">",
        ">",
        ">",
        ">",
        ">",
        ">",
        ">",
        ">",
        ">",
        ">",
        ">",
        ">",
        ">",
        ">",
        ">",
        ">",
        ">",
        ">",
        ">",
        ">",
        ">",
        ">",
        ">",
        ">",
        ">",
        ">",
        ">",
        ">",
        ">",
        ">",
        ">",
        ">",
        ">",
        ">",
        ">",
        ">",
        ">",
        ">",
        ">",
        ">",
        ">",
        ">",
        ">",
        ">"
      ],
      "cumulative_coverage": [
        ">",
        ">",
        ">",
        ">",
        ">",
        ">",
        ">",
        ">",
        ">",
        ">",
        ">",
        ">",
        ">",
        ">",
        ">",
        ">",
        ">",
        ">",
        ">",
        ">",
        ">",
        ">",
        ">",
        ">",
        ">",
        ">",
        ">",
        ">",
        ">",
        ">",
        "!",
        ">",
        ">",
        ">",
        ">",
        ">",
        ">",
        ">",
        ">",
        ">",
        ">",
        ">",
        ">",
        ">",
        ">",
        ">",
        ">",
        ">",
        ">",
        ">",
        ">",
        ">",
        ">",
        ">",
        ">",
        ">",
        ">",
        ">",
        ">",
        ">",
        ">",
        ">",
        ">",
        ">",
        ">",
        ">",
        ">",
        ">",
        ">",
        ">",
        ">",
        ">",
        ">",
        ">",
        ">",
        ">",
        ">",
        ">",
        ">",
        ">",
        ">",
        ">",
        ">",
        ">"
      ],
      "cerberus_output": "",
      "execution_result": "",
      "test_case_id": "1"
    },
    {
      "test_case": [
        "Test Case Input:\n4 10\n8 12 16 20"
      ],
      "test_mutations": [
        "Test Case Input:\n4 10\n8 12 16 20"
      ],
      "initial_code": "import java.util.*;\nimport java.io.*;\npublic class Main {\n\tprivate static void solve(){\n\t\tint n = ni();\n\t\tint m = ni();\n\t\tint[] a = na(n);\n\t\tint[] div2 = new int[n];\n\t\tlong result = 0;\n\t\tfor(int i = 0; i < n; i++)a[i] /= 2;\n\t\tfor(int i = 0; i < n; i++) {\n\t\t\tlong tmp = a[i];\n\t\t\twhile(tmp %2 == 0) {\n\t\t\t\tdiv2[i]++;\n\t\t\t\ttmp /= 2;\n\t\t\t}\n\t\t\tif(i > 0 && div2[i] != div2[i - 1]) {\n\t\t\t\tSystem.out.println(0);\n\t\t\t\treturn;\n\t\t\t}\n\t\t}\n\t\tint lcm = 1;\n\t\tfor(int i = 0; i < n; i++) {\n\t\t\tlcm = lcm(lcm,a[i]);\n\t\t}\n\t\tresult = m / lcm;\n\t\tresult = result % 2 == 1 ? result / 2 + 1 : result / 2;\n\t\tSystem.out.println(result);\n\t}\n\tstatic int gcd (int a, int b) {\n\t\treturn b > 0 ? gcd(b, a%b) : a;\n\t}\n\tstatic int lcm (int a, int b) {\n\t\treturn a * b / gcd(a, b);\n\t}\n\tprivate static BufferedReader br;\n\tpublic static void main(String[] args){\n\t\tbr = new BufferedReader(new InputStreamReader(System.in));\n\t\tString debugDataPath = System.getenv(\"DD_PATH\");        \n\t\tif(debugDataPath != null){\n\t\t\ttry{\n\t\t\t\tbr = new BufferedReader(new InputStreamReader(new FileInputStream(new File(debugDataPath))));\n\t\t\t}catch(Exception e){\n\t\t\t\tthrow new RuntimeException(e);\n\t\t\t}\n\t\t}\n\t\tsolve();\n\t}\n\tprivate static StringTokenizer tokenizer = null;\n\tpublic static String next() {\n\t\twhile (tokenizer == null || !tokenizer.hasMoreTokens()) {\n\t\t\ttry {\n\t\t\t\ttokenizer = new StringTokenizer(br.readLine());\n\t\t\t} catch (Exception e) {\n\t\t\t\tthrow new RuntimeException(e);\n\t\t\t}\n\t\t}\n\t\treturn tokenizer.nextToken();\n\t}\n\tprivate static int ni() {\n\t\treturn Integer.parseInt(next());\n\t}\n\tprivate static long nl() {\n\t\treturn Long.parseLong(next());\n\t}\n\tprivate static double nd() {\n\t\treturn Double.parseDouble(next());\n\t}\n\tprivate static int[] na(int n) {\n\t\tint[] a = new int[n];\n\t\tfor (int i = 0; i < n; i++)\n\t\t\ta[i] = ni();\n\t\treturn a;\n\t}\n\tprivate static char[] ns() {\n\t\treturn next().toCharArray();\n\t}\n\tprivate static long[] nal(int n) {\n\t\tlong[] a = new long[n];\n\t\tfor (int i = 0; i < n; i++)\n\t\t\ta[i] = nl();\n\t\treturn a;\n\t}\n}",
      "covered_code": "Given the Java program and the test case input \"4 10\\n8 12 16 20\", let's develop a step-by-step plan to predict code coverage. The program calculates how many numbers up to M are divisible by all numbers in the array A after each element of A is divided by 2 as many times as possible.\n\n### Plan for Execution and Code Coverage Prediction:\n\n1. **Import Statements**: Always executed. Statement \"import java.util.*;\" and \"import java.io.*;\" will be covered.\n\n2. **Class Declaration**: Always executed. Statement \"public class Main {\" is covered.\n\n3. **Main Method Declaration**: Always executed. Statement \"public static void main(String[] args){\" is covered.\n\n4. **BufferedReader and StringTokenizer Setup**: Always executed. Statements for initializing `BufferedReader` and checking `DD_PATH` environment variable are covered.\n\n5. **solve Method Call**: The `solve` method is called without conditions, so it's covered.\n\n6. **Reading n and m**: The first line of input is read, so statements inside `ni()` and `na(int n)` for reading `n` and `m` are covered.\n\n7. **Array a Initialization and Modification**: The array `a` is initialized and each element is divided by 2, so related statements are covered.\n\n8. **Checking for Common Divisibility by 2**: The loop that checks if all numbers in the array can be divided by the same power of 2 is fully executed and covered. Since all numbers can be divided by 2 at least once, all iterations of this loop are covered.\n\n9. **LCM Calculation and Result Computation**: The calculation of LCM and the final result computation are executed, so these statements are covered.\n\n10. **Output**: The print statement for the result is executed, so it's covered.\n\n11. **gcd and lcm Static Methods**: These methods are called for computing LCM, so they are covered.\n\n12. **Utility Methods (next, ni, nl, nd, na, ns, nal)**: The methods used for reading inputs are covered as per the input processing (`next`, `ni`, `na`).\n\n13. **Closing Brackets and End of Class/Method Declarations**: Always considered covered as part of the structure.\n\n### Predicted Code Coverage:\n\n- All import statements are executed.\n- All class and method declarations are executed.\n- The main method and the solve method are fully covered.\n- The gcd and lcm methods are executed as part of the solve method.\n- Utility methods for reading inputs are executed based on the provided input.\n- The loop and conditionals inside the solve method are fully covered due to the nature of the input.\n\n### Special Notes:\n\n- The input directly affects the execution path, especially for the loop and conditionals within the `solve` method.\n- Exception handling paths (e.g., catch blocks) are not executed as no exceptions are thrown based on the given input.\n- The coverage is based on the assumption that inputs are provided correctly and as per the format described in the test case input.\n\nThis analysis provides a comprehensive overview of the code coverage based on the given input, covering the majority of the program's functionality as it processes the input without encountering any exceptions or errors.",
      "test_seed_coverage": [
        ">",
        ">",
        ">",
        ">",
        ">",
        ">",
        ">",
        ">",
        ">",
        ">",
        ">",
        ">",
        ">",
        ">",
        ">",
        ">",
        ">",
        ">",
        ">",
        ">",
        ">",
        ">",
        ">",
        ">",
        ">",
        ">",
        ">",
        ">",
        ">",
        ">",
        ">",
        ">",
        ">",
        ">",
        ">",
        ">",
        ">",
        ">",
        ">",
        ">",
        ">",
        ">",
        ">",
        ">",
        ">",
        ">",
        ">",
        ">",
        ">",
        ">",
        ">",
        ">",
        ">",
        ">",
        ">",
        ">",
        ">",
        ">",
        ">",
        ">",
        ">",
        ">",
        ">",
        ">",
        ">",
        ">",
        ">",
        ">",
        ">",
        ">",
        ">",
        ">",
        ">",
        ">",
        ">",
        ">",
        ">",
        ">",
        ">",
        ">",
        ">",
        ">",
        ">",
        ">"
      ],
      "cumulative_coverage": [
        ">",
        ">",
        ">",
        ">",
        ">",
        ">",
        ">",
        ">",
        ">",
        ">",
        ">",
        ">",
        ">",
        ">",
        ">",
        ">",
        ">",
        ">",
        ">",
        ">",
        ">",
        ">",
        ">",
        ">",
        ">",
        ">",
        ">",
        ">",
        ">",
        ">",
        ">",
        ">",
        ">",
        ">",
        ">",
        ">",
        ">",
        ">",
        ">",
        ">",
        ">",
        ">",
        ">",
        ">",
        ">",
        ">",
        ">",
        ">",
        ">",
        ">",
        ">",
        ">",
        ">",
        ">",
        ">",
        ">",
        ">",
        ">",
        ">",
        ">",
        ">",
        ">",
        ">",
        ">",
        ">",
        ">",
        ">",
        ">",
        ">",
        ">",
        ">",
        ">",
        ">",
        ">",
        ">",
        ">",
        ">",
        ">",
        ">",
        ">",
        ">",
        ">",
        ">",
        ">"
      ],
      "cerberus_output": "",
      "execution_result": "",
      "test_case_id": "2"
    },
    {
      "test_case": [
        "Test Case Input:\n5\n10\n20 30 40 50 60"
      ],
      "test_mutations": [
        "Test Case Input:\n5\n10\n20 30 40 50 60"
      ],
      "initial_code": "import java.util.*;\nimport java.io.*;\npublic class Main {\n\tprivate static void solve(){\n\t\tint n = ni();\n\t\tint m = ni();\n\t\tint[] a = na(n);\n\t\tint[] div2 = new int[n];\n\t\tlong result = 0;\n\t\tfor(int i = 0; i < n; i++)a[i] /= 2;\n\t\tfor(int i = 0; i < n; i++) {\n\t\t\tlong tmp = a[i];\n\t\t\twhile(tmp %2 == 0) {\n\t\t\t\tdiv2[i]++;\n\t\t\t\ttmp /= 2;\n\t\t\t}\n\t\t\tif(i > 0 && div2[i] != div2[i - 1]) {\n\t\t\t\tSystem.out.println(0);\n\t\t\t\treturn;\n\t\t\t}\n\t\t}\n\t\tint lcm = 1;\n\t\tfor(int i = 0; i < n; i++) {\n\t\t\tlcm = lcm(lcm,a[i]);\n\t\t}\n\t\tresult = m / lcm;\n\t\tresult = result % 2 == 1 ? result / 2 + 1 : result / 2;\n\t\tSystem.out.println(result);\n\t}\n\tstatic int gcd (int a, int b) {\n\t\treturn b > 0 ? gcd(b, a%b) : a;\n\t}\n\tstatic int lcm (int a, int b) {\n\t\treturn a * b / gcd(a, b);\n\t}\n\tprivate static BufferedReader br;\n\tpublic static void main(String[] args){\n\t\tbr = new BufferedReader(new InputStreamReader(System.in));\n\t\tString debugDataPath = System.getenv(\"DD_PATH\");        \n\t\tif(debugDataPath != null){\n\t\t\ttry{\n\t\t\t\tbr = new BufferedReader(new InputStreamReader(new FileInputStream(new File(debugDataPath))));\n\t\t\t}catch(Exception e){\n\t\t\t\tthrow new RuntimeException(e);\n\t\t\t}\n\t\t}\n\t\tsolve();\n\t}\n\tprivate static StringTokenizer tokenizer = null;\n\tpublic static String next() {\n\t\twhile (tokenizer == null || !tokenizer.hasMoreTokens()) {\n\t\t\ttry {\n\t\t\t\ttokenizer = new StringTokenizer(br.readLine());\n\t\t\t} catch (Exception e) {\n\t\t\t\tthrow new RuntimeException(e);\n\t\t\t}\n\t\t}\n\t\treturn tokenizer.nextToken();\n\t}\n\tprivate static int ni() {\n\t\treturn Integer.parseInt(next());\n\t}\n\tprivate static long nl() {\n\t\treturn Long.parseLong(next());\n\t}\n\tprivate static double nd() {\n\t\treturn Double.parseDouble(next());\n\t}\n\tprivate static int[] na(int n) {\n\t\tint[] a = new int[n];\n\t\tfor (int i = 0; i < n; i++)\n\t\t\ta[i] = ni();\n\t\treturn a;\n\t}\n\tprivate static char[] ns() {\n\t\treturn next().toCharArray();\n\t}\n\tprivate static long[] nal(int n) {\n\t\tlong[] a = new long[n];\n\t\tfor (int i = 0; i < n; i++)\n\t\t\ta[i] = nl();\n\t\treturn a;\n\t}\n}",
      "covered_code": "Given the test case input `5 10 20 30 40 50 60`, let's develop a plan to predict the code coverage of the given Java program.\n\n### PLAN for step by step execution\n\n1. **Import Statements**: Import statements are always executed. Statement `import java.util.*;` and `import java.io.*;` will be covered.\n\n2. **Main Class Declaration**: The declaration of the `public class Main` is always executed.\n\n3. **Main method declaration**: The `public static void main(String[] args)` method is always executed.\n\n4. **BufferedReader setup**: The BufferedReader is initialized and potentially set up with a FileInputStream if the `DD_PATH` environment variable is set. Since the input is provided directly, we assume the default `BufferedReader` tied to `System.in` is used, and the `DD_PATH` condition is not covered.\n\n5. **solve method call**: The `solve` method is called without any condition, so it is always executed.\n\n6. **Reading Input**: The `ni()` method reads the first two integers (5 and 10) for `n` and `m` respectively. The `na(n)` method reads the next `n` integers (20, 30, 40, 50, 60) into an array. These operations are all executed.\n\n7. **Processing**: The division by 2 of each array element, calculation of power of 2 (`div2` array), and checking for mismatch in the power of 2 for any two elements are all executed.\n\n8. **If Condition**: Since all elements (after being divided by 2) have the same power of 2, the program does not print 0 and return early; therefore, the `System.out.println(0);` inside the if condition is not executed.\n\n9. **LCM Calculation**: The least common multiple (LCM) calculation for the modified array elements and the final result calculation are executed.\n\n10. **gcd and lcm method calls**: The `gcd` and `lcm` methods are executed in the process of calculating the LCM of array elements.\n\n11. **Print Result**: Finally, the calculated result is printed.\n\n### Final Code Coverage\n\n- Import statements and class/method declarations are always executed.\n- The BufferedReader setup for `DD_PATH` is not covered since the input is direct.\n- The if condition that prints 0 and returns early if any two elements (after division by 2) do not share the same number of divisions by 2 is not executed.\n- All other parts of the code, including input reading, processing, and result printing, are executed.\n\n```\n> import java.util.*;\n> import java.io.*;\n> public class Main {\n> \tprivate static void solve(){\n> \t\tint n = ni();\n> \t\tint m = ni();\n> \t\tint[] a = na(n);\n> \t\tint[] div2 = new int[n];\n> \t\tlong result = 0;\n> \t\tfor(int i = 0; i < n; i++)a[i] /= 2;\n> \t\tfor(int i = 0; i < n; i++) {\n> \t\t\tlong tmp = a[i];\n> \t\t\twhile(tmp %2 == 0) {\n> \t\t\t\tdiv2[i]++;\n> \t\t\t\ttmp /= 2;\n> \t\t\t}\n> \t\t\tif(i > 0 && div2[i] != div2[i - 1]) {\n! \t\t\t\tSystem.out.println(0);\n! \t\t\t\treturn;\n> \t\t\t}\n> \t\t}\n> \t\tint lcm = 1;\n> \t\tfor(int i = 0; i < n; i++) {\n> \t\t\tlcm = lcm(lcm,a[i]);\n> \t\t}\n> \t\tresult = m / lcm;\n> \t\tresult = result % 2 == 1 ? result / 2 + 1 : result / 2;\n> \t\tSystem.out.println(result);\n> \t}\n> \tstatic int gcd (int a, int b) {\n> \t\treturn b > 0 ? gcd(b, a%b) : a;\n> \t}\n> \tstatic int lcm (int a, int b) {\n> \t\treturn a * b / gcd(a, b);\n> \t}\n> \tprivate static BufferedReader br;\n> \tpublic static void main(String[] args){\n> \t\tbr = new BufferedReader(new InputStreamReader(System.in));\n! \t\tString debugDataPath = System.getenv(\"DD_PATH\");        \n! \t\tif(debugDataPath != null){\n! \t\t\ttry{\n! \t\t\t\tbr = new BufferedReader(new InputStreamReader(new FileInputStream(new File(debugDataPath))));\n! \t\t\t}catch(Exception e){\n! \t\t\t\tthrow new RuntimeException(e);\n! \t\t\t}\n> \t\t}\n> \t\tsolve();\n> \t}\n> \tprivate static StringTokenizer tokenizer = null;\n> \tpublic static String next() {\n> \t\twhile (tokenizer == null || !tokenizer.hasMoreTokens()) {\n> \t\t\ttry {\n> \t\t\t\ttokenizer = new StringTokenizer(br.readLine());\n> \t\t\t} catch (Exception e) {\n> \t\t\t\tthrow new RuntimeException(e);\n> \t\t\t}\n> \t\t}\n> \t\treturn tokenizer.nextToken();\n> \t}\n> \tprivate static int ni() {\n> \t\treturn Integer.parseInt(next());\n> \t}\n> \tprivate static long nl() {\n> \t\treturn Long.parseLong(next());\n> \t}\n> \tprivate static double nd() {\n> \t\treturn Double.parseDouble(next());\n> \t}\n> \tprivate static int[] na(int n) {\n> \t\tint[] a = new int[n];\n> \t\tfor (int i = 0; i < n; i++)\n> \t\t\ta[i] = ni();\n> \t\treturn a;\n> \t}\n> \tprivate static char[] ns() {\n> \t\treturn next().toCharArray();\n> \t}\n> \tprivate static long[] nal(int n) {\n> \t\tlong[] a = new long[n];\n> \t\tfor (int i = 0; i < n; i++)\n> \t\t\ta[i] = nl();\n> \t\treturn a;\n> \t}\n> }\n```\n\n**Output**: The specific output (result) depends on the calculations done by the program based on the input provided.",
      "test_seed_coverage": [
        ">",
        ">",
        ">",
        ">",
        ">",
        ">",
        ">",
        ">",
        ">",
        ">",
        ">",
        ">",
        ">",
        ">",
        ">",
        ">",
        ">",
        ">",
        ">",
        ">",
        ">",
        ">",
        ">",
        ">",
        ">",
        ">",
        ">",
        ">",
        ">",
        ">",
        ">",
        ">",
        ">",
        ">",
        ">",
        ">",
        ">",
        ">",
        ">",
        ">",
        ">",
        ">",
        ">",
        ">",
        ">",
        ">",
        ">",
        ">",
        ">",
        ">",
        ">",
        ">",
        ">",
        ">",
        ">",
        ">",
        ">",
        ">",
        ">",
        ">",
        ">",
        ">",
        ">",
        ">",
        ">",
        ">",
        ">",
        ">",
        ">",
        ">",
        ">",
        ">",
        ">",
        ">",
        ">",
        ">",
        ">",
        ">",
        ">",
        ">",
        ">",
        ">",
        ">",
        ">"
      ],
      "cumulative_coverage": [
        ">",
        ">",
        ">",
        ">",
        ">",
        ">",
        ">",
        ">",
        ">",
        ">",
        ">",
        ">",
        ">",
        ">",
        ">",
        ">",
        ">",
        ">",
        ">",
        ">",
        ">",
        ">",
        ">",
        ">",
        ">",
        ">",
        ">",
        ">",
        ">",
        ">",
        ">",
        ">",
        ">",
        ">",
        ">",
        ">",
        ">",
        ">",
        ">",
        ">",
        ">",
        ">",
        ">",
        ">",
        ">",
        ">",
        ">",
        ">",
        ">",
        ">",
        ">",
        ">",
        ">",
        ">",
        ">",
        ">",
        ">",
        ">",
        ">",
        ">",
        ">",
        ">",
        ">",
        ">",
        ">",
        ">",
        ">",
        ">",
        ">",
        ">",
        ">",
        ">",
        ">",
        ">",
        ">",
        ">",
        ">",
        ">",
        ">",
        ">",
        ">",
        ">",
        ">",
        ">"
      ],
      "cerberus_output": "RuntimeException",
      "execution_result": "",
      "test_case_id": "3"
    },
    {
      "test_case": [
        "Test Case Input:\n2\n5\n1 2\n\nTest Case Output:\n1"
      ],
      "test_mutations": [
        "Test Case Input:\n2\n5\n1 2\n\nTest Case Output:\n1"
      ],
      "initial_code": "import java.util.*;\nimport java.io.*;\npublic class Main {\n\tprivate static void solve(){\n\t\tint n = ni();\n\t\tint m = ni();\n\t\tint[] a = na(n);\n\t\tint[] div2 = new int[n];\n\t\tlong result = 0;\n\t\tfor(int i = 0; i < n; i++)a[i] /= 2;\n\t\tfor(int i = 0; i < n; i++) {\n\t\t\tlong tmp = a[i];\n\t\t\twhile(tmp %2 == 0) {\n\t\t\t\tdiv2[i]++;\n\t\t\t\ttmp /= 2;\n\t\t\t}\n\t\t\tif(i > 0 && div2[i] != div2[i - 1]) {\n\t\t\t\tSystem.out.println(0);\n\t\t\t\treturn;\n\t\t\t}\n\t\t}\n\t\tint lcm = 1;\n\t\tfor(int i = 0; i < n; i++) {\n\t\t\tlcm = lcm(lcm,a[i]);\n\t\t}\n\t\tresult = m / lcm;\n\t\tresult = result % 2 == 1 ? result / 2 + 1 : result / 2;\n\t\tSystem.out.println(result);\n\t}\n\tstatic int gcd (int a, int b) {\n\t\treturn b > 0 ? gcd(b, a%b) : a;\n\t}\n\tstatic int lcm (int a, int b) {\n\t\treturn a * b / gcd(a, b);\n\t}\n\tprivate static BufferedReader br;\n\tpublic static void main(String[] args){\n\t\tbr = new BufferedReader(new InputStreamReader(System.in));\n\t\tString debugDataPath = System.getenv(\"DD_PATH\");        \n\t\tif(debugDataPath != null){\n\t\t\ttry{\n\t\t\t\tbr = new BufferedReader(new InputStreamReader(new FileInputStream(new File(debugDataPath))));\n\t\t\t}catch(Exception e){\n\t\t\t\tthrow new RuntimeException(e);\n\t\t\t}\n\t\t}\n\t\tsolve();\n\t}\n\tprivate static StringTokenizer tokenizer = null;\n\tpublic static String next() {\n\t\twhile (tokenizer == null || !tokenizer.hasMoreTokens()) {\n\t\t\ttry {\n\t\t\t\ttokenizer = new StringTokenizer(br.readLine());\n\t\t\t} catch (Exception e) {\n\t\t\t\tthrow new RuntimeException(e);\n\t\t\t}\n\t\t}\n\t\treturn tokenizer.nextToken();\n\t}\n\tprivate static int ni() {\n\t\treturn Integer.parseInt(next());\n\t}\n\tprivate static long nl() {\n\t\treturn Long.parseLong(next());\n\t}\n\tprivate static double nd() {\n\t\treturn Double.parseDouble(next());\n\t}\n\tprivate static int[] na(int n) {\n\t\tint[] a = new int[n];\n\t\tfor (int i = 0; i < n; i++)\n\t\t\ta[i] = ni();\n\t\treturn a;\n\t}\n\tprivate static char[] ns() {\n\t\treturn next().toCharArray();\n\t}\n\tprivate static long[] nal(int n) {\n\t\tlong[] a = new long[n];\n\t\tfor (int i = 0; i < n; i++)\n\t\t\ta[i] = nl();\n\t\treturn a;\n\t}\n}",
      "covered_code": "Given the Java program and the test case input provided, let's develop a plan for step-by-step execution to predict the code coverage.\n\n**Test Case Input:**\n2\n5\n1 2\n\n**Plan for Step-by-Step Execution:**\n\n1. **Import Statements:** Always executed.\n   > import java.util.*;\n   > import java.io.*;\n\n2. **Class Declaration:** Always executed.\n   > public class Main {\n\n3. **Main Method Declaration:** Always executed.\n   > public static void main(String[] args){\n\n4. **BufferedReader setup:** Always executed.\n   > br = new BufferedReader(new InputStreamReader(System.in));\n   > String debugDataPath = System.getenv(\"DD_PATH\");\n\n5. **Debug Data Path Check:** This would depend on whether `DD_PATH` environment variable is set or not. If it's set and pointing to a valid file, the custom `BufferedReader` setup will be executed. Otherwise, it will skip this part.\n   > if(debugDataPath != null){\n   > try{\n   > br = new BufferedReader(new InputStreamReader(new FileInputStream(new File(debugDataPath))));\n   > }catch(Exception e){\n   > throw new RuntimeException(e);\n   > }\n\n6. **solve method call:** Always executed since it's called directly from the main method.\n   > solve();\n\n7. **Execution of solve method:**\n   - Getting `n` and `m` values and initializing the array `a`: Always executed.\n     > int n = ni();\n     > int m = ni();\n     > int[] a = na(n);\n\n   - Loop to divide array elements by 2 and calculate div2 values: Executed for the length of the array `a`.\n     > for(int i = 0; i < n; i++)a[i] /= 2;\n     > for(int i = 0; i < n; i++) {\n   \n   - Checking div2 consistency and returning early if inconsistent: Executed depending on the values in `div2`. For the given input, all elements will end up being odd after the division and the loop for checking consistency will be executed. However, since it's the first element that will not trigger the condition to print 0 and return early.\n     > if(i > 0 && div2[i] != div2[i - 1]) {\n\n   - Calculating LCM and the result: Always executed after the above conditions are met.\n     > int lcm = 1;\n     > for(int i = 0; i < n; i++) {\n     > result = m / lcm;\n\n8. **gcd and lcm static methods:** These methods are executed as part of the LCM calculation.\n   > static int gcd (int a, int b) {\n   > static int lcm (int a, int b) {\n\n9. **Utility Methods (ni, na, next, etc.):** Executed as they are used to read inputs and parse them.\n\n**Predicted Code Coverage:**\n\n> import java.util.*;\n> import java.io.*;\n> public class Main {\n> private static void solve(){\n> int n = ni();\n> int m = ni();\n> int[] a = na(n);\n> int[] div2 = new int[n];\n> long result = 0;\n> for(int i = 0; i < n; i++)a[i] /= 2;\n> for(int i = 0; i < n; i++) {\n> long tmp = a[i];\n> while(tmp %2 == 0) {\n> div2[i]++;\n> tmp /= 2;\n> }\n> if(i > 0 && div2[i] != div2[i - 1]) {\n!     System.out.println(0);\n!     return;\n> }\n> }\n> int lcm = 1;\n> for(int i = 0; i < n; i++) {\n> lcm = lcm(lcm,a[i]);\n> }\n> result = m / lcm;\n> result = result % 2 == 1 ? result / 2 + 1 : result / 2;\n> System.out.println(result);\n> }\n> static int gcd (int a, int b) {\n> return b > 0 ? gcd(b, a%b) : a;\n> }\n> static int lcm (int a, int b) {\n> return a * b / gcd(a, b);\n> }\n> private static BufferedReader br;\n> public static void main(String[] args){\n> br = new BufferedReader(new InputStreamReader(System.in));\n> String debugDataPath = System.getenv(\"DD_PATH\");\n> if(debugDataPath != null){\n!     try{\n!     br = new BufferedReader(new InputStreamReader(new FileInputStream(new File(debugDataPath))));\n!     }catch(Exception e){\n!     throw new RuntimeException(e);\n!     }\n> }\n> solve();\n> }\n> private static StringTokenizer tokenizer = null;\n> public static String next() {\n> ...\n> }\n> private static int ni() {\n> ...\n> }\n> private static long nl() {\n> ...\n> }\n> private static double nd() {\n> ...\n> }\n> private static int[] na(int n) {\n> ...\n> }\n> private static char[] ns() {\n> ...\n> }\n> private static long[] nal(int n) {\n> ...\n> }\n> }\n\n**Note:** The lines involving handling `DD_PATH` are marked as not executed (!) under the assumption that `DD_PATH` is not set. If it were set, those lines would be executed instead. Similarly, the portion printing `0` and returning early is marked as not executed based on the provided input.",
      "test_seed_coverage": [
        ">",
        ">",
        ">",
        ">",
        ">",
        ">",
        ">",
        ">",
        ">",
        ">",
        ">",
        ">",
        ">",
        ">",
        ">",
        ">",
        ">",
        ">",
        ">",
        ">",
        ">",
        ">",
        ">",
        ">",
        ">",
        ">",
        ">",
        ">",
        ">",
        ">",
        ">",
        ">",
        ">",
        ">",
        ">",
        ">",
        ">",
        ">",
        ">",
        ">",
        ">",
        ">",
        ">",
        ">",
        ">",
        ">",
        ">",
        ">",
        ">",
        ">",
        ">",
        ">",
        ">",
        ">",
        ">",
        ">",
        ">",
        ">",
        ">",
        ">",
        ">",
        ">",
        ">",
        ">",
        ">",
        ">",
        ">",
        ">",
        ">",
        ">",
        ">",
        ">",
        ">",
        ">",
        ">",
        ">",
        ">",
        ">",
        ">",
        ">",
        ">",
        ">",
        ">",
        ">",
        ">",
        ">",
        ">",
        ">",
        ">",
        ">",
        ">",
        ">",
        ">",
        ">",
        ">"
      ],
      "cumulative_coverage": [
        ">",
        ">",
        ">",
        ">",
        ">",
        ">",
        ">",
        ">",
        ">",
        ">",
        ">",
        ">",
        ">",
        ">",
        ">",
        ">",
        ">",
        ">",
        ">",
        ">",
        ">",
        ">",
        ">",
        ">",
        ">",
        ">",
        ">",
        ">",
        ">",
        ">",
        ">",
        ">",
        ">",
        ">",
        ">",
        ">",
        ">",
        ">",
        ">",
        ">",
        ">",
        ">",
        ">",
        ">",
        ">",
        ">",
        ">",
        ">",
        ">",
        ">",
        ">",
        ">",
        ">",
        ">",
        ">",
        ">",
        ">",
        ">",
        ">",
        ">",
        ">",
        ">",
        ">",
        ">",
        ">",
        ">",
        ">",
        ">",
        ">",
        ">",
        ">",
        ">",
        ">",
        ">",
        ">",
        ">",
        ">",
        ">",
        ">",
        ">",
        ">",
        ">",
        ">",
        ">",
        ">",
        ">",
        ">",
        ">",
        ">",
        ">",
        ">",
        ">",
        ">",
        ">",
        ">"
      ],
      "cerberus_output": "RuntimeException",
      "execution_result": "",
      "test_case_id": "4"
    },
    {
      "test_case": [
        "Test Case Input:\n3\n5\n10 20 30"
      ],
      "test_mutations": [
        "Test Case Input:\n3\n5\n10 20 30"
      ],
      "initial_code": "import java.util.*;\nimport java.io.*;\npublic class Main {\n\tprivate static void solve(){\n\t\tint n = ni();\n\t\tint m = ni();\n\t\tint[] a = na(n);\n\t\tint[] div2 = new int[n];\n\t\tlong result = 0;\n\t\tfor(int i = 0; i < n; i++)a[i] /= 2;\n\t\tfor(int i = 0; i < n; i++) {\n\t\t\tlong tmp = a[i];\n\t\t\twhile(tmp %2 == 0) {\n\t\t\t\tdiv2[i]++;\n\t\t\t\ttmp /= 2;\n\t\t\t}\n\t\t\tif(i > 0 && div2[i] != div2[i - 1]) {\n\t\t\t\tSystem.out.println(0);\n\t\t\t\treturn;\n\t\t\t}\n\t\t}\n\t\tint lcm = 1;\n\t\tfor(int i = 0; i < n; i++) {\n\t\t\tlcm = lcm(lcm,a[i]);\n\t\t}\n\t\tresult = m / lcm;\n\t\tresult = result % 2 == 1 ? result / 2 + 1 : result / 2;\n\t\tSystem.out.println(result);\n\t}\n\tstatic int gcd (int a, int b) {\n\t\treturn b > 0 ? gcd(b, a%b) : a;\n\t}\n\tstatic int lcm (int a, int b) {\n\t\treturn a * b / gcd(a, b);\n\t}\n\tprivate static BufferedReader br;\n\tpublic static void main(String[] args){\n\t\tbr = new BufferedReader(new InputStreamReader(System.in));\n\t\tString debugDataPath = System.getenv(\"DD_PATH\");        \n\t\tif(debugDataPath != null){\n\t\t\ttry{\n\t\t\t\tbr = new BufferedReader(new InputStreamReader(new FileInputStream(new File(debugDataPath))));\n\t\t\t}catch(Exception e){\n\t\t\t\tthrow new RuntimeException(e);\n\t\t\t}\n\t\t}\n\t\tsolve();\n\t}\n\tprivate static StringTokenizer tokenizer = null;\n\tpublic static String next() {\n\t\twhile (tokenizer == null || !tokenizer.hasMoreTokens()) {\n\t\t\ttry {\n\t\t\t\ttokenizer = new StringTokenizer(br.readLine());\n\t\t\t} catch (Exception e) {\n\t\t\t\tthrow new RuntimeException(e);\n\t\t\t}\n\t\t}\n\t\treturn tokenizer.nextToken();\n\t}\n\tprivate static int ni() {\n\t\treturn Integer.parseInt(next());\n\t}\n\tprivate static long nl() {\n\t\treturn Long.parseLong(next());\n\t}\n\tprivate static double nd() {\n\t\treturn Double.parseDouble(next());\n\t}\n\tprivate static int[] na(int n) {\n\t\tint[] a = new int[n];\n\t\tfor (int i = 0; i < n; i++)\n\t\t\ta[i] = ni();\n\t\treturn a;\n\t}\n\tprivate static char[] ns() {\n\t\treturn next().toCharArray();\n\t}\n\tprivate static long[] nal(int n) {\n\t\tlong[] a = new long[n];\n\t\tfor (int i = 0; i < n; i++)\n\t\t\ta[i] = nl();\n\t\treturn a;\n\t}\n}",
      "covered_code": "Based on the provided Java program and test case, here is the plan for step-by-step execution and prediction of code coverage:\n\n1. **Import statements**: Always executed. \"import java.util.*;\" and \"import java.io.*;\" will be covered.\n\n2. **Class declaration**: Always executed. \"public class Main {\" is covered.\n\n3. **Method declarations**: \"private static void solve()\", \"static int gcd (int a, int b)\", \"static int lcm (int a, int b)\", \"public static void main(String[] args)\", \"public static String next()\", \"private static int ni()\", \"private static long nl()\", \"private static double nd()\", \"private static int[] na(int n)\", \"private static char[] ns()\", \"private static long[] nal(int n)\" are always covered as part of the class definition.\n\n4. **Main method execution**: \n   - Initialization of BufferedReader \"br\" and checking for \"DD_PATH\" environment variable are covered.\n   - The call to \"solve()\" method is executed.\n\n5. **Execution of 'solve' method**:\n   - Reading 'n' and 'm' values with \"ni()\" method calls are covered.\n   - Reading array 'a' with \"na(n)\" method call is covered.\n   - Division of array elements by 2 and calculation of 'div2' array are covered.\n   - The loop checking for equal number of division by 2 across elements and printing 0 if mismatch occurs is covered.\n   - Calculation of 'lcm' and 'result' are covered.\n   - Printing the 'result' is covered.\n\n6. **Utility methods execution**:\n   - \"gcd\" and \"lcm\" methods are called and executed as part of the LCM calculation.\n   - \"ni()\", \"nl()\", \"nd()\", \"na()\", \"ns()\", and \"nal()\" methods are utilized for input parsing and are covered.\n\nGiven the test case \"3\\n5\\n10 20 30\", the specific execution path involves:\n- Reading 'n' as 3, 'm' as 5, and array 'a' as [10, 20, 30].\n- Division of 'a' elements by 2, resulting in [5, 10, 15].\n- Calculation of 'div2' shows that not all elements have the same number of divisions by 2 (since 15 is not a power of 2 like 10 and 5), so the check will fail, and the program will print 0 and return early.\n\nFinal code coverage summary:\n> import java.util.*;\n> import java.io.*;\n> public class Main {\n> \tprivate static void solve(){\n> \t\tint n = ni();\n> \t\tint m = ni();\n> \t\tint[] a = na(n);\n> \t\tint[] div2 = new int[n];\n> \t\tlong result = 0;\n> \t\tfor(int i = 0; i < n; i++) a[i] /= 2;\n> \t\tfor(int i = 0; i < n; i++) {\n> \t\t\tlong tmp = a[i];\n> \t\t\twhile(tmp %2 == 0) {\n> \t\t\t\tdiv2[i]++;\n> \t\t\t\ttmp /= 2;\n> \t\t\t}\n> \t\t\tif(i > 0 && div2[i] != div2[i - 1]) {\n> \t\t\t\tSystem.out.println(0);\n> \t\t\t\treturn;\n> \t\t\t}\n> \t\t}\n! \t\tint lcm = 1;\n! \t\tfor(int i = 0; i < n; i++) {\n! \t\t\tlcm = lcm(lcm,a[i]);\n! \t\t}\n! \t\tresult = m / lcm;\n! \t\tresult = result % 2 == 1 ? result / 2 + 1 : result / 2;\n! \t\tSystem.out.println(result);\n> \t}\n> \tstatic int gcd (int a, int b) {\n! \t\treturn b > 0 ? gcd(b, a%b) : a;\n> \t}\n> \tstatic int lcm (int a, int b) {\n! \t\treturn a * b / gcd(a, b);\n> \t}\n> \tprivate static BufferedReader br;\n> \tpublic static void main(String[] args){\n> \t\tbr = new BufferedReader(new InputStreamReader(System.in));\n> \t\tString debugDataPath = System.getenv(\"DD_PATH\");        \n> \t\tif(debugDataPath != null){\n> \t\t\ttry{\n> \t\t\t\tbr = new BufferedReader(new InputStreamReader(new FileInputStream(new File(debugDataPath))));\n> \t\t\t}catch(Exception e){\n> \t\t\t\tthrow new RuntimeException(e);\n> \t\t\t}\n> \t\t}\n> \t\tsolve();\n> \t}\n> \tprivate static StringTokenizer tokenizer = null;\n> \tpublic static String next() {\n> \t\twhile (tokenizer == null || !tokenizer.hasMoreTokens()) {\n> \t\t\ttry {\n> \t\t\t\ttokenizer = new StringTokenizer(br.readLine());\n> \t\t\t} catch (Exception e) {\n> \t\t\t\tthrow new RuntimeException(e);\n> \t\t\t}\n> \t\t}\n> \t\treturn tokenizer.nextToken();\n> \t}\n> \tprivate static int ni() {\n> \t\treturn Integer.parseInt(next());\n> \t}\n> \tprivate static long nl() {\n> \t\treturn Long.parseLong(next());\n> \t}\n> \tprivate static double nd() {\n> \t\treturn Double.parseDouble(next());\n> \t}\n> \tprivate static int[] na(int n) {\n> \t\tint[] a = new int[n];\n> \t\tfor (int i = 0; i < n; i++)\n> \t\t\ta[i] = ni();\n> \t\treturn a;\n> \t}\n> \tprivate static char[] ns() {\n> \t\treturn next().toCharArray();\n> \t}\n> \tprivate static long[] nal(int n) {\n> \t\tlong[] a = new long[n];\n> \t\tfor (int i = 0; i < n; i++)\n> \t\t\ta[i] = nl();\n> \t\treturn a;\n> \t}\n> }\n\nOutput:\nSince the \"solve\" method prints 0 and returns early due to the mismatch in the number of divisions by 2 among the elements, the rest of the calculations for lcm and result are not executed.",
      "test_seed_coverage": [
        ">",
        ">",
        ">",
        ">",
        ">",
        ">",
        ">",
        ">",
        ">",
        ">",
        ">",
        ">",
        ">",
        ">",
        ">",
        ">",
        ">",
        ">",
        ">",
        ">",
        ">",
        ">",
        ">",
        ">",
        ">",
        ">",
        ">",
        ">",
        ">",
        ">",
        ">",
        ">",
        ">",
        ">",
        ">",
        ">",
        ">",
        ">",
        ">",
        ">",
        ">",
        ">",
        ">",
        ">",
        ">",
        ">",
        ">",
        ">",
        ">",
        ">",
        ">",
        ">",
        ">",
        ">",
        ">",
        ">",
        ">",
        ">",
        ">",
        ">",
        ">",
        ">",
        ">",
        ">",
        ">",
        ">",
        ">",
        ">",
        ">",
        ">",
        ">",
        ">",
        ">",
        ">",
        ">",
        ">",
        ">",
        ">",
        ">",
        ">",
        ">",
        ">",
        ">",
        ">"
      ],
      "cumulative_coverage": [
        ">",
        ">",
        ">",
        ">",
        ">",
        ">",
        ">",
        ">",
        ">",
        ">",
        ">",
        ">",
        ">",
        ">",
        ">",
        ">",
        ">",
        ">",
        ">",
        ">",
        ">",
        ">",
        ">",
        ">",
        ">",
        ">",
        ">",
        ">",
        ">",
        ">",
        ">",
        ">",
        ">",
        ">",
        ">",
        ">",
        ">",
        ">",
        ">",
        ">",
        ">",
        ">",
        ">",
        ">",
        ">",
        ">",
        ">",
        ">",
        ">",
        ">",
        ">",
        ">",
        ">",
        ">",
        ">",
        ">",
        ">",
        ">",
        ">",
        ">",
        ">",
        ">",
        ">",
        ">",
        ">",
        ">",
        ">",
        ">",
        ">",
        ">",
        ">",
        ">",
        ">",
        ">",
        ">",
        ">",
        ">",
        ">",
        ">",
        ">",
        ">",
        ">",
        ">",
        ">"
      ],
      "cerberus_output": "RuntimeException",
      "execution_result": "",
      "test_case_id": "5"
    },
    {
      "test_case": [
        "Test Case Input:\n5\n0 0 0 0 0"
      ],
      "test_mutations": [
        "Test Case Input:\n5\n0 0 0 0 0"
      ],
      "initial_code": "import java.util.*;\nimport java.io.*;\npublic class Main {\n\tprivate static void solve(){\n\t\tint n = ni();\n\t\tint m = ni();\n\t\tint[] a = na(n);\n\t\tint[] div2 = new int[n];\n\t\tlong result = 0;\n\t\tfor(int i = 0; i < n; i++)a[i] /= 2;\n\t\tfor(int i = 0; i < n; i++) {\n\t\t\tlong tmp = a[i];\n\t\t\twhile(tmp %2 == 0) {\n\t\t\t\tdiv2[i]++;\n\t\t\t\ttmp /= 2;\n\t\t\t}\n\t\t\tif(i > 0 && div2[i] != div2[i - 1]) {\n\t\t\t\tSystem.out.println(0);\n\t\t\t\treturn;\n\t\t\t}\n\t\t}\n\t\tint lcm = 1;\n\t\tfor(int i = 0; i < n; i++) {\n\t\t\tlcm = lcm(lcm,a[i]);\n\t\t}\n\t\tresult = m / lcm;\n\t\tresult = result % 2 == 1 ? result / 2 + 1 : result / 2;\n\t\tSystem.out.println(result);\n\t}\n\tstatic int gcd (int a, int b) {\n\t\treturn b > 0 ? gcd(b, a%b) : a;\n\t}\n\tstatic int lcm (int a, int b) {\n\t\treturn a * b / gcd(a, b);\n\t}\n\tprivate static BufferedReader br;\n\tpublic static void main(String[] args){\n\t\tbr = new BufferedReader(new InputStreamReader(System.in));\n\t\tString debugDataPath = System.getenv(\"DD_PATH\");        \n\t\tif(debugDataPath != null){\n\t\t\ttry{\n\t\t\t\tbr = new BufferedReader(new InputStreamReader(new FileInputStream(new File(debugDataPath))));\n\t\t\t}catch(Exception e){\n\t\t\t\tthrow new RuntimeException(e);\n\t\t\t}\n\t\t}\n\t\tsolve();\n\t}\n\tprivate static StringTokenizer tokenizer = null;\n\tpublic static String next() {\n\t\twhile (tokenizer == null || !tokenizer.hasMoreTokens()) {\n\t\t\ttry {\n\t\t\t\ttokenizer = new StringTokenizer(br.readLine());\n\t\t\t} catch (Exception e) {\n\t\t\t\tthrow new RuntimeException(e);\n\t\t\t}\n\t\t}\n\t\treturn tokenizer.nextToken();\n\t}\n\tprivate static int ni() {\n\t\treturn Integer.parseInt(next());\n\t}\n\tprivate static long nl() {\n\t\treturn Long.parseLong(next());\n\t}\n\tprivate static double nd() {\n\t\treturn Double.parseDouble(next());\n\t}\n\tprivate static int[] na(int n) {\n\t\tint[] a = new int[n];\n\t\tfor (int i = 0; i < n; i++)\n\t\t\ta[i] = ni();\n\t\treturn a;\n\t}\n\tprivate static char[] ns() {\n\t\treturn next().toCharArray();\n\t}\n\tprivate static long[] nal(int n) {\n\t\tlong[] a = new long[n];\n\t\tfor (int i = 0; i < n; i++)\n\t\t\ta[i] = nl();\n\t\treturn a;\n\t}\n}",
      "covered_code": "Given the test case input `5 0 0 0 0 0`, let's follow a plan similar to the previous one to predict the code coverage.\n\n1. **Import Statements**: Always executed.\n   > import java.util.*;\n   > import java.io.*;\n\n2. **Class Declaration**: Always executed.\n   > public class Main {\n\n3. **Method Declarations**: Declarations are always recognized but their execution depends on if they are called.\n   > private static void solve(){\n   > static int gcd (int a, int b) {\n   > static int lcm (int a, int b) {\n   > public static void main(String[] args){\n   > private static int ni() {\n   > private static long nl() {\n   > private static double nd() {\n   > private static int[] na(int n) {\n   > private static char[] ns() {\n   > private static long[] nal(int n) {\n\n4. **Main Method Execution**: Always executed.\n   > br = new BufferedReader(new InputStreamReader(System.in));\n   \n   Since `debugDataPath` is not specified in the test case, we'll skip the if condition and its content.\n   \n   > solve(); // This call will execute the `solve` method.\n\n5. **Solve Method Execution**:\n   - Reading `n` and `m`, and initializing arrays are always executed.\n     > int n = ni();\n     > int m = ni();\n     > int[] a = na(n);\n     > int[] div2 = new int[n];\n   \n   - The first for-loop divides each element by 2, which is executed since `n` is not zero.\n     > for(int i = 0; i < n; i++)a[i] /= 2;\n   \n   - The second for-loop checks the divisibility by 2 and updates `div2`, and also checks if `div2[i]` is not equal to `div2[i - 1]` for `i > 0`, but since all elements are 0, `div2[i]` will always be 0, and the condition to print `0` and return will not be executed.\n     > for(int i = 0; i < n; i++) { ... }\n     ! System.out.println(0);\n\n   - The calculation of `lcm` and `result` will be executed, but due to all elements being 0, the program will likely encounter a runtime error when trying to compute lcm due to division by zero.\n     > int lcm = 1;\n     > for(int i = 0; i < n; i++) {\n     > result = m / lcm;\n     > result = result % 2 == 1 ? result / 2 + 1 : result / 2;\n     > System.out.println(result);\n\n6. **gcd and lcm Method Execution**: `gcd` and `lcm` are executed as part of the `lcm` calculation. However, the calculation of lcm with 0 elements will raise an exception.\n   > static int gcd (int a, int b) {\n   > static int lcm (int a, int b) {\n\n7. **Helper Methods**: `ni()`, `na(n)`, and other helper methods are executed as part of the input processing.\n   > private static int ni() {\n   > private static int[] na(int n) {\n   ...\n\nGiven this analysis, we expect the `lcm` method to encounter a division by zero when processing the input `0 0 0 0 0`, leading to an ArithmeticException.\n\n**OUTPUT**:\n```\nError: ArithmeticException = Division by zero\n```\n\n**Code Coverage**:\n- Most of the code is covered, except for the specific `System.out.println(0);` line within the `solve` method, which is conditioned on finding mismatched divisibility by 2 among the elements (which doesn't happen in this case).\n- The actual runtime exception (ArithmeticException due to division by zero in the `lcm` method) interrupts the normal flow, impacting the overall execution and coverage of some parts of the code.",
      "test_seed_coverage": [
        ">",
        ">",
        ">",
        ">",
        ">",
        ">",
        ">",
        ">",
        ">",
        ">",
        ">",
        ">",
        ">",
        ">",
        ">",
        ">",
        ">",
        ">",
        ">",
        ">",
        ">",
        ">",
        ">",
        ">",
        ">",
        ">",
        ">",
        ">",
        ">",
        ">",
        ">",
        ">",
        ">",
        ">",
        ">",
        ">",
        ">",
        ">",
        ">",
        ">",
        ">",
        ">",
        ">",
        ">",
        ">",
        ">",
        ">",
        ">",
        ">",
        ">",
        ">",
        ">",
        ">",
        ">",
        ">",
        ">",
        ">",
        ">",
        ">",
        ">",
        ">",
        ">",
        ">",
        ">",
        ">",
        ">",
        ">",
        ">",
        ">",
        ">",
        ">",
        ">",
        ">",
        ">",
        ">",
        ">",
        ">",
        ">",
        ">",
        ">",
        ">",
        ">",
        ">",
        ">"
      ],
      "cumulative_coverage": [
        ">",
        ">",
        ">",
        ">",
        ">",
        ">",
        ">",
        ">",
        ">",
        ">",
        ">",
        ">",
        ">",
        ">",
        ">",
        ">",
        ">",
        ">",
        ">",
        ">",
        ">",
        ">",
        ">",
        ">",
        ">",
        ">",
        ">",
        ">",
        ">",
        ">",
        ">",
        ">",
        ">",
        ">",
        ">",
        ">",
        ">",
        ">",
        ">",
        ">",
        ">",
        ">",
        ">",
        ">",
        ">",
        ">",
        ">",
        ">",
        ">",
        ">",
        ">",
        ">",
        ">",
        ">",
        ">",
        ">",
        ">",
        ">",
        ">",
        ">",
        ">",
        ">",
        ">",
        ">",
        ">",
        ">",
        ">",
        ">",
        ">",
        ">",
        ">",
        ">",
        ">",
        ">",
        ">",
        ">",
        ">",
        ">",
        ">",
        ">",
        ">",
        ">",
        ">",
        ">"
      ],
      "cerberus_output": "ArithmeticException",
      "execution_result": "",
      "test_case_id": "6"
    }
  ]
}