{
  "submission_id": "s848854755",
  "cycles": [
    {
      "test_case": [
        "Test Case Input:\n1\nab"
      ],
      "test_mutations": [
        "Test Case Input:\n1\nab"
      ],
      "initial_code": "import java.io.*;\nimport java.util.*;\npublic class Main {\n\tboolean main() throws IOException {\n\t\tString ss = reader.readLine();\n\t\tString[] sp = ss.split(\" \");\n\t\tString sss = sp[0];\n\t\tint N;\n\t\ttry {\n\t\t\tN = Integer.parseInt(sss);\n\t\t}catch(Exception e) {\n\t\t\tif (sss.length() == 0)\n\t\t\t\tthrow new IOException();\n\t\t\treturn false; \n\t\t}\n\t\tif (N == 0) \n\t\t\treturn false; \n\t\tList<String> list = new ArrayList<String>();\n\t\tint[] cnt = new int[26]; \n\t\tint[] flag = new int[26]; \n\t\tfor(int i = 0; i < N; i++) {\n\t\t\tString s = reader.readLine();\n\t\t\tlist.add(s);\n\t\t\tchar c1 = s.charAt(0); \n\t\t\tchar c2 = s.charAt(s.length() - 1); \n\t\t\tcnt[c1 - 'a']++;\n\t\t\tflag[c1 - 'a'] = 1;\n\t\t\tcnt[c2 - 'a']--;\n\t\t}\n\t\tboolean dame = false;\n\t\tfor(int i = 0; i < cnt.length; i++) {\n\t\t\tif (cnt[i] != 0) {\n\t\t\t\tdame = true;\n\t\t\t\tbreak;\n\t\t\t}\n\t\t}\n\t\tif (!dame) {\n\t\t\tString s = list.get(0);\n\t\t\tchar c1 = s.charAt(0); \n\t\t\tchar c2 = s.charAt(s.length() - 1); \n\t\t\tflag[c1 - 'a'] = 0;\n\t\t\tfor(;;) {\n\t\t\t\tboolean modify = false;\n\t\t\t\tfor(int i = 0; i < list.size(); i++) {\n\t\t\t\t\ts = list.get(i);\n\t\t\t\t\tc1 = s.charAt(0); \n\t\t\t\t\tc2 = s.charAt(s.length() - 1); \n\t\t\t\t\tif (flag[c1 - 'a'] == 0 && flag[c2 - 'a'] != 0) {\n\t\t\t\t\t\tflag[c2 - 'a'] = 0;\n\t\t\t\t\t\tmodify = true;\n\t\t\t\t\t}\n\t\t\t\t}\n\t\t\t\tif (!modify)\n\t\t\t\t\tbreak;\n\t\t\t}\n\t\t\tfor(int i = 0; i < flag.length; i++) {\n\t\t\t\tif (flag[i] != 0) {\n\t\t\t\t\tdame = true;\n\t\t\t\t\tbreak;\n\t\t\t\t}\n\t\t\t}\n\t\t}\n\t\tSystem.out.printf(\"%s\\n\", dame ? \"NG\" : \"OK\");\n\t\treturn true; \n\t}\n\tprivate final static boolean DEBUG = false; \n\tpublic static void main(String[] args) throws IOException {\n\t\tif (DEBUG) {\n\t\t\tlog = System.out;\n\t\t\tString inputStr = \"7\\nab\\nbc\\nca\\nde\\nef\\nfg\\ngd\\n\" + \"0\\n\";\n\t\t\treader = new BufferedReader(new StringReader(inputStr)); \n\t\t}\n\t\telse {\n\t\t\tlog = new PrintStream(new OutputStream() { public void write(int b) {} } ); \n\t\t\treader = new BufferedReader(new InputStreamReader(System.in)); \n\t\t}\n\t\tfor(int i = 0; ; i++) {\n\t\t\tboolean b = new Main().main();\n\t\t\tif (!b)\n\t\t\t\tbreak;\n\t\t}\t\t\n\t\treader.close();\n\t}\n\tstatic PrintStream log;\n\tstatic BufferedReader reader;\n\tprivate static int[] readIntArray() throws IOException {\n\t\tString s = reader.readLine();\n\t\tif (s == null)\n\t\t\treturn null;\n\t\tString[] sp = s.split(\" \");\n\t\tint[] a = new int[sp.length];\n\t\tfor(int i = 0; i < sp.length; i++) {\n\t\t\ta[i] = Integer.parseInt(sp[i]);\n\t\t}\n\t\treturn a;\n\t}\n}",
      "covered_code": "Given the test case input `1\\nab`, let's develop a plan for execution and predict the code coverage:\n\n**PLAN for Step by Step Execution:**\n\n1. Import statements: Always executed. Statement `import java.io.*; import java.util.*;` will be covered.\n\n2. Class Declaration: Always executed. Statement `public class Main {` is covered.\n\n3. Main method declaration: Always executed. Statement `public static void main(String[] args) throws IOException {` is covered.\n\n4. Initialization of `reader` and `log`: Based on the condition DEBUG, since it is false by default, the else part will execute. So, statements initializing `reader` as a `BufferedReader` for standard input and `log` as a `PrintStream` that does nothing will be covered.\n\n5. Infinite loop for calling the `main` method of Main class instances: The loop will execute at least once because it is unconditional. The condition to break out of the loop depends on the return value of the `main` method of the Main class. Since the test case provides input that will be processed, statements inside the loop are covered until a condition causes a break.\n\n6. Main Method Execution:\n   - The `main` method reads the first line and splits it, expecting to parse an integer from it. Since the input is `1`, it will successfully parse and proceed without catching an exception. Therefore, the try block is executed, and the catch block is not.\n   - The if condition checking for `N == 0` is not satisfied, so the code proceeds without executing the return statement inside this condition.\n   - The for loop for reading additional lines based on `N` value will execute once, adding one string to the list and updating `cnt` and `flag` arrays accordingly.\n   - The logic after the for loop checks for conditions to print \"OK\" or \"NG\". Given that there is only one string, the specific paths taken through this logic depend on the detailed implementation of the algorithm and the input string.\n\n7. The `printf` statement at the end of the `main` method is executed to print either \"OK\" or \"NG\" based on the logic processing.\n\n8. The `main` method in the Main class returns a boolean value. Depending on this value, the loop in the `main` method may continue or break.\n\n9. The `reader.close();` statement in the `main` method is executed at the end.\n\n**Predicted Code Coverage:**\n\n- Import statements, class, and method declarations: Always covered.\n- Initialization of `reader` and `log` for standard input and a dummy output: Covered.\n- Logic to parse the first line and determine the flow based on it: Covered.\n- For loop based on `N` and subsequent logic for processing strings and determining the output: Covered until the specific condition to break the infinite loop in the `main` method is met.\n- Closing of the `reader`: Covered.\n\nGiven the specific input `1\\nab`, the coverage depends on the paths taken within the logic after the for loop, which processes the single input string. However, the general structure of the program, including initialization, input reading, and condition checking, is covered by this test case. The exact statements within the complex logic for checking conditions after processing the input might vary in coverage based on the specifics of the algorithm and the input provided.",
      "test_seed_coverage": [
        ">",
        ">",
        ">",
        ">",
        ">",
        ">",
        ">",
        ">",
        ">",
        ">",
        ">",
        ">",
        ">",
        ">",
        ">",
        ">",
        ">",
        ">",
        ">",
        ">",
        ">",
        ">",
        ">",
        ">",
        ">",
        ">",
        ">",
        ">",
        ">",
        ">",
        ">",
        ">",
        ">",
        ">",
        ">",
        ">",
        ">",
        ">",
        ">",
        ">",
        ">",
        ">",
        ">",
        ">",
        ">",
        ">",
        ">",
        ">",
        ">",
        ">",
        ">",
        ">",
        ">",
        ">",
        ">",
        ">",
        ">",
        ">",
        ">",
        ">",
        ">",
        ">",
        ">",
        ">",
        ">",
        ">",
        ">",
        ">",
        ">",
        ">",
        ">",
        ">",
        ">",
        ">",
        ">",
        ">",
        ">",
        ">",
        ">",
        ">",
        ">",
        ">",
        ">",
        ">",
        ">",
        ">",
        ">",
        ">",
        ">",
        ">",
        ">",
        ">",
        ">",
        ">",
        ">",
        ">",
        ">"
      ],
      "cumulative_coverage": [
        ">",
        ">",
        ">",
        ">",
        ">",
        ">",
        ">",
        ">",
        ">",
        ">",
        ">",
        ">",
        ">",
        ">",
        ">",
        ">",
        ">",
        ">",
        ">",
        ">",
        ">",
        ">",
        ">",
        ">",
        ">",
        ">",
        ">",
        ">",
        ">",
        ">",
        ">",
        ">",
        ">",
        ">",
        ">",
        ">",
        ">",
        ">",
        ">",
        ">",
        ">",
        ">",
        ">",
        ">",
        ">",
        ">",
        ">",
        ">",
        ">",
        ">",
        ">",
        ">",
        ">",
        ">",
        ">",
        ">",
        ">",
        ">",
        ">",
        ">",
        ">",
        ">",
        ">",
        ">",
        ">",
        ">",
        ">",
        ">",
        ">",
        ">",
        ">",
        ">",
        ">",
        ">",
        ">",
        ">",
        ">",
        ">",
        ">",
        ">",
        ">",
        ">",
        ">",
        ">",
        ">",
        ">",
        ">",
        ">",
        ">",
        ">",
        ">",
        ">",
        ">",
        ">",
        ">",
        ">",
        ">"
      ],
      "execution_error": "Exception in thread \"main\" java.lang.NullPointerException: Cannot invoke \"String.split(String)\" because \"<local1>\" is null\n\tat Main.main(Main.java:6)\n\tat Main.main(Main.java:78)",
      "cerberus_output": "",
      "execution_result": "NullPointerException",
      "test_case_id": "1"
    },
    {
      "test_case": [
        "Test Case Input:\n7\nab\nbc\nca\nde\nef\nfg\ngd\n0"
      ],
      "test_mutations": [
        "Test Case Input:\n7\nab\nbc\nca\nde\nef\nfg\ngd\n0"
      ],
      "initial_code": "import java.io.*;\nimport java.util.*;\npublic class Main {\n\tboolean main() throws IOException {\n\t\tString ss = reader.readLine();\n\t\tString[] sp = ss.split(\" \");\n\t\tString sss = sp[0];\n\t\tint N;\n\t\ttry {\n\t\t\tN = Integer.parseInt(sss);\n\t\t}catch(Exception e) {\n\t\t\tif (sss.length() == 0)\n\t\t\t\tthrow new IOException();\n\t\t\treturn false; \n\t\t}\n\t\tif (N == 0) \n\t\t\treturn false; \n\t\tList<String> list = new ArrayList<String>();\n\t\tint[] cnt = new int[26]; \n\t\tint[] flag = new int[26]; \n\t\tfor(int i = 0; i < N; i++) {\n\t\t\tString s = reader.readLine();\n\t\t\tlist.add(s);\n\t\t\tchar c1 = s.charAt(0); \n\t\t\tchar c2 = s.charAt(s.length() - 1); \n\t\t\tcnt[c1 - 'a']++;\n\t\t\tflag[c1 - 'a'] = 1;\n\t\t\tcnt[c2 - 'a']--;\n\t\t}\n\t\tboolean dame = false;\n\t\tfor(int i = 0; i < cnt.length; i++) {\n\t\t\tif (cnt[i] != 0) {\n\t\t\t\tdame = true;\n\t\t\t\tbreak;\n\t\t\t}\n\t\t}\n\t\tif (!dame) {\n\t\t\tString s = list.get(0);\n\t\t\tchar c1 = s.charAt(0); \n\t\t\tchar c2 = s.charAt(s.length() - 1); \n\t\t\tflag[c1 - 'a'] = 0;\n\t\t\tfor(;;) {\n\t\t\t\tboolean modify = false;\n\t\t\t\tfor(int i = 0; i < list.size(); i++) {\n\t\t\t\t\ts = list.get(i);\n\t\t\t\t\tc1 = s.charAt(0); \n\t\t\t\t\tc2 = s.charAt(s.length() - 1); \n\t\t\t\t\tif (flag[c1 - 'a'] == 0 && flag[c2 - 'a'] != 0) {\n\t\t\t\t\t\tflag[c2 - 'a'] = 0;\n\t\t\t\t\t\tmodify = true;\n\t\t\t\t\t}\n\t\t\t\t}\n\t\t\t\tif (!modify)\n\t\t\t\t\tbreak;\n\t\t\t}\n\t\t\tfor(int i = 0; i < flag.length; i++) {\n\t\t\t\tif (flag[i] != 0) {\n\t\t\t\t\tdame = true;\n\t\t\t\t\tbreak;\n\t\t\t\t}\n\t\t\t}\n\t\t}\n\t\tSystem.out.printf(\"%s\\n\", dame ? \"NG\" : \"OK\");\n\t\treturn true; \n\t}\n\tprivate final static boolean DEBUG = false; \n\tpublic static void main(String[] args) throws IOException {\n\t\tif (DEBUG) {\n\t\t\tlog = System.out;\n\t\t\tString inputStr = \"7\\nab\\nbc\\nca\\nde\\nef\\nfg\\ngd\\n\" + \"0\\n\";\n\t\t\treader = new BufferedReader(new StringReader(inputStr)); \n\t\t}\n\t\telse {\n\t\t\tlog = new PrintStream(new OutputStream() { public void write(int b) {} } ); \n\t\t\treader = new BufferedReader(new InputStreamReader(System.in)); \n\t\t}\n\t\tfor(int i = 0; ; i++) {\n\t\t\tboolean b = new Main().main();\n\t\t\tif (!b)\n\t\t\t\tbreak;\n\t\t}\t\t\n\t\treader.close();\n\t}\n\tstatic PrintStream log;\n\tstatic BufferedReader reader;\n\tprivate static int[] readIntArray() throws IOException {\n\t\tString s = reader.readLine();\n\t\tif (s == null)\n\t\t\treturn null;\n\t\tString[] sp = s.split(\" \");\n\t\tint[] a = new int[sp.length];\n\t\tfor(int i = 0; i < sp.length; i++) {\n\t\t\ta[i] = Integer.parseInt(sp[i]);\n\t\t}\n\t\treturn a;\n\t}\n}",
      "covered_code": "Given the instructions and the Java program, the plan for executing the program with the provided test input and predicting the code coverage is as follows:\n\n1. **Import Statements Execution**: Always executed.\n2. **Main Class Declaration**: Always executed.\n3. **Main Method Declaration**: Always executed.\n4. **DEBUG Constant and Conditional Initialization**: The DEBUG constant is false by default, so the `else` block initializing the `reader` with `System.in` is executed.\n5. **Infinite Loop for Reading and Processing Input**: Due to the infinite loop in the main method, the program keeps reading input until a condition to break the loop is met.\n6. **Reading and Splitting the Input Line**: The first line read is expected to be a number indicating how many strings follow. However, due to the test input structure, this will throw an IOException since the input does not start with a number.\n7. **Exception Handling**: The program catches the exception and checks if the input string length is 0 to throw an IOException, or returns false otherwise. In this case, the input string does not start with a number and is not empty, so the catch block is executed but does not throw an IOException; it returns false instead.\n8. **Breaking the Infinite Loop**: Since the method returns false, the infinite loop in the main method breaks.\n9. **Closing the BufferedReader**: The `reader.close();` statement is executed after breaking the loop.\n\nBased on this plan, the code coverage is as follows:\n\n```\n> import java.io.*;\n> import java.util.*;\n> public class Main {\n>     boolean main() throws IOException {\n>         String ss = reader.readLine();\n>         String[] sp = ss.split(\" \");\n>         String sss = sp[0];\n>         int N;\n>         try {\n>             N = Integer.parseInt(sss);\n!         } catch(Exception e) {\n>             if (sss.length() == 0)\n!                 throw new IOException();\n>             return false; \n>         }\n!         if (N == 0) \n!             return false; \n!         List<String> list = new ArrayList<String>();\n!         int[] cnt = new int[26]; \n!         int[] flag = new int[26]; \n!         for(int i = 0; i < N; i++) {\n!             String s = reader.readLine();\n!             list.add(s);\n!             char c1 = s.charAt(0); \n!             char c2 = s.charAt(s.length() - 1); \n!             cnt[c1 - 'a']++;\n!             flag[c1 - 'a'] = 1;\n!             cnt[c2 - 'a']--;\n!         }\n!         boolean dame = false;\n!         for(int i = 0; i < cnt.length; i++) {\n!             if (cnt[i] != 0) {\n!                 dame = true;\n!                 break;\n!             }\n!         }\n!         if (!dame) {\n!             String s = list.get(0);\n!             char c1 = s.charAt(0); \n!             char c2 = s.charAt(s.length() - 1); \n!             flag[c1 - 'a'] = 0;\n!             for(;;) {\n!                 boolean modify = false;\n!                 for(int i = 0; i < list.size(); i++) {\n!                     s = list.get(i);\n!                     c1 = s.charAt(0); \n!                     c2 = s.charAt(s.length() - 1); \n!                     if (flag[c1 - 'a'] == 0 && flag[c2 - 'a'] != 0) {\n!                         flag[c2 - 'a'] = 0;\n!                         modify = true;\n!                     }\n!                 }\n!                 if (!modify)\n!                     break;\n!             }\n!             for(int i = 0; i < flag.length; i++) {\n!                 if (flag[i] != 0) {\n!                     dame = true;\n!                     break;\n!                 }\n!             }\n!         }\n>         System.out.printf(\"%s\\n\", dame ? \"NG\" : \"OK\");\n>         return true; \n>     }\n>     private final static boolean DEBUG = false; \n>     public static void main(String[] args) throws IOException {\n>         if (DEBUG) {\n!             log = System.out;\n!             String inputStr = \"7\\nab\\nbc\\nca\\nde\\nef\\nfg\\ngd\\n\" + \"0\\n\";\n!             reader = new BufferedReader(new StringReader(inputStr)); \n>         }\n>         else {\n>             log = new PrintStream(new OutputStream() { public void write(int b) {} } ); \n>             reader = new BufferedReader(new InputStreamReader(System.in)); \n>         }\n>         for(int i = 0; ; i++) {\n>             boolean b = new Main().main();\n>             if (!b)\n>                 break;\n>         }       \n>         reader.close();\n>     }\n>     static PrintStream log;\n>     static BufferedReader reader;\n!     private static int[] readIntArray() throws IOException {\n!         String s = reader.readLine();\n!         if (s == null)\n!             return null;\n!         String[] sp = s.split(\" \");\n!         int[] a = new int[sp.length];\n!         for(int i = 0; i < sp.length; i++) {\n!             a[i] = Integer.parseInt(sp[i]);\n!         }\n!         return a;\n>     }\n> }\n```\n\nSince the actual execution deviates from the normal flow due to an exception in parsing the initial input (it expects a number but gets a string), significant portions of the main logic (loops, if conditions within the try block) are not executed.",
      "test_seed_coverage": [
        ">",
        ">",
        ">",
        ">",
        ">",
        ">",
        ">",
        ">",
        ">",
        ">",
        ">",
        ">",
        ">",
        ">",
        ">",
        ">",
        ">",
        ">",
        ">",
        ">",
        ">",
        ">",
        ">",
        ">",
        ">",
        ">",
        ">",
        ">",
        ">",
        ">",
        ">",
        ">",
        ">",
        ">",
        ">",
        ">",
        ">",
        ">",
        ">",
        ">",
        ">",
        ">",
        ">",
        ">",
        ">",
        ">",
        ">",
        ">",
        ">",
        ">",
        ">",
        ">",
        ">",
        ">",
        ">",
        ">",
        ">",
        ">",
        ">",
        ">",
        ">",
        ">",
        ">",
        ">",
        ">",
        ">",
        ">",
        ">",
        ">",
        ">",
        ">",
        ">",
        ">",
        ">",
        ">",
        ">",
        ">",
        ">",
        ">",
        ">",
        ">",
        ">",
        ">",
        ">",
        ">",
        ">",
        ">",
        ">",
        ">",
        ">",
        ">",
        ">",
        ">",
        ">",
        ">",
        ">",
        ">"
      ],
      "cumulative_coverage": [
        ">",
        ">",
        ">",
        ">",
        ">",
        ">",
        ">",
        ">",
        ">",
        ">",
        ">",
        ">",
        ">",
        ">",
        ">",
        ">",
        ">",
        ">",
        ">",
        ">",
        ">",
        ">",
        ">",
        ">",
        ">",
        ">",
        ">",
        ">",
        ">",
        ">",
        ">",
        ">",
        ">",
        ">",
        ">",
        ">",
        ">",
        ">",
        ">",
        ">",
        ">",
        ">",
        ">",
        ">",
        ">",
        ">",
        ">",
        ">",
        ">",
        ">",
        ">",
        ">",
        ">",
        ">",
        ">",
        ">",
        ">",
        ">",
        ">",
        ">",
        ">",
        ">",
        ">",
        ">",
        ">",
        ">",
        ">",
        ">",
        ">",
        ">",
        ">",
        ">",
        ">",
        ">",
        ">",
        ">",
        ">",
        ">",
        ">",
        ">",
        ">",
        ">",
        ">",
        ">",
        ">",
        ">",
        ">",
        ">",
        ">",
        ">",
        ">",
        ">",
        ">",
        ">",
        ">",
        ">",
        ">"
      ],
      "execution_output": "NG",
      "cerberus_output": "",
      "execution_result": "",
      "test_case_id": "2"
    },
    {
      "test_case": [
        "Test Case Input:\n7\nab\nbc\nca\nde\nef\nfg\ngd\n0"
      ],
      "test_mutations": [
        "Test Case Input:\n7\nab\nbc\nca\nde\nef\nfg\ngd\n0"
      ],
      "initial_code": "import java.io.*;\nimport java.util.*;\npublic class Main {\n\tboolean main() throws IOException {\n\t\tString ss = reader.readLine();\n\t\tString[] sp = ss.split(\" \");\n\t\tString sss = sp[0];\n\t\tint N;\n\t\ttry {\n\t\t\tN = Integer.parseInt(sss);\n\t\t}catch(Exception e) {\n\t\t\tif (sss.length() == 0)\n\t\t\t\tthrow new IOException();\n\t\t\treturn false; \n\t\t}\n\t\tif (N == 0) \n\t\t\treturn false; \n\t\tList<String> list = new ArrayList<String>();\n\t\tint[] cnt = new int[26]; \n\t\tint[] flag = new int[26]; \n\t\tfor(int i = 0; i < N; i++) {\n\t\t\tString s = reader.readLine();\n\t\t\tlist.add(s);\n\t\t\tchar c1 = s.charAt(0); \n\t\t\tchar c2 = s.charAt(s.length() - 1); \n\t\t\tcnt[c1 - 'a']++;\n\t\t\tflag[c1 - 'a'] = 1;\n\t\t\tcnt[c2 - 'a']--;\n\t\t}\n\t\tboolean dame = false;\n\t\tfor(int i = 0; i < cnt.length; i++) {\n\t\t\tif (cnt[i] != 0) {\n\t\t\t\tdame = true;\n\t\t\t\tbreak;\n\t\t\t}\n\t\t}\n\t\tif (!dame) {\n\t\t\tString s = list.get(0);\n\t\t\tchar c1 = s.charAt(0); \n\t\t\tchar c2 = s.charAt(s.length() - 1); \n\t\t\tflag[c1 - 'a'] = 0;\n\t\t\tfor(;;) {\n\t\t\t\tboolean modify = false;\n\t\t\t\tfor(int i = 0; i < list.size(); i++) {\n\t\t\t\t\ts = list.get(i);\n\t\t\t\t\tc1 = s.charAt(0); \n\t\t\t\t\tc2 = s.charAt(s.length() - 1); \n\t\t\t\t\tif (flag[c1 - 'a'] == 0 && flag[c2 - 'a'] != 0) {\n\t\t\t\t\t\tflag[c2 - 'a'] = 0;\n\t\t\t\t\t\tmodify = true;\n\t\t\t\t\t}\n\t\t\t\t}\n\t\t\t\tif (!modify)\n\t\t\t\t\tbreak;\n\t\t\t}\n\t\t\tfor(int i = 0; i < flag.length; i++) {\n\t\t\t\tif (flag[i] != 0) {\n\t\t\t\t\tdame = true;\n\t\t\t\t\tbreak;\n\t\t\t\t}\n\t\t\t}\n\t\t}\n\t\tSystem.out.printf(\"%s\\n\", dame ? \"NG\" : \"OK\");\n\t\treturn true; \n\t}\n\tprivate final static boolean DEBUG = false; \n\tpublic static void main(String[] args) throws IOException {\n\t\tif (DEBUG) {\n\t\t\tlog = System.out;\n\t\t\tString inputStr = \"7\\nab\\nbc\\nca\\nde\\nef\\nfg\\ngd\\n\" + \"0\\n\";\n\t\t\treader = new BufferedReader(new StringReader(inputStr)); \n\t\t}\n\t\telse {\n\t\t\tlog = new PrintStream(new OutputStream() { public void write(int b) {} } ); \n\t\t\treader = new BufferedReader(new InputStreamReader(System.in)); \n\t\t}\n\t\tfor(int i = 0; ; i++) {\n\t\t\tboolean b = new Main().main();\n\t\t\tif (!b)\n\t\t\t\tbreak;\n\t\t}\t\t\n\t\treader.close();\n\t}\n\tstatic PrintStream log;\n\tstatic BufferedReader reader;\n\tprivate static int[] readIntArray() throws IOException {\n\t\tString s = reader.readLine();\n\t\tif (s == null)\n\t\t\treturn null;\n\t\tString[] sp = s.split(\" \");\n\t\tint[] a = new int[sp.length];\n\t\tfor(int i = 0; i < sp.length; i++) {\n\t\t\ta[i] = Integer.parseInt(sp[i]);\n\t\t}\n\t\treturn a;\n\t}\n}",
      "covered_code": "For the given Java program and the test case input \"7 ab bc ca de ef fg gd 0\", let's develop a step-by-step execution plan and predict the code coverage.\n\n### PLAN:\n\n1. **Import Statements**: Executed when the program runs to handle I/O operations.\n2. **Class Declaration**: The `Main` class is always executed.\n3. **Main Method Execution**: The `main` method is the entry point of the program, always executed.\n4. **DEBUG Flag Check**: Since DEBUG is set to false, the else block initializing `log` and `reader` for standard input will be executed.\n5. **Infinite Loop in Main Method**: The infinite for-loop is designed to keep running the `main` method of the `Main` class.\n6. **Initial Read Line**: The first line \"7\" (indicating the number of strings to follow) is read and processed successfully.\n7. **String Parsing and Integer Conversion**: The string \"7\" is parsed into an integer without throwing an exception.\n8. **List and Arrays Initialization**: Lists and arrays used to store the strings and character counts are initialized.\n9. **Reading and Processing Strings**: Each of the 7 strings is read and processed to update counts and flags.\n10. **Balance Check Loop**: The loop checks if the character counts balance out (i.e., for each starting character, there is an ending character).\n11. **Path Traversal Check**: A second loop attempts to ensure there's a possible path through all strings.\n12. **Output**: Prints \"NG\" or \"OK\" based on whether a path through all strings is possible.\n13. **End of Loop**: The loop in the `main` method ends when the `main` method of `Main` class returns false (when it reads \"0\").\n14. **Reader Close**: Closes the `BufferedReader`.\n\n### Code Coverage Prediction:\n\n- **Import Statements**: Always executed.\n- **Class Declaration**: Always executed.\n- **Main Method Execution**: Always executed.\n- **DEBUG Flag Check**: Since DEBUG is false, only the else block is executed.\n- **Infinite Loop in Main Method**: Executed until a false is returned.\n- **Initial Read Line**: Executed.\n- **String Parsing and Integer Conversion**: Successfully executed.\n- **List and Arrays Initialization**: Executed.\n- **Reading and Processing Strings**: All strings (\"ab\", \"bc\", \"ca\", \"de\", \"ef\", \"fg\", \"gd\") are processed.\n- **Balance Check Loop**: Executed, checks if the character count balances.\n- **Path Traversal Check**: Executed to verify a possible path.\n- **Output**: Based on the input strings, the program prints output, so this part is executed.\n- **End of Loop**: Executed when \"0\" is read, ending the program's main loop.\n- **Reader Close**: Executed at the end of the program.\n\nGiven that the input doesn't specify any exceptional cases explicitly (like IO issues or incorrect input format), and without running through the exact logic for balancing and path traversal checks with the given input (\"7 ab bc ca de ef fg gd 0\"), it's challenging to predict whether the output will be \"NG\" or \"OK\". However, every part of the program that is logically reachable based on the input and the program's structure is covered.\n\n### Final Coverage:\n\n- All parts of the program are executed except for the DEBUG=true branch and any exception handling code that is not triggered by the provided input. This includes all the initial setup, the loops for reading input and processing it, and the final output.",
      "test_seed_coverage": [
        ">",
        ">",
        ">",
        ">",
        ">",
        ">",
        ">",
        ">",
        ">",
        ">",
        ">",
        ">",
        ">",
        ">",
        ">",
        ">",
        ">",
        ">",
        ">",
        ">",
        ">",
        ">",
        ">",
        ">",
        ">",
        ">",
        ">",
        ">",
        ">",
        ">",
        ">",
        ">",
        ">",
        ">",
        ">",
        ">",
        ">",
        ">",
        ">",
        ">",
        ">",
        ">",
        ">",
        ">",
        ">",
        ">",
        ">",
        ">",
        ">",
        ">",
        ">",
        ">",
        ">",
        ">",
        ">",
        ">",
        ">",
        ">",
        ">",
        ">",
        ">",
        ">",
        ">",
        ">",
        ">",
        ">",
        ">",
        ">",
        ">",
        ">",
        ">",
        ">",
        ">",
        ">",
        ">",
        ">",
        ">",
        ">",
        ">",
        ">",
        ">",
        ">",
        ">",
        ">",
        ">",
        ">",
        ">",
        ">",
        ">",
        ">",
        ">",
        ">",
        ">",
        ">",
        ">",
        ">",
        ">"
      ],
      "cumulative_coverage": [
        ">",
        ">",
        ">",
        ">",
        ">",
        ">",
        ">",
        ">",
        ">",
        ">",
        ">",
        ">",
        ">",
        ">",
        ">",
        ">",
        ">",
        ">",
        ">",
        ">",
        ">",
        ">",
        ">",
        ">",
        ">",
        ">",
        ">",
        ">",
        ">",
        ">",
        ">",
        ">",
        ">",
        ">",
        ">",
        ">",
        ">",
        ">",
        ">",
        ">",
        ">",
        ">",
        ">",
        ">",
        ">",
        ">",
        ">",
        ">",
        ">",
        ">",
        ">",
        ">",
        ">",
        ">",
        ">",
        ">",
        ">",
        ">",
        ">",
        ">",
        ">",
        ">",
        ">",
        ">",
        ">",
        ">",
        ">",
        ">",
        ">",
        ">",
        ">",
        ">",
        ">",
        ">",
        ">",
        ">",
        ">",
        ">",
        ">",
        ">",
        ">",
        ">",
        ">",
        ">",
        ">",
        ">",
        ">",
        ">",
        ">",
        ">",
        ">",
        ">",
        ">",
        ">",
        ">",
        ">",
        ">"
      ],
      "execution_output": "NG",
      "cerberus_output": "",
      "execution_result": "",
      "test_case_id": "3"
    },
    {
      "test_case": [
        "Test Case Input:\n\"7\\nab\\nbc\\nca\\nde\\nef\\nfg\\ngd\\n0\\n\""
      ],
      "test_mutations": [
        "Test Case Input:\n\"7\\nab\\nbc\\nca\\nde\\nef\\nfg\\ngd\\n0\\n\""
      ],
      "initial_code": "import java.io.*;\nimport java.util.*;\npublic class Main {\n\tboolean main() throws IOException {\n\t\tString ss = reader.readLine();\n\t\tString[] sp = ss.split(\" \");\n\t\tString sss = sp[0];\n\t\tint N;\n\t\ttry {\n\t\t\tN = Integer.parseInt(sss);\n\t\t}catch(Exception e) {\n\t\t\tif (sss.length() == 0)\n\t\t\t\tthrow new IOException();\n\t\t\treturn false; \n\t\t}\n\t\tif (N == 0) \n\t\t\treturn false; \n\t\tList<String> list = new ArrayList<String>();\n\t\tint[] cnt = new int[26]; \n\t\tint[] flag = new int[26]; \n\t\tfor(int i = 0; i < N; i++) {\n\t\t\tString s = reader.readLine();\n\t\t\tlist.add(s);\n\t\t\tchar c1 = s.charAt(0); \n\t\t\tchar c2 = s.charAt(s.length() - 1); \n\t\t\tcnt[c1 - 'a']++;\n\t\t\tflag[c1 - 'a'] = 1;\n\t\t\tcnt[c2 - 'a']--;\n\t\t}\n\t\tboolean dame = false;\n\t\tfor(int i = 0; i < cnt.length; i++) {\n\t\t\tif (cnt[i] != 0) {\n\t\t\t\tdame = true;\n\t\t\t\tbreak;\n\t\t\t}\n\t\t}\n\t\tif (!dame) {\n\t\t\tString s = list.get(0);\n\t\t\tchar c1 = s.charAt(0); \n\t\t\tchar c2 = s.charAt(s.length() - 1); \n\t\t\tflag[c1 - 'a'] = 0;\n\t\t\tfor(;;) {\n\t\t\t\tboolean modify = false;\n\t\t\t\tfor(int i = 0; i < list.size(); i++) {\n\t\t\t\t\ts = list.get(i);\n\t\t\t\t\tc1 = s.charAt(0); \n\t\t\t\t\tc2 = s.charAt(s.length() - 1); \n\t\t\t\t\tif (flag[c1 - 'a'] == 0 && flag[c2 - 'a'] != 0) {\n\t\t\t\t\t\tflag[c2 - 'a'] = 0;\n\t\t\t\t\t\tmodify = true;\n\t\t\t\t\t}\n\t\t\t\t}\n\t\t\t\tif (!modify)\n\t\t\t\t\tbreak;\n\t\t\t}\n\t\t\tfor(int i = 0; i < flag.length; i++) {\n\t\t\t\tif (flag[i] != 0) {\n\t\t\t\t\tdame = true;\n\t\t\t\t\tbreak;\n\t\t\t\t}\n\t\t\t}\n\t\t}\n\t\tSystem.out.printf(\"%s\\n\", dame ? \"NG\" : \"OK\");\n\t\treturn true; \n\t}\n\tprivate final static boolean DEBUG = false; \n\tpublic static void main(String[] args) throws IOException {\n\t\tif (DEBUG) {\n\t\t\tlog = System.out;\n\t\t\tString inputStr = \"7\\nab\\nbc\\nca\\nde\\nef\\nfg\\ngd\\n\" + \"0\\n\";\n\t\t\treader = new BufferedReader(new StringReader(inputStr)); \n\t\t}\n\t\telse {\n\t\t\tlog = new PrintStream(new OutputStream() { public void write(int b) {} } ); \n\t\t\treader = new BufferedReader(new InputStreamReader(System.in)); \n\t\t}\n\t\tfor(int i = 0; ; i++) {\n\t\t\tboolean b = new Main().main();\n\t\t\tif (!b)\n\t\t\t\tbreak;\n\t\t}\t\t\n\t\treader.close();\n\t}\n\tstatic PrintStream log;\n\tstatic BufferedReader reader;\n\tprivate static int[] readIntArray() throws IOException {\n\t\tString s = reader.readLine();\n\t\tif (s == null)\n\t\t\treturn null;\n\t\tString[] sp = s.split(\" \");\n\t\tint[] a = new int[sp.length];\n\t\tfor(int i = 0; i < sp.length; i++) {\n\t\t\ta[i] = Integer.parseInt(sp[i]);\n\t\t}\n\t\treturn a;\n\t}\n}",
      "covered_code": "To predict the code coverage for the provided Java program based on the given test case input, we need to follow a systematic approach, similar to the illustration. Here's the step-by-step execution plan and the expected code coverage:\n\n**Plan:**\n\n1. **Import Statements**: They are always executed. Statement `import java.io.*;` and `import java.util.*;` will be covered.\n2. **Class Declaration**: Always executed. Statement `public class Main {` is covered.\n3. **Main Method Declaration**: Always executed. Statement `public static void main(String[] args) throws IOException {` is covered.\n4. **Initialization of DEBUG, log, and reader**: Since DEBUG is false, the else block initializing `log` and `reader` for standard input will be executed.\n5. **Infinite Loop Execution in main method**: The loop `for(int i = 0; ; i++) {` will be executed.\n6. **Instantiation of Main and Call to main() Method**: The statement `boolean b = new Main().main();` will be executed.\n7. **Inside main() Method**:\n   - Reading line and splitting it: These lines are executed to read the input \"7 ab bc ca de ef fg gd 0\".\n   - Parsing integer N: The parsing of N = 7 will be successful.\n   - If condition for N == 0: This will not be executed as N is not 0.\n   - Loop for Reading Strings: The loop will execute 7 times, reading each string and processing them.\n   - Checking cnt[] and flag[] Arrays: The logic to check if a string sequence can form a loop will be executed.\n   - Final Print Statement: Based on the logic, it will print either \"NG\" or \"OK\". Since the loop logic and flag checks are part of the program's logic and not directly determined by the given input, we assume this part of the code will be executed for coverage purposes.\n8. **Closing the BufferedReader**: Executed at the end of the main method.\n\n**Predicted Code Coverage:**\n\n```\n> import java.io.*;\n> import java.util.*;\n> public class Main {\n>   boolean main() throws IOException {\n>       String ss = reader.readLine();\n>       String[] sp = ss.split(\" \");\n>       String sss = sp[0];\n>       int N;\n>       try {\n>           N = Integer.parseInt(sss);\n>       }catch(Exception e) {\n>           if (sss.length() == 0)\n>               throw new IOException();\n>           return false; \n>       }\n>       if (N == 0) \n>           return false; \n>       List<String> list = new ArrayList<String>();\n>       int[] cnt = new int[26]; \n>       int[] flag = new int[26]; \n>       for(int i = 0; i < N; i++) {\n>           String s = reader.readLine();\n>           list.add(s);\n>           char c1 = s.charAt(0); \n>           char c2 = s.charAt(s.length() - 1); \n>           cnt[c1 - 'a']++;\n>           flag[c1 - 'a'] = 1;\n>           cnt[c2 - 'a']--;\n>       }\n>       boolean dame = false;\n>       for(int i = 0; i < cnt.length; i++) {\n>           if (cnt[i] != 0) {\n>               dame = true;\n>               break;\n>           }\n>       }\n>       if (!dame) {\n>           String s = list.get(0);\n>           char c1 = s.charAt(0); \n>           char c2 = s.charAt(s.length() - 1); \n>           flag[c1 - 'a'] = 0;\n>           for(;;) {\n>               boolean modify = false;\n>               for(int i = 0; i < list.size(); i++) {\n>                   s = list.get(i);\n>                   c1 = s.charAt(0); \n>                   c2 = s.charAt(s.length() - 1); \n>                   if (flag[c1 - 'a'] == 0 && flag[c2 - 'a'] != 0) {\n>                       flag[c2 - 'a'] = 0;\n>                       modify = true;\n>                   }\n>               }\n>               if (!modify)\n>                   break;\n>           }\n>           for(int i = 0; i < flag.length; i++) {\n>               if (flag[i] != 0) {\n>                   dame = true;\n>                   break;\n>               }\n>           }\n>       }\n>       System.out.printf(\"%s\\n\", dame ? \"NG\" : \"OK\");\n>       return true; \n>   }\n>   private final static boolean DEBUG = false; \n>   public static void main(String[] args) throws IOException {\n>       if (DEBUG) {\n>           log = System.out;\n>           String inputStr = \"7\\nab\\nbc\\nca\\nde\\nef\\nfg\\ngd\\n\" + \"0\\n\";\n>           reader = new BufferedReader(new StringReader(inputStr)); \n>       }\n>       else {\n>           log = new PrintStream(new OutputStream() { public void write(int b) {} } ); \n>           reader = new BufferedReader(new InputStreamReader(System.in)); \n>       }\n>       for(int i = 0; ; i++) {\n>           boolean b = new Main().main();\n>           if (!b)\n>               break;\n>       }      \n>       reader.close();\n>   }\n>   static PrintStream log;\n>   static BufferedReader reader;\n>   private static int[] readIntArray() throws IOException {\n>       String s = reader.readLine();\n>       if (s == null)\n>           return null;\n>       String[] sp = s.split(\" \");\n>       int[] a = new int[sp.length];\n>       for(int i = 0; i < sp.length; i++) {\n>           a[i] = Integer.parseInt(sp[i]);\n>       }\n>       return a;\n>   }\n> }\n```\n\n**Note:** The actual execution and coverage may vary based on the final decision logic within the loop and flag checks, which is dependent on the specific processing logic for the strings and their characters. The prediction assumes that all parts of the code that are not directly skipped by conditions (or exceptions) related to the test case input are executed.",
      "test_seed_coverage": [
        ">",
        ">",
        ">",
        ">",
        ">",
        ">",
        ">",
        ">",
        ">",
        ">",
        ">",
        ">",
        ">",
        ">",
        ">",
        ">",
        ">",
        ">",
        ">",
        ">",
        ">",
        ">",
        ">",
        ">",
        ">",
        ">",
        ">",
        ">",
        ">",
        ">",
        ">",
        ">",
        ">",
        ">",
        ">",
        ">",
        ">",
        ">",
        ">",
        ">",
        ">",
        ">",
        ">",
        ">",
        ">",
        ">",
        ">",
        ">",
        ">",
        ">",
        ">",
        ">",
        ">",
        ">",
        ">",
        ">",
        ">",
        ">",
        ">",
        ">",
        ">",
        ">",
        ">",
        ">",
        ">",
        ">",
        ">",
        ">",
        ">",
        ">",
        ">",
        ">",
        ">",
        ">",
        ">",
        ">",
        ">",
        ">",
        ">",
        ">",
        ">",
        ">",
        ">",
        ">",
        ">",
        ">",
        ">",
        ">",
        ">",
        ">",
        ">",
        ">",
        ">",
        ">",
        ">",
        ">",
        ">"
      ],
      "cumulative_coverage": [
        ">",
        ">",
        ">",
        ">",
        ">",
        ">",
        ">",
        ">",
        ">",
        ">",
        ">",
        ">",
        ">",
        ">",
        ">",
        ">",
        ">",
        ">",
        ">",
        ">",
        ">",
        ">",
        ">",
        ">",
        ">",
        ">",
        ">",
        ">",
        ">",
        ">",
        ">",
        ">",
        ">",
        ">",
        ">",
        ">",
        ">",
        ">",
        ">",
        ">",
        ">",
        ">",
        ">",
        ">",
        ">",
        ">",
        ">",
        ">",
        ">",
        ">",
        ">",
        ">",
        ">",
        ">",
        ">",
        ">",
        ">",
        ">",
        ">",
        ">",
        ">",
        ">",
        ">",
        ">",
        ">",
        ">",
        ">",
        ">",
        ">",
        ">",
        ">",
        ">",
        ">",
        ">",
        ">",
        ">",
        ">",
        ">",
        ">",
        ">",
        ">",
        ">",
        ">",
        ">",
        ">",
        ">",
        ">",
        ">",
        ">",
        ">",
        ">",
        ">",
        ">",
        ">",
        ">",
        ">",
        ">"
      ],
      "execution_output": "",
      "cerberus_output": "",
      "execution_result": "",
      "test_case_id": "4"
    },
    {
      "test_case": [
        "Test Case Input:\n7\nab\nbc\nca\nde\nef\nfg\ngd\n0"
      ],
      "test_mutations": [
        "Test Case Input:\n7\nab\nbc\nca\nde\nef\nfg\ngd\n0"
      ],
      "initial_code": "import java.io.*;\nimport java.util.*;\npublic class Main {\n\tboolean main() throws IOException {\n\t\tString ss = reader.readLine();\n\t\tString[] sp = ss.split(\" \");\n\t\tString sss = sp[0];\n\t\tint N;\n\t\ttry {\n\t\t\tN = Integer.parseInt(sss);\n\t\t}catch(Exception e) {\n\t\t\tif (sss.length() == 0)\n\t\t\t\tthrow new IOException();\n\t\t\treturn false; \n\t\t}\n\t\tif (N == 0) \n\t\t\treturn false; \n\t\tList<String> list = new ArrayList<String>();\n\t\tint[] cnt = new int[26]; \n\t\tint[] flag = new int[26]; \n\t\tfor(int i = 0; i < N; i++) {\n\t\t\tString s = reader.readLine();\n\t\t\tlist.add(s);\n\t\t\tchar c1 = s.charAt(0); \n\t\t\tchar c2 = s.charAt(s.length() - 1); \n\t\t\tcnt[c1 - 'a']++;\n\t\t\tflag[c1 - 'a'] = 1;\n\t\t\tcnt[c2 - 'a']--;\n\t\t}\n\t\tboolean dame = false;\n\t\tfor(int i = 0; i < cnt.length; i++) {\n\t\t\tif (cnt[i] != 0) {\n\t\t\t\tdame = true;\n\t\t\t\tbreak;\n\t\t\t}\n\t\t}\n\t\tif (!dame) {\n\t\t\tString s = list.get(0);\n\t\t\tchar c1 = s.charAt(0); \n\t\t\tchar c2 = s.charAt(s.length() - 1); \n\t\t\tflag[c1 - 'a'] = 0;\n\t\t\tfor(;;) {\n\t\t\t\tboolean modify = false;\n\t\t\t\tfor(int i = 0; i < list.size(); i++) {\n\t\t\t\t\ts = list.get(i);\n\t\t\t\t\tc1 = s.charAt(0); \n\t\t\t\t\tc2 = s.charAt(s.length() - 1); \n\t\t\t\t\tif (flag[c1 - 'a'] == 0 && flag[c2 - 'a'] != 0) {\n\t\t\t\t\t\tflag[c2 - 'a'] = 0;\n\t\t\t\t\t\tmodify = true;\n\t\t\t\t\t}\n\t\t\t\t}\n\t\t\t\tif (!modify)\n\t\t\t\t\tbreak;\n\t\t\t}\n\t\t\tfor(int i = 0; i < flag.length; i++) {\n\t\t\t\tif (flag[i] != 0) {\n\t\t\t\t\tdame = true;\n\t\t\t\t\tbreak;\n\t\t\t\t}\n\t\t\t}\n\t\t}\n\t\tSystem.out.printf(\"%s\\n\", dame ? \"NG\" : \"OK\");\n\t\treturn true; \n\t}\n\tprivate final static boolean DEBUG = false; \n\tpublic static void main(String[] args) throws IOException {\n\t\tif (DEBUG) {\n\t\t\tlog = System.out;\n\t\t\tString inputStr = \"7\\nab\\nbc\\nca\\nde\\nef\\nfg\\ngd\\n\" + \"0\\n\";\n\t\t\treader = new BufferedReader(new StringReader(inputStr)); \n\t\t}\n\t\telse {\n\t\t\tlog = new PrintStream(new OutputStream() { public void write(int b) {} } ); \n\t\t\treader = new BufferedReader(new InputStreamReader(System.in)); \n\t\t}\n\t\tfor(int i = 0; ; i++) {\n\t\t\tboolean b = new Main().main();\n\t\t\tif (!b)\n\t\t\t\tbreak;\n\t\t}\t\t\n\t\treader.close();\n\t}\n\tstatic PrintStream log;\n\tstatic BufferedReader reader;\n\tprivate static int[] readIntArray() throws IOException {\n\t\tString s = reader.readLine();\n\t\tif (s == null)\n\t\t\treturn null;\n\t\tString[] sp = s.split(\" \");\n\t\tint[] a = new int[sp.length];\n\t\tfor(int i = 0; i < sp.length; i++) {\n\t\t\ta[i] = Integer.parseInt(sp[i]);\n\t\t}\n\t\treturn a;\n\t}\n}",
      "covered_code": "Given the test case input and the provided Java program, let's develop a plan for step by step execution to predict the code coverage:\n\n1. **Import statements**: These are always executed. Statement `import java.io.*; import java.util.*;` will be covered.\n\n2. **Class Declaration**: Always executed. Statement `public class Main {` is covered.\n\n3. **Main method declaration and execution**: Always executed. Statement `public static void main(String[] args) throws IOException {` is covered.\n\n4. **DEBUG Check**: Since DEBUG is set to false for the given code snippet, the block of code inside `if (DEBUG) {\u2026}` will not be executed.\n\n5. **Reader and Log Initialization**: The statements initializing the `log` and `reader` objects outside of the DEBUG block will be executed.\n\n6. **Infinite Loop for main method invocation**: The `for(int i = 0; ; i++) { boolean b = new Main().main(); if (!b) break; }` will be executed. Since there is no specified condition to end the loop, it relies on the `main()` method returning false to break.\n\n7. **Execution of the main() method of Main Class**: The first line attempting to read a line from `reader` will execute. However, since we are in the non-DEBUG mode and there is no actual input provided (as per the test case scenario described, we assume we are analyzing code coverage and exceptions theoretically), this will attempt to read from standard input.\n\n8. **Parsing of the first input line**: The code attempts to parse the first input line to determine the number of iterations `N`. This will execute but in our hypothetical scenario, without specific input handling, it's hard to predict the exact behavior without the actual runtime input.\n\n9. **List and Arrays Initialization**: The statements initializing the list and arrays `List<String> list = new ArrayList<String>();` and `int[] cnt = new int[26]; int[] flag = new int[26];` will be executed.\n\n10. **Loop over N inputs**: This loop will execute according to the input N. For each iteration, it reads a line, processes the first and last characters of each string, and updates `cnt` and `flag` arrays.\n\n11. **Checking and Modifying Flags**: The loops and conditions checking `cnt` and `flag` arrays for specific conditions will be executed based on the input strings.\n\n12. **System.out.printf call**: This will execute, printing either \"NG\" or \"OK\" based on the conditions met in the previous steps.\n\n13. **Return Statement**: The `return true;` statement at the end of the `main()` method will be executed assuming no exceptions were thrown earlier.\n\n14. **Reader.close()**: The statement to close the reader in the main method `reader.close();` will be executed as the last operation.\n\n15. **Exceptions**: If any IOException is thrown or caught during the execution, it would alter the flow, especially in the `try-catch` block within the `main()` method.\n\nBased on the described plan, here's a hypothetical code coverage indication:\n\n> import java.io.*;\n> import java.util.*;\n> public class Main {\n> \tboolean main() throws IOException {\n> \t\tString ss = reader.readLine();\n> \t\tString[] sp = ss.split(\" \");\n> \t\tString sss = sp[0];\n> \t\tint N;\n> \t\ttry {\n> \t\t\tN = Integer.parseInt(sss);\n> \t\t}catch(Exception e) {\n> \t\t\tif (sss.length() == 0)\n> \t\t\t\tthrow new IOException();\n> \t\t\treturn false; \n> \t\t}\n> \t\tif (N == 0) \n> \t\t\treturn false; \n> \t\tList<String> list = new ArrayList<String>();\n> \t\tint[] cnt = new int[26]; \n> \t\tint[] flag = new int[26]; \n> \t\tfor(int i = 0; i < N; i++) {\n> \t\t\tString s = reader.readLine();\n> \t\t\tlist.add(s);\n> \t\t\tchar c1 = s.charAt(0); \n> \t\t\tchar c2 = s.charAt(s.length() - 1); \n> \t\t\tcnt[c1 - 'a']++;\n> \t\t\tflag[c1 - 'a'] = 1;\n> \t\t\tcnt[c2 - 'a']--;\n> \t\t}\n> \t\tboolean dame = false;\n> \t\tfor(int i = 0; i < cnt.length; i++) {\n> \t\t\tif (cnt[i] != 0) {\n> \t\t\t\tdame = true;\n> \t\t\t\tbreak;\n> \t\t\t}\n> \t\t}\n> \t\tif (!dame) {\n> \t\t\tString s = list.get(0);\n> \t\t\tchar c1 = s.charAt(0); \n> \t\t\tchar c2 = s.charAt(s.length() - 1); \n> \t\t\tflag[c1 - 'a'] = 0;\n> \t\t\tfor(;;) {\n> \t\t\t\tboolean modify = false;\n> \t\t\t\tfor(int i = 0; i < list.size(); i++) {\n> \t\t\t\t\ts = list.get(i);\n> \t\t\t\t\tc1 = s.charAt(0); \n> \t\t\t\t\tc2 = s.charAt(s.length() - 1); \n> \t\t\t\t\tif (flag[c1 - 'a'] == 0 && flag[c2 - 'a'] != 0) {\n> \t\t\t\t\t\tflag[c2 - 'a'] = 0;\n> \t\t\t\t\t\tmodify = true;\n> \t\t\t\t\t}\n> \t\t\t\t}\n> \t\t\t\tif (!modify)\n> \t\t\t\t\tbreak;\n> \t\t\t}\n> \t\t\tfor(int i = 0; i < flag.length; i++) {\n> \t\t\t\tif (flag[i] != 0) {\n> \t\t\t\t\tdame = true;\n> \t\t\t\t\tbreak;\n> \t\t\t\t}\n> \t\t\t}\n> \t\t}\n> \t\tSystem.out.printf(\"%s\\n\", dame ? \"NG\" : \"OK\");\n> \t\treturn true; \n> \t}\n> \tprivate final static boolean DEBUG = false; \n> \tpublic static void main(String[] args) throws IOException {\n! \t\tif (DEBUG) {\n! \t\t\tlog = System.out;\n! \t\t\tString inputStr = \"7\\nab\\nbc\\nca\\nde\\nef\\nfg\\ngd\\n\" + \"0\\n\";\n! \t\t\treader = new BufferedReader(new StringReader(inputStr)); \n> \t\t}\n> \t\telse {\n> \t\t\tlog = new PrintStream(new OutputStream() { public void write(int b) {} } ); \n> \t\t\treader = new BufferedReader(new InputStreamReader(System.in)); \n> \t\t}\n> \t\tfor(int i = 0; ; i++) {\n> \t\t\tboolean b = new Main().main();\n> \t\t\tif (!b)\n> \t\t\t\tbreak;\n> \t\t}\t\t\n> \t\treader.close();\n> \t}\n> \tstatic PrintStream log;\n> \tstatic BufferedReader reader;\n! \tprivate static int[] readIntArray() throws IOException {\n! \t\tString s = reader.readLine();\n! \t\tif (s == null)\n! \t\t\treturn null;\n! \t\tString[] sp = s.split(\" \");\n! \t\tint[] a = new int[sp.length];\n! \t\tfor(int i = 0; i < sp.length; i++) {\n! \t\t\ta[i] = Integer.parseInt(sp[i]);\n! \t\t}\n! \t\treturn a;\n> \t}\n> }\n\nNote: The coverage for the `readIntArray` method and the DEBUG block is marked as not executed (`!`) since based on the given scenario and test case, these sections are not utilized. This hypothetical coverage assumes the program operates without interactive input, focusing on code structure and logic paths.",
      "test_seed_coverage": [
        ">",
        ">",
        ">",
        ">",
        ">",
        ">",
        ">",
        ">",
        ">",
        ">",
        ">",
        ">",
        ">",
        ">",
        ">",
        ">",
        ">",
        ">",
        ">",
        ">",
        ">",
        ">",
        ">",
        ">",
        ">",
        ">",
        ">",
        ">",
        ">",
        ">",
        ">",
        ">",
        ">",
        ">",
        ">",
        ">",
        ">",
        ">",
        ">",
        ">",
        ">",
        ">",
        ">",
        ">",
        ">",
        ">",
        ">",
        ">",
        ">",
        ">",
        ">",
        ">",
        ">",
        ">",
        ">",
        ">",
        ">",
        ">",
        ">",
        ">",
        ">",
        ">",
        ">",
        ">",
        ">",
        ">",
        ">",
        ">",
        ">",
        ">",
        ">",
        ">",
        ">",
        ">",
        ">",
        ">",
        ">",
        ">",
        ">",
        ">",
        ">",
        ">",
        ">",
        ">",
        ">",
        ">",
        ">",
        ">",
        ">",
        ">",
        ">",
        ">",
        ">",
        ">",
        ">",
        ">",
        ">"
      ],
      "cumulative_coverage": [
        ">",
        ">",
        ">",
        ">",
        ">",
        ">",
        ">",
        ">",
        ">",
        ">",
        ">",
        ">",
        ">",
        ">",
        ">",
        ">",
        ">",
        ">",
        ">",
        ">",
        ">",
        ">",
        ">",
        ">",
        ">",
        ">",
        ">",
        ">",
        ">",
        ">",
        ">",
        ">",
        ">",
        ">",
        ">",
        ">",
        ">",
        ">",
        ">",
        ">",
        ">",
        ">",
        ">",
        ">",
        ">",
        ">",
        ">",
        ">",
        ">",
        ">",
        ">",
        ">",
        ">",
        ">",
        ">",
        ">",
        ">",
        ">",
        ">",
        ">",
        ">",
        ">",
        ">",
        ">",
        ">",
        ">",
        ">",
        ">",
        ">",
        ">",
        ">",
        ">",
        ">",
        ">",
        ">",
        ">",
        ">",
        ">",
        ">",
        ">",
        ">",
        ">",
        ">",
        ">",
        ">",
        ">",
        ">",
        ">",
        ">",
        ">",
        ">",
        ">",
        ">",
        ">",
        ">",
        ">",
        ">"
      ],
      "execution_output": "NG",
      "cerberus_output": "Exceptions",
      "execution_result": "",
      "test_case_id": "5"
    },
    {
      "test_case": [
        "Test Case Input:\nTest Case Input:\n\"ab bc ca de ef fg gd\""
      ],
      "test_mutations": [
        "Test Case Input:\nTest Case Input:\n\"ab bc ca de ef fg gd\""
      ],
      "initial_code": "import java.io.*;\nimport java.util.*;\npublic class Main {\n\tboolean main() throws IOException {\n\t\tString ss = reader.readLine();\n\t\tString[] sp = ss.split(\" \");\n\t\tString sss = sp[0];\n\t\tint N;\n\t\ttry {\n\t\t\tN = Integer.parseInt(sss);\n\t\t}catch(Exception e) {\n\t\t\tif (sss.length() == 0)\n\t\t\t\tthrow new IOException();\n\t\t\treturn false; \n\t\t}\n\t\tif (N == 0) \n\t\t\treturn false; \n\t\tList<String> list = new ArrayList<String>();\n\t\tint[] cnt = new int[26]; \n\t\tint[] flag = new int[26]; \n\t\tfor(int i = 0; i < N; i++) {\n\t\t\tString s = reader.readLine();\n\t\t\tlist.add(s);\n\t\t\tchar c1 = s.charAt(0); \n\t\t\tchar c2 = s.charAt(s.length() - 1); \n\t\t\tcnt[c1 - 'a']++;\n\t\t\tflag[c1 - 'a'] = 1;\n\t\t\tcnt[c2 - 'a']--;\n\t\t}\n\t\tboolean dame = false;\n\t\tfor(int i = 0; i < cnt.length; i++) {\n\t\t\tif (cnt[i] != 0) {\n\t\t\t\tdame = true;\n\t\t\t\tbreak;\n\t\t\t}\n\t\t}\n\t\tif (!dame) {\n\t\t\tString s = list.get(0);\n\t\t\tchar c1 = s.charAt(0); \n\t\t\tchar c2 = s.charAt(s.length() - 1); \n\t\t\tflag[c1 - 'a'] = 0;\n\t\t\tfor(;;) {\n\t\t\t\tboolean modify = false;\n\t\t\t\tfor(int i = 0; i < list.size(); i++) {\n\t\t\t\t\ts = list.get(i);\n\t\t\t\t\tc1 = s.charAt(0); \n\t\t\t\t\tc2 = s.charAt(s.length() - 1); \n\t\t\t\t\tif (flag[c1 - 'a'] == 0 && flag[c2 - 'a'] != 0) {\n\t\t\t\t\t\tflag[c2 - 'a'] = 0;\n\t\t\t\t\t\tmodify = true;\n\t\t\t\t\t}\n\t\t\t\t}\n\t\t\t\tif (!modify)\n\t\t\t\t\tbreak;\n\t\t\t}\n\t\t\tfor(int i = 0; i < flag.length; i++) {\n\t\t\t\tif (flag[i] != 0) {\n\t\t\t\t\tdame = true;\n\t\t\t\t\tbreak;\n\t\t\t\t}\n\t\t\t}\n\t\t}\n\t\tSystem.out.printf(\"%s\\n\", dame ? \"NG\" : \"OK\");\n\t\treturn true; \n\t}\n\tprivate final static boolean DEBUG = false; \n\tpublic static void main(String[] args) throws IOException {\n\t\tif (DEBUG) {\n\t\t\tlog = System.out;\n\t\t\tString inputStr = \"7\\nab\\nbc\\nca\\nde\\nef\\nfg\\ngd\\n\" + \"0\\n\";\n\t\t\treader = new BufferedReader(new StringReader(inputStr)); \n\t\t}\n\t\telse {\n\t\t\tlog = new PrintStream(new OutputStream() { public void write(int b) {} } ); \n\t\t\treader = new BufferedReader(new InputStreamReader(System.in)); \n\t\t}\n\t\tfor(int i = 0; ; i++) {\n\t\t\tboolean b = new Main().main();\n\t\t\tif (!b)\n\t\t\t\tbreak;\n\t\t}\t\t\n\t\treader.close();\n\t}\n\tstatic PrintStream log;\n\tstatic BufferedReader reader;\n\tprivate static int[] readIntArray() throws IOException {\n\t\tString s = reader.readLine();\n\t\tif (s == null)\n\t\t\treturn null;\n\t\tString[] sp = s.split(\" \");\n\t\tint[] a = new int[sp.length];\n\t\tfor(int i = 0; i < sp.length; i++) {\n\t\t\ta[i] = Integer.parseInt(sp[i]);\n\t\t}\n\t\treturn a;\n\t}\n}",
      "covered_code": "To predict the code coverage for the given Java program and test case, we will follow a step-by-step plan similar to the example provided. The Java program analyzes a sequence of strings to determine a particular condition but the main logic is obscured by the lack of context. Despite this, we can still predict code execution flow:\n\n**PLAN for Execution and Predicting Code Coverage:**\n\n1. **Import Statements:** Always executed. \n2. **Class Declaration:** Always executed.\n3. **Static Fields Initialization:** `DEBUG`, `log`, `reader` are initialized according to their declarations.\n4. **`main` Method Execution:** \n    - Always executed. \n    - Initialization inside `main` method's `if-else` block for `DEBUG` flag is executed based on the flag's value. \n    - The infinite loop (`for(int i = 0; ; i++)`) starts, attempting to execute `new Main().main()`.\n\n5. **`main()` Method of `Main` Class:**\n    - Since the test case does not activate DEBUG mode, the standard input stream is used. \n    - The `reader.readLine()` will attempt to read a line, but as per the given test case input, this is not from standard input but rather a hypothetical test case, so we'll assume the first line `\"ab bc ca de ef fg gd\"` is read.\n    - The line is split into an array of strings, `sp`, and `sss` is assigned the first element `\"ab\"` (not a valid integer), leading to the catch block execution.\n    - The catch block checks if `sss` is empty (it's not), so it returns false without throwing an exception.\n    \n6. **Back in `main` Method:**\n    - The received false value leads to breaking out of the infinite loop.\n    - `reader.close();` is executed.\n\n**Predicted Code Coverage:**\n\n- Import Statements: `>`\n\n- Class Declaration: `>`\n\n- Static Fields Initialization: `>`\n\n- `main` Method Execution: \n    - Always executed parts: `>`\n    - Debug block: `!` (Assuming DEBUG is false)\n    - Infinite loop and its internal call to `new Main().main()`: `>`\n\n- `main()` Method of Main Class:\n    - Reading input and splitting: `>`\n    - Parsing input as integer and failing to `catch` block: `>`\n    - Catch block execution: `>`\n    - The `if` block inside the catch: `!` (since `sss` is not empty)\n    - Returning false: `>`\n\n- Post-loop `reader.close();` in the `main` method: `>`\n\n- Methods and blocks not mentioned (like the logic after parsing the integer, the loops processing characters, etc.) are not executed according to the provided test case: `!`\n\n**OUTPUT:**\n\nSince the code execution does not go beyond attempting to parse the first split string as an integer and immediately returns false without proceeding further into the algorithm, large portions of the code are not covered. Many functionalities, including the detailed logic for processing the strings and checking conditions based on characters, are not executed with the provided input.\n\n**Note:** The actual execution might vary depending on the real input provided during runtime, especially for interactive programs like this one that reads from `System.in` or other input sources in its operational environment. This analysis assumes a static interpretation based on the provided test case and code structure.",
      "test_seed_coverage": [
        ">",
        ">",
        ">",
        ">",
        ">",
        ">",
        ">",
        ">",
        ">",
        ">",
        ">",
        ">",
        ">",
        ">",
        ">",
        ">",
        ">",
        ">",
        ">",
        ">",
        ">",
        ">",
        ">",
        ">",
        ">",
        ">",
        ">",
        ">",
        ">",
        ">",
        ">",
        ">",
        ">",
        ">",
        ">",
        ">",
        ">",
        ">",
        ">",
        ">",
        ">",
        ">",
        ">",
        ">",
        ">",
        ">",
        ">",
        ">",
        ">",
        ">",
        ">",
        ">",
        ">",
        ">",
        ">",
        ">",
        ">",
        ">",
        ">",
        ">",
        ">",
        ">",
        ">",
        ">",
        ">",
        ">",
        ">",
        ">",
        ">",
        ">",
        ">",
        ">",
        ">",
        ">",
        ">",
        ">",
        ">",
        ">",
        ">",
        ">",
        ">",
        ">",
        ">",
        ">",
        ">",
        ">",
        ">",
        ">",
        ">",
        ">",
        ">",
        ">",
        ">",
        ">",
        ">",
        ">",
        ">"
      ],
      "cumulative_coverage": [
        ">",
        ">",
        ">",
        ">",
        ">",
        ">",
        ">",
        ">",
        ">",
        ">",
        ">",
        ">",
        ">",
        ">",
        ">",
        ">",
        ">",
        ">",
        ">",
        ">",
        ">",
        ">",
        ">",
        ">",
        ">",
        ">",
        ">",
        ">",
        ">",
        ">",
        ">",
        ">",
        ">",
        ">",
        ">",
        ">",
        ">",
        ">",
        ">",
        ">",
        ">",
        ">",
        ">",
        ">",
        ">",
        ">",
        ">",
        ">",
        ">",
        ">",
        ">",
        ">",
        ">",
        ">",
        ">",
        ">",
        ">",
        ">",
        ">",
        ">",
        ">",
        ">",
        ">",
        ">",
        ">",
        ">",
        ">",
        ">",
        ">",
        ">",
        ">",
        ">",
        ">",
        ">",
        ">",
        ">",
        ">",
        ">",
        ">",
        ">",
        ">",
        ">",
        ">",
        ">",
        ">",
        ">",
        ">",
        ">",
        ">",
        ">",
        ">",
        ">",
        ">",
        ">",
        ">",
        ">",
        ">"
      ],
      "execution_output": "",
      "cerberus_output": "",
      "execution_result": "",
      "test_case_id": "6"
    },
    {
      "test_case": [
        "Test Case Input:\nab bc ca de ef fg gd 0"
      ],
      "test_mutations": [
        "Test Case Input:\nab bc ca de ef fg gd 0"
      ],
      "initial_code": "import java.io.*;\nimport java.util.*;\npublic class Main {\n\tboolean main() throws IOException {\n\t\tString ss = reader.readLine();\n\t\tString[] sp = ss.split(\" \");\n\t\tString sss = sp[0];\n\t\tint N;\n\t\ttry {\n\t\t\tN = Integer.parseInt(sss);\n\t\t}catch(Exception e) {\n\t\t\tif (sss.length() == 0)\n\t\t\t\tthrow new IOException();\n\t\t\treturn false; \n\t\t}\n\t\tif (N == 0) \n\t\t\treturn false; \n\t\tList<String> list = new ArrayList<String>();\n\t\tint[] cnt = new int[26]; \n\t\tint[] flag = new int[26]; \n\t\tfor(int i = 0; i < N; i++) {\n\t\t\tString s = reader.readLine();\n\t\t\tlist.add(s);\n\t\t\tchar c1 = s.charAt(0); \n\t\t\tchar c2 = s.charAt(s.length() - 1); \n\t\t\tcnt[c1 - 'a']++;\n\t\t\tflag[c1 - 'a'] = 1;\n\t\t\tcnt[c2 - 'a']--;\n\t\t}\n\t\tboolean dame = false;\n\t\tfor(int i = 0; i < cnt.length; i++) {\n\t\t\tif (cnt[i] != 0) {\n\t\t\t\tdame = true;\n\t\t\t\tbreak;\n\t\t\t}\n\t\t}\n\t\tif (!dame) {\n\t\t\tString s = list.get(0);\n\t\t\tchar c1 = s.charAt(0); \n\t\t\tchar c2 = s.charAt(s.length() - 1); \n\t\t\tflag[c1 - 'a'] = 0;\n\t\t\tfor(;;) {\n\t\t\t\tboolean modify = false;\n\t\t\t\tfor(int i = 0; i < list.size(); i++) {\n\t\t\t\t\ts = list.get(i);\n\t\t\t\t\tc1 = s.charAt(0); \n\t\t\t\t\tc2 = s.charAt(s.length() - 1); \n\t\t\t\t\tif (flag[c1 - 'a'] == 0 && flag[c2 - 'a'] != 0) {\n\t\t\t\t\t\tflag[c2 - 'a'] = 0;\n\t\t\t\t\t\tmodify = true;\n\t\t\t\t\t}\n\t\t\t\t}\n\t\t\t\tif (!modify)\n\t\t\t\t\tbreak;\n\t\t\t}\n\t\t\tfor(int i = 0; i < flag.length; i++) {\n\t\t\t\tif (flag[i] != 0) {\n\t\t\t\t\tdame = true;\n\t\t\t\t\tbreak;\n\t\t\t\t}\n\t\t\t}\n\t\t}\n\t\tSystem.out.printf(\"%s\\n\", dame ? \"NG\" : \"OK\");\n\t\treturn true; \n\t}\n\tprivate final static boolean DEBUG = false; \n\tpublic static void main(String[] args) throws IOException {\n\t\tif (DEBUG) {\n\t\t\tlog = System.out;\n\t\t\tString inputStr = \"7\\nab\\nbc\\nca\\nde\\nef\\nfg\\ngd\\n\" + \"0\\n\";\n\t\t\treader = new BufferedReader(new StringReader(inputStr)); \n\t\t}\n\t\telse {\n\t\t\tlog = new PrintStream(new OutputStream() { public void write(int b) {} } ); \n\t\t\treader = new BufferedReader(new InputStreamReader(System.in)); \n\t\t}\n\t\tfor(int i = 0; ; i++) {\n\t\t\tboolean b = new Main().main();\n\t\t\tif (!b)\n\t\t\t\tbreak;\n\t\t}\t\t\n\t\treader.close();\n\t}\n\tstatic PrintStream log;\n\tstatic BufferedReader reader;\n\tprivate static int[] readIntArray() throws IOException {\n\t\tString s = reader.readLine();\n\t\tif (s == null)\n\t\t\treturn null;\n\t\tString[] sp = s.split(\" \");\n\t\tint[] a = new int[sp.length];\n\t\tfor(int i = 0; i < sp.length; i++) {\n\t\t\ta[i] = Integer.parseInt(sp[i]);\n\t\t}\n\t\treturn a;\n\t}\n}",
      "covered_code": "Given the test case input \"ab bc ca de ef fg gd 0\", let's develop a plan for step by step execution of the Java program and predict the code coverage:\n\n1. **Import Statements**: Always executed.\n   > import java.io.*;\n   > import java.util.*;\n\n2. **Class Declaration**: Always executed.\n   > public class Main {\n\n3. **Method Declarations**: Always executed for both `main()` and `main(String[] args) throws IOException`.\n   > boolean main() throws IOException {\n   > public static void main(String[] args) throws IOException {\n\n4. **Variable Initialization and Reading Input**: Since the test case input doesn't involve reading from `System.in` directly due to the DEBUG flag being false, the initialization of `reader` for `System.in` input is skipped in execution. However, the program logic does not reach the section where `DEBUG` is checked; thus, it's not directly relevant to code coverage but mentioned for completeness.\n   > String ss = reader.readLine();\n   > String[] sp = ss.split(\" \");\n\n5. **Exception Handling with Try-Catch**: The attempt to parse \"ab\" as an integer will fail, throwing a `NumberFormatException` and catching it immediately, leading to the execution of the catch block.\n   > try { N = Integer.parseInt(sss); }catch(Exception e) {\n\n6. **Condition Checking**: The condition `if (sss.length() == 0)` is false, so the block inside is not executed.\n   ! if (sss.length() == 0) throw new IOException();\n\n7. **Returning from the Method**: Since the integer parsing fails, the method returns false without executing the rest of its body.\n   > return false;\n\n8. **Main Method's Infinite Loop**: The main method's loop calls the `main()` method and receives false, breaking the loop.\n   > for(int i = 0; ; i++) {\n   > boolean b = new Main().main();\n   > if (!b) break;\n\n9. **Closing Resources**: `reader.close();` is executed at the end of the main method.\n   > reader.close();\n\n10. **Unexecuted Parts**: Any code that involves processing the input as numbers, the loop for checking character balances, and output generation based on the logic after the try-catch block is not executed due to the early return caused by the exception handling logic.\n    ! List<String> list = new ArrayList<String>();\n    ! int[] cnt = new int[26]; \n    ! int[] flag = new int[26];\n    ! ... (All logic involving list and character processing)\n\nPredicted Code Coverage based on the provided test case and the program:\n\n> import java.io.*;\n> import java.util.*;\n> public class Main {\n> boolean main() throws IOException {\n> String ss = reader.readLine();\n> String[] sp = ss.split(\" \");\n> String sss = sp[0];\n> int N;\n> try { N = Integer.parseInt(sss); }catch(Exception e) {\n> if (sss.length() == 0)\n!               throw new IOException();\n>           return false; \n> }\n!       if (N == 0) \n!           return false; \n!       List<String> list = new ArrayList<String>();\n!       int[] cnt = new int[26]; \n!       int[] flag = new int[26]; \n!       for(int i = 0; i < N; i++) {\n!           String s = reader.readLine();\n!           list.add(s);\n!           char c1 = s.charAt(0); \n!           char c2 = s.charAt(s.length() - 1); \n!           cnt[c1 - 'a']++;\n!           flag[c1 - 'a'] = 1;\n!           cnt[c2 - 'a']--;\n!       }\n!       boolean dame = false;\n!       for(int i = 0; i < cnt.length; i++) {\n!           if (cnt[i] != 0) {\n!               dame = true;\n!               break;\n!           }\n!       }\n!       if (!dame) {\n!           String s = list.get(0);\n!           char c1 = s.charAt(0); \n!           char c2 = s.charAt(s.length() - 1); \n!           flag[c1 - 'a'] = 0;\n!           for(;;) {\n!               boolean modify = false;\n!               for(int i = 0; i < list.size(); i++) {\n!                   s = list.get(i);\n!                   c1 = s.charAt(0); \n!                   c2 = s.charAt(s.length() - 1); \n!                   if (flag[c1 - 'a'] == 0 && flag[c2 - 'a'] != 0) {\n!                       flag[c2 - 'a'] = 0;\n!                       modify = true;\n!                   }\n!               }\n!               if (!modify)\n!                   break;\n!           }\n!           for(int i = 0; i < flag.length; i++) {\n!               if (flag[i] != 0) {\n!                   dame = true;\n!                   break;\n!               }\n!           }\n!       }\n!       System.out.printf(\"%s\\n\", dame ? \"NG\" : \"OK\");\n>       return true; \n> }\n> private final static boolean DEBUG = false; \n> public static void main(String[] args) throws IOException {\n> if (DEBUG) {\n!           log = System.out;\n!           String inputStr = \"7\\nab\\nbc\\nca\\nde\\nef\\nfg\\ngd\\n\" + \"0\\n\";\n!           reader = new BufferedReader(new StringReader(inputStr)); \n>       }\n>       else {\n>           log = new PrintStream(new OutputStream() { public void write(int b) {} } ); \n>           reader = new BufferedReader(new InputStreamReader(System.in)); \n>       }\n>       for(int i = 0; ; i++) {\n>           boolean b = new Main().main();\n>           if (!b)\n>               break;\n>       }       \n>       reader.close();\n> }\n> static PrintStream log;\n> static BufferedReader reader;\n! private static int[] readIntArray() throws IOException {\n!       String s = reader.readLine();\n!       if (s == null)\n!           return null;\n!       String[] sp = s.split(\" \");\n!       int[] a = new int[sp.length];\n!       for(int i = 0; i < sp.length; i++) {\n!           a[i] = Integer.parseInt(sp[i]);\n!       }\n!       return a;\n> }",
      "test_seed_coverage": [
        ">",
        ">",
        ">",
        ">",
        ">",
        ">",
        ">",
        ">",
        ">",
        ">",
        ">",
        ">",
        ">",
        ">",
        ">",
        ">",
        ">",
        ">",
        ">",
        ">",
        ">",
        ">",
        ">",
        ">",
        ">",
        ">",
        ">",
        ">",
        ">",
        ">",
        ">",
        ">",
        ">",
        ">",
        ">",
        ">",
        ">",
        ">",
        ">",
        ">",
        ">",
        ">",
        ">",
        ">",
        ">",
        ">",
        ">",
        ">",
        ">",
        ">",
        ">",
        ">",
        ">",
        ">",
        ">",
        ">",
        ">",
        ">",
        ">",
        ">",
        ">",
        ">",
        ">",
        ">",
        ">",
        ">",
        ">",
        ">",
        ">",
        ">",
        ">",
        ">",
        ">",
        ">",
        ">",
        ">",
        ">",
        ">",
        ">",
        ">",
        ">",
        ">",
        ">",
        ">",
        ">",
        ">",
        ">",
        ">",
        ">",
        ">",
        ">",
        ">",
        ">",
        ">",
        ">",
        ">",
        ">",
        ">",
        ">",
        ">",
        ">",
        "!",
        "!",
        "!",
        "!",
        "!",
        "!",
        "!",
        "!",
        "!",
        "!",
        ">"
      ],
      "cumulative_coverage": [
        ">",
        ">",
        ">",
        ">",
        ">",
        ">",
        ">",
        ">",
        ">",
        ">",
        ">",
        ">",
        ">",
        ">",
        ">",
        ">",
        ">",
        ">",
        ">",
        ">",
        ">",
        ">",
        ">",
        ">",
        ">",
        ">",
        ">",
        ">",
        ">",
        ">",
        ">",
        ">",
        ">",
        ">",
        ">",
        ">",
        ">",
        ">",
        ">",
        ">",
        ">",
        ">",
        ">",
        ">",
        ">",
        ">",
        ">",
        ">",
        ">",
        ">",
        ">",
        ">",
        ">",
        ">",
        ">",
        ">",
        ">",
        ">",
        ">",
        ">",
        ">",
        ">",
        ">",
        ">",
        ">",
        ">",
        ">",
        ">",
        ">",
        ">",
        ">",
        ">",
        ">",
        ">",
        ">",
        ">",
        ">",
        ">",
        ">",
        ">",
        ">",
        ">",
        ">",
        ">",
        ">",
        ">",
        ">",
        ">",
        ">",
        ">",
        ">",
        ">",
        ">",
        ">",
        ">",
        ">",
        ">",
        ">",
        ">",
        ">",
        ">",
        "!",
        "!",
        "!",
        "!",
        "!",
        "!",
        "!",
        "!",
        "!",
        "!",
        ">"
      ],
      "execution_output": "",
      "cerberus_output": "NumberFormatException",
      "execution_result": "",
      "test_case_id": "7"
    },
    {
      "test_case": [
        "Test Case Input:\nab\nbc\nca\nde\nef\nfg\ngd\n0"
      ],
      "test_mutations": [
        "Test Case Input:\nab\nbc\nca\nde\nef\nfg\ngd\n0"
      ],
      "initial_code": "import java.io.*;\nimport java.util.*;\npublic class Main {\n\tboolean main() throws IOException {\n\t\tString ss = reader.readLine();\n\t\tString[] sp = ss.split(\" \");\n\t\tString sss = sp[0];\n\t\tint N;\n\t\ttry {\n\t\t\tN = Integer.parseInt(sss);\n\t\t}catch(Exception e) {\n\t\t\tif (sss.length() == 0)\n\t\t\t\tthrow new IOException();\n\t\t\treturn false; \n\t\t}\n\t\tif (N == 0) \n\t\t\treturn false; \n\t\tList<String> list = new ArrayList<String>();\n\t\tint[] cnt = new int[26]; \n\t\tint[] flag = new int[26]; \n\t\tfor(int i = 0; i < N; i++) {\n\t\t\tString s = reader.readLine();\n\t\t\tlist.add(s);\n\t\t\tchar c1 = s.charAt(0); \n\t\t\tchar c2 = s.charAt(s.length() - 1); \n\t\t\tcnt[c1 - 'a']++;\n\t\t\tflag[c1 - 'a'] = 1;\n\t\t\tcnt[c2 - 'a']--;\n\t\t}\n\t\tboolean dame = false;\n\t\tfor(int i = 0; i < cnt.length; i++) {\n\t\t\tif (cnt[i] != 0) {\n\t\t\t\tdame = true;\n\t\t\t\tbreak;\n\t\t\t}\n\t\t}\n\t\tif (!dame) {\n\t\t\tString s = list.get(0);\n\t\t\tchar c1 = s.charAt(0); \n\t\t\tchar c2 = s.charAt(s.length() - 1); \n\t\t\tflag[c1 - 'a'] = 0;\n\t\t\tfor(;;) {\n\t\t\t\tboolean modify = false;\n\t\t\t\tfor(int i = 0; i < list.size(); i++) {\n\t\t\t\t\ts = list.get(i);\n\t\t\t\t\tc1 = s.charAt(0); \n\t\t\t\t\tc2 = s.charAt(s.length() - 1); \n\t\t\t\t\tif (flag[c1 - 'a'] == 0 && flag[c2 - 'a'] != 0) {\n\t\t\t\t\t\tflag[c2 - 'a'] = 0;\n\t\t\t\t\t\tmodify = true;\n\t\t\t\t\t}\n\t\t\t\t}\n\t\t\t\tif (!modify)\n\t\t\t\t\tbreak;\n\t\t\t}\n\t\t\tfor(int i = 0; i < flag.length; i++) {\n\t\t\t\tif (flag[i] != 0) {\n\t\t\t\t\tdame = true;\n\t\t\t\t\tbreak;\n\t\t\t\t}\n\t\t\t}\n\t\t}\n\t\tSystem.out.printf(\"%s\\n\", dame ? \"NG\" : \"OK\");\n\t\treturn true; \n\t}\n\tprivate final static boolean DEBUG = false; \n\tpublic static void main(String[] args) throws IOException {\n\t\tif (DEBUG) {\n\t\t\tlog = System.out;\n\t\t\tString inputStr = \"7\\nab\\nbc\\nca\\nde\\nef\\nfg\\ngd\\n\" + \"0\\n\";\n\t\t\treader = new BufferedReader(new StringReader(inputStr)); \n\t\t}\n\t\telse {\n\t\t\tlog = new PrintStream(new OutputStream() { public void write(int b) {} } ); \n\t\t\treader = new BufferedReader(new InputStreamReader(System.in)); \n\t\t}\n\t\tfor(int i = 0; ; i++) {\n\t\t\tboolean b = new Main().main();\n\t\t\tif (!b)\n\t\t\t\tbreak;\n\t\t}\t\t\n\t\treader.close();\n\t}\n\tstatic PrintStream log;\n\tstatic BufferedReader reader;\n\tprivate static int[] readIntArray() throws IOException {\n\t\tString s = reader.readLine();\n\t\tif (s == null)\n\t\t\treturn null;\n\t\tString[] sp = s.split(\" \");\n\t\tint[] a = new int[sp.length];\n\t\tfor(int i = 0; i < sp.length; i++) {\n\t\t\ta[i] = Integer.parseInt(sp[i]);\n\t\t}\n\t\treturn a;\n\t}\n}",
      "covered_code": "Given the provided test case input and the Java program, let's develop a plan for step by step execution to predict the code coverage:\n\n1. **Import Statements**: Always executed as they are required for program compilation and execution.\n    - `import java.io.*;`\n    - `import java.util.*;`\n\n2. **Class Declaration**: Always executed since it defines the structure of the program.\n    - `public class Main {`\n\n3. **Main Method Execution**: This is the entry point of the Java application and is always executed.\n    - `public static void main(String[] args) throws IOException {`\n\n4. **DEBUG Variable Check**: The `DEBUG` flag is set to `false`, so the else block will be executed, setting up `log` and `reader` for standard input.\n    - `if (DEBUG) { ... } else { ... }`\n\n5. **Infinite For Loop in Main Method**: This for loop continues until the `main` method of the `Main` class returns `false`.\n    - `for(int i = 0; ; i++) { ... }`\n\n6. **Execution of `main` Method of `Main` Class**: This is where the logic of reading input and processing starts.\n    - `boolean b = new Main().main();`\n\n7. **Reading the First Line and Splitting**: The input does not start with an integer, so the `try` block will throw an exception caught by the `catch` block.\n    - `String ss = reader.readLine();`\n    - `String[] sp = ss.split(\" \");`\n    - `String sss = sp[0];`\n\n8. **Exception Handling and Condition Check**: Since the first part of the input is not an integer, it goes into the `catch` block. The first string `sss` is not empty, so it will return `false`.\n    - `catch(Exception e) { ... if (sss.length() == 0) throw new IOException(); return false; }`\n\n9. **Condition for `N == 0`**: This is never reached due to the catch block's behavior.\n    - `if (N == 0) return false;`\n\n10. **Loop and Logic for Processing Strings**: These parts of the code are not executed because the program returns `false` before reaching this logic.\n    - Loop for reading and processing strings.\n    - Logic for checking `dame` and printing results.\n\n11. **Reader Close**: Executed at the end of the `main` method.\n    - `reader.close();`\n\n12. **Closing Brackets**: Always considered covered as they are part of the syntax.\n\nBased on the execution plan and the given test case, the code coverage would be:\n\n```\n> import java.io.*;\n> import java.util.*;\n> public class Main {\n>     boolean main() throws IOException {\n>         String ss = reader.readLine();\n>         String[] sp = ss.split(\" \");\n>         String sss = sp[0];\n>         int N;\n!         try {\n!             N = Integer.parseInt(sss);\n>         }catch(Exception e) {\n>             if (sss.length() == 0)\n!                 throw new IOException();\n>             return false; \n>         }\n!         if (N == 0) \n!             return false; \n!         List<String> list = new ArrayList<String>();\n!         int[] cnt = new int[26]; \n!         int[] flag = new int[26]; \n!         for(int i = 0; i < N; i++) {\n!             String s = reader.readLine();\n!             list.add(s);\n!             char c1 = s.charAt(0); \n!             char c2 = s.charAt(s.length() - 1); \n!             cnt[c1 - 'a']++;\n!             flag[c1 - 'a'] = 1;\n!             cnt[c2 - 'a']--;\n!         }\n!         boolean dame = false;\n!         for(int i = 0; i < cnt.length; i++) {\n!             if (cnt[i] != 0) {\n!                 dame = true;\n!                 break;\n!             }\n!         }\n!         if (!dame) {\n!             String s = list.get(0);\n!             char c1 = s.charAt(0); \n!             char c2 = s.charAt(s.length() - 1); \n!             flag[c1 - 'a'] = 0;\n!             for(;;) {\n!                 boolean modify = false;\n!                 for(int i = 0; i < list.size(); i++) {\n!                     s = list.get(i);\n!                     c1 = s.charAt(0); \n!                     c2 = s.charAt(s.length() - 1); \n!                     if (flag[c1 - 'a'] == 0 && flag[c2 - 'a'] != 0) {\n!                         flag[c2 - 'a'] = 0;\n!                         modify = true;\n!                     }\n!                 }\n!                 if (!modify)\n!                     break;\n!             }\n!             for(int i = 0; i < flag.length; i++) {\n!                 if (flag[i] != 0) {\n!                     dame = true;\n!                     break;\n!                 }\n!             }\n!         }\n>         System.out.printf(\"%s\\n\", dame ? \"NG\" : \"OK\");\n>         return true; \n>     }\n>     private final static boolean DEBUG = false; \n>     public static void main(String[] args) throws IOException {\n>         if (DEBUG) {\n!             log = System.out;\n!             String inputStr = \"7\\nab\\nbc\\nca\\nde\\nef\\nfg\\ngd\\n\" + \"0\\n\";\n!             reader = new BufferedReader(new StringReader(inputStr)); \n>         }\n>         else {\n>             log = new PrintStream(new OutputStream() { public void write(int b) {} } ); \n>             reader = new BufferedReader(new InputStreamReader(System.in)); \n>         }\n>         for(int i = 0; ; i++) {\n>             boolean b = new Main().main();\n>             if (!b)\n>                 break;\n>         }       \n>         reader.close();\n>     }\n>     static PrintStream log;\n>     static BufferedReader reader;\n!     private static int[] readIntArray() throws IOException {\n!         String s = reader.readLine();\n!         if (s == null)\n!             return null;\n!         String[] sp = s.split(\" \");\n!         int[] a = new int[sp.length];\n!         for(int i = 0; i < sp.length; i++) {\n!             a[i] = Integer.parseInt(sp[i]);\n!         }\n!         return a;\n>     }\n> }\n```\n\nThis coverage indicates that the loop for processing the input, the logic for checking balance and connectivity, and some utility functions were never executed because of the catch block's early return.",
      "test_seed_coverage": [
        ">",
        ">",
        ">",
        ">",
        ">",
        ">",
        ">",
        ">",
        ">",
        ">",
        ">",
        ">",
        ">",
        ">",
        ">",
        ">",
        ">",
        ">",
        ">",
        ">",
        ">",
        ">",
        ">",
        ">",
        ">",
        ">",
        ">",
        ">",
        ">",
        ">",
        ">",
        ">",
        ">",
        ">",
        ">",
        ">",
        ">",
        ">",
        ">",
        ">",
        ">",
        ">",
        ">",
        ">",
        ">",
        ">",
        ">",
        ">",
        ">",
        ">",
        ">",
        ">",
        ">",
        ">",
        ">",
        ">",
        ">",
        ">",
        ">",
        ">",
        ">",
        ">",
        ">",
        ">",
        ">",
        ">",
        ">",
        ">",
        ">",
        ">",
        ">",
        ">",
        ">",
        ">",
        ">",
        ">",
        ">",
        ">",
        ">",
        ">",
        ">",
        ">",
        ">",
        ">",
        ">",
        ">",
        ">",
        ">",
        ">",
        ">",
        ">",
        ">",
        ">",
        ">",
        ">",
        ">",
        ">"
      ],
      "cumulative_coverage": [
        ">",
        ">",
        ">",
        ">",
        ">",
        ">",
        ">",
        ">",
        ">",
        ">",
        ">",
        ">",
        ">",
        ">",
        ">",
        ">",
        ">",
        ">",
        ">",
        ">",
        ">",
        ">",
        ">",
        ">",
        ">",
        ">",
        ">",
        ">",
        ">",
        ">",
        ">",
        ">",
        ">",
        ">",
        ">",
        ">",
        ">",
        ">",
        ">",
        ">",
        ">",
        ">",
        ">",
        ">",
        ">",
        ">",
        ">",
        ">",
        ">",
        ">",
        ">",
        ">",
        ">",
        ">",
        ">",
        ">",
        ">",
        ">",
        ">",
        ">",
        ">",
        ">",
        ">",
        ">",
        ">",
        ">",
        ">",
        ">",
        ">",
        ">",
        ">",
        ">",
        ">",
        ">",
        ">",
        ">",
        ">",
        ">",
        ">",
        ">",
        ">",
        ">",
        ">",
        ">",
        ">",
        ">",
        ">",
        ">",
        ">",
        ">",
        ">",
        ">",
        ">",
        ">",
        ">",
        ">",
        ">"
      ],
      "execution_output": "",
      "cerberus_output": "",
      "execution_result": "",
      "test_case_id": "8"
    }
  ]
}