{
  "submission_id": "s867545148",
  "cycles": [
    {
      "test_case": [
        "Test Case Input:\n3\nA B C\n0"
      ],
      "test_mutations": [
        "Test Case Input:\n3\nA B C\n0"
      ],
      "initial_code": "import java.io.*;\npublic class Main {\n\tpublic static void main(String[] args) {\n\t\tBufferedReader br = new BufferedReader(new InputStreamReader(System.in));\n\t\ttry {\n\t\t\tdouble dp[][][][] = new double[15][9][9][9];\n\t\t\tfor(int i=0;i<15;i++){\n\t\t\t\tfor(int j=0;j<9;j++){\n\t\t\t\t\tfor(int k=0;k<9;k++){\n\t\t\t\t\t\tfor(int l=0;l<9;l++){\n\t\t\t\t\t\t\tdp[i][j][k][l] = -1.0;\n\t\t\t\t\t\t}\n\t\t\t\t\t}\n\t\t\t\t}\n\t\t\t}\n\t\t\tString line;\n\t\t\twhile(true){\n\t\t\t\tline = br.readLine();\n\t\t\t\tint n = Integer.parseInt(line);\n\t\t\t\tif(n==0) break;\n\t\t\t\tline = br.readLine();\n\t\t\t\tchar s = line.split(\" \")[0].charAt(0), t = line.split(\" \")[1].charAt(0), b = line.split(\" \")[2].charAt(0);\n\t\t\t\tdouble ans = solve(dp, n,s-'A',t-'A',b-'A');\n\t\t\t\tSystem.out.println(ans);\n\t\t\t}\n\t\t} catch (IOException e) {\n\t\t\te.printStackTrace();\n\t\t}\n\t}\n\tpublic static double solve(double[][][][] dp, int n, int s, int t, int b){\n\t\tif(dp[n][s][t][b]>=0) return dp[n][s][t][b];\n\t\tif(n==0){\n\t\t\tif(s==t){\n\t\t\t\tdp[n][s][t][b] = 1.0;\n\t\t\t\treturn 1.0;\n\t\t\t} else {\n\t\t\t\tdp[n][s][t][b] = 0.0;\n\t\t\t\treturn 0.0;\n\t\t\t}\n\t\t} else {\n\t\t\tdouble ret = 0;\n\t\t\tif(dp[n-1][s>2&&b!=s-3?s-3:s][t][b]>=0){\n\t\t\t\tret += 0.25*dp[n-1][s>2&&b!=s-3?s-3:s][t][b];\n\t\t\t} else {\n\t\t\t\tdp[n-1][s>2&&b!=s-3?s-3:s][t][b] = solve(dp,n-1,s>2&&b!=s-3?s-3:s,t,b); \n\t\t\t\tret += 0.25*dp[n-1][s>2&&b!=s-3?s-3:s][t][b];\n\t\t\t}\n\t\t\tif(dp[n-1][s%3!=2&&b!=s+1?s+1:s][t][b]>=0){\n\t\t\t\tret += 0.25*dp[n-1][s%3!=2&&b!=s+1?s+1:s][t][b];\n\t\t\t} else {\n\t\t\t\tdp[n-1][s%3!=2&&b!=s+1?s+1:s][t][b] = solve(dp,n-1,s%3!=2&&b!=s+1?s+1:s,t,b); \n\t\t\t\tret += 0.25*dp[n-1][s%3!=2&&b!=s+1?s+1:s][t][b];\n\t\t\t}\n\t\t\tif(dp[n-1][s<6&&b!=s+3?s+3:s][t][b]>=0){\n\t\t\t\tret += 0.25*dp[n-1][s<6&&b!=s+3?s+3:s][t][b];\n\t\t\t} else {\n\t\t\t\tdp[n-1][s<6&&b!=s+3?s+3:s][t][b] = solve(dp,n-1,s<6&&b!=s+3?s+3:s,t,b);\n\t\t\t\tret += 0.25*dp[n-1][s<6&&b!=s+3?s+3:s][t][b];\n\t\t\t}\n\t\t\tif(dp[n-1][s%3!=0&&b!=s-1?s-1:s][t][b]>=0){\n\t\t\t\tret += 0.25*dp[n-1][s%3!=0&&b!=s-1?s-1:s][t][b];\n\t\t\t} else {\n\t\t\t\tdp[n-1][s%3!=0&&b!=s-1?s-1:s][t][b] =solve(dp,n-1,s%3!=0&&b!=s-1?s-1:s,t,b);\n\t\t\t\tret += 0.25*dp[n-1][s%3!=0&&b!=s-1?s-1:s][t][b];\n\t\t\t}\n\t\t\tdp[n][s][t][b] = ret;\n\t\t\treturn ret;\n\t\t}\n\t}\n}",
      "covered_code": "Given the test case input \"3\\nA B C\\n0\" and the Java program, let's develop a plan for step by step execution of the program and predict the code coverage:\n\n1. **Import Statements**: Always executed. Statement `import java.io.*;` will be covered.\n   > `import java.io.*;`\n\n2. **Class Declaration**: Always executed. Statement `public class Main {` is covered.\n   > `public class Main {`\n\n3. **Main Method Declaration**: Always executed. Statement `public static void main(String[] args) {` is covered.\n   > `public static void main(String[] args) {`\n\n4. **BufferedReader Initialization**: Always executed. Statement `BufferedReader br = new BufferedReader(new InputStreamReader(System.in));` is covered.\n   > `BufferedReader br = new BufferedReader(new InputStreamReader(System.in));`\n\n5. **Try Block Execution**: Since it's a part of the main method and executes as an attempt to handle exceptions, it will be executed.\n   > `try {`\n\n6. **DP Array Initialization**: The nested for loops initializing the `dp` array are always executed.\n   > `double dp[][][][] = new double[15][9][9][9];`\n   > `for(int i=0;i<15;i++){`\n   > `for(int j=0;j<9;j++){`\n   > `for(int k=0;k<9;k++){`\n   > `for(int l=0;l<9;l++){`\n   > `dp[i][j][k][l] = -1.0;`\n\n7. **While Loop and Reading Lines**: The while loop will be entered, and the program will read the first line \"3\" and then the second line \"A B C\" based on the input provided.\n   > `while(true){`\n   > `line = br.readLine();`\n   > `int n = Integer.parseInt(line);`\n   > `line = br.readLine();`\n\n8. **If Condition with 'n==0'**: This condition will not be true for the first iteration as `n` is 3. Thus, it will not break the loop during the first execution.\n   > `if(n==0) break;`\n\n9. **Processing and Calling `solve` Method**: The characters 'A', 'B', 'C' are processed, and the `solve` method is called.\n   > `char s = line.split(\" \")[0].charAt(0), t = line.split(\" \")[1].charAt(0), b = line.split(\" \")[2].charAt(0);`\n   > `double ans = solve(dp, n,s-'A',t-'A',b-'A');`\n   > `System.out.println(ans);`\n\n10. **Catch Block**: Not executed unless there\u2019s an IOException.\n    ! `catch (IOException e) {`\n\n11. **Solve Method Declaration**: Always executed as part of the class definition.\n    > `public static double solve(double[][][][] dp, int n, int s, int t, int b){`\n\n12. **Solve Method Execution**: The logic within the solve method is complex, involving recursive calls and checks on the `dp` array. Since the input provided leads to the execution of the recursive logic within the `solve` method, these statements are executed.\n    > `if(dp[n][s][t][b]>=0) return dp[n][s][t][b];`\n    > `if(n==0){`\n    > Logic involving recursive calls and updates to `dp` array.\n\n13. **Return to Main and Read Next Line**: After processing 'A B C', the program attempts to read the next line \"0\", which leads to breaking out of the while loop.\n    > `line = br.readLine();`\n    > `int n = Integer.parseInt(line);`\n    > `if(n==0) break;`\n\n14. **Closing Braces and End of Program**: Always executed as part of the program structure.\n    > `}` Closing braces for loops, methods, and class.\n\n**Code Coverage Summary**:\n\n- All import statements, class, and method declarations are covered.\n- The initialization of the `dp` array and the while loop are covered.\n- The `solve` method is called and executed.\n- The catch block for IOException is not executed since no IOException is thrown during the execution.\n\n**Exception Note**: No runtime exception is raised based on the given input.\n\nThis analysis covers the execution plan and expected code coverage for the given Java program and test case input \"3\\nA B C\\n0\".",
      "test_seed_coverage": [
        ">",
        ">",
        ">",
        ">",
        ">",
        ">",
        ">",
        ">",
        ">",
        ">",
        ">",
        ">",
        ">",
        ">",
        ">",
        ">",
        ">",
        ">",
        ">",
        "!",
        ">",
        ">",
        ">",
        ">",
        ">",
        ">",
        ">",
        ">",
        ">",
        ">",
        ">",
        ">",
        ">",
        ">",
        ">",
        ">",
        ">",
        ">",
        ">",
        ">",
        ">",
        ">",
        ">",
        ">",
        ">",
        ">",
        ">",
        ">",
        ">",
        ">",
        ">",
        ">",
        ">",
        ">",
        ">",
        ">",
        ">",
        ">",
        ">",
        ">",
        ">",
        ">",
        ">",
        ">",
        ">",
        ">",
        ">",
        ">",
        ">",
        ">"
      ],
      "cumulative_coverage": [
        ">",
        ">",
        ">",
        ">",
        ">",
        ">",
        ">",
        ">",
        ">",
        ">",
        ">",
        ">",
        ">",
        ">",
        ">",
        ">",
        ">",
        ">",
        ">",
        "!",
        ">",
        ">",
        ">",
        ">",
        ">",
        ">",
        ">",
        ">",
        ">",
        ">",
        ">",
        ">",
        ">",
        ">",
        ">",
        ">",
        ">",
        ">",
        ">",
        ">",
        ">",
        ">",
        ">",
        ">",
        ">",
        ">",
        ">",
        ">",
        ">",
        ">",
        ">",
        ">",
        ">",
        ">",
        ">",
        ">",
        ">",
        ">",
        ">",
        ">",
        ">",
        ">",
        ">",
        ">",
        ">",
        ">",
        ">",
        ">",
        ">",
        ">"
      ],
      "execution_output": "0.25",
      "cerberus_output": "",
      "execution_result": "",
      "test_case_id": "1"
    },
    {
      "test_case": [
        "Test Case Input:\n2\nA B C\n3\nD E F\n0"
      ],
      "test_mutations": [
        "Test Case Input:\n2\nA B C\n3\nD E F\n0"
      ],
      "initial_code": "import java.io.*;\npublic class Main {\n\tpublic static void main(String[] args) {\n\t\tBufferedReader br = new BufferedReader(new InputStreamReader(System.in));\n\t\ttry {\n\t\t\tdouble dp[][][][] = new double[15][9][9][9];\n\t\t\tfor(int i=0;i<15;i++){\n\t\t\t\tfor(int j=0;j<9;j++){\n\t\t\t\t\tfor(int k=0;k<9;k++){\n\t\t\t\t\t\tfor(int l=0;l<9;l++){\n\t\t\t\t\t\t\tdp[i][j][k][l] = -1.0;\n\t\t\t\t\t\t}\n\t\t\t\t\t}\n\t\t\t\t}\n\t\t\t}\n\t\t\tString line;\n\t\t\twhile(true){\n\t\t\t\tline = br.readLine();\n\t\t\t\tint n = Integer.parseInt(line);\n\t\t\t\tif(n==0) break;\n\t\t\t\tline = br.readLine();\n\t\t\t\tchar s = line.split(\" \")[0].charAt(0), t = line.split(\" \")[1].charAt(0), b = line.split(\" \")[2].charAt(0);\n\t\t\t\tdouble ans = solve(dp, n,s-'A',t-'A',b-'A');\n\t\t\t\tSystem.out.println(ans);\n\t\t\t}\n\t\t} catch (IOException e) {\n\t\t\te.printStackTrace();\n\t\t}\n\t}\n\tpublic static double solve(double[][][][] dp, int n, int s, int t, int b){\n\t\tif(dp[n][s][t][b]>=0) return dp[n][s][t][b];\n\t\tif(n==0){\n\t\t\tif(s==t){\n\t\t\t\tdp[n][s][t][b] = 1.0;\n\t\t\t\treturn 1.0;\n\t\t\t} else {\n\t\t\t\tdp[n][s][t][b] = 0.0;\n\t\t\t\treturn 0.0;\n\t\t\t}\n\t\t} else {\n\t\t\tdouble ret = 0;\n\t\t\tif(dp[n-1][s>2&&b!=s-3?s-3:s][t][b]>=0){\n\t\t\t\tret += 0.25*dp[n-1][s>2&&b!=s-3?s-3:s][t][b];\n\t\t\t} else {\n\t\t\t\tdp[n-1][s>2&&b!=s-3?s-3:s][t][b] = solve(dp,n-1,s>2&&b!=s-3?s-3:s,t,b); \n\t\t\t\tret += 0.25*dp[n-1][s>2&&b!=s-3?s-3:s][t][b];\n\t\t\t}\n\t\t\tif(dp[n-1][s%3!=2&&b!=s+1?s+1:s][t][b]>=0){\n\t\t\t\tret += 0.25*dp[n-1][s%3!=2&&b!=s+1?s+1:s][t][b];\n\t\t\t} else {\n\t\t\t\tdp[n-1][s%3!=2&&b!=s+1?s+1:s][t][b] = solve(dp,n-1,s%3!=2&&b!=s+1?s+1:s,t,b); \n\t\t\t\tret += 0.25*dp[n-1][s%3!=2&&b!=s+1?s+1:s][t][b];\n\t\t\t}\n\t\t\tif(dp[n-1][s<6&&b!=s+3?s+3:s][t][b]>=0){\n\t\t\t\tret += 0.25*dp[n-1][s<6&&b!=s+3?s+3:s][t][b];\n\t\t\t} else {\n\t\t\t\tdp[n-1][s<6&&b!=s+3?s+3:s][t][b] = solve(dp,n-1,s<6&&b!=s+3?s+3:s,t,b);\n\t\t\t\tret += 0.25*dp[n-1][s<6&&b!=s+3?s+3:s][t][b];\n\t\t\t}\n\t\t\tif(dp[n-1][s%3!=0&&b!=s-1?s-1:s][t][b]>=0){\n\t\t\t\tret += 0.25*dp[n-1][s%3!=0&&b!=s-1?s-1:s][t][b];\n\t\t\t} else {\n\t\t\t\tdp[n-1][s%3!=0&&b!=s-1?s-1:s][t][b] =solve(dp,n-1,s%3!=0&&b!=s-1?s-1:s,t,b);\n\t\t\t\tret += 0.25*dp[n-1][s%3!=0&&b!=s-1?s-1:s][t][b];\n\t\t\t}\n\t\t\tdp[n][s][t][b] = ret;\n\t\t\treturn ret;\n\t\t}\n\t}\n}",
      "covered_code": "Plan for step by step execution of the given Java program and test case:\n\n1. **Import statements**: \n   - `import java.io.*;` is always executed.\n\n2. **Class Declaration**:\n   - `public class Main {` is always executed.\n\n3. **Main method declaration**:\n   - `public static void main(String[] args) {` is always executed.\n\n4. **BufferedReader Initialization**:\n   - `BufferedReader br = new BufferedReader(new InputStreamReader(System.in));` is always executed.\n\n5. **Initialization of 4D array**:\n   - The initialization loop for the 4D array `double dp[][][][] = new double[15][9][9][9];` and its nested loops are always executed.\n\n6. **Reading from BufferedReader in a loop**:\n   - `while(true)` loop starts, and `line = br.readLine();` attempts to read the first input.\n\n7. **Parsing integer from input and condition check**:\n   - `int n = Integer.parseInt(line);` parses the input '2' as an integer.\n   - Checks if `n==0`, which is false for the first input ('2'), so it doesn't break.\n\n8. **Reading next line and parsing characters**:\n   - `line = br.readLine();` reads the line \"A B C\".\n   - Characters are parsed and used for the method call: `double ans = solve(dp, n, s-'A', t-'A', b-'A');`.\n\n9. **Recursive solve method**:\n   - `public static double solve(double[][][][] dp, int n, int s, int t, int b) {` is called with the parsed parameters.\n   - Within this method, various conditions and recursive calls are made based on the initial and subsequent states of the `dp` array.\n\n10. **Output of the solve method**:\n    - `System.out.println(ans);` outputs the result of the `solve` method.\n\n11. **Loop continuation or break**:\n    - The loop continues, reads the next value of `n` which is '3', and performs similar operations as before.\n    - Upon reading '0', the condition `if(n==0) break;` will be true, causing the loop to break.\n\n12. **Closing resources and method ends**:\n    - No explicit closing of the `BufferedReader` is shown, but usually, it's a good practice to close it. Since it's not in the code, it won't be executed.\n\nCode coverage based on the given test case:\n\n```\n> import java.io.*;\n> public class Main {\n>     public static void main(String[] args) {\n>         BufferedReader br = new BufferedReader(new InputStreamReader(System.in));\n>         try {\n>             double dp[][][][] = new double[15][9][9][9];\n>             for(int i=0;i<15;i++){\n>                 for(int j=0;j<9;j++){\n>                     for(int k=0;k<9;k++){\n>                         for(int l=0;l<9;l++){\n>                             dp[i][j][k][l] = -1.0;\n>                         }\n>                     }\n>                 }\n>             }\n>             String line;\n>             while(true){\n>                 line = br.readLine();\n>                 int n = Integer.parseInt(line);\n>                 if(n==0) break;\n>                 line = br.readLine();\n>                 char s = line.split(\" \")[0].charAt(0), t = line.split(\" \")[1].charAt(0), b = line.split(\" \")[2].charAt(0);\n>                 double ans = solve(dp, n,s-'A',t-'A',b-'A');\n>                 System.out.println(ans);\n>             }\n>         } catch (IOException e) {\n>             e.printStackTrace();\n>         }\n>     }\n>     public static double solve(double[][][][] dp, int n, int s, int t, int b){\n>         if(dp[n][s][t][b]>=0) return dp[n][s][t][b];\n>         if(n==0){\n>             if(s==t){\n>                 dp[n][s][t][b] = 1.0;\n>                 return 1.0;\n>             } else {\n>                 dp[n][s][t][b] = 0.0;\n>                 return 0.0;\n>             }\n>         } else {\n>             double ret = 0;\n>             // All conditions and recursive calls within this else block are executed\n>             // since they depend on the input and initial state of dp, which is set and checked.\n>             // Specific lines within these conditions are executed based on the input values \"A B C\" and \"D E F\".\n>             dp[n][s][t][b] = ret;\n>             return ret;\n>         }\n>     }\n> }\n```\n\nGiven the nature of the test case and the lack of explicit inputs in the static analysis, it's presumed that all dynamic portions of the code related to inputs and their processing are covered. The coverage of conditionals within the `solve` method and recursive calls would depend on the actual inputs and the state of the `dp` array as modified during execution.",
      "test_seed_coverage": [
        ">",
        ">",
        ">",
        ">",
        ">",
        ">",
        ">",
        ">",
        ">",
        ">",
        ">",
        ">",
        ">",
        ">",
        ">",
        ">",
        ">",
        ">",
        ">",
        ">",
        ">",
        ">",
        ">",
        ">",
        ">",
        ">",
        ">",
        ">",
        ">",
        ">",
        ">",
        ">",
        ">",
        ">",
        ">",
        ">",
        ">",
        ">",
        ">",
        ">",
        ">",
        ">",
        ">",
        ">",
        ">",
        ">",
        ">",
        ">",
        ">",
        ">",
        ">",
        ">",
        ">",
        ">",
        ">",
        ">",
        ">",
        ">",
        ">",
        ">",
        ">",
        ">",
        ">",
        ">",
        ">",
        ">",
        ">",
        ">",
        ">",
        ">"
      ],
      "cumulative_coverage": [
        ">",
        ">",
        ">",
        ">",
        ">",
        ">",
        ">",
        ">",
        ">",
        ">",
        ">",
        ">",
        ">",
        ">",
        ">",
        ">",
        ">",
        ">",
        ">",
        ">",
        ">",
        ">",
        ">",
        ">",
        ">",
        ">",
        ">",
        ">",
        ">",
        ">",
        ">",
        ">",
        ">",
        ">",
        ">",
        ">",
        ">",
        ">",
        ">",
        ">",
        ">",
        ">",
        ">",
        ">",
        ">",
        ">",
        ">",
        ">",
        ">",
        ">",
        ">",
        ">",
        ">",
        ">",
        ">",
        ">",
        ">",
        ">",
        ">",
        ">",
        ">",
        ">",
        ">",
        ">",
        ">",
        ">",
        ">",
        ">",
        ">",
        ">"
      ],
      "execution_output": "0.25\n0.15625",
      "cerberus_output": "",
      "execution_result": "",
      "test_case_id": "2"
    },
    {
      "test_case": [
        "Test Case Input:\n3\nA B C\n2\nC B A\n0"
      ],
      "test_mutations": [
        "Test Case Input:\n3\nA B C\n2\nC B A\n0"
      ],
      "initial_code": "import java.io.*;\npublic class Main {\n\tpublic static void main(String[] args) {\n\t\tBufferedReader br = new BufferedReader(new InputStreamReader(System.in));\n\t\ttry {\n\t\t\tdouble dp[][][][] = new double[15][9][9][9];\n\t\t\tfor(int i=0;i<15;i++){\n\t\t\t\tfor(int j=0;j<9;j++){\n\t\t\t\t\tfor(int k=0;k<9;k++){\n\t\t\t\t\t\tfor(int l=0;l<9;l++){\n\t\t\t\t\t\t\tdp[i][j][k][l] = -1.0;\n\t\t\t\t\t\t}\n\t\t\t\t\t}\n\t\t\t\t}\n\t\t\t}\n\t\t\tString line;\n\t\t\twhile(true){\n\t\t\t\tline = br.readLine();\n\t\t\t\tint n = Integer.parseInt(line);\n\t\t\t\tif(n==0) break;\n\t\t\t\tline = br.readLine();\n\t\t\t\tchar s = line.split(\" \")[0].charAt(0), t = line.split(\" \")[1].charAt(0), b = line.split(\" \")[2].charAt(0);\n\t\t\t\tdouble ans = solve(dp, n,s-'A',t-'A',b-'A');\n\t\t\t\tSystem.out.println(ans);\n\t\t\t}\n\t\t} catch (IOException e) {\n\t\t\te.printStackTrace();\n\t\t}\n\t}\n\tpublic static double solve(double[][][][] dp, int n, int s, int t, int b){\n\t\tif(dp[n][s][t][b]>=0) return dp[n][s][t][b];\n\t\tif(n==0){\n\t\t\tif(s==t){\n\t\t\t\tdp[n][s][t][b] = 1.0;\n\t\t\t\treturn 1.0;\n\t\t\t} else {\n\t\t\t\tdp[n][s][t][b] = 0.0;\n\t\t\t\treturn 0.0;\n\t\t\t}\n\t\t} else {\n\t\t\tdouble ret = 0;\n\t\t\tif(dp[n-1][s>2&&b!=s-3?s-3:s][t][b]>=0){\n\t\t\t\tret += 0.25*dp[n-1][s>2&&b!=s-3?s-3:s][t][b];\n\t\t\t} else {\n\t\t\t\tdp[n-1][s>2&&b!=s-3?s-3:s][t][b] = solve(dp,n-1,s>2&&b!=s-3?s-3:s,t,b); \n\t\t\t\tret += 0.25*dp[n-1][s>2&&b!=s-3?s-3:s][t][b];\n\t\t\t}\n\t\t\tif(dp[n-1][s%3!=2&&b!=s+1?s+1:s][t][b]>=0){\n\t\t\t\tret += 0.25*dp[n-1][s%3!=2&&b!=s+1?s+1:s][t][b];\n\t\t\t} else {\n\t\t\t\tdp[n-1][s%3!=2&&b!=s+1?s+1:s][t][b] = solve(dp,n-1,s%3!=2&&b!=s+1?s+1:s,t,b); \n\t\t\t\tret += 0.25*dp[n-1][s%3!=2&&b!=s+1?s+1:s][t][b];\n\t\t\t}\n\t\t\tif(dp[n-1][s<6&&b!=s+3?s+3:s][t][b]>=0){\n\t\t\t\tret += 0.25*dp[n-1][s<6&&b!=s+3?s+3:s][t][b];\n\t\t\t} else {\n\t\t\t\tdp[n-1][s<6&&b!=s+3?s+3:s][t][b] = solve(dp,n-1,s<6&&b!=s+3?s+3:s,t,b);\n\t\t\t\tret += 0.25*dp[n-1][s<6&&b!=s+3?s+3:s][t][b];\n\t\t\t}\n\t\t\tif(dp[n-1][s%3!=0&&b!=s-1?s-1:s][t][b]>=0){\n\t\t\t\tret += 0.25*dp[n-1][s%3!=0&&b!=s-1?s-1:s][t][b];\n\t\t\t} else {\n\t\t\t\tdp[n-1][s%3!=0&&b!=s-1?s-1:s][t][b] =solve(dp,n-1,s%3!=0&&b!=s-1?s-1:s,t,b);\n\t\t\t\tret += 0.25*dp[n-1][s%3!=0&&b!=s-1?s-1:s][t][b];\n\t\t\t}\n\t\t\tdp[n][s][t][b] = ret;\n\t\t\treturn ret;\n\t\t}\n\t}\n}",
      "covered_code": "To predict the code coverage for the provided Java program with the given test case input, we will follow the plan step by step as outlined below. This plan will help us determine which parts of the code are executed and which are not, based on the test case provided.\n\n### Plan for Step by Step Execution\n\n1. **Import statements**: The import statement is always executed as it is required for the program compilation and execution.\n    - > `import java.io.*;`\n\n2. **Class Declaration**: The class declaration is always executed since it's the definition of the class.\n    - > `public class Main {`\n\n3. **Main method declaration**: This is always executed as it is the entry point of the Java program.\n    - > `public static void main(String[] args) {`\n\n4. **BufferedReader setup**: The setup for reading input is always executed.\n    - > `BufferedReader br = new BufferedReader(new InputStreamReader(System.in));`\n\n5. **Try block entry**: The try block is entered as part of the program's flow to handle any IOException.\n    - > `try {`\n\n6. **Multidimensional array initialization**: The nested for-loops for initializing the `dp` array are always executed.\n    - > Four nested for-loops initializing `dp[i][j][k][l] = -1.0;`\n\n7. **Reading from BufferedReader**: This is executed as part of the input reading process.\n    - > `line = br.readLine();`\n\n8. **Conditional loop and parsing**: The loop for reading and processing input lines is executed until a line with '0' is encountered.\n    - > `while(true){`\n    - > `int n = Integer.parseInt(line);`\n    - If `n==0`, the loop breaks.\n\n9. **Condition check and subsequent operations**: Based on the input, operations within the loop including parsing inputs, and calling the `solve` method, are executed.\n    - > `if(n==0) break;`\n    - > `line = br.readLine();`\n    - > `char s = line.split(\" \")[0].charAt(0), ...;`\n    - > `double ans = solve(dp, n, s-'A', t-'A', b-'A');`\n    - > `System.out.println(ans);`\n\n10. **Recursive solve method**: The recursive `solve` method is invoked, potentially multiple times depending on the inputs and the state of the `dp` array.\n    - > `public static double solve(double[][][][] dp, int n, int s, int t, int b){`\n\n11. **Base and recursive cases in solve method**: The method checks the base cases and performs recursive calls as necessary.\n    - Conditions within `solve` are executed based on the specific inputs and the current state of the `dp` array.\n\n12. **Catch block for IOException**: This block is executed if there's an IOException during input reading.\n    - Depending on the execution environment this might not get executed, but we'll mark it in anticipation.\n    - ! `catch (IOException e) {`\n\n13. **Closing Braces**: Always considered as part of the structure, though not executable code.\n\n### Code Coverage Prediction\n\nGiven the specific test case input, here's how the code coverage would look based on the execution plan:\n\n- > `import java.io.*;`\n- > `public class Main {`\n- > `public static void main(String[] args) {`\n- > `BufferedReader br = new BufferedReader(new InputStreamReader(System.in));`\n- > `try {`\n- > `double dp[][][][] = new double[15][9][9][9];` and nested loops initializing it.\n- > `String line;`\n- > `while(true){`\n- > `line = br.readLine();`\n- > `int n = Integer.parseInt(line);`\n- > (Execution of if condition and `solve` call depends on input)\n- Depending on whether an IOException is thrown:\n    - ! `catch (IOException e) {`\n\nConsidering the input provided (\"3 A B C\", \"2 C B A\", \"0\"), the program will:\n- Execute the initialization of the `dp` array.\n- Enter the while loop, read inputs, and break upon reading '0'.\n- For each non-zero input, it will parse the inputs and call the `solve` method accordingly.\n- The `solve` method's execution depends on the specific inputs and the recursive logic.\n\nThis coverage outline indicates all the parts of the code that get executed at least once, given the input. The exact execution within the `solve` method and the handling of base and recursive cases would require a detailed trace based on the inputs and the current state of the `dp` array, which isn't fully specified in this high-level plan.",
      "test_seed_coverage": [
        ">",
        ">",
        ">",
        ">",
        ">",
        ">",
        ">",
        ">",
        ">",
        ">",
        ">",
        ">",
        ">",
        ">",
        ">",
        ">",
        ">",
        ">",
        ">",
        ">",
        ">",
        ">",
        ">",
        ">",
        ">",
        ">",
        ">",
        ">",
        ">",
        ">",
        ">",
        ">",
        ">",
        ">",
        ">",
        ">",
        ">",
        ">",
        ">",
        ">",
        ">",
        ">",
        ">",
        ">",
        ">",
        ">",
        ">",
        ">",
        ">",
        ">",
        ">",
        ">",
        ">",
        ">",
        ">",
        ">",
        ">",
        ">",
        ">",
        ">",
        ">",
        ">",
        ">",
        ">",
        ">",
        ">",
        ">",
        ">",
        ">",
        ">"
      ],
      "cumulative_coverage": [
        ">",
        ">",
        ">",
        ">",
        ">",
        ">",
        ">",
        ">",
        ">",
        ">",
        ">",
        ">",
        ">",
        ">",
        ">",
        ">",
        ">",
        ">",
        ">",
        ">",
        ">",
        ">",
        ">",
        ">",
        ">",
        ">",
        ">",
        ">",
        ">",
        ">",
        ">",
        ">",
        ">",
        ">",
        ">",
        ">",
        ">",
        ">",
        ">",
        ">",
        ">",
        ">",
        ">",
        ">",
        ">",
        ">",
        ">",
        ">",
        ">",
        ">",
        ">",
        ">",
        ">",
        ">",
        ">",
        ">",
        ">",
        ">",
        ">",
        ">",
        ">",
        ">",
        ">",
        ">",
        ">",
        ">",
        ">",
        ">",
        ">",
        ">"
      ],
      "execution_output": "0.25\n0.25",
      "cerberus_output": "",
      "execution_result": "",
      "test_case_id": "3"
    },
    {
      "test_case": [
        "Test Case Input:\n4\nA B C\n3\n\nTest Case Output:\n1.0"
      ],
      "test_mutations": [
        "Test Case Input:\n4\nA B C\n3\n\nTest Case Output:\n1.0"
      ],
      "initial_code": "import java.io.*;\npublic class Main {\n\tpublic static void main(String[] args) {\n\t\tBufferedReader br = new BufferedReader(new InputStreamReader(System.in));\n\t\ttry {\n\t\t\tdouble dp[][][][] = new double[15][9][9][9];\n\t\t\tfor(int i=0;i<15;i++){\n\t\t\t\tfor(int j=0;j<9;j++){\n\t\t\t\t\tfor(int k=0;k<9;k++){\n\t\t\t\t\t\tfor(int l=0;l<9;l++){\n\t\t\t\t\t\t\tdp[i][j][k][l] = -1.0;\n\t\t\t\t\t\t}\n\t\t\t\t\t}\n\t\t\t\t}\n\t\t\t}\n\t\t\tString line;\n\t\t\twhile(true){\n\t\t\t\tline = br.readLine();\n\t\t\t\tint n = Integer.parseInt(line);\n\t\t\t\tif(n==0) break;\n\t\t\t\tline = br.readLine();\n\t\t\t\tchar s = line.split(\" \")[0].charAt(0), t = line.split(\" \")[1].charAt(0), b = line.split(\" \")[2].charAt(0);\n\t\t\t\tdouble ans = solve(dp, n,s-'A',t-'A',b-'A');\n\t\t\t\tSystem.out.println(ans);\n\t\t\t}\n\t\t} catch (IOException e) {\n\t\t\te.printStackTrace();\n\t\t}\n\t}\n\tpublic static double solve(double[][][][] dp, int n, int s, int t, int b){\n\t\tif(dp[n][s][t][b]>=0) return dp[n][s][t][b];\n\t\tif(n==0){\n\t\t\tif(s==t){\n\t\t\t\tdp[n][s][t][b] = 1.0;\n\t\t\t\treturn 1.0;\n\t\t\t} else {\n\t\t\t\tdp[n][s][t][b] = 0.0;\n\t\t\t\treturn 0.0;\n\t\t\t}\n\t\t} else {\n\t\t\tdouble ret = 0;\n\t\t\tif(dp[n-1][s>2&&b!=s-3?s-3:s][t][b]>=0){\n\t\t\t\tret += 0.25*dp[n-1][s>2&&b!=s-3?s-3:s][t][b];\n\t\t\t} else {\n\t\t\t\tdp[n-1][s>2&&b!=s-3?s-3:s][t][b] = solve(dp,n-1,s>2&&b!=s-3?s-3:s,t,b); \n\t\t\t\tret += 0.25*dp[n-1][s>2&&b!=s-3?s-3:s][t][b];\n\t\t\t}\n\t\t\tif(dp[n-1][s%3!=2&&b!=s+1?s+1:s][t][b]>=0){\n\t\t\t\tret += 0.25*dp[n-1][s%3!=2&&b!=s+1?s+1:s][t][b];\n\t\t\t} else {\n\t\t\t\tdp[n-1][s%3!=2&&b!=s+1?s+1:s][t][b] = solve(dp,n-1,s%3!=2&&b!=s+1?s+1:s,t,b); \n\t\t\t\tret += 0.25*dp[n-1][s%3!=2&&b!=s+1?s+1:s][t][b];\n\t\t\t}\n\t\t\tif(dp[n-1][s<6&&b!=s+3?s+3:s][t][b]>=0){\n\t\t\t\tret += 0.25*dp[n-1][s<6&&b!=s+3?s+3:s][t][b];\n\t\t\t} else {\n\t\t\t\tdp[n-1][s<6&&b!=s+3?s+3:s][t][b] = solve(dp,n-1,s<6&&b!=s+3?s+3:s,t,b);\n\t\t\t\tret += 0.25*dp[n-1][s<6&&b!=s+3?s+3:s][t][b];\n\t\t\t}\n\t\t\tif(dp[n-1][s%3!=0&&b!=s-1?s-1:s][t][b]>=0){\n\t\t\t\tret += 0.25*dp[n-1][s%3!=0&&b!=s-1?s-1:s][t][b];\n\t\t\t} else {\n\t\t\t\tdp[n-1][s%3!=0&&b!=s-1?s-1:s][t][b] =solve(dp,n-1,s%3!=0&&b!=s-1?s-1:s,t,b);\n\t\t\t\tret += 0.25*dp[n-1][s%3!=0&&b!=s-1?s-1:s][t][b];\n\t\t\t}\n\t\t\tdp[n][s][t][b] = ret;\n\t\t\treturn ret;\n\t\t}\n\t}\n}",
      "covered_code": "Given the test input and the Java program, let's develop a step-by-step execution plan to predict code coverage.\n\n**PLAN for step-by-step execution:**\n\n1. **Import Statements:** Since import statements are always executed, the statement \"import java.io.*;\" will be covered.\n\n2. **Main Class Declaration:** Always executed. Statement \"public class Main {\" is covered.\n\n3. **Main Method Declaration:** Always executed. Statement \"public static void main(String[] args) {\" is covered.\n\n4. **BufferedReader and InputStreamReader Setup:** Always executed. Statements for initializing BufferedReader \"BufferedReader br = new BufferedReader(new InputStreamReader(System.in));\" are covered.\n\n5. **Try Block Entry:** The try block is entered as part of the normal execution flow, so the initial statements within the try block (initializing the dp array) are covered.\n\n6. **Initializing dp Array:** The nested for loops for initializing the dp array are executed, covering all initialization statements.\n\n7. **Reading Input:** Given that the program reads input within a while loop until a condition is met, the statements for reading input \"line = br.readLine();\" and converting it to an integer are covered. Given the test inputs, these statements will be executed multiple times, and the condition to break the loop (if n==0) will eventually be met.\n\n8. **Splitting String and Character Extraction:** The line that splits the input string and extracts characters 's', 't', and 'b' will be executed, covering statements that involve 'line.split(\" \")' and 'charAt(0)'.\n\n9. **Calling the solve Method:** The solve method is called with appropriate parameters, covering the statement \"double ans = solve(dp, n, s-'A', t-'A', b-'A');\".\n\n10. **Printing the Answer:** The statement for printing the answer \"System.out.println(ans);\" will be covered.\n\n11. **IOException Catch Block:** Since there's no indication of an IOException being thrown with the given inputs, the catch block will not be executed.\n\n12. **solve Method Execution:** The solve method is executed with the given parameters. Based on the logic and the test case provided, it will cover the statements that check conditions and recalculate values within the dp array.\n\n13. **Recursion in solve Method:** The recursive calls made by the solve method to itself will be covered as part of the logic to calculate the answer.\n\n14. **Returning from solve Method:** The statements for returning values from the solve method will be covered as the method execution completes.\n\n**Predicted Code Coverage:**\n\nGiven the structure of the program and the test input, the following coverage is predicted:\n\n- All import and class/method declaration statements are covered.\n- All statements within the main method for reading input, initializing the dp array, and calling the solve method are covered.\n- The solve method and its recursive calls are covered, including all logic for calculating the dp values.\n- The catch block for IOException is not executed.\n\n**Specific Coverage Indications:**\n\n> import java.io.*;\n> public class Main {\n>     public static void main(String[] args) {\n>         BufferedReader br = new BufferedReader(new InputStreamReader(System.in));\n>         try {\n>             double dp[][][][] = new double[15][9][9][9];\n>             for(int i=0;i<15;i++){\n>                 for(int j=0;j<9;j++){\n>                     for(int k=0;k<9;k++){\n>                         for(int l=0;l<9;l++){\n>                             dp[i][j][k][l] = -1.0;\n>                         }\n>                     }\n>                 }\n>             }\n>             String line;\n>             while(true){\n>                 line = br.readLine();\n>                 int n = Integer.parseInt(line);\n>                 if(n==0) break;\n>                 line = br.readLine();\n>                 char s = line.split(\" \")[0].charAt(0), t = line.split(\" \")[1].charAt(0), b = line.split(\" \")[2].charAt(0);\n>                 double ans = solve(dp, n,s-'A',t-'A',b-'A');\n>                 System.out.println(ans);\n>             }\n>         } catch (IOException e) {\n!             e.printStackTrace();\n>         }\n>     }\n>     public static double solve(double[][][][] dp, int n, int s, int t, int b){\n>         // (Details of the solve method and its recursive calls are covered)\n>     }\n> }\n\n- The catch block for IOException (`e.printStackTrace();`) is marked as not executed, as no IOException is expected to be thrown with the provided inputs.",
      "test_seed_coverage": [
        ">",
        ">",
        ">",
        ">",
        ">",
        ">",
        ">",
        ">",
        ">",
        ">",
        ">",
        ">",
        ">",
        ">",
        ">",
        ">",
        ">",
        ">",
        ">",
        ">",
        ">",
        ">",
        ">",
        ">",
        ">",
        ">",
        ">",
        ">",
        ">",
        ">",
        ">",
        ">",
        ">",
        ">",
        ">",
        ">",
        ">",
        ">",
        ">",
        ">",
        ">",
        ">",
        ">",
        ">",
        ">",
        ">",
        ">",
        ">",
        ">",
        ">",
        ">",
        ">",
        ">",
        ">",
        ">",
        ">",
        ">",
        ">",
        ">",
        ">",
        ">",
        ">",
        ">",
        ">",
        ">",
        ">",
        ">",
        ">",
        ">",
        ">"
      ],
      "cumulative_coverage": [
        ">",
        ">",
        ">",
        ">",
        ">",
        ">",
        ">",
        ">",
        ">",
        ">",
        ">",
        ">",
        ">",
        ">",
        ">",
        ">",
        ">",
        ">",
        ">",
        ">",
        ">",
        ">",
        ">",
        ">",
        ">",
        ">",
        ">",
        ">",
        ">",
        ">",
        ">",
        ">",
        ">",
        ">",
        ">",
        ">",
        ">",
        ">",
        ">",
        ">",
        ">",
        ">",
        ">",
        ">",
        ">",
        ">",
        ">",
        ">",
        ">",
        ">",
        ">",
        ">",
        ">",
        ">",
        ">",
        ">",
        ">",
        ">",
        ">",
        ">",
        ">",
        ">",
        ">",
        ">",
        ">",
        ">",
        ">",
        ">",
        ">",
        ">"
      ],
      "execution_error": "Exception in thread \"main\" java.lang.StringIndexOutOfBoundsException: Index 0 out of bounds for length 0\n\tat java.base/jdk.internal.util.Preconditions$1.apply(Preconditions.java:55)\n\tat java.base/jdk.internal.util.Preconditions$1.apply(Preconditions.java:52)\n\tat java.base/jdk.internal.util.Preconditions$4.apply(Preconditions.java:213)\n\tat java.base/jdk.internal.util.Preconditions$4.apply(Preconditions.java:210)\n\tat java.base/jdk.internal.util.Preconditions.outOfBounds(Preconditions.java:98)\n\tat java.base/jdk.internal.util.Preconditions.outOfBoundsCheckIndex(Preconditions.java:106)\n\tat java.base/jdk.internal.util.Preconditions.checkIndex(Preconditions.java:302)\n\tat java.base/java.lang.String.checkIndex(String.java:4832)\n\tat java.base/java.lang.StringLatin1.charAt(StringLatin1.java:46)\n\tat java.base/java.lang.String.charAt(String.java:1555)\n\tat Main.main(Main.java:22)",
      "cerberus_output": "",
      "execution_result": "StringIndexOutOfBoundsException",
      "test_case_id": "4"
    },
    {
      "test_case": [
        "Test Case Input:\n3\nA B C\n4\nD E F\n0"
      ],
      "test_mutations": [
        "Test Case Input:\n3\nA B C\n4\nD E F\n0"
      ],
      "initial_code": "import java.io.*;\npublic class Main {\n\tpublic static void main(String[] args) {\n\t\tBufferedReader br = new BufferedReader(new InputStreamReader(System.in));\n\t\ttry {\n\t\t\tdouble dp[][][][] = new double[15][9][9][9];\n\t\t\tfor(int i=0;i<15;i++){\n\t\t\t\tfor(int j=0;j<9;j++){\n\t\t\t\t\tfor(int k=0;k<9;k++){\n\t\t\t\t\t\tfor(int l=0;l<9;l++){\n\t\t\t\t\t\t\tdp[i][j][k][l] = -1.0;\n\t\t\t\t\t\t}\n\t\t\t\t\t}\n\t\t\t\t}\n\t\t\t}\n\t\t\tString line;\n\t\t\twhile(true){\n\t\t\t\tline = br.readLine();\n\t\t\t\tint n = Integer.parseInt(line);\n\t\t\t\tif(n==0) break;\n\t\t\t\tline = br.readLine();\n\t\t\t\tchar s = line.split(\" \")[0].charAt(0), t = line.split(\" \")[1].charAt(0), b = line.split(\" \")[2].charAt(0);\n\t\t\t\tdouble ans = solve(dp, n,s-'A',t-'A',b-'A');\n\t\t\t\tSystem.out.println(ans);\n\t\t\t}\n\t\t} catch (IOException e) {\n\t\t\te.printStackTrace();\n\t\t}\n\t}\n\tpublic static double solve(double[][][][] dp, int n, int s, int t, int b){\n\t\tif(dp[n][s][t][b]>=0) return dp[n][s][t][b];\n\t\tif(n==0){\n\t\t\tif(s==t){\n\t\t\t\tdp[n][s][t][b] = 1.0;\n\t\t\t\treturn 1.0;\n\t\t\t} else {\n\t\t\t\tdp[n][s][t][b] = 0.0;\n\t\t\t\treturn 0.0;\n\t\t\t}\n\t\t} else {\n\t\t\tdouble ret = 0;\n\t\t\tif(dp[n-1][s>2&&b!=s-3?s-3:s][t][b]>=0){\n\t\t\t\tret += 0.25*dp[n-1][s>2&&b!=s-3?s-3:s][t][b];\n\t\t\t} else {\n\t\t\t\tdp[n-1][s>2&&b!=s-3?s-3:s][t][b] = solve(dp,n-1,s>2&&b!=s-3?s-3:s,t,b); \n\t\t\t\tret += 0.25*dp[n-1][s>2&&b!=s-3?s-3:s][t][b];\n\t\t\t}\n\t\t\tif(dp[n-1][s%3!=2&&b!=s+1?s+1:s][t][b]>=0){\n\t\t\t\tret += 0.25*dp[n-1][s%3!=2&&b!=s+1?s+1:s][t][b];\n\t\t\t} else {\n\t\t\t\tdp[n-1][s%3!=2&&b!=s+1?s+1:s][t][b] = solve(dp,n-1,s%3!=2&&b!=s+1?s+1:s,t,b); \n\t\t\t\tret += 0.25*dp[n-1][s%3!=2&&b!=s+1?s+1:s][t][b];\n\t\t\t}\n\t\t\tif(dp[n-1][s<6&&b!=s+3?s+3:s][t][b]>=0){\n\t\t\t\tret += 0.25*dp[n-1][s<6&&b!=s+3?s+3:s][t][b];\n\t\t\t} else {\n\t\t\t\tdp[n-1][s<6&&b!=s+3?s+3:s][t][b] = solve(dp,n-1,s<6&&b!=s+3?s+3:s,t,b);\n\t\t\t\tret += 0.25*dp[n-1][s<6&&b!=s+3?s+3:s][t][b];\n\t\t\t}\n\t\t\tif(dp[n-1][s%3!=0&&b!=s-1?s-1:s][t][b]>=0){\n\t\t\t\tret += 0.25*dp[n-1][s%3!=0&&b!=s-1?s-1:s][t][b];\n\t\t\t} else {\n\t\t\t\tdp[n-1][s%3!=0&&b!=s-1?s-1:s][t][b] =solve(dp,n-1,s%3!=0&&b!=s-1?s-1:s,t,b);\n\t\t\t\tret += 0.25*dp[n-1][s%3!=0&&b!=s-1?s-1:s][t][b];\n\t\t\t}\n\t\t\tdp[n][s][t][b] = ret;\n\t\t\treturn ret;\n\t\t}\n\t}\n}",
      "covered_code": "Given the test case input and the Java program, let's develop a step-by-step execution plan to predict the code coverage.\n\n1. **Import statements**: Always executed. Statement `import java.io.*;` will be covered.\n\n2. **Main Class Declaration**: Always executed. Statement `public class Main {` is covered.\n\n3. **Main Method Declaration**: Always executed. Statement `public static void main(String[] args) {` is covered.\n\n4. **BufferedReader and InputStreamReader Creation**: Always executed. Statements `BufferedReader br = new BufferedReader(new InputStreamReader(System.in));` are covered.\n\n5. **Try Block**: Execution starts with the try block, assuming no IOExceptions are thrown during BufferedReader usage.\n\n6. **Array Initialization**: The multi-dimensional array `dp` initialization loop is always executed. Statements within all four nested loops initializing `dp[i][j][k][l] = -1.0;` are covered.\n\n7. **Reading Input and Processing**: The program reads lines in a while loop until `n == 0`. For the given test case inputs 3, 4, and 0 (indicating three sets of inputs and then termination), all statements related to reading and processing these inputs are executed.\n\n8. **Parse Int and Condition Check**: Parsing integers from input and conditional check for `if(n==0) break;` are executed. When `n==0`, the loop breaks.\n\n9. **String Splitting and Character Parsing**: Statements to parse input characters `s`, `t`, and `b` are always executed given the input format matches the expected format.\n\n10. **Calling solve Method**:\n    - The `solve` method is called for each set of inputs that do not equal 0. Hence, it is executed for the input sets corresponding to `n` values 3 and 4.\n\n11. **Solve Method Logic**:\n    - The `solve` method contains recursive calls and checks on the `dp` array. Given the nature of the input and the problem, it's expected that various paths through this method are executed, including base cases and recursive calls adjusting indices based on the conditions.\n\n12. **System.out.println(ans);**: The print statement inside the while loop is executed for each non-zero `n`, showing the result of the `solve` method.\n\n13. **Catch Block**: Assuming no IOException occurs, the catch block for IOException is not executed.\n\n14. **Closing Braces**: Always covered.\n\nGiven this plan, the code coverage can be predicted as:\n\n```\n> import java.io.*;\n> public class Main {\n>     public static void main(String[] args) {\n>         BufferedReader br = new BufferedReader(new InputStreamReader(System.in));\n>         try {\n>             double dp[][][][] = new double[15][9][9][9];\n>             for(int i=0;i<15;i++){\n>                 for(int j=0;j<9;j++){\n>                     for(int k=0;k<9;k++){\n>                         for(int l=0;l<9;l++){\n>                             dp[i][j][k][l] = -1.0;\n>                         }\n>                     }\n>                 }\n>             }\n>             String line;\n>             while(true){\n>                 line = br.readLine();\n>                 int n = Integer.parseInt(line);\n>                 if(n==0) break;\n>                 line = br.readLine();\n>                 char s = line.split(\" \")[0].charAt(0), t = line.split(\" \")[1].charAt(0), b = line.split(\" \")[2].charAt(0);\n>                 double ans = solve(dp, n,s-'A',t-'A',b-'A');\n>                 System.out.println(ans);\n>             }\n>         } catch (IOException e) {\n!             e.printStackTrace();\n>         }\n>     }\n>     public static double solve(double[][][][] dp, int n, int s, int t, int b){\n>         if(dp[n][s][t][b]>=0) return dp[n][s][t][b];\n>         if(n==0){\n>             if(s==t){\n>                 dp[n][s][t][b] = 1.0;\n>                 return 1.0;\n>             } else {\n>                 dp[n][s][t][b] = 0.0;\n>                 return 0.0;\n>             }\n>         } else {\n>             double ret = 0;\n>             // Recursive calls and logic to calculate ret\n>             // Given the generic nature of the problem and lack of specific input values, we assume all paths within this conditional logic are potentially covered\n>             dp[n][s][t][b] = ret;\n>             return ret;\n>         }\n>     }\n> }\n```\n\n**Note**: The `solve` method's internal logic dealing with recursive calls and condition checks is marked as covered, assuming the input leads to a variety of conditions being tested. The actual paths taken within the `solve` method depend on the specific inputs and the state of the `dp` array during execution. The catch block for `IOException` is marked as not covered, assuming no I/O errors occur during execution.",
      "test_seed_coverage": [
        ">",
        ">",
        ">",
        ">",
        ">",
        ">",
        ">",
        ">",
        ">",
        ">",
        ">",
        ">",
        ">",
        ">",
        ">",
        ">",
        ">",
        ">",
        ">",
        ">",
        ">",
        ">",
        ">",
        ">",
        ">",
        ">",
        ">",
        ">",
        ">",
        ">",
        ">",
        ">",
        ">",
        ">",
        ">",
        ">",
        ">",
        ">",
        ">",
        ">",
        ">",
        ">",
        ">",
        ">",
        ">",
        ">",
        ">",
        ">",
        ">",
        ">",
        ">",
        ">",
        ">",
        ">",
        ">",
        ">",
        ">",
        ">",
        ">",
        ">",
        ">",
        ">",
        ">",
        ">",
        ">",
        ">",
        ">",
        ">",
        ">",
        ">"
      ],
      "cumulative_coverage": [
        ">",
        ">",
        ">",
        ">",
        ">",
        ">",
        ">",
        ">",
        ">",
        ">",
        ">",
        ">",
        ">",
        ">",
        ">",
        ">",
        ">",
        ">",
        ">",
        ">",
        ">",
        ">",
        ">",
        ">",
        ">",
        ">",
        ">",
        ">",
        ">",
        ">",
        ">",
        ">",
        ">",
        ">",
        ">",
        ">",
        ">",
        ">",
        ">",
        ">",
        ">",
        ">",
        ">",
        ">",
        ">",
        ">",
        ">",
        ">",
        ">",
        ">",
        ">",
        ">",
        ">",
        ">",
        ">",
        ">",
        ">",
        ">",
        ">",
        ">",
        ">",
        ">",
        ">",
        ">",
        ">",
        ">",
        ">",
        ">",
        ">",
        ">"
      ],
      "execution_output": "0.25\n0.140625",
      "cerberus_output": "IOExceptions",
      "execution_result": "",
      "test_case_id": "5"
    },
    {
      "test_case": [
        "Test Case Input:\n3\nA B C\n1\nD E F\n0"
      ],
      "test_mutations": [
        "Test Case Input:\n3\nA B C\n1\nD E F\n0"
      ],
      "initial_code": "import java.io.*;\npublic class Main {\n\tpublic static void main(String[] args) {\n\t\tBufferedReader br = new BufferedReader(new InputStreamReader(System.in));\n\t\ttry {\n\t\t\tdouble dp[][][][] = new double[15][9][9][9];\n\t\t\tfor(int i=0;i<15;i++){\n\t\t\t\tfor(int j=0;j<9;j++){\n\t\t\t\t\tfor(int k=0;k<9;k++){\n\t\t\t\t\t\tfor(int l=0;l<9;l++){\n\t\t\t\t\t\t\tdp[i][j][k][l] = -1.0;\n\t\t\t\t\t\t}\n\t\t\t\t\t}\n\t\t\t\t}\n\t\t\t}\n\t\t\tString line;\n\t\t\twhile(true){\n\t\t\t\tline = br.readLine();\n\t\t\t\tint n = Integer.parseInt(line);\n\t\t\t\tif(n==0) break;\n\t\t\t\tline = br.readLine();\n\t\t\t\tchar s = line.split(\" \")[0].charAt(0), t = line.split(\" \")[1].charAt(0), b = line.split(\" \")[2].charAt(0);\n\t\t\t\tdouble ans = solve(dp, n,s-'A',t-'A',b-'A');\n\t\t\t\tSystem.out.println(ans);\n\t\t\t}\n\t\t} catch (IOException e) {\n\t\t\te.printStackTrace();\n\t\t}\n\t}\n\tpublic static double solve(double[][][][] dp, int n, int s, int t, int b){\n\t\tif(dp[n][s][t][b]>=0) return dp[n][s][t][b];\n\t\tif(n==0){\n\t\t\tif(s==t){\n\t\t\t\tdp[n][s][t][b] = 1.0;\n\t\t\t\treturn 1.0;\n\t\t\t} else {\n\t\t\t\tdp[n][s][t][b] = 0.0;\n\t\t\t\treturn 0.0;\n\t\t\t}\n\t\t} else {\n\t\t\tdouble ret = 0;\n\t\t\tif(dp[n-1][s>2&&b!=s-3?s-3:s][t][b]>=0){\n\t\t\t\tret += 0.25*dp[n-1][s>2&&b!=s-3?s-3:s][t][b];\n\t\t\t} else {\n\t\t\t\tdp[n-1][s>2&&b!=s-3?s-3:s][t][b] = solve(dp,n-1,s>2&&b!=s-3?s-3:s,t,b); \n\t\t\t\tret += 0.25*dp[n-1][s>2&&b!=s-3?s-3:s][t][b];\n\t\t\t}\n\t\t\tif(dp[n-1][s%3!=2&&b!=s+1?s+1:s][t][b]>=0){\n\t\t\t\tret += 0.25*dp[n-1][s%3!=2&&b!=s+1?s+1:s][t][b];\n\t\t\t} else {\n\t\t\t\tdp[n-1][s%3!=2&&b!=s+1?s+1:s][t][b] = solve(dp,n-1,s%3!=2&&b!=s+1?s+1:s,t,b); \n\t\t\t\tret += 0.25*dp[n-1][s%3!=2&&b!=s+1?s+1:s][t][b];\n\t\t\t}\n\t\t\tif(dp[n-1][s<6&&b!=s+3?s+3:s][t][b]>=0){\n\t\t\t\tret += 0.25*dp[n-1][s<6&&b!=s+3?s+3:s][t][b];\n\t\t\t} else {\n\t\t\t\tdp[n-1][s<6&&b!=s+3?s+3:s][t][b] = solve(dp,n-1,s<6&&b!=s+3?s+3:s,t,b);\n\t\t\t\tret += 0.25*dp[n-1][s<6&&b!=s+3?s+3:s][t][b];\n\t\t\t}\n\t\t\tif(dp[n-1][s%3!=0&&b!=s-1?s-1:s][t][b]>=0){\n\t\t\t\tret += 0.25*dp[n-1][s%3!=0&&b!=s-1?s-1:s][t][b];\n\t\t\t} else {\n\t\t\t\tdp[n-1][s%3!=0&&b!=s-1?s-1:s][t][b] =solve(dp,n-1,s%3!=0&&b!=s-1?s-1:s,t,b);\n\t\t\t\tret += 0.25*dp[n-1][s%3!=0&&b!=s-1?s-1:s][t][b];\n\t\t\t}\n\t\t\tdp[n][s][t][b] = ret;\n\t\t\treturn ret;\n\t\t}\n\t}\n}",
      "covered_code": "To predict the code coverage for the given Java program with the specified test case input, we follow a structured plan. This plan outlines the sequential steps to be taken to execute the code and determine which parts are executed based on the input.\n\n**Test Case Input:**\n```\n3\nA B C\n1\nD E F\n0\n```\n\n**PLAN:**\n\n1. **Import statements**: Executed as part of the program setup.\n   \n   > import java.io.*;\n\n2. **Class and method declarations**: Always executed as they define the structure of the program.\n   \n   > public class Main {\n   >     public static void main(String[] args) {\n   >     }\n   \n   >     public static double solve(double[][][][] dp, int n, int s, int t, int b){\n   >     }\n\n3. **Initialization of BufferedReader and dp array**: Executed to set up the input reader and initialize the dp array with -1.0 values.\n   \n   > BufferedReader br = new BufferedReader(new InputStreamReader(System.in));\n   > double dp[][][][] = new double[15][9][9][9]; // Nested loops initializing dp array\n\n4. **Reading inputs and processing them**: The while loop and subsequent input processing are executed as per the test case inputs.\n   \n   > while(true){\n   >     line = br.readLine();\n   >     int n = Integer.parseInt(line);\n   >     if(n==0) break;\n   >     line = br.readLine();\n   >     // Further processing and calling solve()\n\n5. **Breaking condition of the loop**: The loop will break when the input '0' is encountered as per the given test case inputs.\n   \n   > if(n==0) break;\n\n6. **Execution of the solve method**: The solve method is executed with parameters derived from the inputs. This method involves recursion and several if-else conditions to compute and memoize results.\n   \n   > public static double solve(double[][][][] dp, int n, int s, int t, int b){\n\n7. **Error handling**: Not explicitly part of the test inputs but the catch block for IOException is part of the execution flow structure.\n   \n   > } catch (IOException e) {\n   >     e.printStackTrace();\n   > }\n\n**Predicted Code Coverage:**\n\n> import java.io.*;\n> public class Main {\n>     public static void main(String[] args) {\n>         BufferedReader br = new BufferedReader(new InputStreamReader(System.in));\n>         try {\n>             double dp[][][][] = new double[15][9][9][9];\n>             for(int i=0;i<15;i++){\n>                 for(int j=0;j<9;j++){\n>                     for(int k=0;k<9;k++){\n>                         for(int l=0;l<9;l++){\n>                             dp[i][j][k][l] = -1.0;\n>                         }\n>                     }\n>                 }\n>             }\n>             String line;\n>             while(true){\n>                 line = br.readLine();\n>                 int n = Integer.parseInt(line);\n>                 if(n==0) break;\n>                 line = br.readLine();\n>                 char s = line.split(\" \")[0].charAt(0), t = line.split(\" \")[1].charAt(0), b = line.split(\" \")[2].charAt(0);\n>                 double ans = solve(dp, n,s-'A',t-'A',b-'A');\n>                 System.out.println(ans);\n>             }\n>         } catch (IOException e) {\n>             e.printStackTrace();\n>         }\n>     }\n>     public static double solve(double[][][][] dp, int n, int s, int t, int b){\n>         if(dp[n][s][t][b]>=0) return dp[n][s][t][b];\n>         if(n==0){\n>             if(s==t){\n>                 dp[n][s][t][b] = 1.0;\n>                 return 1.0;\n>             } else {\n>                 dp[n][s][t][b] = 0.0;\n>                 return 0.0;\n>             }\n>         } else {\n>             // Recursive calls and calculations within solve()\n>             // Omitted for brevity but all executed as part of the recursive logic\n>         }\n>     }\n> }\n\nAll lines of code related to input handling, initialization, and the recursive solve method are executed as per the test case inputs. The catch block for IOException is also part of the executable code but doesn't catch an exception in this test case scenario.",
      "test_seed_coverage": [
        ">",
        ">",
        ">",
        ">",
        ">",
        ">",
        ">",
        ">",
        ">",
        ">",
        ">",
        ">",
        ">",
        ">",
        ">",
        ">",
        ">",
        ">",
        ">",
        ">",
        ">",
        ">",
        ">",
        ">",
        ">",
        ">",
        ">",
        ">",
        ">",
        ">",
        ">",
        ">",
        ">",
        ">",
        ">",
        ">",
        ">",
        ">",
        ">",
        ">",
        ">",
        ">",
        ">",
        ">",
        ">",
        ">",
        ">",
        ">",
        ">",
        ">",
        ">",
        ">",
        ">",
        ">",
        ">",
        ">",
        ">",
        ">",
        ">",
        ">",
        ">",
        ">",
        ">",
        ">",
        ">",
        ">",
        ">",
        ">",
        ">",
        ">"
      ],
      "cumulative_coverage": [
        ">",
        ">",
        ">",
        ">",
        ">",
        ">",
        ">",
        ">",
        ">",
        ">",
        ">",
        ">",
        ">",
        ">",
        ">",
        ">",
        ">",
        ">",
        ">",
        ">",
        ">",
        ">",
        ">",
        ">",
        ">",
        ">",
        ">",
        ">",
        ">",
        ">",
        ">",
        ">",
        ">",
        ">",
        ">",
        ">",
        ">",
        ">",
        ">",
        ">",
        ">",
        ">",
        ">",
        ">",
        ">",
        ">",
        ">",
        ">",
        ">",
        ">",
        ">",
        ">",
        ">",
        ">",
        ">",
        ">",
        ">",
        ">",
        ">",
        ">",
        ">",
        ">",
        ">",
        ">",
        ">",
        ">",
        ">",
        ">",
        ">",
        ">"
      ],
      "execution_output": "0.25\n0.25",
      "cerberus_output": "",
      "execution_result": "",
      "test_case_id": "6"
    },
    {
      "test_case": [
        "Test Case Input:\n5\nA B C\n0"
      ],
      "test_mutations": [
        "Test Case Input:\n5\nA B C\n0"
      ],
      "initial_code": "import java.io.*;\npublic class Main {\n\tpublic static void main(String[] args) {\n\t\tBufferedReader br = new BufferedReader(new InputStreamReader(System.in));\n\t\ttry {\n\t\t\tdouble dp[][][][] = new double[15][9][9][9];\n\t\t\tfor(int i=0;i<15;i++){\n\t\t\t\tfor(int j=0;j<9;j++){\n\t\t\t\t\tfor(int k=0;k<9;k++){\n\t\t\t\t\t\tfor(int l=0;l<9;l++){\n\t\t\t\t\t\t\tdp[i][j][k][l] = -1.0;\n\t\t\t\t\t\t}\n\t\t\t\t\t}\n\t\t\t\t}\n\t\t\t}\n\t\t\tString line;\n\t\t\twhile(true){\n\t\t\t\tline = br.readLine();\n\t\t\t\tint n = Integer.parseInt(line);\n\t\t\t\tif(n==0) break;\n\t\t\t\tline = br.readLine();\n\t\t\t\tchar s = line.split(\" \")[0].charAt(0), t = line.split(\" \")[1].charAt(0), b = line.split(\" \")[2].charAt(0);\n\t\t\t\tdouble ans = solve(dp, n,s-'A',t-'A',b-'A');\n\t\t\t\tSystem.out.println(ans);\n\t\t\t}\n\t\t} catch (IOException e) {\n\t\t\te.printStackTrace();\n\t\t}\n\t}\n\tpublic static double solve(double[][][][] dp, int n, int s, int t, int b){\n\t\tif(dp[n][s][t][b]>=0) return dp[n][s][t][b];\n\t\tif(n==0){\n\t\t\tif(s==t){\n\t\t\t\tdp[n][s][t][b] = 1.0;\n\t\t\t\treturn 1.0;\n\t\t\t} else {\n\t\t\t\tdp[n][s][t][b] = 0.0;\n\t\t\t\treturn 0.0;\n\t\t\t}\n\t\t} else {\n\t\t\tdouble ret = 0;\n\t\t\tif(dp[n-1][s>2&&b!=s-3?s-3:s][t][b]>=0){\n\t\t\t\tret += 0.25*dp[n-1][s>2&&b!=s-3?s-3:s][t][b];\n\t\t\t} else {\n\t\t\t\tdp[n-1][s>2&&b!=s-3?s-3:s][t][b] = solve(dp,n-1,s>2&&b!=s-3?s-3:s,t,b); \n\t\t\t\tret += 0.25*dp[n-1][s>2&&b!=s-3?s-3:s][t][b];\n\t\t\t}\n\t\t\tif(dp[n-1][s%3!=2&&b!=s+1?s+1:s][t][b]>=0){\n\t\t\t\tret += 0.25*dp[n-1][s%3!=2&&b!=s+1?s+1:s][t][b];\n\t\t\t} else {\n\t\t\t\tdp[n-1][s%3!=2&&b!=s+1?s+1:s][t][b] = solve(dp,n-1,s%3!=2&&b!=s+1?s+1:s,t,b); \n\t\t\t\tret += 0.25*dp[n-1][s%3!=2&&b!=s+1?s+1:s][t][b];\n\t\t\t}\n\t\t\tif(dp[n-1][s<6&&b!=s+3?s+3:s][t][b]>=0){\n\t\t\t\tret += 0.25*dp[n-1][s<6&&b!=s+3?s+3:s][t][b];\n\t\t\t} else {\n\t\t\t\tdp[n-1][s<6&&b!=s+3?s+3:s][t][b] = solve(dp,n-1,s<6&&b!=s+3?s+3:s,t,b);\n\t\t\t\tret += 0.25*dp[n-1][s<6&&b!=s+3?s+3:s][t][b];\n\t\t\t}\n\t\t\tif(dp[n-1][s%3!=0&&b!=s-1?s-1:s][t][b]>=0){\n\t\t\t\tret += 0.25*dp[n-1][s%3!=0&&b!=s-1?s-1:s][t][b];\n\t\t\t} else {\n\t\t\t\tdp[n-1][s%3!=0&&b!=s-1?s-1:s][t][b] =solve(dp,n-1,s%3!=0&&b!=s-1?s-1:s,t,b);\n\t\t\t\tret += 0.25*dp[n-1][s%3!=0&&b!=s-1?s-1:s][t][b];\n\t\t\t}\n\t\t\tdp[n][s][t][b] = ret;\n\t\t\treturn ret;\n\t\t}\n\t}\n}",
      "covered_code": "Given the Java program and the test case input `5\\nA B C\\n0`, let's develop a plan of step by step execution to predict the code coverage. \n\n1. **Import Statements**: Always executed. Statement `import java.io.*;` will be covered.\n    > `import java.io.*;`\n   \n2. **Class Declaration**: Always executed. Statement `public class Main {` is covered.\n    > `public class Main {`\n   \n3. **Main Method Declaration**: Always executed. Statement `public static void main(String[] args) {` is covered.\n    > `public static void main(String[] args) {`\n   \n4. **Initialization of BufferedReader**: Always executed. Statements within the try block initializing the BufferedReader and the array `dp` are covered.\n    > `BufferedReader br = new BufferedReader(new InputStreamReader(System.in));`\n    > `double dp[][][][] = new double[15][9][9][9];`\n    > Nested for loops initializing `dp` array elements to -1.0\n   \n5. **Reading Input and Loop Execution**: The while loop will execute until `n==0`. Statement `line = br.readLine();` to read `5` and then `A B C` are covered. The loop will iterate once since after processing the input `5 A B C`, the next input `0` will cause the loop to break.\n    > `while(true){`\n    > `line = br.readLine();`\n    > `int n = Integer.parseInt(line);`\n    > `if(n==0) break;`\n    > `line = br.readLine();`\n   \n6. **Characters Processing and solve Method Call**: The characters are processed and the `solve` method is called with appropriate parameters derived from `A B C`.\n    > `char s = line.split(\" \")[0].charAt(0), t = line.split(\" \")[1].charAt(0), b = line.split(\" \")[2].charAt(0);`\n    > `double ans = solve(dp, n,s-'A',t-'A',b-'A');`\n   \n7. **Recursive solve Method**: Upon the first call, since `dp[n][s][t][b]` is -1.0, the method will proceed to perform its recursive calculations. This involves several recursive calls to itself, modifying the `dp` array and finally calculating and returning a result.\n    > `public static double solve(double[][][][] dp, int n, int s, int t, int b){`\n    > Recursive calls and array modifications\n   \n8. **Printing the Result**: The result of the `solve` method is printed.\n    > `System.out.println(ans);`\n   \n9. **End of Program**: The program ends after closing the BufferedReader, which is not explicitly shown but is part of proper resource management.\n    > (Implicitly) `br.close();`\n\n**Code Coverage**:\n- All import statements are covered.\n- Class and main method declaration are covered.\n- Initialization of BufferedReader and the dp array are covered.\n- The while loop is executed for the given inputs, processing input and calling the solve method.\n- The solve method is executed, including its recursive logic.\n- The print statement within the main method is executed to display the result.\n- IOException catch block is not executed as no IOException is thrown in the given test case.\n    ! `catch (IOException e) {`\n    ! `e.printStackTrace();`\n   \n- Closing brackets and the ending of methods and classes are considered always covered as part of the syntax.\n\n**Conclusion**: The given code snippet and test case input lead to a high coverage, including the initialization, the core logic within both the main method and the recursive `solve` method, and the output. The exception handling code for `IOException` is not covered by this test case.",
      "test_seed_coverage": [
        ">",
        ">",
        ">",
        ">",
        ">",
        ">",
        ">",
        ">",
        ">",
        ">",
        ">",
        ">",
        ">",
        ">",
        ">",
        ">",
        ">",
        ">",
        ">",
        ">",
        ">",
        ">",
        ">",
        ">",
        ">",
        ">",
        ">",
        ">",
        ">",
        ">",
        ">",
        ">",
        ">",
        ">",
        ">",
        ">",
        ">",
        ">",
        ">",
        ">",
        ">",
        ">",
        ">",
        ">",
        ">",
        ">",
        ">",
        ">",
        ">",
        ">",
        ">",
        ">",
        ">",
        ">",
        ">",
        ">",
        ">",
        ">",
        ">",
        ">",
        ">",
        ">",
        ">",
        ">",
        ">",
        ">",
        ">",
        ">",
        ">",
        ">"
      ],
      "cumulative_coverage": [
        ">",
        ">",
        ">",
        ">",
        ">",
        ">",
        ">",
        ">",
        ">",
        ">",
        ">",
        ">",
        ">",
        ">",
        ">",
        ">",
        ">",
        ">",
        ">",
        ">",
        ">",
        ">",
        ">",
        ">",
        ">",
        ">",
        ">",
        ">",
        ">",
        ">",
        ">",
        ">",
        ">",
        ">",
        ">",
        ">",
        ">",
        ">",
        ">",
        ">",
        ">",
        ">",
        ">",
        ">",
        ">",
        ">",
        ">",
        ">",
        ">",
        ">",
        ">",
        ">",
        ">",
        ">",
        ">",
        ">",
        ">",
        ">",
        ">",
        ">",
        ">",
        ">",
        ">",
        ">",
        ">",
        ">",
        ">",
        ">",
        ">",
        ">"
      ],
      "execution_output": "0.2099609375",
      "cerberus_output": "",
      "execution_result": "",
      "test_case_id": "7"
    },
    {
      "test_case": [
        "Test Case Input:\n5\nA B C\n0"
      ],
      "test_mutations": [
        "Test Case Input:\n5\nA B C\n0"
      ],
      "initial_code": "import java.io.*;\npublic class Main {\n\tpublic static void main(String[] args) {\n\t\tBufferedReader br = new BufferedReader(new InputStreamReader(System.in));\n\t\ttry {\n\t\t\tdouble dp[][][][] = new double[15][9][9][9];\n\t\t\tfor(int i=0;i<15;i++){\n\t\t\t\tfor(int j=0;j<9;j++){\n\t\t\t\t\tfor(int k=0;k<9;k++){\n\t\t\t\t\t\tfor(int l=0;l<9;l++){\n\t\t\t\t\t\t\tdp[i][j][k][l] = -1.0;\n\t\t\t\t\t\t}\n\t\t\t\t\t}\n\t\t\t\t}\n\t\t\t}\n\t\t\tString line;\n\t\t\twhile(true){\n\t\t\t\tline = br.readLine();\n\t\t\t\tint n = Integer.parseInt(line);\n\t\t\t\tif(n==0) break;\n\t\t\t\tline = br.readLine();\n\t\t\t\tchar s = line.split(\" \")[0].charAt(0), t = line.split(\" \")[1].charAt(0), b = line.split(\" \")[2].charAt(0);\n\t\t\t\tdouble ans = solve(dp, n,s-'A',t-'A',b-'A');\n\t\t\t\tSystem.out.println(ans);\n\t\t\t}\n\t\t} catch (IOException e) {\n\t\t\te.printStackTrace();\n\t\t}\n\t}\n\tpublic static double solve(double[][][][] dp, int n, int s, int t, int b){\n\t\tif(dp[n][s][t][b]>=0) return dp[n][s][t][b];\n\t\tif(n==0){\n\t\t\tif(s==t){\n\t\t\t\tdp[n][s][t][b] = 1.0;\n\t\t\t\treturn 1.0;\n\t\t\t} else {\n\t\t\t\tdp[n][s][t][b] = 0.0;\n\t\t\t\treturn 0.0;\n\t\t\t}\n\t\t} else {\n\t\t\tdouble ret = 0;\n\t\t\tif(dp[n-1][s>2&&b!=s-3?s-3:s][t][b]>=0){\n\t\t\t\tret += 0.25*dp[n-1][s>2&&b!=s-3?s-3:s][t][b];\n\t\t\t} else {\n\t\t\t\tdp[n-1][s>2&&b!=s-3?s-3:s][t][b] = solve(dp,n-1,s>2&&b!=s-3?s-3:s,t,b); \n\t\t\t\tret += 0.25*dp[n-1][s>2&&b!=s-3?s-3:s][t][b];\n\t\t\t}\n\t\t\tif(dp[n-1][s%3!=2&&b!=s+1?s+1:s][t][b]>=0){\n\t\t\t\tret += 0.25*dp[n-1][s%3!=2&&b!=s+1?s+1:s][t][b];\n\t\t\t} else {\n\t\t\t\tdp[n-1][s%3!=2&&b!=s+1?s+1:s][t][b] = solve(dp,n-1,s%3!=2&&b!=s+1?s+1:s,t,b); \n\t\t\t\tret += 0.25*dp[n-1][s%3!=2&&b!=s+1?s+1:s][t][b];\n\t\t\t}\n\t\t\tif(dp[n-1][s<6&&b!=s+3?s+3:s][t][b]>=0){\n\t\t\t\tret += 0.25*dp[n-1][s<6&&b!=s+3?s+3:s][t][b];\n\t\t\t} else {\n\t\t\t\tdp[n-1][s<6&&b!=s+3?s+3:s][t][b] = solve(dp,n-1,s<6&&b!=s+3?s+3:s,t,b);\n\t\t\t\tret += 0.25*dp[n-1][s<6&&b!=s+3?s+3:s][t][b];\n\t\t\t}\n\t\t\tif(dp[n-1][s%3!=0&&b!=s-1?s-1:s][t][b]>=0){\n\t\t\t\tret += 0.25*dp[n-1][s%3!=0&&b!=s-1?s-1:s][t][b];\n\t\t\t} else {\n\t\t\t\tdp[n-1][s%3!=0&&b!=s-1?s-1:s][t][b] =solve(dp,n-1,s%3!=0&&b!=s-1?s-1:s,t,b);\n\t\t\t\tret += 0.25*dp[n-1][s%3!=0&&b!=s-1?s-1:s][t][b];\n\t\t\t}\n\t\t\tdp[n][s][t][b] = ret;\n\t\t\treturn ret;\n\t\t}\n\t}\n}",
      "covered_code": "Given the provided code snippet and the test case input \"5\\nA B C\\n0\", let's develop a plan for step by step execution of this Java program and predict the code coverage.\n\n1. **Import Statements**: The import statement for `java.io.*` is always executed. \n    - `> import java.io.*;`\n\n2. **Class Declaration**: The `Main` class declaration is always executed.\n    - `> public class Main {`\n\n3. **Main Method Declaration**: The declaration of the `main` method is always executed.\n    - `> public static void main(String[] args) {`\n\n4. **BufferedReader Initialization**: The initialization of `BufferedReader` is always executed.\n    - `> BufferedReader br = new BufferedReader(new InputStreamReader(System.in));`\n\n5. **Try Block**: The try block is entered as part of the program's normal execution flow.\n    - `> try {`\n\n6. **Initialization of 4D Array**: The initialization of the 4D array `dp` is always executed.\n    - `> double dp[][][][] = new double[15][9][9][9];`\n    - `> for(int i=0; i<15; i++){`\n    - `> for(int j=0; j<9; j++){`\n    - `> for(int k=0; k<9; k++){`\n    - `> for(int l=0; l<9; l++){`\n    - `> dp[i][j][k][l] = -1.0;`\n\n7. **Reading Lines from BufferedReader**: The loop for reading lines from `BufferedReader` is executed until the condition is false.\n    - `> while(true){`\n    - `> line = br.readLine();`\n    - `> int n = Integer.parseInt(line);`\n    - `> if(n==0) break;`\n    - `> line = br.readLine();`\n    - `> char s = line.split(\" \")[0].charAt(0), t = line.split(\" \")[1].charAt(0), b = line.split(\" \")[2].charAt(0);`\n    - `> double ans = solve(dp, n, s-'A', t-'A', b-'A');`\n    - `> System.out.println(ans);`\n\n8. **Catch Block for IOException**: Since there is no IOException thrown, this block is not executed.\n    - `! } catch (IOException e) {`\n    - `! e.printStackTrace();`\n\n9. **Solve Method**: The `solve` method is called from the main method. Given the complexity and recursive nature of this method, and without specific details on the input provided during runtime (beyond the initial line), we have to consider its execution as per the calls made from the main method.\n    - `> public static double solve(double[][][][] dp, int n, int s, int t, int b){`\n    - Execution of this method depends on the specific conditions and recursive calls made within it.\n\n10. **Recursive Calls within Solve Method**: Since the `solve` method contains recursive calls and logic to check and update the `dp` array, the execution of specific statements will depend on the arguments passed during these calls. Without running the code, it's challenging to specify which exact lines within these recursive calls and logic will be executed.\n\n11. **Closing Braces and End of Program**: Closing braces for the class and main method are always considered executed.\n    - `> }`\n    - `> }`\n\nGiven the recursive nature and the conditionals within the `solve` method, it's challenging to predict exactly which lines are executed without knowing the runtime behavior of the method for the provided input. The execution flow within the `solve` method would depend on the values of `n`, `s`, `t`, and `b` during each recursive call, which in turn depends on the input provided by the user or the test case.\n\n**Note**: This plan and coverage prediction abstractly outlines execution without diving into the specifics of recursive calls made by the `solve` method, as their execution depends heavily on runtime values and conditions evaluated during the program's execution.",
      "test_seed_coverage": [
        ">",
        ">",
        ">",
        ">",
        ">",
        ">",
        ">",
        ">",
        ">",
        ">",
        ">",
        ">",
        ">",
        ">",
        ">",
        ">",
        ">",
        ">",
        ">",
        ">",
        ">",
        ">",
        ">",
        ">",
        ">",
        ">",
        ">",
        ">",
        ">",
        ">",
        ">",
        ">",
        ">",
        ">",
        ">",
        ">",
        ">",
        ">",
        ">",
        ">",
        ">",
        ">",
        ">",
        ">",
        ">",
        ">",
        ">",
        ">",
        ">",
        ">",
        ">",
        ">",
        ">",
        ">",
        ">",
        ">",
        ">",
        ">",
        ">",
        ">",
        ">",
        ">",
        ">",
        ">",
        ">",
        ">",
        ">",
        ">",
        ">",
        ">"
      ],
      "cumulative_coverage": [
        ">",
        ">",
        ">",
        ">",
        ">",
        ">",
        ">",
        ">",
        ">",
        ">",
        ">",
        ">",
        ">",
        ">",
        ">",
        ">",
        ">",
        ">",
        ">",
        ">",
        ">",
        ">",
        ">",
        ">",
        ">",
        ">",
        ">",
        ">",
        ">",
        ">",
        ">",
        ">",
        ">",
        ">",
        ">",
        ">",
        ">",
        ">",
        ">",
        ">",
        ">",
        ">",
        ">",
        ">",
        ">",
        ">",
        ">",
        ">",
        ">",
        ">",
        ">",
        ">",
        ">",
        ">",
        ">",
        ">",
        ">",
        ">",
        ">",
        ">",
        ">",
        ">",
        ">",
        ">",
        ">",
        ">",
        ">",
        ">",
        ">",
        ">"
      ],
      "execution_output": "0.2099609375",
      "cerberus_output": "",
      "execution_result": "",
      "test_case_id": "8"
    },
    {
      "test_case": [
        "Test Case Input:\n2\nA B C\n3\nD E F"
      ],
      "test_mutations": [
        "Test Case Input:\n2\nA B C\n3\nD E F"
      ],
      "initial_code": "import java.io.*;\npublic class Main {\n\tpublic static void main(String[] args) {\n\t\tBufferedReader br = new BufferedReader(new InputStreamReader(System.in));\n\t\ttry {\n\t\t\tdouble dp[][][][] = new double[15][9][9][9];\n\t\t\tfor(int i=0;i<15;i++){\n\t\t\t\tfor(int j=0;j<9;j++){\n\t\t\t\t\tfor(int k=0;k<9;k++){\n\t\t\t\t\t\tfor(int l=0;l<9;l++){\n\t\t\t\t\t\t\tdp[i][j][k][l] = -1.0;\n\t\t\t\t\t\t}\n\t\t\t\t\t}\n\t\t\t\t}\n\t\t\t}\n\t\t\tString line;\n\t\t\twhile(true){\n\t\t\t\tline = br.readLine();\n\t\t\t\tint n = Integer.parseInt(line);\n\t\t\t\tif(n==0) break;\n\t\t\t\tline = br.readLine();\n\t\t\t\tchar s = line.split(\" \")[0].charAt(0), t = line.split(\" \")[1].charAt(0), b = line.split(\" \")[2].charAt(0);\n\t\t\t\tdouble ans = solve(dp, n,s-'A',t-'A',b-'A');\n\t\t\t\tSystem.out.println(ans);\n\t\t\t}\n\t\t} catch (IOException e) {\n\t\t\te.printStackTrace();\n\t\t}\n\t}\n\tpublic static double solve(double[][][][] dp, int n, int s, int t, int b){\n\t\tif(dp[n][s][t][b]>=0) return dp[n][s][t][b];\n\t\tif(n==0){\n\t\t\tif(s==t){\n\t\t\t\tdp[n][s][t][b] = 1.0;\n\t\t\t\treturn 1.0;\n\t\t\t} else {\n\t\t\t\tdp[n][s][t][b] = 0.0;\n\t\t\t\treturn 0.0;\n\t\t\t}\n\t\t} else {\n\t\t\tdouble ret = 0;\n\t\t\tif(dp[n-1][s>2&&b!=s-3?s-3:s][t][b]>=0){\n\t\t\t\tret += 0.25*dp[n-1][s>2&&b!=s-3?s-3:s][t][b];\n\t\t\t} else {\n\t\t\t\tdp[n-1][s>2&&b!=s-3?s-3:s][t][b] = solve(dp,n-1,s>2&&b!=s-3?s-3:s,t,b); \n\t\t\t\tret += 0.25*dp[n-1][s>2&&b!=s-3?s-3:s][t][b];\n\t\t\t}\n\t\t\tif(dp[n-1][s%3!=2&&b!=s+1?s+1:s][t][b]>=0){\n\t\t\t\tret += 0.25*dp[n-1][s%3!=2&&b!=s+1?s+1:s][t][b];\n\t\t\t} else {\n\t\t\t\tdp[n-1][s%3!=2&&b!=s+1?s+1:s][t][b] = solve(dp,n-1,s%3!=2&&b!=s+1?s+1:s,t,b); \n\t\t\t\tret += 0.25*dp[n-1][s%3!=2&&b!=s+1?s+1:s][t][b];\n\t\t\t}\n\t\t\tif(dp[n-1][s<6&&b!=s+3?s+3:s][t][b]>=0){\n\t\t\t\tret += 0.25*dp[n-1][s<6&&b!=s+3?s+3:s][t][b];\n\t\t\t} else {\n\t\t\t\tdp[n-1][s<6&&b!=s+3?s+3:s][t][b] = solve(dp,n-1,s<6&&b!=s+3?s+3:s,t,b);\n\t\t\t\tret += 0.25*dp[n-1][s<6&&b!=s+3?s+3:s][t][b];\n\t\t\t}\n\t\t\tif(dp[n-1][s%3!=0&&b!=s-1?s-1:s][t][b]>=0){\n\t\t\t\tret += 0.25*dp[n-1][s%3!=0&&b!=s-1?s-1:s][t][b];\n\t\t\t} else {\n\t\t\t\tdp[n-1][s%3!=0&&b!=s-1?s-1:s][t][b] =solve(dp,n-1,s%3!=0&&b!=s-1?s-1:s,t,b);\n\t\t\t\tret += 0.25*dp[n-1][s%3!=0&&b!=s-1?s-1:s][t][b];\n\t\t\t}\n\t\t\tdp[n][s][t][b] = ret;\n\t\t\treturn ret;\n\t\t}\n\t}\n}",
      "covered_code": "To predict the code coverage based on the given test case input \"2\\nA B C\\n3\\nD E F\" for the provided Java program, follow the plan outlined below:\n\n1. **Import Statements and Class Declaration**:\n   - Import statements (`import java.io.*;`) and the class declaration (`public class Main {`) are always executed.\n\n2. **Main Method Declaration**:\n   - The declaration of the `main` method is always executed.\n\n3. **BufferedReader Initialization**:\n   - The statement to initialize `BufferedReader` is executed.\n\n4. **Initialization of 4D Array**:\n   - The nested loops initializing the 4D array `dp` are executed.\n\n5. **Reading Input and Loop Execution**:\n   - The program enters a `while(true)` loop intending to read lines until a condition inside the loop breaks it. It successfully reads the first line `\"2\"` and continues within the loop.\n\n6. **Parsing and Operations within the Loop**:\n   - The program parses the first line inside the loop to an integer `n=2`, and then reads the next line `\"A B C\"`.\n   - It splits the line and calculates characters `'A'`, `'B'`, and `'C'` into integer values based on their distance from `'A'` in the ASCII table.\n   - The `solve` method is called with these values.\n\n7. **Execution of the solve Method**:\n   - The `solve` method is executed. Since the values in `dp` are initialized to `-1.0`, the method performs its calculations to update certain positions in the `dp` array based on the provided logic.\n   - This involves recursive calls to itself, adjusting indices according to the logic provided in the conditions.\n\n8. **Continuation of the Loop**:\n   - After printing the result for the first set of inputs, the program reads the next line `\"3\"`, indicating a new set of operations is to be performed with the subsequent line `\"D E F\"`.\n\n9. **Second Execution Path in the solve Method**:\n   - Similar to step 7, but with different inputs based on the new line (`\"D E F\"`).\n\n10. **Termination**:\n    - After processing the second set of inputs, the loop attempts to read another line, which does not exist. Assuming standard program behavior, this would typically result in an `IOException` or EOF leading to the termination of the loop, but since the input is predefined and the end of input is reached, the program would ideally stop reading further.\n\n11. **Catch Block**:\n    - The `catch` block for `IOException` will not execute under normal circumstances since the input is controlled and does not trigger an IOException.\n\nBased on the execution plan, the **code coverage** would be as follows:\n\n```\n> import java.io.*;\n> public class Main {\n> \tpublic static void main(String[] args) {\n> \t\tBufferedReader br = new BufferedReader(new InputStreamReader(System.in));\n> \t\ttry {\n> \t\t\tdouble dp[][][][] = new double[15][9][9][9];\n> \t\t\tfor(int i=0;i<15;i++){\n> \t\t\t\tfor(int j=0;j<9;j++){\n> \t\t\t\t\tfor(int k=0;k<9;k++){\n> \t\t\t\t\t\tfor(int l=0;l<9;l++){\n> \t\t\t\t\t\t\tdp[i][j][k][l] = -1.0;\n> \t\t\t\t\t\t}\n> \t\t\t\t\t}\n> \t\t\t\t}\n> \t\t\t}\n> \t\t\tString line;\n> \t\t\twhile(true){\n> \t\t\t\tline = br.readLine();\n> \t\t\t\tint n = Integer.parseInt(line);\n> \t\t\t\tif(n==0) break;\n> \t\t\t\tline = br.readLine();\n> \t\t\t\tchar s = line.split(\" \")[0].charAt(0), t = line.split(\" \")[1].charAt(0), b = line.split(\" \")[2].charAt(0);\n> \t\t\t\tdouble ans = solve(dp, n,s-'A',t-'A',b-'A');\n> \t\t\t\tSystem.out.println(ans);\n> \t\t\t}\n> \t\t} catch (IOException e) {\n! \t\t\te.printStackTrace();\n> \t\t}\n> \t}\n> \tpublic static double solve(double[][][][] dp, int n, int s, int t, int b){\n> \t\tif(dp[n][s][t][b]>=0) return dp[n][s][t][b];\n> \t\tif(n==0){\n> \t\t\tif(s==t){\n> \t\t\t\tdp[n][s][t][b] = 1.0;\n> \t\t\t\treturn 1.0;\n> \t\t\t} else {\n> \t\t\t\tdp[n][s][t][b] = 0.0;\n> \t\t\t\treturn 0.0;\n> \t\t\t}\n> \t\t} else {\n> \t\t\tdouble ret = 0;\n> \t\t\tif(dp[n-1][s>2&&b!=s-3?s-3:s][t][b]>=0){\n> \t\t\t\tret += 0.25*dp[n-1][s>2&&b!=s-3?s-3:s][t][b];\n> \t\t\t} else {\n> \t\t\t\tdp[n-1][s>2&&b!=s-3?s-3:s][t][b] = solve(dp,n-1,s>2&&b!=s-3?s-3:s,t,b); \n> \t\t\t\tret += 0.25*dp[n-1][s>2&&b!=s-3?s-3:s][t][b];\n> \t\t\t}\n> \t\t\tif(dp[n-1][s%3!=2&&b!=s+1?s+1:s][t][b]>=0){\n> \t\t\t\tret += 0.25*dp[n-1][s%3!=2&&b!=s+1?s+1:s][t][b];\n> \t\t\t} else {\n> \t\t\t\tdp[n-1][s%3!=2&&b!=s+1?s+1:s][t][b] = solve(dp,n-1,s%3!=2&&b!=s+1?s+1:s,t,b); \n> \t\t\t\tret += 0.25*dp[n-1][s%3!=2&&b!=s+1?s+1:s][t][b];\n> \t\t\t}\n> \t\t\tif(dp[n-1][s<6&&b!=s+3?s+3:s][t][b]>=0){\n> \t\t\t\tret += 0.25*dp[n-1][s<6&&b!=s+3?s+3:s][t][b];\n> \t\t\t} else {\n> \t\t\t\tdp[n-1][s<6&&b!=s+3?s+3:s][t][b] = solve(dp,n-1,s<6&&b!=s+3?s+3:s,t,b);\n> \t\t\t\tret += 0.25*dp[n-1][s<6&&b!=s+3?s+3:s][t][b];\n> \t\t\t}\n> \t\t\tif(dp[n-1][s%3!=0&&b!=s-1?s-1:s][t][b]>=0){\n> \t\t\t\tret += 0.25*dp[n-1][s%3!=0&&b!=s-1?s-1:s][t][b];\n> \t\t\t} else {\n> \t\t\t\tdp[n-1][s%3!=0&&b!=s-1?s-1:s][t][b] =solve(dp,n-1,s%3!=0&&b!=s-1?s-1:s,t,b);\n> \t\t\t\tret += 0.25*dp[n-1][s%3!=0&&b!=s-1?s-1:s][t][b];\n> \t\t\t}\n> \t\t\tdp[n][s][t][b] = ret;\n> \t\t\treturn ret;\n> \t\t}\n> \t}\n> }\n```\n\n**Note**: The actual execution might vary slightly due to the specifics of input handling and the behavior of `BufferedReader` at the end of input, but the general code coverage and logic flow should follow as outlined above.",
      "test_seed_coverage": [
        ">",
        ">",
        ">",
        ">",
        ">",
        ">",
        ">",
        ">",
        ">",
        ">",
        ">",
        ">",
        ">",
        ">",
        ">",
        ">",
        ">",
        ">",
        ">",
        ">",
        ">",
        ">",
        ">",
        ">",
        ">",
        ">",
        ">",
        ">",
        ">",
        ">",
        ">",
        ">",
        ">",
        ">",
        ">",
        ">",
        ">",
        ">",
        ">",
        ">",
        ">",
        ">",
        ">",
        ">",
        ">",
        ">",
        ">",
        ">",
        ">",
        ">",
        ">",
        ">",
        ">",
        ">",
        ">",
        ">",
        ">",
        ">",
        ">",
        ">",
        ">",
        ">",
        ">",
        ">",
        ">",
        ">",
        ">",
        ">",
        ">",
        ">"
      ],
      "cumulative_coverage": [
        ">",
        ">",
        ">",
        ">",
        ">",
        ">",
        ">",
        ">",
        ">",
        ">",
        ">",
        ">",
        ">",
        ">",
        ">",
        ">",
        ">",
        ">",
        ">",
        ">",
        ">",
        ">",
        ">",
        ">",
        ">",
        ">",
        ">",
        ">",
        ">",
        ">",
        ">",
        ">",
        ">",
        ">",
        ">",
        ">",
        ">",
        ">",
        ">",
        ">",
        ">",
        ">",
        ">",
        ">",
        ">",
        ">",
        ">",
        ">",
        ">",
        ">",
        ">",
        ">",
        ">",
        ">",
        ">",
        ">",
        ">",
        ">",
        ">",
        ">",
        ">",
        ">",
        ">",
        ">",
        ">",
        ">",
        ">",
        ">",
        ">",
        ">"
      ],
      "execution_error": "Exception in thread \"main\" java.lang.NumberFormatException: Cannot parse null string\n\tat java.base/java.lang.Integer.parseInt(Integer.java:624)\n\tat java.base/java.lang.Integer.parseInt(Integer.java:778)\n\tat Main.main(Main.java:19)",
      "cerberus_output": "",
      "execution_result": "NumberFormatException",
      "test_case_id": "9"
    }
  ]
}