{
  "submission_id": "s897475338",
  "cycles": [
    {
      "test_case": [
        "Test Case Input:\n1 2 3\n4 5 6\n7 8 0"
      ],
      "test_mutations": [
        "Test Case Input:\n1 2 3\n4 5 6\n7 8 0"
      ],
      "initial_code": "import java.io.*;\nimport java.util.*;\nclass Main {\n\tpublic static void main(String[] args) throws IOException{\n\t\tBufferedReader br = new BufferedReader(new InputStreamReader(System.in));\n\t\tint[] board = new int[9];\n\t\tStringTokenizer st = new StringTokenizer(br.readLine(),\" \");\n\t\tfor (int i = 0; i < 9; i++) {\n\t\t\tif (i==3||i==6) {\n\t\t\t\tst = new StringTokenizer(br.readLine(), \" \");\n\t\t\t}\n\t\t\tboard[i] = Integer.parseInt(st.nextToken());\n\t\t}\n\t\tDeque<state> mainq = new ArrayDeque<state>();\n\t\tBitSet cl = new BitSet(500000);\n\t\tmainq.add(new state(board, 0));\n\t\tcl.set(hashBoard(board));\n\t\tint minStep = -1;\n\t\twhile(!mainq.isEmpty()){\n\t\t\tfinal state s = mainq.remove();\n\t\t\tif (hashBoard(s.board) == 46233) {\n\t\t\t\tminStep = s.move;\n\t\t\t\tbreak;\n\t\t\t}\n\t\t\tint pos;\n\t\t\tfor(pos = 0; pos<9 && s.board[pos] != 0; pos++);\n\t\t\tif (pos%3 != 0) {\n\t\t\t\tfinal int[] next = Arrays.copyOf(s.board, s.board.length);\n\t\t\t\tnext[pos] = next[pos-1];\n\t\t\t\tnext[pos-1] = 0;\n\t\t\t\tfinal int h = hashBoard(next);\n\t\t\t\tif(!cl.get(h)){\n\t\t\t\t\tcl.set(h);\n\t\t\t\t\tmainq.add(new state(next, s.move+1));\n\t\t\t\t}\n\t\t\t}\n\t\t\tif (pos%3 != 2) {\n\t\t\t\tfinal int[] next = Arrays.copyOf(s.board, s.board.length);\n\t\t\t\tnext[pos] = next[pos+1];\n\t\t\t\tnext[pos+1] = 0;\n\t\t\t\tfinal int h = hashBoard(next);\n\t\t\t\tif(!cl.get(h)){\n\t\t\t\t\tcl.set(h);\n\t\t\t\t\tmainq.add(new state(next, s.move+1));\n\t\t\t\t}\n\t\t\t}\n\t\t\tif (pos > 2) {\n\t\t\t\tfinal int[] next = Arrays.copyOf(s.board, s.board.length);\n\t\t\t\tnext[pos] = next[pos - 3];\n\t\t\t\tnext[pos-3] = 0;\n\t\t\t\tfinal int h = hashBoard(next);\n\t\t\t\tif(!cl.get(h)){\n\t\t\t\t\tcl.set(h);\n\t\t\t\t\tmainq.add(new state(next, s.move+1));\n\t\t\t\t}\n\t\t\t}\n\t\t\tif (pos < 6) {\n\t\t\t\tfinal int[] next = Arrays.copyOf(s.board, s.board.length);\n\t\t\t\tnext[pos] = next[pos + 3];\n\t\t\t\tnext[pos+3] = 0;\n\t\t\t\tfinal int h = hashBoard(next);\n\t\t\t\tif(!cl.get(h)){\n\t\t\t\t\tcl.set(h);\n\t\t\t\t\tmainq.add(new state(next, s.move+1));\n\t\t\t\t}\n\t\t\t}\n\t\t} \n\tSystem.out.println(minStep);\t\n\t}\n\tprivate static int hashBoard(int[] board){\n\t\tint h = board[0];\n\t\tfor (int i = 1; i < 8; i++) {\n\t\t\th = h*(9-i);\n\t\t\th = h+board[i];\n\t\t\tfor (int a = 0; a < i; a++) {\n\t\t\t\tif (board[a]<board[i]) {\n\t\t\t\t\t--h;\n\t\t\t\t}\n\t\t\t}\n\t\t}\n\t\treturn h;\n\t}\n}\nclass state{\n\tfinal int[] board;\n\tfinal int move;\n\tstate(int[] board, int move){\n\t\tthis.board = board;\n\t\tthis.move = move;\n\t}\n}",
      "covered_code": "Given the test case input and the JAVA program, let's develop a plan for step-by-step execution to predict the code coverage:\n\n### PLAN:\n1. **Import Statements**: Import statements are always executed. The statements to import `java.io.*` and `java.util.*` will be covered.\n\n2. **Class Declaration**: The class declaration `class Main {` is always executed.\n\n3. **Main Method Declaration**: The declaration of the `public static void main(String[] args)` method is always executed.\n\n4. **BufferedReader and StringTokenizer**: The creation of `BufferedReader` and `StringTokenizer` objects, and reading the first line of input will be executed as part of the initial setup.\n\n5. **For Loop for Input**: The for loop to read and store the input values into the `board` array will be fully executed, including the condition to create a new `StringTokenizer` at the 3rd and 6th index positions.\n\n6. **Deque and BitSet Initialization**: The creation and initialization of the `mainq` Deque and `cl` BitSet are executed.\n\n7. **Adding Initial State to Queue**: Adding the initial state to `mainq` and setting the initial hash in `cl` are executed.\n\n8. **While Loop**: The while loop checking if `mainq` is not empty will be executed.\n\n9. **State Retrieval and HashBoard Check**: Retrieving the current state from `mainq` and checking its hash value against the target hash (46233) will be executed. Given the input does not match the target hash, the loop continues.\n\n10. **Position Finding and Move Generation**: The process to find the zero position and generate all possible moves (left, right, up, down) based on that position will be executed. Since the input does not lead to immediate termination, all these parts are executed.\n\n11. **Duplicate State Check**: The check against `cl` to avoid re-adding a state already seen will be executed for each generated move.\n\n12. **Printing Result**: The statement to print the result (`minStep`) will be executed after the loop terminates, which in this case will print `-1` since the given input does not result in reaching the target hash value.\n\n13. **HashBoard Method**: The `hashBoard` method will be fully executed, including the loop to calculate the hash value for board configurations.\n\n14. **State Class Declaration and Constructor**: The `state` class and its constructor are executed during the creation of new state instances.\n\n### Code Coverage Prediction:\n- All import statements, class declarations, and method declarations are covered.\n- All statements within the `main` method, including loops and conditions, are executed at least once.\n- The `hashBoard` method is fully covered.\n- The `state` class and its constructor are fully covered.\n\n### Final Code Coverage:\n```\n> import java.io.*;\n> import java.util.*;\n> class Main {\n>     public static void main(String[] args) throws IOException{\n>         BufferedReader br = new BufferedReader(new InputStreamReader(System.in));\n>         int[] board = new int[9];\n>         StringTokenizer st = new StringTokenizer(br.readLine(),\" \");\n>         for (int i = 0; i < 9; i++) {\n>             if (i==3||i==6) {\n>                 st = new StringTokenizer(br.readLine(), \" \");\n>             }\n>             board[i] = Integer.parseInt(st.nextToken());\n>         }\n>         Deque<state> mainq = new ArrayDeque<state>();\n>         BitSet cl = new BitSet(500000);\n>         mainq.add(new state(board, 0));\n>         cl.set(hashBoard(board));\n>         int minStep = -1;\n>         while(!mainq.isEmpty()){\n>             final state s = mainq.remove();\n>             if (hashBoard(s.board) == 46233) {\n>                 minStep = s.move;\n>                 break;\n>             }\n>             int pos;\n>             for(pos = 0; pos<9 && s.board[pos] != 0; pos++);\n>             if (pos%3 != 0) {\n>                 final int[] next = Arrays.copyOf(s.board, s.board.length);\n>                 next[pos] = next[pos-1];\n>                 next[pos-1] = 0;\n>                 final int h = hashBoard(next);\n>                 if(!cl.get(h)){\n>                     cl.set(h);\n>                     mainq.add(new state(next, s.move+1));\n>                 }\n>             }\n>             if (pos%3 != 2) {\n>                 final int[] next = Arrays.copyOf(s.board, s.board.length);\n>                 next[pos] = next[pos+1];\n>                 next[pos+1] = 0;\n>                 final int h = hashBoard(next);\n>                 if(!cl.get(h)){\n>                     cl.set(h);\n>                     mainq.add(new state(next, s.move+1));\n>                 }\n>             }\n>             if (pos > 2) {\n>                 final int[] next = Arrays.copyOf(s.board, s.board.length);\n>                 next[pos] = next[pos - 3];\n>                 next[pos-3] = 0;\n>                 final int h = hashBoard(next);\n>                 if(!cl.get(h)){\n>                     cl.set(h);\n>                     mainq.add(new state(next, s.move+1));\n>                 }\n>             }\n>             if (pos < 6) {\n>                 final int[] next = Arrays.copyOf(s.board, s.board.length);\n>                 next[pos] = next[pos + 3];\n>                 next[pos+3] = 0;\n>                 final int h = hashBoard(next);\n>                 if(!cl.get(h)){\n>                     cl.set(h);\n>                     mainq.add(new state(next, s.move+1));\n>                 }\n>             }\n>         } \n>         System.out.println(minStep);    \n>     }\n>     private static int hashBoard(int[] board){\n>         int h = board[0];\n>         for (int i = 1; i < 8; i++) {\n>             h = h*(9-i);\n>             h = h+board[i];\n>             for (int a = 0; a < i; a++) {\n>                 if (board[a]<board[i]) {\n>                     --h;\n>                 }\n>             }\n>         }\n>         return h;\n>     }\n> }\n> class state{\n>     final int[] board;\n>     final int move;\n>     state(int[] board, int move){\n>         this.board = board;\n>         this.move = move;\n>     }\n> }\n```\nThis prediction assumes that all lines are reachable and executed based on the provided input and the logic of the program.",
      "test_seed_coverage": [
        ">",
        ">",
        ">",
        ">",
        ">",
        ">",
        ">",
        ">",
        ">",
        ">",
        ">",
        ">",
        ">",
        ">",
        ">",
        ">",
        ">",
        ">",
        ">",
        ">",
        ">",
        ">",
        ">",
        ">",
        ">",
        ">",
        ">",
        ">",
        ">",
        ">",
        ">",
        ">",
        ">",
        ">",
        ">",
        ">",
        ">",
        ">",
        ">",
        ">",
        ">",
        ">",
        ">",
        ">",
        ">",
        ">",
        ">",
        ">",
        ">",
        ">",
        ">",
        ">",
        ">",
        ">",
        ">",
        ">",
        ">",
        ">",
        ">",
        ">",
        ">",
        ">",
        ">",
        ">",
        ">",
        ">",
        ">",
        ">",
        ">",
        ">",
        ">",
        ">",
        ">",
        ">",
        ">",
        ">",
        ">",
        ">",
        ">",
        ">",
        ">",
        ">",
        ">",
        ">",
        ">",
        ">",
        ">",
        ">",
        ">",
        ">",
        ">"
      ],
      "cumulative_coverage": [
        ">",
        ">",
        ">",
        ">",
        ">",
        ">",
        ">",
        ">",
        ">",
        ">",
        ">",
        ">",
        ">",
        ">",
        ">",
        ">",
        ">",
        ">",
        ">",
        ">",
        ">",
        ">",
        ">",
        ">",
        ">",
        ">",
        ">",
        ">",
        ">",
        ">",
        ">",
        ">",
        ">",
        ">",
        ">",
        ">",
        ">",
        ">",
        ">",
        ">",
        ">",
        ">",
        ">",
        ">",
        ">",
        ">",
        ">",
        ">",
        ">",
        ">",
        ">",
        ">",
        ">",
        ">",
        ">",
        ">",
        ">",
        ">",
        ">",
        ">",
        ">",
        ">",
        ">",
        ">",
        ">",
        ">",
        ">",
        ">",
        ">",
        ">",
        ">",
        ">",
        ">",
        ">",
        ">",
        ">",
        ">",
        ">",
        ">",
        ">",
        ">",
        ">",
        ">",
        ">",
        ">",
        ">",
        ">",
        ">",
        ">",
        ">",
        ">"
      ],
      "execution_output": "0",
      "cerberus_output": "",
      "execution_result": "",
      "test_case_id": "1"
    },
    {
      "test_case": [
        "Test Case Input:\n5 8 1 6 0 7 4 3 2"
      ],
      "test_mutations": [
        "Test Case Input:\n5 8 1 6 0 7 4 3 2"
      ],
      "initial_code": "import java.io.*;\nimport java.util.*;\nclass Main {\n\tpublic static void main(String[] args) throws IOException{\n\t\tBufferedReader br = new BufferedReader(new InputStreamReader(System.in));\n\t\tint[] board = new int[9];\n\t\tStringTokenizer st = new StringTokenizer(br.readLine(),\" \");\n\t\tfor (int i = 0; i < 9; i++) {\n\t\t\tif (i==3||i==6) {\n\t\t\t\tst = new StringTokenizer(br.readLine(), \" \");\n\t\t\t}\n\t\t\tboard[i] = Integer.parseInt(st.nextToken());\n\t\t}\n\t\tDeque<state> mainq = new ArrayDeque<state>();\n\t\tBitSet cl = new BitSet(500000);\n\t\tmainq.add(new state(board, 0));\n\t\tcl.set(hashBoard(board));\n\t\tint minStep = -1;\n\t\twhile(!mainq.isEmpty()){\n\t\t\tfinal state s = mainq.remove();\n\t\t\tif (hashBoard(s.board) == 46233) {\n\t\t\t\tminStep = s.move;\n\t\t\t\tbreak;\n\t\t\t}\n\t\t\tint pos;\n\t\t\tfor(pos = 0; pos<9 && s.board[pos] != 0; pos++);\n\t\t\tif (pos%3 != 0) {\n\t\t\t\tfinal int[] next = Arrays.copyOf(s.board, s.board.length);\n\t\t\t\tnext[pos] = next[pos-1];\n\t\t\t\tnext[pos-1] = 0;\n\t\t\t\tfinal int h = hashBoard(next);\n\t\t\t\tif(!cl.get(h)){\n\t\t\t\t\tcl.set(h);\n\t\t\t\t\tmainq.add(new state(next, s.move+1));\n\t\t\t\t}\n\t\t\t}\n\t\t\tif (pos%3 != 2) {\n\t\t\t\tfinal int[] next = Arrays.copyOf(s.board, s.board.length);\n\t\t\t\tnext[pos] = next[pos+1];\n\t\t\t\tnext[pos+1] = 0;\n\t\t\t\tfinal int h = hashBoard(next);\n\t\t\t\tif(!cl.get(h)){\n\t\t\t\t\tcl.set(h);\n\t\t\t\t\tmainq.add(new state(next, s.move+1));\n\t\t\t\t}\n\t\t\t}\n\t\t\tif (pos > 2) {\n\t\t\t\tfinal int[] next = Arrays.copyOf(s.board, s.board.length);\n\t\t\t\tnext[pos] = next[pos - 3];\n\t\t\t\tnext[pos-3] = 0;\n\t\t\t\tfinal int h = hashBoard(next);\n\t\t\t\tif(!cl.get(h)){\n\t\t\t\t\tcl.set(h);\n\t\t\t\t\tmainq.add(new state(next, s.move+1));\n\t\t\t\t}\n\t\t\t}\n\t\t\tif (pos < 6) {\n\t\t\t\tfinal int[] next = Arrays.copyOf(s.board, s.board.length);\n\t\t\t\tnext[pos] = next[pos + 3];\n\t\t\t\tnext[pos+3] = 0;\n\t\t\t\tfinal int h = hashBoard(next);\n\t\t\t\tif(!cl.get(h)){\n\t\t\t\t\tcl.set(h);\n\t\t\t\t\tmainq.add(new state(next, s.move+1));\n\t\t\t\t}\n\t\t\t}\n\t\t} \n\tSystem.out.println(minStep);\t\n\t}\n\tprivate static int hashBoard(int[] board){\n\t\tint h = board[0];\n\t\tfor (int i = 1; i < 8; i++) {\n\t\t\th = h*(9-i);\n\t\t\th = h+board[i];\n\t\t\tfor (int a = 0; a < i; a++) {\n\t\t\t\tif (board[a]<board[i]) {\n\t\t\t\t\t--h;\n\t\t\t\t}\n\t\t\t}\n\t\t}\n\t\treturn h;\n\t}\n}\nclass state{\n\tfinal int[] board;\n\tfinal int move;\n\tstate(int[] board, int move){\n\t\tthis.board = board;\n\t\tthis.move = move;\n\t}\n}",
      "covered_code": "Given the test input and the Java program, let's develop a step-by-step execution plan to predict the code coverage:\n\n1. **Import Statements**: Always executed. The statements \"import java.io.*;\" and \"import java.util.*;\" will be covered. \n   > Coverage: >\n   \n2. **Class Declaration**: The class declaration \"class Main {\" is always executed.\n   > Coverage: >\n\n3. **Main Method Declaration**: The declaration of the `main` method is always executed.\n   > Coverage: >\n\n4. **BufferedReader and StringTokenizer**: These are used for input reading and will be executed given the input is provided via standard input.\n   > Coverage: >\n\n5. **For Loop for Input Reading**: The loop runs 9 times to read the 9 integers of the `board` array. The `if` condition inside checks for the indices 3 and 6 to read a new line of input. However, according to the given test input, the input is provided in a single line, so the `if` condition will not be satisfied.\n   > Coverage: >\n   > ! (for the line inside if)\n\n6. **Deque and BitSet Initialization**: Both `mainq` and `cl` are initialized and used, so these lines will be executed.\n   > Coverage: >\n\n7. **While Loop for Processing the Queue**: The loop processes each state until the queue is empty. This part of the code, including the conditions and the internal for-loop, will get executed as part of the state exploration.\n   > Coverage: >\n\n8. **If and For conditions inside the While Loop**: These conditions check the position of 0 in the `board` array and attempt to move it in four possible directions (left, right, up, down) if the moves are valid. Given the dynamic nature of the problem, it's expected these conditions will be evaluated multiple times, covering both true and false branches.\n   > Coverage: >\n\n9. **System.out.println(minStep);**: This line is executed at the end of the `main` method to print the `minStep` variable, which contains the minimum number of moves required or -1 if not possible.\n   > Coverage: >\n\n10. **hashBoard Method**: The `hashBoard` method is called multiple times during the execution to calculate the hash of the board configurations. Hence, it will be covered.\n    > Coverage: >\n\n11. **state Class Declaration and Constructor**: The `state` class is used to create objects that are added to the queue, so its declaration and constructor will be executed.\n    > Coverage: >\n\nBased on the step-by-step plan:\n- The line inside the `if` condition for reading new input lines at indices 3 and 6 will not be executed based on the provided test input, which is a single line.\n- All other parts of the code are expected to be executed due to the nature of the input and the algorithmic steps involved in solving the puzzle.\n\nFinal Code Coverage Prediction:\n- The program has a high level of coverage due to the nature of the input and the exhaustive processing in the while loop. The only exception is the condition meant to handle multiple lines of input, which isn't triggered by the provided test case.",
      "test_seed_coverage": [
        ">",
        ">",
        ">",
        ">",
        ">",
        ">",
        ">",
        ">",
        ">",
        ">",
        ">",
        ">",
        ">",
        ">",
        ">",
        ">",
        ">",
        ">",
        ">",
        ">",
        ">",
        ">",
        ">",
        ">",
        ">",
        ">",
        ">",
        ">",
        ">",
        ">",
        ">",
        ">",
        ">",
        ">",
        ">",
        ">",
        ">",
        ">",
        ">",
        ">",
        ">",
        ">",
        ">",
        ">",
        ">",
        ">",
        ">",
        ">",
        ">",
        ">",
        ">",
        ">",
        ">",
        ">",
        ">",
        ">",
        ">",
        ">",
        ">",
        ">",
        ">",
        ">",
        ">",
        ">",
        ">",
        ">",
        ">",
        ">",
        ">",
        ">",
        ">",
        ">",
        ">",
        ">",
        ">",
        ">",
        ">",
        ">",
        ">",
        ">",
        ">",
        ">",
        ">",
        ">",
        ">",
        ">",
        ">",
        ">",
        ">",
        ">",
        ">"
      ],
      "cumulative_coverage": [
        ">",
        ">",
        ">",
        ">",
        ">",
        ">",
        ">",
        ">",
        ">",
        ">",
        ">",
        ">",
        ">",
        ">",
        ">",
        ">",
        ">",
        ">",
        ">",
        ">",
        ">",
        ">",
        ">",
        ">",
        ">",
        ">",
        ">",
        ">",
        ">",
        ">",
        ">",
        ">",
        ">",
        ">",
        ">",
        ">",
        ">",
        ">",
        ">",
        ">",
        ">",
        ">",
        ">",
        ">",
        ">",
        ">",
        ">",
        ">",
        ">",
        ">",
        ">",
        ">",
        ">",
        ">",
        ">",
        ">",
        ">",
        ">",
        ">",
        ">",
        ">",
        ">",
        ">",
        ">",
        ">",
        ">",
        ">",
        ">",
        ">",
        ">",
        ">",
        ">",
        ">",
        ">",
        ">",
        ">",
        ">",
        ">",
        ">",
        ">",
        ">",
        ">",
        ">",
        ">",
        ">",
        ">",
        ">",
        ">",
        ">",
        ">",
        ">"
      ],
      "execution_error": "Exception in thread \"main\" java.lang.NullPointerException: Cannot invoke \"String.length()\" because \"str\" is null\n\tat java.base/java.util.StringTokenizer.<init>(StringTokenizer.java:199)\n\tat java.base/java.util.StringTokenizer.<init>(StringTokenizer.java:221)\n\tat Main.main(Main.java:10)",
      "cerberus_output": "",
      "execution_result": "NullPointerException",
      "test_case_id": "2"
    },
    {
      "test_case": [
        "Test Case Input:\n1 2 3 4 5 6 7 8 9"
      ],
      "test_mutations": [
        "Test Case Input:\n1 2 3 4 5 6 7 8 9"
      ],
      "initial_code": "import java.io.*;\nimport java.util.*;\nclass Main {\n\tpublic static void main(String[] args) throws IOException{\n\t\tBufferedReader br = new BufferedReader(new InputStreamReader(System.in));\n\t\tint[] board = new int[9];\n\t\tStringTokenizer st = new StringTokenizer(br.readLine(),\" \");\n\t\tfor (int i = 0; i < 9; i++) {\n\t\t\tif (i==3||i==6) {\n\t\t\t\tst = new StringTokenizer(br.readLine(), \" \");\n\t\t\t}\n\t\t\tboard[i] = Integer.parseInt(st.nextToken());\n\t\t}\n\t\tDeque<state> mainq = new ArrayDeque<state>();\n\t\tBitSet cl = new BitSet(500000);\n\t\tmainq.add(new state(board, 0));\n\t\tcl.set(hashBoard(board));\n\t\tint minStep = -1;\n\t\twhile(!mainq.isEmpty()){\n\t\t\tfinal state s = mainq.remove();\n\t\t\tif (hashBoard(s.board) == 46233) {\n\t\t\t\tminStep = s.move;\n\t\t\t\tbreak;\n\t\t\t}\n\t\t\tint pos;\n\t\t\tfor(pos = 0; pos<9 && s.board[pos] != 0; pos++);\n\t\t\tif (pos%3 != 0) {\n\t\t\t\tfinal int[] next = Arrays.copyOf(s.board, s.board.length);\n\t\t\t\tnext[pos] = next[pos-1];\n\t\t\t\tnext[pos-1] = 0;\n\t\t\t\tfinal int h = hashBoard(next);\n\t\t\t\tif(!cl.get(h)){\n\t\t\t\t\tcl.set(h);\n\t\t\t\t\tmainq.add(new state(next, s.move+1));\n\t\t\t\t}\n\t\t\t}\n\t\t\tif (pos%3 != 2) {\n\t\t\t\tfinal int[] next = Arrays.copyOf(s.board, s.board.length);\n\t\t\t\tnext[pos] = next[pos+1];\n\t\t\t\tnext[pos+1] = 0;\n\t\t\t\tfinal int h = hashBoard(next);\n\t\t\t\tif(!cl.get(h)){\n\t\t\t\t\tcl.set(h);\n\t\t\t\t\tmainq.add(new state(next, s.move+1));\n\t\t\t\t}\n\t\t\t}\n\t\t\tif (pos > 2) {\n\t\t\t\tfinal int[] next = Arrays.copyOf(s.board, s.board.length);\n\t\t\t\tnext[pos] = next[pos - 3];\n\t\t\t\tnext[pos-3] = 0;\n\t\t\t\tfinal int h = hashBoard(next);\n\t\t\t\tif(!cl.get(h)){\n\t\t\t\t\tcl.set(h);\n\t\t\t\t\tmainq.add(new state(next, s.move+1));\n\t\t\t\t}\n\t\t\t}\n\t\t\tif (pos < 6) {\n\t\t\t\tfinal int[] next = Arrays.copyOf(s.board, s.board.length);\n\t\t\t\tnext[pos] = next[pos + 3];\n\t\t\t\tnext[pos+3] = 0;\n\t\t\t\tfinal int h = hashBoard(next);\n\t\t\t\tif(!cl.get(h)){\n\t\t\t\t\tcl.set(h);\n\t\t\t\t\tmainq.add(new state(next, s.move+1));\n\t\t\t\t}\n\t\t\t}\n\t\t} \n\tSystem.out.println(minStep);\t\n\t}\n\tprivate static int hashBoard(int[] board){\n\t\tint h = board[0];\n\t\tfor (int i = 1; i < 8; i++) {\n\t\t\th = h*(9-i);\n\t\t\th = h+board[i];\n\t\t\tfor (int a = 0; a < i; a++) {\n\t\t\t\tif (board[a]<board[i]) {\n\t\t\t\t\t--h;\n\t\t\t\t}\n\t\t\t}\n\t\t}\n\t\treturn h;\n\t}\n}\nclass state{\n\tfinal int[] board;\n\tfinal int move;\n\tstate(int[] board, int move){\n\t\tthis.board = board;\n\t\tthis.move = move;\n\t}\n}",
      "covered_code": "Based on the given Java program and the test case input \"1 2 3 4 5 6 7 8 9\", let's develop a plan for its step-by-step execution and predict the code coverage:\n\n1. **Import Statements**: Always executed. Statement `import java.io.*;` and `import java.util.*;` will be covered.\n\n2. **Class Declaration**: Always executed. Statement `class Main {` is covered.\n\n3. **Main Method Declaration**: Always executed. Statement `public static void main(String[] args) throws IOException{` is covered.\n\n4. **BufferedReader and StringTokenizer Initialization**: Executed for reading input. Statements `BufferedReader br = new BufferedReader...` and `StringTokenizer st = new StringTokenizer(br.readLine(),\" \");` are covered.\n\n5. **For Loop for Input**: Since there's input provided and it's sufficient for the loop, all iterations of the loop will be covered.\n\n6. **Conditionals within For Loop**: The conditionals checking for `i==3` or `i==6` are executed and covered when `i` reaches 3 and 6.\n\n7. **Deque and BitSet Initialization**: Executed as part of setting up for the main loop. Statements initializing `mainq` and `cl` are covered.\n\n8. **Main Loop (while)**: This loop will execute at least once because initial conditions are met (the queue is not empty at the beginning).\n\n9. **Conditional Moves within Main Loop**: Given the input doesn't match the target hash (46233), moves will be calculated, and conditional checks within the loop for moving the zero tile will be covered.\n\n10. **hashBoard Method**: This method is called multiple times throughout the execution for both checking the hashed value of the board state and during moves calculation. Thus, it will be fully executed and covered.\n\n11. **State Class Declaration and Constructor**: Always executed when new states are added to the queue. The declaration and the constructor of the `state` class are covered.\n\n12. **Output**: The statement `System.out.println(minStep);` is executed at the end of the main method, providing the result of the computation.\n\nCoverage Summary based on the plan:\n\n> import java.io.*;\n> import java.util.*;\n> class Main {\n> \tpublic static void main(String[] args) throws IOException{\n> \t\tBufferedReader br = new BufferedReader(new InputStreamReader(System.in));\n> \t\tint[] board = new int[9];\n> \t\tStringTokenizer st = new StringTokenizer(br.readLine(),\" \");\n> \t\tfor (int i = 0; i < 9; i++) {\n> \t\t\tif (i==3||i==6) {\n> \t\t\t\tst = new StringTokenizer(br.readLine(), \" \");\n> \t\t\t}\n> \t\t\tboard[i] = Integer.parseInt(st.nextToken());\n> \t\t}\n> \t\tDeque<state> mainq = new ArrayDeque<state>();\n> \t\tBitSet cl = new BitSet(500000);\n> \t\tmainq.add(new state(board, 0));\n> \t\tcl.set(hashBoard(board));\n> \t\tint minStep = -1;\n> \t\twhile(!mainq.isEmpty()){\n> \t\t\tfinal state s = mainq.remove();\n> \t\t\tif (hashBoard(s.board) == 46233) {\n> \t\t\t\tminStep = s.move;\n> \t\t\t\tbreak;\n> \t\t\t}\n> \t\t\tint pos;\n> \t\t\tfor(pos = 0; pos<9 && s.board[pos] != 0; pos++);\n> \t\t\tif (pos%3 != 0) {\n> \t\t\t\tfinal int[] next = Arrays.copyOf(s.board, s.board.length);\n> \t\t\t\tnext[pos] = next[pos-1];\n> \t\t\t\tnext[pos-1] = 0;\n> \t\t\t\tfinal int h = hashBoard(next);\n> \t\t\t\tif(!cl.get(h)){\n> \t\t\t\t\tcl.set(h);\n> \t\t\t\t\tmainq.add(new state(next, s.move+1));\n> \t\t\t\t}\n> \t\t\t}\n> \t\t\tif (pos%3 != 2) {\n> \t\t\t\tfinal int[] next = Arrays.copyOf(s.board, s.board.length);\n> \t\t\t\tnext[pos] = next[pos+1];\n> \t\t\t\tnext[pos+1] = 0;\n> \t\t\t\tfinal int h = hashBoard(next);\n> \t\t\t\tif(!cl.get(h)){\n> \t\t\t\t\tcl.set(h);\n> \t\t\t\t\tmainq.add(new state(next, s.move+1));\n> \t\t\t\t}\n> \t\t\t}\n> \t\t\tif (pos > 2) {\n> \t\t\t\tfinal int[] next = Arrays.copyOf(s.board, s.board.length);\n> \t\t\t\tnext[pos] = next[pos - 3];\n> \t\t\t\tnext[pos-3] = 0;\n> \t\t\t\tfinal int h = hashBoard(next);\n> \t\t\t\tif(!cl.get(h)){\n> \t\t\t\t\tcl.set(h);\n> \t\t\t\t\tmainq.add(new state(next, s.move+1));\n> \t\t\t\t}\n> \t\t\t}\n> \t\t\tif (pos < 6) {\n> \t\t\t\tfinal int[] next = Arrays.copyOf(s.board, s.board.length);\n> \t\t\t\tnext[pos] = next[pos + 3];\n> \t\t\t\tnext[pos+3] = 0;\n> \t\t\t\tfinal int h = hashBoard(next);\n> \t\t\t\tif(!cl.get(h)){\n> \t\t\t\t\tcl.set(h);\n> \t\t\t\t\tmainq.add(new state(next, s.move+1));\n> \t\t\t\t}\n> \t\t\t}\n> \t\t} \n> \tSystem.out.println(minStep);\t\n> \t}\n> \tprivate static int hashBoard(int[] board){\n> \t\tint h = board[0];\n> \t\tfor (int i = 1; i < 8; i++) {\n> \t\t\th = h*(9-i);\n> \t\t\th = h+board[i];\n> \t\t\tfor (int a = 0; a < i; a++) {\n> \t\t\t\tif (board[a]<board[i]) {\n> \t\t\t\t\t--h;\n> \t\t\t\t}\n> \t\t\t}\n> \t\t}\n> \t\treturn h;\n> \t}\n> }\n> class state{\n> \tfinal int[] board;\n> \tfinal int move;\n> \tstate(int[] board, int move){\n> \t\tthis.board = board;\n> \t\tthis.move = move;\n> \t}\n> }\n\nGiven the plan and the provided input, all parts of the program are executed at least once, except for specific conditional paths that depend on the runtime values and states generated during execution.",
      "test_seed_coverage": [
        ">",
        ">",
        ">",
        ">",
        ">",
        ">",
        ">",
        ">",
        ">",
        ">",
        ">",
        ">",
        ">",
        ">",
        ">",
        ">",
        ">",
        ">",
        ">",
        ">",
        ">",
        ">",
        ">",
        ">",
        ">",
        ">",
        ">",
        ">",
        ">",
        ">",
        ">",
        ">",
        ">",
        ">",
        ">",
        ">",
        ">",
        ">",
        ">",
        ">",
        ">",
        ">",
        ">",
        ">",
        ">",
        ">",
        ">",
        ">",
        ">",
        ">",
        ">",
        ">",
        ">",
        ">",
        ">",
        ">",
        ">",
        ">",
        ">",
        ">",
        ">",
        ">",
        ">",
        ">",
        ">",
        ">",
        ">",
        ">",
        ">",
        ">",
        ">",
        ">",
        ">",
        ">",
        ">",
        ">",
        ">",
        ">",
        ">",
        ">",
        ">",
        ">",
        ">",
        ">",
        ">",
        ">",
        ">",
        ">",
        ">",
        ">",
        ">"
      ],
      "cumulative_coverage": [
        ">",
        ">",
        ">",
        ">",
        ">",
        ">",
        ">",
        ">",
        ">",
        ">",
        ">",
        ">",
        ">",
        ">",
        ">",
        ">",
        ">",
        ">",
        ">",
        ">",
        ">",
        ">",
        ">",
        ">",
        ">",
        ">",
        ">",
        ">",
        ">",
        ">",
        ">",
        ">",
        ">",
        ">",
        ">",
        ">",
        ">",
        ">",
        ">",
        ">",
        ">",
        ">",
        ">",
        ">",
        ">",
        ">",
        ">",
        ">",
        ">",
        ">",
        ">",
        ">",
        ">",
        ">",
        ">",
        ">",
        ">",
        ">",
        ">",
        ">",
        ">",
        ">",
        ">",
        ">",
        ">",
        ">",
        ">",
        ">",
        ">",
        ">",
        ">",
        ">",
        ">",
        ">",
        ">",
        ">",
        ">",
        ">",
        ">",
        ">",
        ">",
        ">",
        ">",
        ">",
        ">",
        ">",
        ">",
        ">",
        ">",
        ">",
        ">"
      ],
      "execution_error": "Exception in thread \"main\" java.lang.NullPointerException: Cannot invoke \"String.length()\" because \"str\" is null\n\tat java.base/java.util.StringTokenizer.<init>(StringTokenizer.java:199)\n\tat java.base/java.util.StringTokenizer.<init>(StringTokenizer.java:221)\n\tat Main.main(Main.java:10)",
      "cerberus_output": "",
      "execution_result": "NullPointerException",
      "test_case_id": "3"
    },
    {
      "test_case": [
        "Test Case Input:\n5 8 3 6 4 7 2 1 0"
      ],
      "test_mutations": [
        "Test Case Input:\n5 8 3 6 4 7 2 1 0"
      ],
      "initial_code": "import java.io.*;\nimport java.util.*;\nclass Main {\n\tpublic static void main(String[] args) throws IOException{\n\t\tBufferedReader br = new BufferedReader(new InputStreamReader(System.in));\n\t\tint[] board = new int[9];\n\t\tStringTokenizer st = new StringTokenizer(br.readLine(),\" \");\n\t\tfor (int i = 0; i < 9; i++) {\n\t\t\tif (i==3||i==6) {\n\t\t\t\tst = new StringTokenizer(br.readLine(), \" \");\n\t\t\t}\n\t\t\tboard[i] = Integer.parseInt(st.nextToken());\n\t\t}\n\t\tDeque<state> mainq = new ArrayDeque<state>();\n\t\tBitSet cl = new BitSet(500000);\n\t\tmainq.add(new state(board, 0));\n\t\tcl.set(hashBoard(board));\n\t\tint minStep = -1;\n\t\twhile(!mainq.isEmpty()){\n\t\t\tfinal state s = mainq.remove();\n\t\t\tif (hashBoard(s.board) == 46233) {\n\t\t\t\tminStep = s.move;\n\t\t\t\tbreak;\n\t\t\t}\n\t\t\tint pos;\n\t\t\tfor(pos = 0; pos<9 && s.board[pos] != 0; pos++);\n\t\t\tif (pos%3 != 0) {\n\t\t\t\tfinal int[] next = Arrays.copyOf(s.board, s.board.length);\n\t\t\t\tnext[pos] = next[pos-1];\n\t\t\t\tnext[pos-1] = 0;\n\t\t\t\tfinal int h = hashBoard(next);\n\t\t\t\tif(!cl.get(h)){\n\t\t\t\t\tcl.set(h);\n\t\t\t\t\tmainq.add(new state(next, s.move+1));\n\t\t\t\t}\n\t\t\t}\n\t\t\tif (pos%3 != 2) {\n\t\t\t\tfinal int[] next = Arrays.copyOf(s.board, s.board.length);\n\t\t\t\tnext[pos] = next[pos+1];\n\t\t\t\tnext[pos+1] = 0;\n\t\t\t\tfinal int h = hashBoard(next);\n\t\t\t\tif(!cl.get(h)){\n\t\t\t\t\tcl.set(h);\n\t\t\t\t\tmainq.add(new state(next, s.move+1));\n\t\t\t\t}\n\t\t\t}\n\t\t\tif (pos > 2) {\n\t\t\t\tfinal int[] next = Arrays.copyOf(s.board, s.board.length);\n\t\t\t\tnext[pos] = next[pos - 3];\n\t\t\t\tnext[pos-3] = 0;\n\t\t\t\tfinal int h = hashBoard(next);\n\t\t\t\tif(!cl.get(h)){\n\t\t\t\t\tcl.set(h);\n\t\t\t\t\tmainq.add(new state(next, s.move+1));\n\t\t\t\t}\n\t\t\t}\n\t\t\tif (pos < 6) {\n\t\t\t\tfinal int[] next = Arrays.copyOf(s.board, s.board.length);\n\t\t\t\tnext[pos] = next[pos + 3];\n\t\t\t\tnext[pos+3] = 0;\n\t\t\t\tfinal int h = hashBoard(next);\n\t\t\t\tif(!cl.get(h)){\n\t\t\t\t\tcl.set(h);\n\t\t\t\t\tmainq.add(new state(next, s.move+1));\n\t\t\t\t}\n\t\t\t}\n\t\t} \n\tSystem.out.println(minStep);\t\n\t}\n\tprivate static int hashBoard(int[] board){\n\t\tint h = board[0];\n\t\tfor (int i = 1; i < 8; i++) {\n\t\t\th = h*(9-i);\n\t\t\th = h+board[i];\n\t\t\tfor (int a = 0; a < i; a++) {\n\t\t\t\tif (board[a]<board[i]) {\n\t\t\t\t\t--h;\n\t\t\t\t}\n\t\t\t}\n\t\t}\n\t\treturn h;\n\t}\n}\nclass state{\n\tfinal int[] board;\n\tfinal int move;\n\tstate(int[] board, int move){\n\t\tthis.board = board;\n\t\tthis.move = move;\n\t}\n}",
      "covered_code": "To predict the code coverage for the given Java program and the test case input, let's break down the steps of execution and identify which lines of code will be covered and which will not.\n\n**Test Case Input:**\n`5 8 3 6 4 7 2 1 0`\n\n**Plan for step-by-step execution:**\n\n1. **Import statements:** Always executed. \n   > `import java.io.*;`\n   > `import java.util.*;`\n\n2. **Class and Main Method Declaration:** Always executed.\n   > `class Main {`\n   > `public static void main(String[] args) throws IOException{`\n\n3. **Reading Input:** Since there is input provided, all the statements related to reading the input will be executed.\n   > `BufferedReader br = new BufferedReader(new InputStreamReader(System.in));`\n   > `int[] board = new int[9];`\n   > `StringTokenizer st = new StringTokenizer(br.readLine(),\" \");`\n   - The loop for reading board values and adjusting the `StringTokenizer` for new lines at indexes 3 and 6 will be fully covered because the input is provided in such a way that it matches the expected format.\n\n4. **Deque and BitSet Initialization:** Executed as part of the setup for the main algorithm.\n   > Declarations and initial operations with `mainq` and `cl` will be fully covered.\n\n5. **Main Algorithm Execution:** The while loop and all its internal logic will be executed. The condition `if (hashBoard(s.board) == 46233)` will likely not be met given the input does not seem to lead directly to a solution state known as `46233`. However, without the exact output or further information, we cannot say for sure if this condition will be met or not. Therefore, we will mark it as executed for the purpose of this exercise but note that this is a conditional statement whose coverage might vary based on input.\n   > All the if conditions inside the while loop for changing the positions of the tiles and checking with the `BitSet` will be executed as part of the possible moves generation and checking.\n\n6. **Output Statement:** Since the loop will terminate either when a solution is found or when all possibilities are exhausted, the output statement will be executed.\n   > `System.out.println(minStep);`\n\n7. **hashBoard Method:** This method will be called multiple times throughout the execution to generate hash values for the board states. Therefore, it will be fully covered.\n   > `private static int hashBoard(int[] board){ ... }`\n\n8. **State Class Constructor:** The constructor of the `state` class will be called multiple times to create new state instances during the algorithm's execution.\n   > `state(int[] board, int move){ ... }`\n\n**Predicted Code Coverage:**\n\n- All the lines in the provided code snippet are expected to be executed based on the given test case input, except for the conditional check `if (hashBoard(s.board) == 46233)` whose execution depends on whether the input leads to the specific solution state hash value `46233`. Since we don't have specific knowledge about the entirety of the algorithm's behavior with the given input, we cautiously mark it as executed for this exercise.\n\n**Note:** The actual execution of the conditional checks inside the while loop might vary depending on the specific paths the algorithm takes based on the input provided. For a precise and detailed code coverage report, running the program with the provided input and a code coverage tool would be necessary.",
      "test_seed_coverage": [
        ">",
        ">",
        ">",
        ">",
        ">",
        ">",
        ">",
        ">",
        ">",
        ">",
        ">",
        ">",
        ">",
        ">",
        ">",
        ">",
        ">",
        ">",
        ">",
        ">",
        ">",
        ">",
        ">",
        ">",
        ">",
        ">",
        ">",
        ">",
        ">",
        ">",
        ">",
        ">",
        ">",
        ">",
        ">",
        ">",
        ">",
        ">",
        ">",
        ">",
        ">",
        ">",
        ">",
        ">",
        ">",
        ">",
        ">",
        ">",
        ">",
        ">",
        ">",
        ">",
        ">",
        ">",
        ">",
        ">",
        ">",
        ">",
        ">",
        ">",
        ">",
        ">",
        ">",
        ">",
        ">",
        ">",
        ">",
        ">",
        ">",
        ">",
        ">",
        ">",
        ">",
        ">",
        ">",
        ">",
        ">",
        ">",
        ">",
        ">",
        ">",
        ">",
        ">",
        ">",
        ">",
        ">",
        ">",
        ">",
        ">",
        ">",
        ">"
      ],
      "cumulative_coverage": [
        ">",
        ">",
        ">",
        ">",
        ">",
        ">",
        ">",
        ">",
        ">",
        ">",
        ">",
        ">",
        ">",
        ">",
        ">",
        ">",
        ">",
        ">",
        ">",
        ">",
        ">",
        ">",
        ">",
        ">",
        ">",
        ">",
        ">",
        ">",
        ">",
        ">",
        ">",
        ">",
        ">",
        ">",
        ">",
        ">",
        ">",
        ">",
        ">",
        ">",
        ">",
        ">",
        ">",
        ">",
        ">",
        ">",
        ">",
        ">",
        ">",
        ">",
        ">",
        ">",
        ">",
        ">",
        ">",
        ">",
        ">",
        ">",
        ">",
        ">",
        ">",
        ">",
        ">",
        ">",
        ">",
        ">",
        ">",
        ">",
        ">",
        ">",
        ">",
        ">",
        ">",
        ">",
        ">",
        ">",
        ">",
        ">",
        ">",
        ">",
        ">",
        ">",
        ">",
        ">",
        ">",
        ">",
        ">",
        ">",
        ">",
        ">",
        ">"
      ],
      "execution_error": "Exception in thread \"main\" java.lang.NullPointerException: Cannot invoke \"String.length()\" because \"str\" is null\n\tat java.base/java.util.StringTokenizer.<init>(StringTokenizer.java:199)\n\tat java.base/java.util.StringTokenizer.<init>(StringTokenizer.java:221)\n\tat Main.main(Main.java:10)",
      "cerberus_output": "",
      "execution_result": "NullPointerException",
      "test_case_id": "4"
    },
    {
      "test_case": [
        "Test Case Input:\n1 2 3\n4 5 6\n7 8 9"
      ],
      "test_mutations": [
        "Test Case Input:\n1 2 3\n4 5 6\n7 8 9"
      ],
      "initial_code": "import java.io.*;\nimport java.util.*;\nclass Main {\n\tpublic static void main(String[] args) throws IOException{\n\t\tBufferedReader br = new BufferedReader(new InputStreamReader(System.in));\n\t\tint[] board = new int[9];\n\t\tStringTokenizer st = new StringTokenizer(br.readLine(),\" \");\n\t\tfor (int i = 0; i < 9; i++) {\n\t\t\tif (i==3||i==6) {\n\t\t\t\tst = new StringTokenizer(br.readLine(), \" \");\n\t\t\t}\n\t\t\tboard[i] = Integer.parseInt(st.nextToken());\n\t\t}\n\t\tDeque<state> mainq = new ArrayDeque<state>();\n\t\tBitSet cl = new BitSet(500000);\n\t\tmainq.add(new state(board, 0));\n\t\tcl.set(hashBoard(board));\n\t\tint minStep = -1;\n\t\twhile(!mainq.isEmpty()){\n\t\t\tfinal state s = mainq.remove();\n\t\t\tif (hashBoard(s.board) == 46233) {\n\t\t\t\tminStep = s.move;\n\t\t\t\tbreak;\n\t\t\t}\n\t\t\tint pos;\n\t\t\tfor(pos = 0; pos<9 && s.board[pos] != 0; pos++);\n\t\t\tif (pos%3 != 0) {\n\t\t\t\tfinal int[] next = Arrays.copyOf(s.board, s.board.length);\n\t\t\t\tnext[pos] = next[pos-1];\n\t\t\t\tnext[pos-1] = 0;\n\t\t\t\tfinal int h = hashBoard(next);\n\t\t\t\tif(!cl.get(h)){\n\t\t\t\t\tcl.set(h);\n\t\t\t\t\tmainq.add(new state(next, s.move+1));\n\t\t\t\t}\n\t\t\t}\n\t\t\tif (pos%3 != 2) {\n\t\t\t\tfinal int[] next = Arrays.copyOf(s.board, s.board.length);\n\t\t\t\tnext[pos] = next[pos+1];\n\t\t\t\tnext[pos+1] = 0;\n\t\t\t\tfinal int h = hashBoard(next);\n\t\t\t\tif(!cl.get(h)){\n\t\t\t\t\tcl.set(h);\n\t\t\t\t\tmainq.add(new state(next, s.move+1));\n\t\t\t\t}\n\t\t\t}\n\t\t\tif (pos > 2) {\n\t\t\t\tfinal int[] next = Arrays.copyOf(s.board, s.board.length);\n\t\t\t\tnext[pos] = next[pos - 3];\n\t\t\t\tnext[pos-3] = 0;\n\t\t\t\tfinal int h = hashBoard(next);\n\t\t\t\tif(!cl.get(h)){\n\t\t\t\t\tcl.set(h);\n\t\t\t\t\tmainq.add(new state(next, s.move+1));\n\t\t\t\t}\n\t\t\t}\n\t\t\tif (pos < 6) {\n\t\t\t\tfinal int[] next = Arrays.copyOf(s.board, s.board.length);\n\t\t\t\tnext[pos] = next[pos + 3];\n\t\t\t\tnext[pos+3] = 0;\n\t\t\t\tfinal int h = hashBoard(next);\n\t\t\t\tif(!cl.get(h)){\n\t\t\t\t\tcl.set(h);\n\t\t\t\t\tmainq.add(new state(next, s.move+1));\n\t\t\t\t}\n\t\t\t}\n\t\t} \n\tSystem.out.println(minStep);\t\n\t}\n\tprivate static int hashBoard(int[] board){\n\t\tint h = board[0];\n\t\tfor (int i = 1; i < 8; i++) {\n\t\t\th = h*(9-i);\n\t\t\th = h+board[i];\n\t\t\tfor (int a = 0; a < i; a++) {\n\t\t\t\tif (board[a]<board[i]) {\n\t\t\t\t\t--h;\n\t\t\t\t}\n\t\t\t}\n\t\t}\n\t\treturn h;\n\t}\n}\nclass state{\n\tfinal int[] board;\n\tfinal int move;\n\tstate(int[] board, int move){\n\t\tthis.board = board;\n\t\tthis.move = move;\n\t}\n}",
      "covered_code": "Based on the provided Java program and test case input, let's develop a plan for step-by-step execution and predict the code coverage. The test case input is '1 2 3\\n4 5 6\\n7 8 9'.\n\n**Plan for Step by Step Execution:**\n\n1. **Import Statements:** These are always executed. Statements `import java.io.*;` and `import java.util.*;` will be covered.\n\n2. **Class Declaration:** Always executed. Statement `class Main {` is covered.\n\n3. **Main Method Declaration:** Always executed. Statement `public static void main(String[] args) throws IOException{` is covered.\n\n4. **BufferedReader and StringTokenizer:** These statements are used for input processing and will be executed when the program reads the input. The statements `BufferedReader br = new BufferedReader(new InputStreamReader(System.in));`, `StringTokenizer st = new StringTokenizer(br.readLine(),\" \");` are covered.\n\n5. **For Loop for Board Initialization:** This loop reads and processes the input to initialize the board. Since the input is provided, all iterations of the loop will execute, covering the condition `if (i==3||i==6)` for input reading continuation.\n\n6. **Deque and BitSet Initialization:** The initialization of `mainq` and `cl` are always executed.\n\n7. **While Loop for Finding Minimum Steps:** The condition of this loop depends on the state of `mainq`. Given the deterministic input, this loop will execute, exploring possible states.\n\n8. **Conditionals and State Exploration:** The movement logic within the loop is subject to the current state's board configuration. Since the initial board is filled and does not match the target hash (`46233`), the program explores possible moves. The logic for moving tiles in the board (left, right, up, down) will be executed depending on the `pos` of '0' in the board. Given that there is no '0' in the input, these conditions will not behave as expected for sliding puzzle-solving but will still be evaluated.\n\n9. **Printing minStep:** The final statement printing `minStep` is always executed after the while loop concludes, even if it concludes with `-1` indicating no solution was found for reaching the target hash.\n\n10. **hashBoard Method:** This method is called multiple times during state exploration for hashing board states. It will be fully covered.\n\n11. **State Class Constructor:** The constructor of `state` class is invoked whenever a new state is created during exploration. It will be covered.\n\n**Predicted Code Coverage:**\n\n```\n> import java.io.*;\n> import java.util.*;\n> class Main {\n>\tpublic static void main(String[] args) throws IOException{\n>\t\tBufferedReader br = new BufferedReader(new InputStreamReader(System.in));\n>\t\tint[] board = new int[9];\n>\t\tStringTokenizer st = new StringTokenizer(br.readLine(),\" \");\n>\t\tfor (int i = 0; i < 9; i++) {\n>\t\t\tif (i==3||i==6) {\n>\t\t\t\tst = new StringTokenizer(br.readLine(), \" \");\n>\t\t\t}\n>\t\t\tboard[i] = Integer.parseInt(st.nextToken());\n>\t\t}\n>\t\tDeque<state> mainq = new ArrayDeque<state>();\n>\t\tBitSet cl = new BitSet(500000);\n>\t\tmainq.add(new state(board, 0));\n>\t\tcl.set(hashBoard(board));\n>\t\tint minStep = -1;\n>\t\twhile(!mainq.isEmpty()){\n>\t\t\tfinal state s = mainq.remove();\n>\t\t\tif (hashBoard(s.board) == 46233) {\n>\t\t\t\tminStep = s.move;\n>\t\t\t\tbreak;\n>\t\t\t}\n>\t\t\tint pos;\n>\t\t\tfor(pos = 0; pos<9 && s.board[pos] != 0; pos++);\n>\t\t\tif (pos%3 != 0) {\n>\t\t\t\tfinal int[] next = Arrays.copyOf(s.board, s.board.length);\n>\t\t\t\tnext[pos] = next[pos-1];\n>\t\t\t\tnext[pos-1] = 0;\n>\t\t\t\tfinal int h = hashBoard(next);\n>\t\t\t\tif(!cl.get(h)){\n>\t\t\t\t\tcl.set(h);\n>\t\t\t\t\tmainq.add(new state(next, s.move+1));\n>\t\t\t\t}\n>\t\t\t}\n>\t\t\tif (pos%3 != 2) {\n>\t\t\t\tfinal int[] next = Arrays.copyOf(s.board, s.board.length);\n>\t\t\t\tnext[pos] = next[pos+1];\n>\t\t\t\tnext[pos+1] = 0;\n>\t\t\t\tfinal int h = hashBoard(next);\n>\t\t\t\tif(!cl.get(h)){\n>\t\t\t\t\tcl.set(h);\n>\t\t\t\t\tmainq.add(new state(next, s.move+1));\n>\t\t\t\t}\n>\t\t\t}\n>\t\t\tif (pos > 2) {\n>\t\t\t\tfinal int[] next = Arrays.copyOf(s.board, s.board.length);\n>\t\t\t\tnext[pos] = next[pos - 3];\n>\t\t\t\tnext[pos-3] = 0;\n>\t\t\t\tfinal int h = hashBoard(next);\n>\t\t\t\tif(!cl.get(h)){\n>\t\t\t\t\tcl.set(h);\n>\t\t\t\t\tmainq.add(new state(next, s.move+1));\n>\t\t\t\t}\n>\t\t\t}\n>\t\t\tif (pos < 6) {\n>\t\t\t\tfinal int[] next = Arrays.copyOf(s.board, s.board.length);\n>\t\t\t\tnext[pos] = next[pos + 3];\n>\t\t\t\tnext[pos+3] = 0;\n>\t\t\t\tfinal int h = hashBoard(next);\n>\t\t\t\tif(!cl.get(h)){\n>\t\t\t\t\tcl.set(h);\n>\t\t\t\t\tmainq.add(new state(next, s.move+1));\n>\t\t\t\t}\n>\t\t\t}\n>\t\t} \n>\t\tSystem.out.println(minStep);\t\n>\t}\n>\tprivate static int hashBoard(int[] board){\n>\t\tint h = board[0];\n>\t\tfor (int i = 1; i < 8; i++) {\n>\t\t\th = h*(9-i);\n>\t\t\th = h+board[i];\n>\t\t\tfor (int a = 0; a < i; a++) {\n>\t\t\t\tif (board[a]<board[i]) {\n>\t\t\t\t\t--h;\n>\t\t\t\t}\n>\t\t\t}\n>\t\t}\n>\t\treturn h;\n>\t}\n> }\n> class state{\n>\tfinal int[] board;\n>\tfinal int move;\n>\tstate(int[] board, int move){\n>\t\tthis.board = board;\n>\t\tthis.move = move;\n>\t}\n> }\n```\n\n**Note:** All lines are marked as executed (`>`) based on the plan and the deterministic nature of the input '1 2 3\\n4 5 6\\n7 8 9'. Any deviations in the actual execution would depend on runtime conditions not covered in the static analysis.",
      "test_seed_coverage": [
        ">",
        ">",
        ">",
        ">",
        ">",
        ">",
        ">",
        ">",
        ">",
        ">",
        ">",
        ">",
        ">",
        ">",
        ">",
        ">",
        ">",
        ">",
        ">",
        ">",
        ">",
        ">",
        ">",
        ">",
        ">",
        ">",
        ">",
        ">",
        ">",
        ">",
        ">",
        ">",
        ">",
        ">",
        ">",
        ">",
        ">",
        ">",
        ">",
        ">",
        ">",
        ">",
        ">",
        ">",
        ">",
        ">",
        ">",
        ">",
        ">",
        ">",
        ">",
        ">",
        ">",
        ">",
        ">",
        ">",
        ">",
        ">",
        ">",
        ">",
        ">",
        ">",
        ">",
        ">",
        ">",
        ">",
        ">",
        ">",
        ">",
        ">",
        ">",
        ">",
        ">",
        ">",
        ">",
        ">",
        ">",
        ">",
        ">",
        ">",
        ">",
        ">",
        ">",
        ">",
        ">",
        ">",
        ">",
        ">",
        ">",
        ">",
        ">"
      ],
      "cumulative_coverage": [
        ">",
        ">",
        ">",
        ">",
        ">",
        ">",
        ">",
        ">",
        ">",
        ">",
        ">",
        ">",
        ">",
        ">",
        ">",
        ">",
        ">",
        ">",
        ">",
        ">",
        ">",
        ">",
        ">",
        ">",
        ">",
        ">",
        ">",
        ">",
        ">",
        ">",
        ">",
        ">",
        ">",
        ">",
        ">",
        ">",
        ">",
        ">",
        ">",
        ">",
        ">",
        ">",
        ">",
        ">",
        ">",
        ">",
        ">",
        ">",
        ">",
        ">",
        ">",
        ">",
        ">",
        ">",
        ">",
        ">",
        ">",
        ">",
        ">",
        ">",
        ">",
        ">",
        ">",
        ">",
        ">",
        ">",
        ">",
        ">",
        ">",
        ">",
        ">",
        ">",
        ">",
        ">",
        ">",
        ">",
        ">",
        ">",
        ">",
        ">",
        ">",
        ">",
        ">",
        ">",
        ">",
        ">",
        ">",
        ">",
        ">",
        ">",
        ">"
      ],
      "execution_output": "0",
      "cerberus_output": "",
      "execution_result": "",
      "test_case_id": "5"
    }
  ]
}