{
  "submission_id": "158071",
  "cycles": [
    {
      "test_case": [
        "Test Case Input:\n\"test\""
      ],
      "test_mutations": [
        "Test Case Input:\n\"test\""
      ],
      "initial_code": "public class foo {\npublic String MD5(String md5) {\n   try {\n        java.security.MessageDigest md = java.security.MessageDigest.getInstance(\"MD5\");\n        byte[] array = md.digest(md5.getBytes());\n        StringBuffer sb = new StringBuffer();\n        for (int i = 0; i < array.length; ++i) {\n          sb.append(Integer.toHexString((array[i] & 0xFF) | 0x100).substring(1,3));\n       }\n        return sb.toString();\n    } catch (java.security.NoSuchAlgorithmException e) {\n    }\n    return null;\n}\n}",
      "covered_code": "PLAN for step by step execution of the given Java program and test case:\n\n1. Class Declaration: The class `foo` is declared. Statement `public class foo {` is covered.\n2. MD5 Method Declaration: Method declarations are executed when called. Statement `public String MD5(String md5) {` is covered.\n3. MD5 Method Execution: The MD5 method is executed with the input `\"test\"`.\n4. Try Block Execution: The try block is executed. Statement `try {` is covered.\n5. MessageDigest Initialization: The `MessageDigest` instance is initialized with the MD5 algorithm. Statement `java.security.MessageDigest md = java.security.MessageDigest.getInstance(\"MD5\");` is covered.\n6. Digest Calculation: The digest is calculated for the input string `\"test\"`. Statement `byte[] array = md.digest(md5.getBytes());` is covered.\n7. StringBuffer Initialization: A `StringBuffer` is initialized. Statement `StringBuffer sb = new StringBuffer();` is covered.\n8. For Loop Execution: The for loop iterates over the byte array. Statement `for (int i = 0; i < array.length; ++i) {` is covered.\n9. Hex String Conversion: The hex string conversion is performed inside the loop. Statement `sb.append(Integer.toHexString((array[i] & 0xFF) | 0x100).substring(1,3));` is covered.\n10. Return Statement: The resulting MD5 hash string is returned. Statement `return sb.toString();` is covered.\n11. Catch Block: The catch block is not executed because no exception occurs. Statement `catch (java.security.NoSuchAlgorithmException e) {` is not covered.\n12. Return Null: The return null statement is not executed because no exception occurs. Statement `return null;` is not covered.\n13. Closing Brackets: Closing brackets are always covered.\n\nFinal code coverage of the Java program based on its test case and the given step-by-step reasoning for execution is:\n\n```\n> public class foo {\n> public String MD5(String md5) {\n>    try {\n>         java.security.MessageDigest md = java.security.MessageDigest.getInstance(\"MD5\");\n>         byte[] array = md.digest(md5.getBytes());\n>         StringBuffer sb = new StringBuffer();\n>         for (int i = 0; i < array.length; ++i) {\n>           sb.append(Integer.toHexString((array[i] & 0xFF) | 0x100).substring(1,3));\n>        }\n>         return sb.toString();\n!     } catch (java.security.NoSuchAlgorithmException e) {\n!     }\n!     return null;\n> }\n> }\n```",
      "test_seed_coverage": [
        ">",
        ">",
        ">",
        ">",
        ">",
        ">",
        ">",
        ">",
        ">",
        ">",
        "!",
        "!",
        "!",
        ">",
        ">"
      ],
      "cumulative_coverage": [
        ">",
        ">",
        ">",
        ">",
        ">",
        ">",
        ">",
        ">",
        ">",
        ">",
        "!",
        "!",
        "!",
        ">",
        ">"
      ]
    },
    {
      "test_case": [
        "Test Case Input:\nnull"
      ],
      "test_mutations": [
        "Test Case Input:\nnull"
      ],
      "initial_code": "public class foo {\npublic String MD5(String md5) {\n   try {\n        java.security.MessageDigest md = java.security.MessageDigest.getInstance(\"MD5\");\n        byte[] array = md.digest(md5.getBytes());\n        StringBuffer sb = new StringBuffer();\n        for (int i = 0; i < array.length; ++i) {\n          sb.append(Integer.toHexString((array[i] & 0xFF) | 0x100).substring(1,3));\n       }\n        return sb.toString();\n    } catch (java.security.NoSuchAlgorithmException e) {\n    }\n    return null;\n}\n}",
      "covered_code": "PLAN for step by step execution of the given Java program and test case:\n\n1. Class Declaration: The class `foo` is declared. Statement \"public class foo {\" is covered.\n2. Method Declaration: The method `MD5` is declared. Statement \"public String MD5(String md5) {\" is covered.\n3. Method Execution: Since there is no test case input provided (null input), the method `MD5` is not executed.\n4. Try Block: As the method is not executed, the try block is not covered.\n5. Catch Block: As the method is not executed and no exception occurs, the catch block is not covered.\n6. Return Statement: The method is not executed, so the return statement inside the try block is not covered. However, the return statement outside the try block, which returns null by default, is covered because it represents the method's default return path.\n7. Closing Brackets: Always covered.\n\nFinal code coverage of the Java program based on its test case and given step-by-step reasoning for execution is:\n\n> public class foo {\n> public String MD5(String md5) {\n!    try {\n!         java.security.MessageDigest md = java.security.MessageDigest.getInstance(\"MD5\");\n!         byte[] array = md.digest(md5.getBytes());\n!         StringBuffer sb = new StringBuffer();\n!         for (int i = 0; i < array.length; ++i) {\n!           sb.append(Integer.toHexString((array[i] & 0xFF) | 0x100).substring(1,3));\n!        }\n!         return sb.toString();\n!     } catch (java.security.NoSuchAlgorithmException e) {\n>     }\n>     return null;\n> }\n> }",
      "test_seed_coverage": [
        ">",
        ">",
        ">",
        ">",
        ">",
        ">",
        ">",
        ">",
        ">",
        ">",
        "!",
        ">",
        ">",
        ">",
        ">"
      ],
      "cumulative_coverage": [
        ">",
        ">",
        ">",
        ">",
        ">",
        ">",
        ">",
        ">",
        ">",
        ">",
        "!",
        ">",
        ">",
        ">",
        ">"
      ]
    },
    {
      "test_case": [
        "Test Case Input:\n\"abc123\""
      ],
      "test_mutations": [
        "Test Case Input:\n\"abc123\""
      ],
      "initial_code": "public class foo {\npublic String MD5(String md5) {\n   try {\n        java.security.MessageDigest md = java.security.MessageDigest.getInstance(\"MD5\");\n        byte[] array = md.digest(md5.getBytes());\n        StringBuffer sb = new StringBuffer();\n        for (int i = 0; i < array.length; ++i) {\n          sb.append(Integer.toHexString((array[i] & 0xFF) | 0x100).substring(1,3));\n       }\n        return sb.toString();\n    } catch (java.security.NoSuchAlgorithmException e) {\n    }\n    return null;\n}\n}",
      "covered_code": "PLAN for step by step execution of the given Java program and test case:\n\n1. Class Declaration: The class `foo` is declared. The statement `public class foo {` is covered.\n\n2. Method Declaration: The method `MD5` is declared. The statement `public String MD5(String md5) {` is covered.\n\n3. Execution of Try Block:\n   - The statement `java.security.MessageDigest md = java.security.MessageDigest.getInstance(\"MD5\");` is covered as it attempts to create an instance of the MD5 message digest.\n   - The statement `byte[] array = md.digest(md5.getBytes());` is covered as it computes the MD5 digest of the input string \"abc123\".\n   - The statement `StringBuffer sb = new StringBuffer();` is covered as it initializes a new `StringBuffer`.\n  \n4. For Loop Execution:\n   - The statement `for (int i = 0; i < array.length; ++i) {` is covered as it iterates over each byte in the MD5 digest array.\n   - Inside the loop, the statement `sb.append(Integer.toHexString((array[i] & 0xFF) | 0x100).substring(1,3));` is covered as it converts each byte to a hexadecimal string and appends it to the `StringBuffer`.\n\n5. Return Statement in Try Block:\n   - The statement `return sb.toString();` is covered as it returns the MD5 hash as a string.\n\n6. Catch Block: The catch block is not executed because no `NoSuchAlgorithmException` is thrown, so the statement `catch (java.security.NoSuchAlgorithmException e) {` is not covered.\n\n7. Return Statement after Catch Block: This statement is not executed because the return inside the try block is executed, so the statement `return null;` is not covered.\n\n8. Closing Brackets: The closing brackets for the method and class are always covered.\n\nFinal code coverage of the Java program based on its test case and given step by step reasoning for execution is:\n\n> public class foo {\n> public String MD5(String md5) {\n>    try {\n>         java.security.MessageDigest md = java.security.MessageDigest.getInstance(\"MD5\");\n>         byte[] array = md.digest(md5.getBytes());\n>         StringBuffer sb = new StringBuffer();\n>         for (int i = 0; i < array.length; ++i) {\n>           sb.append(Integer.toHexString((array[i] & 0xFF) | 0x100).substring(1,3));\n>        }\n>         return sb.toString();\n!     } catch (java.security.NoSuchAlgorithmException e) {\n!     }\n!     return null;\n> }\n> }",
      "test_seed_coverage": [
        ">",
        ">",
        ">",
        ">",
        ">",
        ">",
        ">",
        ">",
        ">",
        ">",
        "!",
        ">",
        ">",
        ">",
        ">"
      ],
      "cumulative_coverage": [
        ">",
        ">",
        ">",
        ">",
        ">",
        ">",
        ">",
        ">",
        ">",
        ">",
        "!",
        ">",
        ">",
        ">",
        ">"
      ]
    },
    {
      "test_case": [
        "Test Case Input:\n\"\""
      ],
      "test_mutations": [
        "Test Case Input:\n\"\""
      ],
      "initial_code": "public class foo {\npublic String MD5(String md5) {\n   try {\n        java.security.MessageDigest md = java.security.MessageDigest.getInstance(\"MD5\");\n        byte[] array = md.digest(md5.getBytes());\n        StringBuffer sb = new StringBuffer();\n        for (int i = 0; i < array.length; ++i) {\n          sb.append(Integer.toHexString((array[i] & 0xFF) | 0x100).substring(1,3));\n       }\n        return sb.toString();\n    } catch (java.security.NoSuchAlgorithmException e) {\n    }\n    return null;\n}\n}",
      "covered_code": "Plan for step by step execution of the given Java program and test case:\n\n1. Class Declaration: The class declaration statement \"public class foo {\" is covered.\n2. Method Declaration: The method declaration statement \"public String MD5(String md5) {\" is covered when the method is called.\n3. Try Block Execution: The try block is executed when the method is called. Statement \"try {\" is covered.\n4. MessageDigest Initialization: The statement \"java.security.MessageDigest md = java.security.MessageDigest.getInstance(\"MD5\");\" is executed.\n5. Digest Calculation: The statement \"byte[] array = md.digest(md5.getBytes());\" is executed.\n6. StringBuffer Initialization: The statement \"StringBuffer sb = new StringBuffer();\" is executed.\n7. For Loop Execution: The for loop condition is based on the length of 'array'. Since 'md5' input is empty, 'array' has a length of 16 (default MD5 digest size), so the loop will be executed 16 times.\n8. For Loop Block Execution: The statement \"sb.append(Integer.toHexString((array[i] & 0xFF) | 0x100).substring(1,3));\" is executed 16 times.\n9. Return Statement: The statement \"return sb.toString();\" is executed and returns the MD5 hash.\n10. Catch Block: The catch block will not be executed because no exception is thrown. Statement \"catch (java.security.NoSuchAlgorithmException e) {\" is not covered.\n11. Return Null: The statement \"return null;\" is not executed because the method successfully returns the MD5 hash.\n\nFinal code coverage of the Java program based on its test case and given step by step reasoning for execution is:\n\n```java\n> public class foo {\n> public String MD5(String md5) {\n>    try {\n>         java.security.MessageDigest md = java.security.MessageDigest.getInstance(\"MD5\");\n>         byte[] array = md.digest(md5.getBytes());\n>         StringBuffer sb = new StringBuffer();\n>         for (int i = 0; i < array.length; ++i) {\n>           sb.append(Integer.toHexString((array[i] & 0xFF) | 0x100).substring(1,3));\n>        }\n>         return sb.toString();\n!     } catch (java.security.NoSuchAlgorithmException e) {\n!     }\n!     return null;\n> }\n> }\n```",
      "test_seed_coverage": [
        ">",
        ">",
        ">",
        ">",
        ">",
        ">",
        ">",
        ">",
        ">",
        ">",
        "!",
        ">",
        ">",
        ">",
        ">"
      ],
      "cumulative_coverage": [
        ">",
        ">",
        ">",
        ">",
        ">",
        ">",
        ">",
        ">",
        ">",
        ">",
        "!",
        ">",
        ">",
        ">",
        ">"
      ]
    },
    {
      "test_case": [
        "Test Case Input:\n\"test123\""
      ],
      "test_mutations": [
        "Test Case Input:\n\"test123\""
      ],
      "initial_code": "public class foo {\npublic String MD5(String md5) {\n   try {\n        java.security.MessageDigest md = java.security.MessageDigest.getInstance(\"MD5\");\n        byte[] array = md.digest(md5.getBytes());\n        StringBuffer sb = new StringBuffer();\n        for (int i = 0; i < array.length; ++i) {\n          sb.append(Integer.toHexString((array[i] & 0xFF) | 0x100).substring(1,3));\n       }\n        return sb.toString();\n    } catch (java.security.NoSuchAlgorithmException e) {\n    }\n    return null;\n}\n}",
      "covered_code": "PLAN for step by step execution of the given Java program and test case:\n\n1. Class Declaration: Class declaration statements are executed. Statement \"public class foo {\" is covered.\n2. Method Declaration: Method declarations are executed when called. Statement \"public String MD5(String md5) {\" will be covered.\n3. MD5 Method Execution: The method is called with the input \"test123\".\n4. Try Block Execution: The try block is executed, and the statements inside it will be covered. Statement \"java.security.MessageDigest md = java.security.MessageDigest.getInstance(\"MD5\");\" is covered.\n5. Message Digest Computation: The message digest is computed, and the byte array is generated. Statement \"byte[] array = md.digest(md5.getBytes());\" is covered.\n6. StringBuffer Initialization: A StringBuffer is initialized to build the final MD5 string. Statement \"StringBuffer sb = new StringBuffer();\" is covered.\n7. For Loop Execution: The loop iterates over the byte array, appending the computed hex string to the StringBuffer. The loop will execute for the length of the byte array. Statement \"for (int i = 0; i < array.length; ++i) {\" is covered.\n8. Append Hex String: The hex string is appended to the StringBuffer. Statement \"sb.append(Integer.toHexString((array[i] & 0xFF) | 0x100).substring(1,3));\" is covered.\n9. Return Final MD5 Value: The final MD5 string is returned. Statement \"return sb.toString();\" is covered.\n10. Catch Block: The catch block is not executed because no exception occurs. Statement \"catch (java.security.NoSuchAlgorithmException e) {\" is not covered.\n11. Return Null: The return null statement after the catch block is not executed due to the absence of an exception. Statement \"return null;\" is not covered.\n12. Closing Brackets: Always covered.\n\nFinal code coverage of the Java program based on its test case and given step-by-step reasoning for execution is:\n\n```\n> public class foo {\n> public String MD5(String md5) {\n>    try {\n>         java.security.MessageDigest md = java.security.MessageDigest.getInstance(\"MD5\");\n>         byte[] array = md.digest(md5.getBytes());\n>         StringBuffer sb = new StringBuffer();\n>         for (int i = 0; i < array.length; ++i) {\n>           sb.append(Integer.toHexString((array[i] & 0xFF) | 0x100).substring(1,3));\n>        }\n>         return sb.toString();\n!     } catch (java.security.NoSuchAlgorithmException e) {\n!     }\n!     return null;\n> }\n> }\n```",
      "test_seed_coverage": [
        ">",
        ">",
        ">",
        ">",
        ">",
        ">",
        ">",
        ">",
        ">",
        ">",
        "!",
        ">",
        ">",
        ">",
        ">"
      ],
      "cumulative_coverage": [
        ">",
        ">",
        ">",
        ">",
        ">",
        ">",
        ">",
        ">",
        ">",
        ">",
        "!",
        ">",
        ">",
        ">",
        ">"
      ]
    },
    {
      "test_case": [
        "Test Case Input:\n\"123456\""
      ],
      "test_mutations": [
        "Test Case Input:\n\"123456\""
      ],
      "initial_code": "public class foo {\npublic String MD5(String md5) {\n   try {\n        java.security.MessageDigest md = java.security.MessageDigest.getInstance(\"MD5\");\n        byte[] array = md.digest(md5.getBytes());\n        StringBuffer sb = new StringBuffer();\n        for (int i = 0; i < array.length; ++i) {\n          sb.append(Integer.toHexString((array[i] & 0xFF) | 0x100).substring(1,3));\n       }\n        return sb.toString();\n    } catch (java.security.NoSuchAlgorithmException e) {\n    }\n    return null;\n}\n}",
      "covered_code": "Plan for step by step execution of the given Java program and test case:\n\n1. Class Declaration: The class declaration statement is executed. Statement \"public class foo {\" is covered.\n2. MD5 Method Declaration: The method declaration statement is executed. Statement \"public String MD5(String md5) {\" is covered.\n3. Try Block: The try block is executed. Statement \"try {\" is covered.\n4. MessageDigest Instance: The statement to get the MessageDigest instance is executed. Statement \"java.security.MessageDigest md = java.security.MessageDigest.getInstance(\"MD5\");\" is covered.\n5. Digest Calculation: The statement to calculate the digest is executed. Statement \"byte[] array = md.digest(md5.getBytes());\" is covered.\n6. StringBuffer Instance: The statement to create a StringBuffer is executed. Statement \"StringBuffer sb = new StringBuffer();\" is covered.\n7. For Loop Execution: The for loop is executed. Statement \"for (int i = 0; i < array.length; ++i) {\" is covered.\n8. Append to StringBuffer: The statement to append to the StringBuffer is executed for each iteration of the loop. Statement \"sb.append(Integer.toHexString((array[i] & 0xFF) | 0x100).substring(1,3));\" is covered.\n9. Return MD5 Hash: The statement to return the MD5 hash is executed. Statement \"return sb.toString();\" is covered.\n10. Catch Block: The catch block is not executed since no exception occurs. Statement \"} catch (java.security.NoSuchAlgorithmException e) {\" is not covered.\n11. Return Null: The statement to return null is not executed since no exception occurs. Statement \"return null;\" is not covered.\n12. Closing Brackets: Closing brackets are always executed.\n\nFinal code coverage of the Java program based on its test case and given step by step reasoning for execution is:\n\n> public class foo {\n> public String MD5(String md5) {\n>    try {\n>         java.security.MessageDigest md = java.security.MessageDigest.getInstance(\"MD5\");\n>         byte[] array = md.digest(md5.getBytes());\n>         StringBuffer sb = new StringBuffer();\n>         for (int i = 0; i < array.length; ++i) {\n>           sb.append(Integer.toHexString((array[i] & 0xFF) | 0x100).substring(1,3));\n>        }\n>         return sb.toString();\n!     } catch (java.security.NoSuchAlgorithmException e) {\n!     }\n!     return null;\n> }\n> }",
      "test_seed_coverage": [
        ">",
        ">",
        ">",
        ">",
        ">",
        ">",
        ">",
        ">",
        ">",
        ">",
        "!",
        ">",
        ">",
        ">",
        ">"
      ],
      "cumulative_coverage": [
        ">",
        ">",
        ">",
        ">",
        ">",
        ">",
        ">",
        ">",
        ">",
        ">",
        "!",
        ">",
        ">",
        ">",
        ">"
      ]
    },
    {
      "test_case": [
        "Test Case Input:\n\"test1234\""
      ],
      "test_mutations": [
        "Test Case Input:\n\"test1234\""
      ],
      "initial_code": "public class foo {\npublic String MD5(String md5) {\n   try {\n        java.security.MessageDigest md = java.security.MessageDigest.getInstance(\"MD5\");\n        byte[] array = md.digest(md5.getBytes());\n        StringBuffer sb = new StringBuffer();\n        for (int i = 0; i < array.length; ++i) {\n          sb.append(Integer.toHexString((array[i] & 0xFF) | 0x100).substring(1,3));\n       }\n        return sb.toString();\n    } catch (java.security.NoSuchAlgorithmException e) {\n    }\n    return null;\n}\n}",
      "covered_code": "PLAN for step by step execution of the given Java program and test case:\n\n1. foo Class Declaration: Class declaration statements are executed. Statement \"public class foo {\" is covered.\n2. MD5 Method Declaration: Method declaration is executed when called. Statement \"public String MD5(String md5) {\" is covered.\n3. Try Block Execution: The try block is executed because it is within the method. Statement \"try {\" is covered.\n4. MessageDigest Instance Creation: The statement \"java.security.MessageDigest md = java.security.MessageDigest.getInstance(\"MD5\");\" is executed.\n5. Digest Method Call: The statement \"byte[] array = md.digest(md5.getBytes());\" is executed.\n6. StringBuffer Initialization: The statement \"StringBuffer sb = new StringBuffer();\" is executed.\n7. For Loop Execution: The for loop is executed because it iterates over the array. Statement \"for (int i = 0; i < array.length; ++i) {\" is covered.\n8. For Loop Contents: The statement \"sb.append(Integer.toHexString((array[i] & 0xFF) | 0x100).substring(1,3));\" is executed.\n9. Return Statement in Try Block: The statement \"return sb.toString();\" is executed.\n10. Catch Block Non-Execution: The catch block is not executed since no exception is thrown. Statement \"catch (java.security.NoSuchAlgorithmException e) {\" is not covered.\n11. Return Statement in Catch Block: The statement \"return null;\" inside the catch block is not executed.\n12. Closing Brackets: Always covered.\n\nFinal code coverage of the Java program based on its test case and given step by step reasoning for execution is:\n\n```\n> public class foo {\n> public String MD5(String md5) {\n>    try {\n>         java.security.MessageDigest md = java.security.MessageDigest.getInstance(\"MD5\");\n>         byte[] array = md.digest(md5.getBytes());\n>         StringBuffer sb = new StringBuffer();\n>         for (int i = 0; i < array.length; ++i) {\n>           sb.append(Integer.toHexString((array[i] & 0xFF) | 0x100).substring(1,3));\n>        }\n>         return sb.toString();\n>     } catch (java.security.NoSuchAlgorithmException e) {\n!     }\n!     return null;\n> }\n> }\n```",
      "test_seed_coverage": [
        ">",
        ">",
        ">",
        ">",
        ">",
        ">",
        ">",
        ">",
        ">",
        ">",
        ">",
        ">",
        ">",
        ">",
        ">"
      ],
      "cumulative_coverage": [
        ">",
        ">",
        ">",
        ">",
        ">",
        ">",
        ">",
        ">",
        ">",
        ">",
        ">",
        ">",
        ">",
        ">",
        ">"
      ]
    },
    {
      "test_case": [
        "Test Case Input:\n\"123456789\""
      ],
      "test_mutations": [
        "Test Case Input:\n\"123456789\""
      ],
      "initial_code": "public class foo {\npublic String MD5(String md5) {\n   try {\n        java.security.MessageDigest md = java.security.MessageDigest.getInstance(\"MD5\");\n        byte[] array = md.digest(md5.getBytes());\n        StringBuffer sb = new StringBuffer();\n        for (int i = 0; i < array.length; ++i) {\n          sb.append(Integer.toHexString((array[i] & 0xFF) | 0x100).substring(1,3));\n       }\n        return sb.toString();\n    } catch (java.security.NoSuchAlgorithmException e) {\n    }\n    return null;\n}\n}",
      "covered_code": "PLAN for step by step execution of the given Java program and test case:\n\n1. `foo` Class Declaration: The class declaration statement \"public class foo {\" is executed and covered.\n\n2. `MD5` Method Declaration: The method declaration statement \"public String MD5(String md5) {\" is executed when called.\n\n3. Try Block Execution: The try block is executed to attempt the MD5 hash computation. The statement \"try {\" is covered.\n\n4. MessageDigest Initialization: The statement \"java.security.MessageDigest md = java.security.MessageDigest.getInstance(\"MD5\");\" is executed to initialize the MessageDigest instance.\n\n5. Digest Calculation: The statement \"byte[] array = md.digest(md5.getBytes());\" is executed to calculate the digest of the input string.\n\n6. StringBuffer Initialization: The statement \"StringBuffer sb = new StringBuffer();\" is executed to initialize a StringBuffer for constructing the hash string.\n\n7. For Loop Execution: The for loop statement \"for (int i = 0; i < array.length; ++i) {\" is executed to iterate over the byte array.\n\n8. Loop Contents: The loop body is executed for each byte in the array. The statement \"sb.append(Integer.toHexString((array[i] & 0xFF) | 0x100).substring(1,3));\" is covered.\n\n9. Returning Hash: The statement \"return sb.toString();\" is executed to return the computed MD5 hash.\n\n10. Catch Block: The catch block for `NoSuchAlgorithmException` is not executed because no exception is thrown. The statement \"} catch (java.security.NoSuchAlgorithmException e) {\" is not covered.\n\n11. Return Statement Outside Try-Catch: Because the return statement inside the try block is executed, the statement \"return null;\" outside the try-catch block is not covered.\n\nFinal code coverage of the Java program based on its test case and given step-by-step reasoning for execution is:\n\n```java\n> public class foo {\n> public String MD5(String md5) {\n>    try {\n>         java.security.MessageDigest md = java.security.MessageDigest.getInstance(\"MD5\");\n>         byte[] array = md.digest(md5.getBytes());\n>         StringBuffer sb = new StringBuffer();\n>         for (int i = 0; i < array.length; ++i) {\n>           sb.append(Integer.toHexString((array[i] & 0xFF) | 0x100).substring(1,3));\n>        }\n>         return sb.toString();\n!     } catch (java.security.NoSuchAlgorithmException e) {\n!     }\n!     return null;\n> }\n> }\n```",
      "test_seed_coverage": [
        ">",
        ">",
        ">",
        ">",
        ">",
        ">",
        ">",
        ">",
        ">",
        ">",
        ">",
        ">",
        ">",
        ">",
        ">"
      ],
      "cumulative_coverage": [
        ">",
        ">",
        ">",
        ">",
        ">",
        ">",
        ">",
        ">",
        ">",
        ">",
        ">",
        ">",
        ">",
        ">",
        ">"
      ]
    },
    {
      "test_case": [
        "Test Case Input:\n\"abc\""
      ],
      "test_mutations": [
        "Test Case Input:\n\"abc\""
      ],
      "initial_code": "public class foo {\npublic String MD5(String md5) {\n   try {\n        java.security.MessageDigest md = java.security.MessageDigest.getInstance(\"MD5\");\n        byte[] array = md.digest(md5.getBytes());\n        StringBuffer sb = new StringBuffer();\n        for (int i = 0; i < array.length; ++i) {\n          sb.append(Integer.toHexString((array[i] & 0xFF) | 0x100).substring(1,3));\n       }\n        return sb.toString();\n    } catch (java.security.NoSuchAlgorithmException e) {\n    }\n    return null;\n}\n}",
      "covered_code": "PLAN:\n\n1. Class Declaration: The class `foo` is declared. This line is covered.\n2. Method Declaration: The method `MD5` is declared. This line is covered when the method is called.\n3. Try Block: The `try` block is executed as it is within the `MD5` method. This line is covered.\n4. MessageDigest Initialization: The line `java.security.MessageDigest md = java.security.MessageDigest.getInstance(\"MD5\");` is executed as it is within the `try` block. This line is covered.\n5. Digest Calculation: The line `byte[] array = md.digest(md5.getBytes());` is executed as it is within the `try` block. This line is covered.\n6. StringBuffer Initialization: The line `StringBuffer sb = new StringBuffer();` is executed as it is within the `try` block. This line is covered.\n7. For Loop: The for loop `for (int i = 0; i < array.length; ++i) {` is executed as `array` has elements. This line is covered.\n8. Append to StringBuffer: The line `sb.append(Integer.toHexString((array[i] & 0xFF) | 0x100).substring(1,3));` is executed within the for loop, covered for each iteration.\n9. Return MD5 String: The line `return sb.toString();` is executed when the try block completes without exception. This line is covered.\n10. Catch Block: The `catch` block is not executed as no exception occurs. This line is not covered.\n11. Return Null: The line `return null;` is not executed because the `try` block completes successfully. This line is not covered.\n12. Closing Brackets: Always covered.\n\nFinal code coverage of the Java program based on the test case:\n\n```\n> public class foo {\n> public String MD5(String md5) {\n>    try {\n>         java.security.MessageDigest md = java.security.MessageDigest.getInstance(\"MD5\");\n>         byte[] array = md.digest(md5.getBytes());\n>         StringBuffer sb = new StringBuffer();\n>         for (int i = 0; i < array.length; ++i) {\n>           sb.append(Integer.toHexString((array[i] & 0xFF) | 0x100).substring(1,3));\n>        }\n>         return sb.toString();\n>     } catch (java.security.NoSuchAlgorithmException e) {\n!     }\n!     return null;\n> }\n> }\n```",
      "test_seed_coverage": [
        ">",
        ">",
        ">",
        ">",
        ">",
        ">",
        ">",
        ">",
        ">",
        ">",
        ">",
        ">",
        ">",
        ">",
        ">"
      ],
      "cumulative_coverage": [
        ">",
        ">",
        ">",
        ">",
        ">",
        ">",
        ">",
        ">",
        ">",
        ">",
        ">",
        ">",
        ">",
        ">",
        ">"
      ]
    },
    {
      "test_case": [
        "Test Case Input:\ntrue"
      ],
      "test_mutations": [
        "Test Case Input:\ntrue"
      ],
      "initial_code": "public class foo {\npublic String MD5(String md5) {\n   try {\n        java.security.MessageDigest md = java.security.MessageDigest.getInstance(\"MD5\");\n        byte[] array = md.digest(md5.getBytes());\n        StringBuffer sb = new StringBuffer();\n        for (int i = 0; i < array.length; ++i) {\n          sb.append(Integer.toHexString((array[i] & 0xFF) | 0x100).substring(1,3));\n       }\n        return sb.toString();\n    } catch (java.security.NoSuchAlgorithmException e) {\n    }\n    return null;\n}\n}",
      "covered_code": "PLAN for step-by-step execution of the given Java program and test case:\n\n1. Class Declaration: Class declaration statements are executed. Statement \"public class foo {\" is covered.\n2. Method Declaration: Method declarations are executed when called. The method \"public String MD5(String md5)\" is not called in the test case, so it is not covered.\n3. Try-Catch Block: Since the method is not called, the try-catch block is not executed, so none of the statements within the block are covered.\n4. Return Statements: Since the method is not called, the return statements are not executed.\n\nFinal code coverage of the Java program based on the test case and given step-by-step reasoning for execution is:\n\n> public class foo {\n! public String MD5(String md5) {\n!    try {\n!         java.security.MessageDigest md = java.security.MessageDigest.getInstance(\"MD5\");\n!         byte[] array = md.digest(md5.getBytes());\n!         StringBuffer sb = new StringBuffer();\n!         for (int i = 0; i < array.length; ++i) {\n!           sb.append(Integer.toHexString((array[i] & 0xFF) | 0x100).substring(1,3));\n!        }\n!         return sb.toString();\n!     } catch (java.security.NoSuchAlgorithmException e) {\n!     }\n!     return null;\n! }\n> }",
      "test_seed_coverage": [
        ">",
        ">",
        ">",
        ">",
        ">",
        ">",
        ">",
        ">",
        ">",
        ">",
        ">",
        ">",
        ">",
        ">",
        ">"
      ],
      "cumulative_coverage": [
        ">",
        ">",
        ">",
        ">",
        ">",
        ">",
        ">",
        ">",
        ">",
        ">",
        ">",
        ">",
        ">",
        ">",
        ">"
      ]
    },
    {
      "test_case": [
        "Test Case Input:\n\"1234567890\""
      ],
      "test_mutations": [
        "Test Case Input:\n\"1234567890\""
      ],
      "initial_code": "public class foo {\npublic String MD5(String md5) {\n   try {\n        java.security.MessageDigest md = java.security.MessageDigest.getInstance(\"MD5\");\n        byte[] array = md.digest(md5.getBytes());\n        StringBuffer sb = new StringBuffer();\n        for (int i = 0; i < array.length; ++i) {\n          sb.append(Integer.toHexString((array[i] & 0xFF) | 0x100).substring(1,3));\n       }\n        return sb.toString();\n    } catch (java.security.NoSuchAlgorithmException e) {\n    }\n    return null;\n}\n}",
      "covered_code": "Plan for step-by-step execution of the given Java program and test case:\n\n1. Class Declaration: The class `foo` is declared. The statement `public class foo {` is covered.\n2. Method Declaration: The method `MD5` is declared. The statement `public String MD5(String md5) {` is covered.\n3. Try Block Execution: The `try` block is executed. The statement `try {` is covered.\n4. MessageDigest Instance Creation: The statement `java.security.MessageDigest md = java.security.MessageDigest.getInstance(\"MD5\");` is covered, and it successfully creates an instance of `MessageDigest` using the \"MD5\" algorithm.\n5. Digest Calculation: The statement `byte[] array = md.digest(md5.getBytes());` is covered, calculating the MD5 digest of the input string \"1234567890\".\n6. StringBuffer Initialization: The statement `StringBuffer sb = new StringBuffer();` is covered, initializing a new `StringBuffer`.\n7. For Loop Execution: The `for` loop iterates over the `array`. The statement `for (int i = 0; i < array.length; ++i) {` is covered.\n8. Append Hex String: Within the `for` loop, the statement `sb.append(Integer.toHexString((array[i] & 0xFF) | 0x100).substring(1,3));` is executed for each byte in the `array`, appending the hex string representation to the `StringBuffer`.\n9. Return Statement: After the loop, the statement `return sb.toString();` is covered, returning the resulting MD5 hash as a string.\n10. Catch Block: The catch block is not executed because no `NoSuchAlgorithmException` is thrown. The statement `} catch (java.security.NoSuchAlgorithmException e) {` is not covered.\n11. Return Null: The statement `return null;` is not executed since the method successfully returns from inside the `try` block.\n\nFinal code coverage of the Java program based on its test case:\n\n```\n> public class foo {\n> public String MD5(String md5) {\n>    try {\n>         java.security.MessageDigest md = java.security.MessageDigest.getInstance(\"MD5\");\n>         byte[] array = md.digest(md5.getBytes());\n>         StringBuffer sb = new StringBuffer();\n>         for (int i = 0; i < array.length; ++i) {\n>           sb.append(Integer.toHexString((array[i] & 0xFF) | 0x100).substring(1,3));\n>        }\n>         return sb.toString();\n!     } catch (java.security.NoSuchAlgorithmException e) {\n!     }\n!     return null;\n> }\n> }\n```",
      "test_seed_coverage": [
        ">",
        ">",
        ">",
        ">",
        ">",
        ">",
        ">",
        ">",
        ">",
        ">",
        ">",
        ">",
        ">",
        ">",
        ">"
      ],
      "cumulative_coverage": [
        ">",
        ">",
        ">",
        ">",
        ">",
        ">",
        ">",
        ">",
        ">",
        ">",
        ">",
        ">",
        ">",
        ">",
        ">"
      ]
    },
    {
      "test_case": [
        "Test Case Input:\n\"1234abc\""
      ],
      "test_mutations": [
        "Test Case Input:\n\"1234abc\""
      ],
      "initial_code": "public class foo {\npublic String MD5(String md5) {\n   try {\n        java.security.MessageDigest md = java.security.MessageDigest.getInstance(\"MD5\");\n        byte[] array = md.digest(md5.getBytes());\n        StringBuffer sb = new StringBuffer();\n        for (int i = 0; i < array.length; ++i) {\n          sb.append(Integer.toHexString((array[i] & 0xFF) | 0x100).substring(1,3));\n       }\n        return sb.toString();\n    } catch (java.security.NoSuchAlgorithmException e) {\n    }\n    return null;\n}\n}",
      "covered_code": "PLAN for step by step execution of the given Java program and test case:\n\n1. Class Declaration: The class declaration is executed when the program is run. Statement \"public class foo\" is covered.\n\n2. MD5 Method Declaration: The method declaration is executed when called. Statement \"public String MD5(String md5)\" is covered.\n\n3. Try Block Execution: The try block is executed. The statement \"try {\" is covered.\n\n4. MessageDigest Instance Creation: The statement \"java.security.MessageDigest md = java.security.MessageDigest.getInstance(\"MD5\");\" is covered.\n\n5. Digest Byte Array Creation: The statement \"byte[] array = md.digest(md5.getBytes());\" is covered.\n\n6. StringBuffer Initialization: The statement \"StringBuffer sb = new StringBuffer();\" is covered.\n\n7. For Loop Execution: The for loop iterates over the array. Statement \"for (int i = 0; i < array.length; ++i) {\" is covered.\n\n8. Append Method in For Loop: The statement \"sb.append(Integer.toHexString((array[i] & 0xFF) | 0x100).substring(1,3));\" is covered for each iteration of the loop.\n\n9. Return Statement in Try Block: The statement \"return sb.toString();\" is covered.\n\n10. Catch Block Execution: Since no exception is thrown, the catch block is not executed. Statement \"catch (java.security.NoSuchAlgorithmException e) {\" is not covered.\n\n11. Return Statement After Catch Block: Since the catch block is not executed, the return statement \"return null;\" is not covered.\n\n12. Closing Brackets: Always covered.\n\nFinal code coverage of the Java program based on its test case and given step by step reasoning for execution is:\n\n> public class foo {\n> public String MD5(String md5) {\n>    try {\n>         java.security.MessageDigest md = java.security.MessageDigest.getInstance(\"MD5\");\n>         byte[] array = md.digest(md5.getBytes());\n>         StringBuffer sb = new StringBuffer();\n>         for (int i = 0; i < array.length; ++i) {\n>           sb.append(Integer.toHexString((array[i] & 0xFF) | 0x100).substring(1,3));\n>        }\n>         return sb.toString();\n!     } catch (java.security.NoSuchAlgorithmException e) {\n!     }\n!     return null;\n> }\n> }",
      "test_seed_coverage": [
        ">",
        ">",
        ">",
        ">",
        ">",
        ">",
        ">",
        ">",
        ">",
        ">",
        ">",
        ">",
        ">",
        ">",
        ">"
      ],
      "cumulative_coverage": [
        ">",
        ">",
        ">",
        ">",
        ">",
        ">",
        ">",
        ">",
        ">",
        ">",
        ">",
        ">",
        ">",
        ">",
        ">"
      ]
    },
    {
      "test_case": [
        "Test Case Input:\n\"1234567890abcdef\""
      ],
      "test_mutations": [
        "Test Case Input:\n\"1234567890abcdef\""
      ],
      "initial_code": "public class foo {\npublic String MD5(String md5) {\n   try {\n        java.security.MessageDigest md = java.security.MessageDigest.getInstance(\"MD5\");\n        byte[] array = md.digest(md5.getBytes());\n        StringBuffer sb = new StringBuffer();\n        for (int i = 0; i < array.length; ++i) {\n          sb.append(Integer.toHexString((array[i] & 0xFF) | 0x100).substring(1,3));\n       }\n        return sb.toString();\n    } catch (java.security.NoSuchAlgorithmException e) {\n    }\n    return null;\n}\n}",
      "covered_code": "PLAN for step by step execution of the given java program and test case:\n\n1. Class Declaration: The class 'foo' is declared and will be covered.\n2. MD5 Method Declaration: The method 'MD5' is declared and will be covered upon invocation.\n3. MD5 Method Execution: The method is executed with the input string \"1234567890abcdef\".\n4. Try Block Execution: The 'try' block is executed, including obtaining the MD5 MessageDigest instance.\n5. Message Digest Computation: The method 'digest' is executed on the input string's byte array.\n6. StringBuffer Initialization: The StringBuffer 'sb' is initialized and executed.\n7. For Loop Execution: The 'for' loop iterates over the byte array. The loop body is executed for each element in the array.\n8. Append Operation in For Loop: The 'append' operation within the loop is executed for each iteration.\n9. Return Statement in Try Block: The 'return sb.toString();' statement is executed, returning the MD5 hash.\n10. Catch Block Execution: The 'catch' block is not executed, as no exception occurs.\n11. Return Statement Outside Try-Catch: The statement 'return null;' is not executed, as the 'try' block completes successfully.\n\nFinal code coverage of the Java program based on its test case and given step by step reasoning for execution is:\n\n> public class foo {\n> public String MD5(String md5) {\n>    try {\n>         java.security.MessageDigest md = java.security.MessageDigest.getInstance(\"MD5\");\n>         byte[] array = md.digest(md5.getBytes());\n>         StringBuffer sb = new StringBuffer();\n>         for (int i = 0; i < array.length; ++i) {\n>           sb.append(Integer.toHexString((array[i] & 0xFF) | 0x100).substring(1,3));\n>        }\n>         return sb.toString();\n>     } catch (java.security.NoSuchAlgorithmException e) {\n!     }\n!     return null;\n> }\n> }",
      "test_seed_coverage": [
        ">",
        ">",
        ">",
        ">",
        ">",
        ">",
        ">",
        ">",
        ">",
        ">",
        ">",
        ">",
        ">",
        ">",
        ">"
      ],
      "cumulative_coverage": [
        ">",
        ">",
        ">",
        ">",
        ">",
        ">",
        ">",
        ">",
        ">",
        ">",
        ">",
        ">",
        ">",
        ">",
        ">"
      ]
    },
    {
      "test_case": [
        "Test Case Input:\n0"
      ],
      "test_mutations": [
        "Test Case Input:\n0"
      ],
      "initial_code": "public class foo {\npublic String MD5(String md5) {\n   try {\n        java.security.MessageDigest md = java.security.MessageDigest.getInstance(\"MD5\");\n        byte[] array = md.digest(md5.getBytes());\n        StringBuffer sb = new StringBuffer();\n        for (int i = 0; i < array.length; ++i) {\n          sb.append(Integer.toHexString((array[i] & 0xFF) | 0x100).substring(1,3));\n       }\n        return sb.toString();\n    } catch (java.security.NoSuchAlgorithmException e) {\n    }\n    return null;\n}\n}",
      "covered_code": "PLAN:\n1. Import Statements: No explicit import statements are present, but the java.security package is used implicitly.\n2. Class Declaration: The class `foo` is declared and executed.\n3. Method Declaration: The method `MD5` is declared. Execution occurs when the method is called.\n4. Execution of `MD5` Method:\n   - The `try` block attempts to execute.\n   - `java.security.MessageDigest.getInstance(\"MD5\")` is called.\n   - `md.digest(md5.getBytes())` executes to obtain the byte array.\n   - The `for` loop iterates over the byte array to construct the MD5 hash string.\n   - `sb.toString()` returns the final MD5 hash string.\n5. Catch Block: The `catch` block is not executed because no exception is thrown.\n6. Return Statement: The method returns the calculated MD5 hash string.\n\nFinal Code Coverage:\n```\n> public class foo {\n> public String MD5(String md5) {\n>    try {\n>         java.security.MessageDigest md = java.security.MessageDigest.getInstance(\"MD5\");\n>         byte[] array = md.digest(md5.getBytes());\n>         StringBuffer sb = new StringBuffer();\n>         for (int i = 0; i < array.length; ++i) {\n>           sb.append(Integer.toHexString((array[i] & 0xFF) | 0x100).substring(1,3));\n>        }\n>         return sb.toString();\n>     } catch (java.security.NoSuchAlgorithmException e) {\n!     }\n>     return null;\n> }\n> }\n```",
      "test_seed_coverage": [
        ">",
        ">",
        ">",
        ">",
        ">",
        ">",
        ">",
        ">",
        ">",
        ">",
        ">",
        ">",
        ">",
        ">",
        ">"
      ],
      "cumulative_coverage": [
        ">",
        ">",
        ">",
        ">",
        ">",
        ">",
        ">",
        ">",
        ">",
        ">",
        ">",
        ">",
        ">",
        ">",
        ">"
      ]
    },
    {
      "test_case": [
        "Test Case Input:\n\"abcdef\""
      ],
      "test_mutations": [
        "Test Case Input:\n\"abcdef\""
      ],
      "initial_code": "public class foo {\npublic String MD5(String md5) {\n   try {\n        java.security.MessageDigest md = java.security.MessageDigest.getInstance(\"MD5\");\n        byte[] array = md.digest(md5.getBytes());\n        StringBuffer sb = new StringBuffer();\n        for (int i = 0; i < array.length; ++i) {\n          sb.append(Integer.toHexString((array[i] & 0xFF) | 0x100).substring(1,3));\n       }\n        return sb.toString();\n    } catch (java.security.NoSuchAlgorithmException e) {\n    }\n    return null;\n}\n}",
      "covered_code": "Plan for step-by-step execution of the given Java program and test case:\n\n1. Class Declaration: Class declaration is executed. Statement \"public class foo {\" is covered.\n2. Method Declaration: Method declarations are executed when called. Statement \"public String MD5(String md5) {\" is covered.\n3. Try Block Execution: The try block is executed. Statement \"try {\" is covered.\n4. MessageDigest Instance: Statement \"java.security.MessageDigest md = java.security.MessageDigest.getInstance(\"MD5\");\" is executed.\n5. Byte Array Initialization: Statement \"byte[] array = md.digest(md5.getBytes());\" is executed.\n6. StringBuffer Initialization: Statement \"StringBuffer sb = new StringBuffer();\" is executed.\n7. For Loop Execution: The for loop is executed for the length of the byte array. Statement \"for (int i = 0; i < array.length; ++i) {\" is covered.\n8. Loop Body Execution: The loop body is executed for each element in the byte array. Statement \"sb.append(Integer.toHexString((array[i] & 0xFF) | 0x100).substring(1,3));\" is covered.\n9. Return Statement in Try Block: The return statement in the try block is executed. Statement \"return sb.toString();\" is covered.\n10. Catch Block: Since no exception occurs, the catch block is not executed. Statement \"} catch (java.security.NoSuchAlgorithmException e) {\" is not covered.\n11. Return Null Statement: The return statement outside the try-catch block is not executed because no exception occurs. Statement \"return null;\" is not covered.\n12. Closing Brackets: Closing brackets are always covered.\n\nFinal code coverage of the Java program based on its test case and given step-by-step reasoning for execution is:\n\n> public class foo {\n> public String MD5(String md5) {\n>    try {\n>         java.security.MessageDigest md = java.security.MessageDigest.getInstance(\"MD5\");\n>         byte[] array = md.digest(md5.getBytes());\n>         StringBuffer sb = new StringBuffer();\n>         for (int i = 0; i < array.length; ++i) {\n>           sb.append(Integer.toHexString((array[i] & 0xFF) | 0x100).substring(1,3));\n>        }\n>         return sb.toString();\n!     } catch (java.security.NoSuchAlgorithmException e) {\n!     }\n!     return null;\n> }\n> }",
      "test_seed_coverage": [
        ">",
        ">",
        ">",
        ">",
        ">",
        ">",
        ">",
        ">",
        ">",
        ">",
        ">",
        ">",
        ">",
        ">",
        ">"
      ],
      "cumulative_coverage": [
        ">",
        ">",
        ">",
        ">",
        ">",
        ">",
        ">",
        ">",
        ">",
        ">",
        ">",
        ">",
        ">",
        ">",
        ">"
      ]
    },
    {
      "test_case": [
        "Test Case Input:\n\"123456789abcdef\""
      ],
      "test_mutations": [
        "Test Case Input:\n\"123456789abcdef\""
      ],
      "initial_code": "public class foo {\npublic String MD5(String md5) {\n   try {\n        java.security.MessageDigest md = java.security.MessageDigest.getInstance(\"MD5\");\n        byte[] array = md.digest(md5.getBytes());\n        StringBuffer sb = new StringBuffer();\n        for (int i = 0; i < array.length; ++i) {\n          sb.append(Integer.toHexString((array[i] & 0xFF) | 0x100).substring(1,3));\n       }\n        return sb.toString();\n    } catch (java.security.NoSuchAlgorithmException e) {\n    }\n    return null;\n}\n}",
      "covered_code": "Plan for step by step execution of the given Java program and test case:\n\n1. Class Declaration: The class \"foo\" is declared. This will be covered.\n2. Method MD5 Declaration: The method \"MD5\" is declared. This will be covered.\n3. MD5 Method Execution: The method will be executed with the input \"123456789abcdef\".\n4. Try Block Execution: The try block is entered, and the statement \"java.security.MessageDigest md = java.security.MessageDigest.getInstance(\"MD5\");\" is executed.\n5. Digest Calculation: The statement \"byte[] array = md.digest(md5.getBytes());\" is executed to calculate the MD5 digest of the input string.\n6. StringBuffer Declaration: The statement \"StringBuffer sb = new StringBuffer();\" is executed.\n7. For Loop Execution: The for loop iterates over the array to convert each byte to its hexadecimal representation. The loop conditions and body \"for (int i = 0; i < array.length; ++i) { sb.append(Integer.toHexString((array[i] & 0xFF) | 0x100).substring(1,3)); }\" are executed.\n8. Return from Try Block: After the loop, the statement \"return sb.toString();\" is executed, returning the MD5 hash as a hexadecimal string.\n9. Catch Block: The catch block is not executed because no exception is thrown.\n10. Return Null: The \"return null;\" statement is not executed because the method successfully returns from the try block.\n\nFinal code coverage of the Java program based on its test case is:\n\n> public class foo {\n> public String MD5(String md5) {\n>    try {\n>         java.security.MessageDigest md = java.security.MessageDigest.getInstance(\"MD5\");\n>         byte[] array = md.digest(md5.getBytes());\n>         StringBuffer sb = new StringBuffer();\n>         for (int i = 0; i < array.length; ++i) {\n>           sb.append(Integer.toHexString((array[i] & 0xFF) | 0x100).substring(1,3));\n>        }\n>         return sb.toString();\n>     } catch (java.security.NoSuchAlgorithmException e) {\n!     }\n!     return null;\n> }\n> }",
      "test_seed_coverage": [
        ">",
        ">",
        ">",
        ">",
        ">",
        ">",
        ">",
        ">",
        ">",
        ">",
        ">",
        ">",
        ">",
        ">",
        ">"
      ],
      "cumulative_coverage": [
        ">",
        ">",
        ">",
        ">",
        ">",
        ">",
        ">",
        ">",
        ">",
        ">",
        ">",
        ">",
        ">",
        ">",
        ">"
      ]
    },
    {
      "test_case": [
        "Test Case Input:\n\"123.45\""
      ],
      "test_mutations": [
        "Test Case Input:\n\"123.45\""
      ],
      "initial_code": "public class foo {\npublic String MD5(String md5) {\n   try {\n        java.security.MessageDigest md = java.security.MessageDigest.getInstance(\"MD5\");\n        byte[] array = md.digest(md5.getBytes());\n        StringBuffer sb = new StringBuffer();\n        for (int i = 0; i < array.length; ++i) {\n          sb.append(Integer.toHexString((array[i] & 0xFF) | 0x100).substring(1,3));\n       }\n        return sb.toString();\n    } catch (java.security.NoSuchAlgorithmException e) {\n    }\n    return null;\n}\n}",
      "covered_code": "PLAN for step by step execution of the given Java program and test case:\n\n1. Class Declaration: The class declaration statement `public class foo` is executed and covered.\n\n2. MD5 Method Declaration: The method declaration `public String MD5(String md5)` is covered. \n\n3. Try Block Execution: The try block is executed. The statement `try {` is covered.\n\n4. MessageDigest Instance Creation: The statement `java.security.MessageDigest md = java.security.MessageDigest.getInstance(\"MD5\");` is executed and covered.\n\n5. Digest Calculation: The statement `byte[] array = md.digest(md5.getBytes());` is executed and covered.\n\n6. StringBuffer Initialization: The statement `StringBuffer sb = new StringBuffer();` is executed and covered.\n\n7. For Loop Execution: The for loop `for (int i = 0; i < array.length; ++i) {` is executed and covered.\n\n8. Inside For Loop: The statement `sb.append(Integer.toHexString((array[i] & 0xFF) | 0x100).substring(1,3));` inside the for loop is executed and covered.\n\n9. Return Statement in Try Block: The statement `return sb.toString();` is executed and covered.\n\n10. Catch Block Execution: The catch block `catch (java.security.NoSuchAlgorithmException e) {}` is not executed as no exception is thrown.\n\n11. Return Statement After Catch: The return statement `return null;` after the catch block is not executed as the try block completes successfully.\n\nFinal code coverage of the Java program based on its test case and given step-by-step reasoning for execution is:\n\n```\n> public class foo {\n> public String MD5(String md5) {\n>    try {\n>         java.security.MessageDigest md = java.security.MessageDigest.getInstance(\"MD5\");\n>         byte[] array = md.digest(md5.getBytes());\n>         StringBuffer sb = new StringBuffer();\n>         for (int i = 0; i < array.length; ++i) {\n>           sb.append(Integer.toHexString((array[i] & 0xFF) | 0x100).substring(1,3));\n>        }\n>         return sb.toString();\n>     } catch (java.security.NoSuchAlgorithmException e) {\n!     }\n!     return null;\n> }\n> }\n```",
      "test_seed_coverage": [
        ">",
        ">",
        ">",
        ">",
        ">",
        ">",
        ">",
        ">",
        ">",
        ">",
        ">",
        ">",
        ">",
        ">",
        ">"
      ],
      "cumulative_coverage": [
        ">",
        ">",
        ">",
        ">",
        ">",
        ">",
        ">",
        ">",
        ">",
        ">",
        ">",
        ">",
        ">",
        ">",
        ">"
      ]
    },
    {
      "test_case": [
        "Test Case Input:\n\"12345\""
      ],
      "test_mutations": [
        "Test Case Input:\n\"12345\""
      ],
      "initial_code": "public class foo {\npublic String MD5(String md5) {\n   try {\n        java.security.MessageDigest md = java.security.MessageDigest.getInstance(\"MD5\");\n        byte[] array = md.digest(md5.getBytes());\n        StringBuffer sb = new StringBuffer();\n        for (int i = 0; i < array.length; ++i) {\n          sb.append(Integer.toHexString((array[i] & 0xFF) | 0x100).substring(1,3));\n       }\n        return sb.toString();\n    } catch (java.security.NoSuchAlgorithmException e) {\n    }\n    return null;\n}\n}",
      "covered_code": "PLAN for step by step execution of the given Java program and test case:\n\n1. Class Declaration: The class declaration is executed. The statement \"public class foo {\" is covered.\n2. MD5 Method Declaration: The method declaration is executed. The statement \"public String MD5(String md5) {\" is covered.\n3. Try Block Execution: The try block is executed. The statements inside the try block, including \"java.security.MessageDigest md = java.security.MessageDigest.getInstance(\"MD5\");\", \"byte[] array = md.digest(md5.getBytes());\", and \"StringBuffer sb = new StringBuffer();\" are covered.\n4. For Loop Execution: The for loop iterates over the array. The statement \"for (int i = 0; i < array.length; ++i) {\" is covered.\n5. Inside For Loop: The statement within the for loop, \"sb.append(Integer.toHexString((array[i] & 0xFF) | 0x100).substring(1,3));\", is covered.\n6. Return Statement in Try Block: Since there is no exception, the return statement \"return sb.toString();\" is executed and covered.\n7. Catch Block for NoSuchAlgorithmException: The catch block is not executed because no exception occurs. The statement \"catch (java.security.NoSuchAlgorithmException e) {\" is not covered.\n8. Return Statement after Catch Block: The return statement after the catch block \"return null;\" is not executed and not covered since the return in the try block was executed.\n\nFinal code coverage of the Java program based on its test case:\n\n> public class foo {\n> public String MD5(String md5) {\n>    try {\n>         java.security.MessageDigest md = java.security.MessageDigest.getInstance(\"MD5\");\n>         byte[] array = md.digest(md5.getBytes());\n>         StringBuffer sb = new StringBuffer();\n>         for (int i = 0; i < array.length; ++i) {\n>           sb.append(Integer.toHexString((array[i] & 0xFF) | 0x100).substring(1,3));\n>        }\n>         return sb.toString();\n!     } catch (java.security.NoSuchAlgorithmException e) {\n!     }\n!     return null;\n> }\n> }",
      "test_seed_coverage": [
        ">",
        ">",
        ">",
        ">",
        ">",
        ">",
        ">",
        ">",
        ">",
        ">",
        ">",
        ">",
        ">",
        ">",
        ">"
      ],
      "cumulative_coverage": [
        ">",
        ">",
        ">",
        ">",
        ">",
        ">",
        ">",
        ">",
        ">",
        ">",
        ">",
        ">",
        ">",
        ">",
        ">"
      ]
    },
    {
      "test_case": [
        "Test Case Input:\n\"12.34\""
      ],
      "test_mutations": [
        "Test Case Input:\n\"12.34\""
      ],
      "initial_code": "public class foo {\npublic String MD5(String md5) {\n   try {\n        java.security.MessageDigest md = java.security.MessageDigest.getInstance(\"MD5\");\n        byte[] array = md.digest(md5.getBytes());\n        StringBuffer sb = new StringBuffer();\n        for (int i = 0; i < array.length; ++i) {\n          sb.append(Integer.toHexString((array[i] & 0xFF) | 0x100).substring(1,3));\n       }\n        return sb.toString();\n    } catch (java.security.NoSuchAlgorithmException e) {\n    }\n    return null;\n}\n}",
      "covered_code": "PLAN for step by step execution of the given Java program and test case:\n\n1. Class Declaration: Class declaration statements are executed. Statement \"public class foo {\" is covered.\n\n2. Method Declaration: Method declarations are executed when called. The method \"public String MD5(String md5)\" will be covered if it is called.\n\n3. MD5 Method Execution: The execution depends on whether the method is called. Since no explicit call is provided in the test case, the method is not executed, including statements within the try block and the catch block.\n\n4. Closing Brackets: Always covered.\n\nFinal code coverage of the Java program based on its test case and given step-by-step reasoning for execution is:\n\n> public class foo {\n! public String MD5(String md5) {\n!    try {\n!         java.security.MessageDigest md = java.security.MessageDigest.getInstance(\"MD5\");\n!         byte[] array = md.digest(md5.getBytes());\n!         StringBuffer sb = new StringBuffer();\n!         for (int i = 0; i < array.length; ++i) {\n!           sb.append(Integer.toHexString((array[i] & 0xFF) | 0x100).substring(1,3));\n!        }\n!         return sb.toString();\n!     } catch (java.security.NoSuchAlgorithmException e) {\n!     }\n!     return null;\n> }\n> }",
      "test_seed_coverage": [
        ">",
        ">",
        ">",
        ">",
        ">",
        ">",
        ">",
        ">",
        ">",
        ">",
        ">",
        ">",
        ">",
        ">",
        ">"
      ],
      "cumulative_coverage": [
        ">",
        ">",
        ">",
        ">",
        ">",
        ">",
        ">",
        ">",
        ">",
        ">",
        ">",
        ">",
        ">",
        ">",
        ">"
      ]
    },
    {
      "test_case": [
        "Test Case Input:\n12.34"
      ],
      "test_mutations": [
        "Test Case Input:\n12.34"
      ],
      "initial_code": "public class foo {\npublic String MD5(String md5) {\n   try {\n        java.security.MessageDigest md = java.security.MessageDigest.getInstance(\"MD5\");\n        byte[] array = md.digest(md5.getBytes());\n        StringBuffer sb = new StringBuffer();\n        for (int i = 0; i < array.length; ++i) {\n          sb.append(Integer.toHexString((array[i] & 0xFF) | 0x100).substring(1,3));\n       }\n        return sb.toString();\n    } catch (java.security.NoSuchAlgorithmException e) {\n    }\n    return null;\n}\n}",
      "covered_code": "Plan for step by step execution of the given Java program and test case:\n\n1. Class Declaration: The class `foo` is declared and is covered.\n2. Method Declaration: The method `MD5` is declared and is covered when called.\n3. Method Invocation: The method `MD5` is invoked with input \"12.34\".\n4. Try Block Execution: The try block is executed as it contains the main logic for generating the MD5 hash.\n5. MD5 Instance Creation: The statement `java.security.MessageDigest md = java.security.MessageDigest.getInstance(\"MD5\");` is executed.\n6. Digest Computation: The statement `byte[] array = md.digest(md5.getBytes());` is executed.\n7. StringBuffer Initialization: The statement `StringBuffer sb = new StringBuffer();` is executed.\n8. For Loop Execution: The for loop iterates over the `array`, executing the loop body for each byte.\n9. Append to StringBuffer: The statement `sb.append(Integer.toHexString((array[i] & 0xFF) | 0x100).substring(1,3));` is executed in each iteration.\n10. Return Statement: The statement `return sb.toString();` is executed, returning the MD5 hash.\n11. Catch Block: The catch block is not executed as no exception is thrown.\n12. Return Null Statement: The return null statement is not executed as the try block succeeds.\n\nFinal code coverage of the Java program based on its test case and given step by step reasoning for execution is:\n\n> public class foo {\n> public String MD5(String md5) {\n>    try {\n>         java.security.MessageDigest md = java.security.MessageDigest.getInstance(\"MD5\");\n>         byte[] array = md.digest(md5.getBytes());\n>         StringBuffer sb = new StringBuffer();\n>         for (int i = 0; i < array.length; ++i) {\n>           sb.append(Integer.toHexString((array[i] & 0xFF) | 0x100).substring(1,3));\n>        }\n>         return sb.toString();\n>     } catch (java.security.NoSuchAlgorithmException e) {\n!     }\n!     return null;\n> }\n> }",
      "test_seed_coverage": [
        ">",
        ">",
        ">",
        ">",
        ">",
        ">",
        ">",
        ">",
        ">",
        ">",
        ">",
        ">",
        ">",
        ">",
        ">"
      ],
      "cumulative_coverage": [
        ">",
        ">",
        ">",
        ">",
        ">",
        ">",
        ">",
        ">",
        ">",
        ">",
        ">",
        ">",
        ">",
        ">",
        ">"
      ]
    },
    {
      "test_case": [
        "Test Case Input:\n0123456789abcdef"
      ],
      "test_mutations": [
        "Test Case Input:\n0123456789abcdef"
      ],
      "initial_code": "public class foo {\npublic String MD5(String md5) {\n   try {\n        java.security.MessageDigest md = java.security.MessageDigest.getInstance(\"MD5\");\n        byte[] array = md.digest(md5.getBytes());\n        StringBuffer sb = new StringBuffer();\n        for (int i = 0; i < array.length; ++i) {\n          sb.append(Integer.toHexString((array[i] & 0xFF) | 0x100).substring(1,3));\n       }\n        return sb.toString();\n    } catch (java.security.NoSuchAlgorithmException e) {\n    }\n    return null;\n}\n}",
      "covered_code": "PLAN for step by step execution of the given Java program and test case:\n1. Class Declaration: The class declaration is executed. Statement \"public class foo {\" is covered.\n2. Method Declaration: The method declaration is executed when called. Statement \"public String MD5(String md5) {\" is covered.\n3. Try Block Execution: The try block is executed when the method is called. Statement \"try {\" is covered.\n4. MessageDigest Instance Creation: The statement \"java.security.MessageDigest md = java.security.MessageDigest.getInstance(\"MD5\");\" is executed. It is covered.\n5. Digest Computation: The statement \"byte[] array = md.digest(md5.getBytes());\" is executed. It is covered.\n6. StringBuffer Initialization: The statement \"StringBuffer sb = new StringBuffer();\" is executed. It is covered.\n7. For Loop Execution: The for loop is executed for each element in the array. The statement \"for (int i = 0; i < array.length; ++i) {\" is covered.\n8. Append to StringBuffer: The statement \"sb.append(Integer.toHexString((array[i] & 0xFF) | 0x100).substring(1,3));\" is executed for each iteration of the loop. It is covered.\n9. Return Hashed String: The statement \"return sb.toString();\" is executed after the for loop completes. It is covered.\n10. Catch Block: The catch block is not executed as no exception occurs. Statement \"catch (java.security.NoSuchAlgorithmException e) {\" is not covered.\n11. Return Null: The statement \"return null;\" is not executed because no exception occurs. It is not covered.\n12. Closing Brackets: Always executed and covered.\n\nFinal code coverage of the Java program based on its test case and given step by step reasoning for execution is:\n```\n> public class foo {\n> public String MD5(String md5) {\n>    try {\n>         java.security.MessageDigest md = java.security.MessageDigest.getInstance(\"MD5\");\n>         byte[] array = md.digest(md5.getBytes());\n>         StringBuffer sb = new StringBuffer();\n>         for (int i = 0; i < array.length; ++i) {\n>           sb.append(Integer.toHexString((array[i] & 0xFF) | 0x100).substring(1,3));\n>        }\n>         return sb.toString();\n!     } catch (java.security.NoSuchAlgorithmException e) {\n!     }\n!     return null;\n> }\n> }\n```",
      "test_seed_coverage": [
        ">",
        ">",
        ">",
        ">",
        ">",
        ">",
        ">",
        ">",
        ">",
        ">",
        ">",
        ">",
        ">",
        ">",
        ">"
      ],
      "cumulative_coverage": [
        ">",
        ">",
        ">",
        ">",
        ">",
        ">",
        ">",
        ">",
        ">",
        ">",
        ">",
        ">",
        ">",
        ">",
        ">"
      ]
    },
    {
      "test_case": [
        "Test Case Input:\n-12.34"
      ],
      "test_mutations": [
        "Test Case Input:\n-12.34"
      ],
      "initial_code": "public class foo {\npublic String MD5(String md5) {\n   try {\n        java.security.MessageDigest md = java.security.MessageDigest.getInstance(\"MD5\");\n        byte[] array = md.digest(md5.getBytes());\n        StringBuffer sb = new StringBuffer();\n        for (int i = 0; i < array.length; ++i) {\n          sb.append(Integer.toHexString((array[i] & 0xFF) | 0x100).substring(1,3));\n       }\n        return sb.toString();\n    } catch (java.security.NoSuchAlgorithmException e) {\n    }\n    return null;\n}\n}",
      "covered_code": "PLAN for step by step execution of the given Java program and test case:\n\n1. Class Declaration: The class declaration statement \"public class foo {\" is executed and covered.\n2. MD5 Method Declaration: The method declaration statement \"public String MD5(String md5) {\" is executed when the method is called.\n3. MD5 Method Execution:\n   - The try block is executed. The statement \"try {\" is covered.\n   - The MessageDigest instance is created, and the statement \"java.security.MessageDigest md = java.security.MessageDigest.getInstance(\"MD5\");\" is covered.\n   - The digest method is called, and the statement \"byte[] array = md.digest(md5.getBytes());\" is covered.\n   - A new StringBuffer is created, and the statement \"StringBuffer sb = new StringBuffer();\" is covered.\n   - The for loop is executed for each byte in the array. The statement \"for (int i = 0; i < array.length; ++i) {\" is covered.\n   - Inside the for loop, the statement \"sb.append(Integer.toHexString((array[i] & 0xFF) | 0x100).substring(1,3));\" is executed for each iteration and covered.\n   - The return statement inside the try block \"return sb.toString();\" is executed and covered.\n4. Catch Block: The catch block is not executed because no exception is thrown. The statement \"catch (java.security.NoSuchAlgorithmException e) {\" is not covered.\n5. Return Statement after Catch Block: The return statement \"return null;\" after the catch block is not executed because the try block completes successfully. It is not covered.\n6. Closing Braces: All closing braces are executed and covered.\n\nFinal code coverage of the Java program based on its test case and given step by step reasoning for execution is:\n\n> public class foo {\n> public String MD5(String md5) {\n>    try {\n>         java.security.MessageDigest md = java.security.MessageDigest.getInstance(\"MD5\");\n>         byte[] array = md.digest(md5.getBytes());\n>         StringBuffer sb = new StringBuffer();\n>         for (int i = 0; i < array.length; ++i) {\n>           sb.append(Integer.toHexString((array[i] & 0xFF) | 0x100).substring(1,3));\n>        }\n>         return sb.toString();\n>     } \n!     catch (java.security.NoSuchAlgorithmException e) {\n!     }\n!     return null;\n> }\n> }",
      "test_seed_coverage": [
        ">",
        ">",
        ">",
        ">",
        ">",
        ">",
        ">",
        ">",
        ">",
        ">",
        ">",
        ">",
        ">",
        ">",
        ">",
        ">"
      ],
      "cumulative_coverage": [
        ">",
        ">",
        ">",
        ">",
        ">",
        ">",
        ">",
        ">",
        ">",
        ">",
        ">",
        ">",
        ">",
        ">",
        ">",
        ">"
      ]
    },
    {
      "test_case": [
        "Test Case Input:\n100.0"
      ],
      "test_mutations": [
        "Test Case Input:\n100.0"
      ],
      "initial_code": "public class foo {\npublic String MD5(String md5) {\n   try {\n        java.security.MessageDigest md = java.security.MessageDigest.getInstance(\"MD5\");\n        byte[] array = md.digest(md5.getBytes());\n        StringBuffer sb = new StringBuffer();\n        for (int i = 0; i < array.length; ++i) {\n          sb.append(Integer.toHexString((array[i] & 0xFF) | 0x100).substring(1,3));\n       }\n        return sb.toString();\n    } catch (java.security.NoSuchAlgorithmException e) {\n    }\n    return null;\n}\n}",
      "covered_code": "PLAN for step by step execution of the given Java program and test case:\n1. Class Declaration: The class `foo` is declared. This is covered.\n2. Method Declaration: The method `MD5(String md5)` is declared within the class `foo`. This is covered.\n3. Method Invocation: The method `MD5` would be invoked with the input `\"100.0\"`. Since the test case input is provided, it is assumed that the method is called with this input.\n4. Try Block Execution: The `try` block is entered, and the statement `java.security.MessageDigest md = java.security.MessageDigest.getInstance(\"MD5\");` is executed to create a MessageDigest instance. This is covered.\n5. Digest Calculation: The byte array `array` is calculated using `md.digest(md5.getBytes());`. This is covered.\n6. StringBuffer Initialization: A `StringBuffer` `sb` is initialized. This is covered.\n7. For Loop Execution: The `for` loop iterates over the byte array `array`. Since the array is not empty, the loop is executed. This is covered.\n8. StringBuffer Append: Within the `for` loop, `sb.append(Integer.toHexString((array[i] & 0xFF) | 0x100).substring(1,3));` is executed for each element of `array`. This is covered.\n9. Return Statement in Try Block: After the loop, the `return sb.toString();` statement is executed, returning the MD5 hash string. This is covered.\n10. Catch Block: The `catch` block for `java.security.NoSuchAlgorithmException` is not executed, as no exception occurs. This is not covered.\n11. Return Statement after Catch Block: The `return null;` statement after the `catch` block is not executed because the method has already returned from within the `try` block. This is not covered.\n\nFinal code coverage of the Java program based on its test case and given step-by-step reasoning for execution is:\n```\n> public class foo {\n> public String MD5(String md5) {\n>    try {\n>         java.security.MessageDigest md = java.security.MessageDigest.getInstance(\"MD5\");\n>         byte[] array = md.digest(md5.getBytes());\n>         StringBuffer sb = new StringBuffer();\n>         for (int i = 0; i < array.length; ++i) {\n>           sb.append(Integer.toHexString((array[i] & 0xFF) | 0x100).substring(1,3));\n>        }\n>         return sb.toString();\n>     } catch (java.security.NoSuchAlgorithmException e) {\n!     }\n!     return null;\n> }\n> }\n```",
      "test_seed_coverage": [
        ">",
        ">",
        ">",
        ">",
        ">",
        ">",
        ">",
        ">",
        ">",
        ">",
        ">",
        ">",
        ">",
        ">",
        ">"
      ],
      "cumulative_coverage": [
        ">",
        ">",
        ">",
        ">",
        ">",
        ">",
        ">",
        ">",
        ">",
        ">",
        ">",
        ">",
        ">",
        ">",
        ">"
      ]
    },
    {
      "test_case": [
        "Test Case Input:\n12.34.56"
      ],
      "test_mutations": [
        "Test Case Input:\n12.34.56"
      ],
      "initial_code": "public class foo {\npublic String MD5(String md5) {\n   try {\n        java.security.MessageDigest md = java.security.MessageDigest.getInstance(\"MD5\");\n        byte[] array = md.digest(md5.getBytes());\n        StringBuffer sb = new StringBuffer();\n        for (int i = 0; i < array.length; ++i) {\n          sb.append(Integer.toHexString((array[i] & 0xFF) | 0x100).substring(1,3));\n       }\n        return sb.toString();\n    } catch (java.security.NoSuchAlgorithmException e) {\n    }\n    return null;\n}\n}",
      "covered_code": "PLAN for step by step execution of the given Java program and test case:\n1. Class Declaration: The class `foo` is declared. The statement `public class foo {` is covered.\n2. Method Declaration: The method `public String MD5(String md5)` is declared. The statement `public String MD5(String md5) {` is covered.\n3. Try Block Execution: The `try` block is entered, and the statement `try {` is covered.\n4. MessageDigest Instantiation: The statement `java.security.MessageDigest md = java.security.MessageDigest.getInstance(\"MD5\");` is covered if the algorithm exists.\n5. Digest Calculation: The statement `byte[] array = md.digest(md5.getBytes());` is covered.\n6. StringBuffer Instantiation: The statement `StringBuffer sb = new StringBuffer();` is covered.\n7. For Loop Execution: The statement `for (int i = 0; i < array.length; ++i) {` is covered since the loop will iterate over the byte array.\n8. Inside For Loop: The statement `sb.append(Integer.toHexString((array[i] & 0xFF) | 0x100).substring(1,3));` is covered for each iteration of the loop.\n9. Return Statement in Try Block: The statement `return sb.toString();` is covered if no exception is thrown.\n10. Catch Block: The `catch` block is not covered since there is no `NoSuchAlgorithmException` expected in this test case.\n11. Return Statement after Catch Block: The statement `return null;` is not covered because the return in the try block is executed.\n\nFinal code coverage of the Java program based on the test case and given step-by-step reasoning for execution is:\n> public class foo {\n> public String MD5(String md5) {\n>    try {\n>         java.security.MessageDigest md = java.security.MessageDigest.getInstance(\"MD5\");\n>         byte[] array = md.digest(md5.getBytes());\n>         StringBuffer sb = new StringBuffer();\n>         for (int i = 0; i < array.length; ++i) {\n>           sb.append(Integer.toHexString((array[i] & 0xFF) | 0x100).substring(1,3));\n>        }\n>         return sb.toString();\n!     } catch (java.security.NoSuchAlgorithmException e) {\n!     }\n!     return null;\n> }\n> }",
      "test_seed_coverage": [
        ">",
        ">",
        ">",
        ">",
        ">",
        ">",
        ">",
        ">",
        ">",
        ">",
        ">",
        ">",
        ">",
        ">",
        ">"
      ],
      "cumulative_coverage": [
        ">",
        ">",
        ">",
        ">",
        ">",
        ">",
        ">",
        ">",
        ">",
        ">",
        ">",
        ">",
        ">",
        ">",
        ">"
      ]
    },
    {
      "test_case": [
        "Test Case Input:\n\"12.34.56\""
      ],
      "test_mutations": [
        "Test Case Input:\n\"12.34.56\""
      ],
      "initial_code": "public class foo {\npublic String MD5(String md5) {\n   try {\n        java.security.MessageDigest md = java.security.MessageDigest.getInstance(\"MD5\");\n        byte[] array = md.digest(md5.getBytes());\n        StringBuffer sb = new StringBuffer();\n        for (int i = 0; i < array.length; ++i) {\n          sb.append(Integer.toHexString((array[i] & 0xFF) | 0x100).substring(1,3));\n       }\n        return sb.toString();\n    } catch (java.security.NoSuchAlgorithmException e) {\n    }\n    return null;\n}\n}",
      "covered_code": "PLAN for step by step execution of the given Java program and test case:\n\n1. Class Declaration: The class declaration statement \"public class foo {\" is executed and covered.\n2. MD5 Method Declaration: The method declaration \"public String MD5(String md5) {\" is executed when the method is called.\n3. MD5 Method Execution: The try block inside the MD5 method is executed.\n4. MessageDigest Instance: The line \"java.security.MessageDigest md = java.security.MessageDigest.getInstance(\"MD5\");\" is executed. Since MD5 is a valid algorithm, this line executes without exceptions.\n5. Digest Computation: The line \"byte[] array = md.digest(md5.getBytes());\" is executed, computing the MD5 digest.\n6. StringBuffer Initialization: The line \"StringBuffer sb = new StringBuffer();\" is executed, initializing a StringBuffer object.\n7. For Loop Execution: The for loop \"for (int i = 0; i < array.length; ++i) {\" is executed for each byte in the array.\n8. StringBuffer Append: The line \"sb.append(Integer.toHexString((array[i] & 0xFF) | 0x100).substring(1,3));\" is executed for each iteration of the loop, appending the hexadecimal representation of each byte to the StringBuffer.\n9. Return Statement: The line \"return sb.toString();\" is executed, returning the final MD5 hash as a string.\n10. Catch Block: The catch block \"catch (java.security.NoSuchAlgorithmException e) {\" is not executed because no exception is thrown.\n11. Return null: The line \"return null;\" is not executed because the method returns from within the try block.\n\nFinal code coverage of the Java program based on its test case and given step by step reasoning for execution is:\n\n> public class foo {\n> public String MD5(String md5) {\n>    try {\n>         java.security.MessageDigest md = java.security.MessageDigest.getInstance(\"MD5\");\n>         byte[] array = md.digest(md5.getBytes());\n>         StringBuffer sb = new StringBuffer();\n>         for (int i = 0; i < array.length; ++i) {\n>           sb.append(Integer.toHexString((array[i] & 0xFF) | 0x100).substring(1,3));\n>        }\n>         return sb.toString();\n!     } catch (java.security.NoSuchAlgorithmException e) {\n!     }\n!     return null;\n> }\n> }",
      "test_seed_coverage": [
        ">",
        ">",
        ">",
        ">",
        ">",
        ">",
        ">",
        ">",
        ">",
        ">",
        ">",
        ">",
        ">",
        ">",
        ">"
      ],
      "cumulative_coverage": [
        ">",
        ">",
        ">",
        ">",
        ">",
        ">",
        ">",
        ">",
        ">",
        ">",
        ">",
        ">",
        ">",
        ">",
        ">"
      ]
    },
    {
      "test_case": [
        "Test Case Input:\n0.0"
      ],
      "test_mutations": [
        "Test Case Input:\n0.0"
      ],
      "initial_code": "public class foo {\npublic String MD5(String md5) {\n   try {\n        java.security.MessageDigest md = java.security.MessageDigest.getInstance(\"MD5\");\n        byte[] array = md.digest(md5.getBytes());\n        StringBuffer sb = new StringBuffer();\n        for (int i = 0; i < array.length; ++i) {\n          sb.append(Integer.toHexString((array[i] & 0xFF) | 0x100).substring(1,3));\n       }\n        return sb.toString();\n    } catch (java.security.NoSuchAlgorithmException e) {\n    }\n    return null;\n}\n}",
      "covered_code": "PLAN for step by step execution of the given Java program and test case:\n\n1. Class Declaration and Method Declaration: The class `foo` and method `MD5` declaration statements are executed but not covered since the test case input does not involve calling these statements directly.\n\n2. Method Execution: Since the test input `['Test Case Input:\\n0.0']` does not invoke the `MD5` method, the method is not executed. Thus, no statement within the method is covered.\n\n3. Exception Handling: The catch block `catch (java.security.NoSuchAlgorithmException e)` is not executed since the method itself is not executed.\n\n4. Return Statements: The return statement `return null;` is not executed since the method is not called.\n\nFinal code coverage of the Java program based on its test case and given step by step reasoning for execution is:\n\n! public class foo {\n! public String MD5(String md5) {\n!    try {\n!         java.security.MessageDigest md = java.security.MessageDigest.getInstance(\"MD5\");\n!         byte[] array = md.digest(md5.getBytes());\n!         StringBuffer sb = new StringBuffer();\n!         for (int i = 0; i < array.length; ++i) {\n!           sb.append(Integer.toHexString((array[i] & 0xFF) | 0x100).substring(1,3));\n!        }\n!         return sb.toString();\n!     } catch (java.security.NoSuchAlgorithmException e) {\n!     }\n!     return null;\n! }\n! }",
      "test_seed_coverage": [
        ">",
        ">",
        ">",
        ">",
        ">",
        ">",
        ">",
        ">",
        ">",
        ">",
        ">",
        ">",
        ">",
        ">",
        ">"
      ],
      "cumulative_coverage": [
        ">",
        ">",
        ">",
        ">",
        ">",
        ">",
        ">",
        ">",
        ">",
        ">",
        ">",
        ">",
        ">",
        ">",
        ">"
      ]
    },
    {
      "test_case": [
        "Test Case Input:\n\"abcdef123\""
      ],
      "test_mutations": [
        "Test Case Input:\n\"abcdef123\""
      ],
      "initial_code": "public class foo {\npublic String MD5(String md5) {\n   try {\n        java.security.MessageDigest md = java.security.MessageDigest.getInstance(\"MD5\");\n        byte[] array = md.digest(md5.getBytes());\n        StringBuffer sb = new StringBuffer();\n        for (int i = 0; i < array.length; ++i) {\n          sb.append(Integer.toHexString((array[i] & 0xFF) | 0x100).substring(1,3));\n       }\n        return sb.toString();\n    } catch (java.security.NoSuchAlgorithmException e) {\n    }\n    return null;\n}\n}",
      "covered_code": "PLAN for step by step execution of the given Java program and test case:\n\n1. Class Declaration: Class declaration statements are executed. Statement \"public class foo {\" is covered.\n2. Method Declaration: Method declarations are executed when called. Statement \"public String MD5(String md5) {\" is executed when the method is called.\n3. Try Block Execution: The try block is executed. Statement \"try {\" is covered.\n4. MD5 Instance Creation: Statement \"java.security.MessageDigest md = java.security.MessageDigest.getInstance(\"MD5\");\" is executed, as it successfully creates an instance of MessageDigest for MD5.\n5. Digest Byte Array: Statement \"byte[] array = md.digest(md5.getBytes());\" is executed, as it successfully creates a byte array digest from the input string.\n6. StringBuffer Initialization: Statement \"StringBuffer sb = new StringBuffer();\" is executed, initializing the StringBuffer.\n7. For Loop Execution: As the byte array length is non-zero, the for loop is executed. Statement \"for (int i = 0; i < array.length; ++i) {\" is executed.\n8. Loop Body Execution: The loop body is executed for each byte in the array. The statement \"sb.append(Integer.toHexString((array[i] & 0xFF) | 0x100).substring(1,3));\" is executed for each iteration.\n9. Return Statement in Try Block: After the loop concludes, the return statement \"return sb.toString();\" is executed, returning the MD5 hash as a string.\n10. Catch Block: The catch block is not executed because no exception occurs. Statement \"catch (java.security.NoSuchAlgorithmException e) {\" is not covered.\n11. Return Statement after Catch Block: The return statement after the catch block \"return null;\" is not executed because there was no exception.\n\nFinal code coverage of the Java program based on its test case and given step by step reasoning for execution is:\n\n```\n> public class foo {\n> public String MD5(String md5) {\n>    try {\n>         java.security.MessageDigest md = java.security.MessageDigest.getInstance(\"MD5\");\n>         byte[] array = md.digest(md5.getBytes());\n>         StringBuffer sb = new StringBuffer();\n>         for (int i = 0; i < array.length; ++i) {\n>           sb.append(Integer.toHexString((array[i] & 0xFF) | 0x100).substring(1,3));\n>        }\n>         return sb.toString();\n>     } catch (java.security.NoSuchAlgorithmException e) {\n!     }\n!     return null;\n> }\n> }\n```",
      "test_seed_coverage": [
        ">",
        ">",
        ">",
        ">",
        ">",
        ">",
        ">",
        ">",
        ">",
        ">",
        ">",
        ">",
        ">",
        ">",
        ">"
      ],
      "cumulative_coverage": [
        ">",
        ">",
        ">",
        ">",
        ">",
        ">",
        ">",
        ">",
        ">",
        ">",
        ">",
        ">",
        ">",
        ">",
        ">"
      ]
    },
    {
      "test_case": [
        "Test Case Input:\n\"abcd1234\""
      ],
      "test_mutations": [
        "Test Case Input:\n\"abcd1234\""
      ],
      "initial_code": "public class foo {\npublic String MD5(String md5) {\n   try {\n        java.security.MessageDigest md = java.security.MessageDigest.getInstance(\"MD5\");\n        byte[] array = md.digest(md5.getBytes());\n        StringBuffer sb = new StringBuffer();\n        for (int i = 0; i < array.length; ++i) {\n          sb.append(Integer.toHexString((array[i] & 0xFF) | 0x100).substring(1,3));\n       }\n        return sb.toString();\n    } catch (java.security.NoSuchAlgorithmException e) {\n    }\n    return null;\n}\n}",
      "covered_code": "PLAN for step by step execution of the given Java program and test case:\n\n1. Class Declaration: Class declaration statement \"public class foo {\" is executed and covered.\n2. Method Declaration: Method declaration \"public String MD5(String md5) {\" is executed when called.\n3. Try Block Execution: The try block is executed. Statement \"try {\" is covered.\n4. MessageDigest Instance: Statement \"java.security.MessageDigest md = java.security.MessageDigest.getInstance(\"MD5\");\" is executed and covered.\n5. Digest Method Call: Statement \"byte[] array = md.digest(md5.getBytes());\" is executed and covered.\n6. StringBuffer Initialization: Statement \"StringBuffer sb = new StringBuffer();\" is executed and covered.\n7. For Loop Execution: The for loop is executed for each byte in the array. Statement \"for (int i = 0; i < array.length; ++i) {\" is covered.\n8. Inside For Loop: Statements inside the for loop are executed for each iteration:\n   - \"sb.append(Integer.toHexString((array[i] & 0xFF) | 0x100).substring(1,3));\" is executed and covered.\n9. Return Statement in Try Block: Statement \"return sb.toString();\" is executed and covered.\n10. Catch Block Execution: The catch block is not executed since no exception is thrown. Statement \"} catch (java.security.NoSuchAlgorithmException e) {\" and its block are not covered.\n11. Return Statement after Catch Block: Statement \"return null;\" is not executed because the try block executes successfully and returns a value.\n12. Closing Brackets: Closing brackets are always covered.\n\nFinal code coverage of the Java program based on its test case and given step-by-step reasoning for execution is:\n\n> public class foo {\n> public String MD5(String md5) {\n>    try {\n>         java.security.MessageDigest md = java.security.MessageDigest.getInstance(\"MD5\");\n>         byte[] array = md.digest(md5.getBytes());\n>         StringBuffer sb = new StringBuffer();\n>         for (int i = 0; i < array.length; ++i) {\n>           sb.append(Integer.toHexString((array[i] & 0xFF) | 0x100).substring(1,3));\n>        }\n>         return sb.toString();\n!     } catch (java.security.NoSuchAlgorithmException e) {\n!     }\n!     return null;\n> }\n> }",
      "test_seed_coverage": [
        ">",
        ">",
        ">",
        ">",
        ">",
        ">",
        ">",
        ">",
        ">",
        ">",
        ">",
        ">",
        ">",
        ">",
        ">"
      ],
      "cumulative_coverage": [
        ">",
        ">",
        ">",
        ">",
        ">",
        ">",
        ">",
        ">",
        ">",
        ">",
        ">",
        ">",
        ">",
        ">",
        ">"
      ]
    },
    {
      "test_case": [
        "Test Case Input:\n\"12345.67\""
      ],
      "test_mutations": [
        "Test Case Input:\n\"12345.67\""
      ],
      "initial_code": "public class foo {\npublic String MD5(String md5) {\n   try {\n        java.security.MessageDigest md = java.security.MessageDigest.getInstance(\"MD5\");\n        byte[] array = md.digest(md5.getBytes());\n        StringBuffer sb = new StringBuffer();\n        for (int i = 0; i < array.length; ++i) {\n          sb.append(Integer.toHexString((array[i] & 0xFF) | 0x100).substring(1,3));\n       }\n        return sb.toString();\n    } catch (java.security.NoSuchAlgorithmException e) {\n    }\n    return null;\n}\n}",
      "covered_code": "Plan for step-by-step execution of the given Java program and test case:\n\n1. Class Declaration: Class declaration statements are executed. Statement `public class foo {` is covered.\n2. MD5 Method Declaration: The method declaration is executed when called. Statement `public String MD5(String md5) {` is covered.\n3. Try Block Execution: Since the MD5 method is called with input \"12345.67\", the try block is executed. Statement `try {` is covered.\n4. MessageDigest Instance: Statement `java.security.MessageDigest md = java.security.MessageDigest.getInstance(\"MD5\");` is covered, as the MessageDigest instance for MD5 is obtained.\n5. Digest Calculation: Statement `byte[] array = md.digest(md5.getBytes());` is covered, as the digest of the input string is calculated.\n6. StringBuffer Initialization: Statement `StringBuffer sb = new StringBuffer();` is covered, as a new StringBuffer is initialized.\n7. For Loop Execution: The for loop iterates over the array length, executing its block. Statement `for (int i = 0; i < array.length; ++i) {` is covered.\n8. Append to StringBuffer: Statement `sb.append(Integer.toHexString((array[i] & 0xFF) | 0x100).substring(1,3));` is covered, as the hexadecimal string of each byte is appended to StringBuffer.\n9. Return Statement in Try Block: Statement `return sb.toString();` is covered, as the resulting MD5 hash string is returned.\n10. Catch Block: The catch block is not executed because no exception occurs. Statement `} catch (java.security.NoSuchAlgorithmException e) {` is not covered.\n11. Return Null: The return null statement after the catch block is not executed. Statement `return null;` is not covered.\n12. Closing Brackets: Always covered.\n\nFinal code coverage of the Java program based on its test case is:\n\n```\n> public class foo {\n> public String MD5(String md5) {\n>    try {\n>         java.security.MessageDigest md = java.security.MessageDigest.getInstance(\"MD5\");\n>         byte[] array = md.digest(md5.getBytes());\n>         StringBuffer sb = new StringBuffer();\n>         for (int i = 0; i < array.length; ++i) {\n>           sb.append(Integer.toHexString((array[i] & 0xFF) | 0x100).substring(1,3));\n>        }\n>         return sb.toString();\n>     } catch (java.security.NoSuchAlgorithmException e) {\n!     }\n!     return null;\n> }\n> }\n```",
      "test_seed_coverage": [
        ">",
        ">",
        ">",
        ">",
        ">",
        ">",
        ">",
        ">",
        ">",
        ">",
        ">",
        ">",
        ">",
        ">",
        ">"
      ],
      "cumulative_coverage": [
        ">",
        ">",
        ">",
        ">",
        ">",
        ">",
        ">",
        ">",
        ">",
        ">",
        ">",
        ">",
        ">",
        ">",
        ">"
      ]
    }
  ]
}