{
    "submission_id": "171450",
    "cycles": [
        {
            "test_case": [
                "Test Case Input:\n\"password123\""
            ],
            "test_mutations": [
                "Test Case Input:\n\"password123\""
            ],
            "initial_code": "public class foo {\npublic void foo(){\nString password = \"123456\";\n    MessageDigest md = MessageDigest.getInstance(\"MD5\");\n    md.update(password.getBytes());\n    byte byteData[] = md.digest();\n    StringBuffer sb = new StringBuffer();\n    for (int i = 0; i < byteData.length; i++)\n        sb.append(Integer.toString((byteData[i] & 0xff) + 0x100, 16).substring(1));\n    System.out.println(\"Digest(in hex format):: \" + sb.toString());\n}\n}",
            "covered_code": "Plan for step by step execution:\n\n1. Class Declaration: The class \"foo\" declaration is executed. Statement \"public class foo {\" is covered.\n2. Method Declaration: The method \"foo\" declaration is executed when called. Statement \"public void foo() {\" is covered.\n3. Variable Initialization: The statement \"String password = '123456';\" is executed.\n4. MessageDigest Instance: The statement \"MessageDigest md = MessageDigest.getInstance('MD5');\" is executed. This line will throw a checked exception (NoSuchAlgorithmException) so it must be handled, but since there's no try-catch block in the code provided, the code will not compile or execute successfully.\n5. Digest Update: The statement \"md.update(password.getBytes());\" is not executed due to the exception that would be thrown in the previous line.\n6. Digest Calculation: The statement \"byte byteData[] = md.digest();\" is not executed due to the exception in step 4.\n7. StringBuffer Initialization: The statement \"StringBuffer sb = new StringBuffer();\" is not executed due to the exception in step 4.\n8. For Loop: The for loop \"for (int i = 0; i < byteData.length; i++)\" is not executed due to the exception in step 4.\n9. Append to StringBuffer: The statement inside the for loop \"sb.append(...);\" is not executed due to the exception in step 4.\n10. Print Statement: The statement \"System.out.println('Digest(in hex format):: ' + sb.toString());\" is not executed due to the exception in step 4.\n11. Closing Brackets: The closing brackets are always covered.\n\nFinal code coverage of the Java program based on its test case and the step-by-step reasoning for execution:\n\n> public class foo {\n> public void foo(){\n> String password = \"123456\";\n!     MessageDigest md = MessageDigest.getInstance(\"MD5\");\n!     md.update(password.getBytes());\n!     byte byteData[] = md.digest();\n!     StringBuffer sb = new StringBuffer();\n!     for (int i = 0; i < byteData.length; i++)\n!         sb.append(Integer.toString((byteData[i] & 0xff) + 0x100, 16).substring(1));\n!     System.out.println(\"Digest(in hex format):: \" + sb.toString());\n> }\n> }",
            "test_seed_coverage": [
                ">",
                ">",
                ">",
                "!",
                "!",
                "!",
                "!",
                "!",
                "!",
                "!",
                ">",
                ">"
            ],
            "cumulative_coverage": [
                ">",
                ">",
                ">",
                "!",
                "!",
                "!",
                "!",
                "!",
                "!",
                "!",
                ">",
                ">"
            ],
            "execution_output": "Enter entry (String):"
        },
        {
            "test_case": [
                "Test Case Input:\nnull"
            ],
            "test_mutations": [
                "Test Case Input:\nnull"
            ],
            "initial_code": "public class foo {\npublic void foo(){\nString password = \"123456\";\n    MessageDigest md = MessageDigest.getInstance(\"MD5\");\n    md.update(password.getBytes());\n    byte byteData[] = md.digest();\n    StringBuffer sb = new StringBuffer();\n    for (int i = 0; i < byteData.length; i++)\n        sb.append(Integer.toString((byteData[i] & 0xff) + 0x100, 16).substring(1));\n    System.out.println(\"Digest(in hex format):: \" + sb.toString());\n}\n}",
            "covered_code": "PLAN for step by step execution of the given Java program:\n\n1. Class Declaration: Class declaration statements are executed. Statement \"public class foo {\" is covered.\n2. Method Declaration: Method declarations are executed when called. The constructor \"public void foo(){\" is covered.\n3. Variable Declaration and Initialization: Statements \"String password = \"123456\";\", \"MessageDigest md = MessageDigest.getInstance(\"MD5\");\", \"md.update(password.getBytes());\", and \"byte byteData[] = md.digest();\" are executed.\n4. StringBuffer Initialization: Statement \"StringBuffer sb = new StringBuffer();\" is executed.\n5. For Loop Execution: Since \"byteData\" is initialized and has a length, the for loop condition (i < byteData.length) is true, and the loop block will be executed. The loop statement \"for (int i = 0; i < byteData.length; i++)\" is covered.\n6. For Loop Contents: The statement \"sb.append(Integer.toString((byteData[i] & 0xff) + 0x100, 16).substring(1));\" is executed for each iteration of the loop.\n7. Output Statement: The statement \"System.out.println(\"Digest(in hex format):: \" + sb.toString());\" is executed.\n8. Closing Brackets: Always covered.\n\nFinal code coverage of the Java program based on its test case and given step by step reasoning for execution is:\n\n> public class foo {\n> public void foo(){\n> String password = \"123456\";\n>     MessageDigest md = MessageDigest.getInstance(\"MD5\");\n>     md.update(password.getBytes());\n>     byte byteData[] = md.digest();\n>     StringBuffer sb = new StringBuffer();\n>     for (int i = 0; i < byteData.length; i++)\n>         sb.append(Integer.toString((byteData[i] & 0xff) + 0x100, 16).substring(1));\n>     System.out.println(\"Digest(in hex format):: \" + sb.toString());\n> }\n> }",
            "test_seed_coverage": [
                ">",
                ">",
                ">",
                ">",
                ">",
                ">",
                ">",
                ">",
                ">",
                ">",
                ">",
                ">"
            ],
            "cumulative_coverage": [
                ">",
                ">",
                ">",
                ">",
                ">",
                ">",
                ">",
                ">",
                ">",
                ">",
                ">",
                ">"
            ],
            "execution_output": "Enter entry (String):"
        },
        {
            "test_case": [
                "Test Case Input:\n\"abc123\""
            ],
            "test_mutations": [
                "Test Case Input:\n\"abc123\""
            ],
            "initial_code": "public class foo {\npublic void foo(){\nString password = \"123456\";\n    MessageDigest md = MessageDigest.getInstance(\"MD5\");\n    md.update(password.getBytes());\n    byte byteData[] = md.digest();\n    StringBuffer sb = new StringBuffer();\n    for (int i = 0; i < byteData.length; i++)\n        sb.append(Integer.toString((byteData[i] & 0xff) + 0x100, 16).substring(1));\n    System.out.println(\"Digest(in hex format):: \" + sb.toString());\n}\n}",
            "covered_code": "PLAN for step by step execution of the given Java program and test case:\n\n1. Class Declaration: Class declaration statement \"public class foo {\" is executed and covered.\n\n2. Method Declaration: Method declaration \"public void foo() {\" is executed when called. It is covered when the method is invoked.\n\n3. Variable Declaration and Initialization: The variable \"String password = '123456';\" is executed and covered because it is initialized with a value.\n\n4. MessageDigest Instance: The statement \"MessageDigest md = MessageDigest.getInstance('MD5');\" is executed and covered when the method is invoked to create an instance of MessageDigest using \"MD5\".\n\n5. Update Method: The statement \"md.update(password.getBytes());\" is executed and covered as it updates the MessageDigest with the byte representation of the password.\n\n6. Digest Calculation: The statement \"byte byteData[] = md.digest();\" is executed and covered to calculate the message digest.\n\n7. StringBuffer Initialization: The statement \"StringBuffer sb = new StringBuffer();\" is executed and covered as it initializes a StringBuffer to accumulate the hex representation of the digest.\n\n8. For Loop Execution: The loop \"for (int i = 0; i < byteData.length; i++)\" is executed and covered as it iterates over the byteData array to convert each byte to hex.\n\n9. Append Method: The statement \"sb.append(Integer.toString((byteData[i] & 0xff) + 0x100, 16).substring(1));\" inside the loop is executed and covered for each byte in byteData to append its hex representation to the StringBuffer.\n\n10. Output Statement: The statement \"System.out.println('Digest(in hex format):: ' + sb.toString());\" is executed and covered to print the resulting digest in hex format.\n\nFinal code coverage of the Java program based on its test case and given step-by-step reasoning for execution is:\n\n```\n> public class foo {\n> public void foo(){\n> String password = \"123456\";\n>     MessageDigest md = MessageDigest.getInstance(\"MD5\");\n>     md.update(password.getBytes());\n>     byte byteData[] = md.digest();\n>     StringBuffer sb = new StringBuffer();\n>     for (int i = 0; i < byteData.length; i++)\n>         sb.append(Integer.toString((byteData[i] & 0xff) + 0x100, 16).substring(1));\n>     System.out.println(\"Digest(in hex format):: \" + sb.toString());\n> }\n> }\n```",
            "test_seed_coverage": [
                ">",
                ">",
                ">",
                ">",
                ">",
                ">",
                ">",
                ">",
                ">",
                ">",
                ">",
                ">"
            ],
            "cumulative_coverage": [
                ">",
                ">",
                ">",
                ">",
                ">",
                ">",
                ">",
                ">",
                ">",
                ">",
                ">",
                ">"
            ],
            "execution_output": "Enter entry (String):"
        },
        {
            "test_case": [
                "Test Case Input:\n\"123456\""
            ],
            "test_mutations": [
                "Test Case Input:\n\"123456\""
            ],
            "initial_code": "public class foo {\npublic void foo(){\nString password = \"123456\";\n    MessageDigest md = MessageDigest.getInstance(\"MD5\");\n    md.update(password.getBytes());\n    byte byteData[] = md.digest();\n    StringBuffer sb = new StringBuffer();\n    for (int i = 0; i < byteData.length; i++)\n        sb.append(Integer.toString((byteData[i] & 0xff) + 0x100, 16).substring(1));\n    System.out.println(\"Digest(in hex format):: \" + sb.toString());\n}\n}",
            "covered_code": "PLAN for step by step execution of the given Java program and test case:\n\n1. Class Declaration: The class \"foo\" is declared; however, the class declaration itself does not execute any code. Covered.\n2. Method Declaration: The method \"foo\" is declared within the class; the declaration is not executed unless the method is called explicitly. Not covered.\n3. Variable Initialization: The variable \"password\" is initialized to the string \"123456\". This line will be executed when the method \"foo\" is called. Not covered.\n4. MessageDigest Initialization: The MessageDigest instance \"md\" is initialized with the MD5 algorithm. This line will be executed when the method \"foo\" is called. Not covered.\n5. Update Digest: The method \"md.update\" is called with the byte array of the password. This line will be executed when the method \"foo\" is called. Not covered.\n6. Digest Computation: The method \"md.digest()\" is called to compute the message digest. This line will be executed when the method \"foo\" is called. Not covered.\n7. StringBuffer Initialization: A new StringBuffer \"sb\" is initialized. This line will be executed when the method \"foo\" is called. Not covered.\n8. For Loop Execution: The for loop iterates over the byteData array. Each iteration appends to the StringBuffer. This line will be executed when the method \"foo\" is called. Not covered.\n9. Print Statement: The resulting digest is printed to standard output. This line will be executed when the method \"foo\" is called. Not covered.\n\nFinal code coverage of the Java program based on its test case and step-by-step reasoning for execution is:\n\n! public class foo {\n! public void foo(){\n! String password = \"123456\";\n!     MessageDigest md = MessageDigest.getInstance(\"MD5\");\n!     md.update(password.getBytes());\n!     byte byteData[] = md.digest();\n!     StringBuffer sb = new StringBuffer();\n!     for (int i = 0; i < byteData.length; i++)\n!         sb.append(Integer.toString((byteData[i] & 0xff) + 0x100, 16).substring(1));\n!     System.out.println(\"Digest(in hex format):: \" + sb.toString());\n! }\n! }",
            "test_seed_coverage": [
                ">",
                ">",
                ">",
                ">",
                ">",
                ">",
                ">",
                ">",
                ">",
                ">",
                ">",
                ">"
            ],
            "cumulative_coverage": [
                ">",
                ">",
                ">",
                ">",
                ">",
                ">",
                ">",
                ">",
                ">",
                ">",
                ">",
                ">"
            ],
            "execution_output": "Enter entry (String):"
        },
        {
            "test_case": [
                "Test Case Input:\n1 / 0"
            ],
            "test_mutations": [
                "Test Case Input:\n1 / 0"
            ],
            "initial_code": "public class foo {\npublic void foo(){\nString password = \"123456\";\n    MessageDigest md = MessageDigest.getInstance(\"MD5\");\n    md.update(password.getBytes());\n    byte byteData[] = md.digest();\n    StringBuffer sb = new StringBuffer();\n    for (int i = 0; i < byteData.length; i++)\n        sb.append(Integer.toString((byteData[i] & 0xff) + 0x100, 16).substring(1));\n    System.out.println(\"Digest(in hex format):: \" + sb.toString());\n}\n}",
            "covered_code": "Plan for step-by-step execution of the given Java program and test case:\n\n1. Class Declaration: The class `foo` is declared. Statement `public class foo {` is covered.\n2. Method Declaration: The method `foo` is declared. Statement `public void foo(){` is covered.\n3. Variable Initialization: Statement `String password = \"123456\";` is covered.\n4. MessageDigest Initialization: The statement `MessageDigest md = MessageDigest.getInstance(\"MD5\");` would normally be executed, but since this code will throw a `NoSuchAlgorithmException`, the execution will not proceed beyond this point.\n5. Subsequent Statements in Method: Due to the exception thrown in the above step, the following statements will not be executed:\n   - `md.update(password.getBytes());`\n   - `byte byteData[] = md.digest();`\n   - `StringBuffer sb = new StringBuffer();`\n   - The `for` loop and its contents.\n   - `System.out.println(\"Digest(in hex format):: \" + sb.toString());`\n6. Closing Brackets: Always covered.\n\nFinal code coverage of the Java program based on its test case and given step-by-step reasoning for execution is:\n\n> public class foo {\n> public void foo(){\n> String password = \"123456\";\n! MessageDigest md = MessageDigest.getInstance(\"MD5\");\n! md.update(password.getBytes());\n! byte byteData[] = md.digest();\n! StringBuffer sb = new StringBuffer();\n! for (int i = 0; i < byteData.length; i++)\n! sb.append(Integer.toString((byteData[i] & 0xff) + 0x100, 16).substring(1));\n! System.out.println(\"Digest(in hex format):: \" + sb.toString());\n> }\n> }",
            "test_seed_coverage": [
                ">",
                ">",
                ">",
                ">",
                ">",
                ">",
                ">",
                ">",
                ">",
                ">",
                ">",
                ">"
            ],
            "cumulative_coverage": [
                ">",
                ">",
                ">",
                ">",
                ">",
                ">",
                ">",
                ">",
                ">",
                ">",
                ">",
                ">"
            ],
            "execution_output": "Enter entry (String):"
        },
        {
            "test_case": [
                "Test Case Input:\n100 / 0"
            ],
            "test_mutations": [
                "Test Case Input:\n100 / 0"
            ],
            "initial_code": "public class foo {\npublic void foo(){\nString password = \"123456\";\n    MessageDigest md = MessageDigest.getInstance(\"MD5\");\n    md.update(password.getBytes());\n    byte byteData[] = md.digest();\n    StringBuffer sb = new StringBuffer();\n    for (int i = 0; i < byteData.length; i++)\n        sb.append(Integer.toString((byteData[i] & 0xff) + 0x100, 16).substring(1));\n    System.out.println(\"Digest(in hex format):: \" + sb.toString());\n}\n}",
            "covered_code": "PLAN for step-by-step execution of the given Java program and test case:\n\n1. Import statements: There are no import statements in the given code, so this step is not applicable.\n2. Class Declaration: The class declaration is executed. The statement \"public class foo {\" is covered.\n3. Method Declaration: The method declaration is executed when called. The statement \"public void foo() {\" is covered.\n4. Variable Declaration and Initialization: The password variable is initialized. The statement \"String password = \"123456\";\" is covered.\n5. MessageDigest Initialization: This step involves creating an instance of MessageDigest. The statement \"MessageDigest md = MessageDigest.getInstance(\"MD5\");\" is covered.\n6. MessageDigest Update: The password bytes are updated in the MessageDigest. The statement \"md.update(password.getBytes());\" is covered.\n7. MessageDigest Digest Calculation: The digest is calculated. The statement \"byte byteData[] = md.digest();\" is covered.\n8. StringBuffer Initialization: A new StringBuffer is initialized. The statement \"StringBuffer sb = new StringBuffer();\" is covered.\n9. For Loop Execution: The for loop is executed for each byte in byteData. The statement \"for (int i = 0; i < byteData.length; i++)\" is covered.\n10. StringBuffer Append: The byte data is converted to a hex string and appended to the StringBuffer. The statement \"sb.append(Integer.toString((byteData[i] & 0xff) + 0x100, 16).substring(1));\" is covered.\n11. Output Statement: The digest in hex format is printed. The statement \"System.out.println(\"Digest(in hex format):: \" + sb.toString());\" is covered.\n12. Closing Brackets: Always covered.\n\nFinal code coverage of the Java program based on its test case and given step-by-step reasoning for execution is:\n\n```\n> public class foo {\n> public void foo(){\n> String password = \"123456\";\n>     MessageDigest md = MessageDigest.getInstance(\"MD5\");\n>     md.update(password.getBytes());\n>     byte byteData[] = md.digest();\n>     StringBuffer sb = new StringBuffer();\n>     for (int i = 0; i < byteData.length; i++)\n>         sb.append(Integer.toString((byteData[i] & 0xff) + 0x100, 16).substring(1));\n>     System.out.println(\"Digest(in hex format):: \" + sb.toString());\n> }\n> }\n```",
            "test_seed_coverage": [
                ">",
                ">",
                ">",
                ">",
                ">",
                ">",
                ">",
                ">",
                ">",
                ">",
                ">",
                ">"
            ],
            "cumulative_coverage": [
                ">",
                ">",
                ">",
                ">",
                ">",
                ">",
                ">",
                ">",
                ">",
                ">",
                ">",
                ">"
            ],
            "execution_output": "Enter entry (String):"
        },
        {
            "test_case": [
                "Test Case Input:\n5 / 0"
            ],
            "test_mutations": [
                "Test Case Input:\n5 / 0"
            ],
            "initial_code": "public class foo {\npublic void foo(){\nString password = \"123456\";\n    MessageDigest md = MessageDigest.getInstance(\"MD5\");\n    md.update(password.getBytes());\n    byte byteData[] = md.digest();\n    StringBuffer sb = new StringBuffer();\n    for (int i = 0; i < byteData.length; i++)\n        sb.append(Integer.toString((byteData[i] & 0xff) + 0x100, 16).substring(1));\n    System.out.println(\"Digest(in hex format):: \" + sb.toString());\n}\n}",
            "covered_code": "PLAN for step by step execution of the given Java program and test case-\n\n1. Class Declaration: Class declaration statements are executed. Statement \"public class foo {\" is covered.\n2. Method Declaration: Method declarations are executed when called. The constructor method \"public void foo(){\" is covered.\n3. Variable Initialization: The statement \"String password = \"123456\";\" is executed and covered.\n4. MessageDigest Initialization: The statement \"MessageDigest md = MessageDigest.getInstance(\"MD5\");\" is executed and covered.\n5. MessageDigest Update: The statement \"md.update(password.getBytes());\" is executed and covered.\n6. Digest Calculation: The statement \"byte byteData[] = md.digest();\" is executed and covered.\n7. StringBuffer Initialization: The statement \"StringBuffer sb = new StringBuffer();\" is executed and covered.\n8. For Loop Execution: The for loop condition is true and the loop block will be executed. Statement \"for (int i = 0; i < byteData.length; i++)\" is covered.\n9. Loop Body Execution: The statement \"sb.append(Integer.toString((byteData[i] & 0xff) + 0x100, 16).substring(1));\" is executed for each iteration of the loop and covered.\n10. Output Statement: The statement \"System.out.println(\"Digest(in hex format):: \" + sb.toString());\" is executed and covered.\n11. Closing Brackets: Always covered.\n\nFinal code coverage of the Java program based on its test case and given step by step reasoning for execution is:\n\n> public class foo {\n> public void foo(){\n> String password = \"123456\";\n>     MessageDigest md = MessageDigest.getInstance(\"MD5\");\n>     md.update(password.getBytes());\n>     byte byteData[] = md.digest();\n>     StringBuffer sb = new StringBuffer();\n>     for (int i = 0; i < byteData.length; i++)\n>         sb.append(Integer.toString((byteData[i] & 0xff) + 0x100, 16).substring(1));\n>     System.out.println(\"Digest(in hex format):: \" + sb.toString());\n> }\n> }",
            "test_seed_coverage": [
                ">",
                ">",
                ">",
                ">",
                ">",
                ">",
                ">",
                ">",
                ">",
                ">",
                ">",
                ">"
            ],
            "cumulative_coverage": [
                ">",
                ">",
                ">",
                ">",
                ">",
                ">",
                ">",
                ">",
                ">",
                ">",
                ">",
                ">"
            ],
            "execution_output": "Enter entry (String):"
        },
        {
            "test_case": [
                "Test Case Input:\nnew int[5][5][5][5]"
            ],
            "test_mutations": [
                "Test Case Input:\nnew int[5][5][5][5]"
            ],
            "initial_code": "public class foo {\npublic void foo(){\nString password = \"123456\";\n    MessageDigest md = MessageDigest.getInstance(\"MD5\");\n    md.update(password.getBytes());\n    byte byteData[] = md.digest();\n    StringBuffer sb = new StringBuffer();\n    for (int i = 0; i < byteData.length; i++)\n        sb.append(Integer.toString((byteData[i] & 0xff) + 0x100, 16).substring(1));\n    System.out.println(\"Digest(in hex format):: \" + sb.toString());\n}\n}",
            "covered_code": "PLAN for step by step execution of the given Java program and test case:\n1. Class Declaration: Class declaration statements are executed. Statement \"public class foo {\" is covered.\n2. Method Declaration: Method declaration statements are executed when called. The foo method is not executed as there is no call to the method in the test case. Statement \"public void foo(){\" is not covered.\n3. Variable Declaration and Initialization: Statements within the foo method are not executed as the method is never called. Therefore, none of the statements inside the method are covered.\n4. Closing Brackets: Always covered.\n\nFinal code coverage of the Java program based on the test case and the given step-by-step reasoning for execution is:\n> public class foo {\n! public void foo(){\n! String password = \"123456\";\n!     MessageDigest md = MessageDigest.getInstance(\"MD5\");\n!     md.update(password.getBytes());\n!     byte byteData[] = md.digest();\n!     StringBuffer sb = new StringBuffer();\n!     for (int i = 0; i < byteData.length; i++)\n!         sb.append(Integer.toString((byteData[i] & 0xff) + 0x100, 16).substring(1));\n!     System.out.println(\"Digest(in hex format):: \" + sb.toString());\n! }\n> }",
            "test_seed_coverage": [
                ">",
                ">",
                ">",
                ">",
                ">",
                ">",
                ">",
                ">",
                ">",
                ">",
                ">",
                ">"
            ],
            "cumulative_coverage": [
                ">",
                ">",
                ">",
                ">",
                ">",
                ">",
                ">",
                ">",
                ">",
                ">",
                ">",
                ">"
            ],
            "execution_output": "Enter entry (String):"
        },
        {
            "test_case": [
                "Test Case Input:\n-1 / 0"
            ],
            "test_mutations": [
                "Test Case Input:\n-1 / 0"
            ],
            "initial_code": "public class foo {\npublic void foo(){\nString password = \"123456\";\n    MessageDigest md = MessageDigest.getInstance(\"MD5\");\n    md.update(password.getBytes());\n    byte byteData[] = md.digest();\n    StringBuffer sb = new StringBuffer();\n    for (int i = 0; i < byteData.length; i++)\n        sb.append(Integer.toString((byteData[i] & 0xff) + 0x100, 16).substring(1));\n    System.out.println(\"Digest(in hex format):: \" + sb.toString());\n}\n}",
            "covered_code": "PLAN for step by step execution of the given Java program and test case:\n\n1. Class Declaration: The class `foo` is declared. Statement `public class foo {` is covered.\n\n2. Method Declaration: The method `foo` is declared. Statement `public void foo(){` is covered.\n\n3. Password Assignment: The string `password` is assigned the value `\"123456\"`. Statement `String password = \"123456\";` is covered.\n\n4. MessageDigest Instance: An instance of `MessageDigest` is attempted to be created. Statement `MessageDigest md = MessageDigest.getInstance(\"MD5\");` is not covered because this line will throw a `NoSuchAlgorithmException` if not properly handled.\n\n5. Update Digest: This statement will not be reached due to the exception in the previous step. Statement `md.update(password.getBytes());` is not covered.\n\n6. Digest Calculation: This statement will not be reached. Statement `byte byteData[] = md.digest();` is not covered.\n\n7. StringBuffer Declaration: This statement will not be reached. Statement `StringBuffer sb = new StringBuffer();` is not covered.\n\n8. For Loop: The for loop will not be executed. Statement `for (int i = 0; i < byteData.length; i++)` is not covered.\n\n9. Append to StringBuffer: This statement will not be reached. Statement `sb.append(Integer.toString((byteData[i] & 0xff) + 0x100, 16).substring(1));` is not covered.\n\n10. Print Statement: This statement will not be reached. Statement `System.out.println(\"Digest(in hex format):: \" + sb.toString());` is not covered.\n\n11. Closing Brackets: Closing brackets are always covered.\n\nFinal code coverage of the Java program based on its test case and given step by step reasoning for execution is:\n\n> public class foo {\n> public void foo(){\n> String password = \"123456\";\n! MessageDigest md = MessageDigest.getInstance(\"MD5\");\n! md.update(password.getBytes());\n! byte byteData[] = md.digest();\n! StringBuffer sb = new StringBuffer();\n! for (int i = 0; i < byteData.length; i++)\n! sb.append(Integer.toString((byteData[i] & 0xff) + 0x100, 16).substring(1));\n! System.out.println(\"Digest(in hex format):: \" + sb.toString());\n> }\n> }",
            "test_seed_coverage": [
                ">",
                ">",
                ">",
                ">",
                ">",
                ">",
                ">",
                ">",
                ">",
                ">",
                ">",
                ">"
            ],
            "cumulative_coverage": [
                ">",
                ">",
                ">",
                ">",
                ">",
                ">",
                ">",
                ">",
                ">",
                ">",
                ">",
                ">"
            ],
            "execution_output": "Enter entry (String):"
        },
        {
            "test_case": [
                "Test Case Input:\n\"Hello\""
            ],
            "test_mutations": [
                "Test Case Input:\n\"Hello\""
            ],
            "initial_code": "public class foo {\npublic void foo(){\nString password = \"123456\";\n    MessageDigest md = MessageDigest.getInstance(\"MD5\");\n    md.update(password.getBytes());\n    byte byteData[] = md.digest();\n    StringBuffer sb = new StringBuffer();\n    for (int i = 0; i < byteData.length; i++)\n        sb.append(Integer.toString((byteData[i] & 0xff) + 0x100, 16).substring(1));\n    System.out.println(\"Digest(in hex format):: \" + sb.toString());\n}\n}",
            "covered_code": "Plan for step by step execution of the given Java program and test case:\n\n1. Class Declaration: The class declaration statement \"public class foo\" is executed.\n2. Method Declaration: The method declaration for \"public void foo()\" is executed when the method is called.\n3. String Initialization: The string \"password\" is initialized with the value \"123456\".\n4. MessageDigest Instance Creation: The \"MessageDigest.getInstance(\"MD5\")\" line is executed to create an instance of MessageDigest.\n5. Update Digest: The line \"md.update(password.getBytes())\" is executed to update the digest with the byte representation of the password.\n6. Digest Calculation: The line \"byte byteData[] = md.digest()\" is executed to calculate the digest.\n7. StringBuffer Initialization: The \"StringBuffer sb = new StringBuffer()\" line is executed to initialize a StringBuffer.\n8. For Loop Execution: The for loop \"for (int i = 0; i < byteData.length; i++)\" is executed to iterate over the byte array.\n9. Append to StringBuffer: The line \"sb.append(Integer.toString((byteData[i] & 0xff) + 0x100, 16).substring(1))\" is executed within the for loop to append the formatted byte to the StringBuffer.\n10. Print Result: The line \"System.out.println(\"Digest(in hex format):: \" + sb.toString())\" is executed to print the result.\n\nFinal code coverage of the Java program based on its test case and given step by step reasoning for execution is:\n\n> public class foo {\n> public void foo(){\n> String password = \"123456\";\n!     MessageDigest md = MessageDigest.getInstance(\"MD5\");\n!     md.update(password.getBytes());\n!     byte byteData[] = md.digest();\n!     StringBuffer sb = new StringBuffer();\n!     for (int i = 0; i < byteData.length; i++)\n!         sb.append(Integer.toString((byteData[i] & 0xff) + 0x100, 16).substring(1));\n!     System.out.println(\"Digest(in hex format):: \" + sb.toString());\n> }\n> }",
            "test_seed_coverage": [
                ">",
                ">",
                ">",
                ">",
                ">",
                ">",
                ">",
                ">",
                ">",
                ">",
                ">",
                ">"
            ],
            "cumulative_coverage": [
                ">",
                ">",
                ">",
                ">",
                ">",
                ">",
                ">",
                ">",
                ">",
                ">",
                ">",
                ">"
            ],
            "execution_output": "Enter entry (String):"
        },
        {
            "test_case": [
                "Test Case Input:\nnew int[10]"
            ],
            "test_mutations": [
                "Test Case Input:\nnew int[10]"
            ],
            "initial_code": "public class foo {\npublic void foo(){\nString password = \"123456\";\n    MessageDigest md = MessageDigest.getInstance(\"MD5\");\n    md.update(password.getBytes());\n    byte byteData[] = md.digest();\n    StringBuffer sb = new StringBuffer();\n    for (int i = 0; i < byteData.length; i++)\n        sb.append(Integer.toString((byteData[i] & 0xff) + 0x100, 16).substring(1));\n    System.out.println(\"Digest(in hex format):: \" + sb.toString());\n}\n}",
            "covered_code": "PLAN for step by step execution of the given Java program and test case:\n\n1. Class Declaration: The class declaration is executed. The statement \"public class foo {\" is covered.\n2. Method Declaration: Method declarations are executed when called. The statement \"public void foo(){\" is covered when the method `foo` is called.\n3. Variable Initialization: The initialization of the variable `String password = \"123456\";` is executed.\n4. MessageDigest Initialization: The statement `MessageDigest md = MessageDigest.getInstance(\"MD5\");` is executed to create an instance of MessageDigest using MD5.\n5. Update MessageDigest: The statement `md.update(password.getBytes());` is executed to update the digest using the bytes of the password.\n6. Generate Digest: The statement `byte byteData[] = md.digest();` is executed to compute the digest.\n7. StringBuffer Initialization: The statement `StringBuffer sb = new StringBuffer();` is executed to create a StringBuffer.\n8. For Loop Execution: The for loop `for (int i = 0; i < byteData.length; i++)` is executed for each byte in the `byteData` array.\n9. Append to StringBuffer: Inside the loop, the statement `sb.append(Integer.toString((byteData[i] & 0xff) + 0x100, 16).substring(1));` is executed for each byte, appending the hexadecimal representation to the StringBuffer.\n10. Print Digest: The statement `System.out.println(\"Digest(in hex format):: \" + sb.toString());` is executed to print the digest in hexadecimal format.\n11. Closing Brackets: Always covered.\n\nFinal code coverage for the Java program based on the given test case:\n\n> public class foo {\n> public void foo(){\n> String password = \"123456\";\n>     MessageDigest md = MessageDigest.getInstance(\"MD5\");\n>     md.update(password.getBytes());\n>     byte byteData[] = md.digest();\n>     StringBuffer sb = new StringBuffer();\n>     for (int i = 0; i < byteData.length; i++)\n>         sb.append(Integer.toString((byteData[i] & 0xff) + 0x100, 16).substring(1));\n>     System.out.println(\"Digest(in hex format):: \" + sb.toString());\n> }\n> }",
            "test_seed_coverage": [
                ">",
                ">",
                ">",
                ">",
                ">",
                ">",
                ">",
                ">",
                ">",
                ">",
                ">",
                ">"
            ],
            "cumulative_coverage": [
                ">",
                ">",
                ">",
                ">",
                ">",
                ">",
                ">",
                ">",
                ">",
                ">",
                ">",
                ">"
            ],
            "execution_output": "Enter entry (String):"
        },
        {
            "test_case": [
                "Test Case Input:\nnew int[-5]"
            ],
            "test_mutations": [
                "Test Case Input:\nnew int[-5]"
            ],
            "initial_code": "public class foo {\npublic void foo(){\nString password = \"123456\";\n    MessageDigest md = MessageDigest.getInstance(\"MD5\");\n    md.update(password.getBytes());\n    byte byteData[] = md.digest();\n    StringBuffer sb = new StringBuffer();\n    for (int i = 0; i < byteData.length; i++)\n        sb.append(Integer.toString((byteData[i] & 0xff) + 0x100, 16).substring(1));\n    System.out.println(\"Digest(in hex format):: \" + sb.toString());\n}\n}",
            "covered_code": "Plan for step-by-step execution:\n\n1. foo Class Declaration: Class declaration statements are executed. Statement \"public class foo {\" is covered.\n2. foo Method Declaration: Method declarations are executed when called. Statement \"public void foo() {\" is covered.\n3. Password Initialization: Statement \"String password = \"123456\";\" is covered.\n4. MessageDigest Initialization: The initialization statement \"MessageDigest md = MessageDigest.getInstance(\"MD5\");\" will not be covered because it will throw a NoSuchAlgorithmException, which is not handled in this code.\n5. Update MessageDigest: The statement \"md.update(password.getBytes());\" is not covered due to the exception thrown earlier.\n6. Digest Calculation: The statement \"byte byteData[] = md.digest();\" is not covered due to the exception.\n7. StringBuffer Initialization: The statement \"StringBuffer sb = new StringBuffer();\" is not covered due to the exception.\n8. For Loop Execution: The statement \"for (int i = 0; i < byteData.length; i++)\" is not covered due to the exception.\n9. Append to StringBuffer: The statement \"sb.append(Integer.toString((byteData[i] & 0xff) + 0x100, 16).substring(1));\" is not covered due to the exception.\n10. Print Output: The statement \"System.out.println(\"Digest(in hex format):: \" + sb.toString());\" is not covered due to the exception.\n11. Closing Brackets: Always covered.\n\nFinal code coverage of the Java program based on its test case and given step-by-step reasoning for execution is:\n\n```\n> public class foo {\n> public void foo(){\n> String password = \"123456\";\n!    MessageDigest md = MessageDigest.getInstance(\"MD5\");\n!    md.update(password.getBytes());\n!    byte byteData[] = md.digest();\n!    StringBuffer sb = new StringBuffer();\n!    for (int i = 0; i < byteData.length; i++)\n!        sb.append(Integer.toString((byteData[i] & 0xff) + 0x100, 16).substring(1));\n!    System.out.println(\"Digest(in hex format):: \" + sb.toString());\n> }\n> }\n```",
            "test_seed_coverage": [
                ">",
                ">",
                ">",
                ">",
                ">",
                ">",
                ">",
                ">",
                ">",
                ">",
                ">",
                ">"
            ],
            "cumulative_coverage": [
                ">",
                ">",
                ">",
                ">",
                ">",
                ">",
                ">",
                ">",
                ">",
                ">",
                ">",
                ">"
            ],
            "execution_output": "Enter entry (String):"
        },
        {
            "test_case": [
                "Test Case Input:\n0 / 0"
            ],
            "test_mutations": [
                "Test Case Input:\n0 / 0"
            ],
            "initial_code": "public class foo {\npublic void foo(){\nString password = \"123456\";\n    MessageDigest md = MessageDigest.getInstance(\"MD5\");\n    md.update(password.getBytes());\n    byte byteData[] = md.digest();\n    StringBuffer sb = new StringBuffer();\n    for (int i = 0; i < byteData.length; i++)\n        sb.append(Integer.toString((byteData[i] & 0xff) + 0x100, 16).substring(1));\n    System.out.println(\"Digest(in hex format):: \" + sb.toString());\n}\n}",
            "covered_code": "Plan for step by step execution of the given Java program and test case:\n\n1. Class Declaration: The class declaration \"public class foo\" is covered.\n2. Method Declaration: The method declaration \"public void foo()\" is covered.\n3. String Initialization: The statement \"String password = '123456';\" is covered.\n4. MessageDigest Initialization: Invocation of the method \"MessageDigest.getInstance('MD5')\" may throw a NoSuchAlgorithmException, which is unchecked in the given code. However, for this test case, assume it does not occur, and thus the statement is covered.\n5. Update MessageDigest: The statement \"md.update(password.getBytes());\" is covered.\n6. Digest Calculation: The statement \"byte byteData[] = md.digest();\" is covered.\n7. StringBuffer Initialization: The statement \"StringBuffer sb = new StringBuffer();\" is covered.\n8. For Loop Execution: The for loop \"for (int i = 0; i < byteData.length; i++)\" is executed, covering the loop header.\n9. Loop Contents Execution: The statement \"sb.append(Integer.toString((byteData[i] & 0xff) + 0x100, 16).substring(1));\" is covered for each iteration.\n10. Print Statement: The statement \"System.out.println('Digest(in hex format):: ' + sb.toString());\" is covered.\n\nFinal code coverage of the Java program based on its test case and given step-by-step reasoning for execution is:\n\n```\n> public class foo {\n> public void foo(){\n> String password = \"123456\";\n>     MessageDigest md = MessageDigest.getInstance(\"MD5\");\n>     md.update(password.getBytes());\n>     byte byteData[] = md.digest();\n>     StringBuffer sb = new StringBuffer();\n>     for (int i = 0; i < byteData.length; i++)\n>         sb.append(Integer.toString((byteData[i] & 0xff) + 0x100, 16).substring(1));\n>     System.out.println(\"Digest(in hex format):: \" + sb.toString());\n> }\n> }\n```",
            "test_seed_coverage": [
                ">",
                ">",
                ">",
                ">",
                ">",
                ">",
                ">",
                ">",
                ">",
                ">",
                ">",
                ">"
            ],
            "cumulative_coverage": [
                ">",
                ">",
                ">",
                ">",
                ">",
                ">",
                ">",
                ">",
                ">",
                ">",
                ">",
                ">"
            ],
            "execution_output": "Enter entry (String):"
        },
        {
            "test_case": [
                "Test Case Input:\n\"password\""
            ],
            "test_mutations": [
                "Test Case Input:\n\"password\""
            ],
            "initial_code": "public class foo {\npublic void foo(){\nString password = \"123456\";\n    MessageDigest md = MessageDigest.getInstance(\"MD5\");\n    md.update(password.getBytes());\n    byte byteData[] = md.digest();\n    StringBuffer sb = new StringBuffer();\n    for (int i = 0; i < byteData.length; i++)\n        sb.append(Integer.toString((byteData[i] & 0xff) + 0x100, 16).substring(1));\n    System.out.println(\"Digest(in hex format):: \" + sb.toString());\n}\n}",
            "covered_code": "Plan for step-by-step execution of the given Java program and test case:\n\n1. Class Declaration: The class declaration is executed. Statement `public class foo {` is covered.\n\n2. Method Declaration: The method `foo` is executed when called. Statement `public void foo(){` is covered.\n\n3. Variable Declaration and Initialization: The variable `String password = \"123456\";` is executed.\n\n4. MessageDigest Instance Creation: Statement `MessageDigest md = MessageDigest.getInstance(\"MD5\");` is covered.\n\n5. MessageDigest Update: Statement `md.update(password.getBytes());` is covered.\n\n6. Digest Calculation: Statement `byte byteData[] = md.digest();` is covered.\n\n7. StringBuffer Declaration: Statement `StringBuffer sb = new StringBuffer();` is covered.\n\n8. For Loop Execution: The for loop iterates over the `byteData` array. Statement `for (int i = 0; i < byteData.length; i++)` is covered.\n\n9. Loop Body Execution: The loop body `sb.append(Integer.toString((byteData[i] & 0xff) + 0x100, 16).substring(1));` is executed for each element in `byteData`.\n\n10. Print Statement Execution: Statement `System.out.println(\"Digest(in hex format):: \" + sb.toString());` is covered.\n\n11. Closing Brackets: Always covered.\n\nFinal code coverage of the Java program based on its test case and given step-by-step reasoning for execution is:\n\n> public class foo {\n> public void foo(){\n> String password = \"123456\";\n>     MessageDigest md = MessageDigest.getInstance(\"MD5\");\n>     md.update(password.getBytes());\n>     byte byteData[] = md.digest();\n>     StringBuffer sb = new StringBuffer();\n>     for (int i = 0; i < byteData.length; i++)\n>         sb.append(Integer.toString((byteData[i] & 0xff) + 0x100, 16).substring(1));\n>     System.out.println(\"Digest(in hex format):: \" + sb.toString());\n> }\n> }",
            "test_seed_coverage": [
                ">",
                ">",
                ">",
                ">",
                ">",
                ">",
                ">",
                ">",
                ">",
                ">",
                ">",
                ">"
            ],
            "cumulative_coverage": [
                ">",
                ">",
                ">",
                ">",
                ">",
                ">",
                ">",
                ">",
                ">",
                ">",
                ">",
                ">"
            ],
            "execution_output": "Enter entry (String):"
        },
        {
            "test_case": [
                "Test Case Input:\n\"123abc\""
            ],
            "test_mutations": [
                "Test Case Input:\n\"123abc\""
            ],
            "initial_code": "public class foo {\npublic void foo(){\nString password = \"123456\";\n    MessageDigest md = MessageDigest.getInstance(\"MD5\");\n    md.update(password.getBytes());\n    byte byteData[] = md.digest();\n    StringBuffer sb = new StringBuffer();\n    for (int i = 0; i < byteData.length; i++)\n        sb.append(Integer.toString((byteData[i] & 0xff) + 0x100, 16).substring(1));\n    System.out.println(\"Digest(in hex format):: \" + sb.toString());\n}\n}",
            "covered_code": "Plan for step by step execution of the given Java program and test case:\n\n1. Class Declaration: The class `foo` is declared. The statement `public class foo {` is covered.\n\n2. Method Declaration: The constructor `foo()` is declared. The statement `public void foo(){` is covered.\n\n3. String Initialization: The statement `String password = \"123456\";` is covered.\n\n4. MessageDigest Initialization: The statement `MessageDigest md = MessageDigest.getInstance(\"MD5\");` throws a `NoSuchAlgorithmException`, which needs to be handled. However, since the test case is not related to execution but input, this statement would be covered if executed.\n\n5. Update MessageDigest: The statement `md.update(password.getBytes());` would be covered if the previous line executed successfully.\n\n6. Digest Computation: The statement `byte byteData[] = md.digest();` would be covered if the previous lines executed successfully.\n\n7. StringBuffer Initialization: The statement `StringBuffer sb = new StringBuffer();` would be covered if the previous lines executed successfully.\n\n8. For Loop Execution: The loop `for (int i = 0; i < byteData.length; i++)` would be covered if the previous lines executed successfully.\n\n9. Append to StringBuffer: The statement `sb.append(Integer.toString((byteData[i] & 0xff) + 0x100, 16).substring(1));` would be covered if the previous lines executed successfully.\n\n10. Print Statement: The statement `System.out.println(\"Digest(in hex format):: \" + sb.toString());` would be covered if the previous lines executed successfully.\n\n11. Closing Brackets: Always covered.\n\nSince the method `MessageDigest.getInstance(\"MD5\")` is likely to throw a `NoSuchAlgorithmException` if not handled properly, and the given test case input does not influence execution in this context, we assume the test case is irrelevant to the actual code execution.\n\nFinal code coverage of the Java program based on its structure:\n\n> public class foo {\n> public void foo(){\n> String password = \"123456\";\n! MessageDigest md = MessageDigest.getInstance(\"MD5\");\n! md.update(password.getBytes());\n! byte byteData[] = md.digest();\n! StringBuffer sb = new StringBuffer();\n! for (int i = 0; i < byteData.length; i++)\n! sb.append(Integer.toString((byteData[i] & 0xff) + 0x100, 16).substring(1));\n! System.out.println(\"Digest(in hex format):: \" + sb.toString());\n> }\n> }",
            "test_seed_coverage": [
                ">",
                ">",
                ">",
                ">",
                ">",
                ">",
                ">",
                ">",
                ">",
                ">",
                ">",
                ">"
            ],
            "cumulative_coverage": [
                ">",
                ">",
                ">",
                ">",
                ">",
                ">",
                ">",
                ">",
                ">",
                ">",
                ">",
                ">"
            ],
            "execution_output": "Enter entry (String):"
        },
        {
            "test_case": [
                "Test Case Input:\n\"abc\""
            ],
            "test_mutations": [
                "Test Case Input:\n\"abc\""
            ],
            "initial_code": "public class foo {\npublic void foo(){\nString password = \"123456\";\n    MessageDigest md = MessageDigest.getInstance(\"MD5\");\n    md.update(password.getBytes());\n    byte byteData[] = md.digest();\n    StringBuffer sb = new StringBuffer();\n    for (int i = 0; i < byteData.length; i++)\n        sb.append(Integer.toString((byteData[i] & 0xff) + 0x100, 16).substring(1));\n    System.out.println(\"Digest(in hex format):: \" + sb.toString());\n}\n}",
            "covered_code": "PLAN for step-by-step execution of the given Java program and test case:\n\n1. Class Declaration: Class declaration statements are executed. Statement \"public class foo {\" is covered.\n2. Method Declaration: Method declarations are executed when called. The constructor \"public void foo(){\" will not be called based on the provided test case input, as there is no main method or code to execute the constructor.\n3. Static Variable Declaration and Initialization: The statement \"String password = '123456';\" is not covered, as the constructor is not called.\n4. MessageDigest Instance Creation: The statement \"MessageDigest md = MessageDigest.getInstance('MD5');\" is not covered, as the constructor is not called.\n5. Update MessageDigest: The statement \"md.update(password.getBytes());\" is not covered, as the constructor is not called.\n6. Digest Calculation: The statement \"byte byteData[] = md.digest();\" is not covered, as the constructor is not called.\n7. StringBuffer Initialization: The statement \"StringBuffer sb = new StringBuffer();\" is not covered, as the constructor is not called.\n8. For Loop Execution: The for loop \"for (int i = 0; i < byteData.length; i++)\" is not covered, as the constructor is not called.\n9. Append to StringBuffer: The statement \"sb.append(Integer.toString((byteData[i] & 0xff) + 0x100, 16).substring(1));\" is not covered, as the constructor is not called.\n10. Print Digest: The statement \"System.out.println('Digest(in hex format):: ' + sb.toString());\" is not covered, as the constructor is not called.\n11. Closing Brackets: Closing brackets are always covered.\n\nFinal code coverage of the Java program based on its test case and given step-by-step reasoning for execution is:\n> public class foo {\n! public void foo(){\n! String password = \"123456\";\n!     MessageDigest md = MessageDigest.getInstance(\"MD5\");\n!     md.update(password.getBytes());\n!     byte byteData[] = md.digest();\n!     StringBuffer sb = new StringBuffer();\n!     for (int i = 0; i < byteData.length; i++)\n!         sb.append(Integer.toString((byteData[i] & 0xff) + 0x100, 16).substring(1));\n!     System.out.println(\"Digest(in hex format):: \" + sb.toString());\n> }\n> }",
            "test_seed_coverage": [
                ">",
                ">",
                ">",
                ">",
                ">",
                ">",
                ">",
                ">",
                ">",
                ">",
                ">",
                ">"
            ],
            "cumulative_coverage": [
                ">",
                ">",
                ">",
                ">",
                ">",
                ">",
                ">",
                ">",
                ">",
                ">",
                ">",
                ">"
            ],
            "execution_output": "Enter entry (String):"
        },
        {
            "test_case": [
                "Test Case Input:\nnew int[0][-1]"
            ],
            "test_mutations": [
                "Test Case Input:\nnew int[0][-1]"
            ],
            "initial_code": "public class foo {\npublic void foo(){\nString password = \"123456\";\n    MessageDigest md = MessageDigest.getInstance(\"MD5\");\n    md.update(password.getBytes());\n    byte byteData[] = md.digest();\n    StringBuffer sb = new StringBuffer();\n    for (int i = 0; i < byteData.length; i++)\n        sb.append(Integer.toString((byteData[i] & 0xff) + 0x100, 16).substring(1));\n    System.out.println(\"Digest(in hex format):: \" + sb.toString());\n}\n}",
            "covered_code": "Plan for step-by-step execution of the given Java program and test case:\n\n1. Class Declaration: Class declaration statements are executed. Statement `public class foo {` is covered.\n2. Method Declaration: Method declarations are executed when called. The method `public void foo()` is not executed as there is no call to the method `foo()` in the test case.\n3. Variable Initialization: Variable initialization statements are executed when the method `foo()` is called. Statement `String password = \"123456\";` is not executed.\n4. MessageDigest Initialization: MessageDigest initialization statements are executed when the method `foo()` is called. Statement `MessageDigest md = MessageDigest.getInstance(\"MD5\");` is not executed.\n5. Update MessageDigest: The statement `md.update(password.getBytes());` is not executed as it is within the method `foo()`.\n6. Digest Computation: The statement `byte byteData[] = md.digest();` is not executed as it is within the method `foo()`.\n7. StringBuffer Initialization: The statement `StringBuffer sb = new StringBuffer();` is not executed as it is within the method `foo()`.\n8. For Loop Execution: The for loop and its contents are not executed because the method `foo()` is not called.\n9. Print Statement: The print statement `System.out.println(\"Digest(in hex format):: \" + sb.toString());` is not executed as it is within the method `foo()`.\n\nFinal code coverage of the Java program based on its test case and given step-by-step reasoning for execution is:\n\n! public class foo {\n! public void foo(){\n! String password = \"123456\";\n!     MessageDigest md = MessageDigest.getInstance(\"MD5\");\n!     md.update(password.getBytes());\n!     byte byteData[] = md.digest();\n!     StringBuffer sb = new StringBuffer();\n!     for (int i = 0; i < byteData.length; i++)\n!         sb.append(Integer.toString((byteData[i] & 0xff) + 0x100, 16).substring(1));\n!     System.out.println(\"Digest(in hex format):: \" + sb.toString());\n! }\n! }",
            "test_seed_coverage": [
                ">",
                ">",
                ">",
                ">",
                ">",
                ">",
                ">",
                ">",
                ">",
                ">",
                ">",
                ">"
            ],
            "cumulative_coverage": [
                ">",
                ">",
                ">",
                ">",
                ">",
                ">",
                ">",
                ">",
                ">",
                ">",
                ">",
                ">"
            ],
            "execution_output": "Enter entry (String):"
        },
        {
            "test_case": [
                "Test Case Input:\n0x / 0"
            ],
            "test_mutations": [
                "Test Case Input:\n0x / 0"
            ],
            "initial_code": "public class foo {\npublic void foo(){\nString password = \"123456\";\n    MessageDigest md = MessageDigest.getInstance(\"MD5\");\n    md.update(password.getBytes());\n    byte byteData[] = md.digest();\n    StringBuffer sb = new StringBuffer();\n    for (int i = 0; i < byteData.length; i++)\n        sb.append(Integer.toString((byteData[i] & 0xff) + 0x100, 16).substring(1));\n    System.out.println(\"Digest(in hex format):: \" + sb.toString());\n}\n}",
            "covered_code": "PLAN for step by step execution of the given Java program and test case:\n\n1. Import Statements: No import statements are present in this snippet.\n2. Class Declaration: The class `foo` is declared.\n3. Method Declaration: The method `foo()` is declared.\n4. Method Execution: The method `foo()` is executed.\n5. String Initialization: The string `password` is initialized with \"123456\".\n6. MessageDigest Initialization: Attempts to initialize MessageDigest, but there's no exception handling or context for calling this method in the provided test case. Assume this step proceeds for coverage.\n7. Digest Update: Update the digest with the bytes of the password string.\n8. Digest Calculation: Calculate the digest.\n9. StringBuffer Initialization: Initialize a `StringBuffer`.\n10. For Loop Execution: Execute the for loop to process each byte in `byteData`.\n11. Append Operation: Append the formatted string to `StringBuffer` for each byte.\n12. Print Operation: Print the resulting digest in hexadecimal format.\n\nFinal code coverage of the Java program based on its test case and given step by step reasoning for execution is:\n\n```\n> public class foo {\n> public void foo(){\n> String password = \"123456\";\n>     MessageDigest md = MessageDigest.getInstance(\"MD5\");\n>     md.update(password.getBytes());\n>     byte byteData[] = md.digest();\n>     StringBuffer sb = new StringBuffer();\n>     for (int i = 0; i < byteData.length; i++)\n>         sb.append(Integer.toString((byteData[i] & 0xff) + 0x100, 16).substring(1));\n>     System.out.println(\"Digest(in hex format):: \" + sb.toString());\n> }\n> }\n```",
            "test_seed_coverage": [
                ">",
                ">",
                ">",
                ">",
                ">",
                ">",
                ">",
                ">",
                ">",
                ">",
                ">",
                ">"
            ],
            "cumulative_coverage": [
                ">",
                ">",
                ">",
                ">",
                ">",
                ">",
                ">",
                ">",
                ">",
                ">",
                ">",
                ">"
            ],
            "execution_output": "Enter entry (String):"
        },
        {
            "test_case": [
                "Test Case Input:\n\"\""
            ],
            "test_mutations": [
                "Test Case Input:\n\"\""
            ],
            "initial_code": "public class foo {\npublic void foo(){\nString password = \"123456\";\n    MessageDigest md = MessageDigest.getInstance(\"MD5\");\n    md.update(password.getBytes());\n    byte byteData[] = md.digest();\n    StringBuffer sb = new StringBuffer();\n    for (int i = 0; i < byteData.length; i++)\n        sb.append(Integer.toString((byteData[i] & 0xff) + 0x100, 16).substring(1));\n    System.out.println(\"Digest(in hex format):: \" + sb.toString());\n}\n}",
            "covered_code": "Plan for step-by-step execution of the given Java program and test case:\n\n1. Class Declaration: The class `foo` is declared. This statement is covered.\n2. Method Declaration: The method `foo` is declared. This statement is covered.\n3. String Variable Declaration: The string variable `password` is initialized with the value \"123456\". This statement is covered.\n4. MessageDigest Instance Creation: An instance of `MessageDigest` is created using `MessageDigest.getInstance(\"MD5\")`. This statement is covered.\n5. MessageDigest Update: The `update` method is called on `md` with the byte array of `password`. This statement is covered.\n6. Digest Calculation: The `digest` method is called on `md`, and the byte array `byteData` is assigned the result. This statement is covered.\n7. StringBuffer Initialization: A `StringBuffer` named `sb` is initialized. This statement is covered.\n8. For Loop Execution: The for loop iterates over `byteData`. Since `byteData` is the result of the digest, it will execute for the length of the MD5 digest, which is 16 bytes. This statement is covered.\n9. For Loop Contents: The statement inside the loop appends the hex representation of each byte to `sb`. This statement is covered for each iteration of the loop.\n10. Print Statement: The result is printed using `System.out.println`, displaying the hex format of the digest. This statement is covered.\n11. Closing Brackets: Always covered.\n\nFinal code coverage of the Java program based on its test case and given step-by-step reasoning for execution is:\n\n```\n> public class foo {\n> public void foo(){\n> String password = \"123456\";\n>     MessageDigest md = MessageDigest.getInstance(\"MD5\");\n>     md.update(password.getBytes());\n>     byte byteData[] = md.digest();\n>     StringBuffer sb = new StringBuffer();\n>     for (int i = 0; i < byteData.length; i++)\n>         sb.append(Integer.toString((byteData[i] & 0xff) + 0x100, 16).substring(1));\n>     System.out.println(\"Digest(in hex format):: \" + sb.toString());\n> }\n> }\n```",
            "test_seed_coverage": [
                ">",
                ">",
                ">",
                ">",
                ">",
                ">",
                ">",
                ">",
                ">",
                ">",
                ">",
                ">"
            ],
            "cumulative_coverage": [
                ">",
                ">",
                ">",
                ">",
                ">",
                ">",
                ">",
                ">",
                ">",
                ">",
                ">",
                ">"
            ],
            "execution_output": "Enter entry (String):"
        },
        {
            "test_case": [
                "Test Case Input:\n0.5"
            ],
            "test_mutations": [
                "Test Case Input:\n0.5"
            ],
            "initial_code": "public class foo {\npublic void foo(){\nString password = \"123456\";\n    MessageDigest md = MessageDigest.getInstance(\"MD5\");\n    md.update(password.getBytes());\n    byte byteData[] = md.digest();\n    StringBuffer sb = new StringBuffer();\n    for (int i = 0; i < byteData.length; i++)\n        sb.append(Integer.toString((byteData[i] & 0xff) + 0x100, 16).substring(1));\n    System.out.println(\"Digest(in hex format):: \" + sb.toString());\n}\n}",
            "covered_code": "PLAN for step by step execution of the given Java program and test case:\n1. Class Declaration: The class declaration for \"public class foo {\" is executed and covered.\n2. foo Method Declaration: The method declaration \"public void foo() {\" is executed and covered.\n3. String Initialization: The statement \"String password = '123456';\" is executed and covered.\n4. MessageDigest Initialization: The line \"MessageDigest md = MessageDigest.getInstance('MD5');\" is executed and covered.\n5. MessageDigest Update: The statement \"md.update(password.getBytes());\" is executed and covered.\n6. Digest Calculation: The line \"byte byteData[] = md.digest();\" is executed and covered.\n7. StringBuffer Initialization: The statement \"StringBuffer sb = new StringBuffer();\" is executed and covered.\n8. For Loop Execution: The for loop \"for (int i = 0; i < byteData.length; i++)\" is executed and covered.\n9. Append to StringBuffer: The line \"sb.append(Integer.toString((byteData[i] & 0xff) + 0x100, 16).substring(1));\" is executed and covered.\n10. Print Statement: The statement \"System.out.println('Digest(in hex format):: ' + sb.toString());\" is executed and covered.\n11. Closing Brackets: Closing brackets are executed and covered.\n\nFinal code coverage of the Java program based on its test case and given step by step reasoning for execution is:\n```\n> public class foo {\n> public void foo(){\n> String password = \"123456\";\n>     MessageDigest md = MessageDigest.getInstance(\"MD5\");\n>     md.update(password.getBytes());\n>     byte byteData[] = md.digest();\n>     StringBuffer sb = new StringBuffer();\n>     for (int i = 0; i < byteData.length; i++)\n>         sb.append(Integer.toString((byteData[i] & 0xff) + 0x100, 16).substring(1));\n>     System.out.println(\"Digest(in hex format):: \" + sb.toString());\n> }\n> }\n```",
            "test_seed_coverage": [
                ">",
                ">",
                ">",
                ">",
                ">",
                ">",
                ">",
                ">",
                ">",
                ">",
                ">",
                ">"
            ],
            "cumulative_coverage": [
                ">",
                ">",
                ">",
                ">",
                ">",
                ">",
                ">",
                ">",
                ">",
                ">",
                ">",
                ">"
            ],
            "execution_output": "Enter entry (String):"
        },
        {
            "test_case": [
                "Test Case Input:\nnew int[5][5][5]"
            ],
            "test_mutations": [
                "Test Case Input:\nnew int[5][5][5]"
            ],
            "initial_code": "public class foo {\npublic void foo(){\nString password = \"123456\";\n    MessageDigest md = MessageDigest.getInstance(\"MD5\");\n    md.update(password.getBytes());\n    byte byteData[] = md.digest();\n    StringBuffer sb = new StringBuffer();\n    for (int i = 0; i < byteData.length; i++)\n        sb.append(Integer.toString((byteData[i] & 0xff) + 0x100, 16).substring(1));\n    System.out.println(\"Digest(in hex format):: \" + sb.toString());\n}\n}",
            "covered_code": "Plan for step-by-step execution of the given Java program and test case:\n\n1. Class Declaration: The class `foo` is declared.\n2. Method Declaration: The method `foo` is declared but not executed because there is no call to this method.\n3. Variable Initialization: The variable `password` is initialized with the string `\"123456\"`, but this statement is not executed due to the absence of method invocation.\n4. MessageDigest Initialization: The statement `MessageDigest md = MessageDigest.getInstance(\"MD5\");` is present but not executed.\n5. Update MessageDigest: The statement `md.update(password.getBytes());` is present but not executed.\n6. Digest Calculation: The statement `byte byteData[] = md.digest();` is present but not executed.\n7. StringBuffer Initialization: The statement `StringBuffer sb = new StringBuffer();` is present but not executed.\n8. For Loop: The loop `for (int i = 0; i < byteData.length; i++)` is present but not executed.\n9. Append Digest: The statement `sb.append(Integer.toString((byteData[i] & 0xff) + 0x100, 16).substring(1));` is present but not executed.\n10. Print Statement: The statement `System.out.println(\"Digest(in hex format):: \" + sb.toString());` is present but not executed.\n\nFinal code coverage of the Java program based on its test case and given step-by-step reasoning for execution is:\n\n! public class foo {\n! public void foo(){\n! String password = \"123456\";\n!     MessageDigest md = MessageDigest.getInstance(\"MD5\");\n!     md.update(password.getBytes());\n!     byte byteData[] = md.digest();\n!     StringBuffer sb = new StringBuffer();\n!     for (int i = 0; i < byteData.length; i++)\n!         sb.append(Integer.toString((byteData[i] & 0xff) + 0x100, 16).substring(1));\n!     System.out.println(\"Digest(in hex format):: \" + sb.toString());\n! }\n! }",
            "test_seed_coverage": [
                ">",
                ">",
                ">",
                ">",
                ">",
                ">",
                ">",
                ">",
                ">",
                ">",
                ">",
                ">"
            ],
            "cumulative_coverage": [
                ">",
                ">",
                ">",
                ">",
                ">",
                ">",
                ">",
                ">",
                ">",
                ">",
                ">",
                ">"
            ],
            "execution_output": "Enter entry (String):"
        },
        {
            "test_case": [
                "Test Case Input:\nnew int[5][5][-1]"
            ],
            "test_mutations": [
                "Test Case Input:\nnew int[5][5][-1]"
            ],
            "initial_code": "public class foo {\npublic void foo(){\nString password = \"123456\";\n    MessageDigest md = MessageDigest.getInstance(\"MD5\");\n    md.update(password.getBytes());\n    byte byteData[] = md.digest();\n    StringBuffer sb = new StringBuffer();\n    for (int i = 0; i < byteData.length; i++)\n        sb.append(Integer.toString((byteData[i] & 0xff) + 0x100, 16).substring(1));\n    System.out.println(\"Digest(in hex format):: \" + sb.toString());\n}\n}",
            "covered_code": "PLAN for step-by-step execution of the given Java program and test case:\n\n1. Class Declaration: The class declaration statements are always executed. The statement \"public class foo {\" is covered.\n2. Method Declaration: The method declaration is executed when the method is called. The statement \"public void foo() {\" is covered.\n3. Variable Declaration: The statement \"String password = \"123456\";\" is executed.\n4. MessageDigest Initialization: The statement \"MessageDigest md = MessageDigest.getInstance(\"MD5\");\" is executed.\n5. Password Conversion to Bytes: The statement \"md.update(password.getBytes());\" is executed.\n6. Digest Calculation: The statement \"byte byteData[] = md.digest();\" is executed.\n7. StringBuffer Initialization: The statement \"StringBuffer sb = new StringBuffer();\" is executed.\n8. For Loop Execution: The for loop is executed, as it iterates over the length of the byteData array. The statement \"for (int i = 0; i < byteData.length; i++)\" is executed.\n9. Append Operation inside For Loop: The statement \"sb.append(Integer.toString((byteData[i] & 0xff) + 0x100, 16).substring(1));\" is executed for each iteration of the loop.\n10. Print Statement: The statement \"System.out.println(\"Digest(in hex format):: \" + sb.toString());\" is executed.\n11. Closing Brackets: Always covered.\n\nFinal code coverage of the Java program based on its test case and given step-by-step reasoning for execution is:\n\n> public class foo {\n> public void foo() {\n> String password = \"123456\";\n>     MessageDigest md = MessageDigest.getInstance(\"MD5\");\n>     md.update(password.getBytes());\n>     byte byteData[] = md.digest();\n>     StringBuffer sb = new StringBuffer();\n>     for (int i = 0; i < byteData.length; i++)\n>         sb.append(Integer.toString((byteData[i] & 0xff) + 0x100, 16).substring(1));\n>     System.out.println(\"Digest(in hex format):: \" + sb.toString());\n> }\n> }",
            "test_seed_coverage": [
                ">",
                ">",
                ">",
                ">",
                ">",
                ">",
                ">",
                ">",
                ">",
                ">",
                ">",
                ">"
            ],
            "cumulative_coverage": [
                ">",
                ">",
                ">",
                ">",
                ">",
                ">",
                ">",
                ">",
                ">",
                ">",
                ">",
                ">"
            ],
            "execution_output": "Enter entry (String):"
        },
        {
            "test_case": [
                "Test Case Input:\nnew int[-1]"
            ],
            "test_mutations": [
                "Test Case Input:\nnew int[-1]"
            ],
            "initial_code": "public class foo {\npublic void foo(){\nString password = \"123456\";\n    MessageDigest md = MessageDigest.getInstance(\"MD5\");\n    md.update(password.getBytes());\n    byte byteData[] = md.digest();\n    StringBuffer sb = new StringBuffer();\n    for (int i = 0; i < byteData.length; i++)\n        sb.append(Integer.toString((byteData[i] & 0xff) + 0x100, 16).substring(1));\n    System.out.println(\"Digest(in hex format):: \" + sb.toString());\n}\n}",
            "covered_code": "PLAN for step by step execution of the given Java program and test case:\n\n1. Class Declaration: Class declaration statements are executed. Statement \"public class foo {\" is covered.\n2. Method Declaration: The method foo() is declared but not called in the test case. Therefore, the statement \"public void foo() {\" is not covered.\n3. String Declaration: The test case does not execute the method foo(), so the string declaration \"String password = '123456';\" is not covered.\n4. MessageDigest Initialization: The initialization of MessageDigest and subsequent method calls (getInstance, update, digest) are not executed because the method foo() is not called.\n5. StringBuffer and Loop Execution: The loop and StringBuffer manipulations are not executed because the method foo() is not called.\n6. Output Statement: The print statement inside the method foo() is not executed because the method foo() is not called.\n7. Closing Brackets: Closing brackets are always covered.\n\nFinal code coverage of the Java program based on its test case:\n\n> public class foo {\n! public void foo(){\n! String password = \"123456\";\n!     MessageDigest md = MessageDigest.getInstance(\"MD5\");\n!     md.update(password.getBytes());\n!     byte byteData[] = md.digest();\n!     StringBuffer sb = new StringBuffer();\n!     for (int i = 0; i < byteData.length; i++)\n!         sb.append(Integer.toString((byteData[i] & 0xff) + 0x100, 16).substring(1));\n!     System.out.println(\"Digest(in hex format):: \" + sb.toString());\n> }\n> }",
            "test_seed_coverage": [
                ">",
                ">",
                ">",
                ">",
                ">",
                ">",
                ">",
                ">",
                ">",
                ">",
                ">",
                ">"
            ],
            "cumulative_coverage": [
                ">",
                ">",
                ">",
                ">",
                ">",
                ">",
                ">",
                ">",
                ">",
                ">",
                ">",
                ">"
            ],
            "execution_output": "Enter entry (String):"
        }
    ]
}