{
  "submission_id": "207451",
  "cycles": [
    {
      "test_case": [
        "Test Case Input:\npostMail(new String[]{\"recipient1@example.com\"}, \"Test Subject\", \"Test Message\", \"sender@example.com\")"
      ],
      "test_mutations": [
        "Test Case Input:\npostMail(new String[]{\"recipient1@example.com\"}, \"Test Subject\", \"Test Message\", \"sender@example.com\")"
      ],
      "initial_code": "public class foo {\n  public void postMail( String recipients[ ], String subject,\n                            String message , String from) throws MessagingException\n  {\n    boolean debug = false;\n     //Set the host smtp address\n     Properties props = new Properties();\n     props.put(\"mail.smtp.host\", SMTP_HOST_NAME);\n     props.put(\"mail.smtp.auth\", \"true\");\n    Authenticator auth = new SMTPAuthenticator();\n    Session session = Session.getDefaultInstance(props, auth);\n    session.setDebug(debug);\n    // create a message\n    Message msg = new MimeMessage(session);\n    // set the from and to address\n    InternetAddress addressFrom = new InternetAddress(from);\n    msg.setFrom(addressFrom);\n    InternetAddress[] addressTo = new InternetAddress[recipients.length];\n    for (int i = 0; i < recipients.length; i++)\n    {\n        addressTo[i] = new InternetAddress(recipients[i]);\n    }\n    msg.setRecipients(Message.RecipientType.TO, addressTo);\n    // Setting the Subject and Content Type\n    msg.setSubject(subject);\n    msg.setContent(message, \"text/plain\");\n    Transport.send(msg);\n }\n}",
      "covered_code": "PLAN for step by step execution of the given Java program and test case:\n\n1. Class Declaration: Class 'foo' declaration is executed. Statement \"public class foo {\" is covered.\n2. Method Declaration: Method 'postMail' is declared but not executed until called.\n3. Variable Initialization: Variables and objects like 'debug', 'props', 'auth', 'session', 'msg', and 'addressFrom' are initialized. These statements are covered.\n4. Loop Execution: The 'for' loop iterates over the 'recipients' array. Since the array has one element, the loop executes once. The loop and its contents are covered.\n5. Setting Addresses and Message: Statements setting the 'from' address, 'to' address, subject, and content of the message are covered.\n6. Sending Message: The statement \"Transport.send(msg);\" is executed. Message sending is covered.\n7. Exception Handling: No exception is thrown in the test case, so exception handling code is not covered.\n\nFinal code coverage of the Java program based on its test case and given step by step reasoning for execution is:\n\n> public class foo {\n!   public void postMail( String recipients[ ], String subject,\n!                             String message , String from) throws MessagingException\n>   {\n>     boolean debug = false;\n>      //Set the host smtp address\n>      Properties props = new Properties();\n>      props.put(\"mail.smtp.host\", SMTP_HOST_NAME);\n>      props.put(\"mail.smtp.auth\", \"true\");\n>     Authenticator auth = new SMTPAuthenticator();\n>     Session session = Session.getDefaultInstance(props, auth);\n>     session.setDebug(debug);\n>     // create a message\n>     Message msg = new MimeMessage(session);\n>     // set the from and to address\n>     InternetAddress addressFrom = new InternetAddress(from);\n>     msg.setFrom(addressFrom);\n>     InternetAddress[] addressTo = new InternetAddress[recipients.length];\n>     for (int i = 0; i < recipients.length; i++)\n>     {\n>         addressTo[i] = new InternetAddress(recipients[i]);\n>     }\n>     msg.setRecipients(Message.RecipientType.TO, addressTo);\n>     // Setting the Subject and Content Type\n>     msg.setSubject(subject);\n>     msg.setContent(message, \"text/plain\");\n>     Transport.send(msg);\n>  }\n> }",
      "test_seed_coverage": [
        ">",
        "!",
        "!",
        ">",
        ">",
        ">",
        ">",
        ">",
        ">",
        ">",
        ">",
        ">",
        ">",
        ">",
        ">",
        ">",
        ">",
        ">",
        ">",
        ">",
        ">",
        ">",
        ">",
        ">",
        ">",
        ">",
        ">",
        ">",
        ">"
      ],
      "cumulative_coverage": [
        ">",
        "!",
        "!",
        ">",
        ">",
        ">",
        ">",
        ">",
        ">",
        ">",
        ">",
        ">",
        ">",
        ">",
        ">",
        ">",
        ">",
        ">",
        ">",
        ">",
        ">",
        ">",
        ">",
        ">",
        ">",
        ">",
        ">",
        ">",
        ">"
      ]
    },
    {
      "test_case": [
        "Test Case Input:\npostMail(new String[]{null}, \"Test Subject\", \"Test Message\", \"sender@example.com\")"
      ],
      "test_mutations": [
        "Test Case Input:\npostMail(new String[]{null}, \"Test Subject\", \"Test Message\", \"sender@example.com\")"
      ],
      "initial_code": "public class foo {\n  public void postMail( String recipients[ ], String subject,\n                            String message , String from) throws MessagingException\n  {\n    boolean debug = false;\n     //Set the host smtp address\n     Properties props = new Properties();\n     props.put(\"mail.smtp.host\", SMTP_HOST_NAME);\n     props.put(\"mail.smtp.auth\", \"true\");\n    Authenticator auth = new SMTPAuthenticator();\n    Session session = Session.getDefaultInstance(props, auth);\n    session.setDebug(debug);\n    // create a message\n    Message msg = new MimeMessage(session);\n    // set the from and to address\n    InternetAddress addressFrom = new InternetAddress(from);\n    msg.setFrom(addressFrom);\n    InternetAddress[] addressTo = new InternetAddress[recipients.length];\n    for (int i = 0; i < recipients.length; i++)\n    {\n        addressTo[i] = new InternetAddress(recipients[i]);\n    }\n    msg.setRecipients(Message.RecipientType.TO, addressTo);\n    // Setting the Subject and Content Type\n    msg.setSubject(subject);\n    msg.setContent(message, \"text/plain\");\n    Transport.send(msg);\n }\n}",
      "covered_code": "Plan for step-by-step execution of the given Java program and test case:\n1. foo Class Declaration: Class declaration statements are executed. Statement \"public class foo {\" is covered.\n2. postMail Method Declaration: Method declarations are executed when called. Statement \"public void postMail(String recipients[], String subject, String message, String from) throws MessagingException\" is covered.\n3. Variable Initialization: The statement \"boolean debug = false;\" is executed.\n4. Properties Initialization: Statements \"Properties props = new Properties();\" and setting properties with \"props.put(...);\" are executed.\n5. Authenticator Initialization: The statement \"Authenticator auth = new SMTPAuthenticator();\" is executed.\n6. Session Initialization: The statement \"Session session = Session.getDefaultInstance(props, auth);\" is executed.\n7. Debug Setting: The statement \"session.setDebug(debug);\" is executed.\n8. Message Initialization: The statement \"Message msg = new MimeMessage(session);\" is executed.\n9. From Address Initialization: The statement \"InternetAddress addressFrom = new InternetAddress(from);\" is executed.\n10. Set From Address: The statement \"msg.setFrom(addressFrom);\" is executed.\n11. To Address Initialization Loop: The loop \"for (int i = 0; i < recipients.length; i++)\" is executed.\n12. Null Pointer Exception: Since recipients[0] is null, a NullPointerException is thrown when \"addressTo[i] = new InternetAddress(recipients[i]);\" is executed. The execution halts here.\n\nFinal code coverage of the Java program based on its test case and given step-by-step reasoning for execution is:\n> public class foo {\n>   public void postMail( String recipients[ ], String subject,\n>                             String message , String from) throws MessagingException\n>   {\n>     boolean debug = false;\n>     //Set the host smtp address\n>     Properties props = new Properties();\n>     props.put(\"mail.smtp.host\", SMTP_HOST_NAME);\n>     props.put(\"mail.smtp.auth\", \"true\");\n>     Authenticator auth = new SMTPAuthenticator();\n>     Session session = Session.getDefaultInstance(props, auth);\n>     session.setDebug(debug);\n>     // create a message\n>     Message msg = new MimeMessage(session);\n>     // set the from and to address\n>     InternetAddress addressFrom = new InternetAddress(from);\n>     msg.setFrom(addressFrom);\n>     InternetAddress[] addressTo = new InternetAddress[recipients.length];\n>     for (int i = 0; i < recipients.length; i++)\n!     {\n!         addressTo[i] = new InternetAddress(recipients[i]);\n!     }\n!     msg.setRecipients(Message.RecipientType.TO, addressTo);\n!     // Setting the Subject and Content Type\n!     msg.setSubject(subject);\n!     msg.setContent(message, \"text/plain\");\n!     Transport.send(msg);\n>  }\n> }",
      "test_seed_coverage": [
        ">",
        ">",
        ">",
        ">",
        ">",
        ">",
        ">",
        ">",
        ">",
        ">",
        ">",
        ">",
        ">",
        ">",
        ">",
        ">",
        ">",
        ">",
        ">",
        ">",
        ">",
        ">",
        ">",
        ">",
        ">",
        ">",
        ">",
        ">",
        ">"
      ],
      "cumulative_coverage": [
        ">",
        ">",
        ">",
        ">",
        ">",
        ">",
        ">",
        ">",
        ">",
        ">",
        ">",
        ">",
        ">",
        ">",
        ">",
        ">",
        ">",
        ">",
        ">",
        ">",
        ">",
        ">",
        ">",
        ">",
        ">",
        ">",
        ">",
        ">",
        ">"
      ]
    },
    {
      "test_case": [
        "Test Case Input:\npostMail(new String[]{\"recipient1@example.com\", null}, \"Test Subject\", \"Test Message\", \"sender@example.com\")"
      ],
      "test_mutations": [
        "Test Case Input:\npostMail(new String[]{\"recipient1@example.com\", null}, \"Test Subject\", \"Test Message\", \"sender@example.com\")"
      ],
      "initial_code": "public class foo {\n  public void postMail( String recipients[ ], String subject,\n                            String message , String from) throws MessagingException\n  {\n    boolean debug = false;\n     //Set the host smtp address\n     Properties props = new Properties();\n     props.put(\"mail.smtp.host\", SMTP_HOST_NAME);\n     props.put(\"mail.smtp.auth\", \"true\");\n    Authenticator auth = new SMTPAuthenticator();\n    Session session = Session.getDefaultInstance(props, auth);\n    session.setDebug(debug);\n    // create a message\n    Message msg = new MimeMessage(session);\n    // set the from and to address\n    InternetAddress addressFrom = new InternetAddress(from);\n    msg.setFrom(addressFrom);\n    InternetAddress[] addressTo = new InternetAddress[recipients.length];\n    for (int i = 0; i < recipients.length; i++)\n    {\n        addressTo[i] = new InternetAddress(recipients[i]);\n    }\n    msg.setRecipients(Message.RecipientType.TO, addressTo);\n    // Setting the Subject and Content Type\n    msg.setSubject(subject);\n    msg.setContent(message, \"text/plain\");\n    Transport.send(msg);\n }\n}",
      "covered_code": "Plan for step-by-step execution of the given Java program and test case:\n\n1. Class Declaration: The class `foo` is defined, but its execution starts only when its methods are invoked.\n2. Method Declaration: The `postMail` method is declared and will be executed when called.\n3. Method Invocation: The method `postMail` is called with the provided test case inputs.\n4. Debug Variable Initialization: The statement `boolean debug = false;` is executed.\n5. Properties Initialization: The statement `Properties props = new Properties();` is executed, and the properties object is initialized.\n6. Set SMTP Host: The statement `props.put(\"mail.smtp.host\", SMTP_HOST_NAME);` is executed, but since `SMTP_HOST_NAME` is not defined in the provided code, this will cause a compile-time error. However, assuming it is defined elsewhere, the line would be executed.\n7. Set SMTP Auth: The statement `props.put(\"mail.smtp.auth\", \"true\");` is executed.\n8. Authenticator Initialization: The statement `Authenticator auth = new SMTPAuthenticator();` is executed, assuming `SMTPAuthenticator` is defined elsewhere.\n9. Session Initialization: The statement `Session session = Session.getDefaultInstance(props, auth);` is executed.\n10. Debug Setting: The statement `session.setDebug(debug);` is executed.\n11. Message Initialization: The statement `Message msg = new MimeMessage(session);` is executed.\n12. From Address Setting: The statement `InternetAddress addressFrom = new InternetAddress(from);` is executed.\n13. Set From Address: The statement `msg.setFrom(addressFrom);` is executed.\n14. To Address Array Initialization: The statement `InternetAddress[] addressTo = new InternetAddress[recipients.length];` is executed.\n15. Loop for Recipients: The for loop `for (int i = 0; i < recipients.length; i++)` is executed.\n16. Null Check Issue: When `recipients[i]` is `null`, `new InternetAddress(recipients[i])` will throw an `AddressException`, which is a subclass of `MessagingException`. Since the method declares it throws `MessagingException`, this exception will propagate unless caught elsewhere.\n17. Set Recipients and Message Properties: If the exception is thrown, the following lines will not be executed:\n    - `msg.setRecipients(Message.RecipientType.TO, addressTo);`\n    - `msg.setSubject(subject);`\n    - `msg.setContent(message, \"text/plain\");`\n    - `Transport.send(msg);`\n\nFinal code coverage of the Java program based on its test case and given step-by-step reasoning for execution is:\n\n```\n> public class foo {\n>   public void postMail( String recipients[ ], String subject,\n>                            String message , String from) throws MessagingException\n>   {\n>     boolean debug = false;\n>     Properties props = new Properties();\n!     props.put(\"mail.smtp.host\", SMTP_HOST_NAME);\n>     props.put(\"mail.smtp.auth\", \"true\");\n>     Authenticator auth = new SMTPAuthenticator();\n>     Session session = Session.getDefaultInstance(props, auth);\n>     session.setDebug(debug);\n>     Message msg = new MimeMessage(session);\n>     InternetAddress addressFrom = new InternetAddress(from);\n>     msg.setFrom(addressFrom);\n>     InternetAddress[] addressTo = new InternetAddress[recipients.length];\n>     for (int i = 0; i < recipients.length; i++)\n!     {\n!         addressTo[i] = new InternetAddress(recipients[i]);\n!     }\n!     msg.setRecipients(Message.RecipientType.TO, addressTo);\n!     msg.setSubject(subject);\n!     msg.setContent(message, \"text/plain\");\n!     Transport.send(msg);\n>  }\n> }\n```",
      "test_seed_coverage": [
        ">",
        ">",
        ">",
        ">",
        ">",
        ">",
        ">",
        ">",
        ">",
        ">",
        ">",
        ">",
        ">",
        ">",
        ">",
        ">",
        ">",
        ">",
        ">",
        ">",
        ">",
        ">",
        ">",
        ">",
        ">",
        ">",
        ">",
        ">",
        ">"
      ],
      "cumulative_coverage": [
        ">",
        ">",
        ">",
        ">",
        ">",
        ">",
        ">",
        ">",
        ">",
        ">",
        ">",
        ">",
        ">",
        ">",
        ">",
        ">",
        ">",
        ">",
        ">",
        ">",
        ">",
        ">",
        ">",
        ">",
        ">",
        ">",
        ">",
        ">",
        ">"
      ]
    },
    {
      "test_case": [
        "Test Case Input:\npostMail(new String[]{\"recipient1@example.com\", \"recipient2@example.com\"}, \"Test Subject\", \"Test Message\", null)"
      ],
      "test_mutations": [
        "Test Case Input:\npostMail(new String[]{\"recipient1@example.com\", \"recipient2@example.com\"}, \"Test Subject\", \"Test Message\", null)"
      ],
      "initial_code": "public class foo {\n  public void postMail( String recipients[ ], String subject,\n                            String message , String from) throws MessagingException\n  {\n    boolean debug = false;\n     //Set the host smtp address\n     Properties props = new Properties();\n     props.put(\"mail.smtp.host\", SMTP_HOST_NAME);\n     props.put(\"mail.smtp.auth\", \"true\");\n    Authenticator auth = new SMTPAuthenticator();\n    Session session = Session.getDefaultInstance(props, auth);\n    session.setDebug(debug);\n    // create a message\n    Message msg = new MimeMessage(session);\n    // set the from and to address\n    InternetAddress addressFrom = new InternetAddress(from);\n    msg.setFrom(addressFrom);\n    InternetAddress[] addressTo = new InternetAddress[recipients.length];\n    for (int i = 0; i < recipients.length; i++)\n    {\n        addressTo[i] = new InternetAddress(recipients[i]);\n    }\n    msg.setRecipients(Message.RecipientType.TO, addressTo);\n    // Setting the Subject and Content Type\n    msg.setSubject(subject);\n    msg.setContent(message, \"text/plain\");\n    Transport.send(msg);\n }\n}",
      "covered_code": "PLAN:\n1. Class Declaration: Class declaration statement \"public class foo {\" is executed and covered.\n2. Method Declaration: Method declaration \"public void postMail(String recipients[], String subject, String message, String from) throws MessagingException {\" is executed when called and covered.\n3. Variable Declaration: Variable declaration \"boolean debug = false;\" is executed and covered.\n4. Properties Setup: Statements for setting up properties and authentication for the mail session are executed and covered.\n5. Session Creation: \"Session session = Session.getDefaultInstance(props, auth);\" is executed and covered.\n6. Debug Setting: \"session.setDebug(debug);\" is executed and covered.\n7. Message Creation: \"Message msg = new MimeMessage(session);\" is executed and covered.\n8. From Address Setup: \"InternetAddress addressFrom = new InternetAddress(from);\" is not executed due to the null value of 'from', leading to AddressException.\n9. Recipients Setup: The loop and statements inside for setting recipient addresses \"for (int i = 0; i < recipients.length; i++) { addressTo[i] = new InternetAddress(recipients[i]); }\" are not executed due to exception before reaching this point.\n10. Subject and Content Setup: Statements \"msg.setSubject(subject);\" and \"msg.setContent(message, \"text/plain\");\" are not executed due to exception before reaching this point.\n11. Sending Message: \"Transport.send(msg);\" is not executed due to exception before reaching this point.\n12. Closing Curly Braces: Closing braces are always covered.\n\nFinal code coverage:\n> public class foo {\n>   public void postMail( String recipients[ ], String subject,\n>                             String message , String from) throws MessagingException\n>   {\n>     boolean debug = false;\n>      Properties props = new Properties();\n>      props.put(\"mail.smtp.host\", SMTP_HOST_NAME);\n>      props.put(\"mail.smtp.auth\", \"true\");\n>     Authenticator auth = new SMTPAuthenticator();\n>     Session session = Session.getDefaultInstance(props, auth);\n>     session.setDebug(debug);\n>     Message msg = new MimeMessage(session);\n!     InternetAddress addressFrom = new InternetAddress(from);\n!     msg.setFrom(addressFrom);\n!     InternetAddress[] addressTo = new InternetAddress[recipients.length];\n!     for (int i = 0; i < recipients.length; i++)\n!     {\n!         addressTo[i] = new InternetAddress(recipients[i]);\n!     }\n!     msg.setRecipients(Message.RecipientType.TO, addressTo);\n!     msg.setSubject(subject);\n!     msg.setContent(message, \"text/plain\");\n!     Transport.send(msg);\n>  }\n> }",
      "test_seed_coverage": [
        ">",
        ">",
        ">",
        ">",
        ">",
        ">",
        ">",
        ">",
        ">",
        ">",
        ">",
        ">",
        ">",
        ">",
        ">",
        ">",
        ">",
        ">",
        ">",
        ">",
        ">",
        ">",
        ">",
        ">",
        ">",
        ">",
        ">",
        ">",
        ">"
      ],
      "cumulative_coverage": [
        ">",
        ">",
        ">",
        ">",
        ">",
        ">",
        ">",
        ">",
        ">",
        ">",
        ">",
        ">",
        ">",
        ">",
        ">",
        ">",
        ">",
        ">",
        ">",
        ">",
        ">",
        ">",
        ">",
        ">",
        ">",
        ">",
        ">",
        ">",
        ">"
      ]
    },
    {
      "test_case": [
        "Test Case Input:\npostMail(new String[]{\"recipient1@example.com\", \"recipient2@example.com\"}, \"Test Subject\", \"Test Message\", \"sender@example.com\")"
      ],
      "test_mutations": [
        "Test Case Input:\npostMail(new String[]{\"recipient1@example.com\", \"recipient2@example.com\"}, \"Test Subject\", \"Test Message\", \"sender@example.com\")"
      ],
      "initial_code": "public class foo {\n  public void postMail( String recipients[ ], String subject,\n                            String message , String from) throws MessagingException\n  {\n    boolean debug = false;\n     //Set the host smtp address\n     Properties props = new Properties();\n     props.put(\"mail.smtp.host\", SMTP_HOST_NAME);\n     props.put(\"mail.smtp.auth\", \"true\");\n    Authenticator auth = new SMTPAuthenticator();\n    Session session = Session.getDefaultInstance(props, auth);\n    session.setDebug(debug);\n    // create a message\n    Message msg = new MimeMessage(session);\n    // set the from and to address\n    InternetAddress addressFrom = new InternetAddress(from);\n    msg.setFrom(addressFrom);\n    InternetAddress[] addressTo = new InternetAddress[recipients.length];\n    for (int i = 0; i < recipients.length; i++)\n    {\n        addressTo[i] = new InternetAddress(recipients[i]);\n    }\n    msg.setRecipients(Message.RecipientType.TO, addressTo);\n    // Setting the Subject and Content Type\n    msg.setSubject(subject);\n    msg.setContent(message, \"text/plain\");\n    Transport.send(msg);\n }\n}",
      "covered_code": "Plan for step-by-step execution of the given Java program and test case:\n\n1. Class Declaration and Method Declaration: The class `foo` and its method `postMail` are defined, but these are not \"executed\" per se until they are instantiated and called.\n2. Method Call Execution: The method `postMail` is explicitly called with given parameters.\n3. Variable Initialization: The variable `debug` is initialized to `false`, which will be covered.\n4. Properties Initialization: The `Properties` object `props` is created and initialized with SMTP properties, which will be executed.\n5. Authenticator Creation: An instance of `SMTPAuthenticator` is created, which will be executed.\n6. Session Creation: A `Session` object is created using the `props` and `auth`, which will be executed.\n7. Set Debug for Session: The session debug mode is set to `false`, which will be executed.\n8. Message Creation: A `MimeMessage` object `msg` is created using the session, which will be executed.\n9. Set From Address: An `InternetAddress` object `addressFrom` is created and set as the sender's address for the message, which will be executed.\n10. Set To Addresses: An array `addressTo` of `InternetAddress` objects is created and populated with recipient addresses, which will be executed.\n11. Set Recipients: The recipients are set for the message, which will be executed.\n12. Set Subject and Content: The subject and content of the message are set, which will be executed.\n13. Send Message: The `Transport.send()` method is called to send the message, which will be executed.\n\nFinal code coverage of the Java program based on its test case and the given step-by-step reasoning for execution is:\n\n```\n> public class foo {\n>   public void postMail( String recipients[ ], String subject,\n>                             String message , String from) throws MessagingException\n>   {\n>     boolean debug = false;\n>      //Set the host smtp address\n>      Properties props = new Properties();\n>      props.put(\"mail.smtp.host\", SMTP_HOST_NAME);\n>      props.put(\"mail.smtp.auth\", \"true\");\n>     Authenticator auth = new SMTPAuthenticator();\n>     Session session = Session.getDefaultInstance(props, auth);\n>     session.setDebug(debug);\n>     // create a message\n>     Message msg = new MimeMessage(session);\n>     // set the from and to address\n>     InternetAddress addressFrom = new InternetAddress(from);\n>     msg.setFrom(addressFrom);\n>     InternetAddress[] addressTo = new InternetAddress[recipients.length];\n>     for (int i = 0; i < recipients.length; i++)\n>     {\n>         addressTo[i] = new InternetAddress(recipients[i]);\n>     }\n>     msg.setRecipients(Message.RecipientType.TO, addressTo);\n>     // Setting the Subject and Content Type\n>     msg.setSubject(subject);\n>     msg.setContent(message, \"text/plain\");\n>     Transport.send(msg);\n>  }\n> }\n```",
      "test_seed_coverage": [
        ">",
        ">",
        ">",
        ">",
        ">",
        ">",
        ">",
        ">",
        ">",
        ">",
        ">",
        ">",
        ">",
        ">",
        ">",
        ">",
        ">",
        ">",
        ">",
        ">",
        ">",
        ">",
        ">",
        ">",
        ">",
        ">",
        ">",
        ">",
        ">"
      ],
      "cumulative_coverage": [
        ">",
        ">",
        ">",
        ">",
        ">",
        ">",
        ">",
        ">",
        ">",
        ">",
        ">",
        ">",
        ">",
        ">",
        ">",
        ">",
        ">",
        ">",
        ">",
        ">",
        ">",
        ">",
        ">",
        ">",
        ">",
        ">",
        ">",
        ">",
        ">"
      ]
    },
    {
      "test_case": [
        "Test Case Input:\npostMail(new String[]{\"recipient1@example.com\", \"recipient2@example.com\"}, \"Test Subject\", null, \"sender@example.com\")"
      ],
      "test_mutations": [
        "Test Case Input:\npostMail(new String[]{\"recipient1@example.com\", \"recipient2@example.com\"}, \"Test Subject\", null, \"sender@example.com\")"
      ],
      "initial_code": "public class foo {\n  public void postMail( String recipients[ ], String subject,\n                            String message , String from) throws MessagingException\n  {\n    boolean debug = false;\n     //Set the host smtp address\n     Properties props = new Properties();\n     props.put(\"mail.smtp.host\", SMTP_HOST_NAME);\n     props.put(\"mail.smtp.auth\", \"true\");\n    Authenticator auth = new SMTPAuthenticator();\n    Session session = Session.getDefaultInstance(props, auth);\n    session.setDebug(debug);\n    // create a message\n    Message msg = new MimeMessage(session);\n    // set the from and to address\n    InternetAddress addressFrom = new InternetAddress(from);\n    msg.setFrom(addressFrom);\n    InternetAddress[] addressTo = new InternetAddress[recipients.length];\n    for (int i = 0; i < recipients.length; i++)\n    {\n        addressTo[i] = new InternetAddress(recipients[i]);\n    }\n    msg.setRecipients(Message.RecipientType.TO, addressTo);\n    // Setting the Subject and Content Type\n    msg.setSubject(subject);\n    msg.setContent(message, \"text/plain\");\n    Transport.send(msg);\n }\n}",
      "covered_code": "PLAN for step by step execution of the given Java program and test case:\n\n1. Class Declaration: The class declaration statement \"public class foo {\" is covered.\n\n2. Method Declaration: Method declaration \"public void postMail(String recipients[], String subject, String message, String from) throws MessagingException {\" is covered when called.\n\n3. Variable Initialization: Statement \"boolean debug = false;\" is covered as the method is called.\n\n4. Properties Initialization: Statement \"Properties props = new Properties();\" is covered because it is part of the method execution.\n\n5. Setting Properties: Statements \"props.put(\"mail.smtp.host\", SMTP_HOST_NAME);\" and \"props.put(\"mail.smtp.auth\", \"true\");\" are executed.\n\n6. Authenticator Initialization: Statement \"Authenticator auth = new SMTPAuthenticator();\" is covered.\n\n7. Session Creation: Statement \"Session session = Session.getDefaultInstance(props, auth);\" is covered.\n\n8. Session Debug: Statement \"session.setDebug(debug);\" is covered.\n\n9. Message Creation: Statement \"Message msg = new MimeMessage(session);\" is covered.\n\n10. From Address Setup: Statement \"InternetAddress addressFrom = new InternetAddress(from);\" is covered.\n\n11. Setting From Address: Statement \"msg.setFrom(addressFrom);\" is covered.\n\n12. Recipients Initialization: Statement \"InternetAddress[] addressTo = new InternetAddress[recipients.length];\" is covered.\n\n13. Recipients Loop: Loop statement \"for (int i = 0; i < recipients.length; i++)\" is covered since recipients array has two elements.\n\n14. Inside Loop: Statement \"addressTo[i] = new InternetAddress(recipients[i]);\" is covered and executed twice.\n\n15. Setting Recipients: Statement \"msg.setRecipients(Message.RecipientType.TO, addressTo);\" is covered.\n\n16. Setting Subject: Statement \"msg.setSubject(subject);\" is covered.\n\n17. Setting Content: Statement \"msg.setContent(message, \"text/plain\");\" is covered, even if `message` is null.\n\n18. Sending Message: Statement \"Transport.send(msg);\" is covered as the email is sent.\n\n19. Closing Brackets: Always covered.\n\nFinal code coverage of the Java program based on its test case and given step-by-step reasoning for execution is:\n\n```\n> public class foo {\n>   public void postMail( String recipients[ ], String subject,\n>                             String message , String from) throws MessagingException\n>   {\n>     boolean debug = false;\n>      Properties props = new Properties();\n>      props.put(\"mail.smtp.host\", SMTP_HOST_NAME);\n>      props.put(\"mail.smtp.auth\", \"true\");\n>     Authenticator auth = new SMTPAuthenticator();\n>     Session session = Session.getDefaultInstance(props, auth);\n>     session.setDebug(debug);\n>     Message msg = new MimeMessage(session);\n>     InternetAddress addressFrom = new InternetAddress(from);\n>     msg.setFrom(addressFrom);\n>     InternetAddress[] addressTo = new InternetAddress[recipients.length];\n>     for (int i = 0; i < recipients.length; i++)\n>     {\n>         addressTo[i] = new InternetAddress(recipients[i]);\n>     }\n>     msg.setRecipients(Message.RecipientType.TO, addressTo);\n>     msg.setSubject(subject);\n>     msg.setContent(message, \"text/plain\");\n>     Transport.send(msg);\n>  }\n> }\n```",
      "test_seed_coverage": [
        ">",
        ">",
        ">",
        ">",
        ">",
        ">",
        ">",
        ">",
        ">",
        ">",
        ">",
        ">",
        ">",
        ">",
        ">",
        ">",
        ">",
        ">",
        ">",
        ">",
        ">",
        ">",
        ">",
        ">",
        ">",
        ">",
        ">",
        ">",
        ">"
      ],
      "cumulative_coverage": [
        ">",
        ">",
        ">",
        ">",
        ">",
        ">",
        ">",
        ">",
        ">",
        ">",
        ">",
        ">",
        ">",
        ">",
        ">",
        ">",
        ">",
        ">",
        ">",
        ">",
        ">",
        ">",
        ">",
        ">",
        ">",
        ">",
        ">",
        ">",
        ">"
      ]
    },
    {
      "test_case": [
        "Test Case Input:\npostMail(new String[]{null, \"recipient2@example.com\"}, \"Test Subject\", \"Test Message\", \"sender@example.com\")"
      ],
      "test_mutations": [
        "Test Case Input:\npostMail(new String[]{null, \"recipient2@example.com\"}, \"Test Subject\", \"Test Message\", \"sender@example.com\")"
      ],
      "initial_code": "public class foo {\n  public void postMail( String recipients[ ], String subject,\n                            String message , String from) throws MessagingException\n  {\n    boolean debug = false;\n     //Set the host smtp address\n     Properties props = new Properties();\n     props.put(\"mail.smtp.host\", SMTP_HOST_NAME);\n     props.put(\"mail.smtp.auth\", \"true\");\n    Authenticator auth = new SMTPAuthenticator();\n    Session session = Session.getDefaultInstance(props, auth);\n    session.setDebug(debug);\n    // create a message\n    Message msg = new MimeMessage(session);\n    // set the from and to address\n    InternetAddress addressFrom = new InternetAddress(from);\n    msg.setFrom(addressFrom);\n    InternetAddress[] addressTo = new InternetAddress[recipients.length];\n    for (int i = 0; i < recipients.length; i++)\n    {\n        addressTo[i] = new InternetAddress(recipients[i]);\n    }\n    msg.setRecipients(Message.RecipientType.TO, addressTo);\n    // Setting the Subject and Content Type\n    msg.setSubject(subject);\n    msg.setContent(message, \"text/plain\");\n    Transport.send(msg);\n }\n}",
      "covered_code": "PLAN for step by step execution of the given Java program and test case:\n\n1. Class Declaration: The class declaration statement \"public class foo {\" is covered.\n2. Method Declaration: The method \"public void postMail(...)\" is declared and will be executed when called.\n3. Initialization of Variables: The statement \"boolean debug = false;\" is executed.\n4. Properties Initialization: The statements \"Properties props = new Properties();\" and \"props.put(...);\" are executed.\n5. Authenticator Initialization: The statement \"Authenticator auth = new SMTPAuthenticator();\" is executed.\n6. Session Initialization: The statement \"Session session = Session.getDefaultInstance(props, auth);\" is executed.\n7. Session Debugging: The statement \"session.setDebug(debug);\" is executed.\n8. Message Initialization: The statement \"Message msg = new MimeMessage(session);\" is executed.\n9. From Address Setting: The statement \"InternetAddress addressFrom = new InternetAddress(from);\" is executed.\n10. Setting From Address: The statement \"msg.setFrom(addressFrom);\" is executed.\n11. To Address Initialization: The statement \"InternetAddress[] addressTo = new InternetAddress[recipients.length];\" is executed.\n12. For Loop Execution: The for loop \"for (int i = 0; i < recipients.length; i++)\" is executed. It iterates twice since the length of 'recipients' is 2.\n13. Loop Body Execution: The statement \"addressTo[i] = new InternetAddress(recipients[i]);\" is executed twice.\n14. Setting Recipients: The statement \"msg.setRecipients(Message.RecipientType.TO, addressTo);\" is executed.\n15. Setting Subject: The statement \"msg.setSubject(subject);\" is executed.\n16. Setting Content: The statement \"msg.setContent(message, 'text/plain');\" is executed.\n17. Sending Message: The statement \"Transport.send(msg);\" is executed.\n18. Closing Brackets: Closing brackets are always executed.\n\nFinal code coverage of the Java program based on its test case and given step by step reasoning for execution is:\n\n> public class foo {\n>   public void postMail( String recipients[ ], String subject,\n>                             String message , String from) throws MessagingException\n>   {\n>     boolean debug = false;\n>      //Set the host smtp address\n>      Properties props = new Properties();\n>      props.put(\"mail.smtp.host\", SMTP_HOST_NAME);\n>      props.put(\"mail.smtp.auth\", \"true\");\n>     Authenticator auth = new SMTPAuthenticator();\n>     Session session = Session.getDefaultInstance(props, auth);\n>     session.setDebug(debug);\n>     // create a message\n>     Message msg = new MimeMessage(session);\n>     // set the from and to address\n>     InternetAddress addressFrom = new InternetAddress(from);\n>     msg.setFrom(addressFrom);\n>     InternetAddress[] addressTo = new InternetAddress[recipients.length];\n>     for (int i = 0; i < recipients.length; i++)\n>     {\n>         addressTo[i] = new InternetAddress(recipients[i]);\n>     }\n>     msg.setRecipients(Message.RecipientType.TO, addressTo);\n>     // Setting the Subject and Content Type\n>     msg.setSubject(subject);\n>     msg.setContent(message, \"text/plain\");\n>     Transport.send(msg);\n>  }\n> }",
      "test_seed_coverage": [
        ">",
        ">",
        ">",
        ">",
        ">",
        ">",
        ">",
        ">",
        ">",
        ">",
        ">",
        ">",
        ">",
        ">",
        ">",
        ">",
        ">",
        ">",
        ">",
        ">",
        ">",
        ">",
        ">",
        ">",
        ">",
        ">",
        ">",
        ">",
        ">"
      ],
      "cumulative_coverage": [
        ">",
        ">",
        ">",
        ">",
        ">",
        ">",
        ">",
        ">",
        ">",
        ">",
        ">",
        ">",
        ">",
        ">",
        ">",
        ">",
        ">",
        ">",
        ">",
        ">",
        ">",
        ">",
        ">",
        ">",
        ">",
        ">",
        ">",
        ">",
        ">"
      ]
    },
    {
      "test_case": [
        "Test Case Input:\npostMail(new String[]{\"recipient1@example.com\", \"recipient2@example.com\"}, \"Test Subject\", \"Test Message\", 123)"
      ],
      "test_mutations": [
        "Test Case Input:\npostMail(new String[]{\"recipient1@example.com\", \"recipient2@example.com\"}, \"Test Subject\", \"Test Message\", 123)"
      ],
      "initial_code": "public class foo {\n  public void postMail( String recipients[ ], String subject,\n                            String message , String from) throws MessagingException\n  {\n    boolean debug = false;\n     //Set the host smtp address\n     Properties props = new Properties();\n     props.put(\"mail.smtp.host\", SMTP_HOST_NAME);\n     props.put(\"mail.smtp.auth\", \"true\");\n    Authenticator auth = new SMTPAuthenticator();\n    Session session = Session.getDefaultInstance(props, auth);\n    session.setDebug(debug);\n    // create a message\n    Message msg = new MimeMessage(session);\n    // set the from and to address\n    InternetAddress addressFrom = new InternetAddress(from);\n    msg.setFrom(addressFrom);\n    InternetAddress[] addressTo = new InternetAddress[recipients.length];\n    for (int i = 0; i < recipients.length; i++)\n    {\n        addressTo[i] = new InternetAddress(recipients[i]);\n    }\n    msg.setRecipients(Message.RecipientType.TO, addressTo);\n    // Setting the Subject and Content Type\n    msg.setSubject(subject);\n    msg.setContent(message, \"text/plain\");\n    Transport.send(msg);\n }\n}",
      "covered_code": "PLAN for step by step execution of the given Java program and test case:\n\n1. Class Declaration: The class `foo` is declared.\n2. Method Declaration: The method `postMail` is declared and executed because it is called in the test case.\n3. Variable Initialization: The boolean variable `debug` is initialized and executed.\n4. Properties Initialization: The `Properties` object `props` is initialized and executed.\n5. Setting Properties: The properties `mail.smtp.host` and `mail.smtp.auth` are set and executed.\n6. SMTPAuthenticator: The `SMTPAuthenticator` object `auth` is initialized and executed.\n7. Session Creation: The `Session` object `session` is created with default instance and executed.\n8. Debug Setting: The method `session.setDebug(debug)` is executed.\n9. Message Creation: The `Message` object `msg` is created as a new `MimeMessage` with the session and executed.\n10. From Address: The `InternetAddress` object `addressFrom` is created using the `from` parameter and executed.\n11. Setting From: The `msg.setFrom(addressFrom)` is executed.\n12. To Address Array: The `InternetAddress` array `addressTo` is created with the length of `recipients` and executed.\n13. Loop Through Recipients: The loop iterates over `recipients`, creating `InternetAddress` objects and filling the array `addressTo`. All loop iterations are executed, as there are two recipients.\n14. Setting Recipients: The `msg.setRecipients(Message.RecipientType.TO, addressTo)` is executed.\n15. Setting Subject: The `msg.setSubject(subject)` is executed.\n16. Setting Content: The `msg.setContent(message, \"text/plain\")` is executed.\n17. Sending Message: The `Transport.send(msg)` is executed.\n\nFinal predicted code coverage for the given code snippet:\n\n```\n> public class foo {\n>   public void postMail( String recipients[ ], String subject,\n>                             String message , String from) throws MessagingException\n>   {\n>     boolean debug = false;\n>     //Set the host smtp address\n>     Properties props = new Properties();\n>     props.put(\"mail.smtp.host\", SMTP_HOST_NAME);\n>     props.put(\"mail.smtp.auth\", \"true\");\n>     Authenticator auth = new SMTPAuthenticator();\n>     Session session = Session.getDefaultInstance(props, auth);\n>     session.setDebug(debug);\n>     // create a message\n>     Message msg = new MimeMessage(session);\n>     // set the from and to address\n>     InternetAddress addressFrom = new InternetAddress(from);\n>     msg.setFrom(addressFrom);\n>     InternetAddress[] addressTo = new InternetAddress[recipients.length];\n>     for (int i = 0; i < recipients.length; i++)\n>     {\n>         addressTo[i] = new InternetAddress(recipients[i]);\n>     }\n>     msg.setRecipients(Message.RecipientType.TO, addressTo);\n>     // Setting the Subject and Content Type\n>     msg.setSubject(subject);\n>     msg.setContent(message, \"text/plain\");\n>     Transport.send(msg);\n>  }\n> }\n```",
      "test_seed_coverage": [
        ">",
        ">",
        ">",
        ">",
        ">",
        ">",
        ">",
        ">",
        ">",
        ">",
        ">",
        ">",
        ">",
        ">",
        ">",
        ">",
        ">",
        ">",
        ">",
        ">",
        ">",
        ">",
        ">",
        ">",
        ">",
        ">",
        ">",
        ">",
        ">"
      ],
      "cumulative_coverage": [
        ">",
        ">",
        ">",
        ">",
        ">",
        ">",
        ">",
        ">",
        ">",
        ">",
        ">",
        ">",
        ">",
        ">",
        ">",
        ">",
        ">",
        ">",
        ">",
        ">",
        ">",
        ">",
        ">",
        ">",
        ">",
        ">",
        ">",
        ">",
        ">"
      ]
    },
    {
      "test_case": [
        "Test Case Input:\npostMail(new String[]{\"recipient1@example.com\"}, \"Test Subject\", \"Test Message\", null)"
      ],
      "test_mutations": [
        "Test Case Input:\npostMail(new String[]{\"recipient1@example.com\"}, \"Test Subject\", \"Test Message\", null)"
      ],
      "initial_code": "public class foo {\n  public void postMail( String recipients[ ], String subject,\n                            String message , String from) throws MessagingException\n  {\n    boolean debug = false;\n     //Set the host smtp address\n     Properties props = new Properties();\n     props.put(\"mail.smtp.host\", SMTP_HOST_NAME);\n     props.put(\"mail.smtp.auth\", \"true\");\n    Authenticator auth = new SMTPAuthenticator();\n    Session session = Session.getDefaultInstance(props, auth);\n    session.setDebug(debug);\n    // create a message\n    Message msg = new MimeMessage(session);\n    // set the from and to address\n    InternetAddress addressFrom = new InternetAddress(from);\n    msg.setFrom(addressFrom);\n    InternetAddress[] addressTo = new InternetAddress[recipients.length];\n    for (int i = 0; i < recipients.length; i++)\n    {\n        addressTo[i] = new InternetAddress(recipients[i]);\n    }\n    msg.setRecipients(Message.RecipientType.TO, addressTo);\n    // Setting the Subject and Content Type\n    msg.setSubject(subject);\n    msg.setContent(message, \"text/plain\");\n    Transport.send(msg);\n }\n}",
      "covered_code": "Plan for step by step execution of the Java program and test case:\n\n1. Class Declaration: Class declaration statement \"public class foo {\" is executed.\n2. Method Declaration: Method declaration \"public void postMail( String recipients[ ], String subject, String message , String from) throws MessagingException {\" is executed when called.\n3. Local Variable Initialization: Local variable \"boolean debug = false;\" is executed.\n4. Properties Object Creation: Statement \"Properties props = new Properties();\" is executed.\n5. Set SMTP Host Property: Statement \"props.put('mail.smtp.host', SMTP_HOST_NAME);\" is not executed due to missing SMTP_HOST_NAME definition.\n6. Set SMTP Auth Property: Statement \"props.put('mail.smtp.auth', 'true');\" is executed.\n7. Authenticator Initialization: Statement \"Authenticator auth = new SMTPAuthenticator();\" is executed.\n8. Session Creation: Statement \"Session session = Session.getDefaultInstance(props, auth);\" is executed.\n9. Set Debug Mode: Statement \"session.setDebug(debug);\" is executed.\n10. Message Creation: Statement \"Message msg = new MimeMessage(session);\" is executed.\n11. Set From Address: Statement \"InternetAddress addressFrom = new InternetAddress(from);\" is executed.\n12. Set Message From: Statement \"msg.setFrom(addressFrom);\" is executed.\n13. Initialize Address Array: Statement \"InternetAddress[] addressTo = new InternetAddress[recipients.length];\" is executed.\n14. For Loop Execution: Since recipients array has 1 element, loop condition (i < recipients.length) is true, and loop block is executed once.\n15. Loop Content for Address Assignment: Statement \"addressTo[i] = new InternetAddress(recipients[i]);\" is executed.\n16. Set Recipients: Statement \"msg.setRecipients(Message.RecipientType.TO, addressTo);\" is executed.\n17. Set Subject: Statement \"msg.setSubject(subject);\" is executed.\n18. Set Content: Statement \"msg.setContent(message, 'text/plain');\" is executed.\n19. Send Message: Statement \"Transport.send(msg);\" is executed.\n20. Closing Bracket: Closing brackets for method and class are always executed.\n\nFinal predicted code coverage for the Java program is:\n\n> public class foo {\n>   public void postMail( String recipients[ ], String subject,\n>                             String message , String from) throws MessagingException\n>   {\n>     boolean debug = false;\n>      //Set the host smtp address\n>      Properties props = new Properties();\n!      props.put(\"mail.smtp.host\", SMTP_HOST_NAME);\n>      props.put(\"mail.smtp.auth\", \"true\");\n>     Authenticator auth = new SMTPAuthenticator();\n>     Session session = Session.getDefaultInstance(props, auth);\n>     session.setDebug(debug);\n>     // create a message\n>     Message msg = new MimeMessage(session);\n>     // set the from and to address\n>     InternetAddress addressFrom = new InternetAddress(from);\n>     msg.setFrom(addressFrom);\n>     InternetAddress[] addressTo = new InternetAddress[recipients.length];\n>     for (int i = 0; i < recipients.length; i++)\n>     {\n>         addressTo[i] = new InternetAddress(recipients[i]);\n>     }\n>     msg.setRecipients(Message.RecipientType.TO, addressTo);\n>     // Setting the Subject and Content Type\n>     msg.setSubject(subject);\n>     msg.setContent(message, \"text/plain\");\n>     Transport.send(msg);\n>  }\n> }",
      "test_seed_coverage": [
        ">",
        ">",
        ">",
        ">",
        ">",
        ">",
        ">",
        ">",
        ">",
        ">",
        ">",
        ">",
        ">",
        ">",
        ">",
        ">",
        ">",
        ">",
        ">",
        ">",
        ">",
        ">",
        ">",
        ">",
        ">",
        ">",
        ">",
        ">",
        ">"
      ],
      "cumulative_coverage": [
        ">",
        ">",
        ">",
        ">",
        ">",
        ">",
        ">",
        ">",
        ">",
        ">",
        ">",
        ">",
        ">",
        ">",
        ">",
        ">",
        ">",
        ">",
        ">",
        ">",
        ">",
        ">",
        ">",
        ">",
        ">",
        ">",
        ">",
        ">",
        ">"
      ]
    },
    {
      "test_case": [
        "Test Case Input:\npostMail(new String[]{\"recipient1@example.com\"}, \"Test Subject\", null, \"sender@example.com\")"
      ],
      "test_mutations": [
        "Test Case Input:\npostMail(new String[]{\"recipient1@example.com\"}, \"Test Subject\", null, \"sender@example.com\")"
      ],
      "initial_code": "public class foo {\n  public void postMail( String recipients[ ], String subject,\n                            String message , String from) throws MessagingException\n  {\n    boolean debug = false;\n     //Set the host smtp address\n     Properties props = new Properties();\n     props.put(\"mail.smtp.host\", SMTP_HOST_NAME);\n     props.put(\"mail.smtp.auth\", \"true\");\n    Authenticator auth = new SMTPAuthenticator();\n    Session session = Session.getDefaultInstance(props, auth);\n    session.setDebug(debug);\n    // create a message\n    Message msg = new MimeMessage(session);\n    // set the from and to address\n    InternetAddress addressFrom = new InternetAddress(from);\n    msg.setFrom(addressFrom);\n    InternetAddress[] addressTo = new InternetAddress[recipients.length];\n    for (int i = 0; i < recipients.length; i++)\n    {\n        addressTo[i] = new InternetAddress(recipients[i]);\n    }\n    msg.setRecipients(Message.RecipientType.TO, addressTo);\n    // Setting the Subject and Content Type\n    msg.setSubject(subject);\n    msg.setContent(message, \"text/plain\");\n    Transport.send(msg);\n }\n}",
      "covered_code": "PLAN for step by step execution of the given Java program and test case:\n\n1. Class Declaration: Class declaration statements are executed. Statement \"public class foo {\" is covered.\n2. Method Declaration: Method declaration is executed when called. Statement \"public void postMail( String recipients[ ], String subject, String message , String from) throws MessagingException {\" is covered.\n3. Variable Initialization: The debug variable initialization is executed. Statement \"boolean debug = false;\" is covered.\n4. Properties Setup: Statements related to setting properties are executed. Statements \"Properties props = new Properties();\", \"props.put(\"mail.smtp.host\", SMTP_HOST_NAME);\", and \"props.put(\"mail.smtp.auth\", \"true\");\" are covered.\n5. Authenticator Initialization: The authenticator initialization is executed. Statement \"Authenticator auth = new SMTPAuthenticator();\" is covered.\n6. Session Initialization: The session initialization is executed. Statement \"Session session = Session.getDefaultInstance(props, auth);\" is covered.\n7. Debug Setting: The session debug setting is executed. Statement \"session.setDebug(debug);\" is covered.\n8. Message Creation: The message creation is executed. Statement \"Message msg = new MimeMessage(session);\" is covered.\n9. From Address Setting: The from address setting is executed. Statement \"InternetAddress addressFrom = new InternetAddress(from);\" is covered.\n10. Set From: The setFrom method is executed. Statement \"msg.setFrom(addressFrom);\" is covered.\n11. Recipients Initialization: The recipients array initialization is executed. Statement \"InternetAddress[] addressTo = new InternetAddress[recipients.length];\" is covered.\n12. For Loop Execution: Since recipients array length is 1, the for loop condition is true, and the loop block will be executed. Statement \"for (int i = 0; i < recipients.length; i++) {\" is covered.\n13. Recipient Address Setting: The recipient address setting is executed. Statement \"addressTo[i] = new InternetAddress(recipients[i]);\" is covered.\n14. Set Recipients: The setRecipients method is executed. Statement \"msg.setRecipients(Message.RecipientType.TO, addressTo);\" is covered.\n15. Subject Setting: The subject setting is executed. Statement \"msg.setSubject(subject);\" is covered.\n16. Content Setting: The content setting is executed, but since the message is null, this may cause an issue. Statement \"msg.setContent(message, \"text/plain\");\" is covered.\n17. Send Message: The send method is executed. Statement \"Transport.send(msg);\" is covered.\n18. Closing Brackets: Always covered.\n\nFinal code coverage of the Java program based on its test case and given step by step reasoning for execution is:\n\n> public class foo {\n>   public void postMail( String recipients[ ], String subject,\n>                             String message , String from) throws MessagingException\n>   {\n>     boolean debug = false;\n>      Properties props = new Properties();\n>      props.put(\"mail.smtp.host\", SMTP_HOST_NAME);\n>      props.put(\"mail.smtp.auth\", \"true\");\n>     Authenticator auth = new SMTPAuthenticator();\n>     Session session = Session.getDefaultInstance(props, auth);\n>     session.setDebug(debug);\n>     Message msg = new MimeMessage(session);\n>     InternetAddress addressFrom = new InternetAddress(from);\n>     msg.setFrom(addressFrom);\n>     InternetAddress[] addressTo = new InternetAddress[recipients.length];\n>     for (int i = 0; i < recipients.length; i++)\n>     {\n>         addressTo[i] = new InternetAddress(recipients[i]);\n>     }\n>     msg.setRecipients(Message.RecipientType.TO, addressTo);\n>     msg.setSubject(subject);\n>     msg.setContent(message, \"text/plain\");\n>     Transport.send(msg);\n>  }\n> }",
      "test_seed_coverage": [
        ">",
        ">",
        ">",
        ">",
        ">",
        ">",
        ">",
        ">",
        ">",
        ">",
        ">",
        ">",
        ">",
        ">",
        ">",
        ">",
        ">",
        ">",
        ">",
        ">",
        ">",
        ">",
        ">",
        ">",
        ">",
        ">",
        ">",
        ">",
        ">"
      ],
      "cumulative_coverage": [
        ">",
        ">",
        ">",
        ">",
        ">",
        ">",
        ">",
        ">",
        ">",
        ">",
        ">",
        ">",
        ">",
        ">",
        ">",
        ">",
        ">",
        ">",
        ">",
        ">",
        ">",
        ">",
        ">",
        ">",
        ">",
        ">",
        ">",
        ">",
        ">"
      ]
    },
    {
      "test_case": [
        "Test Case Input:\npostMail(new String[]{\"recipient1@example.com\", 123}, \"Test Subject\", \"Test Message\", \"sender@example.com\")"
      ],
      "test_mutations": [
        "Test Case Input:\npostMail(new String[]{\"recipient1@example.com\", 123}, \"Test Subject\", \"Test Message\", \"sender@example.com\")"
      ],
      "initial_code": "public class foo {\n  public void postMail( String recipients[ ], String subject,\n                            String message , String from) throws MessagingException\n  {\n    boolean debug = false;\n     //Set the host smtp address\n     Properties props = new Properties();\n     props.put(\"mail.smtp.host\", SMTP_HOST_NAME);\n     props.put(\"mail.smtp.auth\", \"true\");\n    Authenticator auth = new SMTPAuthenticator();\n    Session session = Session.getDefaultInstance(props, auth);\n    session.setDebug(debug);\n    // create a message\n    Message msg = new MimeMessage(session);\n    // set the from and to address\n    InternetAddress addressFrom = new InternetAddress(from);\n    msg.setFrom(addressFrom);\n    InternetAddress[] addressTo = new InternetAddress[recipients.length];\n    for (int i = 0; i < recipients.length; i++)\n    {\n        addressTo[i] = new InternetAddress(recipients[i]);\n    }\n    msg.setRecipients(Message.RecipientType.TO, addressTo);\n    // Setting the Subject and Content Type\n    msg.setSubject(subject);\n    msg.setContent(message, \"text/plain\");\n    Transport.send(msg);\n }\n}",
      "covered_code": "Plan for step by step execution of the given Java program and test case:\n\n1. Class Declaration: Class declaration statement \"public class foo {\" is executed.\n2. Method Declaration: Method declaration for `postMail` is executed when called. Statement \"public void postMail(String recipients[], String subject, String message, String from) throws MessagingException\" is executed.\n3. Boolean Debug Declaration: \"boolean debug = false;\" is executed.\n4. Properties Setup: The properties setup statements \"Properties props = new Properties();\" and \"props.put(\"mail.smtp.host\", SMTP_HOST_NAME);\" are executed, but \"SMTP_HOST_NAME\" is not defined, leading to an exception.\n5. Authenticator Initialization: The statement \"Authenticator auth = new SMTPAuthenticator();\" is not executed due to the exception before it.\n6. Session Initialization: The statement \"Session session = Session.getDefaultInstance(props, auth);\" is not executed due to the exception before it.\n7. Session Debug: The statement \"session.setDebug(debug);\" is not executed due to the exception before it.\n8. Message Creation: The statement \"Message msg = new MimeMessage(session);\" is not executed due to the exception before it.\n9. From Address Setup: The statement \"InternetAddress addressFrom = new InternetAddress(from);\" is not executed due to the exception before it.\n10. Set From Address: The statement \"msg.setFrom(addressFrom);\" is not executed due to the exception before it.\n11. To Address Loop: The loop statements \"for (int i = 0; i < recipients.length; i++) {\" and its content are not executed due to the exception before it.\n12. Set Recipients: The statement \"msg.setRecipients(Message.RecipientType.TO, addressTo);\" is not executed due to the exception before it.\n13. Set Subject: The statement \"msg.setSubject(subject);\" is not executed due to the exception before it.\n14. Set Content: The statement \"msg.setContent(message, \"text/plain\");\" is not executed due to the exception before it.\n15. Send Message: The statement \"Transport.send(msg);\" is not executed due to the exception before it.\n16. Closing Brackets: The closing brackets are always executed.\n\nFinal code coverage of the Java program based on its test case and given step-by-step reasoning for execution:\n\n```java\n> public class foo {\n>   public void postMail( String recipients[ ], String subject,\n                            String message , String from) throws MessagingException\n  {\n>     boolean debug = false;\n>     //Set the host smtp address\n>     Properties props = new Properties();\n!     props.put(\"mail.smtp.host\", SMTP_HOST_NAME);\n!     props.put(\"mail.smtp.auth\", \"true\");\n!     Authenticator auth = new SMTPAuthenticator();\n!     Session session = Session.getDefaultInstance(props, auth);\n!     session.setDebug(debug);\n!     // create a message\n!     Message msg = new MimeMessage(session);\n!     // set the from and to address\n!     InternetAddress addressFrom = new InternetAddress(from);\n!     msg.setFrom(addressFrom);\n!     InternetAddress[] addressTo = new InternetAddress[recipients.length];\n!     for (int i = 0; i < recipients.length; i++)\n    {\n!         addressTo[i] = new InternetAddress(recipients[i]);\n    }\n!     msg.setRecipients(Message.RecipientType.TO, addressTo);\n!     // Setting the Subject and Content Type\n!     msg.setSubject(subject);\n!     msg.setContent(message, \"text/plain\");\n!     Transport.send(msg);\n>  }\n> }\n```",
      "test_seed_coverage": [
        ">",
        ">",
        ">",
        ">",
        ">",
        ">",
        ">",
        ">",
        ">",
        ">",
        ">",
        ">",
        ">",
        ">",
        ">",
        ">",
        ">",
        ">",
        ">",
        ">",
        ">",
        ">",
        ">",
        ">",
        ">",
        ">",
        ">",
        ">",
        ">"
      ],
      "cumulative_coverage": [
        ">",
        ">",
        ">",
        ">",
        ">",
        ">",
        ">",
        ">",
        ">",
        ">",
        ">",
        ">",
        ">",
        ">",
        ">",
        ">",
        ">",
        ">",
        ">",
        ">",
        ">",
        ">",
        ">",
        ">",
        ">",
        ">",
        ">",
        ">",
        ">"
      ]
    }
  ]
}