{
    "submission_id": "311986",
    "cycles": [
        {
            "test_case": [
                "Test Case Input:\n\"test.zip\", \"outputFolder\""
            ],
            "test_mutations": [
                "Test Case Input:\n\"test.zip\", \"outputFolder\""
            ],
            "initial_code": "public class foo {\nprivate static void unZip(String zipFile, String outputFolder) throws Exception {\n    byte[] buffer = new byte[1024];\n    File folder = new File(outputFolder);\n    if (!folder.exists()) {\n        folder.mkdir();\n    }\n    ZipInputStream zis = new ZipInputStream(new FileInputStream(zipFile));\n    ZipEntry ze = zis.getNextEntry();\n    while (ze != null) {\n        String fileName = ze.getName();\n        File newFile = new File(outputFolder + File.separator + fileName);\n        System.out.println(\"file unzip : \" + newFile.getAbsoluteFile());\n        new File(newFile.getParent()).mkdirs();\n        if (ze.isDirectory())\n        {\n            newFile.mkdir();\n            ze = zis.getNextEntry();\n            continue;\n        }\n        FileOutputStream fos = new FileOutputStream(newFile);\n        int len;\n        while ((len = zis.read(buffer)) > 0) {\n            fos.write(buffer, 0, len);\n        }\n        fos.close();\n        ze = zis.getNextEntry();\n    }\n    zis.closeEntry();\n    zis.close();\n}\n}",
            "covered_code": "PLAN for step-by-step execution of the given Java program and test case:\n\n1. Class Declaration: The class declaration statement `public class foo {` will be executed.\n2. Method Declaration: The method declaration `private static void unZip(String zipFile, String outputFolder) throws Exception {` will be executed.\n3. Buffer Initialization: The statement `byte[] buffer = new byte[1024];` will be executed.\n4. Folder File Object Creation: The statement `File folder = new File(outputFolder);` will be executed.\n5. Folder Existence Check: The statement `if (!folder.exists()) {` will be executed.\n6. Folder Creation: Assuming the folder does not exist, the statement `folder.mkdir();` will be executed.\n7. ZipInputStream Initialization: The statement `ZipInputStream zis = new ZipInputStream(new FileInputStream(zipFile));` will be executed.\n8. First Zip Entry Retrieval: The statement `ZipEntry ze = zis.getNextEntry();` will be executed.\n9. While Loop Execution: Assuming there is at least one entry in the zip file, the `while (ze != null) {` loop will be executed.\n10. Get File Name: The statement `String fileName = ze.getName();` will be executed.\n11. New File Creation: The statement `File newFile = new File(outputFolder + File.separator + fileName);` will be executed.\n12. Print Unzip Message: The statement `System.out.println(\"file unzip : \" + newFile.getAbsoluteFile());` will be executed.\n13. Parent Directory Creation: The statement `new File(newFile.getParent()).mkdirs();` will be executed.\n14. Directory Check: The statement `if (ze.isDirectory()) {` will be executed.\n15. File Output Stream Creation: Assuming `ze` is not a directory, the statement `FileOutputStream fos = new FileOutputStream(newFile);` will be executed.\n16. Read and Write Loop: Assuming the zip entry has content, the `while ((len = zis.read(buffer)) > 0) {` loop will be executed, and `fos.write(buffer, 0, len);` will be executed multiple times.\n17. Close File Output Stream: The statement `fos.close();` will be executed.\n18. Get Next Zip Entry: The statement `ze = zis.getNextEntry();` will be executed again, repeating steps 9-18 until no more entries exist.\n19. Close Zip Input Stream: After the loop, the statements `zis.closeEntry();` and `zis.close();` will be executed.\n\nFinal code coverage of the Java program based on its test case and given step-by-step reasoning for execution is:\n\n> public class foo {\n> private static void unZip(String zipFile, String outputFolder) throws Exception {\n>     byte[] buffer = new byte[1024];\n>     File folder = new File(outputFolder);\n>     if (!folder.exists()) {\n>         folder.mkdir();\n>     }\n>     ZipInputStream zis = new ZipInputStream(new FileInputStream(zipFile));\n>     ZipEntry ze = zis.getNextEntry();\n>     while (ze != null) {\n>         String fileName = ze.getName();\n>         File newFile = new File(outputFolder + File.separator + fileName);\n>         System.out.println(\"file unzip : \" + newFile.getAbsoluteFile());\n>         new File(newFile.getParent()).mkdirs();\n>         if (ze.isDirectory())\n>         {\n>             newFile.mkdir();\n>             ze = zis.getNextEntry();\n>             continue;\n>         }\n>         FileOutputStream fos = new FileOutputStream(newFile);\n>         int len;\n>         while ((len = zis.read(buffer)) > 0) {\n>             fos.write(buffer, 0, len);\n>         }\n>         fos.close();\n>         ze = zis.getNextEntry();\n>     }\n>     zis.closeEntry();\n>     zis.close();\n> }\n> }",
            "test_seed_coverage": [
                ">",
                ">",
                ">",
                ">",
                ">",
                ">",
                ">",
                ">",
                ">",
                ">",
                ">",
                ">",
                ">",
                ">",
                ">",
                ">",
                ">",
                ">",
                ">",
                ">",
                ">",
                ">",
                ">",
                ">",
                ">",
                ">",
                ">",
                ">",
                ">",
                ">",
                ">",
                ">"
            ],
            "cumulative_coverage": [
                ">",
                ">",
                ">",
                ">",
                ">",
                ">",
                ">",
                ">",
                ">",
                ">",
                ">",
                ">",
                ">",
                ">",
                ">",
                ">",
                ">",
                ">",
                ">",
                ">",
                ">",
                ">",
                ">",
                ">",
                ">",
                ">",
                ">",
                ">",
                ">",
                ">",
                ">",
                ">"
            ],
            "execution_output": "Exception in thread \"main\" java.util.NoSuchElementException: No line found\n\tat java.base/java.util.Scanner.nextLine(Scanner.java:1660)\n\tat foo.main(foo.java:66)"
        },
        {
            "test_case": [
                "Test Case Input:\n\"test.zip\", null"
            ],
            "test_mutations": [
                "Test Case Input:\n\"test.zip\", null"
            ],
            "initial_code": "public class foo {\nprivate static void unZip(String zipFile, String outputFolder) throws Exception {\n    byte[] buffer = new byte[1024];\n    File folder = new File(outputFolder);\n    if (!folder.exists()) {\n        folder.mkdir();\n    }\n    ZipInputStream zis = new ZipInputStream(new FileInputStream(zipFile));\n    ZipEntry ze = zis.getNextEntry();\n    while (ze != null) {\n        String fileName = ze.getName();\n        File newFile = new File(outputFolder + File.separator + fileName);\n        System.out.println(\"file unzip : \" + newFile.getAbsoluteFile());\n        new File(newFile.getParent()).mkdirs();\n        if (ze.isDirectory())\n        {\n            newFile.mkdir();\n            ze = zis.getNextEntry();\n            continue;\n        }\n        FileOutputStream fos = new FileOutputStream(newFile);\n        int len;\n        while ((len = zis.read(buffer)) > 0) {\n            fos.write(buffer, 0, len);\n        }\n        fos.close();\n        ze = zis.getNextEntry();\n    }\n    zis.closeEntry();\n    zis.close();\n}\n}",
            "covered_code": "Plan for step by step execution of the given Java program and test case:\n\n1. Class Declaration: The class `foo` is declared. The statement `public class foo {` is covered.\n2. Method Declaration: The method `unZip` is declared. The statement `private static void unZip(String zipFile, String outputFolder) throws Exception {` is covered.\n3. Buffer Initialization: The buffer is initialized. The statement `byte[] buffer = new byte[1024];` is covered.\n4. Output Folder Creation: The `File` object for `outputFolder` is created. The statement `File folder = new File(outputFolder);` is covered.\n5. Folder Existence Check: The existence of the folder is checked. The statement `if (!folder.exists()) {` is covered.\n6. Folder Creation: Since `outputFolder` is `null`, a `NullPointerException` is thrown when attempting to call `folder.exists()`. None of the subsequent statements are executed.\n\nFinal code coverage of the Java program based on its test case:\n\n> public class foo {\n> private static void unZip(String zipFile, String outputFolder) throws Exception {\n>     byte[] buffer = new byte[1024];\n>     File folder = new File(outputFolder);\n!     if (!folder.exists()) {\n!         folder.mkdir();\n!     }\n!     ZipInputStream zis = new ZipInputStream(new FileInputStream(zipFile));\n!     ZipEntry ze = zis.getNextEntry();\n!     while (ze != null) {\n!         String fileName = ze.getName();\n!         File newFile = new File(outputFolder + File.separator + fileName);\n!         System.out.println(\"file unzip : \" + newFile.getAbsoluteFile());\n!         new File(newFile.getParent()).mkdirs();\n!         if (ze.isDirectory())\n!         {\n!             newFile.mkdir();\n!             ze = zis.getNextEntry();\n!             continue;\n!         }\n!         FileOutputStream fos = new FileOutputStream(newFile);\n!         int len;\n!         while ((len = zis.read(buffer)) > 0) {\n!             fos.write(buffer, 0, len);\n!         }\n!         fos.close();\n!         ze = zis.getNextEntry();\n!     }\n!     zis.closeEntry();\n!     zis.close();\n> }\n}",
            "test_seed_coverage": [
                ">",
                ">",
                ">",
                ">",
                ">",
                ">",
                ">",
                ">",
                ">",
                ">",
                ">",
                ">",
                ">",
                ">",
                ">",
                ">",
                ">",
                ">",
                ">",
                ">",
                ">",
                ">",
                ">",
                ">",
                ">",
                ">",
                ">",
                ">",
                ">",
                ">",
                ">",
                ">"
            ],
            "cumulative_coverage": [
                ">",
                ">",
                ">",
                ">",
                ">",
                ">",
                ">",
                ">",
                ">",
                ">",
                ">",
                ">",
                ">",
                ">",
                ">",
                ">",
                ">",
                ">",
                ">",
                ">",
                ">",
                ">",
                ">",
                ">",
                ">",
                ">",
                ">",
                ">",
                ">",
                ">",
                ">",
                ">"
            ],
            "execution_output": "Exception in thread \"main\" java.util.NoSuchElementException: No line found\n\tat java.base/java.util.Scanner.nextLine(Scanner.java:1660)\n\tat foo.main(foo.java:66)"
        },
        {
            "test_case": [
                "Test Case Input:\n\"test.zip\", \"123\""
            ],
            "test_mutations": [
                "Test Case Input:\n\"test.zip\", \"123\""
            ],
            "initial_code": "public class foo {\nprivate static void unZip(String zipFile, String outputFolder) throws Exception {\n    byte[] buffer = new byte[1024];\n    File folder = new File(outputFolder);\n    if (!folder.exists()) {\n        folder.mkdir();\n    }\n    ZipInputStream zis = new ZipInputStream(new FileInputStream(zipFile));\n    ZipEntry ze = zis.getNextEntry();\n    while (ze != null) {\n        String fileName = ze.getName();\n        File newFile = new File(outputFolder + File.separator + fileName);\n        System.out.println(\"file unzip : \" + newFile.getAbsoluteFile());\n        new File(newFile.getParent()).mkdirs();\n        if (ze.isDirectory())\n        {\n            newFile.mkdir();\n            ze = zis.getNextEntry();\n            continue;\n        }\n        FileOutputStream fos = new FileOutputStream(newFile);\n        int len;\n        while ((len = zis.read(buffer)) > 0) {\n            fos.write(buffer, 0, len);\n        }\n        fos.close();\n        ze = zis.getNextEntry();\n    }\n    zis.closeEntry();\n    zis.close();\n}\n}",
            "covered_code": "Plan for step by step execution of the given Java program and test case:\n\n1. Class Declaration: Class declaration statements are executed. Statement \"public class foo {\" is covered.\n2. Method Declaration: Method declarations are executed when called. The method \"private static void unZip(String zipFile, String outputFolder) throws Exception {\" is covered when called.\n3. Buffer Initialization: Statement \"byte[] buffer = new byte[1024];\" is executed.\n4. Output Folder: Statement \"File folder = new File(outputFolder);\" is executed.\n5. Folder Existence Check: The folder existence check \"if (!folder.exists()) {\" is executed.\n6. Folder Creation: If the folder doesn't exist, \"folder.mkdir();\" is executed.\n7. ZipInputStream Initialization: Statement \"ZipInputStream zis = new ZipInputStream(new FileInputStream(zipFile));\" is executed.\n8. Get Next Entry: Statement \"ZipEntry ze = zis.getNextEntry();\" is executed.\n9. While Loop: The while loop \"while (ze != null) {\" is executed as long as there are entries.\n10. File Creation: Statement \"File newFile = new File(outputFolder + File.separator + fileName);\" is executed.\n11. Print Statement: Statement \"System.out.println(\"file unzip : \" + newFile.getAbsoluteFile());\" is executed.\n12. Directory Creation: Statement \"new File(newFile.getParent()).mkdirs();\" is executed.\n13. Directory Check: If the entry is a directory, \"if (ze.isDirectory()) {\" is executed.\n14. Directory Handling: If it is a directory, \"newFile.mkdir();\" is executed and \"ze = zis.getNextEntry();\" is executed with \"continue;\".\n15. FileOutputStream: Statement \"FileOutputStream fos = new FileOutputStream(newFile);\" is executed for non-directory entries.\n16. Reading and Writing: The while loop \"while ((len = zis.read(buffer)) > 0) {\" is executed, and \"fos.write(buffer, 0, len);\" is executed within the loop.\n17. Close FileOutputStream: Statement \"fos.close();\" is executed after the loop.\n18. Next Entry: \"ze = zis.getNextEntry();\" is executed.\n19. Close ZipEntry and ZipInputStream: Statements \"zis.closeEntry();\" and \"zis.close();\" are executed after the while loop.\n\nFinal predicted code coverage for the Java program based on the test case:\n\n> public class foo {\n> private static void unZip(String zipFile, String outputFolder) throws Exception {\n>     byte[] buffer = new byte[1024];\n>     File folder = new File(outputFolder);\n>     if (!folder.exists()) {\n>         folder.mkdir();\n>     }\n>     ZipInputStream zis = new ZipInputStream(new FileInputStream(zipFile));\n>     ZipEntry ze = zis.getNextEntry();\n>     while (ze != null) {\n>         String fileName = ze.getName();\n>         File newFile = new File(outputFolder + File.separator + fileName);\n>         System.out.println(\"file unzip : \" + newFile.getAbsoluteFile());\n>         new File(newFile.getParent()).mkdirs();\n>         if (ze.isDirectory())\n>         {\n>             newFile.mkdir();\n>             ze = zis.getNextEntry();\n>             continue;\n>         }\n>         FileOutputStream fos = new FileOutputStream(newFile);\n>         int len;\n>         while ((len = zis.read(buffer)) > 0) {\n>             fos.write(buffer, 0, len);\n>         }\n>         fos.close();\n>         ze = zis.getNextEntry();\n>     }\n>     zis.closeEntry();\n>     zis.close();\n> }\n> }",
            "test_seed_coverage": [
                ">",
                ">",
                ">",
                ">",
                ">",
                ">",
                ">",
                ">",
                ">",
                ">",
                ">",
                ">",
                ">",
                ">",
                ">",
                ">",
                ">",
                ">",
                ">",
                ">",
                ">",
                ">",
                ">",
                ">",
                ">",
                ">",
                ">",
                ">",
                ">",
                ">",
                ">",
                ">"
            ],
            "cumulative_coverage": [
                ">",
                ">",
                ">",
                ">",
                ">",
                ">",
                ">",
                ">",
                ">",
                ">",
                ">",
                ">",
                ">",
                ">",
                ">",
                ">",
                ">",
                ">",
                ">",
                ">",
                ">",
                ">",
                ">",
                ">",
                ">",
                ">",
                ">",
                ">",
                ">",
                ">",
                ">",
                ">"
            ],
            "execution_output": "Exception in thread \"main\" java.util.NoSuchElementException: No line found\n\tat java.base/java.util.Scanner.nextLine(Scanner.java:1660)\n\tat foo.main(foo.java:66)"
        },
        {
            "test_case": [
                "Test Case Input:\nnull, \"outputFolder\""
            ],
            "test_mutations": [
                "Test Case Input:\nnull, \"outputFolder\""
            ],
            "initial_code": "public class foo {\nprivate static void unZip(String zipFile, String outputFolder) throws Exception {\n    byte[] buffer = new byte[1024];\n    File folder = new File(outputFolder);\n    if (!folder.exists()) {\n        folder.mkdir();\n    }\n    ZipInputStream zis = new ZipInputStream(new FileInputStream(zipFile));\n    ZipEntry ze = zis.getNextEntry();\n    while (ze != null) {\n        String fileName = ze.getName();\n        File newFile = new File(outputFolder + File.separator + fileName);\n        System.out.println(\"file unzip : \" + newFile.getAbsoluteFile());\n        new File(newFile.getParent()).mkdirs();\n        if (ze.isDirectory())\n        {\n            newFile.mkdir();\n            ze = zis.getNextEntry();\n            continue;\n        }\n        FileOutputStream fos = new FileOutputStream(newFile);\n        int len;\n        while ((len = zis.read(buffer)) > 0) {\n            fos.write(buffer, 0, len);\n        }\n        fos.close();\n        ze = zis.getNextEntry();\n    }\n    zis.closeEntry();\n    zis.close();\n}\n}",
            "covered_code": "PLAN for step by step execution of the given Java program and test case:\n\n1. Class Declaration: The class declaration statement \"public class foo {\" is covered.\n2. Method Declaration: The method \"private static void unZip(String zipFile, String outputFolder) throws Exception {\" is covered.\n3. Initialization of buffer: The statement \"byte[] buffer = new byte[1024];\" is covered.\n4. Output Folder File Object Creation: The statement \"File folder = new File(outputFolder);\" is covered.\n5. Folder Existence Check: The statement \"if (!folder.exists()) {\" is covered.\n6. Folder Creation: Since the folder does not exist, \"folder.mkdir();\" is covered.\n7. ZipInputStream Initialization: The statement \"ZipInputStream zis = new ZipInputStream(new FileInputStream(zipFile));\" is not executed due to an exception.\n8. Exception Handling: Since \"zipFile\" is null, a NullPointerException is thrown when attempting to create a FileInputStream, so the execution stops here and the following lines are not executed.\n9. Closing Brackets: Always covered.\n\nFinal code coverage of the Java program based on its test case and given step-by-step reasoning for execution is:\n\n> public class foo {\n> private static void unZip(String zipFile, String outputFolder) throws Exception {\n>     byte[] buffer = new byte[1024];\n>     File folder = new File(outputFolder);\n>     if (!folder.exists()) {\n>         folder.mkdir();\n!     }\n!     ZipInputStream zis = new ZipInputStream(new FileInputStream(zipFile));\n!     ZipEntry ze = zis.getNextEntry();\n!     while (ze != null) {\n!         String fileName = ze.getName();\n!         File newFile = new File(outputFolder + File.separator + fileName);\n!         System.out.println(\"file unzip : \" + newFile.getAbsoluteFile());\n!         new File(newFile.getParent()).mkdirs();\n!         if (ze.isDirectory())\n!         {\n!             newFile.mkdir();\n!             ze = zis.getNextEntry();\n!             continue;\n!         }\n!         FileOutputStream fos = new FileOutputStream(newFile);\n!         int len;\n!         while ((len = zis.read(buffer)) > 0) {\n!             fos.write(buffer, 0, len);\n!         }\n!         fos.close();\n!         ze = zis.getNextEntry();\n!     }\n!     zis.closeEntry();\n!     zis.close();\n> }\n> }",
            "test_seed_coverage": [
                ">",
                ">",
                ">",
                ">",
                ">",
                ">",
                ">",
                ">",
                ">",
                ">",
                ">",
                ">",
                ">",
                ">",
                ">",
                ">",
                ">",
                ">",
                ">",
                ">",
                ">",
                ">",
                ">",
                ">",
                ">",
                ">",
                ">",
                ">",
                ">",
                ">",
                ">",
                ">"
            ],
            "cumulative_coverage": [
                ">",
                ">",
                ">",
                ">",
                ">",
                ">",
                ">",
                ">",
                ">",
                ">",
                ">",
                ">",
                ">",
                ">",
                ">",
                ">",
                ">",
                ">",
                ">",
                ">",
                ">",
                ">",
                ">",
                ">",
                ">",
                ">",
                ">",
                ">",
                ">",
                ">",
                ">",
                ">"
            ],
            "execution_output": "Exception in thread \"main\" java.util.NoSuchElementException: No line found\n\tat java.base/java.util.Scanner.nextLine(Scanner.java:1660)\n\tat foo.main(foo.java:66)"
        },
        {
            "test_case": [
                "Test Case Input:\nnull, \"123\""
            ],
            "test_mutations": [
                "Test Case Input:\nnull, \"123\""
            ],
            "initial_code": "public class foo {\nprivate static void unZip(String zipFile, String outputFolder) throws Exception {\n    byte[] buffer = new byte[1024];\n    File folder = new File(outputFolder);\n    if (!folder.exists()) {\n        folder.mkdir();\n    }\n    ZipInputStream zis = new ZipInputStream(new FileInputStream(zipFile));\n    ZipEntry ze = zis.getNextEntry();\n    while (ze != null) {\n        String fileName = ze.getName();\n        File newFile = new File(outputFolder + File.separator + fileName);\n        System.out.println(\"file unzip : \" + newFile.getAbsoluteFile());\n        new File(newFile.getParent()).mkdirs();\n        if (ze.isDirectory())\n        {\n            newFile.mkdir();\n            ze = zis.getNextEntry();\n            continue;\n        }\n        FileOutputStream fos = new FileOutputStream(newFile);\n        int len;\n        while ((len = zis.read(buffer)) > 0) {\n            fos.write(buffer, 0, len);\n        }\n        fos.close();\n        ze = zis.getNextEntry();\n    }\n    zis.closeEntry();\n    zis.close();\n}\n}",
            "covered_code": "PLAN for step by step execution of the given Java program and test case:\n1. Class Declaration: Statement \"public class foo {\" is executed.\n2. Method Declaration: Method \"private static void unZip(String zipFile, String outputFolder) throws Exception {\" is executed when called.\n3. Test Case Input Handling: The test case input is ['null', \"123\"], which means zipFile is null, which will cause a FileNotFoundException when trying to create a FileInputStream.\n4. Exception Handling: Since zipFile is null, no further execution occurs within the method due to the exception, and no statements within the method are executed.\n5. Closing Brackets: Always executed.\n\nFinal code coverage of the Java program based on its test case:\n> public class foo {\n! private static void unZip(String zipFile, String outputFolder) throws Exception {\n!     byte[] buffer = new byte[1024];\n!     File folder = new File(outputFolder);\n!     if (!folder.exists()) {\n!         folder.mkdir();\n!     }\n!     ZipInputStream zis = new ZipInputStream(new FileInputStream(zipFile));\n!     ZipEntry ze = zis.getNextEntry();\n!     while (ze != null) {\n!         String fileName = ze.getName();\n!         File newFile = new File(outputFolder + File.separator + fileName);\n!         System.out.println(\"file unzip : \" + newFile.getAbsoluteFile());\n!         new File(newFile.getParent()).mkdirs();\n!         if (ze.isDirectory())\n!         {\n!             newFile.mkdir();\n!             ze = zis.getNextEntry();\n!             continue;\n!         }\n!         FileOutputStream fos = new FileOutputStream(newFile);\n!         int len;\n!         while ((len = zis.read(buffer)) > 0) {\n!             fos.write(buffer, 0, len);\n!         }\n!         fos.close();\n!         ze = zis.getNextEntry();\n!     }\n!     zis.closeEntry();\n!     zis.close();\n! }\n}",
            "test_seed_coverage": [
                ">",
                ">",
                ">",
                ">",
                ">",
                ">",
                ">",
                ">",
                ">",
                ">",
                ">",
                ">",
                ">",
                ">",
                ">",
                ">",
                ">",
                ">",
                ">",
                ">",
                ">",
                ">",
                ">",
                ">",
                ">",
                ">",
                ">",
                ">",
                ">",
                ">",
                ">",
                ">"
            ],
            "cumulative_coverage": [
                ">",
                ">",
                ">",
                ">",
                ">",
                ">",
                ">",
                ">",
                ">",
                ">",
                ">",
                ">",
                ">",
                ">",
                ">",
                ">",
                ">",
                ">",
                ">",
                ">",
                ">",
                ">",
                ">",
                ">",
                ">",
                ">",
                ">",
                ">",
                ">",
                ">",
                ">",
                ">"
            ],
            "execution_output": "Exception in thread \"main\" java.util.NoSuchElementException: No line found\n\tat java.base/java.util.Scanner.nextLine(Scanner.java:1660)\n\tat foo.main(foo.java:66)"
        },
        {
            "test_case": [
                "Test Case Input:\nnull, \"12345\""
            ],
            "test_mutations": [
                "Test Case Input:\nnull, \"12345\""
            ],
            "initial_code": "public class foo {\nprivate static void unZip(String zipFile, String outputFolder) throws Exception {\n    byte[] buffer = new byte[1024];\n    File folder = new File(outputFolder);\n    if (!folder.exists()) {\n        folder.mkdir();\n    }\n    ZipInputStream zis = new ZipInputStream(new FileInputStream(zipFile));\n    ZipEntry ze = zis.getNextEntry();\n    while (ze != null) {\n        String fileName = ze.getName();\n        File newFile = new File(outputFolder + File.separator + fileName);\n        System.out.println(\"file unzip : \" + newFile.getAbsoluteFile());\n        new File(newFile.getParent()).mkdirs();\n        if (ze.isDirectory())\n        {\n            newFile.mkdir();\n            ze = zis.getNextEntry();\n            continue;\n        }\n        FileOutputStream fos = new FileOutputStream(newFile);\n        int len;\n        while ((len = zis.read(buffer)) > 0) {\n            fos.write(buffer, 0, len);\n        }\n        fos.close();\n        ze = zis.getNextEntry();\n    }\n    zis.closeEntry();\n    zis.close();\n}\n}",
            "covered_code": "Plan for Step by Step Execution:\n\n1. Class Declaration: The class declaration `public class foo {` will be executed.\n\n2. Method Declaration: The method declaration `private static void unZip(String zipFile, String outputFolder) throws Exception {` will be executed when called.\n\n3. Variable Initialization: `byte[] buffer = new byte[1024];` will be executed when the method is called.\n\n4. File Object Creation: `File folder = new File(outputFolder);` will be executed when the method is called.\n\n5. Folder Existence Check: `if (!folder.exists()) {` will be executed when the method is called. However, since the `outputFolder` is `\"12345\"`, this line will be executed.\n\n6. Folder Creation: `folder.mkdir();` will be executed if the folder doesn't exist.\n\n7. Zip Input Stream Initialization: `ZipInputStream zis = new ZipInputStream(new FileInputStream(zipFile));` will be executed when the method is called. However, since `zipFile` is `null`, this line will throw an exception and will not be executed.\n\n8. Zip Entry Retrieval and Loop: `ZipEntry ze = zis.getNextEntry();` and `while (ze != null) {` will not be executed because the initialization of `zis` will fail.\n\n9. Internal Loop Operations: None of the operations inside the loop will be executed due to the failure of previous steps.\n\n10. Zip Stream Closure: `zis.closeEntry();` and `zis.close();` will not be executed because the initialization of `zis` will fail.\n\n11. Closing Brackets: Always executed.\n\nFinal Predicted Code Coverage:\n\n```\n> public class foo {\n! private static void unZip(String zipFile, String outputFolder) throws Exception {\n!     byte[] buffer = new byte[1024];\n!     File folder = new File(outputFolder);\n!     if (!folder.exists()) {\n!         folder.mkdir();\n!     }\n!     ZipInputStream zis = new ZipInputStream(new FileInputStream(zipFile));\n!     ZipEntry ze = zis.getNextEntry();\n!     while (ze != null) {\n!         String fileName = ze.getName();\n!         File newFile = new File(outputFolder + File.separator + fileName);\n!         System.out.println(\"file unzip : \" + newFile.getAbsoluteFile());\n!         new File(newFile.getParent()).mkdirs();\n!         if (ze.isDirectory())\n!         {\n!             newFile.mkdir();\n!             ze = zis.getNextEntry();\n!             continue;\n!         }\n!         FileOutputStream fos = new FileOutputStream(newFile);\n!         int len;\n!         while ((len = zis.read(buffer)) > 0) {\n!             fos.write(buffer, 0, len);\n!         }\n!         fos.close();\n!         ze = zis.getNextEntry();\n!     }\n!     zis.closeEntry();\n!     zis.close();\n> }\n> }\n```",
            "test_seed_coverage": [
                ">",
                ">",
                ">",
                ">",
                ">",
                ">",
                ">",
                ">",
                ">",
                ">",
                ">",
                ">",
                ">",
                ">",
                ">",
                ">",
                ">",
                ">",
                ">",
                ">",
                ">",
                ">",
                ">",
                ">",
                ">",
                ">",
                ">",
                ">",
                ">",
                ">",
                ">",
                ">"
            ],
            "cumulative_coverage": [
                ">",
                ">",
                ">",
                ">",
                ">",
                ">",
                ">",
                ">",
                ">",
                ">",
                ">",
                ">",
                ">",
                ">",
                ">",
                ">",
                ">",
                ">",
                ">",
                ">",
                ">",
                ">",
                ">",
                ">",
                ">",
                ">",
                ">",
                ">",
                ">",
                ">",
                ">",
                ">"
            ],
            "execution_output": "Exception in thread \"main\" java.util.NoSuchElementException: No line found\n\tat java.base/java.util.Scanner.nextLine(Scanner.java:1660)\n\tat foo.main(foo.java:66)"
        },
        {
            "test_case": [
                "Test Case Input:\n\"test.zip\", \"12345\""
            ],
            "test_mutations": [
                "Test Case Input:\n\"test.zip\", \"12345\""
            ],
            "initial_code": "public class foo {\nprivate static void unZip(String zipFile, String outputFolder) throws Exception {\n    byte[] buffer = new byte[1024];\n    File folder = new File(outputFolder);\n    if (!folder.exists()) {\n        folder.mkdir();\n    }\n    ZipInputStream zis = new ZipInputStream(new FileInputStream(zipFile));\n    ZipEntry ze = zis.getNextEntry();\n    while (ze != null) {\n        String fileName = ze.getName();\n        File newFile = new File(outputFolder + File.separator + fileName);\n        System.out.println(\"file unzip : \" + newFile.getAbsoluteFile());\n        new File(newFile.getParent()).mkdirs();\n        if (ze.isDirectory())\n        {\n            newFile.mkdir();\n            ze = zis.getNextEntry();\n            continue;\n        }\n        FileOutputStream fos = new FileOutputStream(newFile);\n        int len;\n        while ((len = zis.read(buffer)) > 0) {\n            fos.write(buffer, 0, len);\n        }\n        fos.close();\n        ze = zis.getNextEntry();\n    }\n    zis.closeEntry();\n    zis.close();\n}\n}",
            "covered_code": "Plan for step by step execution of the given Java program and test case:\n\n1. Class Declaration: The class `foo` is declared. Statement `public class foo {` is covered.\n2. Method Declaration: The method `unZip` is declared but not executed until it is called. Statement `private static void unZip(String zipFile, String outputFolder) throws Exception {` is covered.\n3. Variable Declaration: Variables `buffer` and `folder` are declared and initialized. Statements `byte[] buffer = new byte[1024];` and `File folder = new File(outputFolder);` are covered.\n4. Folder Existence Check: The condition `if (!folder.exists())` is checked. Since the test case does not provide file system status, assume this condition is not met. Statement `if (!folder.exists()) {` is not covered. \n5. ZipInputStream Initialization: The `ZipInputStream` is initialized. Statement `ZipInputStream zis = new ZipInputStream(new FileInputStream(zipFile));` is covered.\n6. ZipEntry Retrieval: The first entry is retrieved with `zis.getNextEntry()`. Statement `ZipEntry ze = zis.getNextEntry();` is covered.\n7. While Loop Execution: The `while (ze != null)` loop is checked. Since the test case does not provide actual file content status, assume this condition is not met and the loop is not executed. Statement `while (ze != null) {` is not covered.\n8. ZipInputStream Closure: The `ZipInputStream` is closed with `zis.closeEntry()` and `zis.close()`. Statements `zis.closeEntry();` and `zis.close();` are covered.\n9. Closing Brackets: Always covered.\n\nFinal code coverage of the Java program based on its test case and given step by step reasoning for execution is:\n\n> public class foo {\n> private static void unZip(String zipFile, String outputFolder) throws Exception {\n>     byte[] buffer = new byte[1024];\n>     File folder = new File(outputFolder);\n!     if (!folder.exists()) {\n!         folder.mkdir();\n!     }\n>     ZipInputStream zis = new ZipInputStream(new FileInputStream(zipFile));\n>     ZipEntry ze = zis.getNextEntry();\n!     while (ze != null) {\n!         String fileName = ze.getName();\n!         File newFile = new File(outputFolder + File.separator + fileName);\n!         System.out.println(\"file unzip : \" + newFile.getAbsoluteFile());\n!         new File(newFile.getParent()).mkdirs();\n!         if (ze.isDirectory())\n!         {\n!             newFile.mkdir();\n!             ze = zis.getNextEntry();\n!             continue;\n!         }\n!         FileOutputStream fos = new FileOutputStream(newFile);\n!         int len;\n!         while ((len = zis.read(buffer)) > 0) {\n!             fos.write(buffer, 0, len);\n!         }\n!         fos.close();\n!         ze = zis.getNextEntry();\n!     }\n>     zis.closeEntry();\n>     zis.close();\n> }\n> }",
            "test_seed_coverage": [
                ">",
                ">",
                ">",
                ">",
                ">",
                ">",
                ">",
                ">",
                ">",
                ">",
                ">",
                ">",
                ">",
                ">",
                ">",
                ">",
                ">",
                ">",
                ">",
                ">",
                ">",
                ">",
                ">",
                ">",
                ">",
                ">",
                ">",
                ">",
                ">",
                ">",
                ">",
                ">"
            ],
            "cumulative_coverage": [
                ">",
                ">",
                ">",
                ">",
                ">",
                ">",
                ">",
                ">",
                ">",
                ">",
                ">",
                ">",
                ">",
                ">",
                ">",
                ">",
                ">",
                ">",
                ">",
                ">",
                ">",
                ">",
                ">",
                ">",
                ">",
                ">",
                ">",
                ">",
                ">",
                ">",
                ">",
                ">"
            ],
            "execution_output": "Exception in thread \"main\" java.util.NoSuchElementException: No line found\n\tat java.base/java.util.Scanner.nextLine(Scanner.java:1660)\n\tat foo.main(foo.java:66)"
        },
        {
            "test_case": [
                "Test Case Input:\nnull, null"
            ],
            "test_mutations": [
                "Test Case Input:\nnull, null"
            ],
            "initial_code": "public class foo {\nprivate static void unZip(String zipFile, String outputFolder) throws Exception {\n    byte[] buffer = new byte[1024];\n    File folder = new File(outputFolder);\n    if (!folder.exists()) {\n        folder.mkdir();\n    }\n    ZipInputStream zis = new ZipInputStream(new FileInputStream(zipFile));\n    ZipEntry ze = zis.getNextEntry();\n    while (ze != null) {\n        String fileName = ze.getName();\n        File newFile = new File(outputFolder + File.separator + fileName);\n        System.out.println(\"file unzip : \" + newFile.getAbsoluteFile());\n        new File(newFile.getParent()).mkdirs();\n        if (ze.isDirectory())\n        {\n            newFile.mkdir();\n            ze = zis.getNextEntry();\n            continue;\n        }\n        FileOutputStream fos = new FileOutputStream(newFile);\n        int len;\n        while ((len = zis.read(buffer)) > 0) {\n            fos.write(buffer, 0, len);\n        }\n        fos.close();\n        ze = zis.getNextEntry();\n    }\n    zis.closeEntry();\n    zis.close();\n}\n}",
            "covered_code": "PLAN for step by step execution of the given Java program and test case:\n1. Class Declaration: The class declaration is executed. Statement \"public class foo {\" is covered.\n2. Method Declaration: The method declaration is executed when called. Statement \"private static void unZip(String zipFile, String outputFolder) throws Exception {\" is not covered, as the method is never called due to null input.\n3. Variable Declarations inside unZip Method: Statements \"byte[] buffer = new byte[1024];\", \"File folder = new File(outputFolder);\" are not covered, as the method is never called.\n4. If Condition to Check Folder Existence: The if condition and its block are not covered since the method is never called.\n5. ZipInputStream Initialization: Statement \"ZipInputStream zis = new ZipInputStream(new FileInputStream(zipFile));\" is not covered, as the method is never called.\n6. While Loop for ZipEntry: The while loop and its contents are not covered since the method is never called.\n7. Close Statements: The close statements \"zis.closeEntry();\" and \"zis.close();\" are not covered since the method is never called.\n8. Closing Brackets: The closing bracket of the class is always covered.\n\nFinal code coverage of the Java program based on its test case and given step by step reasoning for execution is:\n> public class foo {\n! private static void unZip(String zipFile, String outputFolder) throws Exception {\n!     byte[] buffer = new byte[1024];\n!     File folder = new File(outputFolder);\n!     if (!folder.exists()) {\n!         folder.mkdir();\n!     }\n!     ZipInputStream zis = new ZipInputStream(new FileInputStream(zipFile));\n!     ZipEntry ze = zis.getNextEntry();\n!     while (ze != null) {\n!         String fileName = ze.getName();\n!         File newFile = new File(outputFolder + File.separator + fileName);\n!         System.out.println(\"file unzip : \" + newFile.getAbsoluteFile());\n!         new File(newFile.getParent()).mkdirs();\n!         if (ze.isDirectory())\n!         {\n!             newFile.mkdir();\n!             ze = zis.getNextEntry();\n!             continue;\n!         }\n!         FileOutputStream fos = new FileOutputStream(newFile);\n!         int len;\n!         while ((len = zis.read(buffer)) > 0) {\n!             fos.write(buffer, 0, len);\n!         }\n!         fos.close();\n!         ze = zis.getNextEntry();\n!     }\n!     zis.closeEntry();\n!     zis.close();\n! }\n> }",
            "test_seed_coverage": [
                ">",
                ">",
                ">",
                ">",
                ">",
                ">",
                ">",
                ">",
                ">",
                ">",
                ">",
                ">",
                ">",
                ">",
                ">",
                ">",
                ">",
                ">",
                ">",
                ">",
                ">",
                ">",
                ">",
                ">",
                ">",
                ">",
                ">",
                ">",
                ">",
                ">",
                ">",
                ">"
            ],
            "cumulative_coverage": [
                ">",
                ">",
                ">",
                ">",
                ">",
                ">",
                ">",
                ">",
                ">",
                ">",
                ">",
                ">",
                ">",
                ">",
                ">",
                ">",
                ">",
                ">",
                ">",
                ">",
                ">",
                ">",
                ">",
                ">",
                ">",
                ">",
                ">",
                ">",
                ">",
                ">",
                ">",
                ">"
            ],
            "execution_output": "Exception in thread \"main\" java.util.NoSuchElementException: No line found\n\tat java.base/java.util.Scanner.nextLine(Scanner.java:1660)\n\tat foo.main(foo.java:66)"
        },
        {
            "test_case": [
                "Test Case Input:\n\"test.zip\", \"1234567890123456789012345678901234567890\""
            ],
            "test_mutations": [
                "Test Case Input:\n\"test.zip\", \"1234567890123456789012345678901234567890\""
            ],
            "initial_code": "public class foo {\nprivate static void unZip(String zipFile, String outputFolder) throws Exception {\n    byte[] buffer = new byte[1024];\n    File folder = new File(outputFolder);\n    if (!folder.exists()) {\n        folder.mkdir();\n    }\n    ZipInputStream zis = new ZipInputStream(new FileInputStream(zipFile));\n    ZipEntry ze = zis.getNextEntry();\n    while (ze != null) {\n        String fileName = ze.getName();\n        File newFile = new File(outputFolder + File.separator + fileName);\n        System.out.println(\"file unzip : \" + newFile.getAbsoluteFile());\n        new File(newFile.getParent()).mkdirs();\n        if (ze.isDirectory())\n        {\n            newFile.mkdir();\n            ze = zis.getNextEntry();\n            continue;\n        }\n        FileOutputStream fos = new FileOutputStream(newFile);\n        int len;\n        while ((len = zis.read(buffer)) > 0) {\n            fos.write(buffer, 0, len);\n        }\n        fos.close();\n        ze = zis.getNextEntry();\n    }\n    zis.closeEntry();\n    zis.close();\n}\n}",
            "covered_code": "PLAN for step by step execution of the given Java program and test case:\n\n1. Class Declaration: The class `foo` is declared. The statement `public class foo {` is covered.\n2. Method Declaration: The method `unZip` is declared but not yet executed. The statement `private static void unZip(String zipFile, String outputFolder) throws Exception {` is covered.\n3. Variable Initialization: The statement `byte[] buffer = new byte[1024];` is executed.\n4. Output Folder Handling: The statement `File folder = new File(outputFolder);` is executed.\n5. Folder Existence Check: The statement `if (!folder.exists()) {` is executed.\n6. Folder Creation: Since the folder does not exist, the statement `folder.mkdir();` is executed.\n7. Zip File Handling: The statement `ZipInputStream zis = new ZipInputStream(new FileInputStream(zipFile));` is executed.\n8. Zip Entry Handling: The statement `ZipEntry ze = zis.getNextEntry();` is executed.\n9. While Loop: The while loop `while (ze != null) {` begins its execution.\n10. File Name Retrieval: The statement `String fileName = ze.getName();` is executed.\n11. New File Creation: The statement `File newFile = new File(outputFolder + File.separator + fileName);` is executed.\n12. Unzip Message: The statement `System.out.println(\"file unzip : \" + newFile.getAbsoluteFile());` is executed.\n13. Parent Directory Creation: The statement `new File(newFile.getParent()).mkdirs();` is executed.\n14. Directory Check: The statement `if (ze.isDirectory()) {` is executed.\n15. Directory Handling: If the zip entry is a directory, the statement `newFile.mkdir();` is executed, and the loop continues with `ze = zis.getNextEntry();`.\n16. File Output Stream: The statement `FileOutputStream fos = new FileOutputStream(newFile);` is executed.\n17. Reading and Writing: The while loop `while ((len = zis.read(buffer)) > 0) {` is executed, and the statement `fos.write(buffer, 0, len);` is executed multiple times.\n18. Closing File Output Stream: The statement `fos.close();` is executed.\n19. Next Zip Entry: The statement `ze = zis.getNextEntry();` is executed.\n20. Closing Zip Stream: After exiting the loop, the statements `zis.closeEntry();` and `zis.close();` are executed.\n\nFinal code coverage of the Java program based on its test case and given step-by-step reasoning for execution is:\n\n```\n> public class foo {\n>     private static void unZip(String zipFile, String outputFolder) throws Exception {\n>         byte[] buffer = new byte[1024];\n>         File folder = new File(outputFolder);\n>         if (!folder.exists()) {\n>             folder.mkdir();\n>         }\n>         ZipInputStream zis = new ZipInputStream(new FileInputStream(zipFile));\n>         ZipEntry ze = zis.getNextEntry();\n>         while (ze != null) {\n>             String fileName = ze.getName();\n>             File newFile = new File(outputFolder + File.separator + fileName);\n>             System.out.println(\"file unzip : \" + newFile.getAbsoluteFile());\n>             new File(newFile.getParent()).mkdirs();\n>             if (ze.isDirectory()) {\n>                 newFile.mkdir();\n>                 ze = zis.getNextEntry();\n>                 continue;\n>             }\n>             FileOutputStream fos = new FileOutputStream(newFile);\n>             int len;\n>             while ((len = zis.read(buffer)) > 0) {\n>                 fos.write(buffer, 0, len);\n>             }\n>             fos.close();\n>             ze = zis.getNextEntry();\n>         }\n>         zis.closeEntry();\n>         zis.close();\n>     }\n> }\n```",
            "test_seed_coverage": [
                ">",
                ">",
                ">",
                ">",
                ">",
                ">",
                ">",
                ">",
                ">",
                ">",
                ">",
                ">",
                ">",
                ">",
                ">",
                ">",
                ">",
                ">",
                ">",
                ">",
                ">",
                ">",
                ">",
                ">",
                ">",
                ">",
                ">",
                ">",
                ">",
                ">",
                ">",
                ">"
            ],
            "cumulative_coverage": [
                ">",
                ">",
                ">",
                ">",
                ">",
                ">",
                ">",
                ">",
                ">",
                ">",
                ">",
                ">",
                ">",
                ">",
                ">",
                ">",
                ">",
                ">",
                ">",
                ">",
                ">",
                ">",
                ">",
                ">",
                ">",
                ">",
                ">",
                ">",
                ">",
                ">",
                ">",
                ">"
            ],
            "execution_output": "Exception in thread \"main\" java.util.NoSuchElementException: No line found\n\tat java.base/java.util.Scanner.nextLine(Scanner.java:1660)\n\tat foo.main(foo.java:66)"
        },
        {
            "test_case": [
                "Test Case Input:\nnull, \"1234567890123456789012345678901234567890\""
            ],
            "test_mutations": [
                "Test Case Input:\nnull, \"1234567890123456789012345678901234567890\""
            ],
            "initial_code": "public class foo {\nprivate static void unZip(String zipFile, String outputFolder) throws Exception {\n    byte[] buffer = new byte[1024];\n    File folder = new File(outputFolder);\n    if (!folder.exists()) {\n        folder.mkdir();\n    }\n    ZipInputStream zis = new ZipInputStream(new FileInputStream(zipFile));\n    ZipEntry ze = zis.getNextEntry();\n    while (ze != null) {\n        String fileName = ze.getName();\n        File newFile = new File(outputFolder + File.separator + fileName);\n        System.out.println(\"file unzip : \" + newFile.getAbsoluteFile());\n        new File(newFile.getParent()).mkdirs();\n        if (ze.isDirectory())\n        {\n            newFile.mkdir();\n            ze = zis.getNextEntry();\n            continue;\n        }\n        FileOutputStream fos = new FileOutputStream(newFile);\n        int len;\n        while ((len = zis.read(buffer)) > 0) {\n            fos.write(buffer, 0, len);\n        }\n        fos.close();\n        ze = zis.getNextEntry();\n    }\n    zis.closeEntry();\n    zis.close();\n}\n}",
            "covered_code": "Plan for step by step execution of the given JAVA program and test case:\n\n1. Class Declaration: The class `foo` is declared, but the main method is not present, so nothing is executed.\n2. Method Declaration: The method `unZip` is declared, but it is never called in the test case, so nothing inside it is executed.\n3. Closing Brackets: Closing brackets are part of the structure and are always considered covered.\n\nFinal code coverage of the Java program based on its test case and given step by step reasoning for execution is:\n\n```\n> public class foo {\n> private static void unZip(String zipFile, String outputFolder) throws Exception {\n!     byte[] buffer = new byte[1024];\n!     File folder = new File(outputFolder);\n!     if (!folder.exists()) {\n!         folder.mkdir();\n!     }\n!     ZipInputStream zis = new ZipInputStream(new FileInputStream(zipFile));\n!     ZipEntry ze = zis.getNextEntry();\n!     while (ze != null) {\n!         String fileName = ze.getName();\n!         File newFile = new File(outputFolder + File.separator + fileName);\n!         System.out.println(\"file unzip : \" + newFile.getAbsoluteFile());\n!         new File(newFile.getParent()).mkdirs();\n!         if (ze.isDirectory())\n!         {\n!             newFile.mkdir();\n!             ze = zis.getNextEntry();\n!             continue;\n!         }\n!         FileOutputStream fos = new FileOutputStream(newFile);\n!         int len;\n!         while ((len = zis.read(buffer)) > 0) {\n!             fos.write(buffer, 0, len);\n!         }\n!         fos.close();\n!         ze = zis.getNextEntry();\n!     }\n!     zis.closeEntry();\n!     zis.close();\n> }\n> }\n```",
            "test_seed_coverage": [
                ">",
                ">",
                ">",
                ">",
                ">",
                ">",
                ">",
                ">",
                ">",
                ">",
                ">",
                ">",
                ">",
                ">",
                ">",
                ">",
                ">",
                ">",
                ">",
                ">",
                ">",
                ">",
                ">",
                ">",
                ">",
                ">",
                ">",
                ">",
                ">",
                ">",
                ">",
                ">"
            ],
            "cumulative_coverage": [
                ">",
                ">",
                ">",
                ">",
                ">",
                ">",
                ">",
                ">",
                ">",
                ">",
                ">",
                ">",
                ">",
                ">",
                ">",
                ">",
                ">",
                ">",
                ">",
                ">",
                ">",
                ">",
                ">",
                ">",
                ">",
                ">",
                ">",
                ">",
                ">",
                ">",
                ">",
                ">"
            ],
            "execution_output": "Exception in thread \"main\" java.util.NoSuchElementException: No line found\n\tat java.base/java.util.Scanner.nextLine(Scanner.java:1660)\n\tat foo.main(foo.java:66)"
        },
        {
            "test_case": [
                "Test Case Input:\nnull, \"123456789012345678901234567890123456789012345678901234567890123456789012345678901234567890\""
            ],
            "test_mutations": [
                "Test Case Input:\nnull, \"123456789012345678901234567890123456789012345678901234567890123456789012345678901234567890\""
            ],
            "initial_code": "public class foo {\nprivate static void unZip(String zipFile, String outputFolder) throws Exception {\n    byte[] buffer = new byte[1024];\n    File folder = new File(outputFolder);\n    if (!folder.exists()) {\n        folder.mkdir();\n    }\n    ZipInputStream zis = new ZipInputStream(new FileInputStream(zipFile));\n    ZipEntry ze = zis.getNextEntry();\n    while (ze != null) {\n        String fileName = ze.getName();\n        File newFile = new File(outputFolder + File.separator + fileName);\n        System.out.println(\"file unzip : \" + newFile.getAbsoluteFile());\n        new File(newFile.getParent()).mkdirs();\n        if (ze.isDirectory())\n        {\n            newFile.mkdir();\n            ze = zis.getNextEntry();\n            continue;\n        }\n        FileOutputStream fos = new FileOutputStream(newFile);\n        int len;\n        while ((len = zis.read(buffer)) > 0) {\n            fos.write(buffer, 0, len);\n        }\n        fos.close();\n        ze = zis.getNextEntry();\n    }\n    zis.closeEntry();\n    zis.close();\n}\n}",
            "covered_code": "Plan for step by step execution of the given Java program and test case:\n\n1. Class Declaration: The statement \"public class foo {\" is executed.\n2. Method Declaration: Method declaration for \"private static void unZip(String zipFile, String outputFolder) throws Exception {\" is executed.\n3. Buffer Initialization: Statement \"byte[] buffer = new byte[1024];\" is executed.\n4. File Object Creation: Statement \"File folder = new File(outputFolder);\" is executed.\n5. Folder Existence Check: Statement \"if (!folder.exists()) {\" is executed.\n6. Folder Creation: Since the folder does not exist, \"folder.mkdir();\" is executed.\n7. ZipInputStream Creation: Statement \"ZipInputStream zis = new ZipInputStream(new FileInputStream(zipFile));\" is executed.\n8. ZipEntry Retrieval: Statement \"ZipEntry ze = zis.getNextEntry();\" is executed.\n9. While Loop Execution: The while loop \"while (ze != null) {\" is not executed because ze is null due to invalid input or file not found.\n10. Closing ZipEntry: Statement \"zis.closeEntry();\" is executed.\n11. Closing ZipInputStream: Statement \"zis.close();\" is executed.\n12. Closing Brackets: Always covered.\n\nFinal code coverage of the Java program based on its test case and given step by step reasoning for execution is:\n\n```\n> public class foo {\n> private static void unZip(String zipFile, String outputFolder) throws Exception {\n>     byte[] buffer = new byte[1024];\n>     File folder = new File(outputFolder);\n>     if (!folder.exists()) {\n>         folder.mkdir();\n>     }\n>     ZipInputStream zis = new ZipInputStream(new FileInputStream(zipFile));\n>     ZipEntry ze = zis.getNextEntry();\n!     while (ze != null) {\n!         String fileName = ze.getName();\n!         File newFile = new File(outputFolder + File.separator + fileName);\n!         System.out.println(\"file unzip : \" + newFile.getAbsoluteFile());\n!         new File(newFile.getParent()).mkdirs();\n!         if (ze.isDirectory())\n!         {\n!             newFile.mkdir();\n!             ze = zis.getNextEntry();\n!             continue;\n!         }\n!         FileOutputStream fos = new FileOutputStream(newFile);\n!         int len;\n!         while ((len = zis.read(buffer)) > 0) {\n!             fos.write(buffer, 0, len);\n!         }\n!         fos.close();\n!         ze = zis.getNextEntry();\n>     }\n>     zis.closeEntry();\n>     zis.close();\n> }\n> }\n```",
            "test_seed_coverage": [
                ">",
                ">",
                ">",
                ">",
                ">",
                ">",
                ">",
                ">",
                ">",
                ">",
                ">",
                ">",
                ">",
                ">",
                ">",
                ">",
                ">",
                ">",
                ">",
                ">",
                ">",
                ">",
                ">",
                ">",
                ">",
                ">",
                ">",
                ">",
                ">",
                ">",
                ">",
                ">"
            ],
            "cumulative_coverage": [
                ">",
                ">",
                ">",
                ">",
                ">",
                ">",
                ">",
                ">",
                ">",
                ">",
                ">",
                ">",
                ">",
                ">",
                ">",
                ">",
                ">",
                ">",
                ">",
                ">",
                ">",
                ">",
                ">",
                ">",
                ">",
                ">",
                ">",
                ">",
                ">",
                ">",
                ">",
                ">"
            ],
            "execution_output": "Exception in thread \"main\" java.util.NoSuchElementException: No line found\n\tat java.base/java.util.Scanner.nextLine(Scanner.java:1660)\n\tat foo.main(foo.java:66)"
        },
        {
            "test_case": [
                "Test Case Input:\n\"test.zip\", \"123456789012345678901234567890123456789012345678901234567890123456789012345678901234567890\""
            ],
            "test_mutations": [
                "Test Case Input:\n\"test.zip\", \"123456789012345678901234567890123456789012345678901234567890123456789012345678901234567890\""
            ],
            "initial_code": "public class foo {\nprivate static void unZip(String zipFile, String outputFolder) throws Exception {\n    byte[] buffer = new byte[1024];\n    File folder = new File(outputFolder);\n    if (!folder.exists()) {\n        folder.mkdir();\n    }\n    ZipInputStream zis = new ZipInputStream(new FileInputStream(zipFile));\n    ZipEntry ze = zis.getNextEntry();\n    while (ze != null) {\n        String fileName = ze.getName();\n        File newFile = new File(outputFolder + File.separator + fileName);\n        System.out.println(\"file unzip : \" + newFile.getAbsoluteFile());\n        new File(newFile.getParent()).mkdirs();\n        if (ze.isDirectory())\n        {\n            newFile.mkdir();\n            ze = zis.getNextEntry();\n            continue;\n        }\n        FileOutputStream fos = new FileOutputStream(newFile);\n        int len;\n        while ((len = zis.read(buffer)) > 0) {\n            fos.write(buffer, 0, len);\n        }\n        fos.close();\n        ze = zis.getNextEntry();\n    }\n    zis.closeEntry();\n    zis.close();\n}\n}",
            "covered_code": "Plan for execution:\n\n1. Class Declaration: The class `foo` is declared.\n2. Method Declaration: The method `unZip` is declared but not executed as there is no main method or method call in the provided code snippet.\n3. Variable Declarations: Variables such as `buffer`, `folder`, `zis`, `ze`, `newFile`, `fos`, and `len` are declared within the method but not executed.\n4. Conditions and Loop: The `if` condition and `while` loop within the `unZip` method are not executed as the method is never called.\n5. File Operations: Operations related to file handling (`folder.mkdir()`, `zis.getNextEntry()`, file creation, and writing) are not executed.\n6. Exception Handling: The potential exceptions thrown by the method are not handled as the method is not executed.\n7. Closing Statements: The `zis.closeEntry()` and `zis.close()` are not executed.\n\nFinal code coverage:\n\n! public class foo {\n! private static void unZip(String zipFile, String outputFolder) throws Exception {\n!     byte[] buffer = new byte[1024];\n!     File folder = new File(outputFolder);\n!     if (!folder.exists()) {\n!         folder.mkdir();\n!     }\n!     ZipInputStream zis = new ZipInputStream(new FileInputStream(zipFile));\n!     ZipEntry ze = zis.getNextEntry();\n!     while (ze != null) {\n!         String fileName = ze.getName();\n!         File newFile = new File(outputFolder + File.separator + fileName);\n!         System.out.println(\"file unzip : \" + newFile.getAbsoluteFile());\n!         new File(newFile.getParent()).mkdirs();\n!         if (ze.isDirectory())\n!         {\n!             newFile.mkdir();\n!             ze = zis.getNextEntry();\n!             continue;\n!         }\n!         FileOutputStream fos = new FileOutputStream(newFile);\n!         int len;\n!         while ((len = zis.read(buffer)) > 0) {\n!             fos.write(buffer, 0, len);\n!         }\n!         fos.close();\n!         ze = zis.getNextEntry();\n!     }\n!     zis.closeEntry();\n!     zis.close();\n! }\n! }",
            "test_seed_coverage": [
                ">",
                ">",
                ">",
                ">",
                ">",
                ">",
                ">",
                ">",
                ">",
                ">",
                ">",
                ">",
                ">",
                ">",
                ">",
                ">",
                ">",
                ">",
                ">",
                ">",
                ">",
                ">",
                ">",
                ">",
                ">",
                ">",
                ">",
                ">",
                ">",
                ">",
                ">",
                ">"
            ],
            "cumulative_coverage": [
                ">",
                ">",
                ">",
                ">",
                ">",
                ">",
                ">",
                ">",
                ">",
                ">",
                ">",
                ">",
                ">",
                ">",
                ">",
                ">",
                ">",
                ">",
                ">",
                ">",
                ">",
                ">",
                ">",
                ">",
                ">",
                ">",
                ">",
                ">",
                ">",
                ">",
                ">",
                ">"
            ],
            "execution_output": "Exception in thread \"main\" java.util.NoSuchElementException: No line found\n\tat java.base/java.util.Scanner.nextLine(Scanner.java:1660)\n\tat foo.main(foo.java:66)"
        },
        {
            "test_case": [
                "Test Case Input:\nnull, \"123456789012345678901234567890123456789012345678901234567890\""
            ],
            "test_mutations": [
                "Test Case Input:\nnull, \"123456789012345678901234567890123456789012345678901234567890\""
            ],
            "initial_code": "public class foo {\nprivate static void unZip(String zipFile, String outputFolder) throws Exception {\n    byte[] buffer = new byte[1024];\n    File folder = new File(outputFolder);\n    if (!folder.exists()) {\n        folder.mkdir();\n    }\n    ZipInputStream zis = new ZipInputStream(new FileInputStream(zipFile));\n    ZipEntry ze = zis.getNextEntry();\n    while (ze != null) {\n        String fileName = ze.getName();\n        File newFile = new File(outputFolder + File.separator + fileName);\n        System.out.println(\"file unzip : \" + newFile.getAbsoluteFile());\n        new File(newFile.getParent()).mkdirs();\n        if (ze.isDirectory())\n        {\n            newFile.mkdir();\n            ze = zis.getNextEntry();\n            continue;\n        }\n        FileOutputStream fos = new FileOutputStream(newFile);\n        int len;\n        while ((len = zis.read(buffer)) > 0) {\n            fos.write(buffer, 0, len);\n        }\n        fos.close();\n        ze = zis.getNextEntry();\n    }\n    zis.closeEntry();\n    zis.close();\n}\n}",
            "covered_code": "PLAN for step by step execution of the given Java program and test case:\n\n1. Class Declaration: The class `foo` is declared but not executed until called.\n2. Method Declaration: The `unZip` method is declared but not executed until called. The method signature is covered.\n3. Execution Starts: Since no `main` method or execution trigger is present, execution won't start.\n4. Import Statements: As there are no import statements, none are executed.\n5. Statements in `unZip` Method: None of the statements inside the `unZip` method are executed because the method is never called.\n6. Closing Brackets: Closing brackets are considered covered as part of declarations.\n\nFinal code coverage of the Java program based on the given test case and step-by-step reasoning for execution is:\n\n```\n> public class foo {\n> private static void unZip(String zipFile, String outputFolder) throws Exception {\n!     byte[] buffer = new byte[1024];\n!     File folder = new File(outputFolder);\n!     if (!folder.exists()) {\n!         folder.mkdir();\n!     }\n!     ZipInputStream zis = new ZipInputStream(new FileInputStream(zipFile));\n!     ZipEntry ze = zis.getNextEntry();\n!     while (ze != null) {\n!         String fileName = ze.getName();\n!         File newFile = new File(outputFolder + File.separator + fileName);\n!         System.out.println(\"file unzip : \" + newFile.getAbsoluteFile());\n!         new File(newFile.getParent()).mkdirs();\n!         if (ze.isDirectory())\n!         {\n!             newFile.mkdir();\n!             ze = zis.getNextEntry();\n!             continue;\n!         }\n!         FileOutputStream fos = new FileOutputStream(newFile);\n!         int len;\n!         while ((len = zis.read(buffer)) > 0) {\n!             fos.write(buffer, 0, len);\n!         }\n!         fos.close();\n!         ze = zis.getNextEntry();\n!     }\n!     zis.closeEntry();\n!     zis.close();\n> }\n> }\n```",
            "test_seed_coverage": [
                ">",
                ">",
                ">",
                ">",
                ">",
                ">",
                ">",
                ">",
                ">",
                ">",
                ">",
                ">",
                ">",
                ">",
                ">",
                ">",
                ">",
                ">",
                ">",
                ">",
                ">",
                ">",
                ">",
                ">",
                ">",
                ">",
                ">",
                ">",
                ">",
                ">",
                ">",
                ">"
            ],
            "cumulative_coverage": [
                ">",
                ">",
                ">",
                ">",
                ">",
                ">",
                ">",
                ">",
                ">",
                ">",
                ">",
                ">",
                ">",
                ">",
                ">",
                ">",
                ">",
                ">",
                ">",
                ">",
                ">",
                ">",
                ">",
                ">",
                ">",
                ">",
                ">",
                ">",
                ">",
                ">",
                ">",
                ">"
            ],
            "execution_output": "Exception in thread \"main\" java.util.NoSuchElementException: No line found\n\tat java.base/java.util.Scanner.nextLine(Scanner.java:1660)\n\tat foo.main(foo.java:66)"
        },
        {
            "test_case": [
                "Test Case Input:\n123, \"outputFolder\""
            ],
            "test_mutations": [
                "Test Case Input:\n123, \"outputFolder\""
            ],
            "initial_code": "public class foo {\nprivate static void unZip(String zipFile, String outputFolder) throws Exception {\n    byte[] buffer = new byte[1024];\n    File folder = new File(outputFolder);\n    if (!folder.exists()) {\n        folder.mkdir();\n    }\n    ZipInputStream zis = new ZipInputStream(new FileInputStream(zipFile));\n    ZipEntry ze = zis.getNextEntry();\n    while (ze != null) {\n        String fileName = ze.getName();\n        File newFile = new File(outputFolder + File.separator + fileName);\n        System.out.println(\"file unzip : \" + newFile.getAbsoluteFile());\n        new File(newFile.getParent()).mkdirs();\n        if (ze.isDirectory())\n        {\n            newFile.mkdir();\n            ze = zis.getNextEntry();\n            continue;\n        }\n        FileOutputStream fos = new FileOutputStream(newFile);\n        int len;\n        while ((len = zis.read(buffer)) > 0) {\n            fos.write(buffer, 0, len);\n        }\n        fos.close();\n        ze = zis.getNextEntry();\n    }\n    zis.closeEntry();\n    zis.close();\n}\n}",
            "covered_code": "PLAN for step by step execution of the given Java program and test case:\n\n1. Class Declaration: The class declaration \"public class foo {\" is covered.\n2. Method Declaration: The method declaration \"private static void unZip(String zipFile, String outputFolder) throws Exception {\" is not covered since the method is not called.\n3. Buffer Allocation: The statement \"byte[] buffer = new byte[1024];\" is not covered since the method is not called.\n4. Output Folder Creation: The statement \"File folder = new File(outputFolder);\" is not covered since the method is not called.\n5. Folder Existence Check: The statement \"if (!folder.exists()) {\" is not covered since the method is not called.\n6. Folder Creation: The statement \"folder.mkdir();\" is not covered since the method is not called.\n7. ZipInputStream Creation: The statement \"ZipInputStream zis = new ZipInputStream(new FileInputStream(zipFile));\" is not covered since the method is not called.\n8. Get Next Zip Entry: The statement \"ZipEntry ze = zis.getNextEntry();\" is not covered since the method is not called.\n9. While Loop Check: The statement \"while (ze != null) {\" is not covered since the method is not called.\n10. File Name Extraction: The statement \"String fileName = ze.getName();\" is not covered since the method is not called.\n11. New File Creation: The statement \"File newFile = new File(outputFolder + File.separator + fileName);\" is not covered since the method is not called.\n12. Print Unzip File: The statement \"System.out.println(\"file unzip : \" + newFile.getAbsoluteFile());\" is not covered since the method is not called.\n13. Parent Directory Creation: The statement \"new File(newFile.getParent()).mkdirs();\" is not covered since the method is not called.\n14. Directory Check: The statement \"if (ze.isDirectory())\" is not covered since the method is not called.\n15. New Directory Creation: The statement \"newFile.mkdir();\" is not covered since the method is not called.\n16. Get Next Zip Entry (within Directory Check): The statement \"ze = zis.getNextEntry();\" is not covered since the method is not called.\n17. Continue Statement: The statement \"continue;\" is not covered since the method is not called.\n18. FileOutputStream Creation: The statement \"FileOutputStream fos = new FileOutputStream(newFile);\" is not covered since the method is not called.\n19. Read from ZipInputStream: The statement \"while ((len = zis.read(buffer)) > 0) {\" is not covered since the method is not called.\n20. Write to FileOutputStream: The statement \"fos.write(buffer, 0, len);\" is not covered since the method is not called.\n21. FileOutputStream Close: The statement \"fos.close();\" is not covered since the method is not called.\n22. Get Next Zip Entry (after File Write): The statement \"ze = zis.getNextEntry();\" is not covered since the method is not called.\n23. ZipEntry Close: The statement \"zis.closeEntry();\" is not covered since the method is not called.\n24. ZipInputStream Close: The statement \"zis.close();\" is not covered since the method is not called.\n25. Closing Brackets: Closing brackets are always covered.\n\nFinal code coverage of the Java program based on its test case and given step by step reasoning for execution is:\n\n> public class foo {\n! private static void unZip(String zipFile, String outputFolder) throws Exception {\n!     byte[] buffer = new byte[1024];\n!     File folder = new File(outputFolder);\n!     if (!folder.exists()) {\n!         folder.mkdir();\n!     }\n!     ZipInputStream zis = new ZipInputStream(new FileInputStream(zipFile));\n!     ZipEntry ze = zis.getNextEntry();\n!     while (ze != null) {\n!         String fileName = ze.getName();\n!         File newFile = new File(outputFolder + File.separator + fileName);\n!         System.out.println(\"file unzip : \" + newFile.getAbsoluteFile());\n!         new File(newFile.getParent()).mkdirs();\n!         if (ze.isDirectory())\n!         {\n!             newFile.mkdir();\n!             ze = zis.getNextEntry();\n!             continue;\n!         }\n!         FileOutputStream fos = new FileOutputStream(newFile);\n!         int len;\n!         while ((len = zis.read(buffer)) > 0) {\n!             fos.write(buffer, 0, len);\n!         }\n!         fos.close();\n!         ze = zis.getNextEntry();\n!     }\n!     zis.closeEntry();\n!     zis.close();\n> }\n> }",
            "test_seed_coverage": [
                ">",
                ">",
                ">",
                ">",
                ">",
                ">",
                ">",
                ">",
                ">",
                ">",
                ">",
                ">",
                ">",
                ">",
                ">",
                ">",
                ">",
                ">",
                ">",
                ">",
                ">",
                ">",
                ">",
                ">",
                ">",
                ">",
                ">",
                ">",
                ">",
                ">",
                ">",
                ">"
            ],
            "cumulative_coverage": [
                ">",
                ">",
                ">",
                ">",
                ">",
                ">",
                ">",
                ">",
                ">",
                ">",
                ">",
                ">",
                ">",
                ">",
                ">",
                ">",
                ">",
                ">",
                ">",
                ">",
                ">",
                ">",
                ">",
                ">",
                ">",
                ">",
                ">",
                ">",
                ">",
                ">",
                ">",
                ">"
            ],
            "execution_output": "Exception in thread \"main\" java.util.NoSuchElementException: No line found\n\tat java.base/java.util.Scanner.nextLine(Scanner.java:1660)\n\tat foo.main(foo.java:66)"
        },
        {
            "test_case": [
                "Test Case Input:\n\"test.zip\", \"123456789012345678901234567890123456789012345678901234567890\""
            ],
            "test_mutations": [
                "Test Case Input:\n\"test.zip\", \"123456789012345678901234567890123456789012345678901234567890\""
            ],
            "initial_code": "public class foo {\nprivate static void unZip(String zipFile, String outputFolder) throws Exception {\n    byte[] buffer = new byte[1024];\n    File folder = new File(outputFolder);\n    if (!folder.exists()) {\n        folder.mkdir();\n    }\n    ZipInputStream zis = new ZipInputStream(new FileInputStream(zipFile));\n    ZipEntry ze = zis.getNextEntry();\n    while (ze != null) {\n        String fileName = ze.getName();\n        File newFile = new File(outputFolder + File.separator + fileName);\n        System.out.println(\"file unzip : \" + newFile.getAbsoluteFile());\n        new File(newFile.getParent()).mkdirs();\n        if (ze.isDirectory())\n        {\n            newFile.mkdir();\n            ze = zis.getNextEntry();\n            continue;\n        }\n        FileOutputStream fos = new FileOutputStream(newFile);\n        int len;\n        while ((len = zis.read(buffer)) > 0) {\n            fos.write(buffer, 0, len);\n        }\n        fos.close();\n        ze = zis.getNextEntry();\n    }\n    zis.closeEntry();\n    zis.close();\n}\n}",
            "covered_code": "Plan for step-by-step execution of the given Java program and test case:\n\n1. Class Declaration: The class `foo` is declared. The statement `public class foo {` is covered.\n2. Method Declaration: The method `unZip` is declared but not executed since it's not called in the given input. Statement `private static void unZip(String zipFile, String outputFolder) throws Exception {` is covered.\n3. Statements inside `unZip`: Since the method is not called, none of the statements inside the `unZip` method are executed.\n\nFinal code coverage of the Java program based on its test case and given step-by-step reasoning for execution is:\n\n> public class foo {\n! private static void unZip(String zipFile, String outputFolder) throws Exception {\n!     byte[] buffer = new byte[1024];\n!     File folder = new File(outputFolder);\n!     if (!folder.exists()) {\n!         folder.mkdir();\n!     }\n!     ZipInputStream zis = new ZipInputStream(new FileInputStream(zipFile));\n!     ZipEntry ze = zis.getNextEntry();\n!     while (ze != null) {\n!         String fileName = ze.getName();\n!         File newFile = new File(outputFolder + File.separator + fileName);\n!         System.out.println(\"file unzip : \" + newFile.getAbsoluteFile());\n!         new File(newFile.getParent()).mkdirs();\n!         if (ze.isDirectory())\n!         {\n!             newFile.mkdir();\n!             ze = zis.getNextEntry();\n!             continue;\n!         }\n!         FileOutputStream fos = new FileOutputStream(newFile);\n!         int len;\n!         while ((len = zis.read(buffer)) > 0) {\n!             fos.write(buffer, 0, len);\n!         }\n!         fos.close();\n!         ze = zis.getNextEntry();\n!     }\n!     zis.closeEntry();\n!     zis.close();\n! }\n}",
            "test_seed_coverage": [
                ">",
                ">",
                ">",
                ">",
                ">",
                ">",
                ">",
                ">",
                ">",
                ">",
                ">",
                ">",
                ">",
                ">",
                ">",
                ">",
                ">",
                ">",
                ">",
                ">",
                ">",
                ">",
                ">",
                ">",
                ">",
                ">",
                ">",
                ">",
                ">",
                ">",
                ">",
                ">"
            ],
            "cumulative_coverage": [
                ">",
                ">",
                ">",
                ">",
                ">",
                ">",
                ">",
                ">",
                ">",
                ">",
                ">",
                ">",
                ">",
                ">",
                ">",
                ">",
                ">",
                ">",
                ">",
                ">",
                ">",
                ">",
                ">",
                ">",
                ">",
                ">",
                ">",
                ">",
                ">",
                ">",
                ">",
                ">"
            ],
            "execution_output": "Exception in thread \"main\" java.util.NoSuchElementException: No line found\n\tat java.base/java.util.Scanner.nextLine(Scanner.java:1660)\n\tat foo.main(foo.java:66)"
        }
    ]
}