{
  "submission_id": "46",
  "cycles": [
    {
      "test_case": [
        "Test Case Input:\n\"test.txt\", \"http://www.example.com/file.txt\""
      ],
      "test_mutations": [
        "Test Case Input:\n\"test.txt\", \"http://www.example.com/file.txt\""
      ],
      "initial_code": "public class foo {\npublic void saveUrl(final String filename, final String urlString)\n        throws MalformedURLException, IOException {\n    BufferedInputStream in = null;\n    FileOutputStream fout = null;\n    try {\n        in = new BufferedInputStream(new URL(urlString).openStream());\n        fout = new FileOutputStream(filename);\n        final byte data[] = new byte[1024];\n        int count;\n        while ((count = in.read(data, 0, 1024)) != -1) {\n            fout.write(data, 0, count);\n        }\n    } finally {\n        if (in != null) {\n            in.close();\n        }\n        if (fout != null) {\n            fout.close();\n        }\n    }\n}\n}",
      "covered_code": "Plan for step by step execution of the given Java program and test case:\n\n1. Class Declaration: The class `foo` is declared. The statement `public class foo {` is covered.\n2. Method Declaration: The `saveUrl` method is declared. The statement `public void saveUrl(final String filename, final String urlString) throws MalformedURLException, IOException {` is covered.\n3. Variable Declaration: The variables `in` and `fout` are declared and initialized to `null`. The statements `BufferedInputStream in = null;` and `FileOutputStream fout = null;` are covered.\n4. Try Block Execution: The `try` block is entered. The statement `try {` is covered.\n5. URL Stream Opening: A `BufferedInputStream` is created by opening a stream from the URL. The statement `in = new BufferedInputStream(new URL(urlString).openStream());` is covered.\n6. File Output Stream Creation: A `FileOutputStream` is created using the provided filename. The statement `fout = new FileOutputStream(filename);` is covered.\n7. Buffer Allocation: A byte array `data` is allocated. The statement `final byte data[] = new byte[1024];` is covered.\n8. Data Reading and Writing: The `while` loop reads data from the input stream and writes it to the file output stream until the end of the stream is reached. The statements `while ((count = in.read(data, 0, 1024)) != -1) {` and `fout.write(data, 0, count);` are covered.\n9. Finally Block Execution: The `finally` block is entered to close the streams. The statement `finally {` is covered.\n10. Input Stream Closing: The input stream `in` is closed if it is not null. The statement `if (in != null) { in.close(); }` is covered.\n11. File Output Stream Closing: The file output stream `fout` is closed if it is not null. The statement `if (fout != null) { fout.close(); }` is covered.\n12. Closing Brackets: Closing brackets for the method and class are always covered.\n\nFinal code coverage of the Java program based on its test case:\n\n```\n> public class foo {\n> public void saveUrl(final String filename, final String urlString)\n        throws MalformedURLException, IOException {\n>     BufferedInputStream in = null;\n>     FileOutputStream fout = null;\n>     try {\n>         in = new BufferedInputStream(new URL(urlString).openStream());\n>         fout = new FileOutputStream(filename);\n>         final byte data[] = new byte[1024];\n>         int count;\n>         while ((count = in.read(data, 0, 1024)) != -1) {\n>             fout.write(data, 0, count);\n>         }\n>     } finally {\n>         if (in != null) {\n>             in.close();\n>         }\n>         if (fout != null) {\n>             fout.close();\n>         }\n>     }\n> }\n> }\n```",
      "test_seed_coverage": [
        ">",
        ">",
        ">",
        ">",
        ">",
        ">",
        ">",
        ">",
        ">",
        ">",
        ">",
        ">",
        ">",
        ">",
        ">",
        ">",
        ">",
        ">",
        ">",
        ">",
        ">",
        ">",
        ">"
      ],
      "cumulative_coverage": [
        ">",
        ">",
        ">",
        ">",
        ">",
        ">",
        ">",
        ">",
        ">",
        ">",
        ">",
        ">",
        ">",
        ">",
        ">",
        ">",
        ">",
        ">",
        ">",
        ">",
        ">",
        ">",
        ">"
      ]
    },
    {
      "test_case": [
        "Test Case Input:\nnull, \"http://www.example.com/file.txt\""
      ],
      "test_mutations": [
        "Test Case Input:\nnull, \"http://www.example.com/file.txt\""
      ],
      "initial_code": "public class foo {\npublic void saveUrl(final String filename, final String urlString)\n        throws MalformedURLException, IOException {\n    BufferedInputStream in = null;\n    FileOutputStream fout = null;\n    try {\n        in = new BufferedInputStream(new URL(urlString).openStream());\n        fout = new FileOutputStream(filename);\n        final byte data[] = new byte[1024];\n        int count;\n        while ((count = in.read(data, 0, 1024)) != -1) {\n            fout.write(data, 0, count);\n        }\n    } finally {\n        if (in != null) {\n            in.close();\n        }\n        if (fout != null) {\n            fout.close();\n        }\n    }\n}\n}",
      "covered_code": "PLAN for step by step execution of the given Java program and test case:\n\n1. Class Declaration: The class \"foo\" is declared and covered.\n2. Method Declaration: The method \"saveUrl\" is declared but not executed since the test case does not explicitly call it.\n3. Try Block: The try block is declared but not executed because the method is not called.\n4. BufferedInputStream Declaration: The declaration \"BufferedInputStream in = null;\" is not executed.\n5. FileOutputStream Declaration: The declaration \"FileOutputStream fout = null;\" is not executed.\n6. URL and InputStream Initialization: The line \"in = new BufferedInputStream(new URL(urlString).openStream());\" is not executed.\n7. FileOutputStream Initialization: The line \"fout = new FileOutputStream(filename);\" is not executed.\n8. Data Array Declaration: The line \"final byte data[] = new byte[1024];\" is not executed.\n9. While Loop: The while loop is not executed since the method is not called.\n10. Write to File: The line \"fout.write(data, 0, count);\" is not executed.\n11. Finally Block: The finally block is declared but not executed because the method is not invoked.\n12. BufferedInputStream Close: The line \"in.close();\" is not executed.\n13. FileOutputStream Close: The line \"fout.close();\" is not executed.\n14. Closing Brackets: Covered as part of the class and method declaration.\n\nFinal code coverage of the Java program based on its test case and given step by step reasoning for execution is:\n\n> public class foo {\n! public void saveUrl(final String filename, final String urlString)\n!         throws MalformedURLException, IOException {\n!     BufferedInputStream in = null;\n!     FileOutputStream fout = null;\n!     try {\n!         in = new BufferedInputStream(new URL(urlString).openStream());\n!         fout = new FileOutputStream(filename);\n!         final byte data[] = new byte[1024];\n!         int count;\n!         while ((count = in.read(data, 0, 1024)) != -1) {\n!             fout.write(data, 0, count);\n!         }\n!     } finally {\n!         if (in != null) {\n!             in.close();\n!         }\n!         if (fout != null) {\n!             fout.close();\n!         }\n!     }\n> }\n}",
      "test_seed_coverage": [
        ">",
        ">",
        ">",
        ">",
        ">",
        ">",
        ">",
        ">",
        ">",
        ">",
        ">",
        ">",
        ">",
        ">",
        ">",
        ">",
        ">",
        ">",
        ">",
        ">",
        ">",
        ">",
        ">"
      ],
      "cumulative_coverage": [
        ">",
        ">",
        ">",
        ">",
        ">",
        ">",
        ">",
        ">",
        ">",
        ">",
        ">",
        ">",
        ">",
        ">",
        ">",
        ">",
        ">",
        ">",
        ">",
        ">",
        ">",
        ">",
        ">"
      ]
    },
    {
      "test_case": [
        "Test Case Input:\n\"test.txt\", null"
      ],
      "test_mutations": [
        "Test Case Input:\n\"test.txt\", null"
      ],
      "initial_code": "public class foo {\npublic void saveUrl(final String filename, final String urlString)\n        throws MalformedURLException, IOException {\n    BufferedInputStream in = null;\n    FileOutputStream fout = null;\n    try {\n        in = new BufferedInputStream(new URL(urlString).openStream());\n        fout = new FileOutputStream(filename);\n        final byte data[] = new byte[1024];\n        int count;\n        while ((count = in.read(data, 0, 1024)) != -1) {\n            fout.write(data, 0, count);\n        }\n    } finally {\n        if (in != null) {\n            in.close();\n        }\n        if (fout != null) {\n            fout.close();\n        }\n    }\n}\n}",
      "covered_code": "Plan for step by step execution of the given Java program and test case:\n\n1. Class Declaration: The class declaration statement \"public class foo {\" will be covered.\n2. Method Declaration: The method declaration \"public void saveUrl(final String filename, final String urlString)\" will be covered.\n3. Try Block: The try block starts execution, covering the line \"try {\"\n4. BufferedInputStream Initialization: The line \"in = new BufferedInputStream(new URL(urlString).openStream());\" will not be covered because `urlString` is null, causing a `MalformedURLException`.\n5. FileOutputStream Initialization: The line \"fout = new FileOutputStream(filename);\" will not be executed due to the exception.\n6. Byte Array Declaration: The line \"final byte data[] = new byte[1024];\" will not be executed due to the exception.\n7. While Loop: The while loop \"while ((count = in.read(data, 0, 1024)) != -1) {\" will not be reached.\n8. fout.write: The line \"fout.write(data, 0, count);\" will not be executed due to the exception.\n9. Finally Block: The finally block starts execution, covering the line \"} finally {\"\n10. BufferedInputStream Close: The line \"if (in != null) {\" and the subsequent in.close() line will not be executed as `in` was never initialized.\n11. FileOutputStream Close: The line \"if (fout != null) {\" and the subsequent fout.close() line will not be executed as `fout` was never initialized.\n12. Closing Brackets: Closing brackets will be covered.\n\nFinal code coverage of the Java program based on its test case and given step by step reasoning for execution is:\n\n> public class foo {\n> public void saveUrl(final String filename, final String urlString)\n!         throws MalformedURLException, IOException {\n>     BufferedInputStream in = null;\n>     FileOutputStream fout = null;\n>     try {\n!         in = new BufferedInputStream(new URL(urlString).openStream());\n!         fout = new FileOutputStream(filename);\n!         final byte data[] = new byte[1024];\n!         int count;\n!         while ((count = in.read(data, 0, 1024)) != -1) {\n!             fout.write(data, 0, count);\n!         }\n>     } finally {\n!         if (in != null) {\n!             in.close();\n!         }\n!         if (fout != null) {\n!             fout.close();\n!         }\n>     }\n> }\n> }",
      "test_seed_coverage": [
        ">",
        ">",
        ">",
        ">",
        ">",
        ">",
        ">",
        ">",
        ">",
        ">",
        ">",
        ">",
        ">",
        ">",
        ">",
        ">",
        ">",
        ">",
        ">",
        ">",
        ">",
        ">",
        ">"
      ],
      "cumulative_coverage": [
        ">",
        ">",
        ">",
        ">",
        ">",
        ">",
        ">",
        ">",
        ">",
        ">",
        ">",
        ">",
        ">",
        ">",
        ">",
        ">",
        ">",
        ">",
        ">",
        ">",
        ">",
        ">",
        ">"
      ]
    },
    {
      "test_case": [
        "Test Case Input:\n\"test.txt\", 12345"
      ],
      "test_mutations": [
        "Test Case Input:\n\"test.txt\", 12345"
      ],
      "initial_code": "public class foo {\npublic void saveUrl(final String filename, final String urlString)\n        throws MalformedURLException, IOException {\n    BufferedInputStream in = null;\n    FileOutputStream fout = null;\n    try {\n        in = new BufferedInputStream(new URL(urlString).openStream());\n        fout = new FileOutputStream(filename);\n        final byte data[] = new byte[1024];\n        int count;\n        while ((count = in.read(data, 0, 1024)) != -1) {\n            fout.write(data, 0, count);\n        }\n    } finally {\n        if (in != null) {\n            in.close();\n        }\n        if (fout != null) {\n            fout.close();\n        }\n    }\n}\n}",
      "covered_code": "Plan for step-by-step execution of the given Java program and test case:\n\n1. Class Declaration: The class \"foo\" is declared and is always covered.\n2. Method Declaration: The method \"saveUrl\" is declared. The declaration is covered whenever the method is called.\n3. Method Invocation: The method \"saveUrl\" will be invoked with the parameters \"test.txt\" and \"12345\".\n4. URL Handling: A MalformedURLException will be thrown because \"12345\" is not a valid URL.\n5. Exception Handling: Since a MalformedURLException is thrown, the code within the try block will not complete execution. The finally block will still execute, ensuring resources are closed.\n6. Resource Cleanup: The finally block ensures that both \"in\" and \"fout\" are checked for null and closed if they are not null. However, as the URL is invalid, neither \"in\" nor \"fout\" is initialized, and the close operations are not executed.\n\nFinal predicted code coverage of the Java program based on its test case:\n\n> public class foo {\n> public void saveUrl(final String filename, final String urlString)\n!         throws MalformedURLException, IOException {\n>     BufferedInputStream in = null;\n>     FileOutputStream fout = null;\n!     try {\n!         in = new BufferedInputStream(new URL(urlString).openStream());\n!         fout = new FileOutputStream(filename);\n!         final byte data[] = new byte[1024];\n!         int count;\n!         while ((count = in.read(data, 0, 1024)) != -1) {\n!             fout.write(data, 0, count);\n!         }\n>     } finally {\n>         if (in != null) {\n!             in.close();\n>         }\n>         if (fout != null) {\n!             fout.close();\n>         }\n>     }\n> }\n> }",
      "test_seed_coverage": [
        ">",
        ">",
        ">",
        ">",
        ">",
        ">",
        ">",
        ">",
        ">",
        ">",
        ">",
        ">",
        ">",
        ">",
        ">",
        ">",
        ">",
        ">",
        ">",
        ">",
        ">",
        ">",
        ">"
      ],
      "cumulative_coverage": [
        ">",
        ">",
        ">",
        ">",
        ">",
        ">",
        ">",
        ">",
        ">",
        ">",
        ">",
        ">",
        ">",
        ">",
        ">",
        ">",
        ">",
        ">",
        ">",
        ">",
        ">",
        ">",
        ">"
      ]
    },
    {
      "test_case": [
        "Test Case Input:\n\"test.txt\", 0"
      ],
      "test_mutations": [
        "Test Case Input:\n\"test.txt\", 0"
      ],
      "initial_code": "public class foo {\npublic void saveUrl(final String filename, final String urlString)\n        throws MalformedURLException, IOException {\n    BufferedInputStream in = null;\n    FileOutputStream fout = null;\n    try {\n        in = new BufferedInputStream(new URL(urlString).openStream());\n        fout = new FileOutputStream(filename);\n        final byte data[] = new byte[1024];\n        int count;\n        while ((count = in.read(data, 0, 1024)) != -1) {\n            fout.write(data, 0, count);\n        }\n    } finally {\n        if (in != null) {\n            in.close();\n        }\n        if (fout != null) {\n            fout.close();\n        }\n    }\n}\n}",
      "covered_code": "PLAN for step by step execution of the given Java program and test case:\n\n1. Class Declaration: Class declaration statement \"public class foo {\" is executed when the class is used.\n2. Method Declaration: Method declaration \"public void saveUrl(final String filename, final String urlString)\" is executed when the method is called.\n3. Try Block: The try block is executed; statements \"BufferedInputStream in = null;\" and \"FileOutputStream fout = null;\" are initialized.\n4. URL Initialization: Attempt to open a URL stream with \"in = new BufferedInputStream(new URL(urlString).openStream());\" is not executed because the URL string is invalid (0).\n5. FileOutputStream Initialization: \"fout = new FileOutputStream(filename);\" is not executed due to the invalid URL.\n6. While Loop: \"while ((count = in.read(data, 0, 1024)) != -1)\" is not executed since the URL stream is not opened.\n7. Finally Block: Finally block is executed, but since both 'in' and 'fout' are null, the closing statements are not executed.\n8. Closing Brackets: Closing bracket statements are always executed.\n\nFinal code coverage of the Java program based on its test case and given step by step reasoning for execution is:\n\n> public class foo {\n> public void saveUrl(final String filename, final String urlString)\n!         throws MalformedURLException, IOException {\n>     BufferedInputStream in = null;\n>     FileOutputStream fout = null;\n!     try {\n!         in = new BufferedInputStream(new URL(urlString).openStream());\n!         fout = new FileOutputStream(filename);\n!         final byte data[] = new byte[1024];\n!         int count;\n!         while ((count = in.read(data, 0, 1024)) != -1) {\n!             fout.write(data, 0, count);\n!         }\n>     } finally {\n!         if (in != null) {\n!             in.close();\n!         }\n!         if (fout != null) {\n!             fout.close();\n!         }\n>     }\n> }\n> }",
      "test_seed_coverage": [
        ">",
        ">",
        ">",
        ">",
        ">",
        ">",
        ">",
        ">",
        ">",
        ">",
        ">",
        ">",
        ">",
        ">",
        ">",
        ">",
        ">",
        ">",
        ">",
        ">",
        ">",
        ">",
        ">"
      ],
      "cumulative_coverage": [
        ">",
        ">",
        ">",
        ">",
        ">",
        ">",
        ">",
        ">",
        ">",
        ">",
        ">",
        ">",
        ">",
        ">",
        ">",
        ">",
        ">",
        ">",
        ">",
        ">",
        ">",
        ">",
        ">"
      ]
    },
    {
      "test_case": [
        "Test Case Input:\n\"test.txt\", \"www.example.com/file.txt\""
      ],
      "test_mutations": [
        "Test Case Input:\n\"test.txt\", \"www.example.com/file.txt\""
      ],
      "initial_code": "public class foo {\npublic void saveUrl(final String filename, final String urlString)\n        throws MalformedURLException, IOException {\n    BufferedInputStream in = null;\n    FileOutputStream fout = null;\n    try {\n        in = new BufferedInputStream(new URL(urlString).openStream());\n        fout = new FileOutputStream(filename);\n        final byte data[] = new byte[1024];\n        int count;\n        while ((count = in.read(data, 0, 1024)) != -1) {\n            fout.write(data, 0, count);\n        }\n    } finally {\n        if (in != null) {\n            in.close();\n        }\n        if (fout != null) {\n            fout.close();\n        }\n    }\n}\n}",
      "covered_code": "PLAN for step by step execution of the given Java program and test case:\n\n1. Class Declaration: The class declaration is always executed. The statement \"public class foo {\" is covered.\n2. Method Declaration: The method declaration is executed when called. The statement \"public void saveUrl(final String filename, final String urlString)\" is covered.\n3. Variable Declaration: The statements \"BufferedInputStream in = null;\" and \"FileOutputStream fout = null;\" are executed as part of the method's execution.\n4. Try Block: The try block is executed when the method is called. The statement \"try {\" is covered.\n5. BufferedInputStream Initialization: The statement \"in = new BufferedInputStream(new URL(urlString).openStream());\" is executed to open the URL stream.\n6. FileOutputStream Initialization: The statement \"fout = new FileOutputStream(filename);\" is executed to create the output file.\n7. While Loop Execution: The while loop is executed to read and write data. The statement \"while ((count = in.read(data, 0, 1024)) != -1) {\" is executed.\n8. Writing Data: The statement \"fout.write(data, 0, count);\" is executed inside the loop.\n9. Finally Block: The finally block is executed after the try block. The statement \"finally {\" is covered.\n10. Closing BufferedInputStream: The statement \"if (in != null) {\" is executed, and \"in.close();\" is executed to close the input stream.\n11. Closing FileOutputStream: The statement \"if (fout != null) {\" is executed, and \"fout.close();\" is executed to close the output file.\n\nFinal code coverage of the Java program based on its test case and given step by step reasoning for execution is:\n\n> public class foo {\n> public void saveUrl(final String filename, final String urlString)\n>         throws MalformedURLException, IOException {\n>     BufferedInputStream in = null;\n>     FileOutputStream fout = null;\n>     try {\n>         in = new BufferedInputStream(new URL(urlString).openStream());\n>         fout = new FileOutputStream(filename);\n>         final byte data[] = new byte[1024];\n>         int count;\n>         while ((count = in.read(data, 0, 1024)) != -1) {\n>             fout.write(data, 0, count);\n>         }\n>     } finally {\n>         if (in != null) {\n>             in.close();\n>         }\n>         if (fout != null) {\n>             fout.close();\n>         }\n>     }\n> }\n> }",
      "test_seed_coverage": [
        ">",
        ">",
        ">",
        ">",
        ">",
        ">",
        ">",
        ">",
        ">",
        ">",
        ">",
        ">",
        ">",
        ">",
        ">",
        ">",
        ">",
        ">",
        ">",
        ">",
        ">",
        ">",
        ">"
      ],
      "cumulative_coverage": [
        ">",
        ">",
        ">",
        ">",
        ">",
        ">",
        ">",
        ">",
        ">",
        ">",
        ">",
        ">",
        ">",
        ">",
        ">",
        ">",
        ">",
        ">",
        ">",
        ">",
        ">",
        ">",
        ">"
      ]
    },
    {
      "test_case": [
        "Test Case Input:\n123, \"www.example.com/file.txt\""
      ],
      "test_mutations": [
        "Test Case Input:\n123, \"www.example.com/file.txt\""
      ],
      "initial_code": "public class foo {\npublic void saveUrl(final String filename, final String urlString)\n        throws MalformedURLException, IOException {\n    BufferedInputStream in = null;\n    FileOutputStream fout = null;\n    try {\n        in = new BufferedInputStream(new URL(urlString).openStream());\n        fout = new FileOutputStream(filename);\n        final byte data[] = new byte[1024];\n        int count;\n        while ((count = in.read(data, 0, 1024)) != -1) {\n            fout.write(data, 0, count);\n        }\n    } finally {\n        if (in != null) {\n            in.close();\n        }\n        if (fout != null) {\n            fout.close();\n        }\n    }\n}\n}",
      "covered_code": "PLAN:\n1. Class Declaration: The class declaration statement \"public class foo {\" is executed and covered.\n2. Method Declaration: The method declaration \"public void saveUrl(final String filename, final String urlString)\" is executed when the method is called.\n3. Variable Declarations: Variables \"BufferedInputStream in = null;\" and \"FileOutputStream fout = null;\" are declared and covered.\n4. Try Block Execution: The \"try\" block is entered, and all statements within are executed.\n5. URL and Stream Operations: \"in = new BufferedInputStream(new URL(urlString).openStream());\" and \"fout = new FileOutputStream(filename);\" are executed and covered.\n6. Buffer and Read Operations: The byte array \"final byte data[] = new byte[1024];\" is declared and covered. The while loop \"while ((count = in.read(data, 0, 1024)) != -1)\" is executed and covered, as well as \"fout.write(data, 0, count);\" within the loop.\n7. Finally Block Execution: The \"finally\" block is executed after the try block, regardless of exceptions.\n8. Stream Close Operations: \"if (in != null) { in.close(); }\" and \"if (fout != null) { fout.close(); }\" are executed and covered.\n\nFinal code coverage of the Java program based on its test case and given step by step reasoning for execution is:\n> public class foo {\n> public void saveUrl(final String filename, final String urlString)\n>         throws MalformedURLException, IOException {\n>     BufferedInputStream in = null;\n>     FileOutputStream fout = null;\n>     try {\n>         in = new BufferedInputStream(new URL(urlString).openStream());\n>         fout = new FileOutputStream(filename);\n>         final byte data[] = new byte[1024];\n>         int count;\n>         while ((count = in.read(data, 0, 1024)) != -1) {\n>             fout.write(data, 0, count);\n>         }\n>     } finally {\n>         if (in != null) {\n>             in.close();\n>         }\n>         if (fout != null) {\n>             fout.close();\n>         }\n>     }\n> }\n> }",
      "test_seed_coverage": [
        ">",
        ">",
        ">",
        ">",
        ">",
        ">",
        ">",
        ">",
        ">",
        ">",
        ">",
        ">",
        ">",
        ">",
        ">",
        ">",
        ">",
        ">",
        ">",
        ">",
        ">",
        ">",
        ">"
      ],
      "cumulative_coverage": [
        ">",
        ">",
        ">",
        ">",
        ">",
        ">",
        ">",
        ">",
        ">",
        ">",
        ">",
        ">",
        ">",
        ">",
        ">",
        ">",
        ">",
        ">",
        ">",
        ">",
        ">",
        ">",
        ">"
      ]
    },
    {
      "test_case": [
        "Test Case Input:\n123, \"http://www.example.com/file.txt\""
      ],
      "test_mutations": [
        "Test Case Input:\n123, \"http://www.example.com/file.txt\""
      ],
      "initial_code": "public class foo {\npublic void saveUrl(final String filename, final String urlString)\n        throws MalformedURLException, IOException {\n    BufferedInputStream in = null;\n    FileOutputStream fout = null;\n    try {\n        in = new BufferedInputStream(new URL(urlString).openStream());\n        fout = new FileOutputStream(filename);\n        final byte data[] = new byte[1024];\n        int count;\n        while ((count = in.read(data, 0, 1024)) != -1) {\n            fout.write(data, 0, count);\n        }\n    } finally {\n        if (in != null) {\n            in.close();\n        }\n        if (fout != null) {\n            fout.close();\n        }\n    }\n}\n}",
      "covered_code": "Plan for step by step execution of the given Java program and test case:\n\n1. Class Declaration: The class `foo` is declared.\n2. Method Declaration: The method `saveUrl` is declared and will be executed with the provided parameters.\n3. Declaration and Initialization: Variables `in` and `fout` are initialized to `null`.\n4. Try Block Execution: \n   - BufferedInputStream: Initiates a connection to the URL \"http://www.example.com/file.txt\" and opens a stream.\n   - FileOutputStream: Attempts to open a file output stream with the filename \"123\".\n   - Byte Data Array: A byte array `data` of size 1024 is created.\n5. While Loop Execution: The loop will execute as long as `in.read(data, 0, 1024)` does not return `-1`.\n   - Read and Write: Data is read into the byte array and written to the `fout` file.\n6. Finally Block Execution:\n   - Close Streams: The `in` and `fout` streams are closed if they were successfully opened.\n\nFinal code coverage for the Java program based on its test case:\n\n```\n> public class foo {\n> public void saveUrl(final String filename, final String urlString)\n>         throws MalformedURLException, IOException {\n>     BufferedInputStream in = null;\n>     FileOutputStream fout = null;\n>     try {\n>         in = new BufferedInputStream(new URL(urlString).openStream());\n>         fout = new FileOutputStream(filename);\n>         final byte data[] = new byte[1024];\n>         int count;\n>         while ((count = in.read(data, 0, 1024)) != -1) {\n>             fout.write(data, 0, count);\n>         }\n>     } finally {\n>         if (in != null) {\n>             in.close();\n>         }\n>         if (fout != null) {\n>             fout.close();\n>         }\n>     }\n> }\n> }\n```",
      "test_seed_coverage": [
        ">",
        ">",
        ">",
        ">",
        ">",
        ">",
        ">",
        ">",
        ">",
        ">",
        ">",
        ">",
        ">",
        ">",
        ">",
        ">",
        ">",
        ">",
        ">",
        ">",
        ">",
        ">",
        ">"
      ],
      "cumulative_coverage": [
        ">",
        ">",
        ">",
        ">",
        ">",
        ">",
        ">",
        ">",
        ">",
        ">",
        ">",
        ">",
        ">",
        ">",
        ">",
        ">",
        ">",
        ">",
        ">",
        ">",
        ">",
        ">",
        ">"
      ]
    },
    {
      "test_case": [
        "Test Case Input:\nnull, \"www.example.com/file.txt\""
      ],
      "test_mutations": [
        "Test Case Input:\nnull, \"www.example.com/file.txt\""
      ],
      "initial_code": "public class foo {\npublic void saveUrl(final String filename, final String urlString)\n        throws MalformedURLException, IOException {\n    BufferedInputStream in = null;\n    FileOutputStream fout = null;\n    try {\n        in = new BufferedInputStream(new URL(urlString).openStream());\n        fout = new FileOutputStream(filename);\n        final byte data[] = new byte[1024];\n        int count;\n        while ((count = in.read(data, 0, 1024)) != -1) {\n            fout.write(data, 0, count);\n        }\n    } finally {\n        if (in != null) {\n            in.close();\n        }\n        if (fout != null) {\n            fout.close();\n        }\n    }\n}\n}",
      "covered_code": "PLAN for step-by-step execution of the given Java program and test case:\n\n1. Class Declaration: The class declaration statement \"public class foo {\" is covered.\n2. Method Declaration: The method \"public void saveUrl(final String filename, final String urlString)\" is covered when the method is called.\n3. Initialization of Streams: Since \"filename\" is null, the \"fout = new FileOutputStream(filename);\" will throw a NullPointerException, so the lines initializing \"BufferedInputStream in = null;\" and \"FileOutputStream fout = null;\" will be covered.\n4. Try Block Execution: The try block is entered, and the line \"try {\" is covered.\n5. BufferedInputStream Initialization: The line \"in = new BufferedInputStream(new URL(urlString).openStream());\" is covered.\n6. FileOutputStream Initialization: The line \"fout = new FileOutputStream(filename);\" is not covered because it throws a NullPointerException.\n7. While Loop: The while loop is not executed due to the exception, so it is not covered.\n8. Finally Block Execution: The finally block is entered, and the line \"finally {\" is covered.\n9. Closing Streams: The statements \"if (in != null) { in.close(); }\" and \"if (fout != null) { fout.close(); }\" are covered. However, since the initialization of \"fout\" was not successful, fout's close isn't executed.\n10. Closing Brackets: Covered.\n\nFinal code coverage of the Java program based on its test case and given step-by-step reasoning for execution is:\n\n```\n> public class foo {\n> public void saveUrl(final String filename, final String urlString)\n        throws MalformedURLException, IOException {\n>     BufferedInputStream in = null;\n>     FileOutputStream fout = null;\n>     try {\n>         in = new BufferedInputStream(new URL(urlString).openStream());\n!         fout = new FileOutputStream(filename);\n!         final byte data[] = new byte[1024];\n!         int count;\n!         while ((count = in.read(data, 0, 1024)) != -1) {\n!             fout.write(data, 0, count);\n!         }\n>     } finally {\n>         if (in != null) {\n>             in.close();\n>         }\n>         if (fout != null) {\n!             fout.close();\n>         }\n>     }\n> }\n}\n```",
      "test_seed_coverage": [
        ">",
        ">",
        ">",
        ">",
        ">",
        ">",
        ">",
        ">",
        ">",
        ">",
        ">",
        ">",
        ">",
        ">",
        ">",
        ">",
        ">",
        ">",
        ">",
        ">",
        ">",
        ">",
        ">"
      ],
      "cumulative_coverage": [
        ">",
        ">",
        ">",
        ">",
        ">",
        ">",
        ">",
        ">",
        ">",
        ">",
        ">",
        ">",
        ">",
        ">",
        ">",
        ">",
        ">",
        ">",
        ">",
        ">",
        ">",
        ">",
        ">"
      ]
    },
    {
      "test_case": [
        "Test Case Input:\n123, null"
      ],
      "test_mutations": [
        "Test Case Input:\n123, null"
      ],
      "initial_code": "public class foo {\npublic void saveUrl(final String filename, final String urlString)\n        throws MalformedURLException, IOException {\n    BufferedInputStream in = null;\n    FileOutputStream fout = null;\n    try {\n        in = new BufferedInputStream(new URL(urlString).openStream());\n        fout = new FileOutputStream(filename);\n        final byte data[] = new byte[1024];\n        int count;\n        while ((count = in.read(data, 0, 1024)) != -1) {\n            fout.write(data, 0, count);\n        }\n    } finally {\n        if (in != null) {\n            in.close();\n        }\n        if (fout != null) {\n            fout.close();\n        }\n    }\n}\n}",
      "covered_code": "PLAN for step by step execution of the given Java program and test case:\n\n1. Class Declaration and Method Declaration: The class `foo` and method `saveUrl` are defined but not executed until called. These lines are covered when the method is invoked.\n\n2. Initialization of `BufferedInputStream` and `FileOutputStream`: Since the method `saveUrl` is called, the initialization of `BufferedInputStream` and `FileOutputStream` in the try block is covered.\n\n3. Execution of `BufferedInputStream` and `FileOutputStream`: The code attempts to open a stream to the URL and a file output stream to the filename. However, since the `urlString` is `null`, a `MalformedURLException` is thrown, and the initialization of `BufferedInputStream` fails. Thus, the lines related to reading from the stream and writing to the file are not covered.\n\n4. Finally Block: The finally block is executed, but since the `BufferedInputStream` and `FileOutputStream` were never successfully initialized, the close operations on both are not executed.\n\nFinal code coverage of the Java program based on its test case and given step by step reasoning for execution is:\n\n```\n> public class foo {\n> public void saveUrl(final String filename, final String urlString)\n>         throws MalformedURLException, IOException {\n>     BufferedInputStream in = null;\n>     FileOutputStream fout = null;\n!     try {\n!         in = new BufferedInputStream(new URL(urlString).openStream());\n!         fout = new FileOutputStream(filename);\n!         final byte data[] = new byte[1024];\n!         int count;\n!         while ((count = in.read(data, 0, 1024)) != -1) {\n!             fout.write(data, 0, count);\n!         }\n>     } finally {\n!         if (in != null) {\n!             in.close();\n!         }\n!         if (fout != null) {\n!             fout.close();\n!         }\n>     }\n> }\n> }\n```",
      "test_seed_coverage": [
        ">",
        ">",
        ">",
        ">",
        ">",
        ">",
        ">",
        ">",
        ">",
        ">",
        ">",
        ">",
        ">",
        ">",
        ">",
        ">",
        ">",
        ">",
        ">",
        ">",
        ">",
        ">",
        ">"
      ],
      "cumulative_coverage": [
        ">",
        ">",
        ">",
        ">",
        ">",
        ">",
        ">",
        ">",
        ">",
        ">",
        ">",
        ">",
        ">",
        ">",
        ">",
        ">",
        ">",
        ">",
        ">",
        ">",
        ">",
        ">",
        ">"
      ]
    },
    {
      "test_case": [
        "Test Case Input:\n123, -1"
      ],
      "test_mutations": [
        "Test Case Input:\n123, -1"
      ],
      "initial_code": "public class foo {\npublic void saveUrl(final String filename, final String urlString)\n        throws MalformedURLException, IOException {\n    BufferedInputStream in = null;\n    FileOutputStream fout = null;\n    try {\n        in = new BufferedInputStream(new URL(urlString).openStream());\n        fout = new FileOutputStream(filename);\n        final byte data[] = new byte[1024];\n        int count;\n        while ((count = in.read(data, 0, 1024)) != -1) {\n            fout.write(data, 0, count);\n        }\n    } finally {\n        if (in != null) {\n            in.close();\n        }\n        if (fout != null) {\n            fout.close();\n        }\n    }\n}\n}",
      "covered_code": "Plan for Step-by-Step Execution:\n\n1. `foo` Class Declaration: The class declaration is executed. Statement \"public class foo {\" is covered.\n2. `saveUrl` Method Declaration: The method declaration is executed when called. Statement \"public void saveUrl(final String filename, final String urlString) throws MalformedURLException, IOException {\" is covered.\n3. Variable Declaration: Statements for variable declaration \"BufferedInputStream in = null;\" and \"FileOutputStream fout = null;\" are covered.\n4. Try Block: The try block will execute if there are no exceptions raised before reaching it. Statement \"try {\" is covered.\n5. URL and Stream Initialization: The statement \"in = new BufferedInputStream(new URL(urlString).openStream());\" is not executed due to invalid input for a URL.\n6. FileOutputStream Initialization: The statement \"fout = new FileOutputStream(filename);\" is not executed due to the previous step failing.\n7. While Loop: The while loop \"while ((count = in.read(data, 0, 1024)) != -1) {\" is not executed as `in` is not initialized.\n8. fout.write Statement: The statement \"fout.write(data, 0, count);\" is not executed due to the while loop not being executed.\n9. Finally Block: The finally block is executed regardless of whether an exception is raised. Statement \"finally {\" is covered.\n10. in.close and fout.close Statements: Statements \"if (in != null) { in.close(); }\" and \"if (fout != null) { fout.close(); }\" are covered but not executed due to variables not being initialized.\n11. Closing Brackets: Always covered.\n\nFinal Code Coverage:\n\n> public class foo {\n> public void saveUrl(final String filename, final String urlString)\n>         throws MalformedURLException, IOException {\n>     BufferedInputStream in = null;\n>     FileOutputStream fout = null;\n>     try {\n!         in = new BufferedInputStream(new URL(urlString).openStream());\n!         fout = new FileOutputStream(filename);\n!         final byte data[] = new byte[1024];\n!         int count;\n!         while ((count = in.read(data, 0, 1024)) != -1) {\n!             fout.write(data, 0, count);\n!         }\n>     } finally {\n>         if (in != null) {\n!             in.close();\n>         }\n>         if (fout != null) {\n!             fout.close();\n>         }\n>     }\n> }\n> }",
      "test_seed_coverage": [
        ">",
        ">",
        ">",
        ">",
        ">",
        ">",
        ">",
        ">",
        ">",
        ">",
        ">",
        ">",
        ">",
        ">",
        ">",
        ">",
        ">",
        ">",
        ">",
        ">",
        ">",
        ">",
        ">"
      ],
      "cumulative_coverage": [
        ">",
        ">",
        ">",
        ">",
        ">",
        ">",
        ">",
        ">",
        ">",
        ">",
        ">",
        ">",
        ">",
        ">",
        ">",
        ">",
        ">",
        ">",
        ">",
        ">",
        ">",
        ">",
        ">"
      ]
    },
    {
      "test_case": [
        "Test Case Input:\n\"test.txt\", 1024"
      ],
      "test_mutations": [
        "Test Case Input:\n\"test.txt\", 1024"
      ],
      "initial_code": "public class foo {\npublic void saveUrl(final String filename, final String urlString)\n        throws MalformedURLException, IOException {\n    BufferedInputStream in = null;\n    FileOutputStream fout = null;\n    try {\n        in = new BufferedInputStream(new URL(urlString).openStream());\n        fout = new FileOutputStream(filename);\n        final byte data[] = new byte[1024];\n        int count;\n        while ((count = in.read(data, 0, 1024)) != -1) {\n            fout.write(data, 0, count);\n        }\n    } finally {\n        if (in != null) {\n            in.close();\n        }\n        if (fout != null) {\n            fout.close();\n        }\n    }\n}\n}",
      "covered_code": "PLAN for step by step execution of the given Java program and test case:\n\n1. Class Declaration: The class declaration statement is executed. Statement \"public class foo {\" is covered.\n2. Method Declaration: Method declarations are executed when called. The method \"public void saveUrl(final String filename, final String urlString)\" is covered when invoked.\n3. Initialization of Variables: The variables \"BufferedInputStream in = null;\" and \"FileOutputStream fout = null;\" are initialized. These statements are covered.\n4. Method Invocation: The method \"saveUrl\" is called with parameters \"filename\" = \"test.txt\" and \"urlString\" = 1024.\n5. Try Block Execution: The try block is entered and statements within are executed.\n6. URL Object Creation: The statement \"in = new BufferedInputStream(new URL(urlString).openStream());\" attempts to create a URL object. Since \"urlString\" is not a valid URL (it's an integer), a MalformedURLException is thrown. This line is covered.\n7. Catching Exceptions: Since an exception is thrown, the remaining lines within the try block are not executed, including \"fout = new FileOutputStream(filename);\" and the while loop.\n8. Finally Block Execution: The finally block is always executed. The statements \"if (in != null) { in.close(); }\" and \"if (fout != null) { fout.close(); }\" are evaluated but not executed because both \"in\" and \"fout\" are still null due to the exception.\n9. Closing Brackets: Closing brackets are always covered.\n\nFinal code coverage of the Java program based on its test case and given step by step reasoning for execution is:\n\n```\n> public class foo {\n> public void saveUrl(final String filename, final String urlString)\n>         throws MalformedURLException, IOException {\n>     BufferedInputStream in = null;\n>     FileOutputStream fout = null;\n>     try {\n>         in = new BufferedInputStream(new URL(urlString).openStream());\n!         fout = new FileOutputStream(filename);\n!         final byte data[] = new byte[1024];\n!         int count;\n!         while ((count = in.read(data, 0, 1024)) != -1) {\n!             fout.write(data, 0, count);\n!         }\n>     } finally {\n!         if (in != null) {\n!             in.close();\n!         }\n!         if (fout != null) {\n!             fout.close();\n!         }\n>     }\n> }\n> }\n```",
      "test_seed_coverage": [
        ">",
        ">",
        ">",
        ">",
        ">",
        ">",
        ">",
        ">",
        ">",
        ">",
        ">",
        ">",
        ">",
        ">",
        ">",
        ">",
        ">",
        ">",
        ">",
        ">",
        ">",
        ">",
        ">"
      ],
      "cumulative_coverage": [
        ">",
        ">",
        ">",
        ">",
        ">",
        ">",
        ">",
        ">",
        ">",
        ">",
        ">",
        ">",
        ">",
        ">",
        ">",
        ">",
        ">",
        ">",
        ">",
        ">",
        ">",
        ">",
        ">"
      ]
    },
    {
      "test_case": [
        "Test Case Input:\n\"test.txt\", \"12345\""
      ],
      "test_mutations": [
        "Test Case Input:\n\"test.txt\", \"12345\""
      ],
      "initial_code": "public class foo {\npublic void saveUrl(final String filename, final String urlString)\n        throws MalformedURLException, IOException {\n    BufferedInputStream in = null;\n    FileOutputStream fout = null;\n    try {\n        in = new BufferedInputStream(new URL(urlString).openStream());\n        fout = new FileOutputStream(filename);\n        final byte data[] = new byte[1024];\n        int count;\n        while ((count = in.read(data, 0, 1024)) != -1) {\n            fout.write(data, 0, count);\n        }\n    } finally {\n        if (in != null) {\n            in.close();\n        }\n        if (fout != null) {\n            fout.close();\n        }\n    }\n}\n}",
      "covered_code": "Plan for step by step execution of the given Java program and test case:\n\n1. Class Declaration: The class \"foo\" is declared. It's covered when the class is instantiated or its methods are accessed.\n2. Method Declaration: The method \"saveUrl\" is declared. It's covered when the method is called.\n3. SaveUrl Method Execution: The method \"saveUrl\" is called with arguments \"test.txt\" and \"12345\". \n   - Since \"12345\" is not a valid URL, a MalformedURLException is likely to be thrown.\n   - BufferedInputStream and FileOutputStream are not initialized due to exception.\n4. Try Block: The try block is entered, but the exception occurs at \"new URL(urlString).openStream()\". This line is executed and causes an exception.\n5. Catching Exceptions: The exception isn't explicitly caught within the method, so the finally block is executed.\n6. Finally Block: The finally block is executed. Since both \"in\" and \"fout\" are null, their close methods are not executed.\n7. Closing Brackets: Always covered.\n\nFinal code coverage based on the test case:\n\n```\n> public class foo {\n> public void saveUrl(final String filename, final String urlString)\n!         throws MalformedURLException, IOException {\n!     BufferedInputStream in = null;\n!     FileOutputStream fout = null;\n>     try {\n!         in = new BufferedInputStream(new URL(urlString).openStream());\n!         fout = new FileOutputStream(filename);\n!         final byte data[] = new byte[1024];\n!         int count;\n!         while ((count = in.read(data, 0, 1024)) != -1) {\n!             fout.write(data, 0, count);\n!         }\n>     } finally {\n!         if (in != null) {\n!             in.close();\n!         }\n!         if (fout != null) {\n!             fout.close();\n!         }\n>     }\n> }\n> }\n```",
      "test_seed_coverage": [
        ">",
        ">",
        ">",
        ">",
        ">",
        ">",
        ">",
        ">",
        ">",
        ">",
        ">",
        ">",
        ">",
        ">",
        ">",
        ">",
        ">",
        ">",
        ">",
        ">",
        ">",
        ">",
        ">"
      ],
      "cumulative_coverage": [
        ">",
        ">",
        ">",
        ">",
        ">",
        ">",
        ">",
        ">",
        ">",
        ">",
        ">",
        ">",
        ">",
        ">",
        ">",
        ">",
        ">",
        ">",
        ">",
        ">",
        ">",
        ">",
        ">"
      ]
    },
    {
      "test_case": [
        "Test Case Input:\n\"test.txt\", \"123abc\""
      ],
      "test_mutations": [
        "Test Case Input:\n\"test.txt\", \"123abc\""
      ],
      "initial_code": "public class foo {\npublic void saveUrl(final String filename, final String urlString)\n        throws MalformedURLException, IOException {\n    BufferedInputStream in = null;\n    FileOutputStream fout = null;\n    try {\n        in = new BufferedInputStream(new URL(urlString).openStream());\n        fout = new FileOutputStream(filename);\n        final byte data[] = new byte[1024];\n        int count;\n        while ((count = in.read(data, 0, 1024)) != -1) {\n            fout.write(data, 0, count);\n        }\n    } finally {\n        if (in != null) {\n            in.close();\n        }\n        if (fout != null) {\n            fout.close();\n        }\n    }\n}\n}",
      "covered_code": "Plan for step by step execution of the given Java program and test case:\n\n1. Class Declaration and Method Declaration: The class `foo` and method `saveUrl` are declared. These are executed when the method is called. The statement `public class foo {` and `public void saveUrl(final String filename, final String urlString)` will be covered.\n\n2. Initialization of Variables: Variables `in` (BufferedInputStream) and `fout` (FileOutputStream) are initialized to null. Statements `BufferedInputStream in = null;` and `FileOutputStream fout = null;` are covered.\n\n3. Try Block: The try block is entered, and the statements within are executed. The statement `try {` is covered.\n\n4. URL Opening and Stream Creation: An attempt is made to open a stream from the URL `urlString`. If `urlString` is invalid (e.g., \"123abc\"), a `MalformedURLException` is thrown, preventing further execution of the try block. The statement `in = new BufferedInputStream(new URL(urlString).openStream());` is not covered due to the exception.\n\n5. File Output Stream Creation: This statement is not reached due to the exception thrown in the previous step. The statement `fout = new FileOutputStream(filename);` is not covered.\n\n6. While Loop: The while loop is not reached because the exception prevents the execution of earlier statements. The statement `while ((count = in.read(data, 0, 1024)) != -1) {` is not covered.\n\n7. Finally Block: Regardless of the exception, the finally block is executed. The statement `finally {` is covered.\n\n8. Closing Resources: The statements `if (in != null) { in.close(); }` and `if (fout != null) { fout.close(); }` are executed. However, since `in` and `fout` were never successfully initialized due to the exception, the inner statements are not executed. The statements `in.close();` and `fout.close();` are not covered.\n\nFinal code coverage of the Java program based on its test case and given step by step reasoning for execution is:\n\n> public class foo {\n> public void saveUrl(final String filename, final String urlString)\n>         throws MalformedURLException, IOException {\n>     BufferedInputStream in = null;\n>     FileOutputStream fout = null;\n>     try {\n!         in = new BufferedInputStream(new URL(urlString).openStream());\n!         fout = new FileOutputStream(filename);\n!         final byte data[] = new byte[1024];\n!         int count;\n!         while ((count = in.read(data, 0, 1024)) != -1) {\n!             fout.write(data, 0, count);\n!         }\n>     } finally {\n>         if (in != null) {\n!             in.close();\n>         }\n>         if (fout != null) {\n!             fout.close();\n>         }\n>     }\n> }\n> }",
      "test_seed_coverage": [
        ">",
        ">",
        ">",
        ">",
        ">",
        ">",
        ">",
        ">",
        ">",
        ">",
        ">",
        ">",
        ">",
        ">",
        ">",
        ">",
        ">",
        ">",
        ">",
        ">",
        ">",
        ">",
        ">"
      ],
      "cumulative_coverage": [
        ">",
        ">",
        ">",
        ">",
        ">",
        ">",
        ">",
        ">",
        ">",
        ">",
        ">",
        ">",
        ">",
        ">",
        ">",
        ">",
        ">",
        ">",
        ">",
        ">",
        ">",
        ">",
        ">"
      ]
    },
    {
      "test_case": [
        "Test Case Input:\n\"test.txt\", \"http://www.example.com/invalid_file.txt\""
      ],
      "test_mutations": [
        "Test Case Input:\n\"test.txt\", \"http://www.example.com/invalid_file.txt\""
      ],
      "initial_code": "public class foo {\npublic void saveUrl(final String filename, final String urlString)\n        throws MalformedURLException, IOException {\n    BufferedInputStream in = null;\n    FileOutputStream fout = null;\n    try {\n        in = new BufferedInputStream(new URL(urlString).openStream());\n        fout = new FileOutputStream(filename);\n        final byte data[] = new byte[1024];\n        int count;\n        while ((count = in.read(data, 0, 1024)) != -1) {\n            fout.write(data, 0, count);\n        }\n    } finally {\n        if (in != null) {\n            in.close();\n        }\n        if (fout != null) {\n            fout.close();\n        }\n    }\n}\n}",
      "covered_code": "Plan for step-by-step execution of the given Java program and test case:\n\n1. Class Declaration: The class declaration \"public class foo\" is covered.\n2. Method Declaration: The method \"public void saveUrl(final String filename, final String urlString)\" is covered since it is called with the test case inputs.\n3. Variable Declarations: The declarations \"BufferedInputStream in = null;\" and \"FileOutputStream fout = null;\" are covered.\n4. Try Block Execution: The try block is entered and executed.\n5. URL and BufferedInputStream Initialization: The line \"in = new BufferedInputStream(new URL(urlString).openStream());\" will throw a MalformedURLException due to an invalid URL, and this line is covered.\n6. FileOutputStream Initialization: The line \"fout = new FileOutputStream(filename);\" is not reached due to the exception and is not covered.\n7. Exception Handling: The execution jumps to the finally block due to the exception.\n8. Finally Block Execution: The finally block is entered and executed.\n9. BufferedInputStream Closure: The line \"if (in != null) { in.close(); }\" is covered since 'in' was assigned a value.\n10. FileOutputStream Closure: The line \"if (fout != null) { fout.close(); }\" is covered, but since 'fout' was never assigned a value, this block does not close anything.\n\nFinal code coverage of the Java program based on its test case and given step-by-step reasoning for execution is:\n\n> public class foo {\n> public void saveUrl(final String filename, final String urlString)\n>         throws MalformedURLException, IOException {\n>     BufferedInputStream in = null;\n>     FileOutputStream fout = null;\n>     try {\n>         in = new BufferedInputStream(new URL(urlString).openStream());\n!         fout = new FileOutputStream(filename);\n!         final byte data[] = new byte[1024];\n!         int count;\n!         while ((count = in.read(data, 0, 1024)) != -1) {\n!             fout.write(data, 0, count);\n!         }\n>     } finally {\n>         if (in != null) {\n>             in.close();\n>         }\n>         if (fout != null) {\n>             fout.close();\n>         }\n>     }\n> }\n> }",
      "test_seed_coverage": [
        ">",
        ">",
        ">",
        ">",
        ">",
        ">",
        ">",
        ">",
        ">",
        ">",
        ">",
        ">",
        ">",
        ">",
        ">",
        ">",
        ">",
        ">",
        ">",
        ">",
        ">",
        ">",
        ">"
      ],
      "cumulative_coverage": [
        ">",
        ">",
        ">",
        ">",
        ">",
        ">",
        ">",
        ">",
        ">",
        ">",
        ">",
        ">",
        ">",
        ">",
        ">",
        ">",
        ">",
        ">",
        ">",
        ">",
        ">",
        ">",
        ">"
      ]
    },
    {
      "test_case": [
        "Test Case Input:\n\"test.txt\", \"www.example.com/invalid_file.txt\""
      ],
      "test_mutations": [
        "Test Case Input:\n\"test.txt\", \"www.example.com/invalid_file.txt\""
      ],
      "initial_code": "public class foo {\npublic void saveUrl(final String filename, final String urlString)\n        throws MalformedURLException, IOException {\n    BufferedInputStream in = null;\n    FileOutputStream fout = null;\n    try {\n        in = new BufferedInputStream(new URL(urlString).openStream());\n        fout = new FileOutputStream(filename);\n        final byte data[] = new byte[1024];\n        int count;\n        while ((count = in.read(data, 0, 1024)) != -1) {\n            fout.write(data, 0, count);\n        }\n    } finally {\n        if (in != null) {\n            in.close();\n        }\n        if (fout != null) {\n            fout.close();\n        }\n    }\n}\n}",
      "covered_code": "PLAN for step by step execution of the given Java program and test case:\n1. Class Declaration: The class \"foo\" is declared. Statement \"public class foo {\" is executed.\n2. Method Declaration: The method \"saveUrl\" is declared. Statement \"public void saveUrl(final String filename, final String urlString) throws MalformedURLException, IOException {\" is executed.\n3. Variable Declaration: The variables \"in\" and \"fout\" are declared and initialized to null. Statement \"BufferedInputStream in = null;\" and \"FileOutputStream fout = null;\" are executed.\n4. Try Block Execution: The try block is entered. Statement \"try {\" is executed.\n5. URL Stream Opening and File Output Stream Opening: The URL stream is attempted to be opened with \"new URL(urlString).openStream()\", but since the URL is invalid, a MalformedURLException will be thrown. Statement \"in = new BufferedInputStream(new URL(urlString).openStream());\" is not executed successfully.\n6. FileOutputStream Initialization: Since the exception is thrown before reaching this point, the statement \"fout = new FileOutputStream(filename);\" is not executed.\n7. Byte Array Declaration: The byte array is declared, but since the exception prevents reaching this point, the statement \"final byte data[] = new byte[1024];\" is not executed.\n8. While Loop Execution: The while loop is not executed due to the exception preventing reaching this point. Statement \"while ((count = in.read(data, 0, 1024)) != -1) {\" and its contents are not executed.\n9. Finally Block Execution: The finally block is executed. Statement \"finally {\" is executed.\n10. BufferedInputStream Close: Since \"in\" was not successfully initialized, \"in.close();\" is not executed.\n11. FileOutputStream Close: Since \"fout\" was not successfully initialized, \"fout.close();\" is not executed.\n12. Closing Brackets: All method and class closing brackets are executed.\n\nFinal code coverage of the Java program based on its test case and given step-by-step reasoning for execution is:\n> public class foo {\n> public void saveUrl(final String filename, final String urlString)\n>         throws MalformedURLException, IOException {\n>     BufferedInputStream in = null;\n>     FileOutputStream fout = null;\n>     try {\n!         in = new BufferedInputStream(new URL(urlString).openStream());\n!         fout = new FileOutputStream(filename);\n!         final byte data[] = new byte[1024];\n!         int count;\n!         while ((count = in.read(data, 0, 1024)) != -1) {\n!             fout.write(data, 0, count);\n!         }\n>     } finally {\n!         if (in != null) {\n!             in.close();\n!         }\n!         if (fout != null) {\n!             fout.close();\n!         }\n>     }\n> }\n> }",
      "test_seed_coverage": [
        ">",
        ">",
        ">",
        ">",
        ">",
        ">",
        ">",
        ">",
        ">",
        ">",
        ">",
        ">",
        ">",
        ">",
        ">",
        ">",
        ">",
        ">",
        ">",
        ">",
        ">",
        ">",
        ">"
      ],
      "cumulative_coverage": [
        ">",
        ">",
        ">",
        ">",
        ">",
        ">",
        ">",
        ">",
        ">",
        ">",
        ">",
        ">",
        ">",
        ">",
        ">",
        ">",
        ">",
        ">",
        ">",
        ">",
        ">",
        ">",
        ">"
      ]
    },
    {
      "test_case": [
        "Test Case Input:\n\"output.txt\", \"http://www.example.com/invalid_file.txt\""
      ],
      "test_mutations": [
        "Test Case Input:\n\"output.txt\", \"http://www.example.com/invalid_file.txt\""
      ],
      "initial_code": "public class foo {\npublic void saveUrl(final String filename, final String urlString)\n        throws MalformedURLException, IOException {\n    BufferedInputStream in = null;\n    FileOutputStream fout = null;\n    try {\n        in = new BufferedInputStream(new URL(urlString).openStream());\n        fout = new FileOutputStream(filename);\n        final byte data[] = new byte[1024];\n        int count;\n        while ((count = in.read(data, 0, 1024)) != -1) {\n            fout.write(data, 0, count);\n        }\n    } finally {\n        if (in != null) {\n            in.close();\n        }\n        if (fout != null) {\n            fout.close();\n        }\n    }\n}\n}",
      "covered_code": "PLAN for step by step execution of the given Java program and test case:\n\n1. Class Declaration: The class declaration \"public class foo {\" is executed and covered.\n2. Method Declaration: The method \"public void saveUrl(final String filename, final String urlString)\" is executed when called and covered.\n3. Variable Declarations: The variables \"BufferedInputStream in = null;\" and \"FileOutputStream fout = null;\" are declared and covered.\n4. Try Block Execution: The try block is entered, and its contents are executed.\n5. URL Connection: Attempt to open a stream from the URL using \"in = new BufferedInputStream(new URL(urlString).openStream());\" results in \"MalformedURLException\" or \"IOException\" because the URL is invalid. This line is not covered.\n6. File Output Stream: The line \"fout = new FileOutputStream(filename);\" is not executed due to the exception raised in the previous step.\n7. While Loop: The while loop is not executed, as the exception is raised before reaching this point.\n8. Finally Block Execution: The finally block is always executed.\n   - \"if (in != null) { in.close(); }\" is not executed because \"in\" is still null.\n   - \"if (fout != null) { fout.close(); }\" is not executed because \"fout\" is still null.\n9. Catching Exceptions: Since the exception is not caught within the method, it propagates, but this does not affect the statement coverage.\n\nFinal code coverage of the Java program based on its test case and given step-by-step reasoning for execution is:\n\n> public class foo {\n> public void saveUrl(final String filename, final String urlString)\n>         throws MalformedURLException, IOException {\n>     BufferedInputStream in = null;\n>     FileOutputStream fout = null;\n>     try {\n!         in = new BufferedInputStream(new URL(urlString).openStream());\n!         fout = new FileOutputStream(filename);\n!         final byte data[] = new byte[1024];\n!         int count;\n!         while ((count = in.read(data, 0, 1024)) != -1) {\n!             fout.write(data, 0, count);\n!         }\n>     } finally {\n!         if (in != null) {\n!             in.close();\n!         }\n!         if (fout != null) {\n!             fout.close();\n!         }\n>     }\n> }\n> }",
      "test_seed_coverage": [
        ">",
        ">",
        ">",
        ">",
        ">",
        ">",
        ">",
        ">",
        ">",
        ">",
        ">",
        ">",
        ">",
        ">",
        ">",
        ">",
        ">",
        ">",
        ">",
        ">",
        ">",
        ">",
        ">"
      ],
      "cumulative_coverage": [
        ">",
        ">",
        ">",
        ">",
        ">",
        ">",
        ">",
        ">",
        ">",
        ">",
        ">",
        ">",
        ">",
        ">",
        ">",
        ">",
        ">",
        ">",
        ">",
        ">",
        ">",
        ">",
        ">"
      ]
    },
    {
      "test_case": [
        "Test Case Input:\n\"output.txt\", \"http://www.example.com/file.txt\""
      ],
      "test_mutations": [
        "Test Case Input:\n\"output.txt\", \"http://www.example.com/file.txt\""
      ],
      "initial_code": "public class foo {\npublic void saveUrl(final String filename, final String urlString)\n        throws MalformedURLException, IOException {\n    BufferedInputStream in = null;\n    FileOutputStream fout = null;\n    try {\n        in = new BufferedInputStream(new URL(urlString).openStream());\n        fout = new FileOutputStream(filename);\n        final byte data[] = new byte[1024];\n        int count;\n        while ((count = in.read(data, 0, 1024)) != -1) {\n            fout.write(data, 0, count);\n        }\n    } finally {\n        if (in != null) {\n            in.close();\n        }\n        if (fout != null) {\n            fout.close();\n        }\n    }\n}\n}",
      "covered_code": "PLAN for step by step execution of the given Java program and test case:\n\n1. Class Declaration: Class declaration statement is executed. Statement \"public class foo {\" is covered.\n2. Method Declaration: Method declarations are executed when called. The method \"public void saveUrl(final String filename, final String urlString) throws MalformedURLException, IOException {\" is covered.\n3. Variable Declaration: Variable declarations inside the try block are executed. Statements \"BufferedInputStream in = null;\" and \"FileOutputStream fout = null;\" are covered.\n4. Try Block Execution: The try block is executed. Statement \"try {\" is covered.\n5. Opening URL Stream: Attempt to open a URL stream is executed. Statement \"in = new BufferedInputStream(new URL(urlString).openStream());\" is covered.\n6. File Output Stream: Attempt to open a file output stream is executed. Statement \"fout = new FileOutputStream(filename);\" is covered.\n7. Data Array Initialization: Data array initialization is executed. Statement \"final byte data[] = new byte[1024];\" is covered.\n8. While Loop Execution: The while loop is executed as long as data is being read from the stream. Statement \"while ((count = in.read(data, 0, 1024)) != -1) {\" is covered.\n9. Writing Data to File: Writing data to the file is executed within the while loop. Statement \"fout.write(data, 0, count);\" is covered.\n10. Finally Block Execution: After the try block execution, the finally block is always executed. Statement \"finally {\" is covered.\n11. Closing Input Stream: Closing the input stream is executed if the stream was opened. Statement \"if (in != null) { in.close(); }\" is covered.\n12. Closing Output Stream: Closing the file output stream is executed if the stream was opened. Statement \"if (fout != null) { fout.close(); }\" is covered.\n13. Closing Brackets: Closing brackets are always covered.\n\nFinal code coverage of the Java program based on its test case and given step by step reasoning for execution is:\n\n> public class foo {\n> public void saveUrl(final String filename, final String urlString)\n>         throws MalformedURLException, IOException {\n>     BufferedInputStream in = null;\n>     FileOutputStream fout = null;\n>     try {\n>         in = new BufferedInputStream(new URL(urlString).openStream());\n>         fout = new FileOutputStream(filename);\n>         final byte data[] = new byte[1024];\n>         int count;\n>         while ((count = in.read(data, 0, 1024)) != -1) {\n>             fout.write(data, 0, count);\n>         }\n>     } finally {\n>         if (in != null) {\n>             in.close();\n>         }\n>         if (fout != null) {\n>             fout.close();\n>         }\n>     }\n> }\n> }",
      "test_seed_coverage": [
        ">",
        ">",
        ">",
        ">",
        ">",
        ">",
        ">",
        ">",
        ">",
        ">",
        ">",
        ">",
        ">",
        ">",
        ">",
        ">",
        ">",
        ">",
        ">",
        ">",
        ">",
        ">",
        ">"
      ],
      "cumulative_coverage": [
        ">",
        ">",
        ">",
        ">",
        ">",
        ">",
        ">",
        ">",
        ">",
        ">",
        ">",
        ">",
        ">",
        ">",
        ">",
        ">",
        ">",
        ">",
        ">",
        ">",
        ">",
        ">",
        ">"
      ]
    },
    {
      "test_case": [
        "Test Case Input:\n\"test.txt\", \"http://www.example.com/file.txt\", 0, \"abc\""
      ],
      "test_mutations": [
        "Test Case Input:\n\"test.txt\", \"http://www.example.com/file.txt\", 0, \"abc\""
      ],
      "initial_code": "public class foo {\npublic void saveUrl(final String filename, final String urlString)\n        throws MalformedURLException, IOException {\n    BufferedInputStream in = null;\n    FileOutputStream fout = null;\n    try {\n        in = new BufferedInputStream(new URL(urlString).openStream());\n        fout = new FileOutputStream(filename);\n        final byte data[] = new byte[1024];\n        int count;\n        while ((count = in.read(data, 0, 1024)) != -1) {\n            fout.write(data, 0, count);\n        }\n    } finally {\n        if (in != null) {\n            in.close();\n        }\n        if (fout != null) {\n            fout.close();\n        }\n    }\n}\n}",
      "covered_code": "PLAN for step by step execution of the given Java program and test case:\n\n1. Class Declaration: Class declaration statements are executed. Statement \"public class foo {\" is covered.\n2. Method Declaration: Method declaration statements are executed when called. Statement \"public void saveUrl(final String filename, final String urlString) throws MalformedURLException, IOException {\" is covered.\n3. Variable Initialization: Statements \"BufferedInputStream in = null;\" and \"FileOutputStream fout = null;\" are executed.\n4. Try Block Execution: The try block is entered and executed.\n5. URL Stream Opening: Statement \"in = new BufferedInputStream(new URL(urlString).openStream());\" is executed as the URL is valid.\n6. File Output Stream Opening: Statement \"fout = new FileOutputStream(filename);\" is executed as the filename is valid.\n7. While Loop Execution: The while loop condition is evaluated and executed while data is available to read.\n8. Data Reading and Writing: Statements inside the while loop \"int count;\" and \"fout.write(data, 0, count);\" are executed repeatedly until the end of the stream.\n9. Finally Block Execution: The finally block is executed regardless of exceptions.\n10. Stream Closing: Both \"if (in != null) { in.close(); }\" and \"if (fout != null) { fout.close(); }\" are executed as both streams are not null.\n11. Closing Brackets: Closing brackets are always covered.\n\nFinal code coverage of the Java program based on its test case and given step-by-step reasoning for execution is:\n\n> public class foo {\n> public void saveUrl(final String filename, final String urlString)\n>         throws MalformedURLException, IOException {\n>     BufferedInputStream in = null;\n>     FileOutputStream fout = null;\n>     try {\n>         in = new BufferedInputStream(new URL(urlString).openStream());\n>         fout = new FileOutputStream(filename);\n>         final byte data[] = new byte[1024];\n>         int count;\n>         while ((count = in.read(data, 0, 1024)) != -1) {\n>             fout.write(data, 0, count);\n>         }\n>     } finally {\n>         if (in != null) {\n>             in.close();\n>         }\n>         if (fout != null) {\n>             fout.close();\n>         }\n>     }\n> }\n> }",
      "test_seed_coverage": [
        ">",
        ">",
        ">",
        ">",
        ">",
        ">",
        ">",
        ">",
        ">",
        ">",
        ">",
        ">",
        ">",
        ">",
        ">",
        ">",
        ">",
        ">",
        ">",
        ">",
        ">",
        ">",
        ">"
      ],
      "cumulative_coverage": [
        ">",
        ">",
        ">",
        ">",
        ">",
        ">",
        ">",
        ">",
        ">",
        ">",
        ">",
        ">",
        ">",
        ">",
        ">",
        ">",
        ">",
        ">",
        ">",
        ">",
        ">",
        ">",
        ">"
      ]
    },
    {
      "test_case": [
        "Test Case Input:\n\"output.txt\", \"http://www.example.com/file.txt\", 0, \"abc\""
      ],
      "test_mutations": [
        "Test Case Input:\n\"output.txt\", \"http://www.example.com/file.txt\", 0, \"abc\""
      ],
      "initial_code": "public class foo {\npublic void saveUrl(final String filename, final String urlString)\n        throws MalformedURLException, IOException {\n    BufferedInputStream in = null;\n    FileOutputStream fout = null;\n    try {\n        in = new BufferedInputStream(new URL(urlString).openStream());\n        fout = new FileOutputStream(filename);\n        final byte data[] = new byte[1024];\n        int count;\n        while ((count = in.read(data, 0, 1024)) != -1) {\n            fout.write(data, 0, count);\n        }\n    } finally {\n        if (in != null) {\n            in.close();\n        }\n        if (fout != null) {\n            fout.close();\n        }\n    }\n}\n}",
      "covered_code": "PLAN:\n\n1. Class Declaration: The class `foo` is declared. Statement `public class foo {` is covered.\n2. Method Declaration: The method `saveUrl` is declared. Statement `public void saveUrl(final String filename, final String urlString) throws MalformedURLException, IOException {` is covered.\n3. Variable Initialization: Variables `BufferedInputStream in = null;` and `FileOutputStream fout = null;` are initialized but not executed statements yet.\n4. Try Block Execution: The try block is entered. Statement `try {` is covered.\n5. BufferedInputStream Initialization: The statement `in = new BufferedInputStream(new URL(urlString).openStream());` is executed and covered.\n6. FileOutputStream Initialization: The statement `fout = new FileOutputStream(filename);` is executed and covered.\n7. Byte Array Initialization: The statement `final byte data[] = new byte[1024];` is executed and covered.\n8. While Loop Execution: The while loop is entered and executed. Statement `while ((count = in.read(data, 0, 1024)) != -1) {` is covered.\n9. File Writing: The statement `fout.write(data, 0, count);` within the while loop is executed and covered.\n10. Finally Block Execution: The finally block is entered after the try block completes. Statement `finally {` is covered.\n11. BufferedInputStream Close: The statement `if (in != null) { in.close(); }` is executed and covered.\n12. FileOutputStream Close: The statement `if (fout != null) { fout.close(); }` is executed and covered.\n13. Closing Brackets: The closing brackets for the method and class are covered.\n\nFinal code coverage of the Java program based on its test case and given step by step reasoning for execution is:\n\n```\n> public class foo {\n> public void saveUrl(final String filename, final String urlString)\n>         throws MalformedURLException, IOException {\n>     BufferedInputStream in = null;\n>     FileOutputStream fout = null;\n>     try {\n>         in = new BufferedInputStream(new URL(urlString).openStream());\n>         fout = new FileOutputStream(filename);\n>         final byte data[] = new byte[1024];\n>         int count;\n>         while ((count = in.read(data, 0, 1024)) != -1) {\n>             fout.write(data, 0, count);\n>         }\n>     } finally {\n>         if (in != null) {\n>             in.close();\n>         }\n>         if (fout != null) {\n>             fout.close();\n>         }\n>     }\n> }\n> }\n```",
      "test_seed_coverage": [
        ">",
        ">",
        ">",
        ">",
        ">",
        ">",
        ">",
        ">",
        ">",
        ">",
        ">",
        ">",
        ">",
        ">",
        ">",
        ">",
        ">",
        ">",
        ">",
        ">",
        ">",
        ">",
        ">"
      ],
      "cumulative_coverage": [
        ">",
        ">",
        ">",
        ">",
        ">",
        ">",
        ">",
        ">",
        ">",
        ">",
        ">",
        ">",
        ">",
        ">",
        ">",
        ">",
        ">",
        ">",
        ">",
        ">",
        ">",
        ">",
        ">"
      ]
    },
    {
      "test_case": [
        "Test Case Input:\n\"output.txt\", null"
      ],
      "test_mutations": [
        "Test Case Input:\n\"output.txt\", null"
      ],
      "initial_code": "public class foo {\npublic void saveUrl(final String filename, final String urlString)\n        throws MalformedURLException, IOException {\n    BufferedInputStream in = null;\n    FileOutputStream fout = null;\n    try {\n        in = new BufferedInputStream(new URL(urlString).openStream());\n        fout = new FileOutputStream(filename);\n        final byte data[] = new byte[1024];\n        int count;\n        while ((count = in.read(data, 0, 1024)) != -1) {\n            fout.write(data, 0, count);\n        }\n    } finally {\n        if (in != null) {\n            in.close();\n        }\n        if (fout != null) {\n            fout.close();\n        }\n    }\n}\n}",
      "covered_code": "PLAN for step-by-step execution of the given Java program and test case:\n\n1. foo Class Declaration: Class declaration statements are executed. Statement \"public class foo {\" is covered.\n2. Method Declaration: Method declarations are executed when called. The method \"public void saveUrl(final String filename, final String urlString)\" is covered.\n3. Try Block Execution: The code inside the try block is executed. However, the URL is null in the test case input, resulting in a MalformedURLException. Therefore, the BufferedInputStream and FileOutputStream initialization are not executed.\n4. Catching Exceptions: The try-catch block is not explicitly defined in the code, but exceptions will be propagated to the calling context.\n5. Finally Block Execution: The finally block statements are always executed. The statements \"if (in != null) { in.close(); }\" and \"if (fout != null) { fout.close(); }\" are covered, but since the variables were not initialized, the if conditions are false, and their bodies are not executed.\n6. Closing Brackets: Always covered.\n\nFinal code coverage of the Java program based on its test case is:\n\n> public class foo {\n> public void saveUrl(final String filename, final String urlString)\n        throws MalformedURLException, IOException {\n!     BufferedInputStream in = null;\n!     FileOutputStream fout = null;\n>     try {\n!         in = new BufferedInputStream(new URL(urlString).openStream());\n!         fout = new FileOutputStream(filename);\n!         final byte data[] = new byte[1024];\n!         int count;\n!         while ((count = in.read(data, 0, 1024)) != -1) {\n!             fout.write(data, 0, count);\n!         }\n>     } finally {\n>         if (in != null) {\n!             in.close();\n>         }\n>         if (fout != null) {\n!             fout.close();\n>         }\n>     }\n> }\n> }",
      "test_seed_coverage": [
        ">",
        ">",
        ">",
        ">",
        ">",
        ">",
        ">",
        ">",
        ">",
        ">",
        ">",
        ">",
        ">",
        ">",
        ">",
        ">",
        ">",
        ">",
        ">",
        ">",
        ">",
        ">",
        ">"
      ],
      "cumulative_coverage": [
        ">",
        ">",
        ">",
        ">",
        ">",
        ">",
        ">",
        ">",
        ">",
        ">",
        ">",
        ">",
        ">",
        ">",
        ">",
        ">",
        ">",
        ">",
        ">",
        ">",
        ">",
        ">",
        ">"
      ]
    },
    {
      "test_case": [
        "Test Case Input:\n\"test.txt\", 1024, \"http://www.example.com/file.txt\""
      ],
      "test_mutations": [
        "Test Case Input:\n\"test.txt\", 1024, \"http://www.example.com/file.txt\""
      ],
      "initial_code": "public class foo {\npublic void saveUrl(final String filename, final String urlString)\n        throws MalformedURLException, IOException {\n    BufferedInputStream in = null;\n    FileOutputStream fout = null;\n    try {\n        in = new BufferedInputStream(new URL(urlString).openStream());\n        fout = new FileOutputStream(filename);\n        final byte data[] = new byte[1024];\n        int count;\n        while ((count = in.read(data, 0, 1024)) != -1) {\n            fout.write(data, 0, count);\n        }\n    } finally {\n        if (in != null) {\n            in.close();\n        }\n        if (fout != null) {\n            fout.close();\n        }\n    }\n}\n}",
      "covered_code": "PLAN for step by step execution of the given Java program and test case:\n\n1. Class Declaration: The class `foo` is declared. This statement is covered.\n\n2. Method Declaration: The method `saveUrl` is declared. This statement is covered.\n\n3. Method Call: The method `saveUrl` is called with the parameters `\"test.txt\"`, `1024`, and `\"http://www.example.com/file.txt\"`. The statement for the method call is covered.\n\n4. Variable Initialization: The variables `in` and `fout` are initialized to `null`. These statements are covered.\n\n5. Try Block Execution: The `try` block is entered. Statements within the `try` block are executed.\n\n6. BufferedInputStream Initialization: A `BufferedInputStream` is opened with the URL `http://www.example.com/file.txt`. The statement `in = new BufferedInputStream(new URL(urlString).openStream());` is covered.\n\n7. FileOutputStream Initialization: A `FileOutputStream` is opened for the file `\"test.txt\"`. The statement `fout = new FileOutputStream(filename);` is covered.\n\n8. Byte Array Declaration: A byte array `data` of size 1024 is declared. The statement `final byte data[] = new byte[1024];` is covered.\n\n9. While Loop Execution: The while loop reads from the `BufferedInputStream` into `data` and writes to the `FileOutputStream` until the end of the stream is reached. The statement `while ((count = in.read(data, 0, 1024)) != -1) {` and its contents are covered.\n\n10. Finally Block Execution: The `finally` block is executed, closing the `BufferedInputStream` and `FileOutputStream`. The statements `if (in != null) { in.close(); }` and `if (fout != null) { fout.close(); }` are covered.\n\n11. Closing Brackets: Closing brackets are always covered.\n\nFinal code coverage of the Java program based on its test case and given step-by-step reasoning for execution is:\n\n```\n> public class foo {\n> public void saveUrl(final String filename, final String urlString)\n>         throws MalformedURLException, IOException {\n>     BufferedInputStream in = null;\n>     FileOutputStream fout = null;\n>     try {\n>         in = new BufferedInputStream(new URL(urlString).openStream());\n>         fout = new FileOutputStream(filename);\n>         final byte data[] = new byte[1024];\n>         int count;\n>         while ((count = in.read(data, 0, 1024)) != -1) {\n>             fout.write(data, 0, count);\n>         }\n>     } finally {\n>         if (in != null) {\n>             in.close();\n>         }\n>         if (fout != null) {\n>             fout.close();\n>         }\n>     }\n> }\n> }\n```",
      "test_seed_coverage": [
        ">",
        ">",
        ">",
        ">",
        ">",
        ">",
        ">",
        ">",
        ">",
        ">",
        ">",
        ">",
        ">",
        ">",
        ">",
        ">",
        ">",
        ">",
        ">",
        ">",
        ">",
        ">",
        ">"
      ],
      "cumulative_coverage": [
        ">",
        ">",
        ">",
        ">",
        ">",
        ">",
        ">",
        ">",
        ">",
        ">",
        ">",
        ">",
        ">",
        ">",
        ">",
        ">",
        ">",
        ">",
        ">",
        ">",
        ">",
        ">",
        ">"
      ]
    },
    {
      "test_case": [
        "Test Case Input:\nnull, \"http://www.example.com/file.txt\", 0, \"abc\""
      ],
      "test_mutations": [
        "Test Case Input:\nnull, \"http://www.example.com/file.txt\", 0, \"abc\""
      ],
      "initial_code": "public class foo {\npublic void saveUrl(final String filename, final String urlString)\n        throws MalformedURLException, IOException {\n    BufferedInputStream in = null;\n    FileOutputStream fout = null;\n    try {\n        in = new BufferedInputStream(new URL(urlString).openStream());\n        fout = new FileOutputStream(filename);\n        final byte data[] = new byte[1024];\n        int count;\n        while ((count = in.read(data, 0, 1024)) != -1) {\n            fout.write(data, 0, count);\n        }\n    } finally {\n        if (in != null) {\n            in.close();\n        }\n        if (fout != null) {\n            fout.close();\n        }\n    }\n}\n}",
      "covered_code": "PLAN for step by step execution of the given Java program and test case:\n\n1. Class Declaration: The class declaration statement \"public class foo {\" will be covered.\n2. Method Declaration: The method declaration \"public void saveUrl(final String filename, final String urlString) throws MalformedURLException, IOException {\" will be covered.\n3. Variable Declaration: The variable declarations \"BufferedInputStream in = null;\" and \"FileOutputStream fout = null;\" will be covered.\n4. Try Block Execution: The try block is entered, so the statement \"try {\" will be covered.\n5. URL and InputStream Creation: An exception will be thrown when attempting to create a URL object with a null filename, thus statement \"in = new BufferedInputStream(new URL(urlString).openStream());\" is not covered.\n6. FileOutputStream Creation: Similarly, execution will not reach \"fout = new FileOutputStream(filename);\" due to the exception.\n7. While Loop: The while loop and its contents will not be executed since the exception occurs before reaching this point.\n8. Finally Block: The finally block is always executed, so \"finally {\" is covered.\n9. InputStream Closure: The statement \"if (in != null) {\" is covered. However, \"in.close();\" is not executed because 'in' is still null.\n10. FileOutputStream Closure: The statement \"if (fout != null) {\" is covered. Similarly, \"fout.close();\" is not executed because 'fout' is still null.\n11. Closing Brackets: Closing brackets for the method and class will be covered.\n\nFinal code coverage of the Java program based on its test case and given step-by-step reasoning for execution is:\n\n> public class foo {\n> public void saveUrl(final String filename, final String urlString)\n>         throws MalformedURLException, IOException {\n>     BufferedInputStream in = null;\n>     FileOutputStream fout = null;\n>     try {\n!         in = new BufferedInputStream(new URL(urlString).openStream());\n!         fout = new FileOutputStream(filename);\n!         final byte data[] = new byte[1024];\n!         int count;\n!         while ((count = in.read(data, 0, 1024)) != -1) {\n!             fout.write(data, 0, count);\n>     } finally {\n>         if (in != null) {\n!             in.close();\n>         }\n>         if (fout != null) {\n!             fout.close();\n>         }\n>     }\n> }\n> }",
      "test_seed_coverage": [
        ">",
        ">",
        ">",
        ">",
        ">",
        ">",
        ">",
        ">",
        ">",
        ">",
        ">",
        ">",
        ">",
        ">",
        ">",
        ">",
        ">",
        ">",
        ">",
        ">",
        ">",
        ">",
        ">"
      ],
      "cumulative_coverage": [
        ">",
        ">",
        ">",
        ">",
        ">",
        ">",
        ">",
        ">",
        ">",
        ">",
        ">",
        ">",
        ">",
        ">",
        ">",
        ">",
        ">",
        ">",
        ">",
        ">",
        ">",
        ">",
        ">"
      ]
    },
    {
      "test_case": [
        "Test Case Input:\nnull, \"invalid_url\""
      ],
      "test_mutations": [
        "Test Case Input:\nnull, \"invalid_url\""
      ],
      "initial_code": "public class foo {\npublic void saveUrl(final String filename, final String urlString)\n        throws MalformedURLException, IOException {\n    BufferedInputStream in = null;\n    FileOutputStream fout = null;\n    try {\n        in = new BufferedInputStream(new URL(urlString).openStream());\n        fout = new FileOutputStream(filename);\n        final byte data[] = new byte[1024];\n        int count;\n        while ((count = in.read(data, 0, 1024)) != -1) {\n            fout.write(data, 0, count);\n        }\n    } finally {\n        if (in != null) {\n            in.close();\n        }\n        if (fout != null) {\n            fout.close();\n        }\n    }\n}\n}",
      "covered_code": "PLAN for step by step execution of the given Java program and test case-\n\n1. Class Declaration: The class declaration for \"foo\" is executed. Statement \"public class foo {\" is covered.\n\n2. saveUrl Method Declaration: Method declarations are executed when called. The saveUrl method declaration is covered.\n\n3. Attempt to Open URL Stream: The URL is invalid, which will throw a MalformedURLException. The statement \"in = new BufferedInputStream(new URL(urlString).openStream());\" is not covered due to the exception.\n\n4. FileOutputStream Initialization: The code will not reach this point due to the exception. The statement \"fout = new FileOutputStream(filename);\" is not covered.\n\n5. Data Array and Count Declaration: These statements are not reached due to the exception. The statements \"final byte data[] = new byte[1024];\" and \"int count;\" are not covered.\n\n6. While Loop Execution: The while loop is not executed because the exception occurs before this point. The statement \"while ((count = in.read(data, 0, 1024)) != -1) {\" is not covered.\n\n7. Writing to File: The fout.write statement is not executed because the exception occurs before this point. The statement \"fout.write(data, 0, count);\" is not covered.\n\n8. Finally Block Execution: The finally block will be executed to handle resource closure.\n\n9. Resource Closure: The in and fout resource closure checks are executed. The statements \"if (in != null) { in.close(); }\" and \"if (fout != null) { fout.close(); }\" are covered.\n\n10. Closing Brackets: All closing brackets are executed.\n\nFinal code coverage of the Java program based on its test case and given step by step reasoning for execution is:\n\n> public class foo {\n> public void saveUrl(final String filename, final String urlString)\n>         throws MalformedURLException, IOException {\n!     BufferedInputStream in = null;\n!     FileOutputStream fout = null;\n!     try {\n!         in = new BufferedInputStream(new URL(urlString).openStream());\n!         fout = new FileOutputStream(filename);\n!         final byte data[] = new byte[1024];\n!         int count;\n!         while ((count = in.read(data, 0, 1024)) != -1) {\n!             fout.write(data, 0, count);\n!         }\n>     } finally {\n>         if (in != null) {\n>             in.close();\n>         }\n>         if (fout != null) {\n>             fout.close();\n>         }\n>     }\n> }\n>}",
      "test_seed_coverage": [
        ">",
        ">",
        ">",
        ">",
        ">",
        ">",
        ">",
        ">",
        ">",
        ">",
        ">",
        ">",
        ">",
        ">",
        ">",
        ">",
        ">",
        ">",
        ">",
        ">",
        ">",
        ">",
        ">"
      ],
      "cumulative_coverage": [
        ">",
        ">",
        ">",
        ">",
        ">",
        ">",
        ">",
        ">",
        ">",
        ">",
        ">",
        ">",
        ">",
        ">",
        ">",
        ">",
        ">",
        ">",
        ">",
        ">",
        ">",
        ">",
        ">"
      ]
    }
  ]
}