{
    "submission_id": "s005911119",
    "cycles": [
        {
            "test_case": [
                "Test Case Input:\n5"
            ],
            "test_mutations": [
                "Test Case Input:\n5"
            ],
            "initial_code": "public class Main{\n\tpublic static void main(String[] args){\n\t\tScanner stdIn = new Scanner(System.in);\n\t\tint n = stdIn.nextInt();\n\t\tint count = 0;\n\t\tif( n >= 2 )\n\t\t\tcount++;\n\t\tif( n >= 3 )\n\t\t\tcount++;\n\t\tint[] p = new int[n];\n\t\tp[0] = 2;\n\t\tp[1] = 3;\n\t\tfor(int i = 5; i <= n; i += 2){\n\t\t\tfor(int j =1; j < count; j ++){\n\t\t\t\tif( i % p[j] == 0 ){\n\t\t\t\t\tbreak;\n\t\t\t\t}\n\t\t\t\telse if ( p[j] > Math.sqrt(i) ){\n\t\t\t\t\tp[count] = i;\n\t\t\t\t\tcount++;\n\t\t\t\t\tbreak;\n\t\t\t\t}\n\t\t\t}\n\t\t}\n\t\tSystem.out.println(count);\n\t}\n}",
            "covered_code": "Given the test case input '5', let's develop a plan for step-by-step execution of the Java program to predict the code coverage.\n\n### Plan:\n\n1. **Program start:** The execution starts with the main method.\n2. **Scanner object creation:** A Scanner object 'stdIn' is created to take input from the user.\n3. **User input for 'n':** The user inputs '5' which is read and stored in the variable 'n'.\n4. **First if condition:** Checks if 'n >= 2'. Since '5 >= 2', this condition is true, and 'count' is incremented.\n5. **Second if condition:** Checks if 'n >= 3'. Since '5 >= 3', this condition is also true, and 'count' is incremented again.\n6. **Array creation:** An integer array 'p' of size 'n' (5 in this case) is created.\n7. **Array initialization:** The first two elements of the array 'p' are initialized to 2 and 3, respectively.\n8. **First for loop:** The loop iterates over odd numbers starting from 5 up to 'n' (inclusive). Since 'n' is 5, it should iterate once.\n9. **Inner for loop:** The loop iterates based on 'count' which was incremented twice, hence it starts from 1 and should go up to 'count' (now 2), but it will break early for i=5 because 5 % p[1] (5 % 3) is not 0 and p[1] (3) is not greater than the square root of 5.\n10. **Print statement:** Finally, 'count' (which is 2) is printed.\n\n### Code Coverage Prediction:\n\n```java\n> public class Main{\n>\tpublic static void main(String[] args){\n>\t\tScanner stdIn = new Scanner(System.in);\n>\t\tint n = stdIn.nextInt();\n>\t\tint count = 0;\n>\t\tif( n >= 2 )\n>\t\t\tcount++;\n>\t\tif( n >= 3 )\n>\t\t\tcount++;\n>\t\tint[] p = new int[n];\n>\t\tp[0] = 2;\n>\t\tp[1] = 3;\n>\t\tfor(int i = 5; i <= n; i += 2){\n>\t\t\tfor(int j =1; j < count; j ++){\n!\t\t\t\tif( i % p[j] == 0 ){\n>\t\t\t\t\tbreak;\n>\t\t\t\t}\n!\t\t\t\telse if ( p[j] > Math.sqrt(i) ){\n!\t\t\t\t\tp[count] = i;\n!\t\t\t\t\tcount++;\n>\t\t\t\t\tbreak;\n\t\t\t\t}\n\t\t\t}\n\t\t}\n>\t\tSystem.out.println(count);\n\t}\n}\n```\n\n### Explanation:\n- All statements in the main method are executed at least once.\n- The first 'if' statement and the second 'if' statement are executed because 'n' is 5, which fulfills both conditions.\n- The array 'p' is created and initialized with the first two primes.\n- The outer loop for generating primes runs once for i=5, but since 5 doesn't satisfy the conditions for being non-prime as per our prime-checking logic, the inner loop's `if` conditions are not fully covered. Specifically, the conditions that would add a new prime to the array are not executed because 5 is not greater than the square root of any number checked, and it's also not divisible by 3, the prime number checked against it.\n- The print statement is executed, printing the count of primes found (which remains 2).\n\n### OUTPUT:\nThe output of the program will be '2', and the code coverage indicates which lines are executed and which are not based on the given test case.",
            "test_seed_coverage": [
                ">",
                ">",
                ">",
                ">",
                ">",
                ">",
                ">",
                ">",
                ">",
                ">",
                ">",
                ">",
                ">",
                ">",
                "!",
                ">",
                ">",
                "!",
                "!",
                "!",
                ">",
                ">",
                ">",
                ">",
                ">",
                ">",
                ">"
            ],
            "cumulative_coverage": [
                ">",
                ">",
                ">",
                ">",
                ">",
                ">",
                ">",
                ">",
                ">",
                ">",
                ">",
                ">",
                ">",
                ">",
                "!",
                ">",
                ">",
                "!",
                "!",
                "!",
                ">",
                ">",
                ">",
                ">",
                ">",
                ">",
                ">"
            ],
            "execution_output": "3",
            "cerberus_output": "",
            "execution_result": ""
        },
        {
            "test_case": [
                "Test Case Input:\n-2"
            ],
            "test_mutations": [
                "Test Case Input:\n-2"
            ],
            "initial_code": "public class Main{\n\tpublic static void main(String[] args){\n\t\tScanner stdIn = new Scanner(System.in);\n\t\tint n = stdIn.nextInt();\n\t\tint count = 0;\n\t\tif( n >= 2 )\n\t\t\tcount++;\n\t\tif( n >= 3 )\n\t\t\tcount++;\n\t\tint[] p = new int[n];\n\t\tp[0] = 2;\n\t\tp[1] = 3;\n\t\tfor(int i = 5; i <= n; i += 2){\n\t\t\tfor(int j =1; j < count; j ++){\n\t\t\t\tif( i % p[j] == 0 ){\n\t\t\t\t\tbreak;\n\t\t\t\t}\n\t\t\t\telse if ( p[j] > Math.sqrt(i) ){\n\t\t\t\t\tp[count] = i;\n\t\t\t\t\tcount++;\n\t\t\t\t\tbreak;\n\t\t\t\t}\n\t\t\t}\n\t\t}\n\t\tSystem.out.println(count);\n\t}\n}",
            "covered_code": "Given the test case input `-2` and the provided Java program, let's develop a plan for step by step execution to predict the code coverage:\n\n1. **Class Declaration**: Always executed. Statement `public class Main{` is covered.\n\n2. **Main Method Declaration**: Always executed. Statement `public static void main(String[] args){` is covered.\n\n3. **Scanner and User Input**: Always executed. Statements `Scanner stdIn = new Scanner(System.in);` and `int n = stdIn.nextInt();` are covered as they are responsible for reading the input.\n\n4. **Variable Initialization**: The statement `int count = 0;` is executed as part of the variable initialization.\n\n5. **First If Condition**: The condition `if( n >= 2 )` is not satisfied because `n = -2`. Therefore, the statement inside this condition `count++;` is not executed.\n\n6. **Second If Condition**: Similarly, the condition `if( n >= 3 )` is also not satisfied because `n = -2`. Hence, the statement `count++;` inside this condition is not executed.\n\n7. **Array Initialization**: The statement `int[] p = new int[n];` attempts to initialize an array with a size of `-2`, which is not valid. This will cause a `NegativeArraySizeException`.\n\nBecause the execution will stop at the point where the exception is thrown (`int[] p = new int[n];`), the subsequent lines including the array assignments `p[0] = 2;`, `p[1] = 3;` and the nested for-loops, as well as the final print statement `System.out.println(count);`, will not be executed.\n\nBased on the step-by-step reasoning, here is the predicted code coverage:\n\n```\n> public class Main{\n>     public static void main(String[] args){\n>         Scanner stdIn = new Scanner(System.in);\n>         int n = stdIn.nextInt();\n>         int count = 0;\n!         if( n >= 2 )\n!             count++;\n!         if( n >= 3 )\n!             count++;\n!         int[] p = new int[n];\n!         p[0] = 2;\n!         p[1] = 3;\n!         for(int i = 5; i <= n; i += 2){\n!             for(int j =1; j < count; j ++){\n!                 if( i % p[j] == 0 ){\n!                     break;\n!                 }\n!                 else if ( p[j] > Math.sqrt(i) ){\n!                     p[count] = i;\n!                     count++;\n!                     break;\n!                 }\n!             }\n!         }\n!         System.out.println(count);\n>     }\n> }\n```\n\n**OUTPUT**:\n```\nError: NegativeArraySizeException\n```",
            "test_seed_coverage": [
                ">",
                ">",
                ">",
                ">",
                ">",
                ">",
                ">",
                ">",
                ">",
                ">",
                ">",
                ">",
                ">",
                ">",
                "!",
                ">",
                ">",
                "!",
                "!",
                "!",
                ">",
                ">",
                ">",
                ">",
                ">",
                ">",
                ">"
            ],
            "cumulative_coverage": [
                ">",
                ">",
                ">",
                ">",
                ">",
                ">",
                ">",
                ">",
                ">",
                ">",
                ">",
                ">",
                ">",
                ">",
                "!",
                ">",
                ">",
                "!",
                "!",
                "!",
                ">",
                ">",
                ">",
                ">",
                ">",
                ">",
                ">"
            ],
            "execution_error": "Exception in thread \"main\" java.lang.NegativeArraySizeException: -2\n\tat Main.main(Main.java:11)",
            "cerberus_output": "NegativeArraySizeException",
            "execution_result": "NegativeArraySizeException"
        },
        {
            "test_case": [
                "Test Case Input:\n5"
            ],
            "test_mutations": [
                "Test Case Input:\n5"
            ],
            "initial_code": "public class Main{\n\tpublic static void main(String[] args){\n\t\tScanner stdIn = new Scanner(System.in);\n\t\tint n = stdIn.nextInt();\n\t\tint count = 0;\n\t\tif( n >= 2 )\n\t\t\tcount++;\n\t\tif( n >= 3 )\n\t\t\tcount++;\n\t\tint[] p = new int[n];\n\t\tp[0] = 2;\n\t\tp[1] = 3;\n\t\tfor(int i = 5; i <= n; i += 2){\n\t\t\tfor(int j =1; j < count; j ++){\n\t\t\t\tif( i % p[j] == 0 ){\n\t\t\t\t\tbreak;\n\t\t\t\t}\n\t\t\t\telse if ( p[j] > Math.sqrt(i) ){\n\t\t\t\t\tp[count] = i;\n\t\t\t\t\tcount++;\n\t\t\t\t\tbreak;\n\t\t\t\t}\n\t\t\t}\n\t\t}\n\t\tSystem.out.println(count);\n\t}\n}",
            "covered_code": "For the given Java program and the test case input '5', the step-by-step execution plan and predicted code coverage are as follows:\n\n1. Import statements: No explicit import statement for Scanner is given, but it's implied that it should be \"import java.util.Scanner;\". This statement would be executed if included in the code explicitly.\n\n2. Class Declaration: Always executed. The statement \"public class Main{\" is covered.\n\n3. Main method declaration: Always executed. The statement \"public static void main(String[] args){\" is covered.\n\n4. User Input: Executed. The statement \"Scanner stdIn = new Scanner(System.in);\" and \"int n = stdIn.nextInt();\" are covered since they are necessary to read the input '5'.\n\n5. First if condition: Since n (5) is greater than or equal to 2, the condition \"if( n >= 2 )\" is satisfied, so the statement \"count++;\" within this block is executed.\n\n6. Second if condition: Since n (5) is also greater than or equal to 3, the condition \"if( n >= 3 )\" is also satisfied, so the statement \"count++;\" within this block is executed.\n\n7. Array declaration and initialization: The statement \"int[] p = new int[n];\" is executed, and the following two statements \"p[0] = 2;\" and \"p[1] = 3;\" are also executed since they are initializing the first two elements of the array.\n\n8. For loop for prime generation: The condition \"for(int i = 5; i <= n; i += 2){\" is executed for i = 5 since 5 is less than or equal to n (5).\n\n9. Nested for loop: The condition \"for(int j =1; j < count; j ++){\" is executed since count has been incremented twice and is greater than 1.\n\n10. First if condition inside nested loop: Not executed. The condition \"if( i % p[j] == 0 ){\" is not satisfied for any j since p[1] = 3 does not divide i (5) without a remainder.\n\n11. Second if condition inside nested loop: Executed. The condition \"else if ( p[j] > Math.sqrt(i) ){\" is satisfied because p[1] = 3 is not greater than Math.sqrt(5), but logically, it's the intention to check if the loop has not broken due to finding a divisor, indicating i is prime.\n\n12. Array update and count increment inside nested loop: These statements are intended to be executed when a new prime is found, but due to a logical flaw in the condition, they might not execute as expected for all primes. However, based on the given input '5', these statements are not executed because the logic to correctly add primes to the array `p` and increment `count` is flawed for this specific scenario.\n\n13. Print statement: The statement \"System.out.println(count);\" is executed, printing the value of count.\n\n14. Closing the Scanner: Not explicitly mentioned, but it's good practice. The statement \"stdIn.close();\" if added, would be executed.\n\nPredicted code coverage:\n\n```\n> public class Main{\n> \tpublic static void main(String[] args){\n> \t\tScanner stdIn = new Scanner(System.in);\n> \t\tint n = stdIn.nextInt();\n> \t\tint count = 0;\n> \t\tif( n >= 2 )\n> \t\t\tcount++;\n> \t\tif( n >= 3 )\n> \t\t\tcount++;\n> \t\tint[] p = new int[n];\n> \t\tp[0] = 2;\n> \t\tp[1] = 3;\n> \t\tfor(int i = 5; i <= n; i += 2){\n> \t\t\tfor(int j =1; j < count; j ++){\n> \t\t\t\tif( i % p[j] == 0 ){\n!\t\t\t\t\tbreak;\n> \t\t\t\t}\n> \t\t\t\telse if ( p[j] > Math.sqrt(i) ){\n!\t\t\t\t\tp[count] = i;\n!\t\t\t\t\tcount++;\n!\t\t\t\t\tbreak;\n\t\t\t\t}\n\t\t\t}\n\t\t}\n> \t\tSystem.out.println(count);\n> \t}\n> }\n```\n\nThe logical flaw in the inner `else if` condition means that for the given input '5', some intended prime-related operations might not execute as expected. The actual output will differ from expected prime calculation logic.",
            "test_seed_coverage": [
                ">",
                ">",
                ">",
                ">",
                ">",
                ">",
                ">",
                ">",
                ">",
                ">",
                ">",
                ">",
                ">",
                ">",
                ">",
                ">",
                ">",
                ">",
                "!",
                "!",
                ">",
                ">",
                ">",
                ">",
                ">",
                ">",
                ">"
            ],
            "cumulative_coverage": [
                ">",
                ">",
                ">",
                ">",
                ">",
                ">",
                ">",
                ">",
                ">",
                ">",
                ">",
                ">",
                ">",
                ">",
                ">",
                ">",
                ">",
                ">",
                "!",
                "!",
                ">",
                ">",
                ">",
                ">",
                ">",
                ">",
                ">"
            ],
            "execution_output": "3",
            "cerberus_output": "",
            "execution_result": ""
        },
        {
            "test_case": [
                "Test Case Input:\n-5"
            ],
            "test_mutations": [
                "Test Case Input:\n-5"
            ],
            "initial_code": "public class Main{\n\tpublic static void main(String[] args){\n\t\tScanner stdIn = new Scanner(System.in);\n\t\tint n = stdIn.nextInt();\n\t\tint count = 0;\n\t\tif( n >= 2 )\n\t\t\tcount++;\n\t\tif( n >= 3 )\n\t\t\tcount++;\n\t\tint[] p = new int[n];\n\t\tp[0] = 2;\n\t\tp[1] = 3;\n\t\tfor(int i = 5; i <= n; i += 2){\n\t\t\tfor(int j =1; j < count; j ++){\n\t\t\t\tif( i % p[j] == 0 ){\n\t\t\t\t\tbreak;\n\t\t\t\t}\n\t\t\t\telse if ( p[j] > Math.sqrt(i) ){\n\t\t\t\t\tp[count] = i;\n\t\t\t\t\tcount++;\n\t\t\t\t\tbreak;\n\t\t\t\t}\n\t\t\t}\n\t\t}\n\t\tSystem.out.println(count);\n\t}\n}",
            "covered_code": "For the provided Java code snippet and test case input, let's develop a plan of step by step execution to predict the code coverage. The given input is `-5`.\n\n### Plan for Step by Step Execution:\n\n1. **Import statements**: There is an implicit import statement for `java.util.Scanner`. It's always executed.\n2. **Main class declaration**: Always executed. Statement `public class Main{` will be covered.\n3. **Main method declaration**: Always executed. Statement `public static void main(String[] args){` is covered.\n4. **Scanner and user input**: Always executed. Statements `Scanner stdIn = new Scanner(System.in);` and `int n = stdIn.nextInt();` are covered since they are essential for getting the input `-5`.\n5. **If-conditions for incrementing count**: Given `n = -5`, both conditions `if( n >= 2 )` and `if( n >= 3 )` will not be satisfied. Therefore, both if conditions will be evaluated, but the statements inside them will not execute.\n6. **Array declaration and initialization**: Since `n` is `-5`, attempting to initialize an array of size `-5` (`int[] p = new int[n];`) will lead to a runtime exception.\n7. **For loop and nested for loop**: Due to the runtime exception at step 6, the for loop and its contents will not be executed.\n8. **Print statement**: Since the runtime exception occurs before reaching this point, the print statement will not be executed.\n9. **Closing brackets and scanner close**: Always covered, but the scanner close statement will not be explicitly mentioned here due to the premature termination caused by the runtime exception.\n\n### Predicted Code Coverage:\n\n> public class Main{\n>     public static void main(String[] args){\n>         Scanner stdIn = new Scanner(System.in);\n>         int n = stdIn.nextInt();\n>         int count = 0;\n!         if( n >= 2 )\n!             count++;\n!         if( n >= 3 )\n!             count++;\n!         int[] p = new int[n];\n!         p[0] = 2;\n!         p[1] = 3;\n!         for(int i = 5; i <= n; i += 2){\n!             for(int j =1; j < count; j ++){\n!                 if( i % p[j] == 0 ){\n!                     break;\n!                 }\n!                 else if ( p[j] > Math.sqrt(i) ){\n!                     p[count] = i;\n!                     count++;\n!                     break;\n!                 }\n!             }\n!         }\n!         System.out.println(count);\n    }\n}\n\n### Output:\n\nRuntime Exception Raised: `NegativeArraySizeException`\n\nThis is because attempting to create an array with a negative size (`int[] p = new int[n];` where `n = -5`) is not valid in Java, resulting in a `NegativeArraySizeException`.",
            "test_seed_coverage": [
                ">",
                ">",
                ">",
                ">",
                ">",
                ">",
                ">",
                ">",
                ">",
                ">",
                ">",
                ">",
                ">",
                ">",
                ">",
                ">",
                ">",
                ">",
                "!",
                "!",
                ">",
                ">",
                ">",
                ">",
                ">",
                ">",
                ">"
            ],
            "cumulative_coverage": [
                ">",
                ">",
                ">",
                ">",
                ">",
                ">",
                ">",
                ">",
                ">",
                ">",
                ">",
                ">",
                ">",
                ">",
                ">",
                ">",
                ">",
                ">",
                "!",
                "!",
                ">",
                ">",
                ">",
                ">",
                ">",
                ">",
                ">"
            ],
            "execution_error": "Exception in thread \"main\" java.lang.NegativeArraySizeException: -5\n\tat Main.main(Main.java:11)",
            "cerberus_output": "NegativeArraySizeException",
            "execution_result": "NegativeArraySizeException"
        },
        {
            "test_case": [
                "Test Case Input:\n4"
            ],
            "test_mutations": [
                "Test Case Input:\n4"
            ],
            "initial_code": "public class Main{\n\tpublic static void main(String[] args){\n\t\tScanner stdIn = new Scanner(System.in);\n\t\tint n = stdIn.nextInt();\n\t\tint count = 0;\n\t\tif( n >= 2 )\n\t\t\tcount++;\n\t\tif( n >= 3 )\n\t\t\tcount++;\n\t\tint[] p = new int[n];\n\t\tp[0] = 2;\n\t\tp[1] = 3;\n\t\tfor(int i = 5; i <= n; i += 2){\n\t\t\tfor(int j =1; j < count; j ++){\n\t\t\t\tif( i % p[j] == 0 ){\n\t\t\t\t\tbreak;\n\t\t\t\t}\n\t\t\t\telse if ( p[j] > Math.sqrt(i) ){\n\t\t\t\t\tp[count] = i;\n\t\t\t\t\tcount++;\n\t\t\t\t\tbreak;\n\t\t\t\t}\n\t\t\t}\n\t\t}\n\t\tSystem.out.println(count);\n\t}\n}",
            "covered_code": "For the given Java program and the test input '4', let's develop a step-by-step plan to determine the code coverage:\n\n1. **Program Start**: Execution always starts with the `main` method.\n2. **User Input**: The test case input is '4'. The statement to take input `int n = stdIn.nextInt();` will be executed.\n3. **First Conditional Check**: Since `n` is 4, the condition `if( n >= 2 )` is true, so `count++` will execute.\n4. **Second Conditional Check**: The condition `if( n >= 3 )` is also true for `n = 4`, so this `count++` will execute as well.\n5. **Array Declaration**: The array `p` of size `n` (4 in this case) is declared and initialized, so `int[] p = new int[n];` will be executed.\n6. **Array Initialization**: The first two elements of the array are set to 2 and 3, so `p[0] = 2;` and `p[1] = 3;` will be executed.\n7. **Outer for Loop**: The loop `for(int i = 5; i <= n; i += 2)` will not execute because `i` starts at 5 and `n` is 4, so the condition `i <= n` is false from the start.\n8. **Printing the count**: Finally, the statement to print the count `System.out.println(count);` will be executed.\n\nGiven these steps, let's determine the code coverage:\n\n> public class Main{\n> \tpublic static void main(String[] args){\n> \t\tScanner stdIn = new Scanner(System.in);\n> \t\tint n = stdIn.nextInt();\n> \t\tint count = 0;\n> \t\tif( n >= 2 )\n> \t\t\tcount++;\n> \t\tif( n >= 3 )\n> \t\t\tcount++;\n> \t\tint[] p = new int[n];\n> \t\tp[0] = 2;\n> \t\tp[1] = 3;\n! \t\tfor(int i = 5; i <= n; i += 2){\n! \t\t\tfor(int j =1; j < count; j ++){\n! \t\t\t\tif( i % p[j] == 0 ){\n! \t\t\t\t\tbreak;\n! \t\t\t\t}\n! \t\t\t\telse if ( p[j] > Math.sqrt(i) ){\n! \t\t\t\t\tp[count] = i;\n! \t\t\t\t\tcount++;\n! \t\t\t\t\tbreak;\n! \t\t\t\t}\n! \t\t\t}\n> \t\t}\n> \t\tSystem.out.println(count);\n> \t}\n> }\n\nSince the outer `for` loop and its contents are not executed because the loop condition is never true for the given test case, all lines within the loop are marked as not executed. All other lines are executed.",
            "test_seed_coverage": [
                ">",
                ">",
                ">",
                ">",
                ">",
                ">",
                ">",
                ">",
                ">",
                ">",
                ">",
                ">",
                ">",
                ">",
                ">",
                ">",
                ">",
                ">",
                "!",
                "!",
                ">",
                ">",
                ">",
                ">",
                ">",
                ">",
                ">"
            ],
            "cumulative_coverage": [
                ">",
                ">",
                ">",
                ">",
                ">",
                ">",
                ">",
                ">",
                ">",
                ">",
                ">",
                ">",
                ">",
                ">",
                ">",
                ">",
                ">",
                ">",
                "!",
                "!",
                ">",
                ">",
                ">",
                ">",
                ">",
                ">",
                ">"
            ],
            "execution_output": "2",
            "cerberus_output": "",
            "execution_result": ""
        },
        {
            "test_case": [
                "Test Case Input:\n5"
            ],
            "test_mutations": [
                "Test Case Input:\n5"
            ],
            "initial_code": "public class Main{\n\tpublic static void main(String[] args){\n\t\tScanner stdIn = new Scanner(System.in);\n\t\tint n = stdIn.nextInt();\n\t\tint count = 0;\n\t\tif( n >= 2 )\n\t\t\tcount++;\n\t\tif( n >= 3 )\n\t\t\tcount++;\n\t\tint[] p = new int[n];\n\t\tp[0] = 2;\n\t\tp[1] = 3;\n\t\tfor(int i = 5; i <= n; i += 2){\n\t\t\tfor(int j =1; j < count; j ++){\n\t\t\t\tif( i % p[j] == 0 ){\n\t\t\t\t\tbreak;\n\t\t\t\t}\n\t\t\t\telse if ( p[j] > Math.sqrt(i) ){\n\t\t\t\t\tp[count] = i;\n\t\t\t\t\tcount++;\n\t\t\t\t\tbreak;\n\t\t\t\t}\n\t\t\t}\n\t\t}\n\t\tSystem.out.println(count);\n\t}\n}",
            "covered_code": "Given the test case input 5, let's develop a plan for step by step execution of the provided Java program and predict the code coverage:\n\n1. **Scanner Setup**: The statement to set up Scanner to read from `System.in` will be executed as it is necessary for getting the input. \n    > `Scanner stdIn = new Scanner(System.in);`\n\n2. **Reading Input**: The statement to read the integer value `n` (which is 5 in this test case) will be executed.\n    > `int n = stdIn.nextInt();`\n\n3. **First `if` Condition**: Since `n` is 5 which is greater than or equal to 2, the first `if` condition will be satisfied, and `count` will be incremented.\n    > `if( n >= 2 ) count++;`\n\n4. **Second `if` Condition**: Since `n` is 5 which is also greater than or equal to 3, the second `if` condition will be satisfied, and `count` will again be incremented.\n    > `if( n >= 3 ) count++;`\n\n5. **Array Declaration**: The program declares an array `p` with size `n` (5 in this case), which will be executed.\n    > `int[] p = new int[n];`\n\n6. **Initial Array Values**: The program sets the first two values of the array `p` to 2 and 3. These lines will be executed.\n    > `p[0] = 2;`\n    > `p[1] = 3;`\n\n7. **Outer `for` Loop**: The loop starts with `i = 5` and increments by 2, checking if `i` is less than or equal to `n` (5). This condition holds true for the first iteration only, as `i` becomes 7 in the next iteration, which does not satisfy `i <= n`.\n    > `for(int i = 5; i <= n; i += 2){ ... }`\n\n8. **Inner `for` Loop**: The inner loop will be executed because `count` is incremented twice before, so it runs from `j = 1` to `count - 1`. Since `count` is 2 after the initial `if` checks, it means the loop will make one iteration.\n    > `for(int j =1; j < count; j ++){ ... }`\n\n9. **`if` Inside Inner Loop**: The condition `i % p[j] == 0` will not be satisfied because `i` is 5 and `p[1]` is 3.\n    > `if( i % p[j] == 0 ){ ... }`\n\n10. **`else if` Inside Inner Loop**: The condition `p[j] > Math.sqrt(i)` will be satisfied because `Math.sqrt(5)` is less than `p[1]` (which is 3). Thus, `p[count] = i;` and `count++` will be executed.\n    > `else if ( p[j] > Math.sqrt(i) ){ ... }`\n\n11. **Print Statement**: Finally, the program prints the value of `count`, which will be executed.\n    > `System.out.println(count);`\n\nBased on the above plan, the code coverage is as follows:\n\n> public class Main{\n> \tpublic static void main(String[] args){\n> \t\tScanner stdIn = new Scanner(System.in);\n> \t\tint n = stdIn.nextInt();\n> \t\tint count = 0;\n> \t\tif( n >= 2 )\n> \t\t\tcount++;\n> \t\tif( n >= 3 )\n> \t\t\tcount++;\n> \t\tint[] p = new int[n];\n> \t\tp[0] = 2;\n> \t\tp[1] = 3;\n> \t\tfor(int i = 5; i <= n; i += 2){\n> \t\t\tfor(int j =1; j < count; j ++){\n> \t\t\t\tif( i % p[j] == 0 ){\n! \t\t\t\t\tbreak;\n> \t\t\t\t}\n> \t\t\t\telse if ( p[j] > Math.sqrt(i) ){\n> \t\t\t\t\tp[count] = i;\n> \t\t\t\t\tcount++;\n> \t\t\t\t\tbreak;\n> \t\t\t\t}\n> \t\t\t}\n> \t\t}\n> \t\tSystem.out.println(count);\n> \t}\n> }",
            "test_seed_coverage": [
                ">",
                ">",
                ">",
                ">",
                ">",
                ">",
                ">",
                ">",
                ">",
                ">",
                ">",
                ">",
                ">",
                ">",
                ">",
                ">",
                ">",
                ">",
                ">",
                ">",
                ">",
                ">",
                ">",
                ">",
                ">",
                ">",
                ">",
                "!",
                ">",
                ">",
                ">",
                ">",
                ">",
                ">",
                ">",
                ">",
                ">",
                ">",
                ">"
            ],
            "cumulative_coverage": [
                ">",
                ">",
                ">",
                ">",
                ">",
                ">",
                ">",
                ">",
                ">",
                ">",
                ">",
                ">",
                ">",
                ">",
                ">",
                ">",
                ">",
                ">",
                ">",
                ">",
                ">",
                ">",
                ">",
                ">",
                ">",
                ">",
                ">",
                "!",
                ">",
                ">",
                ">",
                ">",
                ">",
                ">",
                ">",
                ">",
                ">",
                ">",
                ">"
            ],
            "execution_output": "3",
            "cerberus_output": "",
            "execution_result": ""
        },
        {
            "test_case": [
                "Test Case Input:\n-5"
            ],
            "test_mutations": [
                "Test Case Input:\n-5"
            ],
            "initial_code": "public class Main{\n\tpublic static void main(String[] args){\n\t\tScanner stdIn = new Scanner(System.in);\n\t\tint n = stdIn.nextInt();\n\t\tint count = 0;\n\t\tif( n >= 2 )\n\t\t\tcount++;\n\t\tif( n >= 3 )\n\t\t\tcount++;\n\t\tint[] p = new int[n];\n\t\tp[0] = 2;\n\t\tp[1] = 3;\n\t\tfor(int i = 5; i <= n; i += 2){\n\t\t\tfor(int j =1; j < count; j ++){\n\t\t\t\tif( i % p[j] == 0 ){\n\t\t\t\t\tbreak;\n\t\t\t\t}\n\t\t\t\telse if ( p[j] > Math.sqrt(i) ){\n\t\t\t\t\tp[count] = i;\n\t\t\t\t\tcount++;\n\t\t\t\t\tbreak;\n\t\t\t\t}\n\t\t\t}\n\t\t}\n\t\tSystem.out.println(count);\n\t}\n}",
            "covered_code": "Given the test case input of -5 and the provided Java program, let's develop a plan for step by step execution to predict the code coverage:\n\n1. Import Statements: Not explicitly mentioned in the code snippet, but if there were any (like `import java.util.Scanner;`), they would be executed.\n2. Class Declaration: Always executed. Statement `public class Main{` is covered.\n3. Main method declaration: Always executed. Statement `public static void main(String[] args){` is covered.\n4. User Input: Executed. Statement `Scanner stdIn = new Scanner(System.in);` and `int n = stdIn.nextInt();` are covered.\n5. First If Condition: Not satisfied because n = -5, which is not >= 2. Statement `if( n >= 2 )` is covered, but `count++;` inside this if block is not covered.\n6. Second If Condition: Also not satisfied because n = -5, which is not >= 3. Statement `if( n >= 3 )` is covered, but `count++;` inside this if block is not covered.\n7. Array Declaration: Results in a NegativeArraySizeException due to n = -5. Statement `int[] p = new int[n];` is covered, but causes an exception.\n8. Statements after the array declaration are not executed due to the runtime exception raised by trying to declare an array of negative size. Hence, none of the statements inside the for loop, nor the final `System.out.println(count);` are covered.\n\nBased on the plan, the code coverage with comments indicating executed (`>`) and not executed (`!`) lines is as follows:\n\n```java\n> public class Main{\n>     public static void main(String[] args){\n>         Scanner stdIn = new Scanner(System.in);\n>         int n = stdIn.nextInt();\n>         int count = 0;\n!         if( n >= 2 )\n!             count++;\n!         if( n >= 3 )\n!             count++;\n>         int[] p = new int[n]; // Runtime exception: NegativeArraySizeException\n!         p[0] = 2;\n!         p[1] = 3;\n!         for(int i = 5; i <= n; i += 2){\n!             for(int j =1; j < count; j ++){\n!                 if( i % p[j] == 0 ){\n!                     break;\n!                 }\n!                 else if ( p[j] > Math.sqrt(i) ){\n!                     p[count] = i;\n!                     count++;\n!                     break;\n!                 }\n!             }\n!         }\n!         System.out.println(count);\n>     }\n> }\n```\nOUTPUT:\nError: Runtime Exception = NegativeArraySizeException",
            "test_seed_coverage": [
                ">",
                ">",
                ">",
                ">",
                ">",
                ">",
                ">",
                ">",
                ">",
                ">",
                ">",
                ">",
                ">",
                ">",
                ">",
                ">",
                ">",
                ">",
                ">",
                ">",
                ">",
                ">",
                ">",
                ">",
                ">",
                ">",
                ">"
            ],
            "cumulative_coverage": [
                ">",
                ">",
                ">",
                ">",
                ">",
                ">",
                ">",
                ">",
                ">",
                ">",
                ">",
                ">",
                ">",
                ">",
                ">",
                ">",
                ">",
                ">",
                ">",
                ">",
                ">",
                ">",
                ">",
                ">",
                ">",
                ">",
                ">"
            ],
            "execution_error": "Exception in thread \"main\" java.lang.NegativeArraySizeException: -5\n\tat Main.main(Main.java:11)",
            "cerberus_output": "NegativeArraySizeException",
            "execution_result": "NegativeArraySizeException"
        },
        {
            "test_case": [
                "Test Case Input:\n5"
            ],
            "test_mutations": [
                "Test Case Input:\n5"
            ],
            "initial_code": "public class Main{\n\tpublic static void main(String[] args){\n\t\tScanner stdIn = new Scanner(System.in);\n\t\tint n = stdIn.nextInt();\n\t\tint count = 0;\n\t\tif( n >= 2 )\n\t\t\tcount++;\n\t\tif( n >= 3 )\n\t\t\tcount++;\n\t\tint[] p = new int[n];\n\t\tp[0] = 2;\n\t\tp[1] = 3;\n\t\tfor(int i = 5; i <= n; i += 2){\n\t\t\tfor(int j =1; j < count; j ++){\n\t\t\t\tif( i % p[j] == 0 ){\n\t\t\t\t\tbreak;\n\t\t\t\t}\n\t\t\t\telse if ( p[j] > Math.sqrt(i) ){\n\t\t\t\t\tp[count] = i;\n\t\t\t\t\tcount++;\n\t\t\t\t\tbreak;\n\t\t\t\t}\n\t\t\t}\n\t\t}\n\t\tSystem.out.println(count);\n\t}\n}",
            "covered_code": "Given the test case input of `5`, let's develop a plan for step-by-step execution of the Java program and predict the code coverage. \n\n1. **Import statements**: If there were any, they would be executed. However, this snippet does not show import statements explicitly, but we can assume the import of the `java.util.Scanner` class for the code to compile and execute correctly.\n\n2. **Class Declaration**: The declaration `public class Main{` is always executed, marking this portion of the code as covered.\n\n3. **Main method declaration**: The `public static void main(String[] args){` declaration is always executed. This portion of the code is covered.\n\n4. **User Input**: The user input statement `int n = stdIn.nextInt();` is executed since it is necessary for the program's execution flow. The input `5` is provided.\n\n5. **First if-condition**: Given `n = 5`, the condition `if( n >= 2 )` evaluates to true, so `count++` is executed.\n\n6. **Second if-condition**: Similarly, `if( n >= 3 )` also evaluates to true, so `count++` is executed again.\n\n7. **Array declaration and initialization**: The array `p` is declared and initialized with size `n` (`5` in this case). The following lines initializing `p[0] = 2;` and `p[1] = 3;` are executed.\n\n8. **First for-loop**: The loop `for(int i = 5; i <= n; i += 2){` begins execution. Given `n = 5`, the loop will iterate only once when `i = 5`.\n\n9. **Second for-loop within the first one**: The nested loop `for(int j =1; j < count; j ++){` starts its execution. Given `count = 2` initially, this loop will also iterate only once for `j = 1`.\n\n10. **First if-condition in nested loop**: The condition `if( i % p[j] == 0 )` checks if `5 % p[1] == 0`. Since `p[1] = 3`, this condition evaluates to false.\n\n11. **Second if-condition in nested loop**: The condition `else if ( p[j] > Math.sqrt(i) )` checks if `3 > Math.sqrt(5)`. This condition is true, so `p[count] = i;` and `count++;` are executed, and then the loop is broken out of.\n\n12. **Print statement**: Finally, the print statement `System.out.println(count);` is executed.\n\n13. **Closing the Scanner**: Not explicitly shown in the given snippet, but typically, `stdIn.close();` would be executed to close the scanner.\n\nPredicted code coverage based on the given test case input and plan:\n\n```\n> public class Main{\n> \tpublic static void main(String[] args){\n> \t\tScanner stdIn = new Scanner(System.in);\n> \t\tint n = stdIn.nextInt();\n> \t\tint count = 0;\n> \t\tif( n >= 2 )\n> \t\t\tcount++;\n> \t\tif( n >= 3 )\n> \t\t\tcount++;\n> \t\tint[] p = new int[n];\n> \t\tp[0] = 2;\n> \t\tp[1] = 3;\n> \t\tfor(int i = 5; i <= n; i += 2){\n> \t\t\tfor(int j =1; j < count; j ++){\n> \t\t\t\tif( i % p[j] == 0 ){\n! \t\t\t\t\tbreak;\n> \t\t\t\t}\n> \t\t\t\telse if ( p[j] > Math.sqrt(i) ){\n> \t\t\t\t\tp[count] = i;\n> \t\t\t\t\tcount++;\n> \t\t\t\t\tbreak;\n> \t\t\t\t}\n> \t\t\t}\n> \t\t}\n> \t\tSystem.out.println(count);\n> \t}\n> }\n```\n\nGiven the step-by-step execution, all statements expected to execute based on the input `5` have been marked. Note, the specific `break` within the `if( i % p[j] == 0 )` condition was not executed because the condition evaluated to false.",
            "test_seed_coverage": [
                ">",
                ">",
                ">",
                ">",
                ">",
                ">",
                ">",
                ">",
                ">",
                ">",
                ">",
                ">",
                ">",
                ">",
                ">",
                ">",
                ">",
                ">",
                ">",
                ">",
                ">",
                ">",
                ">",
                ">",
                ">",
                ">",
                ">"
            ],
            "cumulative_coverage": [
                ">",
                ">",
                ">",
                ">",
                ">",
                ">",
                ">",
                ">",
                ">",
                ">",
                ">",
                ">",
                ">",
                ">",
                ">",
                ">",
                ">",
                ">",
                ">",
                ">",
                ">",
                ">",
                ">",
                ">",
                ">",
                ">",
                ">"
            ],
            "execution_output": "3",
            "cerberus_output": "",
            "execution_result": ""
        },
        {
            "test_case": [
                "Test Case Input:\n-5"
            ],
            "test_mutations": [
                "Test Case Input:\n-5"
            ],
            "initial_code": "public class Main{\n\tpublic static void main(String[] args){\n\t\tScanner stdIn = new Scanner(System.in);\n\t\tint n = stdIn.nextInt();\n\t\tint count = 0;\n\t\tif( n >= 2 )\n\t\t\tcount++;\n\t\tif( n >= 3 )\n\t\t\tcount++;\n\t\tint[] p = new int[n];\n\t\tp[0] = 2;\n\t\tp[1] = 3;\n\t\tfor(int i = 5; i <= n; i += 2){\n\t\t\tfor(int j =1; j < count; j ++){\n\t\t\t\tif( i % p[j] == 0 ){\n\t\t\t\t\tbreak;\n\t\t\t\t}\n\t\t\t\telse if ( p[j] > Math.sqrt(i) ){\n\t\t\t\t\tp[count] = i;\n\t\t\t\t\tcount++;\n\t\t\t\t\tbreak;\n\t\t\t\t}\n\t\t\t}\n\t\t}\n\t\tSystem.out.println(count);\n\t}\n}",
            "covered_code": "Given the test case input of `-5`, let's develop a plan for step by step execution of the provided Java program and predict the code coverage.\n\n### PLAN\n1. **Import Statements**: If there were import statements like `import java.util.Scanner;`, they would always be executed. Not explicitly listed but assumed covered.\n2. **Class Declaration**: The declaration of class `Main` is always executed.\n3. **Main Method Declaration**: The declaration of the `main` method is always executed.\n4. **User Input**: The statement to create a `Scanner` object and the statement to read an integer `n` from the user are executed.\n5. **Variable Initialization**: The statement initializing `count` to `0` is executed.\n6. **First If Condition**: Since `n` is `-5`, which is not greater than or equal to `2`, this condition is not satisfied, and its body is not executed.\n7. **Second If Condition**: Similarly, since `n` is `-5`, which is not greater than or equal to `3`, this condition is also not satisfied, and its body is not executed.\n8. **Array Declaration**: The program tries to declare an array `p` of size `n` (`n` is `-5`), which will raise a `NegativeArraySizeException` since array sizes cannot be negative.\n\nAfter step 8, the execution will stop due to the runtime exception raised, and no further lines will be executed. Based on this, let's list the code coverage:\n\n### Code Coverage\n```\n> public class Main{\n>     public static void main(String[] args){\n>         Scanner stdIn = new Scanner(System.in);\n>         int n = stdIn.nextInt();\n>         int count = 0;\n!         if( n >= 2 )\n!             count++;\n!         if( n >= 3 )\n!             count++;\n!         int[] p = new int[n];\n!         p[0] = 2;\n!         p[1] = 3;\n!         for(int i = 5; i <= n; i += 2){\n!             for(int j =1; j < count; j ++){\n!                 if( i % p[j] == 0 ){\n!                     break;\n!                 }\n!                 else if ( p[j] > Math.sqrt(i) ){\n!                     p[count] = i;\n!                     count++;\n!                     break;\n!                 }\n!             }\n!         }\n!         System.out.println(count);\n>     }\n> }\n```\n**OUTPUT**:\n```\nError: NegativeArraySizeException\n```",
            "test_seed_coverage": [
                ">",
                ">",
                ">",
                ">",
                ">",
                ">",
                ">",
                ">",
                ">",
                ">",
                ">",
                ">",
                ">",
                ">",
                ">",
                ">",
                ">",
                ">",
                ">",
                ">",
                ">",
                ">",
                ">",
                ">",
                ">",
                ">",
                ">"
            ],
            "cumulative_coverage": [
                ">",
                ">",
                ">",
                ">",
                ">",
                ">",
                ">",
                ">",
                ">",
                ">",
                ">",
                ">",
                ">",
                ">",
                ">",
                ">",
                ">",
                ">",
                ">",
                ">",
                ">",
                ">",
                ">",
                ">",
                ">",
                ">",
                ">"
            ],
            "execution_error": "Exception in thread \"main\" java.lang.NegativeArraySizeException: -5\n\tat Main.main(Main.java:11)",
            "cerberus_output": "NegativeArraySizeException",
            "execution_result": "NegativeArraySizeException"
        },
        {
            "test_case": [
                "Test Case Input:\n-5"
            ],
            "test_mutations": [
                "Test Case Input:\n-5"
            ],
            "initial_code": "public class Main{\n\tpublic static void main(String[] args){\n\t\tScanner stdIn = new Scanner(System.in);\n\t\tint n = stdIn.nextInt();\n\t\tint count = 0;\n\t\tif( n >= 2 )\n\t\t\tcount++;\n\t\tif( n >= 3 )\n\t\t\tcount++;\n\t\tint[] p = new int[n];\n\t\tp[0] = 2;\n\t\tp[1] = 3;\n\t\tfor(int i = 5; i <= n; i += 2){\n\t\t\tfor(int j =1; j < count; j ++){\n\t\t\t\tif( i % p[j] == 0 ){\n\t\t\t\t\tbreak;\n\t\t\t\t}\n\t\t\t\telse if ( p[j] > Math.sqrt(i) ){\n\t\t\t\t\tp[count] = i;\n\t\t\t\t\tcount++;\n\t\t\t\t\tbreak;\n\t\t\t\t}\n\t\t\t}\n\t\t}\n\t\tSystem.out.println(count);\n\t}\n}",
            "covered_code": "For the provided Java program and the test case input `-5`, let's develop a plan for step by step execution and predict the code coverage:\n\n1. **Main class declaration**: Always executed. Statement `public class Main{` is covered.\n2. **Main method declaration**: Always executed. Statement `public static void main(String[] args){` is covered.\n3. **Scanner instantiation**: Always executed. Statement `Scanner stdIn = new Scanner(System.in);` is covered.\n4. **User input for `n`**: Always executed. Statement `int n = stdIn.nextInt();` is covered. With the test case input `-5`, `n` is `-5`.\n5. **First `if` condition (`n >= 2`)**: This checks if `n` is greater than or equal to 2. With `n = -5`, this condition fails. Statement `if( n >= 2 )` is covered, but `count++;` inside this `if` block is not executed.\n6. **Second `if` condition (`n >= 3`)**: Similarly, this checks if `n` is greater than or equal to 3. With `n = -5`, this condition also fails. Statement `if( n >= 3 )` is covered, but `count++;` inside this `if` block is not executed.\n7. **Array declaration and initialization**: Since `n` is `-5`, attempting to initialize an array of size `-5` (`int[] p = new int[n];`) will raise a `NegativeArraySizeException`. Statements `int[] p = new int[n];`, `p[0] = 2;`, and `p[1] = 3;` are not executed.\n8. **For loop for prime checking**: Since the exception is raised before the loop, the loop itself and everything inside it are not executed.\n9. **Print statement**: Not executed due to the exception raised before this point.\n10. **Closing brackets**: Always covered.\n\nCode coverage based on the execution plan:\n\n```\n> public class Main{\n>     public static void main(String[] args){\n>         Scanner stdIn = new Scanner(System.in);\n>         int n = stdIn.nextInt();\n>         int count = 0;\n>         if( n >= 2 )\n!             count++;\n>         if( n >= 3 )\n!             count++;\n!         int[] p = new int[n];\n!         p[0] = 2;\n!         p[1] = 3;\n!         for(int i = 5; i <= n; i += 2){\n!             for(int j =1; j < count; j ++){\n!                 if( i % p[j] == 0 ){\n!                     break;\n!                 }\n!                 else if ( p[j] > Math.sqrt(i) ){\n!                     p[count] = i;\n!                     count++;\n!                     break;\n!                 }\n!             }\n!         }\n!         System.out.println(count);\n>     }\n> }\n```\n**OUTPUT**: Error: `NegativeArraySizeException`\n\nThis plan demonstrates how the test case input of `-5` does not allow for full exploration of the program's functionality due to an exception raised during array initialization, resulting in significant portions of the code not being executed.",
            "test_seed_coverage": [
                ">",
                ">",
                ">",
                ">",
                ">",
                ">",
                ">",
                ">",
                ">",
                ">",
                ">",
                ">",
                ">",
                ">",
                ">",
                ">",
                ">",
                ">",
                ">",
                ">",
                ">",
                ">",
                ">",
                ">",
                ">",
                ">",
                ">"
            ],
            "cumulative_coverage": [
                ">",
                ">",
                ">",
                ">",
                ">",
                ">",
                ">",
                ">",
                ">",
                ">",
                ">",
                ">",
                ">",
                ">",
                ">",
                ">",
                ">",
                ">",
                ">",
                ">",
                ">",
                ">",
                ">",
                ">",
                ">",
                ">",
                ">"
            ],
            "execution_error": "Exception in thread \"main\" java.lang.NegativeArraySizeException: -5\n\tat Main.main(Main.java:11)",
            "cerberus_output": "NegativeArraySizeException",
            "execution_result": "NegativeArraySizeException"
        },
        {
            "test_case": [
                "Test Case Input:\n-5"
            ],
            "test_mutations": [
                "Test Case Input:\n-5"
            ],
            "initial_code": "public class Main{\n\tpublic static void main(String[] args){\n\t\tScanner stdIn = new Scanner(System.in);\n\t\tint n = stdIn.nextInt();\n\t\tint count = 0;\n\t\tif( n >= 2 )\n\t\t\tcount++;\n\t\tif( n >= 3 )\n\t\t\tcount++;\n\t\tint[] p = new int[n];\n\t\tp[0] = 2;\n\t\tp[1] = 3;\n\t\tfor(int i = 5; i <= n; i += 2){\n\t\t\tfor(int j =1; j < count; j ++){\n\t\t\t\tif( i % p[j] == 0 ){\n\t\t\t\t\tbreak;\n\t\t\t\t}\n\t\t\t\telse if ( p[j] > Math.sqrt(i) ){\n\t\t\t\t\tp[count] = i;\n\t\t\t\t\tcount++;\n\t\t\t\t\tbreak;\n\t\t\t\t}\n\t\t\t}\n\t\t}\n\t\tSystem.out.println(count);\n\t}\n}",
            "covered_code": "For the provided code snippet and test case input `-5`, let's develop a plan for step-by-step execution and predict the code coverage. \n\n**Test Case Input:**\n`-5`\n\n**Java Program:**\n```java\npublic class Main{\n    public static void main(String[] args){\n        Scanner stdIn = new Scanner(System.in);\n        int n = stdIn.nextInt();\n        int count = 0;\n        if( n >= 2 )\n            count++;\n        if( n >= 3 )\n            count++;\n        int[] p = new int[n]; // Runtime Exception will be thrown here\n        p[0] = 2;\n        p[1] = 3;\n        for(int i = 5; i <= n; i += 2){\n            for(int j =1; j < count; j ++){\n                if( i % p[j] == 0 ){\n                    break;\n                }\n                else if ( p[j] > Math.sqrt(i) ){\n                    p[count] = i;\n                    count++;\n                    break;\n                }\n            }\n        }\n        System.out.println(count);\n    }\n}\n```\n\n**Plan for step by step execution:**\n\n1. **Import Statements**: Not provided in the snippet; thus, not applicable.\n2. **Class Declaration**: Always executed. Statement `public class Main{` is covered.\n3. **Main Method Declaration**: Always executed. Statement `public static void main(String[] args){` is covered.\n4. **Scanner Instance Creation**: Always executed. Statement `Scanner stdIn = new Scanner(System.in);` is covered.\n5. **Read Input**: The input `-5` is read by `int n = stdIn.nextInt();`, so this statement is covered.\n6. **First If Condition**: The condition `if( n >= 2 )` is not satisfied, so the block inside this if statement is not executed.\n7. **Second If Condition**: Similar to the first condition, the condition `if( n >= 3 )` is also not satisfied, hence not executed.\n8. **Array Declaration**: The array `int[] p = new int[n];` attempts to initialize an array with size `-5`, which will throw a `NegativeArraySizeException`.\n9. Given the exception thrown at the array declaration, none of the statements following that line will be executed.\n\n**Code Coverage:**\n\n```java\n> public class Main{\n>     public static void main(String[] args){\n>         Scanner stdIn = new Scanner(System.in);\n>         int n = stdIn.nextInt();\n>         int count = 0;\n!         if( n >= 2 )\n!             count++;\n!         if( n >= 3 )\n!             count++;\n!         int[] p = new int[n]; // Runtime exception is thrown here, thus not executed\n!         p[0] = 2;\n!         p[1] = 3;\n!         for(int i = 5; i <= n; i += 2){\n!             for(int j =1; j < count; j ++){\n!                 if( i % p[j] == 0 ){\n!                     break;\n!                 }\n!                 else if ( p[j] > Math.sqrt(i) ){\n!                     p[count] = i;\n!                     count++;\n!                     break;\n!                 }\n!             }\n!         }\n!         System.out.println(count);\n>     }\n> }\n```\n\n**Output:**\n\nError: `NegativeArraySizeException`\n\nThe execution plan clearly outlines which parts of the code are executed and which are not due to the runtime exception that is thrown because of the attempt to initialize an array with a negative size.",
            "test_seed_coverage": [
                ">",
                ">",
                ">",
                ">",
                ">",
                ">",
                ">",
                ">",
                ">",
                ">",
                ">",
                ">",
                ">",
                ">",
                ">",
                ">",
                ">",
                ">",
                ">",
                ">",
                ">",
                ">",
                ">",
                ">",
                ">",
                ">",
                ">"
            ],
            "cumulative_coverage": [
                ">",
                ">",
                ">",
                ">",
                ">",
                ">",
                ">",
                ">",
                ">",
                ">",
                ">",
                ">",
                ">",
                ">",
                ">",
                ">",
                ">",
                ">",
                ">",
                ">",
                ">",
                ">",
                ">",
                ">",
                ">",
                ">",
                ">"
            ],
            "execution_error": "Exception in thread \"main\" java.lang.NegativeArraySizeException: -5\n\tat Main.main(Main.java:11)",
            "cerberus_output": "NegativeArraySizeException",
            "execution_result": "NegativeArraySizeException"
        },
        {
            "test_case": [
                "Test Case Input:\n-5"
            ],
            "test_mutations": [
                "Test Case Input:\n-5"
            ],
            "initial_code": "public class Main{\n\tpublic static void main(String[] args){\n\t\tScanner stdIn = new Scanner(System.in);\n\t\tint n = stdIn.nextInt();\n\t\tint count = 0;\n\t\tif( n >= 2 )\n\t\t\tcount++;\n\t\tif( n >= 3 )\n\t\t\tcount++;\n\t\tint[] p = new int[n];\n\t\tp[0] = 2;\n\t\tp[1] = 3;\n\t\tfor(int i = 5; i <= n; i += 2){\n\t\t\tfor(int j =1; j < count; j ++){\n\t\t\t\tif( i % p[j] == 0 ){\n\t\t\t\t\tbreak;\n\t\t\t\t}\n\t\t\t\telse if ( p[j] > Math.sqrt(i) ){\n\t\t\t\t\tp[count] = i;\n\t\t\t\t\tcount++;\n\t\t\t\t\tbreak;\n\t\t\t\t}\n\t\t\t}\n\t\t}\n\t\tSystem.out.println(count);\n\t}\n}",
            "covered_code": "Given the test case input of `-5`, let's develop a plan for step by step execution of the code snippet and predict the code coverage.\n\n1. **Import Scanner:** Import statements are always executed. Statement `import java.util.Scanner;` will be covered.\n   > Covered: `import java.util.Scanner;`\n   \n2. **Class Declaration:** This is always executed. Statement `public class Main{` is covered.\n   > Covered: `public class Main{`\n   \n3. **Main method declaration:** This is always executed.\n   > Covered: `public static void main(String[] args){`\n   \n4. **Scanner and User Input:** The statements for creating a Scanner object and reading input `n` are always executed.\n   > Covered: \n   > - `Scanner stdIn = new Scanner(System.in);`\n   > - `int n = stdIn.nextInt();`\n   \n5. **First If Condition:** Since `n` is `-5`, which is not greater than or equal to `2`, this if condition will not be executed.\n   > Not Covered: `if( n >= 2 ) count++;`\n   \n6. **Second If Condition:** Similarly, since `n` is `-5`, which is not greater than or equal to `3`, this if condition will also not be executed.\n   > Not Covered: `if( n >= 3 ) count++;`\n   \n7. **Array Declaration:** The statement to declare and initialize the array `p` with size `n` will attempt to execute but will throw an exception because the array size cannot be negative.\n   > Partially Covered: `int[] p = new int[n];` (This line throws a `NegativeArraySizeException`.)\n   \n8. **All subsequent code is not executed due to the exception.**\n   > Not Covered: \n   > - `p[0] = 2;`\n   > - `p[1] = 3;`\n   > - `for(int i = 5; i <= n; i += 2){...}`\n   > - `System.out.println(count);`\n\n**Predicted Code Coverage:**\n\n> public class Main{\n>     public static void main(String[] args){\n>         Scanner stdIn = new Scanner(System.in);\n>         int n = stdIn.nextInt();\n>         int count = 0;\n!         if( n >= 2 )\n!             count++;\n!         if( n >= 3 )\n!             count++;\n!         int[] p = new int[n];\n!         p[0] = 2;\n!         p[1] = 3;\n!         for(int i = 5; i <= n; i += 2){\n!             for(int j =1; j < count; j ++){\n!                 if( i % p[j] == 0 ){\n!                     break;\n!                 }\n!                 else if ( p[j] > Math.sqrt(i) ){\n!                     p[count] = i;\n!                     count++;\n!                     break;\n!                 }\n!             }\n!         }\n!         System.out.println(count);\n>     }\n> }\n\n**OUTPUT:**\n`Runtime Exception: NegativeArraySizeException`\n\nThis exception occurs because the program attempts to create an array with a negative size (`-5` in this case), which is not allowed in Java.",
            "test_seed_coverage": [
                ">",
                ">",
                ">",
                ">",
                ">",
                ">",
                ">",
                ">",
                ">",
                ">",
                ">",
                ">",
                ">",
                ">",
                ">",
                ">",
                ">",
                ">",
                ">",
                ">",
                ">",
                ">",
                ">",
                ">",
                ">",
                ">",
                ">",
                "!",
                "!",
                "!",
                "!",
                "!",
                "!",
                "!",
                "!",
                "!",
                "!",
                "!",
                "!",
                ">",
                ">"
            ],
            "cumulative_coverage": [
                ">",
                ">",
                ">",
                ">",
                ">",
                ">",
                ">",
                ">",
                ">",
                ">",
                ">",
                ">",
                ">",
                ">",
                ">",
                ">",
                ">",
                ">",
                ">",
                ">",
                ">",
                ">",
                ">",
                ">",
                ">",
                ">",
                ">",
                "!",
                "!",
                "!",
                "!",
                "!",
                "!",
                "!",
                "!",
                "!",
                "!",
                "!",
                "!",
                ">",
                ">"
            ],
            "execution_error": "Exception in thread \"main\" java.lang.NegativeArraySizeException: -5\n\tat Main.main(Main.java:11)",
            "cerberus_output": "NegativeArraySizeException",
            "execution_result": "NegativeArraySizeException"
        },
        {
            "test_case": [
                "Test Case Input:\n-3"
            ],
            "test_mutations": [
                "Test Case Input:\n-3"
            ],
            "initial_code": "public class Main{\n\tpublic static void main(String[] args){\n\t\tScanner stdIn = new Scanner(System.in);\n\t\tint n = stdIn.nextInt();\n\t\tint count = 0;\n\t\tif( n >= 2 )\n\t\t\tcount++;\n\t\tif( n >= 3 )\n\t\t\tcount++;\n\t\tint[] p = new int[n];\n\t\tp[0] = 2;\n\t\tp[1] = 3;\n\t\tfor(int i = 5; i <= n; i += 2){\n\t\t\tfor(int j =1; j < count; j ++){\n\t\t\t\tif( i % p[j] == 0 ){\n\t\t\t\t\tbreak;\n\t\t\t\t}\n\t\t\t\telse if ( p[j] > Math.sqrt(i) ){\n\t\t\t\t\tp[count] = i;\n\t\t\t\t\tcount++;\n\t\t\t\t\tbreak;\n\t\t\t\t}\n\t\t\t}\n\t\t}\n\t\tSystem.out.println(count);\n\t}\n}",
            "covered_code": "Given the test case input `-3`, let's develop a plan of step-by-step execution for the Java program provided and predict the code coverage. \n\n**Plan for Execution:**\n\n1. **Import Statements:** The code snippet provided does not contain any import statements; hence, there's no coverage to be discussed here.\n\n2. **Class Declaration:** The class declaration `public class Main{` is always executed.\n\n3. **Main Method Declaration:** The declaration of the `main` method `public static void main(String[] args){` is always executed.\n\n4. **User Input:** The statement `Scanner stdIn = new Scanner(System.in);` and `int n = stdIn.nextInt();` are always executed since they are used for taking input from the user.\n\n5. **Variable Initialization:** The statement `int count = 0;` is executed as it initializes the `count` variable.\n\n6. **First If Statement:** The condition `if( n >= 2 )` is checked. Given `n = -3`, this condition is false, so `count++;` is not executed.\n\n7. **Second If Statement:** The condition `if( n >= 3 )` is also checked. Given `n = -3`, this condition is false, so `count++;` is not executed.\n\n8. **Array Declaration and Initialization:** The statement `int[] p = new int[n];` tries to execute. However, given `n = -3`, this will throw a `NegativeArraySizeException` since arrays cannot have a negative size.\n\n**Predicted Code Coverage:**\n\n> public class Main{\n>     public static void main(String[] args){\n>         Scanner stdIn = new Scanner(System.in);\n>         int n = stdIn.nextInt();\n>         int count = 0;\n!         if( n >= 2 )\n!             count++;\n!         if( n >= 3 )\n!             count++;\n!         int[] p = new int[n];\n!         p[0] = 2;\n!         p[1] = 3;\n!         for(int i = 5; i <= n; i += 2){\n!             for(int j =1; j < count; j ++){\n!                 if( i % p[j] == 0 ){\n!                     break;\n!                 }\n!                 else if ( p[j] > Math.sqrt(i) ){\n!                     p[count] = i;\n!                     count++;\n!                     break;\n!                 }\n!             }\n!         }\n!         System.out.println(count);\n>     }\n> }\n\n**Output:**\n\nError: `NegativeArraySizeException`\n\nThe exception is raised due to attempting to create an array with a negative size, which is not valid in Java. This stops the execution before many lines of the program are reached, including all the loops and the final print statement.",
            "test_seed_coverage": [
                ">",
                ">",
                ">",
                ">",
                ">",
                ">",
                ">",
                ">",
                ">",
                ">",
                ">",
                ">",
                ">",
                ">",
                ">",
                ">",
                ">",
                ">",
                ">",
                ">",
                ">",
                ">",
                ">",
                ">",
                ">",
                ">",
                ">"
            ],
            "cumulative_coverage": [
                ">",
                ">",
                ">",
                ">",
                ">",
                ">",
                ">",
                ">",
                ">",
                ">",
                ">",
                ">",
                ">",
                ">",
                ">",
                ">",
                ">",
                ">",
                ">",
                ">",
                ">",
                ">",
                ">",
                ">",
                ">",
                ">",
                ">"
            ],
            "execution_error": "Exception in thread \"main\" java.lang.NegativeArraySizeException: -3\n\tat Main.main(Main.java:11)",
            "cerberus_output": "NegativeArraySizeException",
            "execution_result": "NegativeArraySizeException"
        },
        {
            "test_case": [
                "Test Case Input:\n5"
            ],
            "test_mutations": [
                "Test Case Input:\n5"
            ],
            "initial_code": "public class Main{\n\tpublic static void main(String[] args){\n\t\tScanner stdIn = new Scanner(System.in);\n\t\tint n = stdIn.nextInt();\n\t\tint count = 0;\n\t\tif( n >= 2 )\n\t\t\tcount++;\n\t\tif( n >= 3 )\n\t\t\tcount++;\n\t\tint[] p = new int[n];\n\t\tp[0] = 2;\n\t\tp[1] = 3;\n\t\tfor(int i = 5; i <= n; i += 2){\n\t\t\tfor(int j =1; j < count; j ++){\n\t\t\t\tif( i % p[j] == 0 ){\n\t\t\t\t\tbreak;\n\t\t\t\t}\n\t\t\t\telse if ( p[j] > Math.sqrt(i) ){\n\t\t\t\t\tp[count] = i;\n\t\t\t\t\tcount++;\n\t\t\t\t\tbreak;\n\t\t\t\t}\n\t\t\t}\n\t\t}\n\t\tSystem.out.println(count);\n\t}\n}",
            "covered_code": "To predict the code coverage for the provided Java program with the given test case input '5', we follow the outlined plan step by step:\n\n1. **Program Start**: The execution of the program starts, covering the class declaration `public class Main{`.\n\n2. **Main Method Execution**: The `main` method is always executed.\n\n3. **Scanner and User Input**: The statement `Scanner stdIn = new Scanner(System.in);` and `int n = stdIn.nextInt();` are always executed because they are necessary to read the input from the user.\n\n4. **Variable Initialization**: The statement `int count = 0;` is executed.\n\n5. **First If Condition**: With the test case input '5', the condition `if( n >= 2 )` is true, so `count++;` is executed.\n\n6. **Second If Condition**: Similarly, the condition `if( n >= 3 )` is also true, so `count++;` is executed again.\n\n7. **Array Initialization**: The array `int[] p = new int[n];` is initialized, and the next two lines `p[0] = 2;` and `p[1] = 3;` are executed.\n\n8. **First For Loop**: The first for loop `for(int i = 5; i <= n; i += 2){` is executed because the loop condition is satisfied when `n` is '5'.\n\n9. **Nested For Loop**: Inside the first for loop, a nested for loop `for(int j =1; j < count; j ++){` is executed. Given `count` was incremented twice, it will iterate.\n\n10. **If Condition in Nested Loop**: The condition `if( i % p[j] == 0 ){` is checked. For `i = 5`, `p[1] = 3`, this condition is false.\n\n11. **Else-If Condition in Nested Loop**: The condition `else if ( p[j] > Math.sqrt(i) ){` is true for `i = 5` and `j = 1` because `3 > sqrt(5)` is false, so this path is not executed.\n\n12. **Printing Result**: The statement `System.out.println(count);` is executed to print out the value of `count`.\n\nBased on the outlined plan, the predicted code coverage for the given Java program with the specified test case input '5' is:\n\n```\n> public class Main{\n>     public static void main(String[] args){\n>         Scanner stdIn = new Scanner(System.in);\n>         int n = stdIn.nextInt();\n>         int count = 0;\n>         if( n >= 2 )\n>             count++;\n>         if( n >= 3 )\n>             count++;\n>         int[] p = new int[n];\n>         p[0] = 2;\n>         p[1] = 3;\n>         for(int i = 5; i <= n; i += 2){\n>             for(int j =1; j < count; j ++){\n>                 if( i % p[j] == 0 ){\n!                     break;\n                }\n>                 else if ( p[j] > Math.sqrt(i) ){\n!                     p[count] = i;\n!                     count++;\n!                     break;\n                }\n>             }\n>         }\n>         System.out.println(count);\n>     }\n> }\n```\n\n**Note**: The analysis incorrectly marked the else-if condition as not executed due to a misunderstanding in evaluating `p[j] > Math.sqrt(i)`. Given the correct flow of execution, the `else-if` condition would not have been executed because my initial assessment of the condition was mistaken. The primary aim was to highlight the execution flow and the attempt was to predict code coverage based on the given test case and program logic. The actual coverage might differ upon real execution, especially in evaluating conditions inside loops and handling array operations.",
            "test_seed_coverage": [
                ">",
                ">",
                ">",
                ">",
                ">",
                ">",
                ">",
                ">",
                ">",
                ">",
                ">",
                ">",
                ">",
                ">",
                ">",
                ">",
                ">",
                ">",
                ">",
                ">",
                ">",
                ">",
                ">",
                ">",
                ">",
                ">",
                ">"
            ],
            "cumulative_coverage": [
                ">",
                ">",
                ">",
                ">",
                ">",
                ">",
                ">",
                ">",
                ">",
                ">",
                ">",
                ">",
                ">",
                ">",
                ">",
                ">",
                ">",
                ">",
                ">",
                ">",
                ">",
                ">",
                ">",
                ">",
                ">",
                ">",
                ">"
            ],
            "execution_output": "3",
            "cerberus_output": "",
            "execution_result": ""
        },
        {
            "test_case": [
                "Test Case Input:\n-5"
            ],
            "test_mutations": [
                "Test Case Input:\n-5"
            ],
            "initial_code": "public class Main{\n\tpublic static void main(String[] args){\n\t\tScanner stdIn = new Scanner(System.in);\n\t\tint n = stdIn.nextInt();\n\t\tint count = 0;\n\t\tif( n >= 2 )\n\t\t\tcount++;\n\t\tif( n >= 3 )\n\t\t\tcount++;\n\t\tint[] p = new int[n];\n\t\tp[0] = 2;\n\t\tp[1] = 3;\n\t\tfor(int i = 5; i <= n; i += 2){\n\t\t\tfor(int j =1; j < count; j ++){\n\t\t\t\tif( i % p[j] == 0 ){\n\t\t\t\t\tbreak;\n\t\t\t\t}\n\t\t\t\telse if ( p[j] > Math.sqrt(i) ){\n\t\t\t\t\tp[count] = i;\n\t\t\t\t\tcount++;\n\t\t\t\t\tbreak;\n\t\t\t\t}\n\t\t\t}\n\t\t}\n\t\tSystem.out.println(count);\n\t}\n}",
            "covered_code": "Given the test case input: -5, let's develop a plan for step-by-step execution of the program and predict the code coverage.\n\n1. **Import statements**: If there were any import statements (e.g., `import java.util.Scanner;`), these would always be executed. However, since this is not explicitly provided in the snippet, we proceed assuming it's implicitly covered.\n   \n2. **Class Declaration**: Always executed. The statement `public class Main{` is covered.\n\n3. **Main method declaration**: Always executed. The statement `public static void main(String[] args){` is covered.\n\n4. **Scanner and User Input**: Always executed as it's the mechanism to input the test case. Statements initializing the Scanner and reading the integer `n` are covered:\n   - `Scanner stdIn = new Scanner(System.in);`\n   - `int n = stdIn.nextInt();`\n   \n5. **Condition Checks**: The input value for `n` is -5. Therefore, the conditions `n >= 2` and `n >= 3` are not satisfied, and the respective `if` blocks will not be executed:\n   - `if( n >= 2 )` and the subsequent increment `count++` are not executed.\n   - `if( n >= 3 )` and its subsequent increment `count++` are not executed.\n   \n6. **Array Initialization**: The statement `int[] p = new int[n];` will attempt to execute. However, since `n` is negative, this statement will raise a `NegativeArraySizeException`. This means the execution will halt at this point, and any statements beyond this will not be executed.\n\n7. **Subsequent Statements**: \n   - Array element assignments `p[0] = 2;` and `p[1] = 3;` will not be executed due to the exception before their execution.\n   - The `for` loop `for(int i = 5; i <= n; i += 2){...}` and all its contents will not be executed as the program would have already encountered an exception.\n   - The print statement `System.out.println(count);` will not be executed as the program will terminate prematurely due to the exception.\n\n8. **Closing Brackets**: Always considered covered in static analysis.\n\nBased on this plan, the code coverage and output including the exception raised would be as follows:\n\n> public class Main{\n> \tpublic static void main(String[] args){\n> \t\tScanner stdIn = new Scanner(System.in);\n> \t\tint n = stdIn.nextInt();\n> \t\tint count = 0;\n! \t\tif( n >= 2 )\n! \t\t\tcount++;\n! \t\tif( n >= 3 )\n! \t\t\tcount++;\n! \t\tint[] p = new int[n];\n! \t\tp[0] = 2;\n! \t\tp[1] = 3;\n! \t\tfor(int i = 5; i <= n; i += 2){\n! \t\t\tfor(int j =1; j < count; j ++){\n! \t\t\t\tif( i % p[j] == 0 ){\n! \t\t\t\t\tbreak;\n! \t\t\t\t}\n! \t\t\t\telse if ( p[j] > Math.sqrt(i) ){\n! \t\t\t\t\tp[count] = i;\n! \t\t\t\t\tcount++;\n! \t\t\t\t\tbreak;\n! \t\t\t\t}\n! \t\t\t}\n! \t\t}\n! \t\tSystem.out.println(count);\n> \t}\n> }\n\n**OUTPUT**: \nError: `NegativeArraySizeException`\n\nThis plan and the associated code coverage prediction reflect that the given test case input of -5 causes the program to raise a `NegativeArraySizeException` at the array initialization step, preventing the execution of subsequent parts of the program.",
            "test_seed_coverage": [
                ">",
                ">",
                ">",
                ">",
                ">",
                ">",
                ">",
                ">",
                ">",
                ">",
                ">",
                ">",
                ">",
                ">",
                ">",
                ">",
                ">",
                ">",
                ">",
                ">",
                ">",
                ">",
                ">",
                ">",
                ">",
                ">",
                ">"
            ],
            "cumulative_coverage": [
                ">",
                ">",
                ">",
                ">",
                ">",
                ">",
                ">",
                ">",
                ">",
                ">",
                ">",
                ">",
                ">",
                ">",
                ">",
                ">",
                ">",
                ">",
                ">",
                ">",
                ">",
                ">",
                ">",
                ">",
                ">",
                ">",
                ">"
            ],
            "execution_error": "Exception in thread \"main\" java.lang.NegativeArraySizeException: -5\n\tat Main.main(Main.java:11)",
            "cerberus_output": "NegativeArraySizeException",
            "execution_result": "NegativeArraySizeException"
        }
    ]
}