{
    "submission_id": "s038351727",
    "cycles": [
        {
            "test_case": [
                "Test Case Input:\n3\n3\n...\n.#.\n..."
            ],
            "test_mutations": [
                "Test Case Input:\n3\n3\n...\n.#.\n..."
            ],
            "initial_code": "public class Main{\n\tpublic static void main(String[] args){\n\t\tScanner sc = new Scanner(System.in);\n\t\tint h = sc.nextInt();\n\t\tint w = sc.nextInt();\n\t\tString[] s = new String[h];\n\t\tchar[][] c = new char[h+2][w+2];\n\t\tArrays.fill(c, '.');\n\t\tfor(int i=0; i<h; i++){\n\t\t\ts[i] = sc.next();\n\t\t\tfor(int j=0; j<w; j++){\n\t\t\t\tc[i+1][j+1] = s[i].charAt(j);\n\t\t\t}\n\t\t}\n\t\tboolean bl = true;\n\t\tfor(int i=1; i<=h; i++){\n\t\t\tfor(int j=1; j<=w; j++){\n\t\t\t\tif(c[i][j]=='.')break;\n\t\t\t\telse {\n\t\t\t\t\tif(c[i-1][j]!='#' && c[i+1][j]!='#' && c[i][j-1]!='#' && c[i][j+1]!='#'){\n\t\t\t\t\t\tbl=false;\n\t\t\t\t\t\tbreak;\n\t\t\t\t\t}\n\t\t\t\t}\n\t\t\t}\n\t\t}\n\t\tSystem.out.println(bl==true? \"Yes\" : \"No\");\n\t}\n}",
            "covered_code": "To analyze and predict the code coverage for the provided Java program and test case input, we'll follow the plan step by step:\n\n**Test Case Input:**\n3 3\n...\n.#.\n...\n\n**PLAN:**\n\n1. **Import Statements Execution:** Import statements such as `import java.util.Scanner;` and possibly `import java.util.Arrays;` (though not explicitly mentioned, inferred from usage) will be executed. This includes coverage for any necessary imports for the Scanner and Arrays utilities.\n\n2. **Main Class and Method Declaration:** The declaration of the `Main` class and the `public static void main(String[] args)` method are always executed.\n\n3. **Variable Initialization and Scanner Input:** The statements for initializing variables `h`, `w`, reading them from `Scanner`, and initializing the `String[] s` and `char[][] c` arrays are executed.\n\n4. **Filling the `c` array:** The `Arrays.fill(c, '.');` statement is intended to fill the array `c` but will not work as expected due to the nature of the fill method and the multidimensional array. This might be a conceptual mistake since `Arrays.fill` works on single-dimensional arrays. This step is conceptually flawed, but for the sake of code coverage, the line is considered executed.\n\n5. **Reading Input Strings and Populating the `c` array:** The loop for reading string inputs and populating the `c` array executes as per the number of rows `h`. Each character of input strings is placed correctly in the `c` array.\n\n6. **Checking for isolated `#`:** The nested loops iterate through the `c` array to check if any `#` is not adjacent to another `#`. Given the input, the `#` at `c[2][2]` is surrounded by `.` which makes `bl` false.\n\n7. **Printing the result:** The final print statement is executed, printing \"No\" because `bl` is false.\n\n**PREDICTED CODE COVERAGE:**\n\n```plaintext\n> public class Main{\n> \tpublic static void main(String[] args){\n> \t\tScanner sc = new Scanner(System.in);\n> \t\tint h = sc.nextInt();\n> \t\tint w = sc.nextInt();\n> \t\tString[] s = new String[h];\n> \t\tchar[][] c = new char[h+2][w+2];\n! \t\tArrays.fill(c, '.'); // Conceptually flawed for 2D arrays, but executed\n> \t\tfor(int i=0; i<h; i++){\n> \t\t\ts[i] = sc.next();\n> \t\t\tfor(int j=0; j<w; j++){\n> \t\t\t\tc[i+1][j+1] = s[i].charAt(j);\n> \t\t\t}\n> \t\t}\n> \t\tboolean bl = true;\n> \t\tfor(int i=1; i<=h; i++){\n> \t\t\tfor(int j=1; j<=w; j++){\n> \t\t\t\tif(c[i][j]=='.')break;\n> \t\t\t\telse {\n> \t\t\t\t\tif(c[i-1][j]!='#' && c[i+1][j]!='#' && c[i][j-1]!='#' && c[i][j+1]!='#'){\n> \t\t\t\t\t\tbl=false;\n> \t\t\t\t\t\tbreak; // This breaks the inner loop, but not the outer\n> \t\t\t\t\t}\n> \t\t\t\t}\n> \t\t\t}\n> \t\t}\n> \t\tSystem.out.println(bl==true? \"Yes\" : \"No\");\n> \t}\n> }\n```\n\n**OUTPUT:**\n```plaintext\nNo\n```\n\nNote: The `Arrays.fill(c, '.');` line is marked executed, but it is important to understand that this line does not function as perhaps intended due to `c` being a two-dimensional array. This could be a point of confusion in practical execution, but for the purposes of code coverage, it is marked as executed.",
            "test_seed_coverage": [
                ">",
                ">",
                ">",
                ">",
                ">",
                ">",
                ">",
                "!",
                ">",
                ">",
                ">",
                ">",
                ">",
                ">",
                ">",
                ">",
                ">",
                ">",
                ">",
                ">",
                ">",
                ">",
                ">",
                ">",
                ">",
                ">",
                ">",
                ">",
                ">"
            ],
            "cumulative_coverage": [
                ">",
                ">",
                ">",
                ">",
                ">",
                ">",
                ">",
                "!",
                ">",
                ">",
                ">",
                ">",
                ">",
                ">",
                ">",
                ">",
                ">",
                ">",
                ">",
                ">",
                ">",
                ">",
                ">",
                ">",
                ">",
                ">",
                ">",
                ">",
                ">"
            ],
            "cerberus_output": "",
            "execution_result": ""
        },
        {
            "test_case": [
                "Test Case Input:\n3\n3\n###\n###\n###\n\nExpected Output:\nNo"
            ],
            "test_mutations": [
                "Test Case Input:\n3\n3\n###\n###\n###\n\nExpected Output:\nNo"
            ],
            "initial_code": "public class Main{\n\tpublic static void main(String[] args){\n\t\tScanner sc = new Scanner(System.in);\n\t\tint h = sc.nextInt();\n\t\tint w = sc.nextInt();\n\t\tString[] s = new String[h];\n\t\tchar[][] c = new char[h+2][w+2];\n\t\tArrays.fill(c, '.');\n\t\tfor(int i=0; i<h; i++){\n\t\t\ts[i] = sc.next();\n\t\t\tfor(int j=0; j<w; j++){\n\t\t\t\tc[i+1][j+1] = s[i].charAt(j);\n\t\t\t}\n\t\t}\n\t\tboolean bl = true;\n\t\tfor(int i=1; i<=h; i++){\n\t\t\tfor(int j=1; j<=w; j++){\n\t\t\t\tif(c[i][j]=='.')break;\n\t\t\t\telse {\n\t\t\t\t\tif(c[i-1][j]!='#' && c[i+1][j]!='#' && c[i][j-1]!='#' && c[i][j+1]!='#'){\n\t\t\t\t\t\tbl=false;\n\t\t\t\t\t\tbreak;\n\t\t\t\t\t}\n\t\t\t\t}\n\t\t\t}\n\t\t}\n\t\tSystem.out.println(bl==true? \"Yes\" : \"No\");\n\t}\n}",
            "covered_code": "Given the test case input and the Java program, let's develop a plan for step by step execution to predict the code coverage.\n\n### Test Case Input:\n3\n3\n###\n###\n###\n\n### Expected Output:\nNo\n\n### PLAN:\n\n1. **Import statements**: If there were any import statements like `import java.util.Scanner;` or `import java.util.Arrays;`, they would always be executed. However, since these are not explicitly included in the snippet, we assume they are part of the program context. \n   \n2. **Class Declaration**: The declaration `public class Main{` is always executed.\n\n3. **Main method declaration**: The declaration `public static void main(String[] args){` is always executed.\n\n4. **Variable Initialization and Scanner Input**: Statements initializing the Scanner and reading input (`Scanner sc = new Scanner(System.in);`, `int h = sc.nextInt();`, `int w = sc.nextInt();`) are executed.\n\n5. **String Array and 2D Char Array Initialization**: Statements initializing `String[] s = new String[h];` and `char[][] c = new char[h+2][w+2];` are executed.\n\n6. **Filling 2D Char Array**: The call to `Arrays.fill(c, '.');` is not correctly executed since `Arrays.fill` cannot be directly used to fill a 2D array. This would be a logical error in the code if intended to fill the entire 2D array `c` with dots. Therefore, it should be marked as not executed correctly or as a logical mistake.\n\n7. **Reading and Storing Input Strings**: The loop that reads input strings and stores characters in `c` array is executed.\n\n8. **Checking for isolated '#' characters**: The nested loops that check for isolated '#' characters are executed. Given the input, it will set `bl` to `false` and break out of the inner loop but not the outer loop, because there is no mechanism to break out of both loops upon setting `bl` to `false`. This results in a partial traversal even after finding an isolated '#'.\n\n9. **Output**: The statement to print the output, `System.out.println(bl==true? \"Yes\" : \"No\");`, is executed and prints \"No\" as expected from the test case.\n\n### Code Coverage:\n\n> public class Main{\n>     public static void main(String[] args){\n>         Scanner sc = new Scanner(System.in);\n>         int h = sc.nextInt();\n>         int w = sc.nextInt();\n>         String[] s = new String[h];\n>         char[][] c = new char[h+2][w+2];\n!         Arrays.fill(c, '.'); // Assuming this is incorrect because Arrays.fill doesn't work as intended for 2D arrays.\n>         for(int i=0; i<h; i++){\n>             s[i] = sc.next();\n>             for(int j=0; j<w; j++){\n>                 c[i+1][j+1] = s[i].charAt(j);\n>             }\n>         }\n>         boolean bl = true;\n>         for(int i=1; i<=h; i++){\n>             for(int j=1; j<=w; j++){\n>                 if(c[i][j]=='.')break;\n>                 else {\n>                     if(c[i-1][j]!='#' && c[i+1][j]!='#' && c[i][j-1]!='#' && c[i][j+1]!='#'){\n>                         bl=false;\n>                         break;\n>                     }\n>                 }\n>             }\n>         }\n>         System.out.println(bl==true? \"Yes\" : \"No\");\n>     }\n> }\n\n### Remarks:\n- The logical error with `Arrays.fill(c, '.');` in a 2D array context and the lack of direct exit from both loops upon finding an isolated '#' needs attention for accurate execution according to the intended logic of the program.",
            "test_seed_coverage": [
                ">",
                ">",
                ">",
                ">",
                ">",
                ">",
                ">",
                "!",
                ">",
                ">",
                ">",
                ">",
                ">",
                ">",
                ">",
                ">",
                ">",
                ">",
                ">",
                ">",
                ">",
                ">",
                ">",
                ">",
                ">",
                ">",
                ">",
                ">",
                ">"
            ],
            "cumulative_coverage": [
                ">",
                ">",
                ">",
                ">",
                ">",
                ">",
                ">",
                "!",
                ">",
                ">",
                ">",
                ">",
                ">",
                ">",
                ">",
                ">",
                ">",
                ">",
                ">",
                ">",
                ">",
                ">",
                ">",
                ">",
                ">",
                ">",
                ">",
                ">",
                ">"
            ],
            "cerberus_output": "",
            "execution_result": ""
        },
        {
            "test_case": [
                "Test Case Input:\n3\n3\n###\n###\n###"
            ],
            "test_mutations": [
                "Test Case Input:\n3\n3\n###\n###\n###"
            ],
            "initial_code": "public class Main{\n\tpublic static void main(String[] args){\n\t\tScanner sc = new Scanner(System.in);\n\t\tint h = sc.nextInt();\n\t\tint w = sc.nextInt();\n\t\tString[] s = new String[h];\n\t\tchar[][] c = new char[h+2][w+2];\n\t\tArrays.fill(c, '.');\n\t\tfor(int i=0; i<h; i++){\n\t\t\ts[i] = sc.next();\n\t\t\tfor(int j=0; j<w; j++){\n\t\t\t\tc[i+1][j+1] = s[i].charAt(j);\n\t\t\t}\n\t\t}\n\t\tboolean bl = true;\n\t\tfor(int i=1; i<=h; i++){\n\t\t\tfor(int j=1; j<=w; j++){\n\t\t\t\tif(c[i][j]=='.')break;\n\t\t\t\telse {\n\t\t\t\t\tif(c[i-1][j]!='#' && c[i+1][j]!='#' && c[i][j-1]!='#' && c[i][j+1]!='#'){\n\t\t\t\t\t\tbl=false;\n\t\t\t\t\t\tbreak;\n\t\t\t\t\t}\n\t\t\t\t}\n\t\t\t}\n\t\t}\n\t\tSystem.out.println(bl==true? \"Yes\" : \"No\");\n\t}\n}",
            "covered_code": "To predict the code coverage for the provided Java program and test case, let's follow the plan developed based on the steps of execution.\n\nTest Case Input:\n3\n3\n###\n###\n###\n\nPLAN:\n1. **Import statements**: Import statements for Scanner and Arrays will be executed. So, statements \"import java.util.Scanner;\" and \"import java.util.Arrays;\" will be covered.\n   \n2. **Class Declaration**: The declaration of the Main class is always executed. Statement \"public class Main{\" is covered.\n\n3. **Main method declaration**: The declaration of the main method is always executed. Statement \"public static void main(String[] args){\" is covered.\n\n4. **User Input and Program Output**: Statements initializing the Scanner, reading integers h and w, and initializing the String array s and the 2D char array c are always executed. These include:\n   - \"Scanner sc = new Scanner(System.in);\"\n   - \"int h = sc.nextInt();\"\n   - \"int w = sc.nextInt();\"\n   - \"String[] s = new String[h];\"\n   - \"char[][] c = new char[h+2][w+2];\"\n   - \"Arrays.fill(c, '.');\"\n   \n5. **For loop for reading input strings and filling the 2D array c**: Since h is 3, the loop from \"for(int i=0; i<h; i++){\" will be executed 3 times. Statements within it including reading each string and filling the 2D array are covered:\n   - \"s[i] = sc.next();\"\n   - \"for(int j=0; j<w; j++){\"\n   - \"c[i+1][j+1] = s[i].charAt(j);\"\n   \n6. **Second for loop for checking adjacency**: This loop checks if each '#' character is adjacent to at least one other '#' character. As all '#' characters in the input are adjacent to each other, the if condition inside this loop will never be true for the given input. Thus, the inner if condition \"if(c[i][j]=='.')break;\" will never execute, but the else part and its condition will always be executed:\n   - The break statement inside the if condition will not be executed.\n   - The if statement \"if(c[i-1][j]!='#' && c[i+1][j]!='#' && c[i][j-1]!='#' && c[i][j+1]!='#'){\" and its body will also not execute because it never meets the condition.\n   \n7. **Output**: The final output depends on the value of `bl`, which remains true as none of the conditions to set it to false are met. Thus, \"System.out.println(bl==true? \"Yes\" : \"No\");\" will print \"Yes\".\n\nCode Coverage:\n> import java.util.Scanner;\n> import java.util.Arrays;\n> public class Main{\n>     public static void main(String[] args){\n>         Scanner sc = new Scanner(System.in);\n>         int h = sc.nextInt();\n>         int w = sc.nextInt();\n>         String[] s = new String[h];\n>         char[][] c = new char[h+2][w+2];\n>         Arrays.fill(c, '.');\n>         for(int i=0; i<h; i++){\n>             s[i] = sc.next();\n>             for(int j=0; j<w; j++){\n>                 c[i+1][j+1] = s[i].charAt(j);\n>             }\n>         }\n>         boolean bl = true;\n>         for(int i=1; i<=h; i++){\n>             for(int j=1; j<=w; j++){\n>                 if(c[i][j]=='.') break;\n>                 else {\n>                     if(c[i-1][j]!='#' && c[i+1][j]!='#' && c[i][j-1]!='#' && c[i][j+1]!='#'){\n>                         bl=false;\n>                         break;\n>                     }\n>                 }\n>             }\n>         }\n>         System.out.println(bl==true? \"Yes\" : \"No\");\n>     }\n> }\n\nBased on the provided test case and the plan, the code coverage indicates that all parts of the code except the \"break\" within the \"if(c[i][j]=='.')\" and the innermost if condition and its body have been executed.",
            "test_seed_coverage": [
                ">",
                ">",
                ">",
                ">",
                ">",
                ">",
                ">",
                ">",
                ">",
                ">",
                ">",
                ">",
                ">",
                ">",
                ">",
                ">",
                ">",
                ">",
                ">",
                ">",
                ">",
                ">",
                ">",
                ">",
                ">",
                ">",
                ">",
                ">",
                ">",
                ">",
                ">"
            ],
            "cumulative_coverage": [
                ">",
                ">",
                ">",
                ">",
                ">",
                ">",
                ">",
                ">",
                ">",
                ">",
                ">",
                ">",
                ">",
                ">",
                ">",
                ">",
                ">",
                ">",
                ">",
                ">",
                ">",
                ">",
                ">",
                ">",
                ">",
                ">",
                ">",
                ">",
                ">",
                ">",
                ">"
            ],
            "cerberus_output": "",
            "execution_result": ""
        },
        {
            "test_case": [
                "Test Case Input:\n0\n0"
            ],
            "test_mutations": [
                "Test Case Input:\n0\n0"
            ],
            "initial_code": "public class Main{\n\tpublic static void main(String[] args){\n\t\tScanner sc = new Scanner(System.in);\n\t\tint h = sc.nextInt();\n\t\tint w = sc.nextInt();\n\t\tString[] s = new String[h];\n\t\tchar[][] c = new char[h+2][w+2];\n\t\tArrays.fill(c, '.');\n\t\tfor(int i=0; i<h; i++){\n\t\t\ts[i] = sc.next();\n\t\t\tfor(int j=0; j<w; j++){\n\t\t\t\tc[i+1][j+1] = s[i].charAt(j);\n\t\t\t}\n\t\t}\n\t\tboolean bl = true;\n\t\tfor(int i=1; i<=h; i++){\n\t\t\tfor(int j=1; j<=w; j++){\n\t\t\t\tif(c[i][j]=='.')break;\n\t\t\t\telse {\n\t\t\t\t\tif(c[i-1][j]!='#' && c[i+1][j]!='#' && c[i][j-1]!='#' && c[i][j+1]!='#'){\n\t\t\t\t\t\tbl=false;\n\t\t\t\t\t\tbreak;\n\t\t\t\t\t}\n\t\t\t\t}\n\t\t\t}\n\t\t}\n\t\tSystem.out.println(bl==true? \"Yes\" : \"No\");\n\t}\n}",
            "covered_code": "For the provided Java program and test case input of \"0\\n0\", let's develop a plan of step-by-step execution to predict the code coverage.\n\n### Plan\n1. **Import Statements**: Import statements for `Scanner` and `Arrays` classes are executed to use their functionalities in the program.\n2. **Main Class Declaration**: The declaration of the `Main` class is always executed.\n3. **Main Method Declaration**: The declaration of the `main` method is always executed as it is the entry point of the program.\n4. **User Input for `h` and `w`**: The program reads two integers `h` and `w` from the standard input. Since the test case inputs are `0` and `0`, these lines are covered.\n5. **Array Initialization**: The program initializes a `String` array `s` of size `h` and a 2D character array `c` of size `(h+2) by (w+2)`. Given `h` and `w` are both `0`, these lines are executed.\n6. **Filling 2D Array with '.'**: The program attempts to fill the 2D array `c` with `'.'`. However, the use of `Arrays.fill` in this manner is incorrect for a 2D array and will not compile. This indicates a flaw in the program that would prevent it from running. Assuming the intention was to fill a 2D array, this part of the plan cannot be properly executed as described.\n7. **Reading Strings and Populating 2D Array**: The program is supposed to read `h` strings and populate the 2D array `c` accordingly. However, since `h` is `0`, the loop will not be entered, and these lines won't be executed.\n8. **Checking Adjacent Cells for `#`**: The program checks each cell in the populated 2D array to ensure that if a cell is not `'.'`, it must be adjacent to a `'#'` to set `bl` to `true`. Since `h` and `w` are `0`, these loops will not be entered.\n9. **Printing Result**: The program prints \"Yes\" if `bl` is `true` after all checks; otherwise, it prints \"No\". This line will be executed, printing \"Yes\" as `bl` remains `true`.\n\n### Code Coverage Prediction\n\n```\n> import java.util.Scanner;\n> import java.util.Arrays;\n> public class Main{\n>     public static void main(String[] args){\n>         Scanner sc = new Scanner(System.in);\n>         int h = sc.nextInt();\n>         int w = sc.nextInt();\n>         String[] s = new String[h];\n>         char[][] c = new char[h+2][w+2];\n!         Arrays.fill(c, '.'); // Incorrect usage, won't compile for 2D array\n>         for(int i=0; i<h; i++){\n!             s[i] = sc.next(); // Not executed because h=0\n!             for(int j=0; j<w; j++){\n!                 c[i+1][j+1] = s[i].charAt(j); // Not executed because h=0 and w=0\n!             }\n>         }\n>         boolean bl = true;\n>         for(int i=1; i<=h; i++){\n!             for(int j=1; j<=w; j++){\n!                 if(c[i][j]=='.')break; // Not executed because h=0 and w=0\n!                 else {\n!                     if(c[i-1][j]!='#' && c[i+1][j]!='#' && c[i][j-1]!='#' && c[i][j+1]!='#'){\n!                         bl=false;\n!                         break;\n!                     }\n!                 }\n!             }\n>         }\n>         System.out.println(bl==true? \"Yes\" : \"No\");\n>     }\n> }\n```\n**Output**: Yes\n\n### Note:\n- The `Arrays.fill(c, '.');` operation is incorrectly described for filling a 2D array and would result in a compile-time error. The correct way to fill a 2D array involves nested loops or using `Arrays.fill` on each subarray.\n- Given the test case and the logical mistake in filling the 2D array, the program's execution differs from standard execution paths.",
            "test_seed_coverage": [
                ">",
                ">",
                ">",
                ">",
                ">",
                ">",
                ">",
                ">",
                ">",
                ">",
                ">",
                ">",
                ">",
                ">",
                ">",
                ">",
                ">",
                ">",
                ">",
                ">",
                ">",
                ">",
                ">",
                ">",
                ">",
                ">",
                ">",
                ">",
                ">",
                ">",
                ">"
            ],
            "cumulative_coverage": [
                ">",
                ">",
                ">",
                ">",
                ">",
                ">",
                ">",
                ">",
                ">",
                ">",
                ">",
                ">",
                ">",
                ">",
                ">",
                ">",
                ">",
                ">",
                ">",
                ">",
                ">",
                ">",
                ">",
                ">",
                ">",
                ">",
                ">",
                ">",
                ">",
                ">",
                ">"
            ],
            "cerberus_output": "",
            "execution_result": ""
        },
        {
            "test_case": [
                "Test Case Input:\n3\n4\n###\n###\n###"
            ],
            "test_mutations": [
                "Test Case Input:\n3\n4\n###\n###\n###"
            ],
            "initial_code": "public class Main{\n\tpublic static void main(String[] args){\n\t\tScanner sc = new Scanner(System.in);\n\t\tint h = sc.nextInt();\n\t\tint w = sc.nextInt();\n\t\tString[] s = new String[h];\n\t\tchar[][] c = new char[h+2][w+2];\n\t\tArrays.fill(c, '.');\n\t\tfor(int i=0; i<h; i++){\n\t\t\ts[i] = sc.next();\n\t\t\tfor(int j=0; j<w; j++){\n\t\t\t\tc[i+1][j+1] = s[i].charAt(j);\n\t\t\t}\n\t\t}\n\t\tboolean bl = true;\n\t\tfor(int i=1; i<=h; i++){\n\t\t\tfor(int j=1; j<=w; j++){\n\t\t\t\tif(c[i][j]=='.')break;\n\t\t\t\telse {\n\t\t\t\t\tif(c[i-1][j]!='#' && c[i+1][j]!='#' && c[i][j-1]!='#' && c[i][j+1]!='#'){\n\t\t\t\t\t\tbl=false;\n\t\t\t\t\t\tbreak;\n\t\t\t\t\t}\n\t\t\t\t}\n\t\t\t}\n\t\t}\n\t\tSystem.out.println(bl==true? \"Yes\" : \"No\");\n\t}\n}",
            "covered_code": "Given the test case input `3 4 ### ### ###` and the Java program provided, let's develop a step-by-step plan for execution and predict the code coverage:\n\n1. **Import Statements Execution**: Import statements for `Scanner` and `Arrays` will be covered as they are necessary for the program to execute. Statements like `import java.util.Scanner;` and `import java.util.Arrays;` are covered.\n\n2. **Main Class and Method Declaration**: The declaration of the `Main` class and the `main` method are always executed. Statements `public class Main{` and `public static void main(String[] args){` are covered.\n\n3. **Variable Initialization and User Input**: The statements for initializing the scanner, reading `h` and `w`, and initializing the arrays `s` and `c` are covered. Statements to fill the `c` array with '.' using `Arrays.fill` method are partially covered since `Arrays.fill` doesn't directly apply to a 2D array but the intent seems to fill the array with '.'.\n\n4. **Reading Input Strings and Populating Array**: The loop that reads strings into `s` and populates the `c` array is covered. However, the input provided (`### ### ###`) doesn't match the expected format (missing `w` value), leading to a potential `InputMismatchException`. Assuming the intention was to read valid inputs for `h`, `w`, and the strings, we proceed as if the inputs were correctly provided, and thus, these statements are covered.\n\n5. **Checking Conditions**: The nested loops and the condition checking if each '#' character is surrounded by at least one other '#' character are executed. However, due to the invalid input format mentioned, this part would not execute as expected in a real scenario. Assuming valid inputs were provided, this section of code would be covered.\n\n6. **Printing the Result**: The statement to print \"Yes\" or \"No\" based on the boolean `bl` value is covered.\n\nAssuming the input was meant to be valid and complete (e.g., `3 4 ### ### ###` with an additional `4` to indicate the width), and overlooking the input format discrepancy, the code coverage would look like this:\n\n```\n> public class Main{\n> \tpublic static void main(String[] args){\n> \t\tScanner sc = new Scanner(System.in);\n> \t\tint h = sc.nextInt();\n> \t\tint w = sc.nextInt();\n> \t\tString[] s = new String[h];\n> \t\tchar[][] c = new char[h+2][w+2];\n> \t\tArrays.fill(c, '.'); // Conceptually covered but technically incorrect for 2D array\n> \t\tfor(int i=0; i<h; i++){\n> \t\t\ts[i] = sc.next();\n> \t\t\tfor(int j=0; j<w; j++){\n> \t\t\t\tc[i+1][j+1] = s[i].charAt(j);\n> \t\t\t}\n> \t\t}\n> \t\tboolean bl = true;\n> \t\tfor(int i=1; i<=h; i++){\n> \t\t\tfor(int j=1; j<=w; j++){\n> \t\t\t\tif(c[i][j]=='.')break;\n> \t\t\t\telse {\n> \t\t\t\t\tif(c[i-1][j]!='#' && c[i+1][j]!='#' && c[i][j-1]!='#' && c[i][j+1]!='#'){\n> \t\t\t\t\t\tbl=false;\n> \t\t\t\t\t\tbreak;\n> \t\t\t\t\t}\n> \t\t\t\t}\n> \t\t\t}\n> \t\t}\n> \t\tSystem.out.println(bl==true? \"Yes\" : \"No\");\n> \t}\n> }\n```\n\n**Note**: The `Arrays.fill(c, '.');` line is conceptually covered because the intent is to initialize the array, but it is technically incorrect as `Arrays.fill` cannot be applied directly to a 2D array in Java. The correct approach would involve manually iterating over the array or using `Arrays.fill` on each subarray individually. Given the context, it's considered as covered with a note on technical accuracy.\n\n**OUTPUT**: Depending on the corrected input and assuming the logic is correctly implemented for the problem, the output would be either \"Yes\" or \"No\".\n\n**Runtime Exceptions**: With the provided input, an `InputMismatchException` might occur due to the input format discrepancy. Assuming a valid input format is used, no runtime exception is expected based on the described execution process.",
            "test_seed_coverage": [
                ">",
                ">",
                ">",
                ">",
                ">",
                ">",
                ">",
                ">",
                ">",
                ">",
                ">",
                ">",
                ">",
                ">",
                ">",
                ">",
                ">",
                ">",
                ">",
                ">",
                ">",
                ">",
                ">",
                ">",
                ">",
                ">",
                ">",
                ">",
                ">"
            ],
            "cumulative_coverage": [
                ">",
                ">",
                ">",
                ">",
                ">",
                ">",
                ">",
                ">",
                ">",
                ">",
                ">",
                ">",
                ">",
                ">",
                ">",
                ">",
                ">",
                ">",
                ">",
                ">",
                ">",
                ">",
                ">",
                ">",
                ">",
                ">",
                ">",
                ">",
                ">"
            ],
            "cerberus_output": "InputMismatchException, Exceptions",
            "execution_result": ""
        },
        {
            "test_case": [
                "Test Case Input:\n3\n4\n....\n.#..\n...."
            ],
            "test_mutations": [
                "Test Case Input:\n3\n4\n....\n.#..\n...."
            ],
            "initial_code": "public class Main{\n\tpublic static void main(String[] args){\n\t\tScanner sc = new Scanner(System.in);\n\t\tint h = sc.nextInt();\n\t\tint w = sc.nextInt();\n\t\tString[] s = new String[h];\n\t\tchar[][] c = new char[h+2][w+2];\n\t\tArrays.fill(c, '.');\n\t\tfor(int i=0; i<h; i++){\n\t\t\ts[i] = sc.next();\n\t\t\tfor(int j=0; j<w; j++){\n\t\t\t\tc[i+1][j+1] = s[i].charAt(j);\n\t\t\t}\n\t\t}\n\t\tboolean bl = true;\n\t\tfor(int i=1; i<=h; i++){\n\t\t\tfor(int j=1; j<=w; j++){\n\t\t\t\tif(c[i][j]=='.')break;\n\t\t\t\telse {\n\t\t\t\t\tif(c[i-1][j]!='#' && c[i+1][j]!='#' && c[i][j-1]!='#' && c[i][j+1]!='#'){\n\t\t\t\t\t\tbl=false;\n\t\t\t\t\t\tbreak;\n\t\t\t\t\t}\n\t\t\t\t}\n\t\t\t}\n\t\t}\n\t\tSystem.out.println(bl==true? \"Yes\" : \"No\");\n\t}\n}",
            "covered_code": "To predict the code coverage for the given Java program and test case input, let's develop a plan for step by step execution:\n\n**Test Case Input:**\n3\n4\n....\n.#..\n....\n\n**Plan:**\n\n1. **Import statements**: Import statements for Scanner and Arrays will be executed. Statements like `import java.util.Scanner;` and `import java.util.Arrays;` will be covered.\n\n2. **Class Declaration**: The declaration of the Main class is always executed.\n\n3. **Main method declaration**: This is always executed.\n\n4. **User Input and Program Output**:\n   - Scanner object creation and reading integer inputs for `h` and `w` will be executed.\n   - The creation of `String` array `s` and `char` array `c` will be executed.\n   - Arrays.fill method to fill the `c` array with '.' will be executed.\n   - Reading the grid input into `s` and copying to `c` will be executed as part of the loops.\n\n5. **For loop for reading and copying grid**: The loop for reading grid strings and copying them into the `c` array will be executed.\n\n6. **Nested for loops for checking condition**: The nested for loops for checking if a '#' character has no adjacent '#' characters will be executed.\n\n7. **If-else condition inside the nested loop**:\n    - The check for `if(c[i][j]=='.')break;` will be executed and since the first cell in the input grid is '.', it will cause a break from the inner loop.\n    - The else condition will eventually be reached when the character '#' is encountered at `c[2][2]`.\n\n8. **Condition check for adjacent '#' characters**: When examining cell `c[2][2]` (which contains '#'), the program checks its adjacent cells. Since all adjacent cells to `c[2][2]` contain '.', the condition `if(c[i-1][j]!='#' && c[i+1][j]!='#' && c[i][j-1]!='#' && c[i][j+1]!='#')` will be true, setting `bl` to false.\n\n9. **Final Output**: Since `bl` is set to false, the program will print \"No\".\n\n10. **Closing Scanner**: This is always executed at the end of the program.\n\n**Predicted Code Coverage:**\n\n```\n> public class Main{\n> \tpublic static void main(String[] args){\n> \t\tScanner sc = new Scanner(System.in);\n> \t\tint h = sc.nextInt();\n> \t\tint w = sc.nextInt();\n> \t\tString[] s = new String[h];\n> \t\tchar[][] c = new char[h+2][w+2];\n> \t\tArrays.fill(c, '.');\n> \t\tfor(int i=0; i<h; i++){\n> \t\t\ts[i] = sc.next();\n> \t\t\tfor(int j=0; j<w; j++){\n> \t\t\t\tc[i+1][j+1] = s[i].charAt(j);\n> \t\t\t}\n> \t\t}\n> \t\tboolean bl = true;\n> \t\tfor(int i=1; i<=h; i++){\n> \t\t\tfor(int j=1; j<=w; j++){\n> \t\t\t\tif(c[i][j]=='.')break;\n> \t\t\t\telse {\n> \t\t\t\t\tif(c[i-1][j]!='#' && c[i+1][j]!='#' && c[i][j-1]!='#' && c[i][j+1]!='#'){\n> \t\t\t\t\t\tbl=false;\n> \t\t\t\t\t\tbreak;\n> \t\t\t\t\t}\n> \t\t\t\t}\n> \t\t\t}\n> \t\t}\n> \t\tSystem.out.println(bl==true? \"Yes\" : \"No\");\n> \t}\n> }\n```\n\n**Output:**\n```\nNo\n```\n\nAll lines of the provided program code are executed at least once except for the break statement that exits the loop when a '.' is encountered, which is executed multiple times due to the grid's content.",
            "test_seed_coverage": [
                ">",
                ">",
                ">",
                ">",
                ">",
                ">",
                ">",
                ">",
                ">",
                ">",
                ">",
                ">",
                ">",
                ">",
                ">",
                ">",
                ">",
                ">",
                ">",
                ">",
                ">",
                ">",
                ">",
                ">",
                ">",
                ">",
                ">",
                ">",
                ">"
            ],
            "cumulative_coverage": [
                ">",
                ">",
                ">",
                ">",
                ">",
                ">",
                ">",
                ">",
                ">",
                ">",
                ">",
                ">",
                ">",
                ">",
                ">",
                ">",
                ">",
                ">",
                ">",
                ">",
                ">",
                ">",
                ">",
                ">",
                ">",
                ">",
                ">",
                ">",
                ">"
            ],
            "cerberus_output": "",
            "execution_result": ""
        },
        {
            "test_case": [
                "Test Case Input:\n2\n3\no..\nxox\n"
            ],
            "test_mutations": [
                "Test Case Input:\n2\n3\no..\nxox\n"
            ],
            "initial_code": "public class Main{\n\tpublic static void main(String[] args){\n\t\tScanner sc = new Scanner(System.in);\n\t\tint h = sc.nextInt();\n\t\tint w = sc.nextInt();\n\t\tString[] s = new String[h];\n\t\tchar[][] c = new char[h+2][w+2];\n\t\tArrays.fill(c, '.');\n\t\tfor(int i=0; i<h; i++){\n\t\t\ts[i] = sc.next();\n\t\t\tfor(int j=0; j<w; j++){\n\t\t\t\tc[i+1][j+1] = s[i].charAt(j);\n\t\t\t}\n\t\t}\n\t\tboolean bl = true;\n\t\tfor(int i=1; i<=h; i++){\n\t\t\tfor(int j=1; j<=w; j++){\n\t\t\t\tif(c[i][j]=='.')break;\n\t\t\t\telse {\n\t\t\t\t\tif(c[i-1][j]!='#' && c[i+1][j]!='#' && c[i][j-1]!='#' && c[i][j+1]!='#'){\n\t\t\t\t\t\tbl=false;\n\t\t\t\t\t\tbreak;\n\t\t\t\t\t}\n\t\t\t\t}\n\t\t\t}\n\t\t}\n\t\tSystem.out.println(bl==true? \"Yes\" : \"No\");\n\t}\n}",
            "covered_code": "PLAN for execution of the given Java program with the test case input '2 3\\no..\\nxox\\n':\n\n1. Import statements: Import statements for Scanner and Arrays classes are always executed. Statements \"import java.util.Scanner;\" and \"import java.util.Arrays;\" will be covered.\n\n2. Main Class Declaration: always executed. Statement \"public class Main{\" is covered.\n\n3. Main method declaration: always executed. Statement \"public static void main(String[] args){\" is covered.\n\n4. User Input: always executed. Statements to read the height (`h`) and width (`w`) of the grid, \"int h = sc.nextInt();\" and \"int w = sc.nextInt();\", are covered.\n\n5. Array Initialization: The string array `s` and the character array `c` are always initialized. Statements \"String[] s = new String[h];\" and \"char[][] c = new char[h+2][w+2];\" are covered.\n\n6. Arrays.fill method call: The call to fill the character array `c` with '.', \"Arrays.fill(c, '.');\", is covered.\n\n7. Input Reading Loop: Since `h` is 2, the loop will execute twice to read each line of the grid. Statement \"for(int i=0; i<h; i++){\" and its contents are covered.\n\n8. Nested Loop for Character Assignment: Inside the previous loop, a nested loop assigns characters from the input strings to the `c` array. Statement \"for(int j=0; j<w; j++){\" and its contents are covered.\n\n9. Boolean Variable Initialization: The boolean variable `bl` is initialized to true. Statement \"boolean bl = true;\" is covered.\n\n10. Nested Loops for Character Checking: There are nested loops to check each character in the `c` array if it is surrounded by '#' or not. Statements \"for(int i=1; i<=h; i++){\" and \"for(int j=1; j<=w; j++){\" and their contents are covered.\n\n11. Condition to Break Loop: Inside the nested loops, there is a condition to break if a '.' is encountered. This condition is covered since the input contains '.'.\n\n12. Condition to Update boolean `bl`: The condition to update `bl` to false if a character is not surrounded by '#' is covered because the input grid has such characters.\n\n13. Output Statement: The final output depends on the value of `bl`. Since the grid does not meet the condition for all '#' characters to be surrounded appropriately, `bl` will be set to false, and \"No\" will be printed. Statement \"System.out.println(bl==true? \"Yes\" : \"No\");\" is covered.\n\n14. Closing Brackets: always covered.\n\nBased on the plan, the code coverage for the provided Java program and test case input is:\n\n> import java.util.Scanner;\n> import java.util.Arrays;\n> public class Main{\n> \tpublic static void main(String[] args){\n> \t\tScanner sc = new Scanner(System.in);\n> \t\tint h = sc.nextInt();\n> \t\tint w = sc.nextInt();\n> \t\tString[] s = new String[h];\n> \t\tchar[][] c = new char[h+2][w+2];\n> \t\tArrays.fill(c, '.');\n> \t\tfor(int i=0; i<h; i++){\n> \t\t\ts[i] = sc.next();\n> \t\t\tfor(int j=0; j<w; j++){\n> \t\t\t\tc[i+1][j+1] = s[i].charAt(j);\n> \t\t\t}\n> \t\t}\n> \t\tboolean bl = true;\n> \t\tfor(int i=1; i<=h; i++){\n> \t\t\tfor(int j=1; j<=w; j++){\n> \t\t\t\tif(c[i][j]=='.')break;\n> \t\t\t\telse {\n> \t\t\t\t\tif(c[i-1][j]!='#' && c[i+1][j]!='#' && c[i][j-1]!='#' && c[i][j+1]!='#'){\n> \t\t\t\t\t\tbl=false;\n> \t\t\t\t\t\tbreak;\n> \t\t\t\t\t}\n> \t\t\t\t}\n> \t\t\t}\n> \t\t}\n> \t\tSystem.out.println(bl==true? \"Yes\" : \"No\");\n> \t}\n> }",
            "test_seed_coverage": [
                ">",
                ">",
                ">",
                ">",
                ">",
                ">",
                ">",
                ">",
                ">",
                ">",
                ">",
                ">",
                ">",
                ">",
                ">",
                ">",
                ">",
                ">",
                ">",
                ">",
                ">",
                ">",
                ">",
                ">",
                ">",
                ">",
                ">",
                ">",
                ">",
                ">",
                ">"
            ],
            "cumulative_coverage": [
                ">",
                ">",
                ">",
                ">",
                ">",
                ">",
                ">",
                ">",
                ">",
                ">",
                ">",
                ">",
                ">",
                ">",
                ">",
                ">",
                ">",
                ">",
                ">",
                ">",
                ">",
                ">",
                ">",
                ">",
                ">",
                ">",
                ">",
                ">",
                ">",
                ">",
                ">"
            ],
            "cerberus_output": "",
            "execution_result": ""
        },
        {
            "test_case": [
                "Test Case Input:\n3\n3\n###\n###\n###"
            ],
            "test_mutations": [
                "Test Case Input:\n3\n3\n###\n###\n###"
            ],
            "initial_code": "public class Main{\n\tpublic static void main(String[] args){\n\t\tScanner sc = new Scanner(System.in);\n\t\tint h = sc.nextInt();\n\t\tint w = sc.nextInt();\n\t\tString[] s = new String[h];\n\t\tchar[][] c = new char[h+2][w+2];\n\t\tArrays.fill(c, '.');\n\t\tfor(int i=0; i<h; i++){\n\t\t\ts[i] = sc.next();\n\t\t\tfor(int j=0; j<w; j++){\n\t\t\t\tc[i+1][j+1] = s[i].charAt(j);\n\t\t\t}\n\t\t}\n\t\tboolean bl = true;\n\t\tfor(int i=1; i<=h; i++){\n\t\t\tfor(int j=1; j<=w; j++){\n\t\t\t\tif(c[i][j]=='.')break;\n\t\t\t\telse {\n\t\t\t\t\tif(c[i-1][j]!='#' && c[i+1][j]!='#' && c[i][j-1]!='#' && c[i][j+1]!='#'){\n\t\t\t\t\t\tbl=false;\n\t\t\t\t\t\tbreak;\n\t\t\t\t\t}\n\t\t\t\t}\n\t\t\t}\n\t\t}\n\t\tSystem.out.println(bl==true? \"Yes\" : \"No\");\n\t}\n}",
            "covered_code": "To determine the code coverage for the provided Java program based on the given test case input, we need to follow the plan and analyze each step of the execution. The input provided is:\n\n```\n3\n3\n###\n###\n###\n```\n\nThis indicates a grid of 3x3 where all cells are filled with '#'.\n\nPlan for step by step execution:\n\n1. **Import statements**: Import statements such as `import java.util.Scanner;` and `import java.util.Arrays;` will be covered since they are required for the program execution.\n\n2. **Main class and main method declaration**: This involves the initial setup of the program, including creating a Scanner object for user input. These steps are always executed.\n\n3. **User Input**: The user inputs `h` and `w` followed by `h` strings. These inputs are read and stored accordingly in the program.\n\n4. **Array initialization and filling**: The 2D array `c` is initialized with size `[h+2][w+2]` and filled with '.' to initialize the boundary conditions. Since the array is manipulated based on user inputs, these steps are executed.\n\n5. **Populating the 2D array with input strings**: The loop that reads strings and populates the `c` array will be executed. Each character from the input strings is placed into the `c` array, accounting for the padded boundary.\n\n6. **Checking conditions for '#' characters**: The nested loops and the conditions inside them are executed to check if a '#' character is properly surrounded. Given the inputs, all '#' characters are surrounded by other '#' characters, meaning the condition to set `bl` to `false` is never met.\n\n7. **Output**: The system prints \"Yes\" since `bl` remains `true`, which indicates all '#' characters are properly surrounded according to the program logic.\n\nCode Coverage:\n\n```\n> public class Main{\n> \tpublic static void main(String[] args){\n> \t\tScanner sc = new Scanner(System.in);\n> \t\tint h = sc.nextInt();\n> \t\tint w = sc.nextInt();\n> \t\tString[] s = new String[h];\n> \t\tchar[][] c = new char[h+2][w+2];\n> \t\tArrays.fill(c, '.');\n> \t\tfor(int i=0; i<h; i++){\n> \t\t\ts[i] = sc.next();\n> \t\t\tfor(int j=0; j<w; j++){\n> \t\t\t\tc[i+1][j+1] = s[i].charAt(j);\n> \t\t\t}\n> \t\t}\n> \t\tboolean bl = true;\n> \t\tfor(int i=1; i<=h; i++){\n> \t\t\tfor(int j=1; j<=w; j++){\n> \t\t\t\tif(c[i][j]=='.')break;\n> \t\t\t\telse {\n> \t\t\t\t\tif(c[i-1][j]!='#' && c[i+1][j]!='#' && c[i][j-1]!='#' && c[i][j+1]!='#'){\n> \t\t\t\t\t\tbl=false;\n> \t\t\t\t\t\tbreak;\n> \t\t\t\t\t}\n> \t\t\t\t}\n> \t\t\t}\n> \t\t}\n> \t\tSystem.out.println(bl==true? \"Yes\" : \"No\");\n> \t}\n> }\n```\n\nSince all parts of the code are executed with the given input, there are no lines marked with `!` (not executed). The output of the program with the provided test case will be \"Yes\", as all '#' characters are correctly surrounded by other '#' characters or the boundary (which is treated as '.').",
            "test_seed_coverage": [
                ">",
                ">",
                ">",
                ">",
                ">",
                ">",
                ">",
                ">",
                ">",
                ">",
                ">",
                ">",
                ">",
                ">",
                ">",
                ">",
                ">",
                ">",
                ">",
                ">",
                ">",
                ">",
                ">",
                ">",
                ">",
                ">",
                ">",
                ">",
                ">"
            ],
            "cumulative_coverage": [
                ">",
                ">",
                ">",
                ">",
                ">",
                ">",
                ">",
                ">",
                ">",
                ">",
                ">",
                ">",
                ">",
                ">",
                ">",
                ">",
                ">",
                ">",
                ">",
                ">",
                ">",
                ">",
                ">",
                ">",
                ">",
                ">",
                ">",
                ">",
                ">"
            ],
            "cerberus_output": "",
            "execution_result": ""
        },
        {
            "test_case": [
                "Test Case Input:\n3\n3\n#..\n.#.\n..#"
            ],
            "test_mutations": [
                "Test Case Input:\n3\n3\n#..\n.#.\n..#"
            ],
            "initial_code": "public class Main{\n\tpublic static void main(String[] args){\n\t\tScanner sc = new Scanner(System.in);\n\t\tint h = sc.nextInt();\n\t\tint w = sc.nextInt();\n\t\tString[] s = new String[h];\n\t\tchar[][] c = new char[h+2][w+2];\n\t\tArrays.fill(c, '.');\n\t\tfor(int i=0; i<h; i++){\n\t\t\ts[i] = sc.next();\n\t\t\tfor(int j=0; j<w; j++){\n\t\t\t\tc[i+1][j+1] = s[i].charAt(j);\n\t\t\t}\n\t\t}\n\t\tboolean bl = true;\n\t\tfor(int i=1; i<=h; i++){\n\t\t\tfor(int j=1; j<=w; j++){\n\t\t\t\tif(c[i][j]=='.')break;\n\t\t\t\telse {\n\t\t\t\t\tif(c[i-1][j]!='#' && c[i+1][j]!='#' && c[i][j-1]!='#' && c[i][j+1]!='#'){\n\t\t\t\t\t\tbl=false;\n\t\t\t\t\t\tbreak;\n\t\t\t\t\t}\n\t\t\t\t}\n\t\t\t}\n\t\t}\n\t\tSystem.out.println(bl==true? \"Yes\" : \"No\");\n\t}\n}",
            "covered_code": "Given the test case input and the Java program, let's develop a plan for step by step execution to predict the code coverage. The test case input is:\n```\n3\n3\n#..\n.#.\n..#\n```\n\n### Plan for Step by Step Execution\n\n1. **Import statements**: If there were any import statements such as `import java.util.Scanner;` and `import java.util.Arrays;`, they would always be executed. However, since these are not explicitly written in the snippet provided, we will assume they are implicitly covered for the execution of this program.\n\n2. **Main class and method declaration**: Always executed. Statements like `public class Main{` and `public static void main(String[] args){` are covered.\n\n3. **Variable initialization and Scanner input**: Always executed. Statements for initializing `Scanner`, reading `h` and `w`, and declaring arrays `s` and `c` are covered.\n\n4. **Arrays.fill() method execution**: Since this is part of setting up the `c` array, this statement will be executed. However, it's important to note that `Arrays.fill(c, '.');` does not correctly fill a 2D array, and would cause a compilation error as it's meant for 1D arrays. For the sake of coverage, we will consider the intention was to fill the array and move on.\n\n5. **Filling the grid and characters array**: The loop that reads the strings and fills the `c` array will be executed as per the input.\n\n6. **Checking for isolated `#` characters**: The nested loops and conditions inside them will be executed to check for isolated `#` characters according to the logic provided.\n\n7. **Output**: Based on the condition check, the program prints \"Yes\" or \"No\". This will be executed.\n\n### Predicted Code Coverage\n\nBased on the above plan, here is the code coverage:\n\n```\n> public class Main{\n>    public static void main(String[] args){\n>        Scanner sc = new Scanner(System.in);\n>        int h = sc.nextInt();\n>        int w = sc.nextInt();\n>        String[] s = new String[h];\n>        char[][] c = new char[h+2][w+2];\n!        Arrays.fill(c, '.'); // Incorrect usage for 2D array, but considered for the purpose of execution plan\n>        for(int i=0; i<h; i++){\n>            s[i] = sc.next();\n>            for(int j=0; j<w; j++){\n>                c[i+1][j+1] = s[i].charAt(j);\n>            }\n>        }\n>        boolean bl = true;\n>        for(int i=1; i<=h; i++){\n>            for(int j=1; j<=w; j++){\n>                if(c[i][j]=='.')break;\n>                else {\n>                    if(c[i-1][j]!='#' && c[i+1][j]!='#' && c[i][j-1]!='#' && c[i][j+1]!='#'){\n>                        bl=false;\n>                        break;\n>                    }\n>                }\n>            }\n>        }\n>        System.out.println(bl==true? \"Yes\" : \"No\");\n>    }\n> }\n```\n\n### Note\n- The `Arrays.fill(c, '.');` is a misused statement for 2D arrays and would not execute as intended for filling 2D arrays in Java. This should ideally be replaced with nested loops to fill each cell of the 2D array.\n- Given the logic and input, the program checks if each `'#'` has at least one adjacent `'#'`, but due to the `break` statements, it might not work as expected if the intention was to check all `'#'` characters. The actual coverage and output might thus depend on the exact implementation details and the intended behavior of the program.",
            "test_seed_coverage": [
                ">",
                ">",
                ">",
                ">",
                ">",
                ">",
                ">",
                ">",
                ">",
                ">",
                ">",
                ">",
                ">",
                ">",
                ">",
                ">",
                ">",
                ">",
                ">",
                ">",
                ">",
                ">",
                ">",
                ">",
                ">",
                ">",
                ">",
                ">",
                ">"
            ],
            "cumulative_coverage": [
                ">",
                ">",
                ">",
                ">",
                ">",
                ">",
                ">",
                ">",
                ">",
                ">",
                ">",
                ">",
                ">",
                ">",
                ">",
                ">",
                ">",
                ">",
                ">",
                ">",
                ">",
                ">",
                ">",
                ">",
                ">",
                ">",
                ">",
                ">",
                ">"
            ],
            "cerberus_output": "",
            "execution_result": ""
        },
        {
            "test_case": [
                "Test Case Input:\n3\n3\n...\n...\n..."
            ],
            "test_mutations": [
                "Test Case Input:\n3\n3\n...\n...\n..."
            ],
            "initial_code": "public class Main{\n\tpublic static void main(String[] args){\n\t\tScanner sc = new Scanner(System.in);\n\t\tint h = sc.nextInt();\n\t\tint w = sc.nextInt();\n\t\tString[] s = new String[h];\n\t\tchar[][] c = new char[h+2][w+2];\n\t\tArrays.fill(c, '.');\n\t\tfor(int i=0; i<h; i++){\n\t\t\ts[i] = sc.next();\n\t\t\tfor(int j=0; j<w; j++){\n\t\t\t\tc[i+1][j+1] = s[i].charAt(j);\n\t\t\t}\n\t\t}\n\t\tboolean bl = true;\n\t\tfor(int i=1; i<=h; i++){\n\t\t\tfor(int j=1; j<=w; j++){\n\t\t\t\tif(c[i][j]=='.')break;\n\t\t\t\telse {\n\t\t\t\t\tif(c[i-1][j]!='#' && c[i+1][j]!='#' && c[i][j-1]!='#' && c[i][j+1]!='#'){\n\t\t\t\t\t\tbl=false;\n\t\t\t\t\t\tbreak;\n\t\t\t\t\t}\n\t\t\t\t}\n\t\t\t}\n\t\t}\n\t\tSystem.out.println(bl==true? \"Yes\" : \"No\");\n\t}\n}",
            "covered_code": "Given the provided code snippet and the test case, let's develop a plan for step-by-step execution to predict the code coverage. The test case inputs are not fully specified, so we will proceed based on the structure of the code and common behaviors expected from the inputs provided.\n\n### Plan\n1. **Import Statements**: The code snippet does not show any import statements, but it's assumed that necessary imports for `Scanner` and `Arrays` are included at the beginning of the file. These would always be executed.\n2. **Main Class Declaration**: The declaration of the `Main` class is always executed.\n3. **Main Method Declaration**: The declaration of the `main` method is always executed.\n4. **Scanner and Variable Initialization**: The creation of the `Scanner` object and the reading of `h` and `w` variables are always executed.\n5. **String Array and Char Array Initialization**: The initialization of the `String` array `s` and the `char` array `c` are always executed.\n6. **Filling Char Array with Dots**: The `Arrays.fill` method call to fill the `c` array with dots ('.') will throw an exception because `Arrays.fill` cannot be used directly to fill a multidimensional array. The coverage stops here as the exception is raised.\n   \n### Predicted Code Coverage\n```java\n> public class Main{\n>     public static void main(String[] args){\n>         Scanner sc = new Scanner(System.in);\n>         int h = sc.nextInt();\n>         int w = sc.nextInt();\n>         String[] s = new String[h];\n>         char[][] c = new char[h+2][w+2];\n!         Arrays.fill(c, '.');\n!         for(int i=0; i<h; i++){\n!             s[i] = sc.next();\n!             for(int j=0; j<w; j++){\n!                 c[i+1][j+1] = s[i].charAt(j);\n!             }\n!         }\n!         boolean bl = true;\n!         for(int i=1; i<=h; i++){\n!             for(int j=1; j<=w; j++){\n!                 if(c[i][j]=='.')break;\n!                 else {\n!                     if(c[i-1][j]!='#' && c[i+1][j]!='#' && c[i][j-1]!='#' && c[i][j+1]!='#'){\n!                         bl=false;\n!                         break;\n!                     }\n!                 }\n!             }\n!         }\n!         System.out.println(bl==true? \"Yes\" : \"No\");\n>     }\n> }\n```\n\n### OUTPUT:\nError: IllegalArgumentException\n\n### Explanation:\nThe code tries to fill a multidimensional char array `c` with dots using `Arrays.fill` method, which is incorrect as `Arrays.fill` can only be used directly on single-dimensional arrays. This would likely cause the code to fail to compile or throw an IllegalArgumentException at runtime if somehow the code were to compile. However, without explicit error handling or further context, the primary issue is the misuse of `Arrays.fill`, leading to incorrect assumptions about code execution past this point.",
            "test_seed_coverage": [
                ">",
                ">",
                ">",
                ">",
                ">",
                ">",
                ">",
                ">",
                ">",
                ">",
                ">",
                ">",
                ">",
                ">",
                ">",
                ">",
                ">",
                ">",
                ">",
                ">",
                ">",
                ">",
                ">",
                ">",
                ">",
                ">",
                ">",
                ">",
                ">"
            ],
            "cumulative_coverage": [
                ">",
                ">",
                ">",
                ">",
                ">",
                ">",
                ">",
                ">",
                ">",
                ">",
                ">",
                ">",
                ">",
                ">",
                ">",
                ">",
                ">",
                ">",
                ">",
                ">",
                ">",
                ">",
                ">",
                ">",
                ">",
                ">",
                ">",
                ">",
                ">"
            ],
            "cerberus_output": "IllegalArgumentException",
            "execution_result": ""
        },
        {
            "test_case": [
                "Test Case Input:\n3\n3\n.#.\n###\n...\n\nTest Case Output:\nYes"
            ],
            "test_mutations": [
                "Test Case Input:\n3\n3\n.#.\n###\n...\n\nTest Case Output:\nYes"
            ],
            "initial_code": "public class Main{\n\tpublic static void main(String[] args){\n\t\tScanner sc = new Scanner(System.in);\n\t\tint h = sc.nextInt();\n\t\tint w = sc.nextInt();\n\t\tString[] s = new String[h];\n\t\tchar[][] c = new char[h+2][w+2];\n\t\tArrays.fill(c, '.');\n\t\tfor(int i=0; i<h; i++){\n\t\t\ts[i] = sc.next();\n\t\t\tfor(int j=0; j<w; j++){\n\t\t\t\tc[i+1][j+1] = s[i].charAt(j);\n\t\t\t}\n\t\t}\n\t\tboolean bl = true;\n\t\tfor(int i=1; i<=h; i++){\n\t\t\tfor(int j=1; j<=w; j++){\n\t\t\t\tif(c[i][j]=='.')break;\n\t\t\t\telse {\n\t\t\t\t\tif(c[i-1][j]!='#' && c[i+1][j]!='#' && c[i][j-1]!='#' && c[i][j+1]!='#'){\n\t\t\t\t\t\tbl=false;\n\t\t\t\t\t\tbreak;\n\t\t\t\t\t}\n\t\t\t\t}\n\t\t\t}\n\t\t}\n\t\tSystem.out.println(bl==true? \"Yes\" : \"No\");\n\t}\n}",
            "covered_code": "Given the test case and the Java program, let's develop a step-by-step execution plan and predict the code coverage accordingly.\n\n### PLAN:\n\n1. **Import Statements and Class Declaration**: The import statements for `Scanner` and `Arrays` utilities, and the class declaration `public class Main{` are always executed.\n\n2. **Main Method Declaration**: Always executed as the entry point of the program.\n\n3. **User Input Handling**: User input for `h` and `w` is read using `Scanner`, so these lines are covered.\n\n4. **Array Initialization**: The initialization of the `String[] s` and `char[][] c` arrays, including the use of `Arrays.fill(c, '.');`, will be executed.\n\n5. **Filling the Arrays**: The loop for reading input strings and filling up the `char` array will be executed for the given `h` value.\n\n6. **Checking Conditions**: The nested loops and conditions inside to check for the specified pattern are fully executed.\n\n7. **Output Statement**: Depending on the evaluation, the final output statement is executed.\n\n8. **Closing Brackets and Scanner**: The closing brackets for loops and methods, and the statement to close the `Scanner` are considered executed.\n\n### Given Test Case Input:\n- `h = 3`, `w = 3`\n- Grid: \n  ```\n  .#.\n  ###\n  ...\n  ```\n\n### Code Coverage Prediction:\n\n```\n> public class Main{\n> \tpublic static void main(String[] args){\n> \t\tScanner sc = new Scanner(System.in);\n> \t\tint h = sc.nextInt();\n> \t\tint w = sc.nextInt();\n> \t\tString[] s = new String[h];\n> \t\tchar[][] c = new char[h+2][w+2];\n> \t\tArrays.fill(c, '.'); // This will not correctly fill a 2D array, but it's considered as executed.\n> \t\tfor(int i=0; i<h; i++){\n> \t\t\ts[i] = sc.next();\n> \t\t\tfor(int j=0; j<w; j++){\n> \t\t\t\tc[i+1][j+1] = s[i].charAt(j);\n> \t\t\t}\n> \t\t}\n> \t\tboolean bl = true;\n> \t\tfor(int i=1; i<=h; i++){\n> \t\t\tfor(int j=1; j<=w; j++){\n> \t\t\t\tif(c[i][j]=='.')break;\n> \t\t\t\telse {\n> \t\t\t\t\tif(c[i-1][j]!='#' && c[i+1][j]!='#' && c[i][j-1]!='#' && c[i][j+1]!='#'){\n> \t\t\t\t\t\tbl=false;\n> \t\t\t\t\t\tbreak;\n> \t\t\t\t\t}\n> \t\t\t\t}\n> \t\t\t}\n> \t\t}\n> \t\tSystem.out.println(bl==true? \"Yes\" : \"No\");\n> \t}\n> }\n```\n\n**Important Clarifications:**\n\n- The `Arrays.fill(c, '.');` statement is conceptually incorrect for filling a 2D array and won't work as intended, but since it's part of the execution, it's marked as executed. Normally, this would require a nested loop to fill each row individually.\n  \n- The `break;` statements in the nested loops might prematurely terminate the inner loop but not the outer one, affecting the overall check logic. However, each statement is still considered executed up to the point of termination. \n\n**Correction for Array Filling:**\n- The code does not include a correct way to fill a 2D array with a default value using `Arrays.fill(c, '.');`. This operation is not valid for 2D arrays in Java and would not compile. The correct approach would involve nested loops to set each cell individually, or initializing the array with the desired values upon declaration if the size and values are known. The execution plan and coverage assume the rest of the program is logically correct and focuses on the coverage of the lines of code executed.",
            "test_seed_coverage": [
                ">",
                ">",
                ">",
                ">",
                ">",
                ">",
                ">",
                ">",
                ">",
                ">",
                ">",
                ">",
                ">",
                ">",
                ">",
                ">",
                ">",
                ">",
                ">",
                ">",
                ">",
                ">",
                ">",
                ">",
                ">",
                ">",
                ">",
                ">",
                ">"
            ],
            "cumulative_coverage": [
                ">",
                ">",
                ">",
                ">",
                ">",
                ">",
                ">",
                ">",
                ">",
                ">",
                ">",
                ">",
                ">",
                ">",
                ">",
                ">",
                ">",
                ">",
                ">",
                ">",
                ">",
                ">",
                ">",
                ">",
                ">",
                ">",
                ">",
                ">",
                ">"
            ],
            "cerberus_output": "",
            "execution_result": ""
        },
        {
            "test_case": [
                "Test Case Input:\n2\n3\nab\ncd"
            ],
            "test_mutations": [
                "Test Case Input:\n2\n3\nab\ncd"
            ],
            "initial_code": "public class Main{\n\tpublic static void main(String[] args){\n\t\tScanner sc = new Scanner(System.in);\n\t\tint h = sc.nextInt();\n\t\tint w = sc.nextInt();\n\t\tString[] s = new String[h];\n\t\tchar[][] c = new char[h+2][w+2];\n\t\tArrays.fill(c, '.');\n\t\tfor(int i=0; i<h; i++){\n\t\t\ts[i] = sc.next();\n\t\t\tfor(int j=0; j<w; j++){\n\t\t\t\tc[i+1][j+1] = s[i].charAt(j);\n\t\t\t}\n\t\t}\n\t\tboolean bl = true;\n\t\tfor(int i=1; i<=h; i++){\n\t\t\tfor(int j=1; j<=w; j++){\n\t\t\t\tif(c[i][j]=='.')break;\n\t\t\t\telse {\n\t\t\t\t\tif(c[i-1][j]!='#' && c[i+1][j]!='#' && c[i][j-1]!='#' && c[i][j+1]!='#'){\n\t\t\t\t\t\tbl=false;\n\t\t\t\t\t\tbreak;\n\t\t\t\t\t}\n\t\t\t\t}\n\t\t\t}\n\t\t}\n\t\tSystem.out.println(bl==true? \"Yes\" : \"No\");\n\t}\n}",
            "covered_code": "To provide a step-by-step plan for execution of the provided Java program and to predict its code coverage based on the given test case input \"2\\n3\\nab\\ncd\", follow the outlined plan below:\n\n### Plan for Execution:\n\n1. **Initialization and Input Reading:**\n    - Import statements for `Scanner` and `Arrays` are executed.\n    - `Main` class declaration and `main` method declaration are executed.\n    - Input reading statements are executed: `int h = sc.nextInt();` and `int w = sc.nextInt();` to read `h=2` and `w=3`.\n\n2. **Array Initialization:**\n    - String array `s` and character 2D array `c` are initialized based on the inputs.\n    - `Arrays.fill(c, '.');` attempts to fill the 2D array `c` with '.', but this operation is incorrect for a 2D array and should result in an ArrayStoreException. Thus, this part of the plan cannot proceed as expected.\n\n3. **Filling the 2D Array:**\n    - For loop to read strings and fill the `c` array is executed until the exception is encountered in the step before.\n\n4. **Validation Loop:**\n    - The nested loops intended to validate the pattern in the 2D array `c` will not be executed due to the premature termination of the program from the exception in step 2.\n\n5. **Output:**\n    - The final print statement is not executed due to the premature termination of the program.\n\n### Predicted Code Coverage:\n\n```\n> public class Main{\n> \tpublic static void main(String[] args){\n> \t\tScanner sc = new Scanner(System.in);\n> \t\tint h = sc.nextInt();\n> \t\tint w = sc.nextInt();\n> \t\tString[] s = new String[h];\n> \t\tchar[][] c = new char[h+2][w+2];\n! \t\tArrays.fill(c, '.');\n! \t\tfor(int i=0; i<h; i++){\n! \t\t\ts[i] = sc.next();\n! \t\t\tfor(int j=0; j<w; j++){\n! \t\t\t\tc[i+1][j+1] = s[i].charAt(j);\n! \t\t\t}\n! \t\t}\n! \t\tboolean bl = true;\n! \t\tfor(int i=1; i<=h; i++){\n! \t\t\tfor(int j=1; j<=w; j++){\n! \t\t\t\tif(c[i][j]=='.')break;\n! \t\t\t\telse {\n! \t\t\t\t\tif(c[i-1][j]!='#' && c[i+1][j]!='#' && c[i][j-1]!='#' && c[i][j+1]!='#'){\n! \t\t\t\t\t\tbl=false;\n! \t\t\t\t\t\tbreak;\n! \t\t\t\t\t}\n! \t\t\t\t}\n! \t\t\t}\n! \t\t}\n! \t\tSystem.out.println(bl==true? \"Yes\" : \"No\");\n> \t}\n> }\n```\n\n**OUTPUT:**\n- Error: `ArrayStoreException` due to incorrect use of `Arrays.fill(c, '.');` on a 2D array.\n\n### Correction in Plan:\n- The revealed incorrect assumption was the use of `Arrays.fill()` directly on a 2D array, which is not supported as it expects an object of the same type as the array's components. In practice, this part of the plan is flawed, and for a code snippet like this without the said error, each `c[i]` (being a 1D char array) would need to be individually filled in a loop, not using `Arrays.fill(c, '.')` directly on a 2D array.",
            "test_seed_coverage": [
                ">",
                ">",
                ">",
                ">",
                ">",
                ">",
                ">",
                ">",
                ">",
                ">",
                ">",
                ">",
                ">",
                ">",
                ">",
                ">",
                ">",
                ">",
                ">",
                ">",
                ">",
                ">",
                ">",
                ">",
                ">",
                ">",
                ">",
                ">",
                ">"
            ],
            "cumulative_coverage": [
                ">",
                ">",
                ">",
                ">",
                ">",
                ">",
                ">",
                ">",
                ">",
                ">",
                ">",
                ">",
                ">",
                ">",
                ">",
                ">",
                ">",
                ">",
                ">",
                ">",
                ">",
                ">",
                ">",
                ">",
                ">",
                ">",
                ">",
                ">",
                ">"
            ],
            "cerberus_output": "ArrayStoreException",
            "execution_result": ""
        },
        {
            "test_case": [
                "Test Case Input:\n3\n3\nA.B\nCDE\nFGH"
            ],
            "test_mutations": [
                "Test Case Input:\n3\n3\nA.B\nCDE\nFGH"
            ],
            "initial_code": "public class Main{\n\tpublic static void main(String[] args){\n\t\tScanner sc = new Scanner(System.in);\n\t\tint h = sc.nextInt();\n\t\tint w = sc.nextInt();\n\t\tString[] s = new String[h];\n\t\tchar[][] c = new char[h+2][w+2];\n\t\tArrays.fill(c, '.');\n\t\tfor(int i=0; i<h; i++){\n\t\t\ts[i] = sc.next();\n\t\t\tfor(int j=0; j<w; j++){\n\t\t\t\tc[i+1][j+1] = s[i].charAt(j);\n\t\t\t}\n\t\t}\n\t\tboolean bl = true;\n\t\tfor(int i=1; i<=h; i++){\n\t\t\tfor(int j=1; j<=w; j++){\n\t\t\t\tif(c[i][j]=='.')break;\n\t\t\t\telse {\n\t\t\t\t\tif(c[i-1][j]!='#' && c[i+1][j]!='#' && c[i][j-1]!='#' && c[i][j+1]!='#'){\n\t\t\t\t\t\tbl=false;\n\t\t\t\t\t\tbreak;\n\t\t\t\t\t}\n\t\t\t\t}\n\t\t\t}\n\t\t}\n\t\tSystem.out.println(bl==true? \"Yes\" : \"No\");\n\t}\n}",
            "covered_code": "To predict the code coverage for the provided Java program with the given test input, we'll follow the plan outlined in the example, breaking down the program's execution step by step according to the input `3 3 A.B CDE FGH`. \n\n1. **Import statements and Class Declaration**: They are always executed, so statements importing `Scanner` and `Arrays`, and the class declaration `public class Main{` are covered.\n\n2. **Main Method Declaration**: Always executed. Statement `public static void main(String[] args){` is covered.\n\n3. **User Input and Program Output**: The statements for reading input using `Scanner` are executed as part of the program's flow. Statements for creating `Scanner` object, reading integers `h` and `w`, and initializing arrays `s` and `c` are covered.\n\n4. **Arrays.fill Execution**: Statement `Arrays.fill(c, '.');` is executed to fill the `c` array with `'.'`.\n\n5. **First For Loop Execution**: The first for-loop that reads strings into `s` and populates the `c` array is executed for `h` iterations. All statements inside this loop are executed.\n\n6. **Boolean Variable Declaration**: The statement `boolean bl = true;` is executed.\n\n7. **Second For Loop Execution (Nested For Loop)**: This loop checks each cell in the `c` array except the padded border, looking for isolated `'#'` characters. Given the provided inputs, all statements inside this loop are executed. However, the `break` statements may or may not be executed based on the conditionals. The loop iterates through the given characters, and since there are no `'#'` characters, the `if` condition `if(c[i][j]=='.')break;` will never be true, and the inner break is never reached. The condition `if(c[i-1][j]!='#' && c[i+1][j]!='#' && c[i][j-1]!='#' && c[i][j+1]!='#'){` will also not be satisfied since there are no `'#'` characters.\n\n8. **Output Statement**: The final output statement `System.out.println(bl==true? \"Yes\" : \"No\");` is executed.\n\nGiven this plan, here is the code coverage:\n\n```\n> public class Main{\n> \tpublic static void main(String[] args){\n> \t\tScanner sc = new Scanner(System.in);\n> \t\tint h = sc.nextInt();\n> \t\tint w = sc.nextInt();\n> \t\tString[] s = new String[h];\n> \t\tchar[][] c = new char[h+2][w+2];\n> \t\tArrays.fill(c, '.');\n> \t\tfor(int i=0; i<h; i++){\n> \t\t\ts[i] = sc.next();\n> \t\t\tfor(int j=0; j<w; j++){\n> \t\t\t\tc[i+1][j+1] = s[i].charAt(j);\n> \t\t\t}\n> \t\t}\n> \t\tboolean bl = true;\n> \t\tfor(int i=1; i<=h; i++){\n> \t\t\tfor(int j=1; j<=w; j++){\n> \t\t\t\tif(c[i][j]=='.')break;\n> \t\t\t\telse {\n> \t\t\t\t\tif(c[i-1][j]!='#' && c[i+1][j]!='#' && c[i][j-1]!='#' && c[i][j+1]!='#'){\n> \t\t\t\t\t\tbl=false;\n> \t\t\t\t\t\tbreak;\n> \t\t\t\t\t}\n> \t\t\t\t}\n> \t\t\t}\n> \t\t}\n> \t\tSystem.out.println(bl==true? \"Yes\" : \"No\");\n> \t}\n> }\n```\n\nAll statements in the provided code are executed except for the `break;` statements within the nested `for` loops, as there are no `'#'` characters in the input to trigger the conditions leading to `break;`. Thus, those specific `break;` statements are the only ones not covered. The code coverage analysis assumes correct syntax for importing `Scanner` and `Arrays` libraries, which were not explicitly included in the snippet but are implicitly required for the program to compile and run as described.",
            "test_seed_coverage": [
                ">",
                ">",
                ">",
                ">",
                ">",
                ">",
                ">",
                ">",
                ">",
                ">",
                ">",
                ">",
                ">",
                ">",
                ">",
                ">",
                ">",
                ">",
                ">",
                ">",
                ">",
                ">",
                ">",
                ">",
                ">",
                ">",
                ">",
                ">",
                ">"
            ],
            "cumulative_coverage": [
                ">",
                ">",
                ">",
                ">",
                ">",
                ">",
                ">",
                ">",
                ">",
                ">",
                ">",
                ">",
                ">",
                ">",
                ">",
                ">",
                ">",
                ">",
                ">",
                ">",
                ">",
                ">",
                ">",
                ">",
                ">",
                ">",
                ">",
                ">",
                ">"
            ],
            "cerberus_output": "",
            "execution_result": ""
        }
    ]
}