{
    "submission_id": "s045854584",
    "cycles": [
        {
            "test_case": [
                "Test Case Input:\n3\n1 2\n3 4\n5 6\n0"
            ],
            "test_mutations": [
                "Test Case Input:\n3\n1 2\n3 4\n5 6\n0"
            ],
            "initial_code": "public class Main{\n\tpublic static void main(String[] args){\n\t\tScanner sc = new Scanner(System.in);\n\t\tArrayList<Integer> list = new ArrayList<Integer>();\n\t\twhile(true){\n\t\t\tint L = sc.nextInt();\n\t\t\tif(L == 0)break;\n\t\t\tint sum = 0;\n\t\t\tint count = 0;\n\t\t\tboolean is = true;\n\t\t\twhile(L >= sum){\n\t\t\t\tcount++;\n\t\t\t\tif(count > 12){\n\t\t\t\t\tis = false;\n\t\t\t\t\tbreak;\n\t\t\t\t}\n\t\t\t\tsum += sc.nextInt() - sc.nextInt();\n\t\t\t}\n\t\t\tif(is)list.add(count);\n\t\t\telse  list.add(0);\n\t\t}\n\t\tfor(int i = 0; i < list.size(); i++){\n\t\t\tif(list.get(i) == 0)System.out.println(\"NA\");\n\t\t\telse System.out.println(list.get(i));\n\t\t}\n\t}\n}",
            "covered_code": "For the provided Java program and test case input, we will develop a plan for step-by-step execution and predict the code coverage accordingly.\n\n**Test Case Input:** 3 1 2 3 4 5 6 0\n\n**PLAN for step by step execution:**\n\n1. **Import statements and class declaration**: Since these are part of the program structure, they are always executed. Statements like `import java.util.Scanner;` and `import java.util.ArrayList;` along with class declaration `public class Main{` are covered.\n\n2. **Main method declaration**: Always executed. Statement `public static void main(String[] args){` is covered.\n\n3. **Scanner and ArrayList initialization**: These statements are executed as they are part of the main method and are responsible for reading input and storing the results. Statements `Scanner sc = new Scanner(System.in);` and `ArrayList<Integer> list = new ArrayList<Integer>();` are covered.\n\n4. **While loop for reading L (until L == 0)**: Given the test case inputs, this loop will execute for the inputs before 0 is encountered. Statement `while(true){` is covered.\n\n5. **Reading the L value and breaking if 0**: Since the test case includes a 0 at the end, the statement `int L = sc.nextInt();` will be executed multiple times and `if(L == 0)break;` will eventually break the loop. Both statements are covered.\n\n6. **Inner while loop and logic**: For each L value before 0, this loop will execute, accumulating sum and incrementing count. Statements within the inner while loop including `while(L >= sum){`, `count++;`, `if(count > 12){`, `is = false;`, `break;`, and `sum += sc.nextInt() - sc.nextInt();` will be executed. However, the condition `count > 12` will never be true given the inputs, so the lines inside that if condition will not be executed.\n\n7. **Adding results to the list**: Depending on the `is` flag, either `count` or `0` will be added to the list. Since `count > 12` condition is never met based on the inputs provided, `list.add(count);` will always be executed, and `list.add(0);` is not covered.\n\n8. **Printing the results**: The for loop to print results will execute for every element in the list. Statements `for(int i = 0; i < list.size(); i++){`, `if(list.get(i) == 0)System.out.println(\"NA\");`, and `else System.out.println(list.get(i));` are covered.\n\nBased on the above plan, here is the code coverage:\n\n```\n> public class Main{\n>     public static void main(String[] args){\n>         Scanner sc = new Scanner(System.in);\n>         ArrayList<Integer> list = new ArrayList<Integer>();\n>         while(true){\n>             int L = sc.nextInt();\n>             if(L == 0)break;\n>             int sum = 0;\n>             int count = 0;\n>             boolean is = true;\n>             while(L >= sum){\n>                 count++;\n!                 if(count > 12){\n!                     is = false;\n!                     break;\n>                 }\n>                 sum += sc.nextInt() - sc.nextInt();\n>             }\n>             if(is)list.add(count);\n!             else  list.add(0);\n>         }\n>         for(int i = 0; i < list.size(); i++){\n>             if(list.get(i) == 0)System.out.println(\"NA\");\n>             else System.out.println(list.get(i));\n>         }\n>     }\n> }\n```\n\n**Output for the given inputs:**\n- Since the condition for `count > 12` is never met with the provided input, the related statements are not executed. \n- Also, since the flag `is` never turns false based on the inputs, `list.add(0);` is not executed.",
            "test_seed_coverage": [
                ">",
                ">",
                ">",
                ">",
                ">",
                ">",
                ">",
                ">",
                ">",
                ">",
                ">",
                ">",
                "!",
                "!",
                "!",
                ">",
                ">",
                ">",
                ">",
                "!",
                ">",
                ">",
                ">",
                ">",
                ">",
                ">",
                ">"
            ],
            "cumulative_coverage": [
                ">",
                ">",
                ">",
                ">",
                ">",
                ">",
                ">",
                ">",
                ">",
                ">",
                ">",
                ">",
                "!",
                "!",
                "!",
                ">",
                ">",
                ">",
                ">",
                "!",
                ">",
                ">",
                ">",
                ">",
                ">",
                ">",
                ">"
            ],
            "execution_error": "Exception in thread \"main\" java.util.NoSuchElementException\n\tat java.base/java.util.Scanner.throwFor(Scanner.java:945)\n\tat java.base/java.util.Scanner.next(Scanner.java:1602)\n\tat java.base/java.util.Scanner.nextInt(Scanner.java:2267)\n\tat java.base/java.util.Scanner.nextInt(Scanner.java:2221)\n\tat Main.main(Main.java:19)",
            "cerberus_output": "",
            "execution_result": "NoSuchElementException"
        },
        {
            "test_case": [
                "Test Case Input:\n0"
            ],
            "test_mutations": [
                "Test Case Input:\n0"
            ],
            "initial_code": "public class Main{\n\tpublic static void main(String[] args){\n\t\tScanner sc = new Scanner(System.in);\n\t\tArrayList<Integer> list = new ArrayList<Integer>();\n\t\twhile(true){\n\t\t\tint L = sc.nextInt();\n\t\t\tif(L == 0)break;\n\t\t\tint sum = 0;\n\t\t\tint count = 0;\n\t\t\tboolean is = true;\n\t\t\twhile(L >= sum){\n\t\t\t\tcount++;\n\t\t\t\tif(count > 12){\n\t\t\t\t\tis = false;\n\t\t\t\t\tbreak;\n\t\t\t\t}\n\t\t\t\tsum += sc.nextInt() - sc.nextInt();\n\t\t\t}\n\t\t\tif(is)list.add(count);\n\t\t\telse  list.add(0);\n\t\t}\n\t\tfor(int i = 0; i < list.size(); i++){\n\t\t\tif(list.get(i) == 0)System.out.println(\"NA\");\n\t\t\telse System.out.println(list.get(i));\n\t\t}\n\t}\n}",
            "covered_code": "Given the provided test case input \"0\" for the Java program, the plan for step-by-step execution and the prediction of the code coverage is as follows:\n\n1. **Import Statements:** The program implicitly requires import statements for `Scanner` and `ArrayList`. These are always executed. Statements like `import java.util.Scanner;` and `import java.util.ArrayList;` would be covered if they were explicitly included in the code snippet provided.\n\n2. **Class Declaration:** The declaration of the `Main` class is always executed. Statement `public class Main{` is covered.\n\n3. **Main Method Declaration:** The declaration of the `main` method is always executed. Statement `public static void main(String[] args){` is covered.\n\n4. **Scanner and ArrayList Initialization:** The creation of the `Scanner` object and the `ArrayList` object are always executed. Statements `Scanner sc = new Scanner(System.in);` and `ArrayList<Integer> list = new ArrayList<Integer>();` are covered.\n\n5. **Infinite Loop Start:** The `while(true)` loop is entered. Statement `while(true){` is covered.\n\n6. **First User Input and Condition:** Given the test input \"0\", the program reads it with `int L = sc.nextInt();`. Since `L == 0`, the loop breaks immediately. Statements `int L = sc.nextInt();` and `if(L == 0)break;` are covered.\n\n7. **Loop Exit and Output Loop:** Since the condition to break out of the loop is met immediately, none of the inner loop statements and conditions are executed. Thus, statements within the inner `while` loop and the `if-else` constructs inside it are not covered. The program then moves to the output loop.\n\n8. **Output Loop:** The output loop is executed. However, since `L` was `0` and caused an immediate break from the input loop, the `ArrayList` remains empty, and the loop for output is not entered. Statement `for(int i = 0; i < list.size(); i++){` is covered but not entered, as `list.size()` is `0`.\n\n9. **Closing Brackets and End of Program:** Closing brackets are syntactical and considered covered upon successful compilation and execution.\n\nBased on the plan, the predicted code coverage is:\n\n```\n> public class Main{\n> \tpublic static void main(String[] args){\n> \t\tScanner sc = new Scanner(System.in);\n> \t\tArrayList<Integer> list = new ArrayList<Integer>();\n> \t\twhile(true){\n> \t\t\tint L = sc.nextInt();\n> \t\t\tif(L == 0)break;\n! \t\t\tint sum = 0;\n! \t\t\tint count = 0;\n! \t\t\tboolean is = true;\n! \t\t\twhile(L >= sum){\n! \t\t\t\tcount++;\n! \t\t\t\tif(count > 12){\n! \t\t\t\t\tis = false;\n! \t\t\t\t\tbreak;\n! \t\t\t\t}\n! \t\t\t\tsum += sc.nextInt() - sc.nextInt();\n! \t\t\t}\n! \t\t\tif(is)list.add(count);\n! \t\t\telse  list.add(0);\n> \t\t}\n> \t\tfor(int i = 0; i < list.size(); i++){\n! \t\t\tif(list.get(i) == 0)System.out.println(\"NA\");\n! \t\t\telse System.out.println(list.get(i));\n> \t\t}\n> \t}\n> }\n```\n\nNote: Statements marked with `!` are not executed due to the immediate break from the loop after receiving the input \"0\". The output section's loop is considered, but no iterations are performed due to the empty list.",
            "test_seed_coverage": [
                ">",
                ">",
                ">",
                ">",
                ">",
                ">",
                ">",
                ">",
                ">",
                ">",
                ">",
                ">",
                "!",
                "!",
                "!",
                ">",
                ">",
                ">",
                ">",
                "!",
                ">",
                ">",
                ">",
                ">",
                ">",
                ">",
                ">"
            ],
            "cumulative_coverage": [
                ">",
                ">",
                ">",
                ">",
                ">",
                ">",
                ">",
                ">",
                ">",
                ">",
                ">",
                ">",
                "!",
                "!",
                "!",
                ">",
                ">",
                ">",
                ">",
                "!",
                ">",
                ">",
                ">",
                ">",
                ">",
                ">",
                ">"
            ],
            "execution_output": "",
            "cerberus_output": "",
            "execution_result": ""
        },
        {
            "test_case": [
                "Test Case Input:\n4\n5 3\n2 1\n6 4\n0"
            ],
            "test_mutations": [
                "Test Case Input:\n4\n5 3\n2 1\n6 4\n0"
            ],
            "initial_code": "public class Main{\n\tpublic static void main(String[] args){\n\t\tScanner sc = new Scanner(System.in);\n\t\tArrayList<Integer> list = new ArrayList<Integer>();\n\t\twhile(true){\n\t\t\tint L = sc.nextInt();\n\t\t\tif(L == 0)break;\n\t\t\tint sum = 0;\n\t\t\tint count = 0;\n\t\t\tboolean is = true;\n\t\t\twhile(L >= sum){\n\t\t\t\tcount++;\n\t\t\t\tif(count > 12){\n\t\t\t\t\tis = false;\n\t\t\t\t\tbreak;\n\t\t\t\t}\n\t\t\t\tsum += sc.nextInt() - sc.nextInt();\n\t\t\t}\n\t\t\tif(is)list.add(count);\n\t\t\telse  list.add(0);\n\t\t}\n\t\tfor(int i = 0; i < list.size(); i++){\n\t\t\tif(list.get(i) == 0)System.out.println(\"NA\");\n\t\t\telse System.out.println(list.get(i));\n\t\t}\n\t}\n}",
            "covered_code": "Based on the provided Java program and test case input, let's develop a plan for step-by-step execution to predict the code coverage.\n\nTest Case Input: 4 5 3 2 1 6 4 0\n\nPLAN for step by step execution:\n\n1. Import statements: Import statements for Scanner and ArrayList are always executed.\n\n2. Class Declaration: always executed. Statement \"public class Main{\" is covered.\n\n3. Main method declaration: always executed.\n\n4. User Input and Program Output: The creation of Scanner and ArrayList objects are always executed.\n\n5. While loop for reading L: This loop will continue until a 0 is input. Given the input, this loop will iterate 4 times.\n\n6. Reading L and checking if it equals 0: Since the inputs contain 4, 2, 6, and finally 0, the loop will break on the last input of 0. All these statements are executed.\n\n7. Inner while loop for calculating sum: This loop will execute for each non-zero L until the sum exceeds L.\n\n8. If condition to check count > 12: Given none of the inputs will cause count to exceed 12, this condition will not execute to true, thus its associated break statement will not execute.\n\n9. Adding to the list: For each input set before 0, a value (count or 0) is added to the list based on the loop logic.\n\n10. Final for loop for output: This will iterate equal to the number of elements added to the list, printing each element or \"NA\" if the element is 0.\n\nNow, based on the execution plan, let's predict the code coverage:\n\n> public class Main{\n>     public static void main(String[] args){\n>         Scanner sc = new Scanner(System.in);\n>         ArrayList<Integer> list = new ArrayList<Integer>();\n>         while(true){\n>             int L = sc.nextInt();\n>             if(L == 0)break;\n>             int sum = 0;\n>             int count = 0;\n>             boolean is = true;\n>             while(L >= sum){\n>                 count++;\n>                 if(count > 12){\n!                     is = false;\n!                     break;\n>                 }\n>                 sum += sc.nextInt() - sc.nextInt();\n>             }\n>             if(is)list.add(count);\n>             else  list.add(0);\n>         }\n>         for(int i = 0; i < list.size(); i++){\n>             if(list.get(i) == 0)System.out.println(\"NA\");\n>             else System.out.println(list.get(i));\n>         }\n>     }\n> }\n\nThe lines associated with the if condition checking if count > 12 and its break statement are not executed since the count does not exceed 12 based on the given input. All other lines are executed according to the plan.\n\nOUTPUT: The program will not raise a runtime exception with the given input. It will correctly process the inputs and exit when a 0 is entered, printing the counts or \"NA\" as per the logic defined.",
            "test_seed_coverage": [
                ">",
                ">",
                ">",
                ">",
                ">",
                ">",
                ">",
                ">",
                ">",
                ">",
                ">",
                ">",
                ">",
                "!",
                "!",
                ">",
                ">",
                ">",
                ">",
                ">",
                ">",
                ">",
                ">",
                ">",
                ">",
                ">",
                ">"
            ],
            "cumulative_coverage": [
                ">",
                ">",
                ">",
                ">",
                ">",
                ">",
                ">",
                ">",
                ">",
                ">",
                ">",
                ">",
                ">",
                "!",
                "!",
                ">",
                ">",
                ">",
                ">",
                ">",
                ">",
                ">",
                ">",
                ">",
                ">",
                ">",
                ">"
            ],
            "execution_output": "3",
            "cerberus_output": "",
            "execution_result": ""
        },
        {
            "test_case": [
                "Test Case Input:\n5\n10 2\n8 3\n6 1\n4 0\n0"
            ],
            "test_mutations": [
                "Test Case Input:\n5\n10 2\n8 3\n6 1\n4 0\n0"
            ],
            "initial_code": "public class Main{\n\tpublic static void main(String[] args){\n\t\tScanner sc = new Scanner(System.in);\n\t\tArrayList<Integer> list = new ArrayList<Integer>();\n\t\twhile(true){\n\t\t\tint L = sc.nextInt();\n\t\t\tif(L == 0)break;\n\t\t\tint sum = 0;\n\t\t\tint count = 0;\n\t\t\tboolean is = true;\n\t\t\twhile(L >= sum){\n\t\t\t\tcount++;\n\t\t\t\tif(count > 12){\n\t\t\t\t\tis = false;\n\t\t\t\t\tbreak;\n\t\t\t\t}\n\t\t\t\tsum += sc.nextInt() - sc.nextInt();\n\t\t\t}\n\t\t\tif(is)list.add(count);\n\t\t\telse  list.add(0);\n\t\t}\n\t\tfor(int i = 0; i < list.size(); i++){\n\t\t\tif(list.get(i) == 0)System.out.println(\"NA\");\n\t\t\telse System.out.println(list.get(i));\n\t\t}\n\t}\n}",
            "covered_code": "Given the provided test case input and Java program, let's develop a plan for step-by-step execution and predict the code coverage:\n\n**Test Case Input:**\n`5 10 2 8 3 6 1 4 0 0`\n\n**Java Program:**\n```java\nimport java.util.Scanner;\nimport java.util.ArrayList;\n\npublic class Main{\n    public static void main(String[] args){\n        Scanner sc = new Scanner(System.in);\n        ArrayList<Integer> list = new ArrayList<Integer>();\n        while(true){\n            int L = sc.nextInt();\n            if(L == 0)break;\n            int sum = 0;\n            int count = 0;\n            boolean is = true;\n            while(L >= sum){\n                count++;\n                if(count > 12){\n                    is = false;\n                    break;\n                }\n                sum += sc.nextInt() - sc.nextInt();\n            }\n            if(is)list.add(count);\n            else  list.add(0);\n        }\n        for(int i = 0; i < list.size(); i++){\n            if(list.get(i) == 0)System.out.println(\"NA\");\n            else System.out.println(list.get(i));\n        }\n    }\n}\n```\n\n**Execution Plan:**\n\n1. Import statements: Always executed. Statements `import java.util.Scanner;` and `import java.util.ArrayList;` will be covered.\n\n2. Class Declaration: Always executed. Statement `public class Main{` is covered.\n\n3. Main method declaration: Always executed. Statement `public static void main(String[] args){` is covered.\n\n4. Initialization of Scanner and ArrayList: Always executed. Statements `Scanner sc = new Scanner(System.in);` and `ArrayList<Integer> list = new ArrayList<Integer>();` will be covered.\n\n5. The first while loop (infinite loop looking for `L == 0` to break): Since the last input is `0`, it will eventually break out of the loop, but not before processing all previous inputs. Thus, statements within this loop are executed for each input until `0`.\n\n6. Reading `L` and checking if it's `0`: These statements will be executed multiple times until `L` is `0`. The statement `if(L == 0)break;` is covered.\n\n7. Nested while loop (`while(L >= sum)`): This loop will execute for each non-zero `L` value provided in the input, adjusting `sum` and `count` accordingly. All statements within this loop are covered.\n\n8. Checking if `count > 12`: This condition will not be satisfied with the given inputs, so the `if` branch inside the nested while loop will not be executed.\n\n9. Adding `count` or `0` to the list: Based on the conditions, either `count` or `0` will be added to the list for each non-zero `L`. These statements are covered.\n\n10. The final for loop to print the list contents: This loop will execute for each element in the list, printing either the count or \"NA\". All statements within this loop are covered.\n\n11. Closing Brackets and end of the program: Always covered.\n\n**Predicted Code Coverage:**\n\n```\n> import java.util.Scanner;\n> import java.util.ArrayList;\n> public class Main{\n>     public static void main(String[] args){\n>         Scanner sc = new Scanner(System.in);\n>         ArrayList<Integer> list = new ArrayList<Integer>();\n>         while(true){\n>             int L = sc.nextInt();\n>             if(L == 0)break;\n>             int sum = 0;\n>             int count = 0;\n>             boolean is = true;\n>             while(L >= sum){\n>                 count++;\n!                 if(count > 12){\n!                     is = false;\n!                     break;\n>                 }\n>                 sum += sc.nextInt() - sc.nextInt();\n>             }\n>             if(is)list.add(count);\n>             else list.add(0);\n>         }\n>         for(int i = 0; i < list.size(); i++){\n>             if(list.get(i) == 0)System.out.println(\"NA\");\n>             else System.out.println(list.get(i));\n>         }\n>     }\n> }\n```\n\n**Summary:**\nGiven the specific input, all parts of the code except for the condition where `count > 12` are executed, which indicates high code coverage for the given test case input.",
            "test_seed_coverage": [
                ">",
                ">",
                ">",
                ">",
                ">",
                ">",
                ">",
                ">",
                ">",
                ">",
                ">",
                ">",
                ">",
                ">",
                "!",
                ">",
                ">",
                ">",
                ">",
                ">",
                ">",
                ">",
                ">",
                ">",
                ">",
                ">",
                ">",
                ">",
                ">"
            ],
            "cumulative_coverage": [
                ">",
                ">",
                ">",
                ">",
                ">",
                ">",
                ">",
                ">",
                ">",
                ">",
                ">",
                ">",
                ">",
                ">",
                "!",
                ">",
                ">",
                ">",
                ">",
                ">",
                ">",
                ">",
                ">",
                ">",
                ">",
                ">",
                ">",
                ">",
                ">"
            ],
            "execution_error": "Exception in thread \"main\" java.util.NoSuchElementException\n\tat java.base/java.util.Scanner.throwFor(Scanner.java:945)\n\tat java.base/java.util.Scanner.next(Scanner.java:1602)\n\tat java.base/java.util.Scanner.nextInt(Scanner.java:2267)\n\tat java.base/java.util.Scanner.nextInt(Scanner.java:2221)\n\tat Main.main(Main.java:19)",
            "cerberus_output": "",
            "execution_result": "NoSuchElementException"
        },
        {
            "test_case": [
                "Test Case Input:\n0"
            ],
            "test_mutations": [
                "Test Case Input:\n0"
            ],
            "initial_code": "public class Main{\n\tpublic static void main(String[] args){\n\t\tScanner sc = new Scanner(System.in);\n\t\tArrayList<Integer> list = new ArrayList<Integer>();\n\t\twhile(true){\n\t\t\tint L = sc.nextInt();\n\t\t\tif(L == 0)break;\n\t\t\tint sum = 0;\n\t\t\tint count = 0;\n\t\t\tboolean is = true;\n\t\t\twhile(L >= sum){\n\t\t\t\tcount++;\n\t\t\t\tif(count > 12){\n\t\t\t\t\tis = false;\n\t\t\t\t\tbreak;\n\t\t\t\t}\n\t\t\t\tsum += sc.nextInt() - sc.nextInt();\n\t\t\t}\n\t\t\tif(is)list.add(count);\n\t\t\telse  list.add(0);\n\t\t}\n\t\tfor(int i = 0; i < list.size(); i++){\n\t\t\tif(list.get(i) == 0)System.out.println(\"NA\");\n\t\t\telse System.out.println(list.get(i));\n\t\t}\n\t}\n}",
            "covered_code": "Given the provided test case input and the Java program, let's develop a plan for step by step execution and predict the code coverage:\n\n### Test Case Input:\n```\n0\n```\n\n### Plan for Execution:\n\n1. **Import statements**: If there are import statements (e.g., `import java.util.Scanner;` and `import java.util.ArrayList;`), they are always executed. These statements will be covered.\n\n2. **Class Declaration**: The class declaration `public class Main {` is always executed.\n\n3. **Main method declaration**: The declaration `public static void main(String[] args) {` is always executed.\n\n4. **Scanner and ArrayList initialization**: The statements initializing the Scanner `Scanner sc = new Scanner(System.in);` and the ArrayList `ArrayList<Integer> list = new ArrayList<Integer>();` are always executed.\n\n5. **First while loop (infinite loop)**: The condition for this loop is `true`, so it will always execute. However, it breaks when `L == 0`. Since the test case input is `0`, the loop will break on the first iteration after executing the condition check and the `if` statement to check for `L == 0`.\n\n6. **Break statement execution**: The break statement `if(L == 0)break;` will be executed given the test case input.\n\n7. **Skipping the inner while loop and `if` conditions**: Since the input leads to a break in the outer while loop, the inner while loop and the subsequent `if` conditions inside it are not executed.\n\n8. **For loop for printing list elements**: The for loop `for(int i = 0; i < list.size(); i++) {` will be executed. However, since no elements have been added to the list due to the break, the loop's body may not execute depending on whether the list addition happens before the break or not.\n\n9. **Condition inside the for loop**: Given that no elements are added to the list, the loop's body, including the `if` condition, may not execute.\n\n10. **Closing brackets and end of the program**: These are always considered executed as they denote the closure of blocks.\n\n### Predicted Code Coverage:\n\n> `public class Main{`\n>\n> `public static void main(String[] args){`\n>\n> `Scanner sc = new Scanner(System.in);`\n>\n> `ArrayList<Integer> list = new ArrayList<Integer>();`\n>\n> `while(true){`\n>\n> `int L = sc.nextInt();`\n>\n> `if(L == 0)break;`\n> \n> `int sum = 0;`\n> \n> `int count = 0;`\n> \n> `boolean is = true;`\n> \n! `while(L >= sum){`\n> \n! `count++;`\n> \n! `if(count > 12){`\n> \n! `is = false;`\n> \n! `break;`\n> \n! `}`\n> \n! `sum += sc.nextInt() - sc.nextInt();`\n> \n! `}`\n> \n! `if(is)list.add(count);`\n> \n! `else  list.add(0);`\n> \n> `}`\n> \n> `for(int i = 0; i < list.size(); i++){`\n> \n! `if(list.get(i) == 0)System.out.println(\"NA\");`\n> \n! `else System.out.println(list.get(i));`\n> \n> `}`\n> \n> `}`\n\nGiven the input, the inner while loop and its contents, as well as the conditions for adding to the list and printing the list elements, are not executed. The actual execution might slightly differ based on how the break condition affects the flow (e.g., whether it allows for any addition to the list before breaking). However, as per the given input, the most immediate interpretation suggests these lines do not execute because the break condition is met immediately.",
            "test_seed_coverage": [
                ">",
                ">",
                ">",
                ">",
                ">",
                ">",
                ">",
                ">",
                ">",
                ">",
                ">",
                ">",
                ">",
                ">",
                ">",
                ">",
                ">",
                ">",
                ">",
                ">",
                ">",
                ">",
                ">",
                ">",
                ">",
                ">",
                ">",
                ">",
                ">",
                ">",
                "!",
                ">",
                "!",
                ">",
                "!",
                ">",
                "!",
                ">",
                "!",
                ">",
                ">",
                ">",
                ">",
                ">",
                "!",
                ">",
                "!",
                ">",
                ">",
                ">",
                ">"
            ],
            "cumulative_coverage": [
                ">",
                ">",
                ">",
                ">",
                ">",
                ">",
                ">",
                ">",
                ">",
                ">",
                ">",
                ">",
                ">",
                ">",
                ">",
                ">",
                ">",
                ">",
                ">",
                ">",
                ">",
                ">",
                ">",
                ">",
                ">",
                ">",
                ">",
                ">",
                ">",
                ">",
                "!",
                ">",
                "!",
                ">",
                "!",
                ">",
                "!",
                ">",
                "!",
                ">",
                ">",
                ">",
                ">",
                ">",
                "!",
                ">",
                "!",
                ">",
                ">",
                ">",
                ">"
            ],
            "execution_output": "",
            "cerberus_output": "",
            "execution_result": ""
        },
        {
            "test_case": [
                "Test Case Input:\n5\n0\n1\n2\n3\n4"
            ],
            "test_mutations": [
                "Test Case Input:\n5\n0\n1\n2\n3\n4"
            ],
            "initial_code": "public class Main{\n\tpublic static void main(String[] args){\n\t\tScanner sc = new Scanner(System.in);\n\t\tArrayList<Integer> list = new ArrayList<Integer>();\n\t\twhile(true){\n\t\t\tint L = sc.nextInt();\n\t\t\tif(L == 0)break;\n\t\t\tint sum = 0;\n\t\t\tint count = 0;\n\t\t\tboolean is = true;\n\t\t\twhile(L >= sum){\n\t\t\t\tcount++;\n\t\t\t\tif(count > 12){\n\t\t\t\t\tis = false;\n\t\t\t\t\tbreak;\n\t\t\t\t}\n\t\t\t\tsum += sc.nextInt() - sc.nextInt();\n\t\t\t}\n\t\t\tif(is)list.add(count);\n\t\t\telse  list.add(0);\n\t\t}\n\t\tfor(int i = 0; i < list.size(); i++){\n\t\t\tif(list.get(i) == 0)System.out.println(\"NA\");\n\t\t\telse System.out.println(list.get(i));\n\t\t}\n\t}\n}",
            "covered_code": "Given the test case input `5 0 1 2 3 4`, let's develop a plan for step-by-step execution of the provided Java program and predict the code coverage.\n\n1. **Import Statements**: The code snippet provided does not show import statements, but we can assume that `import java.util.Scanner;` and `import java.util.ArrayList;` will be executed since they are necessary for the program to compile and run.\n2. **Class Declaration**: The declaration of the `Main` class is always executed.\n3. **Main Method Declaration**: The declaration of the `public static void main(String[] args)` method is always executed.\n4. **Scanner and ArrayList Initialization**: The statements initializing the `Scanner` and `ArrayList` are always executed.\n5. **While Loop for Reading Input**: Since the first input `L` is `5`, the loop will start. This loop will continue until a `0` is read as input for `L`.\n6. **Inner Sum Calculation Loop**: For each non-zero `L`, an inner loop calculates the sum of differences between pairs of integers read from input.\n7. **Condition Check for `is` and Adding to List**: Depending on whether `count` exceeds `12` or the sum condition is met first, `is` will determine what value is added to the list: either `count` or `0`.\n8. **Output Loop**: After breaking out of the main input loop when `L == 0`, the program iterates over the list and prints each value or \"NA\" if the value is `0`.\n9. **Closing Brackets and Method Ends**: These are always considered executed as they denote the end of blocks and methods.\n\nGiven the input `5 0 1 2 3 4`, the execution plan would be as follows:\n\n- The first input `5` leads to one iteration of the outer loop, and subsequent inputs `0 1 2 3 4` are used within this iteration. Since `0` is not reached within this iteration (it's the value of `L` for the next iteration), the program doesn't break out of the loop immediately after starting.\n- The inner loop will execute, reading pairs of numbers and calculating the sum until `L < sum`. Given the inputs do not match the expected pairs for subtraction within the loop (as we only have `5 0 1 2 3 4` with `5` being `L` and no subsequent pairs for subtraction), the execution will not proceed as expected for a meaningful sum calculation and comparison with `L`.\n\nHowever, let's proceed under the assumption that the intention was to describe the code's logic, not the exact match of the input/output behavior with the specific input given:\n\n```\n> import java.util.Scanner;\n> import java.util.ArrayList;\n> public class Main{\n>     public static void main(String[] args){\n>         Scanner sc = new Scanner(System.in);\n>         ArrayList<Integer> list = new ArrayList<Integer>();\n>         while(true){\n>             int L = sc.nextInt();\n>             if(L == 0)break;\n>             int sum = 0;\n>             int count = 0;\n>             boolean is = true;\n>             while(L >= sum){\n>                 count++;\n>                 if(count > 12){\n>                     is = false;\n>                     break;\n>                 }\n>                 sum += sc.nextInt() - sc.nextInt();\n>             }\n>             if(is)list.add(count);\n>             else  list.add(0);\n>         }\n>         for(int i = 0; i < list.size(); i++){\n>             if(list.get(i) == 0)System.out.println(\"NA\");\n>             else System.out.println(list.get(i));\n>         }\n>     }\n> }\n```\nNote: Given the test input does not fully align with the expected program behavior for sum calculations, the detailed execution within the inner sum calculation loop is based on the assumption of meaningful pair inputs for sum calculation.",
            "test_seed_coverage": [
                ">",
                ">",
                ">",
                ">",
                ">",
                ">",
                ">",
                ">",
                ">",
                ">",
                ">",
                ">",
                ">",
                ">",
                ">",
                ">",
                ">",
                ">",
                ">",
                ">",
                ">",
                ">",
                ">",
                ">",
                ">",
                ">",
                ">",
                ">",
                ">"
            ],
            "cumulative_coverage": [
                ">",
                ">",
                ">",
                ">",
                ">",
                ">",
                ">",
                ">",
                ">",
                ">",
                ">",
                ">",
                ">",
                ">",
                ">",
                ">",
                ">",
                ">",
                ">",
                ">",
                ">",
                ">",
                ">",
                ">",
                ">",
                ">",
                ">",
                ">",
                ">"
            ],
            "execution_error": "Exception in thread \"main\" java.util.NoSuchElementException\n\tat java.base/java.util.Scanner.throwFor(Scanner.java:945)\n\tat java.base/java.util.Scanner.next(Scanner.java:1602)\n\tat java.base/java.util.Scanner.nextInt(Scanner.java:2267)\n\tat java.base/java.util.Scanner.nextInt(Scanner.java:2221)\n\tat Main.main(Main.java:19)",
            "cerberus_output": "",
            "execution_result": "NoSuchElementException"
        },
        {
            "test_case": [
                "Test Case Input:\n5\n10 5\n5 3\n2 1\n0\n\nThe test case input has 5 as the length of the sequence, followed by 5 pairs of integers representing the increments and decrements in the sequence. The last input of 0 is used to break out of the while loop and end the program."
            ],
            "test_mutations": [
                "Test Case Input:\n5\n10 5\n5 3\n2 1\n0\n\nThe test case input has 5 as the length of the sequence, followed by 5 pairs of integers representing the increments and decrements in the sequence. The last input of 0 is used to break out of the while loop and end the program."
            ],
            "initial_code": "public class Main{\n\tpublic static void main(String[] args){\n\t\tScanner sc = new Scanner(System.in);\n\t\tArrayList<Integer> list = new ArrayList<Integer>();\n\t\twhile(true){\n\t\t\tint L = sc.nextInt();\n\t\t\tif(L == 0)break;\n\t\t\tint sum = 0;\n\t\t\tint count = 0;\n\t\t\tboolean is = true;\n\t\t\twhile(L >= sum){\n\t\t\t\tcount++;\n\t\t\t\tif(count > 12){\n\t\t\t\t\tis = false;\n\t\t\t\t\tbreak;\n\t\t\t\t}\n\t\t\t\tsum += sc.nextInt() - sc.nextInt();\n\t\t\t}\n\t\t\tif(is)list.add(count);\n\t\t\telse  list.add(0);\n\t\t}\n\t\tfor(int i = 0; i < list.size(); i++){\n\t\t\tif(list.get(i) == 0)System.out.println(\"NA\");\n\t\t\telse System.out.println(list.get(i));\n\t\t}\n\t}\n}",
            "covered_code": "To predict the code coverage for the given Java program and test case, we'll follow a detailed step-by-step execution plan similar to the example provided:\n\n1. **Import Statements and Class Declaration:** Always executed. Lines involving import statements (for `Scanner` and `ArrayList`) and class declaration (`public class Main{`) are covered.\n\n2. **Main Method Declaration:** Always executed. The declaration line of the main method (`public static void main(String[] args){`) is covered.\n\n3. **Initialization of Scanner and ArrayList:** The creation of `Scanner` and `ArrayList` objects are always executed. Lines `Scanner sc = new Scanner(System.in);` and `ArrayList<Integer> list = new ArrayList<Integer>();` are covered.\n\n4. **First While Loop (Infinite Loop) Execution:** The first `while(true){` loop is always entered. It checks for the condition to break out of the loop, which depends on user input.\n\n5. **Reading `L` and Breaking Condition:** The first input is read (`int L = sc.nextInt();`). Since there is a condition to break the loop if `L == 0`, and according to the test case, the last input is `0`, this line and the break statement are covered eventually.\n\n6. **Inner While Loop for Processing Sequence:** Since the inputs involve sequences of increments and decrements, the inner while loop (`while(L >= sum){`) and its contents are executed until the break condition is met due to `L == 0`.\n\n7. **Conditionals and Arithmetic Operations:** The conditions (`if(count > 12){` and `if(is)list.add(count); else list.add(0);`) and arithmetic operations (`sum += sc.nextInt() - sc.nextInt();`) within the loop are executed as part of processing each sequence. Given the test case inputs, these lines are covered.\n\n8. **Output Loop:** The final for-loop (`for(int i = 0; i < list.size(); i++){`) that prints the results is executed after processing all sequences. Since the list will have entries based on the processed sequences, lines within this loop are covered.\n\n9. **Closing Brackets and End of Program:** Always covered as part of the program's structure.\n\nBased on this plan, here's the predicted code coverage:\n\n```\n> public class Main{\n> \tpublic static void main(String[] args){\n> \t\tScanner sc = new Scanner(System.in);\n> \t\tArrayList<Integer> list = new ArrayList<Integer>();\n> \t\twhile(true){\n> \t\t\tint L = sc.nextInt();\n> \t\t\tif(L == 0)break;\n> \t\t\tint sum = 0;\n> \t\t\tint count = 0;\n> \t\t\tboolean is = true;\n> \t\t\twhile(L >= sum){\n> \t\t\t\tcount++;\n> \t\t\t\tif(count > 12){\n> \t\t\t\t\tis = false;\n> \t\t\t\t\tbreak;\n> \t\t\t\t}\n> \t\t\t\tsum += sc.nextInt() - sc.nextInt();\n> \t\t\t}\n> \t\t\tif(is)list.add(count);\n> \t\t\telse  list.add(0);\n> \t\t}\n> \t\tfor(int i = 0; i < list.size(); i++){\n> \t\t\tif(list.get(i) == 0)System.out.println(\"NA\");\n> \t\t\telse System.out.println(list.get(i));\n> \t\t}\n> \t}\n> }\n```\n\nAll lines of the provided Java program are executed given the test case inputs, thereby achieving full code coverage.",
            "test_seed_coverage": [
                ">",
                ">",
                ">",
                ">",
                ">",
                ">",
                ">",
                ">",
                ">",
                ">",
                ">",
                ">",
                ">",
                ">",
                ">",
                ">",
                ">",
                ">",
                ">",
                ">",
                ">",
                ">",
                ">",
                ">",
                ">",
                ">",
                ">"
            ],
            "cumulative_coverage": [
                ">",
                ">",
                ">",
                ">",
                ">",
                ">",
                ">",
                ">",
                ">",
                ">",
                ">",
                ">",
                ">",
                ">",
                ">",
                ">",
                ">",
                ">",
                ">",
                ">",
                ">",
                ">",
                ">",
                ">",
                ">",
                ">",
                ">"
            ],
            "execution_error": "Exception in thread \"main\" java.util.InputMismatchException\n\tat java.base/java.util.Scanner.throwFor(Scanner.java:947)\n\tat java.base/java.util.Scanner.next(Scanner.java:1602)\n\tat java.base/java.util.Scanner.nextInt(Scanner.java:2267)\n\tat java.base/java.util.Scanner.nextInt(Scanner.java:2221)\n\tat Main.main(Main.java:19)",
            "cerberus_output": "",
            "execution_result": "InputMismatchException"
        },
        {
            "test_case": [
                "Test Case Input:\n0"
            ],
            "test_mutations": [
                "Test Case Input:\n0"
            ],
            "initial_code": "public class Main{\n\tpublic static void main(String[] args){\n\t\tScanner sc = new Scanner(System.in);\n\t\tArrayList<Integer> list = new ArrayList<Integer>();\n\t\twhile(true){\n\t\t\tint L = sc.nextInt();\n\t\t\tif(L == 0)break;\n\t\t\tint sum = 0;\n\t\t\tint count = 0;\n\t\t\tboolean is = true;\n\t\t\twhile(L >= sum){\n\t\t\t\tcount++;\n\t\t\t\tif(count > 12){\n\t\t\t\t\tis = false;\n\t\t\t\t\tbreak;\n\t\t\t\t}\n\t\t\t\tsum += sc.nextInt() - sc.nextInt();\n\t\t\t}\n\t\t\tif(is)list.add(count);\n\t\t\telse  list.add(0);\n\t\t}\n\t\tfor(int i = 0; i < list.size(); i++){\n\t\t\tif(list.get(i) == 0)System.out.println(\"NA\");\n\t\t\telse System.out.println(list.get(i));\n\t\t}\n\t}\n}",
            "covered_code": "To predict the code coverage for the given Java program based on the provided test input '0', we need to follow a comprehensive plan for step by step execution. Here's the plan and the subsequent code coverage indication:\n\n1. **Import statements:** Since the code snippet provided does not explicitly show import statements for `Scanner` and `ArrayList`, we assume they are there but not shown. In actual practice, statements like `import java.util.Scanner;` and `import java.util.ArrayList;` would be executed.\n\n2. **Class Declaration:** The declaration of the `Main` class is always executed.\n\n3. **Main method declaration:** The declaration of the `main` method is always executed.\n\n4. **Scanner object creation:** The statement `Scanner sc = new Scanner(System.in);` is executed to create a Scanner object for reading inputs.\n\n5. **ArrayList object creation:** The statement `ArrayList<Integer> list = new ArrayList<Integer>();` is executed to create an ArrayList to store the counts.\n\n6. **While loop for reading inputs:** The first `while(true)` loop will start its execution. Since it's a continuous loop, it relies on a break condition to stop.\n\n7. **Reading the first input `L`:** The statement `int L = sc.nextInt();` is executed, and since our test case input is `0`, `L` will be `0`.\n\n8. **Break condition check:** Given `L == 0`, the break condition `if(L == 0)break;` will be met, and the loop will be exited. \n\n9. **ArrayList traversal and output:** Since `L` was `0`, no elements would have been added to the `list`, so the loop iterating over the `list` size will not execute any iterations.\n\nBased on this plan, let's mark the code coverage:\n\n```java\n> public class Main{\n> \tpublic static void main(String[] args){\n> \t\tScanner sc = new Scanner(System.in);\n> \t\tArrayList<Integer> list = new ArrayList<Integer>();\n> \t\twhile(true){\n> \t\t\tint L = sc.nextInt();\n> \t\t\tif(L == 0)break;\n! \t\t\tint sum = 0;\n! \t\t\tint count = 0;\n! \t\t\tboolean is = true;\n! \t\t\twhile(L >= sum){\n! \t\t\t\tcount++;\n! \t\t\t\tif(count > 12){\n! \t\t\t\t\tis = false;\n! \t\t\t\t\tbreak;\n! \t\t\t\t}\n! \t\t\t\tsum += sc.nextInt() - sc.nextInt();\n! \t\t\t}\n! \t\t\tif(is)list.add(count);\n! \t\t\telse  list.add(0);\n> \t\t}\n! \t\tfor(int i = 0; i < list.size(); i++){\n! \t\t\tif(list.get(i) == 0)System.out.println(\"NA\");\n! \t\t\telse System.out.println(list.get(i));\n> \t\t}\n> \t}\n> }\n```\n**OUTPUT:**\nGiven the input is `0`, the program does not process any addition or subtraction operations, nor does it add any elements to the list. Accordingly, it does not print any output.\n\nThe lines within the first `while` loop related to calculations and the second `while` loop, as well as the `for` loop for output, are not executed because the program breaks out of the loop immediately after reading the input `0`. The lines marked with `!` indicate the statements that were not executed due to the specific input provided.",
            "test_seed_coverage": [
                ">",
                ">",
                ">",
                ">",
                ">",
                ">",
                ">",
                ">",
                ">",
                ">",
                ">",
                ">",
                ">",
                ">",
                ">",
                ">",
                ">",
                ">",
                ">",
                ">",
                ">",
                ">",
                ">",
                ">",
                ">",
                ">",
                ">"
            ],
            "cumulative_coverage": [
                ">",
                ">",
                ">",
                ">",
                ">",
                ">",
                ">",
                ">",
                ">",
                ">",
                ">",
                ">",
                ">",
                ">",
                ">",
                ">",
                ">",
                ">",
                ">",
                ">",
                ">",
                ">",
                ">",
                ">",
                ">",
                ">",
                ">"
            ],
            "execution_output": "",
            "cerberus_output": "",
            "execution_result": ""
        },
        {
            "test_case": [
                "Test Case Input:\n1\n2\n3\n4\n5\n6\n7\n8\n9\n10\n11\n12\n0"
            ],
            "test_mutations": [
                "Test Case Input:\n1\n2\n3\n4\n5\n6\n7\n8\n9\n10\n11\n12\n0"
            ],
            "initial_code": "public class Main{\n\tpublic static void main(String[] args){\n\t\tScanner sc = new Scanner(System.in);\n\t\tArrayList<Integer> list = new ArrayList<Integer>();\n\t\twhile(true){\n\t\t\tint L = sc.nextInt();\n\t\t\tif(L == 0)break;\n\t\t\tint sum = 0;\n\t\t\tint count = 0;\n\t\t\tboolean is = true;\n\t\t\twhile(L >= sum){\n\t\t\t\tcount++;\n\t\t\t\tif(count > 12){\n\t\t\t\t\tis = false;\n\t\t\t\t\tbreak;\n\t\t\t\t}\n\t\t\t\tsum += sc.nextInt() - sc.nextInt();\n\t\t\t}\n\t\t\tif(is)list.add(count);\n\t\t\telse  list.add(0);\n\t\t}\n\t\tfor(int i = 0; i < list.size(); i++){\n\t\t\tif(list.get(i) == 0)System.out.println(\"NA\");\n\t\t\telse System.out.println(list.get(i));\n\t\t}\n\t}\n}",
            "covered_code": "Given the test input and the Java program, let's develop a plan for step by step execution to predict the code coverage:\n\n1. **Import statements**: Assuming the necessary import statements for `Scanner` and `ArrayList` are present but not shown in the snippet. These would always be executed.\n2. **Class Declaration**: The class declaration `public class Main` is always executed.\n3. **Main method declaration**: The `public static void main(String[] args)` method is always executed.\n4. **Initialization**: Statements initializing the Scanner and ArrayList, `Scanner sc = new Scanner(System.in);` and `ArrayList<Integer> list = new ArrayList<Integer>();` are always executed.\n5. **While loop for reading inputs**: The while loop `while(true)` is executed until a `0` input is encountered. Given the test case ends with `0`, the loop will terminate, covering all statements inside at least once.\n6. **Reading L and condition to break**: Given the test inputs, the first input `L` is not `0` until the end, so the loop continues, and the break condition is eventually met.\n7. **Inner while loop**: The condition `L >= sum` allows the inner loop to execute until the sum of inputs (subtracting each pair) exceeds `L`. Given the inputs, this loop is executed with varying counts until `L` is exceeded.\n8. **If-Else condition inside the loop**: Depending on the count and whether it exceeds `12` or not, the condition to set `is` to `false` and break will affect whether `0` or the count value is added to the list. Given the inputs, this logic is tested.\n9. **Adding to the list**: Values are added to the list based on the condition checks, covering the statements `list.add(count);` and `list.add(0);`.\n10. **Final for loop to print results**: This loop iterates over the list and prints each value, covering both the condition check (`if(list.get(i) == 0)`) and the print statements.\n11. **Closing resources**: Assuming a well-written code, it should include `sc.close();` to close the `Scanner`, although it's not shown or may not be considered necessary for a simple program like this.\n\nBased on this plan, let's predict the code coverage:\n\n```java\n> public class Main{\n> \tpublic static void main(String[] args){\n> \t\tScanner sc = new Scanner(System.in);\n> \t\tArrayList<Integer> list = new ArrayList<Integer>();\n> \t\twhile(true){\n> \t\t\tint L = sc.nextInt();\n> \t\t\tif(L == 0)break;\n> \t\t\tint sum = 0;\n> \t\t\tint count = 0;\n> \t\t\tboolean is = true;\n> \t\t\twhile(L >= sum){\n> \t\t\t\tcount++;\n> \t\t\t\tif(count > 12){\n> \t\t\t\t\tis = false;\n> \t\t\t\t\tbreak;\n> \t\t\t\t}\n> \t\t\t\tsum += sc.nextInt() - sc.nextInt();\n> \t\t\t}\n> \t\t\tif(is)list.add(count);\n> \t\t\telse  list.add(0);\n> \t\t}\n> \t\tfor(int i = 0; i < list.size(); i++){\n> \t\t\tif(list.get(i) == 0)System.out.println(\"NA\");\n> \t\t\telse System.out.println(list.get(i));\n> \t\t}\n> \t}\n> }\n```\n\nGiven the test case and the plan, all statements within the program are executed at least once. Thus, there are no lines of code marked with `!` indicating unexecuted statements.",
            "test_seed_coverage": [
                ">",
                ">",
                ">",
                ">",
                ">",
                ">",
                ">",
                ">",
                ">",
                ">",
                ">",
                ">",
                ">",
                ">",
                ">",
                ">",
                ">",
                ">",
                ">",
                ">",
                ">",
                ">",
                ">",
                ">",
                ">",
                ">",
                ">"
            ],
            "cumulative_coverage": [
                ">",
                ">",
                ">",
                ">",
                ">",
                ">",
                ">",
                ">",
                ">",
                ">",
                ">",
                ">",
                ">",
                ">",
                ">",
                ">",
                ">",
                ">",
                ">",
                ">",
                ">",
                ">",
                ">",
                ">",
                ">",
                ">",
                ">"
            ],
            "execution_error": "Exception in thread \"main\" java.util.NoSuchElementException\n\tat java.base/java.util.Scanner.throwFor(Scanner.java:945)\n\tat java.base/java.util.Scanner.next(Scanner.java:1602)\n\tat java.base/java.util.Scanner.nextInt(Scanner.java:2267)\n\tat java.base/java.util.Scanner.nextInt(Scanner.java:2221)\n\tat Main.main(Main.java:8)",
            "cerberus_output": "",
            "execution_result": "NoSuchElementException"
        },
        {
            "test_case": [
                "Test Case Input:\n5\n10 5\n8 2\n6 3\n4 1\n0"
            ],
            "test_mutations": [
                "Test Case Input:\n5\n10 5\n8 2\n6 3\n4 1\n0"
            ],
            "initial_code": "public class Main{\n\tpublic static void main(String[] args){\n\t\tScanner sc = new Scanner(System.in);\n\t\tArrayList<Integer> list = new ArrayList<Integer>();\n\t\twhile(true){\n\t\t\tint L = sc.nextInt();\n\t\t\tif(L == 0)break;\n\t\t\tint sum = 0;\n\t\t\tint count = 0;\n\t\t\tboolean is = true;\n\t\t\twhile(L >= sum){\n\t\t\t\tcount++;\n\t\t\t\tif(count > 12){\n\t\t\t\t\tis = false;\n\t\t\t\t\tbreak;\n\t\t\t\t}\n\t\t\t\tsum += sc.nextInt() - sc.nextInt();\n\t\t\t}\n\t\t\tif(is)list.add(count);\n\t\t\telse  list.add(0);\n\t\t}\n\t\tfor(int i = 0; i < list.size(); i++){\n\t\t\tif(list.get(i) == 0)System.out.println(\"NA\");\n\t\t\telse System.out.println(list.get(i));\n\t\t}\n\t}\n}",
            "covered_code": "**PLAN for step by step execution of the given java program and test case:**\n\n1. **Import Statements Execution**: Import statements for `Scanner` and `ArrayList` are always executed. Statements `import java.util.Scanner;` and `import java.util.ArrayList;` will be covered.\n   \n2. **Class Declaration**: Always executed. Statement `public class Main{` is covered.\n\n3. **Main Method Declaration**: Always executed. Statement `public static void main(String[] args){` is covered.\n\n4. **Initialization of Scanner and ArrayList**: Statements `Scanner sc = new Scanner(System.in);` and `ArrayList<Integer> list = new ArrayList<Integer>();` are always executed.\n\n5. **Infinite While Loop Execution**: Since the loop condition is `true`, the loop will start executing.\n\n6. **User Input for L (Length)**: The first input `5` will be taken by `int L = sc.nextInt();`. This loop continues until `L` is `0`.\n\n7. **Inner While Loop Execution and Conditionals**: For a valid `L`, the program enters another while loop where it calculates `sum` and `count` based on inputs for subtraction operations. This loop and its contents are executed multiple times based on the conditions (`L >= sum` and `count > 12`).\n\n8. **Breaking Out of Loops**: Once `L` becomes `0`, the first while loop breaks.\n\n9. **Output Execution**: For each entry in `list`, the program checks if it is `0` and prints `\"NA\"`; otherwise, it prints the value of the count. All these statements are executed.\n\n10. **Closing Brackets and End of Program**: Always covered.\n\n**Predicting the Code Coverage:**\n\n> import java.util.Scanner;\n> import java.util.ArrayList;\n> public class Main{\n>     public static void main(String[] args){\n>         Scanner sc = new Scanner(System.in);\n>         ArrayList<Integer> list = new ArrayList<Integer>();\n>         while(true){\n>             int L = sc.nextInt();\n>             if(L == 0) break;\n>             int sum = 0;\n>             int count = 0;\n>             boolean is = true;\n>             while(L >= sum){\n>                 count++;\n>                 if(count > 12){\n>                     is = false;\n>                     break;\n>                 }\n>                 sum += sc.nextInt() - sc.nextInt();\n>             }\n>             if(is) list.add(count);\n>             else list.add(0);\n>         }\n>         for(int i = 0; i < list.size(); i++){\n>             if(list.get(i) == 0) System.out.println(\"NA\");\n>             else System.out.println(list.get(i));\n>         }\n>     }\n> }\n\nSince the input and the control structures dictate the flow, all parts of the program will be executed as per the test case until `L` is `0`. There is no unexecuted part based on the given test case, ensuring full coverage of the conditional and loop constructs up to the point where the program naturally terminates its input loop by receiving `L` as `0`.",
            "test_seed_coverage": [
                ">",
                ">",
                ">",
                ">",
                ">",
                ">",
                ">",
                ">",
                ">",
                ">",
                ">",
                ">",
                ">",
                ">",
                ">",
                ">",
                ">",
                ">",
                ">",
                ">",
                ">",
                ">",
                ">",
                ">",
                ">",
                ">",
                ">",
                ">",
                ">"
            ],
            "cumulative_coverage": [
                ">",
                ">",
                ">",
                ">",
                ">",
                ">",
                ">",
                ">",
                ">",
                ">",
                ">",
                ">",
                ">",
                ">",
                ">",
                ">",
                ">",
                ">",
                ">",
                ">",
                ">",
                ">",
                ">",
                ">",
                ">",
                ">",
                ">",
                ">",
                ">"
            ],
            "execution_error": "Exception in thread \"main\" java.util.NoSuchElementException\n\tat java.base/java.util.Scanner.throwFor(Scanner.java:945)\n\tat java.base/java.util.Scanner.next(Scanner.java:1602)\n\tat java.base/java.util.Scanner.nextInt(Scanner.java:2267)\n\tat java.base/java.util.Scanner.nextInt(Scanner.java:2221)\n\tat Main.main(Main.java:19)",
            "cerberus_output": "",
            "execution_result": "NoSuchElementException"
        },
        {
            "test_case": [
                "Test Case Input:\n5\n10 5\n8 7\n6 4\n3 2\n0"
            ],
            "test_mutations": [
                "Test Case Input:\n5\n10 5\n8 7\n6 4\n3 2\n0"
            ],
            "initial_code": "public class Main{\n\tpublic static void main(String[] args){\n\t\tScanner sc = new Scanner(System.in);\n\t\tArrayList<Integer> list = new ArrayList<Integer>();\n\t\twhile(true){\n\t\t\tint L = sc.nextInt();\n\t\t\tif(L == 0)break;\n\t\t\tint sum = 0;\n\t\t\tint count = 0;\n\t\t\tboolean is = true;\n\t\t\twhile(L >= sum){\n\t\t\t\tcount++;\n\t\t\t\tif(count > 12){\n\t\t\t\t\tis = false;\n\t\t\t\t\tbreak;\n\t\t\t\t}\n\t\t\t\tsum += sc.nextInt() - sc.nextInt();\n\t\t\t}\n\t\t\tif(is)list.add(count);\n\t\t\telse  list.add(0);\n\t\t}\n\t\tfor(int i = 0; i < list.size(); i++){\n\t\t\tif(list.get(i) == 0)System.out.println(\"NA\");\n\t\t\telse System.out.println(list.get(i));\n\t\t}\n\t}\n}",
            "covered_code": "To predict the code coverage for the given Java program with the specified test case input, we'll follow the execution plan step by step. \n\nTest Case Input:\n5\n10 5\n8 7\n6 4\n3 2\n0\n\nGiven Java Program:\n```java\nimport java.util.Scanner; // Assume this import is present for Scanner\nimport java.util.ArrayList; // Assume this import is present for ArrayList\n\npublic class Main{\n\tpublic static void main(String[] args){\n\t\tScanner sc = new Scanner(System.in);\n\t\tArrayList<Integer> list = new ArrayList<Integer>();\n\t\twhile(true){\n\t\t\tint L = sc.nextInt();\n\t\t\tif(L == 0) break;\n\t\t\tint sum = 0;\n\t\t\tint count = 0;\n\t\t\tboolean is = true;\n\t\t\twhile(L >= sum){\n\t\t\t\tcount++;\n\t\t\t\tif(count > 12){\n\t\t\t\t\tis = false;\n\t\t\t\t\tbreak;\n\t\t\t\t}\n\t\t\t\tsum += sc.nextInt() - sc.nextInt();\n\t\t\t}\n\t\t\tif(is) list.add(count);\n\t\t\telse list.add(0);\n\t\t}\n\t\tfor(int i = 0; i < list.size(); i++){\n\t\t\tif(list.get(i) == 0) System.out.println(\"NA\");\n\t\t\telse System.out.println(list.get(i));\n\t\t}\n\t}\n}\n```\n\n**Execution Plan and Code Coverage:**\n\n1. **Imports:** The import statements for Scanner and ArrayList classes are executed as they are required to compile the program.\n   > import java.util.Scanner;\n   > import java.util.ArrayList;\n\n2. **Class Declaration:** The declaration of the Main class is always executed.\n   > public class Main{\n\n3. **Main Method Declaration:** The declaration of the `main` method is always executed.\n   > public static void main(String[] args){\n\n4. **Scanner and ArrayList Initialization:** The creation of the Scanner object `sc` and the ArrayList `list` are executed.\n   > Scanner sc = new Scanner(System.in);\n   > ArrayList<Integer> list = new ArrayList<Integer>();\n\n5. **While Loop for Reading Input:** The while loop continues until a `0` is read. For each non-zero `L`, the loop's body is executed.\n   > while(true){\n\n6. **Reading `L` and Processing:** For the given test case, `L` is read multiple times (5, 10, 8, 6, 3, 0). The loop terminates with `0`.\n   > int L = sc.nextInt();\n   > if(L == 0) break;\n\n7. **Inner While Loop for Each `L`:** The inner while loop processes pairs of integers until `L < sum`.\n   > while(L >= sum){\n\n8. **Condition Check for `count > 12`:** This condition is never true for the given inputs.\n   > if(count > 12){\n\n9. **Sum Calculation:** Sum is updated with the difference of pairs of integers read.\n   > sum += sc.nextInt() - sc.nextInt();\n\n10. **Adding to List:** Based on the value of `is`, either `count` or `0` is added to `list`. Given the inputs, `is` remains `true` and `count` values are added.\n    > if(is) list.add(count);\n    > else list.add(0);\n\n11. **Printing the Results:** The for-loop for printing results executes for each element in `list`.\n    > for(int i = 0; i < list.size(); i++){\n\n12. **Printing Logic:** Depending on the value in `list`, either `NA` or the value of `count` is printed. Given the inputs, `NA` is never printed.\n    > if(list.get(i) == 0) System.out.println(\"NA\");\n    > else System.out.println(list.get(i));\n\n**Final Code Coverage:**\n\n- All the import statements and class/method declarations are covered.\n- The main logic, including loops and conditionals, is covered except the condition that checks for `count > 12` which is never true for the given inputs.\n- The condition for printing `NA` is also not covered because `list` does not contain any `0` values for the given inputs.\n\n**Coverage Summary:**\n> import java.util.Scanner;\n> import java.util.ArrayList;\n> public class Main{\n> public static void main(String[] args){\n> Scanner sc = new Scanner(System.in);\n> ArrayList<Integer> list = new ArrayList<Integer>();\n> while(true){\n> int L = sc.nextInt();\n> if(L == 0) break;\n> int sum = 0;\n> int count = 0;\n> boolean is = true;\n> while(L >= sum){\n> count++;\n! if(count > 12){\n> sum += sc.nextInt() - sc.nextInt();\n> }\n> if(is) list.add(count);\n> else list.add(0);\n> }\n> for(int i = 0; i < list.size(); i++){\n! if(list.get(i) == 0) System.out.println(\"NA\");\n> else System.out.println(list.get(i));\n> }\n\n**Output:**\n- The program does not produce an exception but prints the number of pairs read for each `L` until `L < sum` or until the input `0` is encountered, breaking the loop.",
            "test_seed_coverage": [
                ">",
                ">",
                ">",
                ">",
                ">",
                ">",
                ">",
                ">",
                ">",
                ">",
                ">",
                ">",
                ">",
                ">",
                ">",
                ">",
                ">",
                ">",
                ">",
                ">",
                ">",
                ">",
                ">",
                ">",
                ">",
                ">",
                ">",
                ">",
                ">",
                ">",
                ">",
                "!",
                ">",
                ">",
                ">",
                ">",
                ">",
                ">",
                "!",
                ">",
                ">"
            ],
            "cumulative_coverage": [
                ">",
                ">",
                ">",
                ">",
                ">",
                ">",
                ">",
                ">",
                ">",
                ">",
                ">",
                ">",
                ">",
                ">",
                ">",
                ">",
                ">",
                ">",
                ">",
                ">",
                ">",
                ">",
                ">",
                ">",
                ">",
                ">",
                ">",
                ">",
                ">",
                ">",
                ">",
                "!",
                ">",
                ">",
                ">",
                ">",
                ">",
                ">",
                "!",
                ">",
                ">"
            ],
            "execution_error": "Exception in thread \"main\" java.util.NoSuchElementException\n\tat java.base/java.util.Scanner.throwFor(Scanner.java:945)\n\tat java.base/java.util.Scanner.next(Scanner.java:1602)\n\tat java.base/java.util.Scanner.nextInt(Scanner.java:2267)\n\tat java.base/java.util.Scanner.nextInt(Scanner.java:2221)\n\tat Main.main(Main.java:19)",
            "cerberus_output": "",
            "execution_result": "NoSuchElementException"
        },
        {
            "test_case": [
                "Test Case Input:\n5 4 3 2 1 0\n\nThis test case input will result in an ArrayIndexOutOfBoundsException because the loop condition `while(L >= sum)` will never be satisfied, causing the loop to continue indefinitely and eventually exceed the bounds of the input array."
            ],
            "test_mutations": [
                "Test Case Input:\n5 4 3 2 1 0\n\nThis test case input will result in an ArrayIndexOutOfBoundsException because the loop condition `while(L >= sum)` will never be satisfied, causing the loop to continue indefinitely and eventually exceed the bounds of the input array."
            ],
            "initial_code": "public class Main{\n\tpublic static void main(String[] args){\n\t\tScanner sc = new Scanner(System.in);\n\t\tArrayList<Integer> list = new ArrayList<Integer>();\n\t\twhile(true){\n\t\t\tint L = sc.nextInt();\n\t\t\tif(L == 0)break;\n\t\t\tint sum = 0;\n\t\t\tint count = 0;\n\t\t\tboolean is = true;\n\t\t\twhile(L >= sum){\n\t\t\t\tcount++;\n\t\t\t\tif(count > 12){\n\t\t\t\t\tis = false;\n\t\t\t\t\tbreak;\n\t\t\t\t}\n\t\t\t\tsum += sc.nextInt() - sc.nextInt();\n\t\t\t}\n\t\t\tif(is)list.add(count);\n\t\t\telse  list.add(0);\n\t\t}\n\t\tfor(int i = 0; i < list.size(); i++){\n\t\t\tif(list.get(i) == 0)System.out.println(\"NA\");\n\t\t\telse System.out.println(list.get(i));\n\t\t}\n\t}\n}",
            "covered_code": "Given the described test case input and the JAVA PROGRAM, let's develop a plan for step by step execution and predict the code coverage based on the given inputs.\n\nPlan for step by step execution:\n1. Import statements and Class Declaration: Always executed. Statements including \"import java.util.Scanner;\" and \"import java.util.ArrayList;\" along with \"public class Main{\" are covered.\n2. Main method declaration: Always executed. Statement \"public static void main(String[] args){\" is covered.\n3. Initialization of Scanner and ArrayList: Always executed. Statements \"Scanner sc = new Scanner(System.in);\" and \"ArrayList<Integer> list = new ArrayList<Integer>();\" are covered.\n4. While loop for input: The condition is true because it's an infinite loop until a break statement is encountered. Statement \"while(true){\" is covered.\n5. Reading the first input value (L): Always executed within the loop until L equals 0. Statement \"int L = sc.nextInt();\" is covered.\n6. Break condition check: Since the test input does not include a 0 until the end of the input, the break condition \"if(L == 0)break;\" is eventually covered but not immediately.\n7. Inner while loop for sum calculation: The condition \"while(L >= sum){\" is always true for the given test case, making this statement covered. However, due to the nature of the test case, this loop leads to an ArrayIndexOutOfBoundsException.\n8. Incrementing count and modifying sum: The increment \"count++;\" and the sum update \"sum += sc.nextInt() - sc.nextInt();\" inside the while loop are covered until an exception is thrown.\n9. The check for count > 12 and setting is to false: This is executed and covered based on the loop's logic.\n10. Adding to the list based on the 'is' boolean value: The statement \"if(is)list.add(count); else list.add(0);\" is covered until the loop exceeds the array bounds.\n11. The final for loop for output: This loop is not executed due to the runtime exception occurring beforehand. Statements within this loop are not covered.\n12. Closing brackets and end of the program: Always executed in terms of syntax, but due to the runtime exception, the natural end of the program isn't reached.\n\nPredicted code coverage based on the plan:\n> import java.util.Scanner;\n> import java.util.ArrayList;\n> public class Main{\n> \tpublic static void main(String[] args){\n> \t\tScanner sc = new Scanner(System.in);\n> \t\tArrayList<Integer> list = new ArrayList<Integer>();\n> \t\twhile(true){\n> \t\t\tint L = sc.nextInt();\n> \t\t\tif(L == 0)break;\n> \t\t\tint sum = 0;\n> \t\t\tint count = 0;\n> \t\t\tboolean is = true;\n> \t\t\twhile(L >= sum){\n> \t\t\t\tcount++;\n> \t\t\t\tif(count > 12){\n> \t\t\t\t\tis = false;\n> \t\t\t\t\tbreak;\n> \t\t\t\t}\n> \t\t\t\tsum += sc.nextInt() - sc.nextInt();\n> \t\t\t}\n> \t\t\tif(is)list.add(count);\n> \t\t\telse  list.add(0);\n> \t\t}\n! \t\tfor(int i = 0; i < list.size(); i++){\n! \t\t\tif(list.get(i) == 0)System.out.println(\"NA\");\n! \t\t\telse System.out.println(list.get(i));\n> \t\t}\n> \t}\n> }\n\nOUTPUT:\nError: ArrayIndexOutOfBoundsException\n\nThis prediction covers the execution flow up to the point where the runtime exception occurs, indicating which parts of the code are executed and which are not reached due to the exception.",
            "test_seed_coverage": [
                ">",
                ">",
                ">",
                ">",
                ">",
                ">",
                ">",
                ">",
                ">",
                ">",
                ">",
                ">",
                ">",
                ">",
                ">",
                ">",
                ">",
                ">",
                ">",
                ">",
                ">",
                ">",
                ">",
                ">",
                ">",
                ">",
                ">",
                ">",
                ">"
            ],
            "cumulative_coverage": [
                ">",
                ">",
                ">",
                ">",
                ">",
                ">",
                ">",
                ">",
                ">",
                ">",
                ">",
                ">",
                ">",
                ">",
                ">",
                ">",
                ">",
                ">",
                ">",
                ">",
                ">",
                ">",
                ">",
                ">",
                ">",
                ">",
                ">",
                ">",
                ">"
            ],
            "execution_error": "Exception in thread \"main\" java.util.InputMismatchException\n\tat java.base/java.util.Scanner.throwFor(Scanner.java:947)\n\tat java.base/java.util.Scanner.next(Scanner.java:1602)\n\tat java.base/java.util.Scanner.nextInt(Scanner.java:2267)\n\tat java.base/java.util.Scanner.nextInt(Scanner.java:2221)\n\tat Main.main(Main.java:19)",
            "cerberus_output": "ArrayIndexOutOfBoundsException",
            "execution_result": "InputMismatchException"
        },
        {
            "test_case": [
                "Test Case Input:\n10\n1 2\n3 4\n5 6\n7 8\n9 10\n11 12\n13 14\n15 16\n17 18\n19 20\n0"
            ],
            "test_mutations": [
                "Test Case Input:\n10\n1 2\n3 4\n5 6\n7 8\n9 10\n11 12\n13 14\n15 16\n17 18\n19 20\n0"
            ],
            "initial_code": "public class Main{\n\tpublic static void main(String[] args){\n\t\tScanner sc = new Scanner(System.in);\n\t\tArrayList<Integer> list = new ArrayList<Integer>();\n\t\twhile(true){\n\t\t\tint L = sc.nextInt();\n\t\t\tif(L == 0)break;\n\t\t\tint sum = 0;\n\t\t\tint count = 0;\n\t\t\tboolean is = true;\n\t\t\twhile(L >= sum){\n\t\t\t\tcount++;\n\t\t\t\tif(count > 12){\n\t\t\t\t\tis = false;\n\t\t\t\t\tbreak;\n\t\t\t\t}\n\t\t\t\tsum += sc.nextInt() - sc.nextInt();\n\t\t\t}\n\t\t\tif(is)list.add(count);\n\t\t\telse  list.add(0);\n\t\t}\n\t\tfor(int i = 0; i < list.size(); i++){\n\t\t\tif(list.get(i) == 0)System.out.println(\"NA\");\n\t\t\telse System.out.println(list.get(i));\n\t\t}\n\t}\n}",
            "covered_code": "Given the test case input and the JAVA program provided, let's develop a plan for step by step execution to predict the code coverage.\n\n**Test Case Input:**\n```\n10\n1 2\n3 4\n5 6\n7 8\n9 10\n11 12\n13 14\n15 16\n17 18\n19 20\n0\n```\n\n**JAVA PROGRAM:**\n```java\nimport java.util.Scanner;\nimport java.util.ArrayList;\n\npublic class Main{\n\tpublic static void main(String[] args){\n\t\tScanner sc = new Scanner(System.in);\n\t\tArrayList<Integer> list = new ArrayList<Integer>();\n\t\twhile(true){\n\t\t\tint L = sc.nextInt();\n\t\t\tif(L == 0)break;\n\t\t\tint sum = 0;\n\t\t\tint count = 0;\n\t\t\tboolean is = true;\n\t\t\twhile(L >= sum){\n\t\t\t\tcount++;\n\t\t\t\tif(count > 12){\n\t\t\t\t\tis = false;\n\t\t\t\t\tbreak;\n\t\t\t\t}\n\t\t\t\tsum += sc.nextInt() - sc.nextInt();\n\t\t\t}\n\t\t\tif(is)list.add(count);\n\t\t\telse  list.add(0);\n\t\t}\n\t\tfor(int i = 0; i < list.size(); i++){\n\t\t\tif(list.get(i) == 0)System.out.println(\"NA\");\n\t\t\telse System.out.println(list.get(i));\n\t\t}\n\t\tsc.close();\n\t}\n}\n```\n\n**Step by Step Execution Plan:**\n\n1. **Import statements:** Always executed. Statements `import java.util.Scanner;` and `import java.util.ArrayList;` are covered.\n2. **Main class and method declaration:** Always executed.\n3. **Scanner and ArrayList object initialization:** Always executed.\n4. **Infinite loop for user inputs:** Due to the `while(true)` condition, this loop will start its execution.\n5. **First user input (L) and if condition to break:** For each testcase, including the last '0', this part will be executed. When '0' is input, the loop breaks.\n6. **Inner while loop and conditions within it:** For each non-zero L, the inner while loop and its conditions are executed. Since the test inputs are designed such that the sum eventually exceeds L without exceeding the count limit of 12, the `if(count > 12)` condition is never true.\n7. **Adding to the list either count or 0:** Given the inputs, `list.add(count)` will always be executed, and `list.add(0)` will never be executed since `is` remains true.\n8. **Loop for printing list contents:** This loop will be executed for each element in the list.\n9. **Printing \"NA\" or the count:** Given the inputs and logic, `System.out.println(\"NA\");` will never be executed, and `System.out.println(list.get(i));` will always be executed.\n10. **Scanner close:** Executed at the end of the main method.\n\n**Code Coverage:**\n\n```java\n> import java.util.Scanner;\n> import java.util.ArrayList;\n\n> public class Main{\n>   public static void main(String[] args){\n>       Scanner sc = new Scanner(System.in);\n>       ArrayList<Integer> list = new ArrayList<Integer>();\n>       while(true){\n>           int L = sc.nextInt();\n>           if(L == 0)break;\n>           int sum = 0;\n>           int count = 0;\n>           boolean is = true;\n>           while(L >= sum){\n>               count++;\n!               if(count > 12){\n!                   is = false;\n!                   break;\n>               }\n>               sum += sc.nextInt() - sc.nextInt();\n>           }\n>           if(is)list.add(count);\n!           else  list.add(0);\n>       }\n>       for(int i = 0; i < list.size(); i++){\n!           if(list.get(i) == 0)System.out.println(\"NA\");\n>           else System.out.println(list.get(i));\n>       }\n>       sc.close();\n>   }\n> }\n```\n\n**Note:** The `if(count > 12)` condition and the subsequent `else  list.add(0);` along with the `System.out.println(\"NA\");` are never executed given the provided test case inputs.",
            "test_seed_coverage": [
                ">",
                ">",
                ">",
                ">",
                ">",
                ">",
                ">",
                ">",
                ">",
                ">",
                ">",
                ">",
                ">",
                ">",
                ">",
                ">",
                ">",
                ">",
                ">",
                ">",
                ">",
                ">",
                ">",
                ">",
                ">",
                ">",
                ">",
                ">",
                ">",
                ">"
            ],
            "cumulative_coverage": [
                ">",
                ">",
                ">",
                ">",
                ">",
                ">",
                ">",
                ">",
                ">",
                ">",
                ">",
                ">",
                ">",
                ">",
                ">",
                ">",
                ">",
                ">",
                ">",
                ">",
                ">",
                ">",
                ">",
                ">",
                ">",
                ">",
                ">",
                ">",
                ">",
                ">"
            ],
            "execution_error": "Exception in thread \"main\" java.util.NoSuchElementException\n\tat java.base/java.util.Scanner.throwFor(Scanner.java:945)\n\tat java.base/java.util.Scanner.next(Scanner.java:1602)\n\tat java.base/java.util.Scanner.nextInt(Scanner.java:2267)\n\tat java.base/java.util.Scanner.nextInt(Scanner.java:2221)\n\tat Main.main(Main.java:19)",
            "cerberus_output": "",
            "execution_result": "NoSuchElementException"
        },
        {
            "test_case": [
                "Test Case Input:\n5\n2 3\n4 1\n6 2\n8 4\n0"
            ],
            "test_mutations": [
                "Test Case Input:\n5\n2 3\n4 1\n6 2\n8 4\n0"
            ],
            "initial_code": "public class Main{\n\tpublic static void main(String[] args){\n\t\tScanner sc = new Scanner(System.in);\n\t\tArrayList<Integer> list = new ArrayList<Integer>();\n\t\twhile(true){\n\t\t\tint L = sc.nextInt();\n\t\t\tif(L == 0)break;\n\t\t\tint sum = 0;\n\t\t\tint count = 0;\n\t\t\tboolean is = true;\n\t\t\twhile(L >= sum){\n\t\t\t\tcount++;\n\t\t\t\tif(count > 12){\n\t\t\t\t\tis = false;\n\t\t\t\t\tbreak;\n\t\t\t\t}\n\t\t\t\tsum += sc.nextInt() - sc.nextInt();\n\t\t\t}\n\t\t\tif(is)list.add(count);\n\t\t\telse  list.add(0);\n\t\t}\n\t\tfor(int i = 0; i < list.size(); i++){\n\t\t\tif(list.get(i) == 0)System.out.println(\"NA\");\n\t\t\telse System.out.println(list.get(i));\n\t\t}\n\t}\n}",
            "covered_code": "Given the provided test case input and the Java program, let's develop a plan to predict the code coverage:\n\n1. **Import Statements:** Statements like `import java.util.Scanner;` and `import java.util.ArrayList;` would be executed since they are necessary for the program to compile and run.\n   \n2. **Class Declaration:** The statement `public class Main{` is always executed as it is the definition of the class.\n\n3. **Main Method Declaration:** The declaration `public static void main(String[] args){` is always executed as it is the entry point of the Java application.\n\n4. **Scanner and ArrayList Initializations:** The statements `Scanner sc = new Scanner(System.in);` and `ArrayList<Integer> list = new ArrayList<Integer>();` are executed as they initialize the scanner for input and the list to store results.\n\n5. **Infinite Loop for Input:** The statement `while(true){` begins an infinite loop that will only break upon a specific condition, making it executed.\n\n6. **Input and Break Condition:** The statement `int L = sc.nextInt();` is executed. The break condition `if(L == 0)break;` is executed and utilized to exit the loop during the last iteration when `L` is 0.\n\n7. **Sum and Count Initialization:** The statements `int sum = 0;` and `int count = 0;` are executed for each iteration of the outer while loop.\n\n8. **Boolean Flag Initialization:** The statement `boolean is = true;` is executed for each iteration of the outer while loop to track if more than 12 months are required.\n\n9. **Inner While Loop for Calculations:** The loop `while(L >= sum){` is executed to perform the calculations based on the inputs.\n\n10. **Condition Check and Break for Count:** The condition `if(count > 12){` is executed to check if the count exceeds 12, and the break statement within it is executed if the condition is true.\n\n11. **Sum Calculation:** The statement `sum += sc.nextInt() - sc.nextInt();` is executed to calculate the sum based on user inputs for each pair within the inner while loop.\n\n12. **List Addition Based on Condition:** The conditional check `if(is)` to decide whether to add `count` or `0` to the list is executed.\n\n13. **Output Loop:** The for loop `for(int i = 0; i < list.size(); i++){` is executed to iterate over the list and print the results.\n\n14. **Output Condition:** The conditional check `if(list.get(i) == 0)` and its corresponding print statement, as well as the else condition print statement, are executed to print either the count or \"NA\" based on the value in the list.\n\n**Predicted Code Coverage:**\n\n```\n> public class Main{\n> \tpublic static void main(String[] args){\n> \t\tScanner sc = new Scanner(System.in);\n> \t\tArrayList<Integer> list = new ArrayList<Integer>();\n> \t\twhile(true){\n> \t\t\tint L = sc.nextInt();\n> \t\t\tif(L == 0)break;\n> \t\t\tint sum = 0;\n> \t\t\tint count = 0;\n> \t\t\tboolean is = true;\n> \t\t\twhile(L >= sum){\n> \t\t\t\tcount++;\n> \t\t\t\tif(count > 12){\n> \t\t\t\t\tis = false;\n> \t\t\t\t\tbreak;\n> \t\t\t\t}\n> \t\t\t\tsum += sc.nextInt() - sc.nextInt();\n> \t\t\t}\n> \t\t\tif(is)list.add(count);\n> \t\t\telse  list.add(0);\n> \t\t}\n> \t\tfor(int i = 0; i < list.size(); i++){\n> \t\t\tif(list.get(i) == 0)System.out.println(\"NA\");\n> \t\t\telse System.out.println(list.get(i));\n> \t\t}\n> \t}\n> }\n```\n\nGiven the sequence of inputs and considering that the last input triggers a break from the loop, every line of the program is executed based on the provided plan. This indicates full coverage for the provided test case.",
            "test_seed_coverage": [
                ">",
                ">",
                ">",
                ">",
                ">",
                ">",
                ">",
                ">",
                ">",
                ">",
                ">",
                ">",
                ">",
                ">",
                ">",
                ">",
                ">",
                ">",
                ">",
                ">",
                ">",
                ">",
                ">",
                ">",
                ">",
                ">",
                ">"
            ],
            "cumulative_coverage": [
                ">",
                ">",
                ">",
                ">",
                ">",
                ">",
                ">",
                ">",
                ">",
                ">",
                ">",
                ">",
                ">",
                ">",
                ">",
                ">",
                ">",
                ">",
                ">",
                ">",
                ">",
                ">",
                ">",
                ">",
                ">",
                ">",
                ">"
            ],
            "execution_error": "Exception in thread \"main\" java.util.NoSuchElementException\n\tat java.base/java.util.Scanner.throwFor(Scanner.java:945)\n\tat java.base/java.util.Scanner.next(Scanner.java:1602)\n\tat java.base/java.util.Scanner.nextInt(Scanner.java:2267)\n\tat java.base/java.util.Scanner.nextInt(Scanner.java:2221)\n\tat Main.main(Main.java:19)",
            "cerberus_output": "",
            "execution_result": "NoSuchElementException"
        },
        {
            "test_case": [
                "Test Case Input:\n5\n10 5\n15 3\n20 2\n25 1\n0"
            ],
            "test_mutations": [
                "Test Case Input:\n5\n10 5\n15 3\n20 2\n25 1\n0"
            ],
            "initial_code": "public class Main{\n\tpublic static void main(String[] args){\n\t\tScanner sc = new Scanner(System.in);\n\t\tArrayList<Integer> list = new ArrayList<Integer>();\n\t\twhile(true){\n\t\t\tint L = sc.nextInt();\n\t\t\tif(L == 0)break;\n\t\t\tint sum = 0;\n\t\t\tint count = 0;\n\t\t\tboolean is = true;\n\t\t\twhile(L >= sum){\n\t\t\t\tcount++;\n\t\t\t\tif(count > 12){\n\t\t\t\t\tis = false;\n\t\t\t\t\tbreak;\n\t\t\t\t}\n\t\t\t\tsum += sc.nextInt() - sc.nextInt();\n\t\t\t}\n\t\t\tif(is)list.add(count);\n\t\t\telse  list.add(0);\n\t\t}\n\t\tfor(int i = 0; i < list.size(); i++){\n\t\t\tif(list.get(i) == 0)System.out.println(\"NA\");\n\t\t\telse System.out.println(list.get(i));\n\t\t}\n\t}\n}",
            "covered_code": "For the provided Java program and test case input \"5\\n10 5\\n15 3\\n20 2\\n25 1\\n0\", let's develop a plan for step by step execution and predict the code coverage. \n\n**PLAN:**\n\n1. **Import Statements**: Execution of import statements for Scanner and ArrayList classes. These will be covered.\n2. **Main Class Declaration**: The declaration of the Main class is always executed.\n3. **Main Method Declaration**: Execution of the main method is always executed.\n4. **User Input Initialization**: Execution of \"Scanner sc = new Scanner(System.in);\" is covered.\n5. **ArrayList Initialization**: Execution of \"ArrayList<Integer> list = new ArrayList<Integer>();\" is covered.\n6. **While Loop for Continuous Input**: As the input is continuous until a 0 is encountered, the while(true) loop will be executed.\n7. **Reading Input (L)**: \"int L = sc.nextInt();\" will be executed multiple times until L is 0.\n8. **Breaking Condition**: The condition \"if(L == 0) break;\" will be executed, including the final condition to exit the loop.\n9. **Inner Loop for Calculations**: \n    - The while loop \"while(L >= sum)\" for each set of inputs is executed.\n    - Count increment \"count++\" and sum calculation \"sum += sc.nextInt() - sc.nextInt();\" within the loop are executed.\n    - The break condition \"if(count > 12)\" within the loop is checked but not executed since count does not exceed 12 in given inputs.\n10. **Adding to the List**: Depending on the value of `is`, either count or 0 is added to the list. All inputs lead to a valid count, so \"list.add(count);\" is executed, \"list.add(0);\" is not.\n11. **Output Loop**: The for-loop for output is executed, printing either the count values or \"NA\".\n12. **Closing Brackets and End of Program**: Execution ends normally after the output loop.\n\n**CODE COVERAGE:**\n\n> import java.util.Scanner;\n> import java.util.ArrayList;\n> public class Main{\n>     public static void main(String[] args){\n>         Scanner sc = new Scanner(System.in);\n>         ArrayList<Integer> list = new ArrayList<Integer>();\n>         while(true){\n>             int L = sc.nextInt();\n>             if(L == 0) break;\n>             int sum = 0;\n>             int count = 0;\n>             boolean is = true;\n>             while(L >= sum){\n>                 count++;\n!                 if(count > 12){\n!                     is = false;\n!                     break;\n!                 }\n>                 sum += sc.nextInt() - sc.nextInt();\n>             }\n>             if(is) list.add(count);\n!             else  list.add(0);\n>         }\n>         for(int i = 0; i < list.size(); i++){\n>             if(list.get(i) == 0) System.out.println(\"NA\");\n>             else System.out.println(list.get(i));\n>         }\n>     }\n> }\n\n**OUTPUT:**\nGiven the test inputs, all provided inputs lead to valid counts before hitting a 0 to terminate the loop, so no \"NA\" will be printed. The if condition for checking if count exceeds 12 and the else part for adding 0 to the list are not executed.",
            "test_seed_coverage": [
                ">",
                ">",
                ">",
                ">",
                ">",
                ">",
                ">",
                ">",
                ">",
                ">",
                ">",
                ">",
                ">",
                ">",
                ">",
                ">",
                ">",
                ">",
                ">",
                ">",
                ">",
                ">",
                ">",
                ">",
                ">",
                ">",
                ">",
                ">",
                ">"
            ],
            "cumulative_coverage": [
                ">",
                ">",
                ">",
                ">",
                ">",
                ">",
                ">",
                ">",
                ">",
                ">",
                ">",
                ">",
                ">",
                ">",
                ">",
                ">",
                ">",
                ">",
                ">",
                ">",
                ">",
                ">",
                ">",
                ">",
                ">",
                ">",
                ">",
                ">",
                ">"
            ],
            "execution_error": "Exception in thread \"main\" java.util.NoSuchElementException\n\tat java.base/java.util.Scanner.throwFor(Scanner.java:945)\n\tat java.base/java.util.Scanner.next(Scanner.java:1602)\n\tat java.base/java.util.Scanner.nextInt(Scanner.java:2267)\n\tat java.base/java.util.Scanner.nextInt(Scanner.java:2221)\n\tat Main.main(Main.java:19)",
            "cerberus_output": "",
            "execution_result": "NoSuchElementException"
        }
    ]
}