{
    "submission_id": "s051252507",
    "cycles": [
        {
            "test_case": [
                "Test Case Input:\nA,B"
            ],
            "test_mutations": [
                "Test Case Input:\nA,B"
            ],
            "initial_code": "public class Main {\n\tpublic static void main(String[] args) throws java.io.IOException {\n\t\tScanner scan = new Scanner(System.in);\n\t\tInputStreamReader is = new InputStreamReader(System.in);\n\t\tBufferedReader br = new BufferedReader(is);\n\t\tint a = 1;\n\t\tint b = 0;\n\t\tint c = 0;\n\t\twhile(scan.hasNext()){\n\t\t\tString k = br.readLine();\n\t\t\tString[] f = k.split(\",\", -1);\n\t\t\tif(f[0].equals(\"A\")){\n\t\t\t\tif(f[1].equals(\"B\")){\n\t\t\t\t\tif(a == 1){\n\t\t\t\t\t\tb = 1;\n\t\t\t\t\t\ta = 0;\n\t\t\t\t\t}\n\t\t\t\t}else{\n\t\t\t\t\tif(a == 1){\n\t\t\t\t\t\ta = 0;\n\t\t\t\t\t\tc = 1;\n\t\t\t\t\t}\n\t\t\t\t}\n\t\t\t}else if(f[0].equals(\"B\")){\n\t\t\t\tif(f[1].equals(\"C\")){\n\t\t\t\t\tif(b == 1){\n\t\t\t\t\t\tb = 0;\n\t\t\t\t\t\tc = 1;\n\t\t\t\t\t}\n\t\t\t\t}else{\n\t\t\t\t\tif(b == 1){\n\t\t\t\t\t\tb = 0;\n\t\t\t\t\t\ta = 1;\n\t\t\t\t\t}\n\t\t\t\t}\n\t\t\t}else{\n\t\t\t\tif(f[1].equals(\"A\")){\n\t\t\t\t\tif(c == 1){\n\t\t\t\t\t\tc = 0;\n\t\t\t\t\t\ta = 1;\n\t\t\t\t\t}\n\t\t\t\t}else{\n\t\t\t\t\tif(c == 1){\n\t\t\t\t\t\tc = 0;\n\t\t\t\t\t\tb = 1;\n\t\t\t\t\t}\n\t\t\t\t}\n\t\t\t}\n\t\t}\n\t\tif(a == 1){\n\t\t\tSystem.out.println(\"A\");\n\t\t}else if(b == 1){\n\t\t\tSystem.out.println(\"B\");\n\t\t}else{\n\t\t\tSystem.out.println(\"C\");\n\t\t}\n\t}\n}",
            "covered_code": "Given the test case input \"A,B\", let's develop a plan for step by step execution of the provided Java program and predict its code coverage.\n\n1. Import Statements: Always executed. Statements that import `Scanner`, `InputStreamReader`, and `BufferedReader` classes are covered.\n   \n2. Main Class Declaration: Always executed. Statement `public class Main {` is covered.\n\n3. Main Method Declaration: Always executed. Statement `public static void main(String[] args) throws java.io.IOException {` is covered.\n\n4. Variable Initialization: Executed as part of the program setup. Statements initializing `a`, `b`, and `c` variables are covered.\n\n5. Scanner and BufferedReader Setup: Executed for input reading. Statements involving `Scanner`, `InputStreamReader`, and `BufferedReader` initialization are covered.\n\n6. While Loop for Reading Input: Given the input \"A,B\", the loop will execute at least once because `scan.hasNext()` will return `true` for the first input line. The loop condition `while(scan.hasNext()){` is covered.\n\n7. Reading and Splitting Input: The statement that reads the input line and splits it based on \",\" is executed. Statements `String k = br.readLine();` and `String[] f = k.split(\",\", -1);` are covered.\n\n8. If-Else Conditions: Based on the input \"A,B\", the program will enter the first `if` block (`if(f[0].equals(\"A\")){`) and then the nested `if` block (`if(f[1].equals(\"B\")){`). The conditions to check `a == 1` inside these blocks are true, so the related blocks are executed. The statements modifying `a` and `b` are covered.\n\n9. Terminal Output Based on Final Values: After executing the loop once, there are no more inputs, so the program exits the loop. It then checks the final values of `a`, `b`, and `c` to determine the output. Given the modifications made based on the input \"A,B\", the variable `b` will be `1`, so the corresponding block that prints \"B\" is executed.\n\nPredicted Code Coverage:\n\n> public class Main {\n> \tpublic static void main(String[] args) throws java.io.IOException {\n> \t\tScanner scan = new Scanner(System.in);\n> \t\tInputStreamReader is = new InputStreamReader(System.in);\n> \t\tBufferedReader br = new BufferedReader(is);\n> \t\tint a = 1;\n> \t\tint b = 0;\n> \t\tint c = 0;\n> \t\twhile(scan.hasNext()){\n> \t\t\tString k = br.readLine();\n> \t\t\tString[] f = k.split(\",\", -1);\n> \t\t\tif(f[0].equals(\"A\")){\n> \t\t\t\tif(f[1].equals(\"B\")){\n> \t\t\t\t\tif(a == 1){\n> \t\t\t\t\t\tb = 1;\n> \t\t\t\t\t\ta = 0;\n> \t\t\t\t\t}\n> \t\t\t\t}else{\n> \t\t\t\t\t! if(a == 1){\n> \t\t\t\t\t\t! a = 0;\n> \t\t\t\t\t\t! c = 1;\n> \t\t\t\t\t}\n> \t\t\t\t}\n> \t\t\t}else if(f[0].equals(\"B\")){\n> \t\t\t\t! if(f[1].equals(\"C\")){\n> \t\t\t\t\t! if(b == 1){\n> \t\t\t\t\t\t! b = 0;\n> \t\t\t\t\t\t! c = 1;\n> \t\t\t\t\t}\n> \t\t\t\t}else{\n> \t\t\t\t\t! if(b == 1){\n> \t\t\t\t\t\t! b = 0;\n> \t\t\t\t\t\t! a = 1;\n> \t\t\t\t\t}\n> \t\t\t\t}\n> \t\t\t}else{\n> \t\t\t\t! if(f[1].equals(\"A\")){\n> \t\t\t\t\t! if(c == 1){\n> \t\t\t\t\t\t! c = 0;\n> \t\t\t\t\t\t! a = 1;\n> \t\t\t\t\t}\n> \t\t\t\t}else{\n> \t\t\t\t\t! if(c == 1){\n> \t\t\t\t\t\t! c = 0;\n> \t\t\t\t\t\t! b = 1;\n> \t\t\t\t\t}\n> \t\t\t\t}\n> \t\t\t}\n> \t\t}\n> \t\tif(a == 1){\n> \t\t\t! System.out.println(\"A\");\n> \t\t}else if(b == 1){\n> \t\t\tSystem.out.println(\"B\");\n> \t\t}else{\n> \t\t\t! System.out.println(\"C\");\n> \t\t}\n> \t}\n> }\n\nThis plan and the corresponding code coverage prediction outline which parts of the code are executed given the input \"A,B\".",
            "test_seed_coverage": [
                ">",
                ">",
                ">",
                ">",
                ">",
                ">",
                ">",
                ">",
                ">",
                ">",
                ">",
                ">",
                ">",
                ">",
                ">",
                ">",
                ">",
                ">",
                ">",
                ">",
                ">",
                ">",
                ">",
                ">",
                ">",
                ">",
                ">",
                ">",
                ">",
                ">",
                ">",
                ">",
                ">",
                ">",
                ">",
                ">",
                ">",
                ">",
                ">",
                ">",
                ">",
                ">",
                ">",
                ">",
                ">",
                ">",
                ">",
                ">",
                ">",
                ">",
                ">",
                ">",
                ">",
                ">",
                ">",
                ">",
                ">",
                ">"
            ],
            "cumulative_coverage": [
                ">",
                ">",
                ">",
                ">",
                ">",
                ">",
                ">",
                ">",
                ">",
                ">",
                ">",
                ">",
                ">",
                ">",
                ">",
                ">",
                ">",
                ">",
                ">",
                ">",
                ">",
                ">",
                ">",
                ">",
                ">",
                ">",
                ">",
                ">",
                ">",
                ">",
                ">",
                ">",
                ">",
                ">",
                ">",
                ">",
                ">",
                ">",
                ">",
                ">",
                ">",
                ">",
                ">",
                ">",
                ">",
                ">",
                ">",
                ">",
                ">",
                ">",
                ">",
                ">",
                ">",
                ">",
                ">",
                ">",
                ">",
                ">"
            ],
            "execution_error": "Exception in thread \"main\" java.lang.NullPointerException: Cannot invoke \"String.split(String, int)\" because \"<local7>\" is null\n\tat Main.main(Main.java:13)",
            "cerberus_output": "",
            "execution_result": "NullPointerException"
        },
        {
            "test_case": [
                "Test Case Input:\nA,B"
            ],
            "test_mutations": [
                "Test Case Input:\nA,B"
            ],
            "initial_code": "public class Main {\n\tpublic static void main(String[] args) throws java.io.IOException {\n\t\tScanner scan = new Scanner(System.in);\n\t\tInputStreamReader is = new InputStreamReader(System.in);\n\t\tBufferedReader br = new BufferedReader(is);\n\t\tint a = 1;\n\t\tint b = 0;\n\t\tint c = 0;\n\t\twhile(scan.hasNext()){\n\t\t\tString k = br.readLine();\n\t\t\tString[] f = k.split(\",\", -1);\n\t\t\tif(f[0].equals(\"A\")){\n\t\t\t\tif(f[1].equals(\"B\")){\n\t\t\t\t\tif(a == 1){\n\t\t\t\t\t\tb = 1;\n\t\t\t\t\t\ta = 0;\n\t\t\t\t\t}\n\t\t\t\t}else{\n\t\t\t\t\tif(a == 1){\n\t\t\t\t\t\ta = 0;\n\t\t\t\t\t\tc = 1;\n\t\t\t\t\t}\n\t\t\t\t}\n\t\t\t}else if(f[0].equals(\"B\")){\n\t\t\t\tif(f[1].equals(\"C\")){\n\t\t\t\t\tif(b == 1){\n\t\t\t\t\t\tb = 0;\n\t\t\t\t\t\tc = 1;\n\t\t\t\t\t}\n\t\t\t\t}else{\n\t\t\t\t\tif(b == 1){\n\t\t\t\t\t\tb = 0;\n\t\t\t\t\t\ta = 1;\n\t\t\t\t\t}\n\t\t\t\t}\n\t\t\t}else{\n\t\t\t\tif(f[1].equals(\"A\")){\n\t\t\t\t\tif(c == 1){\n\t\t\t\t\t\tc = 0;\n\t\t\t\t\t\ta = 1;\n\t\t\t\t\t}\n\t\t\t\t}else{\n\t\t\t\t\tif(c == 1){\n\t\t\t\t\t\tc = 0;\n\t\t\t\t\t\tb = 1;\n\t\t\t\t\t}\n\t\t\t\t}\n\t\t\t}\n\t\t}\n\t\tif(a == 1){\n\t\t\tSystem.out.println(\"A\");\n\t\t}else if(b == 1){\n\t\t\tSystem.out.println(\"B\");\n\t\t}else{\n\t\t\tSystem.out.println(\"C\");\n\t\t}\n\t}\n}",
            "covered_code": "For the given test case input \"A,B\" and the provided Java program, here is a step-by-step execution plan to predict the code coverage:\n\n1. **Import Statements and Class/Method Declarations**: \n    - Import statements for `Scanner`, `InputStreamReader`, and `BufferedReader` are always executed.\n    - Class and method declarations are always executed.\n\n2. **Variable Initialization**:\n    - The variables `int a = 1`, `int b = 0`, and `int c = 0` are always executed.\n\n3. **Reading Input**:\n    - Since there is input provided (\"A,B\"), the loop condition `scan.hasNext()` is true, and the loop will be executed at least once. The statements inside the loop for reading and processing input are therefore covered.\n\n4. **Processing Input (\u201cA,B\u201d)**:\n    - The input \"A,B\" will be split into `f[0] = \"A\"` and `f[1] = \"B\"`.\n    - Given the condition checks, the program will enter the first `if` block since `f[0].equals(\"A\")` is true.\n    - Within this block, since `f[1].equals(\"B\")` is also true, it will enter the nested `if` condition.\n    - Since `a == 1` is true, `b` will be set to 1, and `a` will be set to 0. Hence, these statements are executed.\n\n5. **Loop Continuation**:\n    - The provided test case does not specify further inputs or the termination of the input stream, but typically, the loop would continue until there are no more lines to read. For the purpose of this coverage analysis with a single input \"A,B\", assume the loop terminates after processing this input, as we cannot assume further inputs or behaviors not specified.\n\n6. **Post-loop Conditionals**:\n    - After exiting the loop, the conditions to print \"A\", \"B\", or \"C\" are executed.\n    - Since `a == 0` and `b == 1`, it will print \"B\".\n\n7. **Closing of Resources**:\n    - The program does not explicitly include closing of the `Scanner`, `InputStreamReader`, or `BufferedReader` resources, so there are no statements regarding resource closing to be covered.\n\n**Predicted Code Coverage**:\n- All import statements, class and method declarations, variable initializations, and the loop initiation are executed.\n- The loop processes the \"A,B\" input, executing the conditions that match this input.\n- The statements that change `a` and `b`'s values based on the input conditions are executed.\n- The post-loop conditionals that result in printing \"B\" are executed.\n\n**Coverage Output**:\n```\n> public class Main {\n>     public static void main(String[] args) throws java.io.IOException {\n>         Scanner scan = new Scanner(System.in);\n>         InputStreamReader is = new InputStreamReader(System.in);\n>         BufferedReader br = new BufferedReader(is);\n>         int a = 1;\n>         int b = 0;\n>         int c = 0;\n>         while(scan.hasNext()){\n>             String k = br.readLine();\n>             String[] f = k.split(\",\", -1);\n>             if(f[0].equals(\"A\")){\n>                 if(f[1].equals(\"B\")){\n>                     if(a == 1){\n>                         b = 1;\n>                         a = 0;\n>                     }\n>                 }else{\n>                     if(a == 1){\n>                         a = 0;\n>                         c = 1;\n>                     }\n>                 }\n>             }else if(f[0].equals(\"B\")){\n!                 if(f[1].equals(\"C\")){\n!                     if(b == 1){\n!                         b = 0;\n!                         c = 1;\n!                     }\n!                 }else{\n!                     if(b == 1){\n!                         b = 0;\n!                         a = 1;\n!                     }\n!                 }\n>             }else{\n!                 if(f[1].equals(\"A\")){\n!                     if(c == 1){\n!                         c = 0;\n!                         a = 1;\n!                     }\n!                 }else{\n!                     if(c == 1){\n!                         c = 0;\n!                         b = 1;\n!                     }\n!                 }\n>             }\n>         }\n>         if(a == 1){\n!             System.out.println(\"A\");\n>         }else if(b == 1){\n>             System.out.println(\"B\");\n>         }else{\n!             System.out.println(\"C\");\n>         }\n>     }\n> }\n```\nThis analysis assumes that the loop terminates after processing the single input \"A,B\", as the test case details do not specify how input termination or multiple inputs are handled.",
            "test_seed_coverage": [
                ">",
                ">",
                ">",
                ">",
                ">",
                ">",
                ">",
                ">",
                ">",
                ">",
                ">",
                ">",
                ">",
                ">",
                ">",
                ">",
                ">",
                ">",
                ">",
                ">",
                ">",
                ">",
                ">",
                ">",
                ">",
                ">",
                ">",
                ">",
                ">",
                ">",
                ">",
                ">",
                ">",
                ">",
                ">",
                ">",
                ">",
                ">",
                ">",
                ">",
                ">",
                ">",
                ">",
                ">",
                ">",
                ">",
                ">",
                ">",
                ">",
                ">",
                ">",
                ">",
                ">",
                ">",
                ">",
                ">",
                ">",
                ">"
            ],
            "cumulative_coverage": [
                ">",
                ">",
                ">",
                ">",
                ">",
                ">",
                ">",
                ">",
                ">",
                ">",
                ">",
                ">",
                ">",
                ">",
                ">",
                ">",
                ">",
                ">",
                ">",
                ">",
                ">",
                ">",
                ">",
                ">",
                ">",
                ">",
                ">",
                ">",
                ">",
                ">",
                ">",
                ">",
                ">",
                ">",
                ">",
                ">",
                ">",
                ">",
                ">",
                ">",
                ">",
                ">",
                ">",
                ">",
                ">",
                ">",
                ">",
                ">",
                ">",
                ">",
                ">",
                ">",
                ">",
                ">",
                ">",
                ">",
                ">",
                ">"
            ],
            "execution_error": "Exception in thread \"main\" java.lang.NullPointerException: Cannot invoke \"String.split(String, int)\" because \"<local7>\" is null\n\tat Main.main(Main.java:13)",
            "cerberus_output": "",
            "execution_result": "NullPointerException"
        },
        {
            "test_case": [
                "Test Case Input:\nA,B,1"
            ],
            "test_mutations": [
                "Test Case Input:\nA,B,1"
            ],
            "initial_code": "public class Main {\n\tpublic static void main(String[] args) throws java.io.IOException {\n\t\tScanner scan = new Scanner(System.in);\n\t\tInputStreamReader is = new InputStreamReader(System.in);\n\t\tBufferedReader br = new BufferedReader(is);\n\t\tint a = 1;\n\t\tint b = 0;\n\t\tint c = 0;\n\t\twhile(scan.hasNext()){\n\t\t\tString k = br.readLine();\n\t\t\tString[] f = k.split(\",\", -1);\n\t\t\tif(f[0].equals(\"A\")){\n\t\t\t\tif(f[1].equals(\"B\")){\n\t\t\t\t\tif(a == 1){\n\t\t\t\t\t\tb = 1;\n\t\t\t\t\t\ta = 0;\n\t\t\t\t\t}\n\t\t\t\t}else{\n\t\t\t\t\tif(a == 1){\n\t\t\t\t\t\ta = 0;\n\t\t\t\t\t\tc = 1;\n\t\t\t\t\t}\n\t\t\t\t}\n\t\t\t}else if(f[0].equals(\"B\")){\n\t\t\t\tif(f[1].equals(\"C\")){\n\t\t\t\t\tif(b == 1){\n\t\t\t\t\t\tb = 0;\n\t\t\t\t\t\tc = 1;\n\t\t\t\t\t}\n\t\t\t\t}else{\n\t\t\t\t\tif(b == 1){\n\t\t\t\t\t\tb = 0;\n\t\t\t\t\t\ta = 1;\n\t\t\t\t\t}\n\t\t\t\t}\n\t\t\t}else{\n\t\t\t\tif(f[1].equals(\"A\")){\n\t\t\t\t\tif(c == 1){\n\t\t\t\t\t\tc = 0;\n\t\t\t\t\t\ta = 1;\n\t\t\t\t\t}\n\t\t\t\t}else{\n\t\t\t\t\tif(c == 1){\n\t\t\t\t\t\tc = 0;\n\t\t\t\t\t\tb = 1;\n\t\t\t\t\t}\n\t\t\t\t}\n\t\t\t}\n\t\t}\n\t\tif(a == 1){\n\t\t\tSystem.out.println(\"A\");\n\t\t}else if(b == 1){\n\t\t\tSystem.out.println(\"B\");\n\t\t}else{\n\t\t\tSystem.out.println(\"C\");\n\t\t}\n\t}\n}",
            "covered_code": "Given the test case input \"A,B,1\", the step-by-step execution plan for the Java program and the predicted code coverage is as follows:\n\n1. Import statements: Import statements for `Scanner`, `InputStreamReader`, and `BufferedReader` are always executed. These lines will be covered.\n\n2. Main Class and Method Declaration: The declaration of the `Main` class and the `public static void main(String[] args)` method are always executed. These lines will be covered.\n\n3. Variable Initialization: The initialization of variables `a`, `b`, and `c` to `1`, `0`, and `0` respectively are always executed. These lines will be covered.\n\n4. Scanner and BufferedReader Initialization: The initialization of `Scanner`, `InputStreamReader`, and `BufferedReader` are always executed. These lines will be covered.\n\n5. While Loop Execution: The program enters the while loop as it waits for input. Since there is input provided (\"A,B,1\"), the while loop condition evaluates to true, and its block will be executed. This line will be covered.\n\n6. String Split and Conditionals: The input string \"A,B,1\" is read and split. Based on the split input, the program enters the first if condition (`if(f[0].equals(\"A\"))`), then the nested if condition (`if(f[1].equals(\"B\"))`), and since `a == 1`, it executes the block within, where `b` is set to `1` and `a` is set to `0`. These lines will be covered.\n\n7. Remaining else-if and else Blocks: Since the input leads to specific conditions being met, the other else-if and else blocks related to input \"B\" or other conditions will not be executed. These lines will not be covered.\n\n8. Final Conditionals to Print \"A\", \"B\", or \"C\": After exiting the while loop, the final if-else block checks the values of `a`, `b`, and `c`. Since `a` was set to `0` and `b` was set to `1`, the program prints \"B\". These lines will be covered.\n\n**Predicted Code Coverage Based on the Execution Plan:**\n\n```\n> public class Main {\n> \tpublic static void main(String[] args) throws java.io.IOException {\n> \t\tScanner scan = new Scanner(System.in);\n> \t\tInputStreamReader is = new InputStreamReader(System.in);\n> \t\tBufferedReader br = new BufferedReader(is);\n> \t\tint a = 1;\n> \t\tint b = 0;\n> \t\tint c = 0;\n> \t\twhile(scan.hasNext()){\n> \t\t\tString k = br.readLine();\n> \t\t\tString[] f = k.split(\",\", -1);\n> \t\t\tif(f[0].equals(\"A\")){\n> \t\t\t\tif(f[1].equals(\"B\")){\n> \t\t\t\t\tif(a == 1){\n> \t\t\t\t\t\tb = 1;\n> \t\t\t\t\t\ta = 0;\n> \t\t\t\t\t}\n> \t\t\t\t}else{\n! \t\t\t\t\tif(a == 1){\n! \t\t\t\t\t\ta = 0;\n! \t\t\t\t\t\tc = 1;\n! \t\t\t\t\t}\n> \t\t\t\t}\n> \t\t\t}else if(f[0].equals(\"B\")){\n! \t\t\t\tif(f[1].equals(\"C\")){\n! \t\t\t\t\tif(b == 1){\n! \t\t\t\t\t\tb = 0;\n! \t\t\t\t\t\tc = 1;\n! \t\t\t\t\t}\n! \t\t\t\t}else{\n! \t\t\t\t\tif(b == 1){\n! \t\t\t\t\t\tb = 0;\n! \t\t\t\t\t\ta = 1;\n! \t\t\t\t\t}\n> \t\t\t\t}\n> \t\t\t}else{\n! \t\t\t\tif(f[1].equals(\"A\")){\n! \t\t\t\t\tif(c == 1){\n! \t\t\t\t\t\tc = 0;\n! \t\t\t\t\t\ta = 1;\n! \t\t\t\t\t}\n! \t\t\t\t}else{\n! \t\t\t\t\tif(c == 1){\n! \t\t\t\t\t\tc = 0;\n! \t\t\t\t\t\tb = 1;\n! \t\t\t\t\t}\n> \t\t\t\t}\n> \t\t\t}\n> \t\t}\n> \t\tif(a == 1){\n! \t\t\tSystem.out.println(\"A\");\n> \t\t}else if(b == 1){\n> \t\t\tSystem.out.println(\"B\");\n> \t\t}else{\n! \t\t\tSystem.out.println(\"C\");\n> \t\t}\n> \t}\n> }\n```\n\n**Note:** The lines marked with `!` indicate that they were not covered by the given test case input.",
            "test_seed_coverage": [
                ">",
                ">",
                ">",
                ">",
                ">",
                ">",
                ">",
                ">",
                ">",
                ">",
                ">",
                ">",
                ">",
                ">",
                ">",
                ">",
                ">",
                ">",
                ">",
                ">",
                ">",
                ">",
                ">",
                ">",
                ">",
                ">",
                ">",
                ">",
                ">",
                ">",
                ">",
                ">",
                ">",
                ">",
                ">",
                ">",
                ">",
                ">",
                ">",
                ">",
                ">",
                ">",
                ">",
                ">",
                ">",
                ">",
                ">",
                ">",
                ">",
                ">",
                ">",
                ">",
                ">",
                ">",
                ">",
                ">",
                ">",
                ">"
            ],
            "cumulative_coverage": [
                ">",
                ">",
                ">",
                ">",
                ">",
                ">",
                ">",
                ">",
                ">",
                ">",
                ">",
                ">",
                ">",
                ">",
                ">",
                ">",
                ">",
                ">",
                ">",
                ">",
                ">",
                ">",
                ">",
                ">",
                ">",
                ">",
                ">",
                ">",
                ">",
                ">",
                ">",
                ">",
                ">",
                ">",
                ">",
                ">",
                ">",
                ">",
                ">",
                ">",
                ">",
                ">",
                ">",
                ">",
                ">",
                ">",
                ">",
                ">",
                ">",
                ">",
                ">",
                ">",
                ">",
                ">",
                ">",
                ">",
                ">",
                ">"
            ],
            "execution_error": "Exception in thread \"main\" java.lang.NullPointerException: Cannot invoke \"String.split(String, int)\" because \"<local7>\" is null\n\tat Main.main(Main.java:13)",
            "cerberus_output": "",
            "execution_result": "NullPointerException"
        },
        {
            "test_case": [
                "Test Case Input:\nA,B"
            ],
            "test_mutations": [
                "Test Case Input:\nA,B"
            ],
            "initial_code": "public class Main {\n\tpublic static void main(String[] args) throws java.io.IOException {\n\t\tScanner scan = new Scanner(System.in);\n\t\tInputStreamReader is = new InputStreamReader(System.in);\n\t\tBufferedReader br = new BufferedReader(is);\n\t\tint a = 1;\n\t\tint b = 0;\n\t\tint c = 0;\n\t\twhile(scan.hasNext()){\n\t\t\tString k = br.readLine();\n\t\t\tString[] f = k.split(\",\", -1);\n\t\t\tif(f[0].equals(\"A\")){\n\t\t\t\tif(f[1].equals(\"B\")){\n\t\t\t\t\tif(a == 1){\n\t\t\t\t\t\tb = 1;\n\t\t\t\t\t\ta = 0;\n\t\t\t\t\t}\n\t\t\t\t}else{\n\t\t\t\t\tif(a == 1){\n\t\t\t\t\t\ta = 0;\n\t\t\t\t\t\tc = 1;\n\t\t\t\t\t}\n\t\t\t\t}\n\t\t\t}else if(f[0].equals(\"B\")){\n\t\t\t\tif(f[1].equals(\"C\")){\n\t\t\t\t\tif(b == 1){\n\t\t\t\t\t\tb = 0;\n\t\t\t\t\t\tc = 1;\n\t\t\t\t\t}\n\t\t\t\t}else{\n\t\t\t\t\tif(b == 1){\n\t\t\t\t\t\tb = 0;\n\t\t\t\t\t\ta = 1;\n\t\t\t\t\t}\n\t\t\t\t}\n\t\t\t}else{\n\t\t\t\tif(f[1].equals(\"A\")){\n\t\t\t\t\tif(c == 1){\n\t\t\t\t\t\tc = 0;\n\t\t\t\t\t\ta = 1;\n\t\t\t\t\t}\n\t\t\t\t}else{\n\t\t\t\t\tif(c == 1){\n\t\t\t\t\t\tc = 0;\n\t\t\t\t\t\tb = 1;\n\t\t\t\t\t}\n\t\t\t\t}\n\t\t\t}\n\t\t}\n\t\tif(a == 1){\n\t\t\tSystem.out.println(\"A\");\n\t\t}else if(b == 1){\n\t\t\tSystem.out.println(\"B\");\n\t\t}else{\n\t\t\tSystem.out.println(\"C\");\n\t\t}\n\t}\n}",
            "covered_code": "Plan for step by step execution of the given Java program with the test case input \"A,B\":\n\n1. Import statements are always executed. Statements involving import of Scanner, InputStreamReader, and BufferedReader classes will be covered.\n\n2. Main Class Declaration: Always executed. Statement \"public class Main {\" is covered.\n\n3. Main Method Declaration: Always executed. Statement \"public static void main(String[] args) throws java.io.IOException {\" is covered.\n\n4. Declaration and Initialization: Statements initializing Scanner, InputStreamReader, and BufferedReader along with variable declaration and initialization for `a = 1`, `b = 0`, and `c = 0` are always executed.\n\n5. While loop Execution: The condition `scan.hasNext()` checks for input, and since there is input (\"A,B\"), the loop block will be executed.\n\n6. Inside While Loop:\n   a. Reading input and splitting: The input \"A,B\" is read and split based on \",\", so statements involving `br.readLine()` and `k.split(\",\", -1)` are executed.\n   b. If-Else Conditions: Based on the input \"A,B\", the if condition checking for `f[0].equals(\"A\")` is true, and further nested if condition checking for `f[1].equals(\"B\")` is also true. Since `a == 1` at this point, statements inside this block setting `b = 1` and `a = 0` are executed.\n   c. Remaining conditions within the while loop are not executed because the conditions do not match the input.\n\n7. Post Loop Condition Checks:\n   a. Since `a` is now 0, and `b` is set to 1, the condition `if(a == 1)` is false, and the `else if(b == 1)` condition is true. Therefore, the statement `System.out.println(\"B\");` is executed.\n\n8. Closing Brackets: Always covered.\n\nBased on the plan, the final code coverage for the Java program given the test case input \"A,B\" is:\n\n```java\n> public class Main {\n> \tpublic static void main(String[] args) throws java.io.IOException {\n> \t\tScanner scan = new Scanner(System.in);\n> \t\tInputStreamReader is = new InputStreamReader(System.in);\n> \t\tBufferedReader br = new BufferedReader(is);\n> \t\tint a = 1;\n> \t\tint b = 0;\n> \t\tint c = 0;\n> \t\twhile(scan.hasNext()){\n> \t\t\tString k = br.readLine();\n> \t\t\tString[] f = k.split(\",\", -1);\n> \t\t\tif(f[0].equals(\"A\")){\n> \t\t\t\tif(f[1].equals(\"B\")){\n> \t\t\t\t\tif(a == 1){\n> \t\t\t\t\t\tb = 1;\n> \t\t\t\t\t\ta = 0;\n> \t\t\t\t\t}\n> \t\t\t\t}else{\n! \t\t\t\t\tif(a == 1){\n! \t\t\t\t\t\ta = 0;\n! \t\t\t\t\t\tc = 1;\n! \t\t\t\t\t}\n> \t\t\t\t}\n> \t\t\t}else if(f[0].equals(\"B\")){\n! \t\t\t\tif(f[1].equals(\"C\")){\n! \t\t\t\t\tif(b == 1){\n! \t\t\t\t\t\tb = 0;\n! \t\t\t\t\t\tc = 1;\n! \t\t\t\t\t}\n! \t\t\t\t}else{\n! \t\t\t\t\tif(b == 1){\n! \t\t\t\t\t\tb = 0;\n! \t\t\t\t\t\ta = 1;\n! \t\t\t\t\t}\n> \t\t\t\t}\n> \t\t\t}else{\n! \t\t\t\tif(f[1].equals(\"A\")){\n! \t\t\t\t\tif(c == 1){\n! \t\t\t\t\t\tc = 0;\n! \t\t\t\t\t\ta = 1;\n! \t\t\t\t\t}\n! \t\t\t\t}else{\n! \t\t\t\t\tif(c == 1){\n! \t\t\t\t\t\tc = 0;\n! \t\t\t\t\t\tb = 1;\n! \t\t\t\t\t}\n> \t\t\t\t}\n> \t\t\t}\n> \t\t}\n> \t\tif(a == 1){\n! \t\t\tSystem.out.println(\"A\");\n> \t\t}else if(b == 1){\n> \t\t\tSystem.out.println(\"B\");\n> \t\t}else{\n! \t\t\tSystem.out.println(\"C\");\n> \t\t}\n> \t}\n> }\n```\n\nThe `!` indicates statements that were not executed due to the logic flow based on the input \"A,B\".",
            "test_seed_coverage": [
                ">",
                ">",
                ">",
                ">",
                ">",
                ">",
                ">",
                ">",
                ">",
                ">",
                ">",
                ">",
                ">",
                ">",
                ">",
                ">",
                ">",
                ">",
                ">",
                ">",
                ">",
                ">",
                ">",
                ">",
                ">",
                ">",
                ">",
                ">",
                ">",
                ">",
                ">",
                ">",
                ">",
                ">",
                ">",
                ">",
                ">",
                ">",
                ">",
                ">",
                ">",
                ">",
                ">",
                ">",
                ">",
                ">",
                ">",
                ">",
                ">",
                ">",
                ">",
                ">",
                ">",
                ">",
                ">",
                ">",
                ">",
                ">"
            ],
            "cumulative_coverage": [
                ">",
                ">",
                ">",
                ">",
                ">",
                ">",
                ">",
                ">",
                ">",
                ">",
                ">",
                ">",
                ">",
                ">",
                ">",
                ">",
                ">",
                ">",
                ">",
                ">",
                ">",
                ">",
                ">",
                ">",
                ">",
                ">",
                ">",
                ">",
                ">",
                ">",
                ">",
                ">",
                ">",
                ">",
                ">",
                ">",
                ">",
                ">",
                ">",
                ">",
                ">",
                ">",
                ">",
                ">",
                ">",
                ">",
                ">",
                ">",
                ">",
                ">",
                ">",
                ">",
                ">",
                ">",
                ">",
                ">",
                ">",
                ">"
            ],
            "execution_error": "Exception in thread \"main\" java.lang.NullPointerException: Cannot invoke \"String.split(String, int)\" because \"<local7>\" is null\n\tat Main.main(Main.java:13)",
            "cerberus_output": "",
            "execution_result": "NullPointerException"
        },
        {
            "test_case": [
                "Test Case Input:\nA,B"
            ],
            "test_mutations": [
                "Test Case Input:\nA,B"
            ],
            "initial_code": "public class Main {\n\tpublic static void main(String[] args) throws java.io.IOException {\n\t\tScanner scan = new Scanner(System.in);\n\t\tInputStreamReader is = new InputStreamReader(System.in);\n\t\tBufferedReader br = new BufferedReader(is);\n\t\tint a = 1;\n\t\tint b = 0;\n\t\tint c = 0;\n\t\twhile(scan.hasNext()){\n\t\t\tString k = br.readLine();\n\t\t\tString[] f = k.split(\",\", -1);\n\t\t\tif(f[0].equals(\"A\")){\n\t\t\t\tif(f[1].equals(\"B\")){\n\t\t\t\t\tif(a == 1){\n\t\t\t\t\t\tb = 1;\n\t\t\t\t\t\ta = 0;\n\t\t\t\t\t}\n\t\t\t\t}else{\n\t\t\t\t\tif(a == 1){\n\t\t\t\t\t\ta = 0;\n\t\t\t\t\t\tc = 1;\n\t\t\t\t\t}\n\t\t\t\t}\n\t\t\t}else if(f[0].equals(\"B\")){\n\t\t\t\tif(f[1].equals(\"C\")){\n\t\t\t\t\tif(b == 1){\n\t\t\t\t\t\tb = 0;\n\t\t\t\t\t\tc = 1;\n\t\t\t\t\t}\n\t\t\t\t}else{\n\t\t\t\t\tif(b == 1){\n\t\t\t\t\t\tb = 0;\n\t\t\t\t\t\ta = 1;\n\t\t\t\t\t}\n\t\t\t\t}\n\t\t\t}else{\n\t\t\t\tif(f[1].equals(\"A\")){\n\t\t\t\t\tif(c == 1){\n\t\t\t\t\t\tc = 0;\n\t\t\t\t\t\ta = 1;\n\t\t\t\t\t}\n\t\t\t\t}else{\n\t\t\t\t\tif(c == 1){\n\t\t\t\t\t\tc = 0;\n\t\t\t\t\t\tb = 1;\n\t\t\t\t\t}\n\t\t\t\t}\n\t\t\t}\n\t\t}\n\t\tif(a == 1){\n\t\t\tSystem.out.println(\"A\");\n\t\t}else if(b == 1){\n\t\t\tSystem.out.println(\"B\");\n\t\t}else{\n\t\t\tSystem.out.println(\"C\");\n\t\t}\n\t}\n}",
            "covered_code": "Given the test case input \"A,B\", let's develop a plan for step by step execution of the Java program and predict the code coverage:\n\n1. **Import Statements**: Statements to import `Scanner`, `InputStreamReader`, and `BufferedReader` classes are always executed. These are not explicitly shown in the given program snippet but are assumed to be present for it to compile and run correctly.\n\n2. **Class and Main Method Declaration**: Always executed. Statements `public class Main {` and `public static void main(String[] args) throws java.io.IOException {` are covered.\n\n3. **Variable Initialization**: Statements `Scanner scan = new Scanner(System.in);`, `InputStreamReader is = new InputStreamReader(System.in);`, `BufferedReader br = new BufferedReader(is);`, `int a = 1;`, `int b = 0;`, and `int c = 0;` are executed once at the start.\n\n4. **While Loop Execution**: Since the program reads from `System.in`, it's assumed based on the provided plan that the input \"A,B\" is given and read. Thus, the loop condition `scan.hasNext()` is true at least once, and the loop block will be executed with the provided input.\n\n5. **Read Input and Split**: The statement `String k = br.readLine();` and `String[] f = k.split(\",\", -1);` are executed, reading the input \"A,B\" and splitting it into `f[0] = \"A\"` and `f[1] = \"B\"`.\n\n6. **First If-Else Block (f[0].equals(\"A\"))**: Given `f[0] = \"A\"`, this block is executed. Since `f[1].equals(\"B\")` is true, and `a == 1` is also true, statements `b = 1;` and `a = 0;` inside this block are executed.\n\n7. **Subsequent Conditions**: The rest of the conditions do not match the current state of variables `a`, `b`, and `c`, nor the input \"A,B\", so they are not executed.\n\n8. **Final Condition Check and Output**: After exiting the loop (assuming the input ends after \"A,B\"), the condition `if(a == 1)` is false because `a` was set to 0, and `else if(b == 1)` is true because `b` was set to 1, hence `System.out.println(\"B\");` is executed.\n\n9. **Closing Braces and End of Program**: Always covered.\n\nBased on the step-by-step execution plan, the predicted code coverage is:\n\n```\n> public class Main {\n>     public static void main(String[] args) throws java.io.IOException {\n>         Scanner scan = new Scanner(System.in);\n>         InputStreamReader is = new InputStreamReader(System.in);\n>         BufferedReader br = new BufferedReader(is);\n>         int a = 1;\n>         int b = 0;\n>         int c = 0;\n>         while(scan.hasNext()){\n>             String k = br.readLine();\n>             String[] f = k.split(\",\", -1);\n>             if(f[0].equals(\"A\")){\n>                 if(f[1].equals(\"B\")){\n>                     if(a == 1){\n>                         b = 1;\n>                         a = 0;\n>                     }\n!                 }else{\n!                     if(a == 1){\n!                         a = 0;\n!                         c = 1;\n>                     }\n>                 }\n!             }else if(f[0].equals(\"B\")){\n!                 if(f[1].equals(\"C\")){\n!                     if(b == 1){\n!                         b = 0;\n!                         c = 1;\n!                     }\n!                 }else{\n!                     if(b == 1){\n!                         b = 0;\n!                         a = 1;\n!                     }\n!                 }\n!             }else{\n!                 if(f[1].equals(\"A\")){\n!                     if(c == 1){\n!                         c = 0;\n!                         a = 1;\n!                     }\n!                 }else{\n!                     if(c == 1){\n!                         c = 0;\n!                         b = 1;\n!                     }\n>                 }\n>             }\n>         }\n!         if(a == 1){\n!             System.out.println(\"A\");\n>         }else if(b == 1){\n>             System.out.println(\"B\");\n!         }else{\n!             System.out.println(\"C\");\n>         }\n>     }\n> }\n```\n\nThe exclamation marks (`!`) indicate lines of code that are not executed with the given test input \"A,B\", and greater than symbols (`>`) indicate lines that are executed.",
            "test_seed_coverage": [
                ">",
                ">",
                ">",
                ">",
                ">",
                ">",
                ">",
                ">",
                ">",
                ">",
                ">",
                ">",
                ">",
                ">",
                ">",
                ">",
                ">",
                ">",
                ">",
                ">",
                ">",
                ">",
                ">",
                ">",
                ">",
                ">",
                ">",
                ">",
                ">",
                ">",
                ">",
                ">",
                ">",
                ">",
                ">",
                ">",
                ">",
                ">",
                ">",
                ">",
                ">",
                ">",
                ">",
                ">",
                ">",
                ">",
                ">",
                ">",
                ">",
                ">",
                ">",
                ">",
                ">",
                ">",
                ">",
                ">",
                ">",
                ">"
            ],
            "cumulative_coverage": [
                ">",
                ">",
                ">",
                ">",
                ">",
                ">",
                ">",
                ">",
                ">",
                ">",
                ">",
                ">",
                ">",
                ">",
                ">",
                ">",
                ">",
                ">",
                ">",
                ">",
                ">",
                ">",
                ">",
                ">",
                ">",
                ">",
                ">",
                ">",
                ">",
                ">",
                ">",
                ">",
                ">",
                ">",
                ">",
                ">",
                ">",
                ">",
                ">",
                ">",
                ">",
                ">",
                ">",
                ">",
                ">",
                ">",
                ">",
                ">",
                ">",
                ">",
                ">",
                ">",
                ">",
                ">",
                ">",
                ">",
                ">",
                ">"
            ],
            "execution_error": "Exception in thread \"main\" java.lang.NullPointerException: Cannot invoke \"String.split(String, int)\" because \"<local7>\" is null\n\tat Main.main(Main.java:13)",
            "cerberus_output": "",
            "execution_result": "NullPointerException"
        },
        {
            "test_case": [
                "Test Case Input:\nA,B"
            ],
            "test_mutations": [
                "Test Case Input:\nA,B"
            ],
            "initial_code": "public class Main {\n\tpublic static void main(String[] args) throws java.io.IOException {\n\t\tScanner scan = new Scanner(System.in);\n\t\tInputStreamReader is = new InputStreamReader(System.in);\n\t\tBufferedReader br = new BufferedReader(is);\n\t\tint a = 1;\n\t\tint b = 0;\n\t\tint c = 0;\n\t\twhile(scan.hasNext()){\n\t\t\tString k = br.readLine();\n\t\t\tString[] f = k.split(\",\", -1);\n\t\t\tif(f[0].equals(\"A\")){\n\t\t\t\tif(f[1].equals(\"B\")){\n\t\t\t\t\tif(a == 1){\n\t\t\t\t\t\tb = 1;\n\t\t\t\t\t\ta = 0;\n\t\t\t\t\t}\n\t\t\t\t}else{\n\t\t\t\t\tif(a == 1){\n\t\t\t\t\t\ta = 0;\n\t\t\t\t\t\tc = 1;\n\t\t\t\t\t}\n\t\t\t\t}\n\t\t\t}else if(f[0].equals(\"B\")){\n\t\t\t\tif(f[1].equals(\"C\")){\n\t\t\t\t\tif(b == 1){\n\t\t\t\t\t\tb = 0;\n\t\t\t\t\t\tc = 1;\n\t\t\t\t\t}\n\t\t\t\t}else{\n\t\t\t\t\tif(b == 1){\n\t\t\t\t\t\tb = 0;\n\t\t\t\t\t\ta = 1;\n\t\t\t\t\t}\n\t\t\t\t}\n\t\t\t}else{\n\t\t\t\tif(f[1].equals(\"A\")){\n\t\t\t\t\tif(c == 1){\n\t\t\t\t\t\tc = 0;\n\t\t\t\t\t\ta = 1;\n\t\t\t\t\t}\n\t\t\t\t}else{\n\t\t\t\t\tif(c == 1){\n\t\t\t\t\t\tc = 0;\n\t\t\t\t\t\tb = 1;\n\t\t\t\t\t}\n\t\t\t\t}\n\t\t\t}\n\t\t}\n\t\tif(a == 1){\n\t\t\tSystem.out.println(\"A\");\n\t\t}else if(b == 1){\n\t\t\tSystem.out.println(\"B\");\n\t\t}else{\n\t\t\tSystem.out.println(\"C\");\n\t\t}\n\t}\n}",
            "covered_code": "Given the Java program and the test case input \"A,B\", let's develop a plan for step by step execution to predict the code coverage:\n\n1. **Import statements**: Statement `import java.util.Scanner;` and other necessary imports like `import java.io.InputStreamReader;` and `import java.io.BufferedReader;` will be covered as they are always executed.\n\n2. **Class Declaration**: The statement `public class Main {` is always executed as it declares the class.\n\n3. **Main method declaration**: The statement `public static void main(String[] args) throws java.io.IOException {` is always executed as it is the entry point of the program.\n\n4. **Variable Initialization**: Statements initializing `Scanner`, `InputStreamReader`, and `BufferedReader` along with variable declarations for `int a = 1;`, `int b = 0;`, and `int c = 0;` are executed as part of setting up the program's initial state.\n\n5. **While loop Execution**: The `while(scan.hasNext()){` will check if there is input available, which there is (\"A,B\"), so this and its contents will be executed.\n\n6. **Read Line and Split**: The statements inside the while loop for reading the line `String k = br.readLine();` and splitting it `String[] f = k.split(\",\", -1);` will be executed.\n\n7. **First if-else block**: Given the input \"A,B\", the program checks `if(f[0].equals(\"A\")){`, which is true. Therefore, this if block is executed.\n\n8. **Nested if-else block within \"A\"**: Within the \"A\" block, the program checks `if(f[1].equals(\"B\")){`, which is also true. So, the nested if block is executed, changing `b` to 1 and `a` to 0.\n\n9. **Subsequent if-else blocks for \"B\" and the last else**: Given the logic and the input, these blocks will not execute because the first condition was met and the loop will terminate after processing the input \"A,B\". Hence, they are not executed.\n\n10. **Final if-else block for printing \"A\", \"B\", or \"C\"**: Since `b` was set to 1, the program will print \"B\". Therefore, the `else if(b == 1){` block is executed.\n\nBased on the plan above, here is the code coverage:\n\n```java\n> public class Main {\n> \tpublic static void main(String[] args) throws java.io.IOException {\n> \t\tScanner scan = new Scanner(System.in);\n> \t\tInputStreamReader is = new InputStreamReader(System.in);\n> \t\tBufferedReader br = new BufferedReader(is);\n> \t\tint a = 1;\n> \t\tint b = 0;\n> \t\tint c = 0;\n> \t\twhile(scan.hasNext()){\n> \t\t\tString k = br.readLine();\n> \t\t\tString[] f = k.split(\",\", -1);\n> \t\t\tif(f[0].equals(\"A\")){\n> \t\t\t\tif(f[1].equals(\"B\")){\n> \t\t\t\t\tif(a == 1){\n> \t\t\t\t\t\tb = 1;\n> \t\t\t\t\t\ta = 0;\n> \t\t\t\t\t}\n> \t\t\t\t}else{\n! \t\t\t\t\tif(a == 1){\n! \t\t\t\t\t\ta = 0;\n! \t\t\t\t\t\tc = 1;\n! \t\t\t\t\t}\n> \t\t\t\t}\n> \t\t\t}else if(f[0].equals(\"B\")){\n! \t\t\t\tif(f[1].equals(\"C\")){\n! \t\t\t\t\tif(b == 1){\n! \t\t\t\t\t\tb = 0;\n! \t\t\t\t\t\tc = 1;\n! \t\t\t\t\t}\n! \t\t\t\t}else{\n! \t\t\t\t\tif(b == 1){\n! \t\t\t\t\t\tb = 0;\n! \t\t\t\t\t\ta = 1;\n! \t\t\t\t\t}\n> \t\t\t\t}\n> \t\t\t}else{\n! \t\t\t\tif(f[1].equals(\"A\")){\n! \t\t\t\t\tif(c == 1){\n! \t\t\t\t\t\tc = 0;\n! \t\t\t\t\t\ta = 1;\n! \t\t\t\t\t}\n! \t\t\t\t}else{\n! \t\t\t\t\tif(c == 1){\n! \t\t\t\t\t\tc = 0;\n! \t\t\t\t\t\tb = 1;\n! \t\t\t\t\t}\n> \t\t\t\t}\n> \t\t\t}\n> \t\t}\n> \t\tif(a == 1){\n! \t\t\tSystem.out.println(\"A\");\n> \t\t}else if(b == 1){\n> \t\t\tSystem.out.println(\"B\");\n> \t\t}else{\n! \t\t\tSystem.out.println(\"C\");\n> \t\t}\n> \t}\n> }\n```\n\nGiven the input \"A,B\", the branches and statements associated with conditions not met by this input are marked as not executed.",
            "test_seed_coverage": [
                ">",
                ">",
                ">",
                ">",
                ">",
                ">",
                ">",
                ">",
                ">",
                ">",
                ">",
                ">",
                ">",
                ">",
                ">",
                ">",
                ">",
                ">",
                ">",
                ">",
                ">",
                ">",
                ">",
                ">",
                ">",
                ">",
                ">",
                ">",
                ">",
                ">",
                ">",
                ">",
                ">",
                ">",
                ">",
                ">",
                ">",
                ">",
                ">",
                ">",
                ">",
                ">",
                ">",
                ">",
                ">",
                ">",
                ">",
                ">",
                ">",
                ">",
                ">",
                ">",
                ">",
                ">",
                ">",
                ">",
                ">",
                ">"
            ],
            "cumulative_coverage": [
                ">",
                ">",
                ">",
                ">",
                ">",
                ">",
                ">",
                ">",
                ">",
                ">",
                ">",
                ">",
                ">",
                ">",
                ">",
                ">",
                ">",
                ">",
                ">",
                ">",
                ">",
                ">",
                ">",
                ">",
                ">",
                ">",
                ">",
                ">",
                ">",
                ">",
                ">",
                ">",
                ">",
                ">",
                ">",
                ">",
                ">",
                ">",
                ">",
                ">",
                ">",
                ">",
                ">",
                ">",
                ">",
                ">",
                ">",
                ">",
                ">",
                ">",
                ">",
                ">",
                ">",
                ">",
                ">",
                ">",
                ">",
                ">"
            ],
            "execution_error": "Exception in thread \"main\" java.lang.NullPointerException: Cannot invoke \"String.split(String, int)\" because \"<local7>\" is null\n\tat Main.main(Main.java:13)",
            "cerberus_output": "",
            "execution_result": "NullPointerException"
        },
        {
            "test_case": [
                "Test Case Input:\nA,B"
            ],
            "test_mutations": [
                "Test Case Input:\nA,B"
            ],
            "initial_code": "public class Main {\n\tpublic static void main(String[] args) throws java.io.IOException {\n\t\tScanner scan = new Scanner(System.in);\n\t\tInputStreamReader is = new InputStreamReader(System.in);\n\t\tBufferedReader br = new BufferedReader(is);\n\t\tint a = 1;\n\t\tint b = 0;\n\t\tint c = 0;\n\t\twhile(scan.hasNext()){\n\t\t\tString k = br.readLine();\n\t\t\tString[] f = k.split(\",\", -1);\n\t\t\tif(f[0].equals(\"A\")){\n\t\t\t\tif(f[1].equals(\"B\")){\n\t\t\t\t\tif(a == 1){\n\t\t\t\t\t\tb = 1;\n\t\t\t\t\t\ta = 0;\n\t\t\t\t\t}\n\t\t\t\t}else{\n\t\t\t\t\tif(a == 1){\n\t\t\t\t\t\ta = 0;\n\t\t\t\t\t\tc = 1;\n\t\t\t\t\t}\n\t\t\t\t}\n\t\t\t}else if(f[0].equals(\"B\")){\n\t\t\t\tif(f[1].equals(\"C\")){\n\t\t\t\t\tif(b == 1){\n\t\t\t\t\t\tb = 0;\n\t\t\t\t\t\tc = 1;\n\t\t\t\t\t}\n\t\t\t\t}else{\n\t\t\t\t\tif(b == 1){\n\t\t\t\t\t\tb = 0;\n\t\t\t\t\t\ta = 1;\n\t\t\t\t\t}\n\t\t\t\t}\n\t\t\t}else{\n\t\t\t\tif(f[1].equals(\"A\")){\n\t\t\t\t\tif(c == 1){\n\t\t\t\t\t\tc = 0;\n\t\t\t\t\t\ta = 1;\n\t\t\t\t\t}\n\t\t\t\t}else{\n\t\t\t\t\tif(c == 1){\n\t\t\t\t\t\tc = 0;\n\t\t\t\t\t\tb = 1;\n\t\t\t\t\t}\n\t\t\t\t}\n\t\t\t}\n\t\t}\n\t\tif(a == 1){\n\t\t\tSystem.out.println(\"A\");\n\t\t}else if(b == 1){\n\t\t\tSystem.out.println(\"B\");\n\t\t}else{\n\t\t\tSystem.out.println(\"C\");\n\t\t}\n\t}\n}",
            "covered_code": "To achieve a step-by-step execution plan and predict the code coverage for the given Java program with the test case input \"A,B\", follow the below steps:\n\n1. **Import Statements and Class Declaration:** \n   - Import statements for Scanner, InputStreamReader, and BufferedReader classes are assumed to be present but not explicitly listed in the snippet. These would be executed.\n   - The class and main method declaration are always executed.\n\n2. **Variable Initialization:**\n   - Initializing `Scanner`, `InputStreamReader`, and `BufferedReader` objects are executed as they are necessary for input handling.\n   - Variables `a`, `b`, and `c` are initialized with values 1, 0, and 0 respectively. These lines are executed.\n\n3. **While Loop for Input Processing:**\n   - The `while` loop condition is evaluated. Since the input is provided, the condition `scan.hasNext()` returns true, so the loop body is executed.\n\n4. **Input Reading and Splitting:**\n   - Reading a line of input and splitting it into an array `f` based on \",\" delimiter is executed as it is within the while loop and necessary for further processing.\n\n5. **Conditional Statements:**\n   - Given the test case input \"A,B\", the first `if` condition `if(f[0].equals(\"A\"))` is true.\n   - Inside this `if` block, another `if` condition checks if `f[1].equals(\"B\")`, which is also true.\n   - Inside this nested `if`, another condition checks if `a == 1`, which is true as `a` was initialized to 1.\n   - As a result, `b` is set to 1, and `a` is set to 0. These lines are executed.\n   - All other `else if` and `else` conditions and their respective blocks are not executed since the first condition matched and executed.\n\n6. **Output Based on Conditions:**\n   - After exiting the while loop, the program checks the values of `a`, `b`, and `c` to determine which letter to print.\n   - Since `b` is set to 1 (and `a` is set to 0 by the conditionals), the `else if(b == 1)` condition is true, so \"B\" is printed. This line is executed.\n   - The final `else` condition would not be executed since the `else if` condition before it was true.\n\n7. **Closing Statements:**\n   - It's assumed that any necessary import statements or closing of resources (like closing `Scanner`, `InputStreamReader`, and `BufferedReader`) are handled but not explicitly shown in the snippet.\n\nBased on the above plan, the predicted code coverage is:\n\n```java\n> public class Main {\n> \tpublic static void main(String[] args) throws java.io.IOException {\n> \t\tScanner scan = new Scanner(System.in);\n> \t\tInputStreamReader is = new InputStreamReader(System.in);\n> \t\tBufferedReader br = new BufferedReader(is);\n> \t\tint a = 1;\n> \t\tint b = 0;\n> \t\tint c = 0;\n> \t\twhile(scan.hasNext()){\n> \t\t\tString k = br.readLine();\n> \t\t\tString[] f = k.split(\",\", -1);\n> \t\t\tif(f[0].equals(\"A\")){\n> \t\t\t\tif(f[1].equals(\"B\")){\n> \t\t\t\t\tif(a == 1){\n> \t\t\t\t\t\tb = 1;\n> \t\t\t\t\t\ta = 0;\n> \t\t\t\t\t}\n> \t\t\t\t}else{\n! \t\t\t\t\tif(a == 1){\n! \t\t\t\t\t\ta = 0;\n! \t\t\t\t\t\tc = 1;\n! \t\t\t\t\t}\n> \t\t\t\t}\n> \t\t\t}else if(f[0].equals(\"B\")){\n! \t\t\t\tif(f[1].equals(\"C\")){\n! \t\t\t\t\tif(b == 1){\n! \t\t\t\t\t\tb = 0;\n! \t\t\t\t\t\tc = 1;\n! \t\t\t\t\t}\n! \t\t\t\t}else{\n! \t\t\t\t\tif(b == 1){\n! \t\t\t\t\t\tb = 0;\n! \t\t\t\t\t\ta = 1;\n! \t\t\t\t\t}\n> \t\t\t\t}\n> \t\t\t}else{\n! \t\t\t\tif(f[1].equals(\"A\")){\n! \t\t\t\t\tif(c == 1){\n! \t\t\t\t\t\tc = 0;\n! \t\t\t\t\t\ta = 1;\n! \t\t\t\t\t}\n! \t\t\t\t}else{\n! \t\t\t\t\tif(c == 1){\n! \t\t\t\t\t\tc = 0;\n! \t\t\t\t\t\tb = 1;\n! \t\t\t\t\t}\n> \t\t\t\t}\n> \t\t\t}\n> \t\t}\n> \t\tif(a == 1){\n! \t\t\tSystem.out.println(\"A\");\n> \t\t}else if(b == 1){\n> \t\t\tSystem.out.println(\"B\");\n> \t\t}else{\n! \t\t\tSystem.out.println(\"C\");\n> \t\t}\n> \t}\n> }\n```\n\n**Note:** The actual execution and coverage may slightly differ based on the complete context of the program, including import statements and any resource management not shown in the provided snippet.",
            "test_seed_coverage": [
                ">",
                ">",
                ">",
                ">",
                ">",
                ">",
                ">",
                ">",
                ">",
                ">",
                ">",
                ">",
                ">",
                ">",
                ">",
                ">",
                ">",
                ">",
                ">",
                ">",
                ">",
                ">",
                ">",
                ">",
                ">",
                ">",
                ">",
                ">",
                ">",
                ">",
                ">",
                ">",
                ">",
                ">",
                ">",
                ">",
                ">",
                ">",
                ">",
                ">",
                ">",
                ">",
                ">",
                ">",
                ">",
                ">",
                ">",
                ">",
                ">",
                ">",
                ">",
                ">",
                ">",
                ">",
                ">",
                ">",
                ">",
                ">"
            ],
            "cumulative_coverage": [
                ">",
                ">",
                ">",
                ">",
                ">",
                ">",
                ">",
                ">",
                ">",
                ">",
                ">",
                ">",
                ">",
                ">",
                ">",
                ">",
                ">",
                ">",
                ">",
                ">",
                ">",
                ">",
                ">",
                ">",
                ">",
                ">",
                ">",
                ">",
                ">",
                ">",
                ">",
                ">",
                ">",
                ">",
                ">",
                ">",
                ">",
                ">",
                ">",
                ">",
                ">",
                ">",
                ">",
                ">",
                ">",
                ">",
                ">",
                ">",
                ">",
                ">",
                ">",
                ">",
                ">",
                ">",
                ">",
                ">",
                ">",
                ">"
            ],
            "execution_error": "Exception in thread \"main\" java.lang.NullPointerException: Cannot invoke \"String.split(String, int)\" because \"<local7>\" is null\n\tat Main.main(Main.java:13)",
            "cerberus_output": "",
            "execution_result": "NullPointerException"
        },
        {
            "test_case": [
                "Test Case Input:\nB,A"
            ],
            "test_mutations": [
                "Test Case Input:\nB,A"
            ],
            "initial_code": "public class Main {\n\tpublic static void main(String[] args) throws java.io.IOException {\n\t\tScanner scan = new Scanner(System.in);\n\t\tInputStreamReader is = new InputStreamReader(System.in);\n\t\tBufferedReader br = new BufferedReader(is);\n\t\tint a = 1;\n\t\tint b = 0;\n\t\tint c = 0;\n\t\twhile(scan.hasNext()){\n\t\t\tString k = br.readLine();\n\t\t\tString[] f = k.split(\",\", -1);\n\t\t\tif(f[0].equals(\"A\")){\n\t\t\t\tif(f[1].equals(\"B\")){\n\t\t\t\t\tif(a == 1){\n\t\t\t\t\t\tb = 1;\n\t\t\t\t\t\ta = 0;\n\t\t\t\t\t}\n\t\t\t\t}else{\n\t\t\t\t\tif(a == 1){\n\t\t\t\t\t\ta = 0;\n\t\t\t\t\t\tc = 1;\n\t\t\t\t\t}\n\t\t\t\t}\n\t\t\t}else if(f[0].equals(\"B\")){\n\t\t\t\tif(f[1].equals(\"C\")){\n\t\t\t\t\tif(b == 1){\n\t\t\t\t\t\tb = 0;\n\t\t\t\t\t\tc = 1;\n\t\t\t\t\t}\n\t\t\t\t}else{\n\t\t\t\t\tif(b == 1){\n\t\t\t\t\t\tb = 0;\n\t\t\t\t\t\ta = 1;\n\t\t\t\t\t}\n\t\t\t\t}\n\t\t\t}else{\n\t\t\t\tif(f[1].equals(\"A\")){\n\t\t\t\t\tif(c == 1){\n\t\t\t\t\t\tc = 0;\n\t\t\t\t\t\ta = 1;\n\t\t\t\t\t}\n\t\t\t\t}else{\n\t\t\t\t\tif(c == 1){\n\t\t\t\t\t\tc = 0;\n\t\t\t\t\t\tb = 1;\n\t\t\t\t\t}\n\t\t\t\t}\n\t\t\t}\n\t\t}\n\t\tif(a == 1){\n\t\t\tSystem.out.println(\"A\");\n\t\t}else if(b == 1){\n\t\t\tSystem.out.println(\"B\");\n\t\t}else{\n\t\t\tSystem.out.println(\"C\");\n\t\t}\n\t}\n}",
            "covered_code": "Given the test case input \"B,A\", let's develop a plan for step by step execution of the code snippet to predict the code coverage:\n\n1. Import statements and InputStreamReader, BufferedReader class instantiation are always executed. Statements involving \"import java.util.Scanner;\", \"InputStreamReader is = new InputStreamReader(System.in);\" and \"BufferedReader br = new BufferedReader(is);\" will be covered.\n\n2. Main method declaration: always executed. The statement \"public static void main(String[] args) throws java.io.IOException {\" is covered.\n\n3. Variable initialization: Statements \"int a = 1;\", \"int b = 0;\", and \"int c = 0;\" are always executed and thus covered.\n\n4. While loop condition check: The condition \"scan.hasNext()\" checks if there is another line to read. Given the test case, there is at least one input line, so the while loop is entered.\n\n5. Reading the input and splitting: Statements \"String k = br.readLine();\" and \"String[] f = k.split(\",\", -1);\" are executed to read the input line and split it based on \",\", respectively.\n\n6. First if-else condition: Since the first element of the input is \"B\", the first \"if\" condition is not met, and we move to the \"else if\" condition that checks if `f[0].equals(\"B\")`, which is true in this case.\n\n7. Nested if-else within the \"B\" condition: Since the second element is \"A\", the inner conditions checking for \"C\" and the subsequent else condition are not satisfied. Hence, no change in variables `a`, `b`, or `c`.\n\n8. Loop continuation: Without additional input, the while loop will not execute further, assuming only one line of input based on the given test case.\n\n9. Final condition checks and output: Since neither `b` nor `c` was set to 1, `a` remains 1. Thus, the condition checking if a == 1 is true, leading to the output \"A\".\n\n10. Closing of the while loop, and no further code execution because there's no more input.\n\n11. Closing brackets are always covered.\n\nBased on the step-by-step plan, the code coverage can be predicted as:\n\n> public class Main {\n> \tpublic static void main(String[] args) throws java.io.IOException {\n> \t\tScanner scan = new Scanner(System.in);\n> \t\tInputStreamReader is = new InputStreamReader(System.in);\n> \t\tBufferedReader br = new BufferedReader(is);\n> \t\tint a = 1;\n> \t\tint b = 0;\n> \t\tint c = 0;\n> \t\twhile(scan.hasNext()){\n> \t\t\tString k = br.readLine();\n> \t\t\tString[] f = k.split(\",\", -1);\n> \t\t\tif(f[0].equals(\"A\")){\n! \t\t\t\tif(f[1].equals(\"B\")){\n! \t\t\t\t\tif(a == 1){\n! \t\t\t\t\t\tb = 1;\n! \t\t\t\t\t\ta = 0;\n! \t\t\t\t\t}\n! \t\t\t\t}else{\n! \t\t\t\t\tif(a == 1){\n! \t\t\t\t\t\ta = 0;\n! \t\t\t\t\t\tc = 1;\n! \t\t\t\t\t}\n! \t\t\t\t}\n> \t\t\t}else if(f[0].equals(\"B\")){\n! \t\t\t\tif(f[1].equals(\"C\")){\n! \t\t\t\t\tif(b == 1){\n! \t\t\t\t\t\tb = 0;\n! \t\t\t\t\t\tc = 1;\n! \t\t\t\t\t}\n! \t\t\t\t}else{\n! \t\t\t\t\tif(b == 1){\n! \t\t\t\t\t\tb = 0;\n! \t\t\t\t\t\ta = 1;\n! \t\t\t\t\t}\n! \t\t\t\t}\n> \t\t\t}else{\n! \t\t\t\tif(f[1].equals(\"A\")){\n! \t\t\t\t\tif(c == 1){\n! \t\t\t\t\t\tc = 0;\n! \t\t\t\t\t\ta = 1;\n! \t\t\t\t\t}\n! \t\t\t\t}else{\n! \t\t\t\t\tif(c == 1){\n! \t\t\t\t\t\tc = 0;\n! \t\t\t\t\t\tb = 1;\n! \t\t\t\t\t}\n! \t\t\t\t}\n> \t\t\t}\n> \t\t}\n> \t\tif(a == 1){\n> \t\t\tSystem.out.println(\"A\");\n> \t\t}else if(b == 1){\n! \t\t\tSystem.out.println(\"B\");\n> \t\t}else{\n! \t\t\tSystem.out.println(\"C\");\n> \t\t}\n> \t}\n> }\n\nGiven the provided input, the actual branches and conditions that result in changes to variables `a`, `b`, and `c` are not encountered as per the provided test case. The specific branches for the \"B,A\" condition do not execute any of the variable modification logic, and only the final print condition for `a == 1` is executed, printing \"A\".",
            "test_seed_coverage": [
                ">",
                ">",
                ">",
                ">",
                ">",
                ">",
                ">",
                ">",
                ">",
                ">",
                ">",
                ">",
                ">",
                ">",
                ">",
                ">",
                ">",
                ">",
                ">",
                ">",
                ">",
                ">",
                ">",
                ">",
                ">",
                ">",
                ">",
                ">",
                ">",
                ">",
                ">",
                ">",
                ">",
                ">",
                ">",
                ">",
                ">",
                ">",
                ">",
                ">",
                ">",
                ">",
                ">",
                ">",
                ">",
                ">",
                ">",
                ">",
                ">",
                ">",
                ">",
                ">",
                ">",
                ">",
                ">",
                ">",
                ">",
                ">"
            ],
            "cumulative_coverage": [
                ">",
                ">",
                ">",
                ">",
                ">",
                ">",
                ">",
                ">",
                ">",
                ">",
                ">",
                ">",
                ">",
                ">",
                ">",
                ">",
                ">",
                ">",
                ">",
                ">",
                ">",
                ">",
                ">",
                ">",
                ">",
                ">",
                ">",
                ">",
                ">",
                ">",
                ">",
                ">",
                ">",
                ">",
                ">",
                ">",
                ">",
                ">",
                ">",
                ">",
                ">",
                ">",
                ">",
                ">",
                ">",
                ">",
                ">",
                ">",
                ">",
                ">",
                ">",
                ">",
                ">",
                ">",
                ">",
                ">",
                ">",
                ">"
            ],
            "execution_error": "Exception in thread \"main\" java.lang.NullPointerException: Cannot invoke \"String.split(String, int)\" because \"<local7>\" is null\n\tat Main.main(Main.java:13)",
            "cerberus_output": "",
            "execution_result": "NullPointerException"
        },
        {
            "test_case": [
                "Test Case Input:\nA,B"
            ],
            "test_mutations": [
                "Test Case Input:\nA,B"
            ],
            "initial_code": "public class Main {\n\tpublic static void main(String[] args) throws java.io.IOException {\n\t\tScanner scan = new Scanner(System.in);\n\t\tInputStreamReader is = new InputStreamReader(System.in);\n\t\tBufferedReader br = new BufferedReader(is);\n\t\tint a = 1;\n\t\tint b = 0;\n\t\tint c = 0;\n\t\twhile(scan.hasNext()){\n\t\t\tString k = br.readLine();\n\t\t\tString[] f = k.split(\",\", -1);\n\t\t\tif(f[0].equals(\"A\")){\n\t\t\t\tif(f[1].equals(\"B\")){\n\t\t\t\t\tif(a == 1){\n\t\t\t\t\t\tb = 1;\n\t\t\t\t\t\ta = 0;\n\t\t\t\t\t}\n\t\t\t\t}else{\n\t\t\t\t\tif(a == 1){\n\t\t\t\t\t\ta = 0;\n\t\t\t\t\t\tc = 1;\n\t\t\t\t\t}\n\t\t\t\t}\n\t\t\t}else if(f[0].equals(\"B\")){\n\t\t\t\tif(f[1].equals(\"C\")){\n\t\t\t\t\tif(b == 1){\n\t\t\t\t\t\tb = 0;\n\t\t\t\t\t\tc = 1;\n\t\t\t\t\t}\n\t\t\t\t}else{\n\t\t\t\t\tif(b == 1){\n\t\t\t\t\t\tb = 0;\n\t\t\t\t\t\ta = 1;\n\t\t\t\t\t}\n\t\t\t\t}\n\t\t\t}else{\n\t\t\t\tif(f[1].equals(\"A\")){\n\t\t\t\t\tif(c == 1){\n\t\t\t\t\t\tc = 0;\n\t\t\t\t\t\ta = 1;\n\t\t\t\t\t}\n\t\t\t\t}else{\n\t\t\t\t\tif(c == 1){\n\t\t\t\t\t\tc = 0;\n\t\t\t\t\t\tb = 1;\n\t\t\t\t\t}\n\t\t\t\t}\n\t\t\t}\n\t\t}\n\t\tif(a == 1){\n\t\t\tSystem.out.println(\"A\");\n\t\t}else if(b == 1){\n\t\t\tSystem.out.println(\"B\");\n\t\t}else{\n\t\t\tSystem.out.println(\"C\");\n\t\t}\n\t}\n}",
            "covered_code": "To predict the code coverage for the provided Java program based on the given test case input \"A,B\", we'll follow a step-by-step plan similar to the one outlined in the example. The Java program uses a `Scanner` to read inputs and a `BufferedReader` to process a string input which is split and processed in a loop.\n\n**PLAN for step-by-step execution:**\n\n1. **Import Statements and Class/Method Declarations:** Always executed. \n2. **Scanner and BufferedReader Initializations:** Executed since they're part of the main method's setup.\n3. **Initial Variable Assignments:** `int a = 1; int b = 0; int c = 0;` are executed as they're placed directly in the main method.\n4. **While Loop:** As `scan.hasNext()` will be true for the input \"A,B\", the loop will be entered.\n5. **Reading Line and Splitting:** The `br.readLine()` method is executed to read \"A,B\" and split it into an array `f`.\n6. **First Conditional Block (if-else):** Since `f[0].equals(\"A\")` is true, this block will be executed.\n   - **Nested if-else for `f[1].equals(\"B\")`:** As this is also true, the nested if condition `if(a == 1)` will be executed, changing `b` to 1 and `a` to 0.\n7. **Loop Continuation or Termination:** There is no mechanism provided to break out of the loop within the given pseudocode or test input, which would potentially cause an infinite loop in a real execution environment. However, for code coverage analysis, we'll assume the loop executes once for the given input and then somehow terminates.\n8. **Final Conditionals:** After exiting the loop (assuming it's possible), the final conditional block to check the values of `a`, `b`, and `c` and print the corresponding letter will be executed. Based on the changes, `b` will be 1, so \"B\" will be printed.\n\n**Predicted Code Coverage:**\n\n```\n> public class Main {\n> \tpublic static void main(String[] args) throws java.io.IOException {\n> \t\tScanner scan = new Scanner(System.in);\n> \t\tInputStreamReader is = new InputStreamReader(System.in);\n> \t\tBufferedReader br = new BufferedReader(is);\n> \t\tint a = 1;\n> \t\tint b = 0;\n> \t\tint c = 0;\n> \t\twhile(scan.hasNext()){\n> \t\t\tString k = br.readLine();\n> \t\t\tString[] f = k.split(\",\", -1);\n> \t\t\tif(f[0].equals(\"A\")){\n> \t\t\t\tif(f[1].equals(\"B\")){\n> \t\t\t\t\tif(a == 1){\n> \t\t\t\t\t\tb = 1;\n> \t\t\t\t\t\ta = 0;\n> \t\t\t\t\t}\n> \t\t\t\t}else{\n> \t\t\t\t\tif(a == 1){\n> \t\t\t\t\t\ta = 0;\n> \t\t\t\t\t\tc = 1;\n! \t\t\t\t\t}\n! \t\t\t\t}\n> \t\t\t}else if(f[0].equals(\"B\")){\n! \t\t\t\tif(f[1].equals(\"C\")){\n! \t\t\t\t\tif(b == 1){\n! \t\t\t\t\t\tb = 0;\n! \t\t\t\t\t\tc = 1;\n! \t\t\t\t\t}\n! \t\t\t\t}else{\n! \t\t\t\t\tif(b == 1){\n! \t\t\t\t\t\tb = 0;\n! \t\t\t\t\t\ta = 1;\n! \t\t\t\t\t}\n! \t\t\t\t}\n> \t\t\t}else{\n! \t\t\t\tif(f[1].equals(\"A\")){\n! \t\t\t\t\tif(c == 1){\n! \t\t\t\t\t\tc = 0;\n! \t\t\t\t\t\ta = 1;\n! \t\t\t\t\t}\n! \t\t\t\t}else{\n! \t\t\t\t\tif(c == 1){\n! \t\t\t\t\t\tc = 0;\n! \t\t\t\t\t\tb = 1;\n! \t\t\t\t\t}\n! \t\t\t\t}\n> \t\t\t}\n> \t\t}\n> \t\tif(a == 1){\n! \t\t\tSystem.out.println(\"A\");\n> \t\t}else if(b == 1){\n> \t\t\tSystem.out.println(\"B\");\n> \t\t}else{\n! \t\t\tSystem.out.println(\"C\");\n> \t\t}\n> \t}\n> }\n```\n\n**Note:** The coverage indicates that only the paths leading to changing `a` to 0 and `b` to 1 are covered. Paths involving `f[0]` being \"B\" or other conditions changing `c` are not executed based on the provided input. Also, the actual execution might result in an infinite loop due to `while(scan.hasNext())` with no clear termination condition or input end marker within the provided code snippet and plan.",
            "test_seed_coverage": [
                ">",
                ">",
                ">",
                ">",
                ">",
                ">",
                ">",
                ">",
                ">",
                ">",
                ">",
                ">",
                ">",
                ">",
                ">",
                ">",
                ">",
                ">",
                ">",
                ">",
                ">",
                ">",
                ">",
                ">",
                ">",
                ">",
                ">",
                ">",
                ">",
                ">",
                ">",
                ">",
                ">",
                ">",
                ">",
                ">",
                ">",
                ">",
                ">",
                ">",
                ">",
                ">",
                ">",
                ">",
                ">",
                ">",
                ">",
                ">",
                ">",
                ">",
                ">",
                ">",
                ">",
                ">",
                ">",
                ">",
                ">",
                ">"
            ],
            "cumulative_coverage": [
                ">",
                ">",
                ">",
                ">",
                ">",
                ">",
                ">",
                ">",
                ">",
                ">",
                ">",
                ">",
                ">",
                ">",
                ">",
                ">",
                ">",
                ">",
                ">",
                ">",
                ">",
                ">",
                ">",
                ">",
                ">",
                ">",
                ">",
                ">",
                ">",
                ">",
                ">",
                ">",
                ">",
                ">",
                ">",
                ">",
                ">",
                ">",
                ">",
                ">",
                ">",
                ">",
                ">",
                ">",
                ">",
                ">",
                ">",
                ">",
                ">",
                ">",
                ">",
                ">",
                ">",
                ">",
                ">",
                ">",
                ">",
                ">"
            ],
            "execution_error": "Exception in thread \"main\" java.lang.NullPointerException: Cannot invoke \"String.split(String, int)\" because \"<local7>\" is null\n\tat Main.main(Main.java:13)",
            "cerberus_output": "",
            "execution_result": "NullPointerException"
        },
        {
            "test_case": [
                "Test Case Input:\nA,B"
            ],
            "test_mutations": [
                "Test Case Input:\nA,B"
            ],
            "initial_code": "public class Main {\n\tpublic static void main(String[] args) throws java.io.IOException {\n\t\tScanner scan = new Scanner(System.in);\n\t\tInputStreamReader is = new InputStreamReader(System.in);\n\t\tBufferedReader br = new BufferedReader(is);\n\t\tint a = 1;\n\t\tint b = 0;\n\t\tint c = 0;\n\t\twhile(scan.hasNext()){\n\t\t\tString k = br.readLine();\n\t\t\tString[] f = k.split(\",\", -1);\n\t\t\tif(f[0].equals(\"A\")){\n\t\t\t\tif(f[1].equals(\"B\")){\n\t\t\t\t\tif(a == 1){\n\t\t\t\t\t\tb = 1;\n\t\t\t\t\t\ta = 0;\n\t\t\t\t\t}\n\t\t\t\t}else{\n\t\t\t\t\tif(a == 1){\n\t\t\t\t\t\ta = 0;\n\t\t\t\t\t\tc = 1;\n\t\t\t\t\t}\n\t\t\t\t}\n\t\t\t}else if(f[0].equals(\"B\")){\n\t\t\t\tif(f[1].equals(\"C\")){\n\t\t\t\t\tif(b == 1){\n\t\t\t\t\t\tb = 0;\n\t\t\t\t\t\tc = 1;\n\t\t\t\t\t}\n\t\t\t\t}else{\n\t\t\t\t\tif(b == 1){\n\t\t\t\t\t\tb = 0;\n\t\t\t\t\t\ta = 1;\n\t\t\t\t\t}\n\t\t\t\t}\n\t\t\t}else{\n\t\t\t\tif(f[1].equals(\"A\")){\n\t\t\t\t\tif(c == 1){\n\t\t\t\t\t\tc = 0;\n\t\t\t\t\t\ta = 1;\n\t\t\t\t\t}\n\t\t\t\t}else{\n\t\t\t\t\tif(c == 1){\n\t\t\t\t\t\tc = 0;\n\t\t\t\t\t\tb = 1;\n\t\t\t\t\t}\n\t\t\t\t}\n\t\t\t}\n\t\t}\n\t\tif(a == 1){\n\t\t\tSystem.out.println(\"A\");\n\t\t}else if(b == 1){\n\t\t\tSystem.out.println(\"B\");\n\t\t}else{\n\t\t\tSystem.out.println(\"C\");\n\t\t}\n\t}\n}",
            "covered_code": "Given the test case input 'A,B', let's develop a plan for step by step execution of the provided Java program and predict its code coverage.\n\n**Plan for Step by Step Execution:**\n\n1. **Import Statements**: These are always executed as part of the compilation process, statements like \"import java.util.Scanner;\", \"import java.io.InputStreamReader;\", and \"import java.io.BufferedReader;\" are covered.\n\n2. **Class Declaration**: Always executed. Statement \"public class Main {\" is covered.\n\n3. **Main Method Declaration**: Always executed. Statement \"public static void main(String[] args) throws java.io.IOException {\" is covered.\n\n4. **Variable Initialization**: The variables `a`, `b`, and `c` initialization statements will be executed. Statements \"int a = 1;\", \"int b = 0;\", and \"int c = 0;\" are covered.\n\n5. **Input Reading Loop**: Given \"A,B\" as input, `scan.hasNext()` will be true for the first iteration, so the loop \"while(scan.hasNext()){\" will be covered.\n\n6. **Read Input and Split**: The statements \"String k = br.readLine();\" and \"String[] f = k.split(\",\", -1);\" will be executed to read the input and split it based on \",\". These are covered.\n\n7. **Condition Check for 'A'**: Since the first part of the input is 'A', the condition \"if(f[0].equals(\"A\")){\" will be true and thus covered.\n\n8. **Nested Condition Check for 'B'**: Given the second part of the input is 'B', the nested condition \"if(f[1].equals(\"B\")){\" will be true. This statement is covered.\n\n9. **Further Nested Conditions**: Since `a == 1` initially, the condition \"if(a == 1){\" will be true, so the statements \"b = 1;\" and \"a = 0;\" within this block will be executed. These are covered.\n\n10. **Remaining Conditions**: Since the input \"A,B\" leads to a specific path in the code, all other conditions and their associated statements are not executed. This includes other `else` and `else if` blocks that check for different values of `f[0]` and `f[1]`.\n\n11. **Final Condition Check and Output**: After the loop, the condition \"if(a == 1){\" is false because `a` was set to 0, the condition \"else if(b == 1){\" is true because `b` was set to 1, so \"System.out.println(\"B\");\" will be executed.\n\n12. **Scanner and BufferedReader are not explicitly closed in the provided code snippet.**\n\n**Predicted Code Coverage:**\n\n```\n> public class Main {\n>     public static void main(String[] args) throws java.io.IOException {\n>         Scanner scan = new Scanner(System.in);\n>         InputStreamReader is = new InputStreamReader(System.in);\n>         BufferedReader br = new BufferedReader(is);\n>         int a = 1;\n>         int b = 0;\n>         int c = 0;\n>         while(scan.hasNext()){\n>             String k = br.readLine();\n>             String[] f = k.split(\",\", -1);\n>             if(f[0].equals(\"A\")){\n>                 if(f[1].equals(\"B\")){\n>                     if(a == 1){\n>                         b = 1;\n>                         a = 0;\n>                     }\n!                 }else{\n!                     if(a == 1){\n!                         a = 0;\n!                         c = 1;\n!                     }\n!                 }\n!             }else if(f[0].equals(\"B\")){\n!                 if(f[1].equals(\"C\")){\n!                     if(b == 1){\n!                         b = 0;\n!                         c = 1;\n!                     }\n!                 }else{\n!                     if(b == 1){\n!                         b = 0;\n!                         a = 1;\n!                     }\n!                 }\n!             }else{\n!                 if(f[1].equals(\"A\")){\n!                     if(c == 1){\n!                         c = 0;\n!                         a = 1;\n!                     }\n!                 }else{\n!                     if(c == 1){\n!                         c = 0;\n!                         b = 1;\n!                     }\n!                 }\n>             }\n>         }\n!         if(a == 1){\n!             System.out.println(\"A\");\n>         }else if(b == 1){\n>             System.out.println(\"B\");\n!         }else{\n!             System.out.println(\"C\");\n>         }\n>     }\n> }\n```\n\n**Note:** The lines marked with `!` are not executed based on the given input 'A,B'. The remaining lines (marked with `>`) are executed.",
            "test_seed_coverage": [
                ">",
                ">",
                ">",
                ">",
                ">",
                ">",
                ">",
                ">",
                ">",
                ">",
                ">",
                ">",
                ">",
                ">",
                ">",
                ">",
                ">",
                ">",
                ">",
                ">",
                ">",
                ">",
                ">",
                ">",
                ">",
                ">",
                ">",
                ">",
                ">",
                ">",
                ">",
                ">",
                ">",
                ">",
                ">",
                ">",
                ">",
                ">",
                ">",
                ">",
                ">",
                ">",
                ">",
                ">",
                ">",
                ">",
                ">",
                ">",
                ">",
                ">",
                ">",
                ">",
                ">",
                ">",
                ">",
                ">",
                ">",
                ">"
            ],
            "cumulative_coverage": [
                ">",
                ">",
                ">",
                ">",
                ">",
                ">",
                ">",
                ">",
                ">",
                ">",
                ">",
                ">",
                ">",
                ">",
                ">",
                ">",
                ">",
                ">",
                ">",
                ">",
                ">",
                ">",
                ">",
                ">",
                ">",
                ">",
                ">",
                ">",
                ">",
                ">",
                ">",
                ">",
                ">",
                ">",
                ">",
                ">",
                ">",
                ">",
                ">",
                ">",
                ">",
                ">",
                ">",
                ">",
                ">",
                ">",
                ">",
                ">",
                ">",
                ">",
                ">",
                ">",
                ">",
                ">",
                ">",
                ">",
                ">",
                ">"
            ],
            "execution_error": "Exception in thread \"main\" java.lang.NullPointerException: Cannot invoke \"String.split(String, int)\" because \"<local7>\" is null\n\tat Main.main(Main.java:13)",
            "cerberus_output": "",
            "execution_result": "NullPointerException"
        },
        {
            "test_case": [
                "Test Case Input:\nA,B"
            ],
            "test_mutations": [
                "Test Case Input:\nA,B"
            ],
            "initial_code": "public class Main {\n\tpublic static void main(String[] args) throws java.io.IOException {\n\t\tScanner scan = new Scanner(System.in);\n\t\tInputStreamReader is = new InputStreamReader(System.in);\n\t\tBufferedReader br = new BufferedReader(is);\n\t\tint a = 1;\n\t\tint b = 0;\n\t\tint c = 0;\n\t\twhile(scan.hasNext()){\n\t\t\tString k = br.readLine();\n\t\t\tString[] f = k.split(\",\", -1);\n\t\t\tif(f[0].equals(\"A\")){\n\t\t\t\tif(f[1].equals(\"B\")){\n\t\t\t\t\tif(a == 1){\n\t\t\t\t\t\tb = 1;\n\t\t\t\t\t\ta = 0;\n\t\t\t\t\t}\n\t\t\t\t}else{\n\t\t\t\t\tif(a == 1){\n\t\t\t\t\t\ta = 0;\n\t\t\t\t\t\tc = 1;\n\t\t\t\t\t}\n\t\t\t\t}\n\t\t\t}else if(f[0].equals(\"B\")){\n\t\t\t\tif(f[1].equals(\"C\")){\n\t\t\t\t\tif(b == 1){\n\t\t\t\t\t\tb = 0;\n\t\t\t\t\t\tc = 1;\n\t\t\t\t\t}\n\t\t\t\t}else{\n\t\t\t\t\tif(b == 1){\n\t\t\t\t\t\tb = 0;\n\t\t\t\t\t\ta = 1;\n\t\t\t\t\t}\n\t\t\t\t}\n\t\t\t}else{\n\t\t\t\tif(f[1].equals(\"A\")){\n\t\t\t\t\tif(c == 1){\n\t\t\t\t\t\tc = 0;\n\t\t\t\t\t\ta = 1;\n\t\t\t\t\t}\n\t\t\t\t}else{\n\t\t\t\t\tif(c == 1){\n\t\t\t\t\t\tc = 0;\n\t\t\t\t\t\tb = 1;\n\t\t\t\t\t}\n\t\t\t\t}\n\t\t\t}\n\t\t}\n\t\tif(a == 1){\n\t\t\tSystem.out.println(\"A\");\n\t\t}else if(b == 1){\n\t\t\tSystem.out.println(\"B\");\n\t\t}else{\n\t\t\tSystem.out.println(\"C\");\n\t\t}\n\t}\n}",
            "covered_code": "Given the Java program and the test case input \"A,B\", let's develop a plan for step by step execution and predict the code coverage:\n\n1. **Import statements:** Import statements like `import java.util.Scanner;`, `import java.io.InputStreamReader;`, and `import java.io.BufferedReader;` are always executed.\n  \n2. **Class Declaration:** The class declaration `public class Main {` is always executed.\n\n3. **Main method declaration:** The main method `public static void main(String[] args) throws java.io.IOException {` is always executed.\n\n4. **Variable Initialization:** The variable initialization lines `Scanner scan = new Scanner(System.in);`, `InputStreamReader is = new InputStreamReader(System.in);`, `BufferedReader br = new BufferedReader(is);`, `int a = 1;`, `int b = 0;`, and `int c = 0;` are always executed.\n\n5. **While loop Execution:** Since the test input is provided, the `while(scan.hasNext()){` condition is true initially and the loop block will be executed.\n\n6. **Reading input and Splitting:** The statements `String k = br.readLine();` and `String[] f = k.split(\",\", -1);` will be executed to read the input \"A,B\" and split it.\n\n7. **First if-else condition (A):** Since `f[0].equals(\"A\")` is true, the first if condition is satisfied. Statement `if(f[0].equals(\"A\")){` and the nested checks will be covered.\n\n8. **Nested if-else condition (B):** Since `f[1].equals(\"B\")` is true, the nested if condition `if(f[1].equals(\"B\")){` will be covered. Because `a == 1`, the innermost if condition `if(a == 1){` is also true, hence, `b = 1;` and `a = 0;` will be executed.\n\n9. **Loop termination:** There's no mechanism provided to break the loop or to read multiple inputs in a single execution as per the provided snippet and plan, which can potentially lead to an infinite loop when executing the program. However, based on the given input and assuming a single iteration as intended for coverage analysis, the loop would be exited after the first iteration for the purpose of this analysis.\n\n10. **Final if-else condition:** Since `a` is now 0, `if(a == 1){` will not be satisfied, and since `b` is now 1, `else if(b == 1){` is satisfied. Thus, `System.out.println(\"B\");` will be executed.\n\n11. **Closing braces and EOF:** Execution ends after the final print statement. There's no explicit code for handling EOF or closing the Scanner and BufferedReader, but their declarations and initializations were covered.\n\nBased on the steps, the code coverage is:\n\n```\n> public class Main {\n> \tpublic static void main(String[] args) throws java.io.IOException {\n> \t\tScanner scan = new Scanner(System.in);\n> \t\tInputStreamReader is = new InputStreamReader(System.in);\n> \t\tBufferedReader br = new BufferedReader(is);\n> \t\tint a = 1;\n> \t\tint b = 0;\n> \t\tint c = 0;\n> \t\twhile(scan.hasNext()){\n> \t\t\tString k = br.readLine();\n> \t\t\tString[] f = k.split(\",\", -1);\n> \t\t\tif(f[0].equals(\"A\")){\n> \t\t\t\tif(f[1].equals(\"B\")){\n> \t\t\t\t\tif(a == 1){\n> \t\t\t\t\t\tb = 1;\n> \t\t\t\t\t\ta = 0;\n> \t\t\t\t\t}\n> \t\t\t\t}else{\n> \t\t\t\t\tif(a == 1){\n> \t\t\t\t\t\ta = 0;\n> \t\t\t\t\t\tc = 1;\n> \t\t\t\t\t}\n> \t\t\t\t}\n> \t\t\t}else if(f[0].equals(\"B\")){\n! \t\t\t\tif(f[1].equals(\"C\")){\n! \t\t\t\t\tif(b == 1){\n! \t\t\t\t\t\tb = 0;\n! \t\t\t\t\t\tc = 1;\n! \t\t\t\t\t}\n! \t\t\t\t}else{\n! \t\t\t\t\tif(b == 1){\n! \t\t\t\t\t\tb = 0;\n! \t\t\t\t\t\ta = 1;\n! \t\t\t\t\t}\n! \t\t\t\t}\n> \t\t\t}else{\n! \t\t\t\tif(f[1].equals(\"A\")){\n! \t\t\t\t\tif(c == 1){\n! \t\t\t\t\t\tc = 0;\n! \t\t\t\t\t\ta = 1;\n! \t\t\t\t\t}\n! \t\t\t\t}else{\n! \t\t\t\t\tif(c == 1){\n! \t\t\t\t\t\tc = 0;\n! \t\t\t\t\t\tb = 1;\n! \t\t\t\t\t}\n! \t\t\t\t}\n> \t\t\t}\n> \t\t}\n> \t\tif(a == 1){\n! \t\t\tSystem.out.println(\"A\");\n> \t\t}else if(b == 1){\n> \t\t\tSystem.out.println(\"B\");\n> \t\t}else{\n! \t\t\tSystem.out.println(\"C\");\n> \t\t}\n> \t}\n> }\n```\n\nNote: The `!` in the plan reflects the paths not taken or statements not executed based on the given test input \"A,B\". The actual execution could potentially vary if the program is run in an environment where multiple inputs or different inputs are given, or if there's a mechanism to break the loop which wasn't provided in the snippet.",
            "test_seed_coverage": [
                ">",
                ">",
                ">",
                ">",
                ">",
                ">",
                ">",
                ">",
                ">",
                ">",
                ">",
                ">",
                ">",
                ">",
                ">",
                ">",
                ">",
                ">",
                ">",
                ">",
                ">",
                ">",
                ">",
                ">",
                ">",
                ">",
                ">",
                ">",
                ">",
                ">",
                ">",
                ">",
                ">",
                ">",
                ">",
                ">",
                ">",
                ">",
                ">",
                ">",
                ">",
                ">",
                ">",
                ">",
                ">",
                ">",
                ">",
                ">",
                ">",
                ">",
                ">",
                ">",
                ">",
                ">",
                ">",
                ">",
                ">",
                ">"
            ],
            "cumulative_coverage": [
                ">",
                ">",
                ">",
                ">",
                ">",
                ">",
                ">",
                ">",
                ">",
                ">",
                ">",
                ">",
                ">",
                ">",
                ">",
                ">",
                ">",
                ">",
                ">",
                ">",
                ">",
                ">",
                ">",
                ">",
                ">",
                ">",
                ">",
                ">",
                ">",
                ">",
                ">",
                ">",
                ">",
                ">",
                ">",
                ">",
                ">",
                ">",
                ">",
                ">",
                ">",
                ">",
                ">",
                ">",
                ">",
                ">",
                ">",
                ">",
                ">",
                ">",
                ">",
                ">",
                ">",
                ">",
                ">",
                ">",
                ">",
                ">"
            ],
            "execution_error": "Exception in thread \"main\" java.lang.NullPointerException: Cannot invoke \"String.split(String, int)\" because \"<local7>\" is null\n\tat Main.main(Main.java:13)",
            "cerberus_output": "",
            "execution_result": "NullPointerException"
        }
    ]
}