{
    "submission_id": "s072232689",
    "cycles": [
        {
            "test_case": [
                "Test Case Input:\n0"
            ],
            "test_mutations": [
                "Test Case Input:\n0"
            ],
            "initial_code": "public class Main {\n    public static void main(String[] args) {\n        outer:\n        while (true) {\n            Scanner sc = new Scanner(System.in);\n            String line = sc.next();\n            int t;\n            int sum = 0;\n            for (int i = 0; i < line.length(); i++) {\n                t = line.charAt(i) - '0';\n                sum += t;\n                if (sum == 0) {\n                    break outer;\n                }\n            }\n            System.out.println(sum);\n        }\n    }\n}",
            "covered_code": "For the given java program and the test case input '0', here is the plan of step by step execution to predict the code coverage:\n\n1. **Import Statements**: Statement `import java.util.Scanner;` will be covered as it is a prerequisite for using the Scanner class.\n\n2. **Class Declaration**: The statement `public class Main {` is always executed.\n\n3. **Main method Declaration**: The statement `public static void main(String[] args) {` is always executed.\n\n4. **While Loop Execution**: Since the while loop condition is `true`, the loop will always execute until it's broken out of internally. Statement `while (true) {` will be covered.\n\n5. **Scanner and User Input**: The statements `Scanner sc = new Scanner(System.in);` and `String line = sc.next();` will be executed as they are part of taking input from the user.\n\n6. **For Loop Execution**: The for loop will execute since it iterates over the length of the input string. Statement `for (int i = 0; i < line.length(); i++) {` will be covered.\n\n7. **Variable Initialization and Summation**: The statements inside the for loop that initialize `t` with the integer value of the current character and add it to `sum` will be executed. These include `t = line.charAt(i) - '0';` and `sum += t;`.\n\n8. **Conditional Break**: Given the input is '0', the condition `if (sum == 0) {` will immediately be true after the first iteration, as the first character is '0' and thus, `sum` will be `0`. This means the statement to break out of the outer loop `break outer;` will be executed.\n\n9. **System.out.println(sum);**: This statement will not be executed because the loop is broken before reaching it.\n\n10. **Closing Brackets**: Always covered.\n\n11. **Scanner Close**: Since the scanner is not explicitly closed in the given program, it's not considered in code coverage. However, it's good practice to close resources like Scanner to avoid resource leaks.\n\nBased on the above steps, here is the code coverage:\n\n```plaintext\n> public class Main {\n>     public static void main(String[] args) {\n>         outer:\n>         while (true) {\n>             Scanner sc = new Scanner(System.in);\n>             String line = sc.next();\n>             int t;\n>             int sum = 0;\n>             for (int i = 0; i < line.length(); i++) {\n>                 t = line.charAt(i) - '0';\n>                 sum += t;\n>                 if (sum == 0) {\n>                     break outer;\n>                 }\n>             }\n!             System.out.println(sum);\n>         }\n>     }\n> }\n```\nNo runtime exception is raised for the given input '0'. The program is designed to exit the loop and terminate gracefully when the sum of digits equals 0.",
            "test_seed_coverage": [
                ">",
                ">",
                ">",
                ">",
                ">",
                ">",
                ">",
                ">",
                ">",
                ">",
                ">",
                ">",
                ">",
                ">",
                ">",
                "!",
                ">",
                ">",
                ">"
            ],
            "cumulative_coverage": [
                ">",
                ">",
                ">",
                ">",
                ">",
                ">",
                ">",
                ">",
                ">",
                ">",
                ">",
                ">",
                ">",
                ">",
                ">",
                "!",
                ">",
                ">",
                ">"
            ],
            "execution_output": "",
            "cerberus_output": "",
            "execution_result": ""
        },
        {
            "test_case": [
                "Test Case Input:\nabc123"
            ],
            "test_mutations": [
                "Test Case Input:\nabc123"
            ],
            "initial_code": "public class Main {\n    public static void main(String[] args) {\n        outer:\n        while (true) {\n            Scanner sc = new Scanner(System.in);\n            String line = sc.next();\n            int t;\n            int sum = 0;\n            for (int i = 0; i < line.length(); i++) {\n                t = line.charAt(i) - '0';\n                sum += t;\n                if (sum == 0) {\n                    break outer;\n                }\n            }\n            System.out.println(sum);\n        }\n    }\n}",
            "covered_code": "PLAN for step by step execution of the given java program and test case:\n\n1. **Import statements**: Always executed. Statement `import java.util.Scanner;` will be covered.\n2. **Main Class Declaration**: Always executed. Statement `public class Main {` is covered.\n3. **Main Method Declaration**: Always executed. Statement `public static void main(String[] args) {` is covered.\n4. **While loop Execution**: The while loop condition is `true`, so it will always execute unless a break statement is encountered. Statement `while (true) {` will be covered.\n5. **Scanner and User Input**: Always executed within the loop. Statements `Scanner sc = new Scanner(System.in);` and `String line = sc.next();` will be executed.\n6. **For loop Execution**: Since `line` contains characters, the for loop will execute for each character in the string. Statement `for (int i = 0; i < line.length(); i++) {` will be covered.\n7. **Character to Integer Conversion and Sum Calculation**: For each character in `line`, its ASCII value is converted to an integer and added to `sum`. Statements `t = line.charAt(i) - '0';` and `sum += t;` will be covered.\n8. **If condition within For loop**: Checking if `sum == 0` after each addition. Given the test case input `abc123`, the sum will never be 0 because all characters converted to integer values and summed will result in a positive value. Hence, the if statement condition `if (sum == 0) {` will be covered but the break statement `break outer;` will not be executed for the given test case.\n9. **Print Statement**: If the sum is not 0 (which is the case with the given test input), the sum will be printed out. Statement `System.out.println(sum);` will be covered.\n10. **Loop Continuation**: Because the given input does not satisfy the condition to break out of the outer loop, the program will continue to execute, prompting for new input again. However, for the sake of coverage analysis with the single input `abc123`, we only consider the first iteration.\n11. **Closing Brackets**: Always covered.\n\nFinal code coverage of the Java program based on its test case and given step by step reasoning for execution is:\n\n```\n> public class Main {\n>     public static void main(String[] args) {\n>         outer:\n>         while (true) {\n>             Scanner sc = new Scanner(System.in);\n>             String line = sc.next();\n>             int t;\n>             int sum = 0;\n>             for (int i = 0; i < line.length(); i++) {\n>                 t = line.charAt(i) - '0';\n>                 sum += t;\n!                 if (sum == 0) {\n!                     break outer;\n                }\n>             }\n>             System.out.println(sum);\n          }\n      }\n  }\n```\n\n**Note**: Since the break statement within the if condition is never executed due to the test case input, it is marked as not executed. The loop would continue indefinitely in a real scenario, but for code coverage analysis with the provided input, we focus on the execution path taken.",
            "test_seed_coverage": [
                ">",
                ">",
                ">",
                ">",
                ">",
                ">",
                ">",
                ">",
                ">",
                ">",
                ">",
                ">",
                ">",
                ">",
                ">",
                ">",
                ">",
                ">",
                ">"
            ],
            "cumulative_coverage": [
                ">",
                ">",
                ">",
                ">",
                ">",
                ">",
                ">",
                ">",
                ">",
                ">",
                ">",
                ">",
                ">",
                ">",
                ">",
                ">",
                ">",
                ">",
                ">"
            ],
            "execution_error": "Exception in thread \"main\" java.util.NoSuchElementException\n\tat java.base/java.util.Scanner.throwFor(Scanner.java:945)\n\tat java.base/java.util.Scanner.next(Scanner.java:1486)\n\tat Main.main(Main.java:7)",
            "cerberus_output": "",
            "execution_result": "NoSuchElementException"
        },
        {
            "test_case": [
                "Test Case Input:\n1 2 3 4 5 6 7 8 9"
            ],
            "test_mutations": [
                "Test Case Input:\n1 2 3 4 5 6 7 8 9"
            ],
            "initial_code": "public class Main {\n    public static void main(String[] args) {\n        outer:\n        while (true) {\n            Scanner sc = new Scanner(System.in);\n            String line = sc.next();\n            int t;\n            int sum = 0;\n            for (int i = 0; i < line.length(); i++) {\n                t = line.charAt(i) - '0';\n                sum += t;\n                if (sum == 0) {\n                    break outer;\n                }\n            }\n            System.out.println(sum);\n        }\n    }\n}",
            "covered_code": "Given the Java program and the test case input \"1 2 3 4 5 6 7 8 9\", let's develop a plan for step-by-step execution to predict the code coverage. \n\n1. **Import statements**: Since the program uses the Scanner class, the import statement for java.util.Scanner is always executed.\n2. **Main class declaration**: The class declaration \"public class Main {\" is always executed.\n3. **Main method declaration**: The entry point of the program, \"public static void main(String[] args) {\", is always executed.\n4. **While loop initiation**: The while loop with the condition `true` means it will always execute unless broken out of internally. Statement `while (true) {` is covered.\n5. **Scanner and User Input**: The Scanner object is created for system input and reads a string, so \"Scanner sc = new Scanner(System.in);\" and \"String line = sc.next();\" are executed.\n6. **Variable initialization**: The variables `int t;` and `int sum = 0;` are initialized, so these lines are covered.\n7. **For loop over input string**: The for loop iterates over each character of the input string, converting each character to an integer and adding it to `sum`. The for loop and its contents are executed.\n8. **If condition inside for loop**: The if condition checks if `sum == 0`. Given the input, this condition will never be true because all input characters are positive digits and `sum` starts from 0 and only increases. Therefore, the `break outer;` statement is not executed.\n9. **System.out.println(sum);**: After the for loop, the sum of the digits is printed out. This statement is executed.\n10. **Outer loop label and break**: The label `outer:` is used for the while loop, but the break statement associated with it is never executed given the test case.\n\nBased on the test case and the program, the code coverage will be as follows:\n\n> import java.util.Scanner;\n> public class Main {\n>     public static void main(String[] args) {\n>         outer:\n>         while (true) {\n>             Scanner sc = new Scanner(System.in);\n>             String line = sc.next();\n>             int t;\n>             int sum = 0;\n>             for (int i = 0; i < line.length(); i++) {\n>                 t = line.charAt(i) - '0';\n>                 sum += t;\n!                 if (sum == 0) {\n!                     break outer;\n>                 }\n>             }\n>             System.out.println(sum);\n>         }\n>     }\n> }\nERROR : There is no runtime exception based on the given test case input.\n\nThe for loop and its conditions are executed, but the `if` condition never evaluates to true, and thus the `break outer;` statement is never reached. The loop will continue indefinitely in a real execution scenario because there's no condition within the provided test case that leads to breaking out of the while loop, potentially causing an infinite loop unless the program encounters an EOF (end of file) or is manually terminated.",
            "test_seed_coverage": [
                ">",
                ">",
                ">",
                ">",
                ">",
                ">",
                ">",
                ">",
                ">",
                ">",
                ">",
                ">",
                ">",
                ">",
                ">",
                ">",
                ">",
                ">",
                ">",
                ">"
            ],
            "cumulative_coverage": [
                ">",
                ">",
                ">",
                ">",
                ">",
                ">",
                ">",
                ">",
                ">",
                ">",
                ">",
                ">",
                ">",
                ">",
                ">",
                ">",
                ">",
                ">",
                ">",
                ">"
            ],
            "execution_error": "Exception in thread \"main\" java.util.NoSuchElementException\n\tat java.base/java.util.Scanner.throwFor(Scanner.java:945)\n\tat java.base/java.util.Scanner.next(Scanner.java:1486)\n\tat Main.main(Main.java:7)",
            "cerberus_output": "",
            "execution_result": "NoSuchElementException"
        },
        {
            "test_case": [
                "Test Case Input:\nabc123"
            ],
            "test_mutations": [
                "Test Case Input:\nabc123"
            ],
            "initial_code": "public class Main {\n    public static void main(String[] args) {\n        outer:\n        while (true) {\n            Scanner sc = new Scanner(System.in);\n            String line = sc.next();\n            int t;\n            int sum = 0;\n            for (int i = 0; i < line.length(); i++) {\n                t = line.charAt(i) - '0';\n                sum += t;\n                if (sum == 0) {\n                    break outer;\n                }\n            }\n            System.out.println(sum);\n        }\n    }\n}",
            "covered_code": "Given the code snippet and the test case input \"abc123\", let's develop a plan for step by step execution and predict the code coverage.\n\n1. **Import Statement Execution**:\n   - The import statement for Scanner is always executed. Statement `import java.util.Scanner;` will be covered.\n\n2. **Class Declaration Execution**:\n   - The class declaration `public class Main {` is always executed.\n\n3. **Main Method Declaration Execution**:\n   - The declaration of the `public static void main(String[] args) {` is always executed.\n\n4. **While Loop Execution**:\n   - The while loop condition `while (true) {` ensures the loop is always entered at least once.\n\n5. **Scanner and User Input**:\n   - The Scanner object is created and user input is taken. Statements `Scanner sc = new Scanner(System.in);` and `String line = sc.next();` are executed.\n\n6. **For Loop Execution**:\n   - The for loop `for (int i = 0; i < line.length(); i++) {` will be executed since `line` has a length greater than 0.\n\n7. **For Loop Contents Execution**:\n   - The statements inside the for loop including the calculation of `t` and updating `sum` are executed for each character in the input string.\n\n8. **Break Statement Execution**:\n   - Given the input does not cause `sum` to be 0 during the loop, the `if (sum == 0) { break outer; }` condition is not met. Thus, the break statement is not executed.\n\n9. **System.out.println(sum)**:\n   - Since the break statement is not executed, the loop completes one iteration for each character in the input string, and `System.out.println(sum);` is executed after the for loop completes.\n\n10. **Continuation of the While Loop**:\n    - Without a break statement being executed, the while loop would theoretically continue infinitely unless the input string could make `sum == 0`, which is not possible with the given input. However, since we are only considering a single iteration based on the given input, we only focus on the execution up to the print statement.\n\n11. **Scanner Close**:\n    - Not explicitly included in the code snippet but it's good practice to close the Scanner object. Since it's not there, it's considered not covered.\n\nBased on the execution plan:\n\n```\n> public class Main {\n>     public static void main(String[] args) {\n>         while (true) {\n>             Scanner sc = new Scanner(System.in);\n>             String line = sc.next();\n>             int t;\n>             int sum = 0;\n>             for (int i = 0; i < line.length(); i++) {\n>                 t = line.charAt(i) - '0';\n>                 sum += t;\n!                 if (sum == 0) {\n!                     break outer;\n                }\n            }\n>             System.out.println(sum);\n        }\n    }\n}\n```\n**Note**: The snippet and the plan do not explicitly cover the import statement, but the import is implied to be necessary for the Scanner to work. Also, the closing of the Scanner object is not included in the provided code, which is a good practice but not directly related to code coverage here.",
            "test_seed_coverage": [
                ">",
                ">",
                ">",
                ">",
                ">",
                ">",
                ">",
                ">",
                ">",
                ">",
                ">",
                ">",
                ">",
                ">",
                ">",
                ">",
                ">",
                ">",
                ">"
            ],
            "cumulative_coverage": [
                ">",
                ">",
                ">",
                ">",
                ">",
                ">",
                ">",
                ">",
                ">",
                ">",
                ">",
                ">",
                ">",
                ">",
                ">",
                ">",
                ">",
                ">",
                ">"
            ],
            "execution_error": "Exception in thread \"main\" java.util.NoSuchElementException\n\tat java.base/java.util.Scanner.throwFor(Scanner.java:945)\n\tat java.base/java.util.Scanner.next(Scanner.java:1486)\n\tat Main.main(Main.java:7)",
            "cerberus_output": "",
            "execution_result": "NoSuchElementException"
        },
        {
            "test_case": [
                "Test Case Input:\nabc123"
            ],
            "test_mutations": [
                "Test Case Input:\nabc123"
            ],
            "initial_code": "public class Main {\n    public static void main(String[] args) {\n        outer:\n        while (true) {\n            Scanner sc = new Scanner(System.in);\n            String line = sc.next();\n            int t;\n            int sum = 0;\n            for (int i = 0; i < line.length(); i++) {\n                t = line.charAt(i) - '0';\n                sum += t;\n                if (sum == 0) {\n                    break outer;\n                }\n            }\n            System.out.println(sum);\n        }\n    }\n}",
            "covered_code": "Given the test case input \"abc123\", here's the step-by-step plan for execution and the prediction of code coverage for the Java program provided:\n\n1. **Import statements**: Always executed. Statement `import java.util.Scanner;` will be covered.\n   \n2. **Main Class Declaration**: Always executed. Statement `public class Main {` is covered.\n\n3. **Main Method Declaration**: Always executed. Statement `public static void main(String[] args) {` is covered.\n\n4. **While Loop Execution**: The while loop condition is true (`while (true)`), so the loop block will be executed. Statement `while (true) {` will be covered.\n\n5. **Scanner and User Input**: The statement to create a new Scanner object `Scanner sc = new Scanner(System.in);` and the statement to read the next token `String line = sc.next();` are executed. \n\n6. **For Loop Execution**: The for loop iterates over each character of the input string \"abc123\". Statement `for (int i = 0; i < line.length(); i++) {` will be covered.\n\n7. **Character to Integer Conversion and Sum Calculation**: Characters are converted to integers and added to the sum. The conversion `t = line.charAt(i) - '0';` and the sum update `sum += t;` will be executed for each character.\n\n8. **Conditional Break**: The condition `if (sum == 0) {` will never be true because the input \"abc123\" contains numeric characters that when converted and summed will result in a non-zero sum. Therefore, the break statement `break outer;` will not be executed.\n\n9. **Print Statement**: After the for loop completes for the input \"abc123\", the sum will be printed. Statement `System.out.println(sum);` will be executed.\n\n10. **Loop Continuation**: Since the break statement is not executed, the program will prompt for another input again, leading to a continuous loop until manually stopped or an input leads to a sum of 0, which is not covered by the provided test case.\n\n11. **Closing Brackets**: Always covered.\n\nGiven this plan and the test case input \"abc123\", the code coverage for the Java program will be:\n\n```\n> public class Main {\n>     public static void main(String[] args) {\n>         outer:\n>         while (true) {\n>             Scanner sc = new Scanner(System.in);\n>             String line = sc.next();\n>             int t;\n>             int sum = 0;\n>             for (int i = 0; i < line.length(); i++) {\n>                 t = line.charAt(i) - '0';\n>                 sum += t;\n!                 if (sum == 0) {\n!                     break outer;\n>                 }\n>             }\n>             System.out.println(sum);\n>         }\n>     }\n> }\n```\n\nThe `break outer;` statement is not executed based on the given test case input \"abc123\".\n\n**Note**: The program as described will keep asking for input in an infinite loop as there is no condition within the provided input \"abc123\" or the described execution plan that would break the loop. The loop continuation part is theoretical based on the given input and does not reflect a single execution path but rather a potential continuous operation of the program.",
            "test_seed_coverage": [
                ">",
                ">",
                ">",
                ">",
                ">",
                ">",
                ">",
                ">",
                ">",
                ">",
                ">",
                ">",
                ">",
                ">",
                ">",
                ">",
                ">",
                ">",
                ">"
            ],
            "cumulative_coverage": [
                ">",
                ">",
                ">",
                ">",
                ">",
                ">",
                ">",
                ">",
                ">",
                ">",
                ">",
                ">",
                ">",
                ">",
                ">",
                ">",
                ">",
                ">",
                ">"
            ],
            "execution_error": "Exception in thread \"main\" java.util.NoSuchElementException\n\tat java.base/java.util.Scanner.throwFor(Scanner.java:945)\n\tat java.base/java.util.Scanner.next(Scanner.java:1486)\n\tat Main.main(Main.java:7)",
            "cerberus_output": "",
            "execution_result": "NoSuchElementException"
        },
        {
            "test_case": [
                "Test Case Input:\nabc123"
            ],
            "test_mutations": [
                "Test Case Input:\nabc123"
            ],
            "initial_code": "public class Main {\n    public static void main(String[] args) {\n        outer:\n        while (true) {\n            Scanner sc = new Scanner(System.in);\n            String line = sc.next();\n            int t;\n            int sum = 0;\n            for (int i = 0; i < line.length(); i++) {\n                t = line.charAt(i) - '0';\n                sum += t;\n                if (sum == 0) {\n                    break outer;\n                }\n            }\n            System.out.println(sum);\n        }\n    }\n}",
            "covered_code": "To predict the code coverage for the given Java program based on the test case input 'abc123', let's develop a step-by-step plan:\n1. Import Statements: Always executed. Statement \"import java.util.Scanner;\" is covered.\n2. Class Declaration: Always executed. Statement \"public class Main {\" is covered.\n3. Main method declaration: Always executed. Statement \"public static void main(String[] args) {\" is covered.\n4. Outer Loop Execution: The outer while loop is always true, so it will be executed. Statement \"while (true) {\" is covered.\n5. Scanner and User Input: Always executed within the loop. Statements \"Scanner sc = new Scanner(System.in);\" and \"String line = sc.next();\" are covered.\n6. Initialization of variables: The initialization \"int t;\" and \"int sum = 0;\" are always executed, hence covered.\n7. For Loop Execution: Given the input \"abc123\", the for loop will iterate over each character in the string. Statement \"for (int i = 0; i < line.length(); i++) {\" is covered.\n8. For Loop contents: The calculation \"t = line.charAt(i) - '0';\" and \"sum += t;\" are executed for each character in the string. These statements are covered.\n9. If condition within For Loop: The condition \"if (sum == 0) {\" will be checked during each iteration. However, given the input 'abc123', the ASCII values of 'a', 'b', 'c' are subtracted by '0', leading to negative values, and '1', '2', '3' will lead to sum being positive. Therefore, the if condition to break out of the loop will never be true with the given input. The if condition is covered, but the break statement is not executed.\n10. System.out.println(sum): This statement is executed at the end of the loop, before it iterates again due to the while(true) condition. Hence, it's covered.\n11. No explicit closing of the Scanner: The code snippet does not explicitly close the Scanner object with sc.close(); hence, it's not covered.\n\nBased on this execution plan, here's the code coverage indication:\n\n> import java.util.Scanner;\n> public class Main {\n>     public static void main(String[] args) {\n>         outer:\n>         while (true) {\n>             Scanner sc = new Scanner(System.in);\n>             String line = sc.next();\n>             int t;\n>             int sum = 0;\n>             for (int i = 0; i < line.length(); i++) {\n>                 t = line.charAt(i) - '0';\n>                 sum += t;\n>                 if (sum == 0) {\n!                     break outer;\n                }\n>             }\n>             System.out.println(sum);\n>         }\n>     }\n> }\n\nOUTPUT:\nThe actual output would be the sum of the ASCII values of 'a', 'b', 'c' minus the ASCII value of '0', then added to the sum of 1, 2, and 3. However, the primary focus here is on code coverage, not the output calculation.\n\nNote: The provided code will continuously read inputs because of the \"while (true)\" loop and the specific test case doesn't cause the loop to exit. In a real-world scenario, the loop will continue to ask for input until manually stopped or the program is terminated.",
            "test_seed_coverage": [
                ">",
                ">",
                ">",
                ">",
                ">",
                ">",
                ">",
                ">",
                ">",
                ">",
                ">",
                ">",
                ">",
                ">",
                ">",
                ">",
                ">",
                ">",
                ">"
            ],
            "cumulative_coverage": [
                ">",
                ">",
                ">",
                ">",
                ">",
                ">",
                ">",
                ">",
                ">",
                ">",
                ">",
                ">",
                ">",
                ">",
                ">",
                ">",
                ">",
                ">",
                ">"
            ],
            "execution_error": "Exception in thread \"main\" java.util.NoSuchElementException\n\tat java.base/java.util.Scanner.throwFor(Scanner.java:945)\n\tat java.base/java.util.Scanner.next(Scanner.java:1486)\n\tat Main.main(Main.java:7)",
            "cerberus_output": "",
            "execution_result": "NoSuchElementException"
        },
        {
            "test_case": [
                "Test Case Input:\nabc123"
            ],
            "test_mutations": [
                "Test Case Input:\nabc123"
            ],
            "initial_code": "public class Main {\n    public static void main(String[] args) {\n        outer:\n        while (true) {\n            Scanner sc = new Scanner(System.in);\n            String line = sc.next();\n            int t;\n            int sum = 0;\n            for (int i = 0; i < line.length(); i++) {\n                t = line.charAt(i) - '0';\n                sum += t;\n                if (sum == 0) {\n                    break outer;\n                }\n            }\n            System.out.println(sum);\n        }\n    }\n}",
            "covered_code": "Given the Java program and the test case input 'abc123', let's develop a plan for step by step execution to predict the code coverage.\n\n1. **Import statements**: Always executed. Statement `import java.util.Scanner;` will be covered.\n\n2. **Class Declaration**: Always executed. Statement `public class Main {` is covered.\n\n3. **Main method declaration**: Always executed. Statement `public static void main(String[] args) {` is covered.\n\n4. **While loop declaration and execution**: The while loop is always true, so its declaration `while (true) {` is covered.\n\n5. **Scanner and User Input**: Always executed. Statements `Scanner sc = new Scanner(System.in);` and `String line = sc.next();` are covered when the user inputs 'abc123'.\n\n6. **For loop Execution**: The for loop iterates over the length of the input string 'abc123'. Statement `for (int i = 0; i < line.length(); i++) {` is covered.\n\n7. **Variable Assignment and Arithmetic Operation**: Inside the for loop, the statement `t = line.charAt(i) - '0';` and `sum += t;` are executed for each character in 'abc123'.\n\n8. **If condition within the for loop**: The condition `if (sum == 0) {` checks if the sum is zero, which will not be true for the given input 'abc123'. Thus, the break statement `break outer;` is not executed.\n\n9. **Print Statement**: After the loop completes for the input 'abc123', the sum will be printed. So, `System.out.println(sum);` is executed.\n\n10. **Loop Continuation or Exit**: Since there's no input that makes the sum equal to zero within the given test case, and the while loop is an infinite loop, the program does not naturally exit the loop. However, for the sake of coverage, assuming the input 'abc123' is the only input provided before manually stopping the program, we can say that the while loop's condition to exit (`break outer;`) is not covered.\n\n11. **Closing Brackets**: Always covered.\n\nGiven this execution plan, the code coverage for the provided Java program based on the test case input 'abc123' is:\n\n```java\n> public class Main {\n>     public static void main(String[] args) {\n>         outer:\n>         while (true) {\n>             Scanner sc = new Scanner(System.in);\n>             String line = sc.next();\n>             int t;\n>             int sum = 0;\n>             for (int i = 0; i < line.length(); i++) {\n>                 t = line.charAt(i) - '0';\n>                 sum += t;\n!                 if (sum == 0) {\n!                     break outer;\n>                 }\n>             }\n>             System.out.println(sum);\n>         }\n>     }\n> }\n```\n\n**Output**: The sum of the digits in the string 'abc123' will be printed. For 'abc123', considering 'a', 'b', 'c' as non-numeric characters (which when subtracted by '0' would not produce a meaningful digit for sum), the digits '1', '2', '3' will contribute to the sum, resulting in an output other than zero. \n\n**Note**: The actual handling of non-numeric characters ('a', 'b', 'c') and their effect on the sum isn't explicitly detailed in the plan, leading to a focus on coverage rather than the exact output. The characters will negatively impact the sum variable, but the emphasis here is on which lines of code are executed or not.",
            "test_seed_coverage": [
                ">",
                ">",
                ">",
                ">",
                ">",
                ">",
                ">",
                ">",
                ">",
                ">",
                ">",
                ">",
                ">",
                ">",
                ">",
                ">",
                ">",
                ">",
                ">"
            ],
            "cumulative_coverage": [
                ">",
                ">",
                ">",
                ">",
                ">",
                ">",
                ">",
                ">",
                ">",
                ">",
                ">",
                ">",
                ">",
                ">",
                ">",
                ">",
                ">",
                ">",
                ">"
            ],
            "execution_error": "Exception in thread \"main\" java.util.NoSuchElementException\n\tat java.base/java.util.Scanner.throwFor(Scanner.java:945)\n\tat java.base/java.util.Scanner.next(Scanner.java:1486)\n\tat Main.main(Main.java:7)",
            "cerberus_output": "",
            "execution_result": "NoSuchElementException"
        },
        {
            "test_case": [
                "Test Case Input:\nabc123"
            ],
            "test_mutations": [
                "Test Case Input:\nabc123"
            ],
            "initial_code": "public class Main {\n    public static void main(String[] args) {\n        outer:\n        while (true) {\n            Scanner sc = new Scanner(System.in);\n            String line = sc.next();\n            int t;\n            int sum = 0;\n            for (int i = 0; i < line.length(); i++) {\n                t = line.charAt(i) - '0';\n                sum += t;\n                if (sum == 0) {\n                    break outer;\n                }\n            }\n            System.out.println(sum);\n        }\n    }\n}",
            "covered_code": "For the provided test case input 'abc123' and the given Java program, here is the plan for step-by-step execution to predict the code coverage:\n\n1. Import statements: Always executed. Statement \"import java.util.Scanner;\" will be covered.\n\n2. Main Class Declaration: Always executed. Statement \"public class Main {\" is covered.\n\n3. Main method declaration: Always executed. Statement \"public static void main(String[] args) {\" is covered.\n\n4. While loop Execution: Since it's an infinite loop with condition `true`, the statement \"while (true) {\" will be covered.\n\n5. Inside While loop: Statements for scanner initialization, input reading, and variable initialization are always executed.\n\n6. For loop Execution: The for loop iterates over each character of the input string 'abc123'. Statement \"for (int i = 0; i < line.length(); i++) {\" will be covered.\n\n7. For loop contents: Calculation of `t` and updating `sum` for each character in the string 'abc123' will be executed.\n\n8. If condition inside the for loop: The condition `if (sum == 0)` checks if the sum is zero and uses label `outer` to break out of the while loop. Since the sum will not be zero for the input 'abc123', this if condition will be covered but not satisfied, meaning the break will not execute.\n\n9. System.out.println(sum): After calculating the sum for the input 'abc123', the program will print the sum since the if condition to break the loop is not met. This statement will be covered.\n\n10. Scanner Close: Not explicitly mentioned but assuming good practice, it should be executed after the loop. However, since there's no break from the loop within the provided input scenario, this action is not explicitly covered in the given code snippet.\n\nNow, following the plan, the code coverage for the Java program based on its test case and given step by step reasoning for execution is:\n\n```\n> public class Main {\n>     public static void main(String[] args) {\n>         outer:\n>         while (true) {\n>             Scanner sc = new Scanner(System.in);\n>             String line = sc.next();\n>             int t;\n>             int sum = 0;\n>             for (int i = 0; i < line.length(); i++) {\n>                 t = line.charAt(i) - '0';\n>                 sum += t;\n>                 if (sum == 0) {\n!                     break outer;\n                }\n>             }\n>             System.out.println(sum);\n>         }\n>     }\n> }\n```\n\nOUTPUT:\nFor the given test case 'abc123', the output will be the sum of -38 (considering ASCII values of 'a', 'b', 'c' being subtracted by '0') and 1+2+3, which equals -29.\n\nSince the input leads to an infinite loop without a break condition being met for the input 'abc123', the scanner is not closed within the provided code snippet, and the loop will continue asking for input after printing the sum.",
            "test_seed_coverage": [
                ">",
                ">",
                ">",
                ">",
                ">",
                ">",
                ">",
                ">",
                ">",
                ">",
                ">",
                ">",
                ">",
                ">",
                ">",
                ">",
                ">",
                ">",
                ">"
            ],
            "cumulative_coverage": [
                ">",
                ">",
                ">",
                ">",
                ">",
                ">",
                ">",
                ">",
                ">",
                ">",
                ">",
                ">",
                ">",
                ">",
                ">",
                ">",
                ">",
                ">",
                ">"
            ],
            "execution_error": "Exception in thread \"main\" java.util.NoSuchElementException\n\tat java.base/java.util.Scanner.throwFor(Scanner.java:945)\n\tat java.base/java.util.Scanner.next(Scanner.java:1486)\n\tat Main.main(Main.java:7)",
            "cerberus_output": "",
            "execution_result": "NoSuchElementException"
        },
        {
            "test_case": [
                "Test Case Input:\nabc123"
            ],
            "test_mutations": [
                "Test Case Input:\nabc123"
            ],
            "initial_code": "public class Main {\n    public static void main(String[] args) {\n        outer:\n        while (true) {\n            Scanner sc = new Scanner(System.in);\n            String line = sc.next();\n            int t;\n            int sum = 0;\n            for (int i = 0; i < line.length(); i++) {\n                t = line.charAt(i) - '0';\n                sum += t;\n                if (sum == 0) {\n                    break outer;\n                }\n            }\n            System.out.println(sum);\n        }\n    }\n}",
            "covered_code": "Given the Java program and the test case input \"abc123\", let's develop a plan to predict the code coverage based on the step-by-step execution of the program:\n\n1. **Scanner and Loop Initialization**: The program enters an infinite loop, waiting for user input. The statements initializing the `Scanner` and the `while` loop are executed.\n    - > `Scanner sc = new Scanner(System.in);`\n    - > `while (true) {`\n\n2. **User Input**: The program reads the input \"abc123\". The statement to read the input is executed.\n    - > `String line = sc.next();`\n\n3. **For Loop and Character Processing**: The program iterates over each character of the input string, converting them to integers and summing them up.\n   - > `for (int i = 0; i < line.length(); i++) {`\n   - > `t = line.charAt(i) - '0';`\n   - > `sum += t;`\n\n4. **Checking Sum and Breaking from Loop**: Since the characters 'a', 'b', 'c' will not make the sum equal to 0 (in fact, they will contribute negative values to the sum because 'a' - '0' < 0, etc.), the condition `if (sum == 0)` will not be met initially.\n   - ! `if (sum == 0) {`\n   - ! `break outer;`\n\n5. **Output of Sum**: After processing all characters, the sum of the digits ('1', '2', '3') will be calculated and printed out, as the condition to break out of the loop is not met during the processing of non-digit characters. The sum of '1', '2', '3' is 6 (`1+2+3=6`), so the output statement is executed.\n   - > `System.out.println(sum);`\n\n6. **Loop Continuation or Break**: In this specific test case, the program will wait for new input indefinitely after printing the sum because there is no break condition met that would lead to exiting the outer loop, and the provided input doesn't cause the program to exit the loop. In a runtime scenario, this leads to an infinite loop unless the input somehow causes `sum` to be 0, which is not the case with \"abc123\".\n\n7. **Closure of Scanner**: There is no explicit closure of the `Scanner` object within the given code snippet, as the loop is infinite.\n\nBased on this plan, the code coverage for the provided Java program with the test case input \"abc123\" is:\n\n```\n> public class Main {\n>     public static void main(String[] args) {\n>         outer:\n>         while (true) {\n>             Scanner sc = new Scanner(System.in);\n>             String line = sc.next();\n>             int t;\n>             int sum = 0;\n>             for (int i = 0; i < line.length(); i++) {\n>                 t = line.charAt(i) - '0';\n>                 sum += t;\n!                 if (sum == 0) {\n!                     break outer;\n>                 }\n>             }\n>             System.out.println(sum);\n>         }\n>     }\n> }\n```\nThe loop and its contents are executed, but the condition to break from the loop (`if (sum == 0)`) and the associated break statement are not executed with the given input.",
            "test_seed_coverage": [
                ">",
                ">",
                ">",
                ">",
                ">",
                ">",
                ">",
                ">",
                ">",
                ">",
                ">",
                ">",
                ">",
                ">",
                ">",
                ">",
                ">",
                ">",
                ">"
            ],
            "cumulative_coverage": [
                ">",
                ">",
                ">",
                ">",
                ">",
                ">",
                ">",
                ">",
                ">",
                ">",
                ">",
                ">",
                ">",
                ">",
                ">",
                ">",
                ">",
                ">",
                ">"
            ],
            "execution_error": "Exception in thread \"main\" java.util.NoSuchElementException\n\tat java.base/java.util.Scanner.throwFor(Scanner.java:945)\n\tat java.base/java.util.Scanner.next(Scanner.java:1486)\n\tat Main.main(Main.java:7)",
            "cerberus_output": "",
            "execution_result": "NoSuchElementException"
        },
        {
            "test_case": [
                "Test Case Input:\nabc123"
            ],
            "test_mutations": [
                "Test Case Input:\nabc123"
            ],
            "initial_code": "public class Main {\n    public static void main(String[] args) {\n        outer:\n        while (true) {\n            Scanner sc = new Scanner(System.in);\n            String line = sc.next();\n            int t;\n            int sum = 0;\n            for (int i = 0; i < line.length(); i++) {\n                t = line.charAt(i) - '0';\n                sum += t;\n                if (sum == 0) {\n                    break outer;\n                }\n            }\n            System.out.println(sum);\n        }\n    }\n}",
            "covered_code": "To predict the code coverage for the given Java program with the provided test input `abc123`, we will follow the outlined plan step by step. The test case suggests that the input string to the program will be `abc123`.\n\n**Plan for Step by Step Execution:**\n\n1. **Class Declaration:** Statement `public class Main {` is always executed.\n2. **Main Method Declaration:** Statement `public static void main(String[] args) {` is always executed.\n3. **While Loop Execution:** Since it's an infinite loop `while (true) {`, the loop starts execution.\n4. **Scanner and User Input:** Statements `Scanner sc = new Scanner(System.in);` and `String line = sc.next();` are executed.\n5. **For Loop Execution:** The for loop `for (int i = 0; i < line.length(); i++) {` will be executed since the input string `abc123` has a length of 6.\n6. **Character to Integer Conversion and Summation:** Inside the for loop, the conversion of characters to integers and adding them to `sum` will be executed for each character in the string `abc123`. Remember, characters `'a'` to `'z'` will result in negative values when subtracted by `'0'`.\n7. **If Condition Checking:** The condition `if (sum == 0) {` will be checked after each addition. Since the initial characters are alphabets, their ASCII values subtracted by `'0'` will not equal 0, hence this condition will not satisfy until the loop iterates through all characters.\n8. **Printing Sum:** Since the condition to break out of the outer loop (and hence exit the while loop) never satisfies, `System.out.println(sum);` will be executed at least once after going through all characters in the input string.\n9. **Infinite Loop and Termination:** The program is in an infinite loop without a clear exit condition in the provided code for the given input. However, for the sake of coverage analysis, we'll assume the loop executes once for the input and then somehow exits for analysis purposes.\n\n**Predicted Code Coverage:**\n\n```java\n> public class Main {\n>     public static void main(String[] args) {\n>         outer:\n>         while (true) {\n>             Scanner sc = new Scanner(System.in);\n>             String line = sc.next();\n>             int t;\n>             int sum = 0;\n>             for (int i = 0; i < line.length(); i++) {\n>                 t = line.charAt(i) - '0';\n>                 sum += t;\n>                 if (sum == 0) {\n!                     break outer;\n                }\n            }\n>             System.out.println(sum);\n        }\n    }\n}\n```\n\n**Note:** For the given input `abc123`, the condition to break the `outer` loop will not be met, and `System.out.println(sum);` will be executed, showing the sum of the converted values. The plan assumes the program gets an opportunity to exit the loop, which, based on the provided code and input, doesn't naturally occur. The coverage shows all lines except the break statement being executed.",
            "test_seed_coverage": [
                ">",
                ">",
                ">",
                ">",
                ">",
                ">",
                ">",
                ">",
                ">",
                ">",
                ">",
                ">",
                ">",
                ">",
                ">",
                ">",
                ">",
                ">",
                ">"
            ],
            "cumulative_coverage": [
                ">",
                ">",
                ">",
                ">",
                ">",
                ">",
                ">",
                ">",
                ">",
                ">",
                ">",
                ">",
                ">",
                ">",
                ">",
                ">",
                ">",
                ">",
                ">"
            ],
            "execution_error": "Exception in thread \"main\" java.util.NoSuchElementException\n\tat java.base/java.util.Scanner.throwFor(Scanner.java:945)\n\tat java.base/java.util.Scanner.next(Scanner.java:1486)\n\tat Main.main(Main.java:7)",
            "cerberus_output": "",
            "execution_result": "NoSuchElementException"
        },
        {
            "test_case": [
                "Test Case Input:\nabc123"
            ],
            "test_mutations": [
                "Test Case Input:\nabc123"
            ],
            "initial_code": "public class Main {\n    public static void main(String[] args) {\n        outer:\n        while (true) {\n            Scanner sc = new Scanner(System.in);\n            String line = sc.next();\n            int t;\n            int sum = 0;\n            for (int i = 0; i < line.length(); i++) {\n                t = line.charAt(i) - '0';\n                sum += t;\n                if (sum == 0) {\n                    break outer;\n                }\n            }\n            System.out.println(sum);\n        }\n    }\n}",
            "covered_code": "PLAN for step by step execution of the given Java program and test case:\n\n1. Import Statements: Always executed. Statement \"import java.util.Scanner;\" will be covered.\n2. Main Class Declaration: Always executed. Statement \"public class Main {\" is covered.\n3. Main Method Declaration: Always executed. Statement \"public static void main(String[] args) {\" is covered.\n4. Infinite Loop Execution: Statement \"while (true) {\" is always executed as it's an infinite loop until explicitly broken.\n5. Scanner Object Creation: Always executed within the loop. Statement \"Scanner sc = new Scanner(System.in);\" is covered.\n6. User Input: Statement \"String line = sc.next();\" is executed to get user input.\n7. Variable Initialization: Statements \"int t;\" and \"int sum = 0;\" are always executed.\n8. For Loop Execution: The for loop iterates through each character of the input string. Statement \"for (int i = 0; i < line.length(); i++) {\" will be covered.\n9. Character to Integer Conversion and Addition to Sum: Statements within the for loop, \"t = line.charAt(i) - '0';\" and \"sum += t;\" are executed for each character in the string.\n10. Break Condition Check: The if condition \"if (sum == 0) {\" checks if the sum is 0 to break out of the outer loop. This is covered but never true for the given test case.\n11. Print Statement: \"System.out.println(sum);\" is executed after the for loop, displaying the sum of the digits in the input.\n12. Loop Continuation: The loop would continue indefinitely without a break statement being triggered in this test case scenario.\n13. Closing Brackets: Always covered.\n\nFinal code coverage of the Java program based on its test case and given step-by-step reasoning for execution is:\n\n> public class Main {\n>     public static void main(String[] args) {\n>         outer:\n>         while (true) {\n>             Scanner sc = new Scanner(System.in);\n>             String line = sc.next();\n>             int t;\n>             int sum = 0;\n>             for (int i = 0; i < line.length(); i++) {\n>                 t = line.charAt(i) - '0';\n>                 sum += t;\n>                 if (sum == 0) {\n!                     break outer;\n>                 }\n>             }\n>             System.out.println(sum);\n>         }\n>     }\n> }\n\nNote: Since the sum of the digits in the test case \"abc123\" will never be 0 (assuming ASCII values for 'a', 'b', 'c', and subtracting '0' will result in positive integers for '1', '2', '3'), the break statement will never execute, hence the \"!\". The Scanner object is recreated in every iteration, which is not typical or recommended but is how the code is structured. The loop would technically continue indefinitely, but since we are focusing on the test case and code coverage, the infinite nature is not directly shown in the coverage marks.",
            "test_seed_coverage": [
                ">",
                ">",
                ">",
                ">",
                ">",
                ">",
                ">",
                ">",
                ">",
                ">",
                ">",
                ">",
                ">",
                ">",
                ">",
                ">",
                ">",
                ">",
                ">"
            ],
            "cumulative_coverage": [
                ">",
                ">",
                ">",
                ">",
                ">",
                ">",
                ">",
                ">",
                ">",
                ">",
                ">",
                ">",
                ">",
                ">",
                ">",
                ">",
                ">",
                ">",
                ">"
            ],
            "execution_error": "Exception in thread \"main\" java.util.NoSuchElementException\n\tat java.base/java.util.Scanner.throwFor(Scanner.java:945)\n\tat java.base/java.util.Scanner.next(Scanner.java:1486)\n\tat Main.main(Main.java:7)",
            "cerberus_output": "",
            "execution_result": "NoSuchElementException"
        },
        {
            "test_case": [
                "Test Case Input:\nabc123"
            ],
            "test_mutations": [
                "Test Case Input:\nabc123"
            ],
            "initial_code": "public class Main {\n    public static void main(String[] args) {\n        outer:\n        while (true) {\n            Scanner sc = new Scanner(System.in);\n            String line = sc.next();\n            int t;\n            int sum = 0;\n            for (int i = 0; i < line.length(); i++) {\n                t = line.charAt(i) - '0';\n                sum += t;\n                if (sum == 0) {\n                    break outer;\n                }\n            }\n            System.out.println(sum);\n        }\n    }\n}",
            "covered_code": "Given the Java program and the test case input \"abc123\", let's develop a plan for step by step execution to predict the code coverage:\n\n1. **Import Scanner**: The statement `import java.util.Scanner;` is always executed. (`>`)\n2. **Class Declaration**: The declaration `public class Main {` is always executed. (`>`)\n3. **Main Method Declaration**: The declaration `public static void main(String[] args) {` is always executed. (`>`)\n4. **Outer Label and While Loop**: The `outer:` label and the `while (true) {` loop are executed because the program enters into an infinite loop unless broken out of. (`>`)\n5. **Scanner and User Input**: The statements `Scanner sc = new Scanner(System.in);` and `String line = sc.next();` are executed, capturing the user input \"abc123\". (`>`)\n6. **Variable Initialization**: The initialization of `int t;` and `int sum = 0;` are executed as they are part of the loop setup. (`>`)\n7. **For Loop**: The `for (int i = 0; i < line.length(); i++) {` loop is executed since it iterates over the characters of the input string \"abc123\". (`>`)\n8. **Character to Integer Conversion**: Inside the loop, `t = line.charAt(i) - '0';` is executed to convert characters to integers. However, characters 'a', 'b', 'c' do not convert to numeric digits relevant to '0'-'9' range and result in negative values or values not within 0-9. (`>`)\n9. **Sum Calculation**: The `sum += t;` statement is executed as it is part of the for loop. (`>`)\n10. **If Condition**: The `if (sum == 0) {` condition is checked. It will not be true if any character in the string contributes to a non-zero sum. Given the input \"abc123\", the sum will eventually become positive, so the `break outer;` is not executed. (`>`)\n11. **System.out.println(sum);**: This statement is executed after the completion of the for loop, printing the sum of the digits found in the input. (`>`)\n12. **Infinite Loop Continuation or Exit**: After printing the sum, the program would normally continue to prompt for the next line of input due to the `while(true)` loop. However, for the purpose of this analysis, we assume the test case only provides one line of input and that we're only focusing on the first iteration. (`>`)\n13. **No Break Out**: Given the input \"abc123\", the condition to break out of the outer loop is never met, hence the loop continues. However, since we're analyzing a single iteration, the execution path concerning breaking out of the loop won't be covered. (`>`)\n14. **Scanner Close**: Not explicitly included in the code snippet, but ideally, the scanner should be closed to avoid resource leaks.\n\nBased on the above execution plan, all parts of the code are executed except for the actual breaking out of the loop through `break outer;` since the sum of characters 'abc123' after conversion will not be 0. Thus, the coverage is:\n\n```\n> public class Main {\n>     public static void main(String[] args) {\n>         outer:\n>         while (true) {\n>             Scanner sc = new Scanner(System.in);\n>             String line = sc.next();\n>             int t;\n>             int sum = 0;\n>             for (int i = 0; i < line.length(); i++) {\n>                 t = line.charAt(i) - '0';\n>                 sum += t;\n>                 if (sum == 0) {\n!                     break outer;\n>                 }\n>             }\n>             System.out.println(sum);\n>         }\n>     }\n> }\n```",
            "test_seed_coverage": [
                ">",
                ">",
                ">",
                ">",
                ">",
                ">",
                ">",
                ">",
                ">",
                ">",
                ">",
                ">",
                ">",
                ">",
                ">",
                ">",
                ">",
                ">",
                ">"
            ],
            "cumulative_coverage": [
                ">",
                ">",
                ">",
                ">",
                ">",
                ">",
                ">",
                ">",
                ">",
                ">",
                ">",
                ">",
                ">",
                ">",
                ">",
                ">",
                ">",
                ">",
                ">"
            ],
            "execution_error": "Exception in thread \"main\" java.util.NoSuchElementException\n\tat java.base/java.util.Scanner.throwFor(Scanner.java:945)\n\tat java.base/java.util.Scanner.next(Scanner.java:1486)\n\tat Main.main(Main.java:7)",
            "cerberus_output": "",
            "execution_result": "NoSuchElementException"
        },
        {
            "test_case": [
                "Test Case Input:\nabcd"
            ],
            "test_mutations": [
                "Test Case Input:\nabcd"
            ],
            "initial_code": "public class Main {\n    public static void main(String[] args) {\n        outer:\n        while (true) {\n            Scanner sc = new Scanner(System.in);\n            String line = sc.next();\n            int t;\n            int sum = 0;\n            for (int i = 0; i < line.length(); i++) {\n                t = line.charAt(i) - '0';\n                sum += t;\n                if (sum == 0) {\n                    break outer;\n                }\n            }\n            System.out.println(sum);\n        }\n    }\n}",
            "covered_code": "Given the Java program and the test case input \"abcd\", let's develop a plan for step by step execution to predict the code coverage:\n\n1. Import statements: Import statements are always executed. Statement \"import java.util.Scanner;\" will be covered.\n\n2. Main class declaration: Always executed. Statement \"public class Main {\" is covered.\n\n3. Main method declaration: Always executed. Statement \"public static void main(String[] args) {\" is covered.\n\n4. While loop Execution: Since it's a while(true) loop, it will always execute at least once. Statement \"while (true) {\" will be covered.\n\n5. Scanner object creation and user input: Always executed as it's inside the while loop before any conditional break. Statements \"Scanner sc = new Scanner(System.in);\" and \"String line = sc.next();\" will be covered.\n\n6. Initialization of variables: The initialization of variables \"int t;\" and \"int sum = 0;\" will be covered as they are executed before any loop or conditional statements that could potentially break/exit the while loop.\n\n7. For loop Execution: The for loop is executed to iterate over the characters of the input string. Statement \"for (int i = 0; i < line.length(); i++) {\" will be covered.\n\n8. Inside for loop: The calculation \"t = line.charAt(i) - '0';\" and \"sum += t;\" will be covered for each iteration of the loop.\n\n9. Conditional break check: \"if (sum == 0) {\" is a condition to break the outer loop. Given the input \"abcd\", this condition will never be true because 'a' - '0' gives a positive integer, and subsequent additions with characters 'b', 'c', 'd' will keep increasing the sum. Therefore, this statement will be covered, but the \"break outer;\" will never execute.\n\n10. Printing the sum: The statement \"System.out.println(sum);\" will be covered after each iteration of the for loop completes without hitting the conditional break.\n\n11. Infinite loop: Since the condition to break the outer loop is never met with the given input, the program will actually run into an infinite loop, prompting for new input indefinitely after printing the sum for each input line.\n\nGiven this execution plan, the code coverage would look like this:\n\n```java\n> public class Main {\n>     public static void main(String[] args) {\n>         outer:\n>         while (true) {\n>             Scanner sc = new Scanner(System.in);\n>             String line = sc.next();\n>             int t;\n>             int sum = 0;\n>             for (int i = 0; i < line.length(); i++) {\n>                 t = line.charAt(i) - '0';\n>                 sum += t;\n>                 if (sum == 0) {\n!                     break outer;\n                }\n>             }\n>             System.out.println(sum);\n>         }\n>     }\n> }\n```\nGiven the nature of the input \"abcd\" and the logic of the program, the line to break out of the outer loop will not be executed, as the sum of ASCII differences will not equate to 0 with the given input. Notably, the Scanner object creation and System.out.println statements will be executed multiple times due to the infinite loop, but for the purpose of this analysis, they are marked as executed once.",
            "test_seed_coverage": [
                ">",
                ">",
                ">",
                ">",
                ">",
                ">",
                ">",
                ">",
                ">",
                ">",
                ">",
                ">",
                ">",
                ">",
                ">",
                ">",
                ">",
                ">",
                ">"
            ],
            "cumulative_coverage": [
                ">",
                ">",
                ">",
                ">",
                ">",
                ">",
                ">",
                ">",
                ">",
                ">",
                ">",
                ">",
                ">",
                ">",
                ">",
                ">",
                ">",
                ">",
                ">"
            ],
            "execution_error": "Exception in thread \"main\" java.util.NoSuchElementException\n\tat java.base/java.util.Scanner.throwFor(Scanner.java:945)\n\tat java.base/java.util.Scanner.next(Scanner.java:1486)\n\tat Main.main(Main.java:7)",
            "cerberus_output": "",
            "execution_result": "NoSuchElementException"
        },
        {
            "test_case": [
                "Test Case Input:\nabc"
            ],
            "test_mutations": [
                "Test Case Input:\nabc"
            ],
            "initial_code": "public class Main {\n    public static void main(String[] args) {\n        outer:\n        while (true) {\n            Scanner sc = new Scanner(System.in);\n            String line = sc.next();\n            int t;\n            int sum = 0;\n            for (int i = 0; i < line.length(); i++) {\n                t = line.charAt(i) - '0';\n                sum += t;\n                if (sum == 0) {\n                    break outer;\n                }\n            }\n            System.out.println(sum);\n        }\n    }\n}",
            "covered_code": "PLAN for step by step execution of the given Java program and test case:\n\n1. Import statements: Statement \"import java.util.Scanner;\" is assumed to be part of the program and will be covered.\n\n2. Main class declaration: Statement \"public class Main {\" is always executed.\n\n3. Main method declaration: Statement \"public static void main(String[] args) {\" is always executed.\n\n4. While loop Execution: Since it's a \"while (true)\" loop, it will always execute unless a break statement is encountered. Statement \"while (true) {\" will be covered.\n\n5. Inside While loop - Scanner and User Input: Statements \"Scanner sc = new Scanner(System.in);\" and \"String line = sc.next();\" are executed to read the input from the user.\n\n6. For loop Execution: Since the input \"abc\" has a length of 3, the for loop will iterate over each character of the string. Statement \"for (int i = 0; i < line.length(); i++) {\" will be covered.\n\n7. Inside For loop - Character Processing and Summation: Statements inside the for loop for processing each character and updating the sum \"t = line.charAt(i) - '0';\" and \"sum += t;\" will be covered.\n\n8. If condition inside For loop: Since \"abc\" when converted using \"line.charAt(i) - '0'\" will not result in a sum of 0, the if condition \"if (sum == 0) {\" will not be satisfied, and the break statement \"break outer;\" will not be executed.\n\n9. System.out.println(sum): After processing all characters in the input string \"abc\", the calculated sum will be printed. Statement \"System.out.println(sum);\" will be covered.\n\n10. Loop Continuation or Break: As the sum is not zero, the loop does not break and continues to wait for the next input indefinitely (or until a runtime exception occurs due to manual interruption or an input that results in sum == 0).\n\n11. Closing Brackets and End of Program: Since the loop is infinite under the given test case, the program does not naturally reach its end.\n\nGiven the test case \"abc\", let's predict the code coverage:\n\n> import java.util.Scanner;\n> public class Main {\n>     public static void main(String[] args) {\n>         outer:\n>         while (true) {\n>             Scanner sc = new Scanner(System.in);\n>             String line = sc.next();\n>             int t;\n>             int sum = 0;\n>             for (int i = 0; i < line.length(); i++) {\n>                 t = line.charAt(i) - '0';\n>                 sum += t;\n!                 if (sum == 0) {\n!                     break outer;\n                }\n>             }\n>             System.out.println(sum);\n        }\n    }\n}\n\nOUTPUT:\nThe program prints the sum of the ASCII values of 'a', 'b', 'c' minus '0' for each character, continuously for each line of input until sum == 0 or the program is manually terminated. There isn't a specific runtime exception raised by the provided input \"abc\".",
            "test_seed_coverage": [
                ">",
                ">",
                ">",
                ">",
                ">",
                ">",
                ">",
                ">",
                ">",
                ">",
                ">",
                ">",
                ">",
                ">",
                ">",
                ">",
                ">",
                ">",
                ">"
            ],
            "cumulative_coverage": [
                ">",
                ">",
                ">",
                ">",
                ">",
                ">",
                ">",
                ">",
                ">",
                ">",
                ">",
                ">",
                ">",
                ">",
                ">",
                ">",
                ">",
                ">",
                ">"
            ],
            "execution_error": "Exception in thread \"main\" java.util.NoSuchElementException\n\tat java.base/java.util.Scanner.throwFor(Scanner.java:945)\n\tat java.base/java.util.Scanner.next(Scanner.java:1486)\n\tat Main.main(Main.java:7)",
            "cerberus_output": "",
            "execution_result": "NoSuchElementException"
        },
        {
            "test_case": [
                "Test Case Input:\nabc123"
            ],
            "test_mutations": [
                "Test Case Input:\nabc123"
            ],
            "initial_code": "public class Main {\n    public static void main(String[] args) {\n        outer:\n        while (true) {\n            Scanner sc = new Scanner(System.in);\n            String line = sc.next();\n            int t;\n            int sum = 0;\n            for (int i = 0; i < line.length(); i++) {\n                t = line.charAt(i) - '0';\n                sum += t;\n                if (sum == 0) {\n                    break outer;\n                }\n            }\n            System.out.println(sum);\n        }\n    }\n}",
            "covered_code": "Given the step-by-step execution plan for the provided Java program and the test case input, let's predict the code coverage:\n\n1. **Import Statement**: The statement to import the Scanner class will be covered as it is necessary for the program to compile and run. \n    - > import java.util.Scanner;\n\n2. **Class Declaration**: The declaration of the public class Main is always executed as part of the program initialization.\n    - > public class Main {\n\n3. **Main Method Declaration**: The declaration of the public static void main(String[] args) method is always executed.\n    - > public static void main(String[] args) {\n\n4. **While Loop Execution**: The `while (true)` condition ensures that the loop is always entered at least once.\n    - > while (true) {\n\n5. **Scanner and User Input**: The creation of a Scanner object and reading input from the user are executed.\n    - > Scanner sc = new Scanner(System.in);\n    - > String line = sc.next();\n\n6. **For Loop Execution**: The for loop will be executed since it iterates over the characters of the input string.\n    - > for (int i = 0; i < line.length(); i++) {\n\n7. **Character Processing and Sum Calculation**: The calculation of variable `t` and the updating of `sum` are executed for each character in the input string.\n    - > t = line.charAt(i) - '0';\n    - > sum += t;\n\n8. **Check for Sum Equal to Zero**: Given the input \"abc123\", the sum will never be equal to 0 during the first iteration because the characters 'a', 'b', 'c' will convert to negative values, and '1', '2', '3' will add positive values making the sum positive. Therefore, the `if` condition checking for sum == 0 will not be satisfied in the first pass.\n    - ! if (sum == 0) {\n    - !     break outer;\n    - }\n\n9. **Print Statement Execution**: Since the sum is not equal to zero after processing \"abc123\", the print statement will be executed.\n    - > System.out.println(sum);\n\n10. **Break Statement Execution**: The break statement associated with the `if (sum == 0)` condition will not be executed because the condition will not be met with the input \"abc123\".\n    - (See point 8)\n\n11. **Loop Continuation**: If there were more inputs or the program continued to run in a live environment, it would return to waiting for the next input due to the `while (true)` loop. However, based on the given single test case input \"abc123\", the loop is considered to execute only once for the purpose of this coverage prediction.\n\n12. **Scanner Close**: The Scanner object `sc` is not explicitly closed in the provided code. Therefore, the statement to close it is not covered.\n    - ! sc.close();\n\nGiven this plan, the predicted code coverage for the provided Java program and test case input \"abc123\" is:\n\n```\n> public class Main {\n>     public static void main(String[] args) {\n>         outer:\n>         while (true) {\n>             Scanner sc = new Scanner(System.in);\n>             String line = sc.next();\n>             int t;\n>             int sum = 0;\n>             for (int i = 0; i < line.length(); i++) {\n>                 t = line.charAt(i) - '0';\n>                 sum += t;\n!                 if (sum == 0) {\n!                     break outer;\n                }\n>             }\n>             System.out.println(sum);\n>         }\n!     }\n! }\n```\n**Note**: The code snippet provided does not include a closing bracket for the Scanner, and the actual testing environment specifics (like how input is provided and the program is terminated) could affect the exact execution path, especially regarding loop continuation and handling of the Scanner object.",
            "test_seed_coverage": [
                ">",
                ">",
                ">",
                ">",
                ">",
                ">",
                ">",
                ">",
                ">",
                ">",
                ">",
                ">",
                ">",
                ">",
                ">",
                ">",
                ">",
                ">",
                ">"
            ],
            "cumulative_coverage": [
                ">",
                ">",
                ">",
                ">",
                ">",
                ">",
                ">",
                ">",
                ">",
                ">",
                ">",
                ">",
                ">",
                ">",
                ">",
                ">",
                ">",
                ">",
                ">"
            ],
            "execution_error": "Exception in thread \"main\" java.util.NoSuchElementException\n\tat java.base/java.util.Scanner.throwFor(Scanner.java:945)\n\tat java.base/java.util.Scanner.next(Scanner.java:1486)\n\tat Main.main(Main.java:7)",
            "cerberus_output": "",
            "execution_result": "NoSuchElementException"
        }
    ]
}