{
    "submission_id": "s079849193",
    "cycles": [
        {
            "test_case": [
                "Test Case Input:\n5\n1 4 2 3 5"
            ],
            "test_mutations": [
                "Test Case Input:\n5\n1 4 2 3 5"
            ],
            "initial_code": "class Main{\n    public static int[] A;\n    public static int[] B;\n    public static int[] C;\n    public static int n;\n    public static void main(String[] args) throws IOException {\n\tint i,k=0;\n\tA = new int[2000001];\n\tB = new int[2000001];\n\tC = new int[2000001];\n\tScanner scan = new Scanner(System.in);\n\tn = scan.nextInt();\n\tString str;\n\tBufferedReader buffer = new BufferedReader(new InputStreamReader(System.in));\n\tstr = buffer.readLine();\n\tString[] strs = str.split(\" \");\n\tfor(i=0;i<n;i++){\n\t    A[i] = Integer.parseInt(strs[i]);\n\t    if(k<=A[i]){k = A[i];}\n\t}\n    CountingSort(A,B,k);\n    for(i=1;i<=n;i++){\n\tif(i==n){System.out.println(B[i]);break;}\n\t    System.out.print(B[i]+\" \");\n    }\n    }\npublic static void CountingSort(int A[],int B[],int k){\n    int i,j;\n    for(i=0;i<k+1;i++){\n\tC[i] = 0;\n    }\n    for(j=0;j<n;j++){\n\tC[A[j]]++;\n    }\n    for(i=1;i<k+1;i++){\n\tC[i] = C[i] + C[i-1];\n    }\n    for(j=n-1;j>=0;j--){\n\tB[C[A[j]]] = A[j];\n\tC[A[j]]--;\n    }\n}\n}",
            "covered_code": "To analyze the code coverage for the provided Java program with the given test input, let's follow the plan step by step:\n\n### Plan for step by step execution:\n\n1. **Class Declaration**: The class declaration `class Main{` is always executed.\n2. **Static Variables Initialization**: Declarations and initializations of static arrays `A`, `B`, `C`, and static integer `n` are always executed.\n3. **Main Method Declaration**: The declaration of the `main` method is always executed.\n4. **Variable Declarations within Main**: The declaration of local variables `i` and `k` within the main method is always executed.\n5. **Array Initialization**: The initialization of arrays `A`, `B`, and `C` with a size of `2000001` is always executed.\n6. **Scanner Initialization**: Initialization of `Scanner scan` for reading from `System.in` is always executed.\n7. **Reading `n` from Scanner**: Reading the integer `n` using `scan.nextInt();` is executed.\n8. **BufferedReader Initialization**: The initialization of `BufferedReader buffer` and reading a line into `str` is always executed.\n9. **Splitting Input String**: Splitting the input string `str` using `str.split(\" \");` and parsing integers is executed.\n10. **For loop for Reading and Processing Inputs**: The for loop that processes the input integers, updates array `A` and finds the maximum value `k`, is executed.\n11. **CountingSort Method Call**: The call to `CountingSort(A,B,k);` is executed.\n12. **Printing Sorted Array**: The for loop that prints the sorted array `B` is executed.\n13. **CountingSort Method Execution**: The entire method `CountingSort` is executed, including updating arrays `C` and `B`.\n\n### Code Coverage Prediction:\n\n```\n> class Main{\n>     public static int[] A;\n>     public static int[] B;\n>     public static int[] C;\n>     public static int n;\n>     public static void main(String[] args) throws IOException {\n>         int i,k=0;\n>         A = new int[2000001];\n>         B = new int[2000001];\n>         C = new int[2000001];\n>         Scanner scan = new Scanner(System.in);\n>         n = scan.nextInt();\n>         String str;\n>         BufferedReader buffer = new BufferedReader(new InputStreamReader(System.in));\n>         str = buffer.readLine();\n>         String[] strs = str.split(\" \");\n>         for(i=0;i<n;i++){\n>             A[i] = Integer.parseInt(strs[i]);\n>             if(k<=A[i]){k = A[i];}\n>         }\n>         CountingSort(A,B,k);\n>         for(i=1;i<=n;i++){\n>             if(i==n){System.out.println(B[i]);break;}\n>             System.out.print(B[i]+\" \");\n>         }\n>     }\n>     public static void CountingSort(int A[],int B[],int k){\n>         int i,j;\n>         for(i=0;i<k+1;i++){\n>             C[i] = 0;\n>         }\n>         for(j=0;j<n;j++){\n>             C[A[j]]++;\n>         }\n>         for(i=1;i<k+1;i++){\n>             C[i] = C[i] + C[i-1];\n>         }\n>         for(j=n-1;j>=0;j--){\n>             B[C[A[j]]] = A[j];\n>             C[A[j]]--;\n>         }\n>     }\n> }\n```\n\n### Explanation:\n\n- All parts of the program are covered because the input and the logic of the program ensure that every statement is executed.\n- The `CountingSort` function is called with appropriate parameters, ensuring the sorting logic is entirely executed.\n- The printing logic in the main method is fully executed, including the special case for the last element to ensure it prints without a trailing space but with a newline instead.\n\n### Note:\n\nThe coverage analysis assumes proper inputs are provided and does not account for any exceptions that might be thrown due to incorrect or unexpected input formats, as the provided input matches the expected format.",
            "test_seed_coverage": [
                ">",
                ">",
                ">",
                ">",
                ">",
                ">",
                ">",
                ">",
                ">",
                ">",
                ">",
                ">",
                ">",
                ">",
                ">",
                ">",
                ">",
                ">",
                ">",
                ">",
                ">",
                ">",
                ">",
                ">",
                ">",
                ">",
                ">",
                ">",
                ">",
                ">",
                ">",
                ">",
                ">",
                ">",
                ">",
                ">",
                ">",
                ">",
                ">",
                ">",
                ">",
                ">",
                ">"
            ],
            "cumulative_coverage": [
                ">",
                ">",
                ">",
                ">",
                ">",
                ">",
                ">",
                ">",
                ">",
                ">",
                ">",
                ">",
                ">",
                ">",
                ">",
                ">",
                ">",
                ">",
                ">",
                ">",
                ">",
                ">",
                ">",
                ">",
                ">",
                ">",
                ">",
                ">",
                ">",
                ">",
                ">",
                ">",
                ">",
                ">",
                ">",
                ">",
                ">",
                ">",
                ">",
                ">",
                ">",
                ">",
                ">"
            ],
            "execution_error": "Exception in thread \"main\" java.lang.NullPointerException: Cannot invoke \"String.split(String)\" because \"<local4>\" is null\n\tat Main.main(Main.java:18)",
            "cerberus_output": "",
            "execution_result": "NullPointerException"
        },
        {
            "test_case": [
                "Test Case Input:\n5\n1 4 2 3 5"
            ],
            "test_mutations": [
                "Test Case Input:\n5\n1 4 2 3 5"
            ],
            "initial_code": "class Main{\n    public static int[] A;\n    public static int[] B;\n    public static int[] C;\n    public static int n;\n    public static void main(String[] args) throws IOException {\n\tint i,k=0;\n\tA = new int[2000001];\n\tB = new int[2000001];\n\tC = new int[2000001];\n\tScanner scan = new Scanner(System.in);\n\tn = scan.nextInt();\n\tString str;\n\tBufferedReader buffer = new BufferedReader(new InputStreamReader(System.in));\n\tstr = buffer.readLine();\n\tString[] strs = str.split(\" \");\n\tfor(i=0;i<n;i++){\n\t    A[i] = Integer.parseInt(strs[i]);\n\t    if(k<=A[i]){k = A[i];}\n\t}\n    CountingSort(A,B,k);\n    for(i=1;i<=n;i++){\n\tif(i==n){System.out.println(B[i]);break;}\n\t    System.out.print(B[i]+\" \");\n    }\n    }\npublic static void CountingSort(int A[],int B[],int k){\n    int i,j;\n    for(i=0;i<k+1;i++){\n\tC[i] = 0;\n    }\n    for(j=0;j<n;j++){\n\tC[A[j]]++;\n    }\n    for(i=1;i<k+1;i++){\n\tC[i] = C[i] + C[i-1];\n    }\n    for(j=n-1;j>=0;j--){\n\tB[C[A[j]]] = A[j];\n\tC[A[j]]--;\n    }\n}\n}",
            "covered_code": "To predict the code coverage for the given Java program with the specified test case input \"5\\n1 4 2 3 5\", we will follow a plan similar to the one provided for the NumberDivision class. This step-by-step plan will help us understand which parts of the code are executed.\n\n### Plan for Step by Step Execution\n\n1. **Class Declaration**: Always executed. The statement `class Main{` is covered.\n2. **Static Variable Declarations**: Always executed. Statements initializing `A`, `B`, `C`, and `n` are covered.\n3. **Main Method Declaration**: Always executed. The statement `public static void main(String[] args) throws IOException {` is covered.\n4. **Variable Initialization**: Always executed. Statements initializing `i` and `k=0;` are covered.\n5. **Array Initialization**: Always executed. Statements initializing `A`, `B`, and `C` arrays are covered.\n6. **Scanner and BufferedReader for Input**: Always executed. The creation of `Scanner` and `BufferedReader` objects are covered.\n7. **Reading `n`**: Always executed. The statement `n = scan.nextInt();` is covered.\n8. **Reading String `str` and Splitting**: Always executed. Reading the string `str` and splitting it into `strs` are covered.\n9. **For Loop for Populating `A` and Finding `k`**: Always executed. The loop that populates `A` array and finds the maximum value `k` is covered.\n10. **Method Call to `CountingSort`**: Always executed. The call to `CountingSort(A,B,k);` is covered.\n11. **Printing Sorted Array**: Always executed. The loop for printing the sorted array `B` is covered.\n12. **CountingSort Method Declaration**: Always executed. The declaration of the method `CountingSort` is covered.\n13. **CountingSort Method Execution**: \n    - Initialization of `C` array: Always executed. The loop setting all elements of `C` to 0 is covered.\n    - Populating `C` array: Always executed. The loop that increments counts in `C` is covered.\n    - Cumulative sum in `C`: Always executed. The loop that calculates the cumulative sum in `C` is covered.\n    - Final sorting loop: Always executed. The loop that places elements into `B` based on counts in `C` is covered.\n\n### Predicted Code Coverage\n\nGiven the test case and the plan, the predicted code coverage is as follows:\n\n```\n> class Main{\n>     public static int[] A;\n>     public static int[] B;\n>     public static int[] C;\n>     public static int n;\n>     public static void main(String[] args) throws IOException {\n>     int i,k=0;\n>     A = new int[2000001];\n>     B = new int[2000001];\n>     C = new int[2000001];\n>     Scanner scan = new Scanner(System.in);\n>     n = scan.nextInt();\n>     String str;\n>     BufferedReader buffer = new BufferedReader(new InputStreamReader(System.in));\n>     str = buffer.readLine();\n>     String[] strs = str.split(\" \");\n>     for(i=0;i<n;i++){\n>         A[i] = Integer.parseInt(strs[i]);\n>         if(k<=A[i]){k = A[i];}\n>     }\n>     CountingSort(A,B,k);\n>     for(i=1;i<=n;i++){\n>     if(i==n){System.out.println(B[i]);break;}\n>         System.out.print(B[i]+\" \");\n>     }\n>     }\n> public static void CountingSort(int A[],int B[],int k){\n>     int i,j;\n>     for(i=0;i<k+1;i++){\n>     C[i] = 0;\n>     }\n>     for(j=0;j<n;j++){\n>     C[A[j]]++;\n>     }\n>     for(i=1;i<k+1;i++){\n>     C[i] = C[i] + C[i-1];\n>     }\n>     for(j=n-1;j>=0;j--){\n>     B[C[A[j]]] = A[j];\n>     C[A[j]]--;\n>     }\n> }\n> }\n```\n\n### OUTPUT:\nThe test case does not raise any exception, so the program will successfully sort the given numbers and print them in sorted order. All statements in the provided code snippet are executed according to the plan with the given input, resulting in full code coverage.",
            "test_seed_coverage": [
                ">",
                ">",
                ">",
                ">",
                ">",
                ">",
                ">",
                ">",
                ">",
                ">",
                ">",
                ">",
                ">",
                ">",
                ">",
                ">",
                ">",
                ">",
                ">",
                ">",
                ">",
                ">",
                ">",
                ">",
                ">",
                ">",
                ">",
                ">",
                ">",
                ">",
                ">",
                ">",
                ">",
                ">",
                ">",
                ">",
                ">",
                ">",
                ">",
                ">",
                ">",
                ">",
                ">"
            ],
            "cumulative_coverage": [
                ">",
                ">",
                ">",
                ">",
                ">",
                ">",
                ">",
                ">",
                ">",
                ">",
                ">",
                ">",
                ">",
                ">",
                ">",
                ">",
                ">",
                ">",
                ">",
                ">",
                ">",
                ">",
                ">",
                ">",
                ">",
                ">",
                ">",
                ">",
                ">",
                ">",
                ">",
                ">",
                ">",
                ">",
                ">",
                ">",
                ">",
                ">",
                ">",
                ">",
                ">",
                ">",
                ">"
            ],
            "execution_error": "Exception in thread \"main\" java.lang.NullPointerException: Cannot invoke \"String.split(String)\" because \"<local4>\" is null\n\tat Main.main(Main.java:18)",
            "cerberus_output": "",
            "execution_result": "NullPointerException"
        },
        {
            "test_case": [
                "Test Case Input:\n5\n1 2 3 4 5"
            ],
            "test_mutations": [
                "Test Case Input:\n5\n1 2 3 4 5"
            ],
            "initial_code": "class Main{\n    public static int[] A;\n    public static int[] B;\n    public static int[] C;\n    public static int n;\n    public static void main(String[] args) throws IOException {\n\tint i,k=0;\n\tA = new int[2000001];\n\tB = new int[2000001];\n\tC = new int[2000001];\n\tScanner scan = new Scanner(System.in);\n\tn = scan.nextInt();\n\tString str;\n\tBufferedReader buffer = new BufferedReader(new InputStreamReader(System.in));\n\tstr = buffer.readLine();\n\tString[] strs = str.split(\" \");\n\tfor(i=0;i<n;i++){\n\t    A[i] = Integer.parseInt(strs[i]);\n\t    if(k<=A[i]){k = A[i];}\n\t}\n    CountingSort(A,B,k);\n    for(i=1;i<=n;i++){\n\tif(i==n){System.out.println(B[i]);break;}\n\t    System.out.print(B[i]+\" \");\n    }\n    }\npublic static void CountingSort(int A[],int B[],int k){\n    int i,j;\n    for(i=0;i<k+1;i++){\n\tC[i] = 0;\n    }\n    for(j=0;j<n;j++){\n\tC[A[j]]++;\n    }\n    for(i=1;i<k+1;i++){\n\tC[i] = C[i] + C[i-1];\n    }\n    for(j=n-1;j>=0;j--){\n\tB[C[A[j]]] = A[j];\n\tC[A[j]]--;\n    }\n}\n}",
            "covered_code": "To predict the code coverage for the given Java program with the specified test case input, let's develop a plan of step-by-step execution and then provide the code coverage.\n\nTest Case Input:\n5\n1 2 3 4 5\n\nPlan:\n1. Class declaration: always executed. Statement \"class Main{\" is covered.\n2. Static variables declaration: always executed. Statements for the declaration of A, B, C, and n are covered.\n3. Main method declaration: always executed. Statement \"public static void main(String[] args) throws IOException {\" is covered.\n4. Variable initialization and Scanner setup: always executed. Statements for initializing \"i, k\" and setting up \"Scanner\" and \"BufferedReader\" are covered.\n5. Reading 'n': executed with the test input. Statement \"n = scan.nextInt();\" is covered.\n6. Reading the string and splitting: executed with the test input. Statements for reading the line and splitting it into an array are covered.\n7. For loop for populating A[] and finding the maximum 'k': executed based on 'n'. All statements inside the for loop are covered.\n8. Calling CountingSort: always executed with the given inputs. Statement \"CountingSort(A,B,k);\" is covered.\n9. Printing loop: executed to print sorted values. All statements inside the for loop are covered.\n10. CountingSort method: always executed when called. All statements inside CountingSort are covered due to the nature of the algorithm and the given inputs.\n\nCode Coverage:\n> class Main{\n>     public static int[] A;\n>     public static int[] B;\n>     public static int[] C;\n>     public static int n;\n>     public static void main(String[] args) throws IOException {\n> \tint i,k=0;\n> \tA = new int[2000001];\n> \tB = new int[2000001];\n> \tC = new int[2000001];\n> \tScanner scan = new Scanner(System.in);\n> \tn = scan.nextInt();\n> \tString str;\n> \tBufferedReader buffer = new BufferedReader(new InputStreamReader(System.in));\n> \tstr = buffer.readLine();\n> \tString[] strs = str.split(\" \");\n> \tfor(i=0;i<n;i++){\n> \t    A[i] = Integer.parseInt(strs[i]);\n> \t    if(k<=A[i]){k = A[i];}\n> \t}\n>     CountingSort(A,B,k);\n>     for(i=1;i<=n;i++){\n> \tif(i==n){System.out.println(B[i]);break;}\n> \t    System.out.print(B[i]+\" \");\n>     }\n>     }\n> public static void CountingSort(int A[],int B[],int k){\n>     int i,j;\n>     for(i=0;i<k+1;i++){\n> \tC[i] = 0;\n>     }\n>     for(j=0;j<n;j++){\n> \tC[A[j]]++;\n>     }\n>     for(i=1;i<k+1;i++){\n> \tC[i] = C[i] + C[i-1];\n>     }\n>     for(j=n-1;j>=0;j--){\n> \tB[C[A[j]]] = A[j];\n> \tC[A[j]]--;\n>     }\n> }\n> }\n\nBased on this plan and the test case input, all statements in the given Java program are executed, indicating full code coverage for this specific test case.",
            "test_seed_coverage": [
                ">",
                ">",
                ">",
                ">",
                ">",
                ">",
                ">",
                ">",
                ">",
                ">",
                ">",
                ">",
                ">",
                ">",
                ">",
                ">",
                ">",
                ">",
                ">",
                ">",
                ">",
                ">",
                ">",
                ">",
                ">",
                ">",
                ">",
                ">",
                ">",
                ">",
                ">",
                ">",
                ">",
                ">",
                ">",
                ">",
                ">",
                ">",
                ">",
                ">",
                ">",
                ">",
                ">"
            ],
            "cumulative_coverage": [
                ">",
                ">",
                ">",
                ">",
                ">",
                ">",
                ">",
                ">",
                ">",
                ">",
                ">",
                ">",
                ">",
                ">",
                ">",
                ">",
                ">",
                ">",
                ">",
                ">",
                ">",
                ">",
                ">",
                ">",
                ">",
                ">",
                ">",
                ">",
                ">",
                ">",
                ">",
                ">",
                ">",
                ">",
                ">",
                ">",
                ">",
                ">",
                ">",
                ">",
                ">",
                ">",
                ">"
            ],
            "execution_error": "Exception in thread \"main\" java.lang.NullPointerException: Cannot invoke \"String.split(String)\" because \"<local4>\" is null\n\tat Main.main(Main.java:18)",
            "cerberus_output": "",
            "execution_result": "NullPointerException"
        },
        {
            "test_case": [
                "Test Case Input:\n5\n1 2 3 4 5"
            ],
            "test_mutations": [
                "Test Case Input:\n5\n1 2 3 4 5"
            ],
            "initial_code": "class Main{\n    public static int[] A;\n    public static int[] B;\n    public static int[] C;\n    public static int n;\n    public static void main(String[] args) throws IOException {\n\tint i,k=0;\n\tA = new int[2000001];\n\tB = new int[2000001];\n\tC = new int[2000001];\n\tScanner scan = new Scanner(System.in);\n\tn = scan.nextInt();\n\tString str;\n\tBufferedReader buffer = new BufferedReader(new InputStreamReader(System.in));\n\tstr = buffer.readLine();\n\tString[] strs = str.split(\" \");\n\tfor(i=0;i<n;i++){\n\t    A[i] = Integer.parseInt(strs[i]);\n\t    if(k<=A[i]){k = A[i];}\n\t}\n    CountingSort(A,B,k);\n    for(i=1;i<=n;i++){\n\tif(i==n){System.out.println(B[i]);break;}\n\t    System.out.print(B[i]+\" \");\n    }\n    }\npublic static void CountingSort(int A[],int B[],int k){\n    int i,j;\n    for(i=0;i<k+1;i++){\n\tC[i] = 0;\n    }\n    for(j=0;j<n;j++){\n\tC[A[j]]++;\n    }\n    for(i=1;i<k+1;i++){\n\tC[i] = C[i] + C[i-1];\n    }\n    for(j=n-1;j>=0;j--){\n\tB[C[A[j]]] = A[j];\n\tC[A[j]]--;\n    }\n}\n}",
            "covered_code": "Given the provided Java program and the test case input, let's develop a plan for step by step execution to predict the code coverage.\n\n**Test Case Input:**\n5\n1 2 3 4 5\n\n**Java Program:**\n```java\nclass Main{\n    public static int[] A;\n    public static int[] B;\n    public static int[] C;\n    public static int n;\n    public static void main(String[] args) throws IOException {\n        int i,k=0;\n        A = new int[2000001];\n        B = new int[2000001];\n        C = new int[2000001];\n        Scanner scan = new Scanner(System.in);\n        n = scan.nextInt();\n        String str;\n        BufferedReader buffer = new BufferedReader(new InputStreamReader(System.in));\n        str = buffer.readLine();\n        String[] strs = str.split(\" \");\n        for(i=0;i<n;i++){\n            A[i] = Integer.parseInt(strs[i]);\n            if(k<=A[i]){k = A[i];}\n        }\n        CountingSort(A,B,k);\n        for(i=1;i<=n;i++){\n            if(i==n){System.out.println(B[i]);break;}\n            System.out.print(B[i]+\" \");\n        }\n    }\n    public static void CountingSort(int A[],int B[],int k){\n        int i,j;\n        for(i=0;i<k+1;i++){\n            C[i] = 0;\n        }\n        for(j=0;j<n;j++){\n            C[A[j]]++;\n        }\n        for(i=1;i<k+1;i++){\n            C[i] = C[i] + C[i-1];\n        }\n        for(j=n-1;j>=0;j--){\n            B[C[A[j]]] = A[j];\n            C[A[j]]--;\n        }\n    }\n}\n```\n\n**Plan for step by step execution:**\n\n1. **Class Declaration:** The class Main is always executed.\n\n2. **Static Variables Initialization:** The static arrays A, B, C, and integer n are initialized.\n\n3. **Main Method Execution:** The main method is executed, starting with the declaration of local variables and initialization of arrays A, B, and C.\n\n4. **User Input via Scanner:** The variable 'n' is assigned the value from the user input (which is 5 in the test case).\n\n5. **BufferedReader for Input:** The program reads another line from the input, which is \"1 2 3 4 5\", and splits it into an array of strings.\n\n6. **For-loop to Fill Array A and Find Maximum Element:** The for-loop correctly populates the array A with the given inputs and finds the maximum element to use as 'k'.\n\n7. **Call to CountingSort Method:** The CountingSort method is called with A, B, and the maximum element k.\n\n8. **Execution of CountingSort Method:**\n    - Initialization of array C to zeros.\n    - Populating the C array based on occurrences of each element in A.\n    - Cumulative sum in array C to find the positions of elements.\n    - Filling the B array using the positions calculated in C.\n\n9. **Output of Sorted Array B:** The for-loop in the main method outputs the sorted array B, adjusting for 1-based indexing as per the code logic.\n\n10. **Closing of Resources:** Not explicitly done for BufferedReader and Scanner, but they are used within the scope of the main method.\n\n**Predicted Code Coverage:**\n\n```plaintext\n> class Main{\n>     public static int[] A;\n>     public static int[] B;\n>     public static int[] C;\n>     public static int n;\n>     public static void main(String[] args) throws IOException {\n>         int i,k=0;\n>         A = new int[2000001];\n>         B = new int[2000001];\n>         C = new int[2000001];\n>         Scanner scan = new Scanner(System.in);\n>         n = scan.nextInt();\n>         String str;\n>         BufferedReader buffer = new BufferedReader(new InputStreamReader(System.in));\n>         str = buffer.readLine();\n>         String[] strs = str.split(\" \");\n>         for(i=0;i<n;i++){\n>             A[i] = Integer.parseInt(strs[i]);\n>             if(k<=A[i]){k = A[i];}\n>         }\n>         CountingSort(A,B,k);\n>         for(i=1;i<=n;i++){\n>             if(i==n){System.out.println(B[i]);break;}\n>             System.out.print(B[i]+\" \");\n>         }\n>     }\n>     public static void CountingSort(int A[],int B[],int k){\n>         int i,j;\n>         for(i=0;i<k+1;i++){\n>             C[i] = 0;\n>         }\n>         for(j=0;j<n;j++){\n>             C[A[j]]++;\n>         }\n>         for(i=1;i<k+1;i++){\n>             C[i] = C[i] + C[i-1];\n>         }\n>         for(j=n-1;j>=0;j--){\n>             B[C[A[j]]] = A[j];\n>             C[A[j]]--;\n>         }\n>     }\n> }\n```\n\n**Note:** The code will execute without runtime exceptions based on the given input. All lines within the scope of the execution plan are covered.",
            "test_seed_coverage": [
                ">",
                ">",
                ">",
                ">",
                ">",
                ">",
                ">",
                ">",
                ">",
                ">",
                ">",
                ">",
                ">",
                ">",
                ">",
                ">",
                ">",
                ">",
                ">",
                ">",
                ">",
                ">",
                ">",
                ">",
                ">",
                ">",
                ">",
                ">",
                ">",
                ">",
                ">",
                ">",
                ">",
                ">",
                ">",
                ">",
                ">",
                ">",
                ">",
                ">",
                ">",
                ">",
                ">"
            ],
            "cumulative_coverage": [
                ">",
                ">",
                ">",
                ">",
                ">",
                ">",
                ">",
                ">",
                ">",
                ">",
                ">",
                ">",
                ">",
                ">",
                ">",
                ">",
                ">",
                ">",
                ">",
                ">",
                ">",
                ">",
                ">",
                ">",
                ">",
                ">",
                ">",
                ">",
                ">",
                ">",
                ">",
                ">",
                ">",
                ">",
                ">",
                ">",
                ">",
                ">",
                ">",
                ">",
                ">",
                ">",
                ">"
            ],
            "execution_error": "Exception in thread \"main\" java.lang.NullPointerException: Cannot invoke \"String.split(String)\" because \"<local4>\" is null\n\tat Main.main(Main.java:18)",
            "cerberus_output": "",
            "execution_result": "NullPointerException"
        },
        {
            "test_case": [
                "Test Case Input:\n5\n1 2 3 4 5"
            ],
            "test_mutations": [
                "Test Case Input:\n5\n1 2 3 4 5"
            ],
            "initial_code": "class Main{\n    public static int[] A;\n    public static int[] B;\n    public static int[] C;\n    public static int n;\n    public static void main(String[] args) throws IOException {\n\tint i,k=0;\n\tA = new int[2000001];\n\tB = new int[2000001];\n\tC = new int[2000001];\n\tScanner scan = new Scanner(System.in);\n\tn = scan.nextInt();\n\tString str;\n\tBufferedReader buffer = new BufferedReader(new InputStreamReader(System.in));\n\tstr = buffer.readLine();\n\tString[] strs = str.split(\" \");\n\tfor(i=0;i<n;i++){\n\t    A[i] = Integer.parseInt(strs[i]);\n\t    if(k<=A[i]){k = A[i];}\n\t}\n    CountingSort(A,B,k);\n    for(i=1;i<=n;i++){\n\tif(i==n){System.out.println(B[i]);break;}\n\t    System.out.print(B[i]+\" \");\n    }\n    }\npublic static void CountingSort(int A[],int B[],int k){\n    int i,j;\n    for(i=0;i<k+1;i++){\n\tC[i] = 0;\n    }\n    for(j=0;j<n;j++){\n\tC[A[j]]++;\n    }\n    for(i=1;i<k+1;i++){\n\tC[i] = C[i] + C[i-1];\n    }\n    for(j=n-1;j>=0;j--){\n\tB[C[A[j]]] = A[j];\n\tC[A[j]]--;\n    }\n}\n}",
            "covered_code": "Following the step-by-step execution plan for the given Java program and the test case input:\n\n1. **Class Declaration**:\n    - Always executed. Statement `class Main{` will be covered.\n\n2. **Static variables initialization**:\n    - Statements initializing `A`, `B`, `C`, and `n` are always executed.\n\n3. **Main method declaration**:\n    - Always executed. Statement `public static void main(String[] args) throws IOException {` is covered.\n\n4. **Variable initialization within main**:\n    - Statements initializing `i`, `k=0`, and arrays `A`, `B`, `C` are executed.\n\n5. **Reading `n` from `Scanner`**:\n    - The statement `n = scan.nextInt();` is executed to read the first input (`5` in this case).\n\n6. **Reading the line of numbers using `BufferedReader`**:\n    - Statement `str = buffer.readLine();` is executed to read the line of numbers (`\"1 2 3 4 5\"`).\n\n7. **Splitting the input string and parsing integers**:\n    - The for loop iterating over `strs` and parsing integers to fill array `A` is executed.\n\n8. **Finding max value (`k`) in array `A`**:\n    - Inside the same loop, `k` is updated based on the values in array `A`. This part is executed.\n\n9. **Calling `CountingSort` method**:\n    - `CountingSort(A,B,k);` is executed.\n\n10. **Printing sorted array `B`**:\n    - The for loop for printing array `B` is executed. However, note that due to 1-based indexing in the print statement, there might be a logical error since arrays in Java are 0-based indexed.\n\n11. **`CountingSort` method execution**:\n    - All statements inside `CountingSort` are executed as it processes the arrays `A`, `B`, and `C` based on given inputs.\n\n12. **Array Indexing in Printing**:\n    - Due to the logical mistake in array indexing during printing (`for(i=1;i<=n;i++)`), the program will not print the first sorted element and will go out of bounds at the end, trying to access `B[n]` which is out of bounds for a 0-based indexed array.\n\nBased on the execution plan, the logical error in printing would actually cause an `ArrayIndexOutOfBoundsException` during the last iteration of the print loop (when `i == n`). However, for the purpose of understanding code coverage excluding this error, all lines are executed up to this point.\n\nFinal code coverage prediction (excluding the logical error in printing):\n\n```\n> class Main{\n>    public static int[] A;\n>    public static int[] B;\n>    public static int[] C;\n>    public static int n;\n>    public static void main(String[] args) throws IOException {\n>       int i,k=0;\n>       A = new int[2000001];\n>       B = new int[2000001];\n>       C = new int[2000001];\n>       Scanner scan = new Scanner(System.in);\n>       n = scan.nextInt();\n>       String str;\n>       BufferedReader buffer = new BufferedReader(new InputStreamReader(System.in));\n>       str = buffer.readLine();\n>       String[] strs = str.split(\" \");\n>       for(i=0;i<n;i++){\n>           A[i] = Integer.parseInt(strs[i]);\n>           if(k<=A[i]){k = A[i];}\n>       }\n>       CountingSort(A,B,k);\n>       for(i=1;i<=n;i++){\n>           if(i==n){System.out.println(B[i]);break;}\n>           System.out.print(B[i]+\" \");\n>       }\n>    }\n>    public static void CountingSort(int A[],int B[],int k){\n>       int i,j;\n>       for(i=0;i<k+1;i++){\n>           C[i] = 0;\n>       }\n>       for(j=0;j<n;j++){\n>           C[A[j]]++;\n>       }\n>       for(i=1;i<k+1;i++){\n>           C[i] = C[i] + C[i-1];\n>       }\n>       for(j=n-1;j>=0;j--){\n>           B[C[A[j]]] = A[j];\n>           C[A[j]]--;\n>       }\n>    }\n> }\n```\n\nOUTPUT:\n- A runtime exception `ArrayIndexOutOfBoundsException` would occur due to attempting to print `B[n]` in a 0-based indexed array.",
            "test_seed_coverage": [
                ">",
                ">",
                ">",
                ">",
                ">",
                ">",
                ">",
                ">",
                ">",
                ">",
                ">",
                ">",
                ">",
                ">",
                ">",
                ">",
                ">",
                ">",
                ">",
                ">",
                ">",
                ">",
                ">",
                ">",
                ">",
                ">",
                ">",
                ">",
                ">",
                ">",
                ">",
                ">",
                ">",
                ">",
                ">",
                ">",
                ">",
                ">",
                ">",
                ">",
                ">",
                ">",
                ">"
            ],
            "cumulative_coverage": [
                ">",
                ">",
                ">",
                ">",
                ">",
                ">",
                ">",
                ">",
                ">",
                ">",
                ">",
                ">",
                ">",
                ">",
                ">",
                ">",
                ">",
                ">",
                ">",
                ">",
                ">",
                ">",
                ">",
                ">",
                ">",
                ">",
                ">",
                ">",
                ">",
                ">",
                ">",
                ">",
                ">",
                ">",
                ">",
                ">",
                ">",
                ">",
                ">",
                ">",
                ">",
                ">",
                ">"
            ],
            "execution_error": "Exception in thread \"main\" java.lang.NullPointerException: Cannot invoke \"String.split(String)\" because \"<local4>\" is null\n\tat Main.main(Main.java:18)",
            "cerberus_output": "ArrayIndexOutOfBoundsException",
            "execution_result": "NullPointerException"
        },
        {
            "test_case": [
                "Test Case Input:\n5\n1 2 3 4 5"
            ],
            "test_mutations": [
                "Test Case Input:\n5\n1 2 3 4 5"
            ],
            "initial_code": "class Main{\n    public static int[] A;\n    public static int[] B;\n    public static int[] C;\n    public static int n;\n    public static void main(String[] args) throws IOException {\n\tint i,k=0;\n\tA = new int[2000001];\n\tB = new int[2000001];\n\tC = new int[2000001];\n\tScanner scan = new Scanner(System.in);\n\tn = scan.nextInt();\n\tString str;\n\tBufferedReader buffer = new BufferedReader(new InputStreamReader(System.in));\n\tstr = buffer.readLine();\n\tString[] strs = str.split(\" \");\n\tfor(i=0;i<n;i++){\n\t    A[i] = Integer.parseInt(strs[i]);\n\t    if(k<=A[i]){k = A[i];}\n\t}\n    CountingSort(A,B,k);\n    for(i=1;i<=n;i++){\n\tif(i==n){System.out.println(B[i]);break;}\n\t    System.out.print(B[i]+\" \");\n    }\n    }\npublic static void CountingSort(int A[],int B[],int k){\n    int i,j;\n    for(i=0;i<k+1;i++){\n\tC[i] = 0;\n    }\n    for(j=0;j<n;j++){\n\tC[A[j]]++;\n    }\n    for(i=1;i<k+1;i++){\n\tC[i] = C[i] + C[i-1];\n    }\n    for(j=n-1;j>=0;j--){\n\tB[C[A[j]]] = A[j];\n\tC[A[j]]--;\n    }\n}\n}",
            "covered_code": "To predict the code coverage for the provided Java program based on the given test case input '5 1 2 3 4 5', let's proceed with a step-by-step plan:\n\n1. **Class Declaration:** Always executed. Statement `class Main{` is covered.\n\n2. **Static Variables Initialization:** Always executed. Statements initializing `A`, `B`, `C`, and `n` are covered.\n\n3. **Main Method Execution:** Always executed. Statement `public static void main(String[] args) throws IOException {` is covered.\n\n4. **Variable Initialization and Scanner Use:** Statements initializing `i`, `k=0`, and using `Scanner` to read `n` are executed. `n = scan.nextInt();` reads the first input (`5`) from `System.in`.\n\n5. **BufferedReader Use:** The initialization of `BufferedReader` and reading the remaining line (`\"1 2 3 4 5\"`) are always executed. Statements involving `BufferedReader` initialization and `str = buffer.readLine();` are covered.\n\n6. **Splitting and Parsing Input:** The statement `String[] strs = str.split(\" \");` splits the input string and the for-loop `for(i=0;i<n;i++){...}` parses and stores integers in array `A` while finding the maximum value `k`. These statements are covered.\n\n7. **CountingSort Method Call:** The statement `CountingSort(A,B,k);` calls the sorting method. Since there are valid inputs, this method call is covered.\n\n8. **Printing Sorted Array:** The for-loop `for(i=1;i<=n;i++){...}` iterates to print the sorted array. However, since the array `B` is 1-indexed in the print statements and arrays in Java are 0-indexed, this part will throw an `ArrayIndexOutOfBoundsException` for `B[i]` when `i = n` because it attempts to access an index outside of the array bounds. So, the print statements within the loop are executed until the exception occurs.\n\n9. **CountingSort Method Execution:** The method `public static void CountingSort(int A[],int B[],int k){...}` is executed. All statements within this method are covered as it processes the input array `A` and fills the array `B` with sorted values.\n\nBased on the step-by-step plan, here's the predicted code coverage:\n\n```\n> class Main{\n>     public static int[] A;\n>     public static int[] B;\n>     public static int[] C;\n>     public static int n;\n>     public static void main(String[] args) throws IOException {\n> \t    int i,k=0;\n> \t    A = new int[2000001];\n> \t    B = new int[2000001];\n> \t    C = new int[2000001];\n> \t    Scanner scan = new Scanner(System.in);\n> \t    n = scan.nextInt();\n> \t    String str;\n> \t    BufferedReader buffer = new BufferedReader(new InputStreamReader(System.in));\n> \t    str = buffer.readLine();\n> \t    String[] strs = str.split(\" \");\n> \t    for(i=0;i<n;i++){\n> \t        A[i] = Integer.parseInt(strs[i]);\n> \t        if(k<=A[i]){k = A[i];}\n> \t    }\n>     CountingSort(A,B,k);\n>     for(i=1;i<=n;i++){\n> \t    if(i==n){System.out.println(B[i]);break;}\n> \t        System.out.print(B[i]+\" \");\n>     }\n>     }\n> public static void CountingSort(int A[],int B[],int k){\n>     int i,j;\n>     for(i=0;i<k+1;i++){\n> \t    C[i] = 0;\n>     }\n>     for(j=0;j<n;j++){\n> \t    C[A[j]]++;\n>     }\n>     for(i=1;i<k+1;i++){\n> \t    C[i] = C[i] + C[i-1];\n>     }\n>     for(j=n-1;j>=0;j--){\n> \t    B[C[A[j]]] = A[j];\n> \t    C[A[j]]--;\n>     }\n> }\n}\n```\n\n**OUTPUT:** \n\nError: `ArrayIndexOutOfBoundsException` when attempting to access `B[i]` where `i = n`.\n\nNote: The actual exception might not directly be mentioned in the plan, but the explanation provided indicates where and why such an exception would occur due to the 1-indexed access in the print loop.",
            "test_seed_coverage": [
                ">",
                ">",
                ">",
                ">",
                ">",
                ">",
                ">",
                ">",
                ">",
                ">",
                ">",
                ">",
                ">",
                ">",
                ">",
                ">",
                ">",
                ">",
                ">",
                ">",
                ">",
                ">",
                ">",
                ">",
                ">",
                ">",
                ">",
                ">",
                ">",
                ">",
                ">",
                ">",
                ">",
                ">",
                ">",
                ">",
                ">",
                ">",
                ">",
                ">",
                ">",
                ">",
                ">"
            ],
            "cumulative_coverage": [
                ">",
                ">",
                ">",
                ">",
                ">",
                ">",
                ">",
                ">",
                ">",
                ">",
                ">",
                ">",
                ">",
                ">",
                ">",
                ">",
                ">",
                ">",
                ">",
                ">",
                ">",
                ">",
                ">",
                ">",
                ">",
                ">",
                ">",
                ">",
                ">",
                ">",
                ">",
                ">",
                ">",
                ">",
                ">",
                ">",
                ">",
                ">",
                ">",
                ">",
                ">",
                ">",
                ">"
            ],
            "execution_error": "Exception in thread \"main\" java.lang.NullPointerException: Cannot invoke \"String.split(String)\" because \"<local4>\" is null\n\tat Main.main(Main.java:18)",
            "cerberus_output": "ArrayIndexOutOfBoundsException",
            "execution_result": "NullPointerException"
        },
        {
            "test_case": [
                "Test Case Input:\n5\n1 2 3 4 5"
            ],
            "test_mutations": [
                "Test Case Input:\n5\n1 2 3 4 5"
            ],
            "initial_code": "class Main{\n    public static int[] A;\n    public static int[] B;\n    public static int[] C;\n    public static int n;\n    public static void main(String[] args) throws IOException {\n\tint i,k=0;\n\tA = new int[2000001];\n\tB = new int[2000001];\n\tC = new int[2000001];\n\tScanner scan = new Scanner(System.in);\n\tn = scan.nextInt();\n\tString str;\n\tBufferedReader buffer = new BufferedReader(new InputStreamReader(System.in));\n\tstr = buffer.readLine();\n\tString[] strs = str.split(\" \");\n\tfor(i=0;i<n;i++){\n\t    A[i] = Integer.parseInt(strs[i]);\n\t    if(k<=A[i]){k = A[i];}\n\t}\n    CountingSort(A,B,k);\n    for(i=1;i<=n;i++){\n\tif(i==n){System.out.println(B[i]);break;}\n\t    System.out.print(B[i]+\" \");\n    }\n    }\npublic static void CountingSort(int A[],int B[],int k){\n    int i,j;\n    for(i=0;i<k+1;i++){\n\tC[i] = 0;\n    }\n    for(j=0;j<n;j++){\n\tC[A[j]]++;\n    }\n    for(i=1;i<k+1;i++){\n\tC[i] = C[i] + C[i-1];\n    }\n    for(j=n-1;j>=0;j--){\n\tB[C[A[j]]] = A[j];\n\tC[A[j]]--;\n    }\n}\n}",
            "covered_code": "To predict the code coverage for the given Java program with the specified test case input \"5 1 2 3 4 5\", we'll outline a plan for step-by-step execution and then determine which parts of the code are executed or not.\n\n**Plan for Step by Step Execution:**\n\n1. **Class Declaration:** The declaration of the class `Main` is always executed.\n2. **Static Variables Declaration:** The declaration of static variables `A`, `B`, `C`, and `n` is always executed.\n3. **Main Method Execution:** The `main` method is the entry point and is always executed.\n4. **Variable Initialization:** The variables `i`, `k` are initialized within the `main` method.\n5. **Array Initialization:** The arrays `A`, `B`, and `C` are initialized with a size of `2000001`. This is executed.\n6. **Scanner and BufferedReader Setup:** The `Scanner` and `BufferedReader` objects are instantiated to read inputs. Both are executed.\n7. **Read `n`:** The value of `n` is read from the `Scanner` object. This is executed.\n8. **Read String `str`:** The string `str` containing the space-separated integers is read from `BufferedReader`. This is executed.\n9. **Split `str` into `strs`:** The string `str` is split into an array of strings `strs`. This is executed.\n10. **For Loop to Populate `A` and Determine Max Value `k`:** The for loop that populates array `A` and finds the maximum value `k` is executed.\n11. **Calling `CountingSort`:** The `CountingSort` method is called with `A`, `B`, and `k` as arguments. This is executed.\n12. **For Loop for Printing Sorted Array `B`:** The for loop that prints the sorted array `B` is executed.\n13. **CountingSort Method Execution:**\n    - Initialization of `C` array with zeros.\n    - Populating the `C` array with the count of each number.\n    - Cumulative count step to modify the `C` array.\n    - Rearranging the elements into the `B` array based on counts in `C`.\n14. **Closing Braces:** Always considered executed.\n\n**Predicted Code Coverage:**\n\n```\n> class Main{\n>     public static int[] A;\n>     public static int[] B;\n>     public static int[] C;\n>     public static int n;\n>     public static void main(String[] args) throws IOException {\n>         int i, k=0;\n>         A = new int[2000001];\n>         B = new int[2000001];\n>         C = new int[2000001];\n>         Scanner scan = new Scanner(System.in);\n>         n = scan.nextInt();\n>         String str;\n>         BufferedReader buffer = new BufferedReader(new InputStreamReader(System.in));\n>         str = buffer.readLine();\n>         String[] strs = str.split(\" \");\n>         for(i=0;i<n;i++){\n>             A[i] = Integer.parseInt(strs[i]);\n>             if(k<=A[i]){k = A[i];}\n>         }\n>         CountingSort(A, B, k);\n>         for(i=1;i<=n;i++){\n>             if(i==n){System.out.println(B[i]);break;}\n>             System.out.print(B[i]+\" \");\n>         }\n>     }\n>     public static void CountingSort(int A[], int B[], int k){\n>         int i, j;\n>         for(i=0;i<k+1;i++){\n>             C[i] = 0;\n>         }\n>         for(j=0;j<n;j++){\n>             C[A[j]]++;\n>         }\n>         for(i=1;i<k+1;i++){\n>             C[i] = C[i] + C[i-1];\n>         }\n>         for(j=n-1;j>=0;j--){\n>             B[C[A[j]]] = A[j];\n>             C[A[j]]--;\n>         }\n>     }\n> }\n```\n\n**Explanation:**\n\nEvery line of the given code snippet is covered because the inputs are well-formed, the loops iterate as expected, and there are no branches that are skipped or exceptions thrown given the provided inputs and the program's logic. The logic processes the input numbers, performs counting sort correctly, and prints the sorted numbers, which means all parts of the code are executed with the given test case.",
            "test_seed_coverage": [
                ">",
                ">",
                ">",
                ">",
                ">",
                ">",
                ">",
                ">",
                ">",
                ">",
                ">",
                ">",
                ">",
                ">",
                ">",
                ">",
                ">",
                ">",
                ">",
                ">",
                ">",
                ">",
                ">",
                ">",
                ">",
                ">",
                ">",
                ">",
                ">",
                ">",
                ">",
                ">",
                ">",
                ">",
                ">",
                ">",
                ">",
                ">",
                ">",
                ">",
                ">",
                ">",
                ">"
            ],
            "cumulative_coverage": [
                ">",
                ">",
                ">",
                ">",
                ">",
                ">",
                ">",
                ">",
                ">",
                ">",
                ">",
                ">",
                ">",
                ">",
                ">",
                ">",
                ">",
                ">",
                ">",
                ">",
                ">",
                ">",
                ">",
                ">",
                ">",
                ">",
                ">",
                ">",
                ">",
                ">",
                ">",
                ">",
                ">",
                ">",
                ">",
                ">",
                ">",
                ">",
                ">",
                ">",
                ">",
                ">",
                ">"
            ],
            "execution_error": "Exception in thread \"main\" java.lang.NullPointerException: Cannot invoke \"String.split(String)\" because \"<local4>\" is null\n\tat Main.main(Main.java:18)",
            "cerberus_output": "",
            "execution_result": "NullPointerException"
        },
        {
            "test_case": [
                "Test Case Input:\n5\n1 2 3 4 5"
            ],
            "test_mutations": [
                "Test Case Input:\n5\n1 2 3 4 5"
            ],
            "initial_code": "class Main{\n    public static int[] A;\n    public static int[] B;\n    public static int[] C;\n    public static int n;\n    public static void main(String[] args) throws IOException {\n\tint i,k=0;\n\tA = new int[2000001];\n\tB = new int[2000001];\n\tC = new int[2000001];\n\tScanner scan = new Scanner(System.in);\n\tn = scan.nextInt();\n\tString str;\n\tBufferedReader buffer = new BufferedReader(new InputStreamReader(System.in));\n\tstr = buffer.readLine();\n\tString[] strs = str.split(\" \");\n\tfor(i=0;i<n;i++){\n\t    A[i] = Integer.parseInt(strs[i]);\n\t    if(k<=A[i]){k = A[i];}\n\t}\n    CountingSort(A,B,k);\n    for(i=1;i<=n;i++){\n\tif(i==n){System.out.println(B[i]);break;}\n\t    System.out.print(B[i]+\" \");\n    }\n    }\npublic static void CountingSort(int A[],int B[],int k){\n    int i,j;\n    for(i=0;i<k+1;i++){\n\tC[i] = 0;\n    }\n    for(j=0;j<n;j++){\n\tC[A[j]]++;\n    }\n    for(i=1;i<k+1;i++){\n\tC[i] = C[i] + C[i-1];\n    }\n    for(j=n-1;j>=0;j--){\n\tB[C[A[j]]] = A[j];\n\tC[A[j]]--;\n    }\n}\n}",
            "covered_code": "Given the Java program and the test case input \"5 1 2 3 4 5\", let's develop a plan for step by step execution and predict the code coverage.\n\nPLAN for step by step execution:\n1. Class Declaration: Always executed. Statement \"class Main{\" is covered.\n2. Static Variables Declaration: Always executed. Statements for the declaration of static arrays A, B, C, and static int n are covered.\n3. main method declaration: Always executed. Statement \"public static void main(String[] args) throws IOException {\" is covered.\n4. Variable Declarations and Array Initializations: Executed. Statements for variable declarations (int i, k=0;) and array initializations are covered.\n5. Scanner and BufferedReader for Input: Executed. Statements for creating Scanner and BufferedReader objects are covered.\n6. Reading the first input (n): Executed. Statement \"n = scan.nextInt();\" is covered.\n7. Reading the second input (str): Executed. Statement \"str = buffer.readLine();\" is covered.\n8. Splitting the input string into array: Executed. Statement \"String[] strs = str.split(\" \");\" is covered.\n9. For loop to fill array A and find max value (k): Executed for n iterations as per the test case. Statements inside the for loop are covered.\n10. CountingSort method call: Executed. Statement \"CountingSort(A,B,k);\" is covered.\n11. Printing sorted array: Executed. The for loop and the if condition inside it for printing the sorted array B are covered.\n12. CountingSort method declaration: Always executed. Statement \"public static void CountingSort(int A[],int B[],int k){\" is covered.\n13. Inside CountingSort, initializing array C: Executed. The for loop to initialize array C is covered.\n14. Counting occurrences: Executed. The for loop to count occurrences of each element in A is covered.\n15. Cumulative count: Executed. The for loop to modify array C to hold the cumulative count is covered.\n16. Rearranging: Executed. The for loop to place elements into the correct position in array B is covered.\n\nPredicted code coverage based on the plan:\n\n> class Main{\n>     public static int[] A;\n>     public static int[] B;\n>     public static int[] C;\n>     public static int n;\n>     public static void main(String[] args) throws IOException {\n> \tint i,k=0;\n> \tA = new int[2000001];\n> \tB = new int[2000001];\n> \tC = new int[2000001];\n> \tScanner scan = new Scanner(System.in);\n> \tn = scan.nextInt();\n> \tString str;\n> \tBufferedReader buffer = new BufferedReader(new InputStreamReader(System.in));\n> \tstr = buffer.readLine();\n> \tString[] strs = str.split(\" \");\n> \tfor(i=0;i<n;i++){\n> \t    A[i] = Integer.parseInt(strs[i]);\n> \t    if(k<=A[i]){k = A[i];}\n> \t}\n>     CountingSort(A,B,k);\n>     for(i=1;i<=n;i++){\n> \tif(i==n){System.out.println(B[i]);break;}\n> \t    System.out.print(B[i]+\" \");\n>     }\n>     }\n> public static void CountingSort(int A[],int B[],int k){\n>     int i,j;\n>     for(i=0;i<k+1;i++){\n> \tC[i] = 0;\n>     }\n>     for(j=0;j<n;j++){\n> \tC[A[j]]++;\n>     }\n>     for(i=1;i<k+1;i++){\n> \tC[i] = C[i] + C[i-1];\n>     }\n>     for(j=n-1;j>=0;j--){\n> \tB[C[A[j]]] = A[j];\n> \tC[A[j]]--;\n>     }\n> }\n> }\n\nAll the statements in the given program are executed according to the provided plan and test case input.",
            "test_seed_coverage": [
                ">",
                ">",
                ">",
                ">",
                ">",
                ">",
                ">",
                ">",
                ">",
                ">",
                ">",
                ">",
                ">",
                ">",
                ">",
                ">",
                ">",
                ">",
                ">",
                ">",
                ">",
                ">",
                ">",
                ">",
                ">",
                ">",
                ">",
                ">",
                ">",
                ">",
                ">",
                ">",
                ">",
                ">",
                ">",
                ">",
                ">",
                ">",
                ">",
                ">",
                ">",
                ">",
                ">"
            ],
            "cumulative_coverage": [
                ">",
                ">",
                ">",
                ">",
                ">",
                ">",
                ">",
                ">",
                ">",
                ">",
                ">",
                ">",
                ">",
                ">",
                ">",
                ">",
                ">",
                ">",
                ">",
                ">",
                ">",
                ">",
                ">",
                ">",
                ">",
                ">",
                ">",
                ">",
                ">",
                ">",
                ">",
                ">",
                ">",
                ">",
                ">",
                ">",
                ">",
                ">",
                ">",
                ">",
                ">",
                ">",
                ">"
            ],
            "execution_error": "Exception in thread \"main\" java.lang.NullPointerException: Cannot invoke \"String.split(String)\" because \"<local4>\" is null\n\tat Main.main(Main.java:18)",
            "cerberus_output": "",
            "execution_result": "NullPointerException"
        },
        {
            "test_case": [
                "Test Case Input:\n4\n5 2 7 1"
            ],
            "test_mutations": [
                "Test Case Input:\n4\n5 2 7 1"
            ],
            "initial_code": "class Main{\n    public static int[] A;\n    public static int[] B;\n    public static int[] C;\n    public static int n;\n    public static void main(String[] args) throws IOException {\n\tint i,k=0;\n\tA = new int[2000001];\n\tB = new int[2000001];\n\tC = new int[2000001];\n\tScanner scan = new Scanner(System.in);\n\tn = scan.nextInt();\n\tString str;\n\tBufferedReader buffer = new BufferedReader(new InputStreamReader(System.in));\n\tstr = buffer.readLine();\n\tString[] strs = str.split(\" \");\n\tfor(i=0;i<n;i++){\n\t    A[i] = Integer.parseInt(strs[i]);\n\t    if(k<=A[i]){k = A[i];}\n\t}\n    CountingSort(A,B,k);\n    for(i=1;i<=n;i++){\n\tif(i==n){System.out.println(B[i]);break;}\n\t    System.out.print(B[i]+\" \");\n    }\n    }\npublic static void CountingSort(int A[],int B[],int k){\n    int i,j;\n    for(i=0;i<k+1;i++){\n\tC[i] = 0;\n    }\n    for(j=0;j<n;j++){\n\tC[A[j]]++;\n    }\n    for(i=1;i<k+1;i++){\n\tC[i] = C[i] + C[i-1];\n    }\n    for(j=n-1;j>=0;j--){\n\tB[C[A[j]]] = A[j];\n\tC[A[j]]--;\n    }\n}\n}",
            "covered_code": "Given the test case input `4 5 2 7 1` and the Java program provided, let's develop a plan for step by step execution of the program and predict the code coverage. \n\n**Test Case Input:**\n```\n4\n5 2 7 1\n```\n\n**Plan for Execution:**\n\n1. **Class Declaration:** The class `Main` is always loaded, so the statement declaring the class is executed.\n\n2. **Static Variables Initialization:** The statements initializing static arrays `A`, `B`, and `C`, and the static integer `n` are always executed.\n\n3. **Main Method Declaration:** The `main` method is always executed because it's the entry point of the program.\n\n4. **Local Variables Initialization:** The local variables `i` and `k` inside the `main` method are always initialized.\n\n5. **Scanner and BufferedReader Initialization:** The `Scanner` and `BufferedReader` objects are initialized to read input from the console.\n\n6. **Reading `n` from input:** The first integer `n` is read using `Scanner`, so this statement is executed.\n\n7. **Reading the rest of the input line:** The `BufferedReader` reads the next line of input containing `5 2 7 1` and splits it into a string array `strs`. These actions are executed.\n\n8. **For loop for filling array `A` and finding max value `k`:** This loop iterates `n` times to fill the array `A` with values `5`, `2`, `7`, `1` and find the maximum value `k`, which would be `7` in this case. All these statements are executed.\n\n9. **CountingSort method call:** The `CountingSort` method is called with arrays `A`, `B`, and the maximum value `k` as arguments.\n\n10. **CountingSort Method Execution:**\n    \n    - Initialization of array `C` to zeros: Executed.\n    - Counting occurrences of each number in array `A`: Executed.\n    - Cumulative count: Executed.\n    - Placing numbers in sorted order into array `B`: Executed.\n\n11. **Printing sorted array `B`:** The sorted array `B` is printed with spaces between elements and the last element followed by a new line. All these print statements are executed.\n\n12. **Closing Braces:** Always considered executed as part of the syntax.\n\n**Code Coverage:**\n\nGiven the test case and the plan outlined above, the code coverage can be predicted as follows:\n\n```\n> class Main{\n>     public static int[] A;\n>     public static int[] B;\n>     public static int[] C;\n>     public static int n;\n>     public static void main(String[] args) throws IOException {\n> \tint i,k=0;\n> \tA = new int[2000001];\n> \tB = new int[2000001];\n> \tC = new int[2000001];\n> \tScanner scan = new Scanner(System.in);\n> \tn = scan.nextInt();\n> \tString str;\n> \tBufferedReader buffer = new BufferedReader(new InputStreamReader(System.in));\n> \tstr = buffer.readLine();\n> \tString[] strs = str.split(\" \");\n> \tfor(i=0;i<n;i++){\n> \t    A[i] = Integer.parseInt(strs[i]);\n> \t    if(k<=A[i]){k = A[i];}\n> \t}\n>     CountingSort(A,B,k);\n>     for(i=1;i<=n;i++){\n> \tif(i==n){System.out.println(B[i]);break;}\n> \t    System.out.print(B[i]+\" \");\n>     }\n>     }\n> public static void CountingSort(int A[],int B[],int k){\n>     int i,j;\n>     for(i=0;i<k+1;i++){\n> \tC[i] = 0;\n>     }\n>     for(j=0;j<n;j++){\n> \tC[A[j]]++;\n>     }\n>     for(i=1;i<k+1;i++){\n> \tC[i] = C[i] + C[i-1];\n>     }\n>     for(j=n-1;j>=0;j--){\n> \tB[C[A[j]]] = A[j];\n> \tC[A[j]]--;\n>     }\n> }\n}\n```\n\n**Note:** All of the lines in the provided code snippet are covered according to the plan outlined above, following the execution of the given test case input.",
            "test_seed_coverage": [
                ">",
                ">",
                ">",
                ">",
                ">",
                ">",
                ">",
                ">",
                ">",
                ">",
                ">",
                ">",
                ">",
                ">",
                ">",
                ">",
                ">",
                ">",
                ">",
                ">",
                ">",
                ">",
                ">",
                ">",
                ">",
                ">",
                ">",
                ">",
                ">",
                ">",
                ">",
                ">",
                ">",
                ">",
                ">",
                ">",
                ">",
                ">",
                ">",
                ">",
                ">",
                ">",
                ">"
            ],
            "cumulative_coverage": [
                ">",
                ">",
                ">",
                ">",
                ">",
                ">",
                ">",
                ">",
                ">",
                ">",
                ">",
                ">",
                ">",
                ">",
                ">",
                ">",
                ">",
                ">",
                ">",
                ">",
                ">",
                ">",
                ">",
                ">",
                ">",
                ">",
                ">",
                ">",
                ">",
                ">",
                ">",
                ">",
                ">",
                ">",
                ">",
                ">",
                ">",
                ">",
                ">",
                ">",
                ">",
                ">",
                ">"
            ],
            "execution_error": "Exception in thread \"main\" java.lang.NullPointerException: Cannot invoke \"String.split(String)\" because \"<local4>\" is null\n\tat Main.main(Main.java:18)",
            "cerberus_output": "",
            "execution_result": "NullPointerException"
        },
        {
            "test_case": [
                "Test Case Input:\n5\n1 3 null 2 4"
            ],
            "test_mutations": [
                "Test Case Input:\n5\n1 3 null 2 4"
            ],
            "initial_code": "class Main{\n    public static int[] A;\n    public static int[] B;\n    public static int[] C;\n    public static int n;\n    public static void main(String[] args) throws IOException {\n\tint i,k=0;\n\tA = new int[2000001];\n\tB = new int[2000001];\n\tC = new int[2000001];\n\tScanner scan = new Scanner(System.in);\n\tn = scan.nextInt();\n\tString str;\n\tBufferedReader buffer = new BufferedReader(new InputStreamReader(System.in));\n\tstr = buffer.readLine();\n\tString[] strs = str.split(\" \");\n\tfor(i=0;i<n;i++){\n\t    A[i] = Integer.parseInt(strs[i]);\n\t    if(k<=A[i]){k = A[i];}\n\t}\n    CountingSort(A,B,k);\n    for(i=1;i<=n;i++){\n\tif(i==n){System.out.println(B[i]);break;}\n\t    System.out.print(B[i]+\" \");\n    }\n    }\npublic static void CountingSort(int A[],int B[],int k){\n    int i,j;\n    for(i=0;i<k+1;i++){\n\tC[i] = 0;\n    }\n    for(j=0;j<n;j++){\n\tC[A[j]]++;\n    }\n    for(i=1;i<k+1;i++){\n\tC[i] = C[i] + C[i-1];\n    }\n    for(j=n-1;j>=0;j--){\n\tB[C[A[j]]] = A[j];\n\tC[A[j]]--;\n    }\n}\n}",
            "covered_code": "**Plan for Step-by-Step Execution:**\n\n1. **Class Declaration:** The class declaration \"class Main{\" is always executed.\n\n2. **Static Variables Declaration:** The static variables `A`, `B`, `C`, and `n` declarations are always executed.\n\n3. **Main Method Declaration:** The declaration of the `public static void main(String[] args)` method is always executed.\n\n4. **Variable Initialization:** The local variables `i` and `k` initialization within the main method are always executed.\n\n5. **Array Initialization:** The initialization of arrays `A`, `B`, and `C` with the size of `2000001` is always executed.\n\n6. **Scanner Initialization:** The initialization of `Scanner scan = new Scanner(System.in);` is always executed.\n\n7. **Reading 'n':** Reading the integer `n` from the console input is executed as it's necessary for determining the loop's execution.\n\n8. **BufferedReader Initialization:** The initialization of `BufferedReader buffer = new BufferedReader(new InputStreamReader(System.in));` is always executed.\n\n9. **Reading Line and Splitting:** Reading a line from the console and splitting it into an array of strings `strs` is executed.\n\n10. **For Loop for Reading and Processing Input:** The for loop that reads integers from `strs` and processes them will be partially executed. The loop depends on `n`, but there's a potential `NumberFormatException` if \"null\" is encountered when parsing integers.\n\n11. **CountingSort Method Call:** The method `CountingSort(A, B, k);` is called after the for loop, assuming no exception occurred before its call.\n\n12. **Printing Sorted Array:** The for loop for printing the sorted array `B` is executed.\n\n13. **CountingSort Method Execution:** Inside `CountingSort`, all statements are executed provided the arrays and `k` are properly defined and no index out of bounds occurs.\n\n**Predicted Code Coverage Based on Given Test Case Input '5 1 3 null 2 4':**\n\n> class Main{\n\n>     public static int[] A;\n\n>     public static int[] B;\n\n>     public static int[] C;\n\n>     public static int n;\n\n>     public static void main(String[] args) throws IOException {\n\n> \tint i,k=0;\n\n> \tA = new int[2000001];\n\n> \tB = new int[2000001];\n\n> \tC = new int[2000001];\n\n> \tScanner scan = new Scanner(System.in);\n\n> \tn = scan.nextInt();\n\n> \tString str;\n\n> \tBufferedReader buffer = new BufferedReader(new InputStreamReader(System.in));\n\n> \tstr = buffer.readLine();\n\n> \tString[] strs = str.split(\" \");\n\n> \tfor(i=0;i<n;i++){\n! \t    A[i] = Integer.parseInt(strs[i]); // This line will throw a NumberFormatException when trying to parse \"null\"\n! \t    if(k<=A[i]){k = A[i];}\n> \t}\n\n!     CountingSort(A,B,k);\n\n!     for(i=1;i<=n;i++){\n! \tif(i==n){System.out.println(B[i]);break;}\n! \t    System.out.print(B[i]+\" \");\n>     }\n>     }\n\n> public static void CountingSort(int A[],int B[],int k){\n>     int i,j;\n\n>     for(i=0;i<k+1;i++){\n> \tC[i] = 0;\n>     }\n\n>     for(j=0;j<n;j++){\n> \tC[A[j]]++;\n>     }\n\n>     for(i=1;i<k+1;i++){\n> \tC[i] = C[i] + C[i-1];\n>     }\n\n>     for(j=n-1;j>=0;j--){\n> \tB[C[A[j]]] = A[j];\n> \tC[A[j]]--;\n>     }\n\n> }\n\n**Output:**\nError: NumberFormatException - Attempting to parse \"null\" as an integer.\n\n**Explanation:**\nThe `NumberFormatException` occurs when the program tries to parse \"null\" into an integer, which interrupts the normal flow of the program. Therefore, any code after the point where the exception is thrown, including parts of the `CountingSort` method and printing the sorted array, may not be executed depending on how the exception is handled or not handled. Given this is a simple code coverage prediction and exception handling is not explicitly mentioned, the execution is assumed to halt at the point of the exception.",
            "test_seed_coverage": [
                ">",
                ">",
                ">",
                ">",
                ">",
                ">",
                ">",
                ">",
                ">",
                ">",
                ">",
                ">",
                ">",
                ">",
                ">",
                ">",
                ">",
                ">",
                ">",
                ">",
                ">",
                ">",
                ">",
                ">",
                ">",
                ">",
                ">",
                ">",
                ">",
                ">",
                ">",
                ">",
                ">",
                ">",
                ">",
                ">",
                ">",
                ">",
                ">",
                ">",
                ">",
                ">",
                ">"
            ],
            "cumulative_coverage": [
                ">",
                ">",
                ">",
                ">",
                ">",
                ">",
                ">",
                ">",
                ">",
                ">",
                ">",
                ">",
                ">",
                ">",
                ">",
                ">",
                ">",
                ">",
                ">",
                ">",
                ">",
                ">",
                ">",
                ">",
                ">",
                ">",
                ">",
                ">",
                ">",
                ">",
                ">",
                ">",
                ">",
                ">",
                ">",
                ">",
                ">",
                ">",
                ">",
                ">",
                ">",
                ">",
                ">"
            ],
            "execution_error": "Exception in thread \"main\" java.lang.NullPointerException: Cannot invoke \"String.split(String)\" because \"<local4>\" is null\n\tat Main.main(Main.java:18)",
            "cerberus_output": "NumberFormatException",
            "execution_result": "NullPointerException"
        },
        {
            "test_case": [
                "Test Case Input:\n5\n1 2 3 4 5"
            ],
            "test_mutations": [
                "Test Case Input:\n5\n1 2 3 4 5"
            ],
            "initial_code": "class Main{\n    public static int[] A;\n    public static int[] B;\n    public static int[] C;\n    public static int n;\n    public static void main(String[] args) throws IOException {\n\tint i,k=0;\n\tA = new int[2000001];\n\tB = new int[2000001];\n\tC = new int[2000001];\n\tScanner scan = new Scanner(System.in);\n\tn = scan.nextInt();\n\tString str;\n\tBufferedReader buffer = new BufferedReader(new InputStreamReader(System.in));\n\tstr = buffer.readLine();\n\tString[] strs = str.split(\" \");\n\tfor(i=0;i<n;i++){\n\t    A[i] = Integer.parseInt(strs[i]);\n\t    if(k<=A[i]){k = A[i];}\n\t}\n    CountingSort(A,B,k);\n    for(i=1;i<=n;i++){\n\tif(i==n){System.out.println(B[i]);break;}\n\t    System.out.print(B[i]+\" \");\n    }\n    }\npublic static void CountingSort(int A[],int B[],int k){\n    int i,j;\n    for(i=0;i<k+1;i++){\n\tC[i] = 0;\n    }\n    for(j=0;j<n;j++){\n\tC[A[j]]++;\n    }\n    for(i=1;i<k+1;i++){\n\tC[i] = C[i] + C[i-1];\n    }\n    for(j=n-1;j>=0;j--){\n\tB[C[A[j]]] = A[j];\n\tC[A[j]]--;\n    }\n}\n}",
            "covered_code": "To predict the code coverage of the provided Java program based on the given test case input \"5 1 2 3 4 5\", we will follow a detailed plan, going through the code step-by-step:\n\n1. **Class Declaration**: Always executed. Statement `class Main{` is covered.\n   \n2. **Static Variables Initialization**: Always executed. Statements initializing `A`, `B`, `C`, and `n` are covered.\n\n3. **Main Method Declaration**: Always executed. Statement `public static void main(String[] args) throws IOException {` is covered.\n\n4. **Variable Initialization in Main Method**: Always executed. Statement `int i,k=0;` is covered.\n\n5. **Scanner and BufferedReader Initialization**: Since these are used for input, they are executed. Statements initializing `Scanner scan` and `BufferedReader buffer` are covered.\n\n6. **Input Reading**: The statement `n = scan.nextInt();` reads the first input (number of elements), and `str = buffer.readLine();` reads the entire line of numbers as a string. Both are covered.\n\n7. **String Splitting and Parsing**: The line `str.split(\" \");` splits the input string into an array of strings representing numbers, and the loop that follows parses each string into an integer to populate the array `A`. These are covered.\n\n8. **Finding Maximum Value for 'k'**: The loop that updates `k` to the maximum value found in `A` is executed. Statements within this loop are covered.\n\n9. **CountingSort Method Call**: The method `CountingSort(A,B,k);` is called and executed. Statement making this call is covered.\n\n10. **Output Printing Loop**: The loop in the main method that prints sorted numbers is executed. All statements within this loop are covered until the last number where it breaks.\n\n11. **CountingSort Method Execution**:\n    - Initialization of `C` array with zeros: Covered.\n    - Populating `C` with counts: Covered.\n    - Cumulative counts in `C`: Covered.\n    - Final loop that places elements into `B`: Covered.\n\nGiven the steps above, here is the code coverage indication:\n\n```java\n> class Main{\n>    public static int[] A;\n>    public static int[] B;\n>    public static int[] C;\n>    public static int n;\n>    public static void main(String[] args) throws IOException {\n>    int i,k=0;\n>    A = new int[2000001];\n>    B = new int[2000001];\n>    C = new int[2000001];\n>    Scanner scan = new Scanner(System.in);\n>    n = scan.nextInt();\n>    String str;\n>    BufferedReader buffer = new BufferedReader(new InputStreamReader(System.in));\n>    str = buffer.readLine();\n>    String[] strs = str.split(\" \");\n>    for(i=0;i<n;i++){\n>        A[i] = Integer.parseInt(strs[i]);\n>        if(k<=A[i]){k = A[i];}\n>    }\n>    CountingSort(A,B,k);\n>    for(i=1;i<=n;i++){\n>    if(i==n){System.out.println(B[i]);break;}\n>        System.out.print(B[i]+\" \");\n>    }\n>    }\n> public static void CountingSort(int A[],int B[],int k){\n>    int i,j;\n>    for(i=0;i<k+1;i++){\n>    C[i] = 0;\n>    }\n>    for(j=0;j<n;j++){\n>    C[A[j]]++;\n>    }\n>    for(i=1;i<k+1;i++){\n>    C[i] = C[i] + C[i-1];\n>    }\n>    for(j=n-1;j>=0;j--){\n>    B[C[A[j]]] = A[j];\n>    C[A[j]]--;\n>    }\n> }\n>}\n```\n\nAll statements in the program are executed given the test case \"5 1 2 3 4 5\", indicating a high code coverage for this specific test scenario.",
            "test_seed_coverage": [
                ">",
                ">",
                ">",
                ">",
                ">",
                ">",
                ">",
                ">",
                ">",
                ">",
                ">",
                ">",
                ">",
                ">",
                ">",
                ">",
                ">",
                ">",
                ">",
                ">",
                ">",
                ">",
                ">",
                ">",
                ">",
                ">",
                ">",
                ">",
                ">",
                ">",
                ">",
                ">",
                ">",
                ">",
                ">",
                ">",
                ">",
                ">",
                ">",
                ">",
                ">",
                ">",
                ">"
            ],
            "cumulative_coverage": [
                ">",
                ">",
                ">",
                ">",
                ">",
                ">",
                ">",
                ">",
                ">",
                ">",
                ">",
                ">",
                ">",
                ">",
                ">",
                ">",
                ">",
                ">",
                ">",
                ">",
                ">",
                ">",
                ">",
                ">",
                ">",
                ">",
                ">",
                ">",
                ">",
                ">",
                ">",
                ">",
                ">",
                ">",
                ">",
                ">",
                ">",
                ">",
                ">",
                ">",
                ">",
                ">",
                ">"
            ],
            "execution_error": "Exception in thread \"main\" java.lang.NullPointerException: Cannot invoke \"String.split(String)\" because \"<local4>\" is null\n\tat Main.main(Main.java:18)",
            "cerberus_output": "",
            "execution_result": "NullPointerException"
        },
        {
            "test_case": [
                "Test Case Input:\n5\n1 2 3 4 5"
            ],
            "test_mutations": [
                "Test Case Input:\n5\n1 2 3 4 5"
            ],
            "initial_code": "class Main{\n    public static int[] A;\n    public static int[] B;\n    public static int[] C;\n    public static int n;\n    public static void main(String[] args) throws IOException {\n\tint i,k=0;\n\tA = new int[2000001];\n\tB = new int[2000001];\n\tC = new int[2000001];\n\tScanner scan = new Scanner(System.in);\n\tn = scan.nextInt();\n\tString str;\n\tBufferedReader buffer = new BufferedReader(new InputStreamReader(System.in));\n\tstr = buffer.readLine();\n\tString[] strs = str.split(\" \");\n\tfor(i=0;i<n;i++){\n\t    A[i] = Integer.parseInt(strs[i]);\n\t    if(k<=A[i]){k = A[i];}\n\t}\n    CountingSort(A,B,k);\n    for(i=1;i<=n;i++){\n\tif(i==n){System.out.println(B[i]);break;}\n\t    System.out.print(B[i]+\" \");\n    }\n    }\npublic static void CountingSort(int A[],int B[],int k){\n    int i,j;\n    for(i=0;i<k+1;i++){\n\tC[i] = 0;\n    }\n    for(j=0;j<n;j++){\n\tC[A[j]]++;\n    }\n    for(i=1;i<k+1;i++){\n\tC[i] = C[i] + C[i-1];\n    }\n    for(j=n-1;j>=0;j--){\n\tB[C[A[j]]] = A[j];\n\tC[A[j]]--;\n    }\n}\n}",
            "covered_code": "To predict the code coverage for the given Java program and test case input, let's develop a step-by-step execution plan. \n\nTest Case Input: 5 1 2 3 4 5\n\n1. **Class Declaration**: The class declaration is always executed, so \"class Main{\" is covered.\n\n2. **Static Variables Declaration**: The static variable declarations for arrays A, B, C, and integer n are always executed.\n\n3. **Main Method Declaration**: The main method declaration is always executed.\n\n4. **Variable Initialization**: The local variables i, k, and the initialization of arrays A, B, C are covered since they are part of the main method's execution flow.\n\n5. **Scanner for Input**: The Scanner object creation and reading the integer n is covered.\n\n6. **BufferedReader for Input**: The BufferedReader object creation and reading the string containing space-separated integers is covered.\n\n7. **Splitting and Parsing Input String**: The operation of splitting the input string and parsing individual integers to populate array A is covered.\n\n8. **Finding Maximum Value**: The loop to find the maximum value k in array A is covered.\n\n9. **CountingSort Function Call**: The call to the CountingSort function is covered.\n\n10. **Printing Sorted Array**: The loop for printing the sorted array values is covered.\n\n11. **CountingSort Method Declaration and Execution**:\n    - Initialization of the C array with zeroes is covered.\n    - Populating the C array based on occurrences of each number in A is covered.\n    - Cumulative count adjustment in C array is covered.\n    - Final sorting loop that arranges elements into B based on counts in C is covered.\n\nBased on the plan, the expected code coverage indicating executed (`>`) and not executed (`!`) lines is as follows:\n\n```\n> class Main{\n>     public static int[] A;\n>     public static int[] B;\n>     public static int[] C;\n>     public static int n;\n>     public static void main(String[] args) throws IOException {\n> \tint i,k=0;\n> \tA = new int[2000001];\n> \tB = new int[2000001];\n> \tC = new int[2000001];\n> \tScanner scan = new Scanner(System.in);\n> \tn = scan.nextInt();\n> \tString str;\n> \tBufferedReader buffer = new BufferedReader(new InputStreamReader(System.in));\n> \tstr = buffer.readLine();\n> \tString[] strs = str.split(\" \");\n> \tfor(i=0;i<n;i++){\n> \t    A[i] = Integer.parseInt(strs[i]);\n> \t    if(k<=A[i]){k = A[i];}\n> \t}\n>     CountingSort(A,B,k);\n>     for(i=1;i<=n;i++){\n> \tif(i==n){System.out.println(B[i]);break;}\n> \t    System.out.print(B[i]+\" \");\n>     }\n>     }\n> public static void CountingSort(int A[],int B[],int k){\n>     int i,j;\n>     for(i=0;i<k+1;i++){\n> \tC[i] = 0;\n>     }\n>     for(j=0;j<n;j++){\n> \tC[A[j]]++;\n>     }\n>     for(i=1;i<k+1;i++){\n> \tC[i] = C[i] + C[i-1];\n>     }\n>     for(j=n-1;j>=0;j--){\n> \tB[C[A[j]]] = A[j];\n> \tC[A[j]]--;\n>     }\n> }\n> }\n```\nHowever, note that there is a potential off-by-one error in the printing loop due to the condition `for(i=1;i<=n;i++)`. Arrays in Java are 0-indexed, and this loop tries to access `B[n]` which is out of bounds for the array populated from `0` to `n-1` and would result in an `ArrayIndexOutOfBoundsException`. This discrepancy between the plan and the actual behavior indicates that an exception would occur before completing the print statements, thus not all of them would be executed as expected.",
            "test_seed_coverage": [
                ">",
                ">",
                ">",
                ">",
                ">",
                ">",
                ">",
                ">",
                ">",
                ">",
                ">",
                ">",
                ">",
                ">",
                ">",
                ">",
                ">",
                ">",
                ">",
                ">",
                ">",
                ">",
                ">",
                ">",
                ">",
                ">",
                ">",
                ">",
                ">",
                ">",
                ">",
                ">",
                ">",
                ">",
                ">",
                ">",
                ">",
                ">",
                ">",
                ">",
                ">",
                ">",
                ">"
            ],
            "cumulative_coverage": [
                ">",
                ">",
                ">",
                ">",
                ">",
                ">",
                ">",
                ">",
                ">",
                ">",
                ">",
                ">",
                ">",
                ">",
                ">",
                ">",
                ">",
                ">",
                ">",
                ">",
                ">",
                ">",
                ">",
                ">",
                ">",
                ">",
                ">",
                ">",
                ">",
                ">",
                ">",
                ">",
                ">",
                ">",
                ">",
                ">",
                ">",
                ">",
                ">",
                ">",
                ">",
                ">",
                ">"
            ],
            "execution_error": "Exception in thread \"main\" java.lang.NullPointerException: Cannot invoke \"String.split(String)\" because \"<local4>\" is null\n\tat Main.main(Main.java:18)",
            "cerberus_output": "ArrayIndexOutOfBoundsException",
            "execution_result": "NullPointerException"
        },
        {
            "test_case": [
                "Test Case Input:\n4\n1 2 3 4"
            ],
            "test_mutations": [
                "Test Case Input:\n4\n1 2 3 4"
            ],
            "initial_code": "class Main{\n    public static int[] A;\n    public static int[] B;\n    public static int[] C;\n    public static int n;\n    public static void main(String[] args) throws IOException {\n\tint i,k=0;\n\tA = new int[2000001];\n\tB = new int[2000001];\n\tC = new int[2000001];\n\tScanner scan = new Scanner(System.in);\n\tn = scan.nextInt();\n\tString str;\n\tBufferedReader buffer = new BufferedReader(new InputStreamReader(System.in));\n\tstr = buffer.readLine();\n\tString[] strs = str.split(\" \");\n\tfor(i=0;i<n;i++){\n\t    A[i] = Integer.parseInt(strs[i]);\n\t    if(k<=A[i]){k = A[i];}\n\t}\n    CountingSort(A,B,k);\n    for(i=1;i<=n;i++){\n\tif(i==n){System.out.println(B[i]);break;}\n\t    System.out.print(B[i]+\" \");\n    }\n    }\npublic static void CountingSort(int A[],int B[],int k){\n    int i,j;\n    for(i=0;i<k+1;i++){\n\tC[i] = 0;\n    }\n    for(j=0;j<n;j++){\n\tC[A[j]]++;\n    }\n    for(i=1;i<k+1;i++){\n\tC[i] = C[i] + C[i-1];\n    }\n    for(j=n-1;j>=0;j--){\n\tB[C[A[j]]] = A[j];\n\tC[A[j]]--;\n    }\n}\n}",
            "covered_code": "To predict the code coverage for the provided Java program based on the given test case input \"4 1 2 3 4\", we need to follow the execution plan step by step:\n\n**Test Case Input:**\n`4 1 2 3 4`\n\n**PLAN for Step by Step Execution:**\n\n1. **Class Declaration:** Always executed. Statement \"`class Main{`\" will be covered.\n\n2. **Static Variable Declarations:** Always executed. Statements declaring arrays `A`, `B`, `C`, and integer `n` are covered.\n\n3. **Main Method Declaration:** Always executed. Statement \"`public static void main(String[] args) throws IOException {`\" is covered.\n\n4. **Variable Initialization and Scanner:** Statements for variable initialization and reading the first input for `n` using `Scanner` are executed.\n\n5. **BufferedReader Initialization:** Statement for initializing `BufferedReader` and reading the string of integers is executed.\n\n6. **Splitting and Parsing Loop:** Since `n = 4`, the loop that splits the string and parses integers to fill array `A` is executed for all four iterations. It also updates `k` to the maximum value found in `A`.\n\n7. **CountingSort Method Call:** The call to `CountingSort(A, B, k)` is executed.\n\n8. **CountingSort Method Declaration:** Always executed. Statement \"`public static void CountingSort(int A[],int B[],int k){`\" is covered.\n\n9. **Counting Sort Algorithm:**\n   - The first for-loop initializing array `C` is fully executed.\n   - The second for-loop that counts occurrences of each number in `A` and updates `C` accordingly is executed.\n   - The third for-loop calculating the cumulative sum in `C` is executed.\n   - The fourth for-loop that sorts the numbers based on `C` and places them in `B` is executed.\n\n10. **Printing Sorted Array:** The loop in the `main` method that prints sorted array `B` is executed. However, since array indexing in Java is 0-based, and the loop starts from `i=1`, the first element of `B` (B[0]) is never printed. The loop incorrectly tries to print `B[n]`, which is out of bounds for the array `B` filled in the `CountingSort` method. This would lead to an `ArrayIndexOutOfBoundsException` if the code tries to access `B[n]`.\n\n**Predicted Code Coverage:**\n\n- All declarations and initializations are covered.\n- The for-loops in both `main` and `CountingSort` methods are executed as planned.\n- The attempt to print the sorted array `B` will result in a runtime exception before completing its execution due to incorrect indexing.\n\n**Coverage Output:**\n\n```\n> class Main{\n>     public static int[] A;\n>     public static int[] B;\n>     public static int[] C;\n>     public static int n;\n>     public static void main(String[] args) throws IOException {\n> \tint i,k=0;\n> \tA = new int[2000001];\n> \tB = new int[2000001];\n> \tC = new int[2000001];\n> \tScanner scan = new Scanner(System.in);\n> \tn = scan.nextInt();\n> \tString str;\n> \tBufferedReader buffer = new BufferedReader(new InputStreamReader(System.in));\n> \tstr = buffer.readLine();\n> \tString[] strs = str.split(\" \");\n> \tfor(i=0;i<n;i++){\n> \t    A[i] = Integer.parseInt(strs[i]);\n> \t    if(k<=A[i]){k = A[i];}\n> \t}\n>     CountingSort(A,B,k);\n>     for(i=1;i<=n;i++){\n! \tif(i==n){System.out.println(B[i]);break;} // Runtime Exception occurs here due to incorrect indexing\n> \t    System.out.print(B[i]+\" \");\n>     }\n>     }\n> public static void CountingSort(int A[],int B[],int k){\n>     int i,j;\n>     for(i=0;i<k+1;i++){\n> \tC[i] = 0;\n>     }\n>     for(j=0;j<n;j++){\n> \tC[A[j]]++;\n>     }\n>     for(i=1;i<k+1;i++){\n> \tC[i] = C[i] + C[i-1];\n>     }\n>     for(j=n-1;j>=0;j--){\n> \tB[C[A[j]]] = A[j];\n> \tC[A[j]]--;\n>     }\n> }\n}\n```\n\n**OUTPUT:**\nError: `ArrayIndexOutOfBoundsException`",
            "test_seed_coverage": [
                ">",
                ">",
                ">",
                ">",
                ">",
                ">",
                ">",
                ">",
                ">",
                ">",
                ">",
                ">",
                ">",
                ">",
                ">",
                ">",
                ">",
                ">",
                ">",
                ">",
                ">",
                ">",
                ">",
                ">",
                ">",
                ">",
                ">",
                ">",
                ">",
                ">",
                ">",
                ">",
                ">",
                ">",
                ">",
                ">",
                ">",
                ">",
                ">",
                ">",
                ">",
                ">",
                ">"
            ],
            "cumulative_coverage": [
                ">",
                ">",
                ">",
                ">",
                ">",
                ">",
                ">",
                ">",
                ">",
                ">",
                ">",
                ">",
                ">",
                ">",
                ">",
                ">",
                ">",
                ">",
                ">",
                ">",
                ">",
                ">",
                ">",
                ">",
                ">",
                ">",
                ">",
                ">",
                ">",
                ">",
                ">",
                ">",
                ">",
                ">",
                ">",
                ">",
                ">",
                ">",
                ">",
                ">",
                ">",
                ">",
                ">"
            ],
            "execution_error": "Exception in thread \"main\" java.lang.NullPointerException: Cannot invoke \"String.split(String)\" because \"<local4>\" is null\n\tat Main.main(Main.java:18)",
            "cerberus_output": "ArrayIndexOutOfBoundsException",
            "execution_result": "NullPointerException"
        }
    ]
}