{
    "submission_id": "s112518021",
    "cycles": [
        {
            "test_case": [
                "Test Case Input:\n5\n1 2 3 4 5\n3\n1 2\n3 4\n5 6"
            ],
            "test_mutations": [
                "Test Case Input:\n5\n1 2 3 4 5\n3\n1 2\n3 4\n5 6"
            ],
            "initial_code": "class Main {\n   public static void main(String[] args) {\n       Scanner s = new Scanner(System.in);\n       int n = s.nextInt();\n       HashMap<Integer,Integer> map = new HashMap<>();\n       int temp;\n       long sum=0;\n       for(int i =0; i < n; i++) {\n           temp = s.nextInt();\n           sum+=temp;\n           map.put(temp,map.getOrDefault(temp,0));\n           }\n       int q = s.nextInt();\n       int b,c=0,count=0;\n       while(q>0) {\n           b = s.nextInt();\n           c = s.nextInt();\n           count=0;\n           if(map.containsKey(b)) {\n               temp = map.get(b);\n               map.remove(b);\n               int x=temp*b;\n             int y=temp*c;\n               sum = sum -x+y;\n              map.put(c,map.getOrDefault(c,0)+temp);\n           }\n           System.out.println(sum);q--;\n       }\n   }\n}",
            "covered_code": "To develop a step-by-step plan for execution and predict code coverage for the provided Java program based on the test case input, follow these steps:\n\n1. **Import Statements**: Import statements for `java.util.Scanner` and `java.util.HashMap` are always executed.\n\n2. **Class Declaration**: The `Main` class declaration is always executed.\n\n3. **Main Method Declaration**: The `main` method declaration is always executed.\n\n4. **Scanner and Variable Initialization**: Statements initializing the `Scanner` object, reading integer `n`, creating a `HashMap`, initializing `temp` and `sum` variables are executed.\n\n5. **For Loop for Reading and Storing Inputs**: The for loop to read `n` integers and to store them in the `HashMap` will be executed given the input. All contained statements are executed.\n\n6. **Reading the Number of Queries (`q`)**: The statement to read the integer `q` is executed.\n\n7. **While Loop for Processing Queries**: The while loop to process `q` queries will be executed. All statements within this loop are executed.\n\n8. **Condition Check and Operations**: Within the loop, the condition to check if `map` contains a key `b`, operations to update `sum` and to modify the `HashMap` are executed.\n\n9. **Printing the Output**: The statement to print the `sum` after each query within the while loop is executed.\n\n10. **Closing the Scanner**: Typically, it's good practice to close the `Scanner`, but in this provided snippet, it's not explicitly done. Hence, no statement for closing the `Scanner` is included or covered.\n\nBased on the execution plan and the provided test case input:\n\n```\nTest Case Input:\n5\n1 2 3 4 5\n3\n1 2\n3 4\n5 6\n```\n\nPredicted Code Coverage:\n\n```\n> class Main {\n>    public static void main(String[] args) {\n>        Scanner s = new Scanner(System.in);\n>        int n = s.nextInt();\n>        HashMap<Integer,Integer> map = new HashMap<>();\n>        int temp;\n>        long sum=0;\n>        for(int i =0; i < n; i++) {\n>            temp = s.nextInt();\n>            sum+=temp;\n>            map.put(temp,map.getOrDefault(temp,0));\n>            }\n>        int q = s.nextInt();\n>        int b,c=0,count=0;\n>        while(q>0) {\n>            b = s.nextInt();\n>            c = s.nextInt();\n>            count=0;\n>            if(map.containsKey(b)) {\n>                temp = map.get(b);\n>                map.remove(b);\n>                int x=temp*b;\n>                int y=temp*c;\n>                sum = sum -x+y;\n>                map.put(c,map.getOrDefault(c,0)+temp);\n>            }\n>            System.out.println(sum);q--;\n>        }\n>    }\n> }\n```\n\nSince all parts of the code related to the logic and operations given the input are executed, there is no line marked with `!` (indicating not executed). The execution follows the sequence and logic as outlined in the plan based on the input provided.",
            "test_seed_coverage": [
                ">",
                ">",
                ">",
                ">",
                ">",
                ">",
                ">",
                ">",
                ">",
                ">",
                ">",
                ">",
                ">",
                ">",
                ">",
                ">",
                ">",
                ">",
                ">",
                ">",
                ">",
                ">",
                ">",
                ">",
                ">",
                ">",
                ">",
                ">",
                ">",
                ">"
            ],
            "cumulative_coverage": [
                ">",
                ">",
                ">",
                ">",
                ">",
                ">",
                ">",
                ">",
                ">",
                ">",
                ">",
                ">",
                ">",
                ">",
                ">",
                ">",
                ">",
                ">",
                ">",
                ">",
                ">",
                ">",
                ">",
                ">",
                ">",
                ">",
                ">",
                ">",
                ">",
                ">"
            ],
            "execution_output": "15\n15\n15",
            "cerberus_output": "",
            "execution_result": ""
        },
        {
            "test_case": [
                "Test Case Input:\n5\n1\n2\n3\n4\n5\n3\n1 6\n2 7\n3 8"
            ],
            "test_mutations": [
                "Test Case Input:\n5\n1\n2\n3\n4\n5\n3\n1 6\n2 7\n3 8"
            ],
            "initial_code": "class Main {\n   public static void main(String[] args) {\n       Scanner s = new Scanner(System.in);\n       int n = s.nextInt();\n       HashMap<Integer,Integer> map = new HashMap<>();\n       int temp;\n       long sum=0;\n       for(int i =0; i < n; i++) {\n           temp = s.nextInt();\n           sum+=temp;\n           map.put(temp,map.getOrDefault(temp,0));\n           }\n       int q = s.nextInt();\n       int b,c=0,count=0;\n       while(q>0) {\n           b = s.nextInt();\n           c = s.nextInt();\n           count=0;\n           if(map.containsKey(b)) {\n               temp = map.get(b);\n               map.remove(b);\n               int x=temp*b;\n             int y=temp*c;\n               sum = sum -x+y;\n              map.put(c,map.getOrDefault(c,0)+temp);\n           }\n           System.out.println(sum);q--;\n       }\n   }\n}",
            "covered_code": "Based on the provided Java program and the test case input, let's develop a plan for step-by-step execution and predict the code coverage. \n\n**Test Case Input:**\n5\n1\n2\n3\n4\n5\n3\n1 6\n2 7\n3 8\n\n**Java Program:**\n```java\nclass Main {\n   public static void main(String[] args) {\n       Scanner s = new Scanner(System.in);\n       int n = s.nextInt();\n       HashMap<Integer,Integer> map = new HashMap<>();\n       int temp;\n       long sum=0;\n       for(int i =0; i < n; i++) {\n           temp = s.nextInt();\n           sum+=temp;\n           map.put(temp,map.getOrDefault(temp,0));\n           }\n       int q = s.nextInt();\n       int b,c=0,count=0;\n       while(q>0) {\n           b = s.nextInt();\n           c = s.nextInt();\n           count=0;\n           if(map.containsKey(b)) {\n               temp = map.get(b);\n               map.remove(b);\n               int x=temp*b;\n               int y=temp*c;\n               sum = sum -x+y;\n               map.put(c,map.getOrDefault(c,0)+temp);\n           }\n           System.out.println(sum);q--;\n       }\n   }\n}\n```\n\n**Execution Plan & Code Coverage Prediction:**\n\n1. Import statements and scanner setup: \n   - `Scanner s = new Scanner(System.in);`\n   - This part of the code will be executed as part of setting up for user input. \n\n2. Reading the first input (`n`):\n   - `int n = s.nextInt();`\n   - This line will be executed to read the value of `n` from the input.\n\n3. Initialization of `HashMap` and variables:\n   - `HashMap<Integer,Integer> map = new HashMap<>();`\n   - `int temp;`\n   - `long sum=0;`\n   - These lines are executed for initializing the map, temp variable, and sum.\n\n4. For loop to read `n` numbers and update `map` and `sum`:\n   - `for(int i =0; i < n; i++) {`\n   - All lines within this loop will be executed as it processes the `n` numbers from the input.\n\n5. Reading the number of queries (`q`):\n   - `int q = s.nextInt();`\n   - This line will be executed to read the value of `q` from the input.\n\n6. While loop handling queries:\n   - `while(q>0) {`\n   - All lines within this loop will be executed as it processes the `q` queries from the input.\n\n7. If condition to check if `map` contains key `b`:\n   - `if(map.containsKey(b)) {`\n   - This condition will be true for all given queries since each `b` corresponds to a key that was inserted into the map in the first part of the input.\n\n8. Execution of arithmetic and map update operations within the `if` block:\n   - All lines within this block will be executed for updating `sum` and modifying the map according to the queries.\n\n9. Printing the updated `sum` after each query:\n   - `System.out.println(sum);`\n   - This line will be executed after each query to output the current value of `sum`.\n\n**Code Coverage:**\n\n- All lines of code in the provided Java program are executed given the test case input. There are no conditions or parts of the code that are skipped or not executed based on the given input. Therefore, the code coverage is complete for this specific test case.\n\n**Final Code Coverage:**\n\n```java\n> class Main {\n>    public static void main(String[] args) {\n>        Scanner s = new Scanner(System.in);\n>        int n = s.nextInt();\n>        HashMap<Integer,Integer> map = new HashMap<>();\n>        int temp;\n>        long sum=0;\n>        for(int i =0; i < n; i++) {\n>            temp = s.nextInt();\n>            sum+=temp;\n>            map.put(temp,map.getOrDefault(temp,0));\n>            }\n>        int q = s.nextInt();\n>        int b,c=0,count=0;\n>        while(q>0) {\n>            b = s.nextInt();\n>            c = s.nextInt();\n>            count=0;\n>            if(map.containsKey(b)) {\n>                temp = map.get(b);\n>                map.remove(b);\n>                int x=temp*b;\n>                int y=temp*c;\n>                sum = sum -x+y;\n>                map.put(c,map.getOrDefault(c,0)+temp);\n>            }\n>            System.out.println(sum);q--;\n>        }\n>    }\n> }\n```\n\nAll lines are executed, indicating full code coverage for the provided test case input.",
            "test_seed_coverage": [
                ">",
                ">",
                ">",
                ">",
                ">",
                ">",
                ">",
                ">",
                ">",
                ">",
                ">",
                ">",
                ">",
                ">",
                ">",
                ">",
                ">",
                ">",
                ">",
                ">",
                ">",
                ">",
                ">",
                ">",
                ">",
                ">",
                ">",
                ">",
                ">",
                ">"
            ],
            "cumulative_coverage": [
                ">",
                ">",
                ">",
                ">",
                ">",
                ">",
                ">",
                ">",
                ">",
                ">",
                ">",
                ">",
                ">",
                ">",
                ">",
                ">",
                ">",
                ">",
                ">",
                ">",
                ">",
                ">",
                ">",
                ">",
                ">",
                ">",
                ">",
                ">",
                ">",
                ">"
            ],
            "execution_output": "15\n15\n15",
            "cerberus_output": "",
            "execution_result": ""
        },
        {
            "test_case": [
                "Test Case Input:\n5\n1 2 3 4 5\n3\n1 6\n2 7\n3 8"
            ],
            "test_mutations": [
                "Test Case Input:\n5\n1 2 3 4 5\n3\n1 6\n2 7\n3 8"
            ],
            "initial_code": "class Main {\n   public static void main(String[] args) {\n       Scanner s = new Scanner(System.in);\n       int n = s.nextInt();\n       HashMap<Integer,Integer> map = new HashMap<>();\n       int temp;\n       long sum=0;\n       for(int i =0; i < n; i++) {\n           temp = s.nextInt();\n           sum+=temp;\n           map.put(temp,map.getOrDefault(temp,0));\n           }\n       int q = s.nextInt();\n       int b,c=0,count=0;\n       while(q>0) {\n           b = s.nextInt();\n           c = s.nextInt();\n           count=0;\n           if(map.containsKey(b)) {\n               temp = map.get(b);\n               map.remove(b);\n               int x=temp*b;\n             int y=temp*c;\n               sum = sum -x+y;\n              map.put(c,map.getOrDefault(c,0)+temp);\n           }\n           System.out.println(sum);q--;\n       }\n   }\n}",
            "covered_code": "To derive the code coverage based on the provided test case input and the JAVA PROGRAM snippet, let's follow a step-by-step execution plan:\n\n### Test Case Input:\n5  \n1 2 3 4 5  \n3  \n1 6  \n2 7  \n3 8  \n\n### Plan for Execution:\n\n1. **Import Statements**: If there were import statements for Scanner and HashMap, they would always be executed. However, this case requires assuming they exist and are executed.\n2. **Class Declaration**: Always executed, as the program starts here.\n3. **Main Method Declaration**: Always executed.\n4. **Scanner Object Creation**: Always executed.\n5. **Reading n**: Always executed.\n6. **HashMap Creation**: Always executed.\n7. **Reading n integers and Populating HashMap**: Executed n times.\n8. **Reading q (number of queries)**: Always executed.\n9. **Processing Each Query**: This depends on the value of q. It will be executed q times.\n10. **Checking if map contains b**: Executed for each query.\n11. **Calculating and Updating Sum**: Executed for each query if b is found in the map.\n12. **Printing Sum**: Executed for each query.\n\n### Code Coverage:\n\n> class Main {\n>    public static void main(String[] args) {\n>        Scanner s = new Scanner(System.in);\n>        int n = s.nextInt();\n>        HashMap<Integer,Integer> map = new HashMap<>();\n>        int temp;\n>        long sum=0;\n>        for(int i =0; i < n; i++) {\n>            temp = s.nextInt();\n>            sum+=temp;\n>            map.put(temp,map.getOrDefault(temp,0));\n>        }\n>        int q = s.nextInt();\n>        int b,c=0,count=0;\n>        while(q>0) {\n>            b = s.nextInt();\n>            c = s.nextInt();\n>            count=0;\n>            if(map.containsKey(b)) {\n>                temp = map.get(b);\n>                map.remove(b);\n>                int x=temp*b;\n>                int y=temp*c;\n>                sum = sum -x+y;\n>                map.put(c,map.getOrDefault(c,0)+temp);\n>            }\n>            System.out.println(sum);q--;\n>        }\n>    }\n> }\n\n### OUTPUT:\nThe program should output updated sums for each query without any exceptions, provided the Scanner and HashMap classes are imported successfully. The coverage indicates that all parts of the program have been executed since the input provides a valid scenario for each part of the code. There are no lines marked with \"!\" indicating unexecuted code based on the given inputs.",
            "test_seed_coverage": [
                ">",
                ">",
                ">",
                ">",
                ">",
                ">",
                ">",
                ">",
                ">",
                ">",
                ">",
                ">",
                ">",
                ">",
                ">",
                ">",
                ">",
                ">",
                ">",
                ">",
                ">",
                ">",
                ">",
                ">",
                ">",
                ">",
                ">",
                ">",
                ">",
                ">"
            ],
            "cumulative_coverage": [
                ">",
                ">",
                ">",
                ">",
                ">",
                ">",
                ">",
                ">",
                ">",
                ">",
                ">",
                ">",
                ">",
                ">",
                ">",
                ">",
                ">",
                ">",
                ">",
                ">",
                ">",
                ">",
                ">",
                ">",
                ">",
                ">",
                ">",
                ">",
                ">",
                ">"
            ],
            "execution_output": "15\n15\n15",
            "cerberus_output": "",
            "execution_result": ""
        },
        {
            "test_case": [
                "Test Case Input:\n5\n1 2 3 4 5\n3\n1 2\n3 4\n5 6"
            ],
            "test_mutations": [
                "Test Case Input:\n5\n1 2 3 4 5\n3\n1 2\n3 4\n5 6"
            ],
            "initial_code": "class Main {\n   public static void main(String[] args) {\n       Scanner s = new Scanner(System.in);\n       int n = s.nextInt();\n       HashMap<Integer,Integer> map = new HashMap<>();\n       int temp;\n       long sum=0;\n       for(int i =0; i < n; i++) {\n           temp = s.nextInt();\n           sum+=temp;\n           map.put(temp,map.getOrDefault(temp,0));\n           }\n       int q = s.nextInt();\n       int b,c=0,count=0;\n       while(q>0) {\n           b = s.nextInt();\n           c = s.nextInt();\n           count=0;\n           if(map.containsKey(b)) {\n               temp = map.get(b);\n               map.remove(b);\n               int x=temp*b;\n             int y=temp*c;\n               sum = sum -x+y;\n              map.put(c,map.getOrDefault(c,0)+temp);\n           }\n           System.out.println(sum);q--;\n       }\n   }\n}",
            "covered_code": "Given the provided Test Case Input and the Java program, let's develop a plan for step-by-step execution and predict the code coverage. \n\n**Test Case Input:**\n```\n5\n1 2 3 4 5\n3\n1 2\n3 4\n5 6\n```\n\n**Plan for Step-by-Step Execution:**\n\n1. **Import statements:** Assuming necessary import statements like `import java.util.Scanner;` and `import java.util.HashMap;` are included but not shown, they will be covered.\n   \n2. **Class Declaration:** The class declaration `class Main {` is always executed.\n\n3. **Main method declaration:** The main method `public static void main(String[] args) {` is always executed.\n\n4. **Variable Initializations and Scanner Input:** Statements initializing `Scanner s`, reading `n`, and creating `HashMap<Integer,Integer> map` are covered.\n\n5. **For loop for reading 'n' inputs:** Since `n` is 5, the for loop will execute 5 times, reading each of the numbers (1, 2, 3, 4, 5) and adding them to `map` and summing them up in `sum`.\n\n6. **Reading 'q' and executing while loop:** `q` is read as 3, hence the while loop will execute 3 times, corresponding to the pairs (1, 2), (3, 4), and (5, 6).\n\n7. **Inside while loop:** For each pair:\n   - The existence of key `b` in `map` is checked.\n   - Since the `map.getOrDefault(temp,0)` does not increment the value for `temp`, `temp` remains 0 for all keys, meaning the actual replacement and sum update logic inside the if block does not function as intended. However, the statements are still executed.\n   - `sum` is printed after each iteration.\n\n8. **Closing the Scanner:** Finally, the Scanner is closed (though not shown in the snippet, assuming it's part of the code).\n\n**Predicted Code Coverage:**\n\n```\n> class Main {\n>    public static void main(String[] args) {\n>        Scanner s = new Scanner(System.in);\n>        int n = s.nextInt();\n>        HashMap<Integer,Integer> map = new HashMap<>();\n>        int temp;\n>        long sum=0;\n>        for(int i =0; i < n; i++) {\n>            temp = s.nextInt();\n>            sum+=temp;\n>            map.put(temp,map.getOrDefault(temp,0));\n>        }\n>        int q = s.nextInt();\n>        int b,c=0,count=0;\n>        while(q>0) {\n>            b = s.nextInt();\n>            c = s.nextInt();\n>            count=0;\n>            if(map.containsKey(b)) {\n>                temp = map.get(b);\n>                map.remove(b);\n>                int x=temp*b;\n>                int y=temp*c;\n>                sum = sum -x+y;\n>                map.put(c,map.getOrDefault(c,0)+temp);\n>            }\n>            System.out.println(sum);q--;\n>        }\n>    }\n> }\n```\n\n**Explanation:**\n- All statements within the `main` method are executed according to the given input.\n- The loop and conditionals are all executed as per the given plan.\n- The primary aspect to note is that the logic within the loop does not accurately perform the intended operation due to how the `map` values are managed (`map.getOrDefault(temp,0)` does not increment the count), but this does not affect code coverage\u2014only correctness.\n\n**Conclusion:**\n- The entire snippet is covered by the test case as per the plan, with no lines left unexecuted. The focus in this analysis is strictly on code execution coverage, not on logical correctness or potential runtime errors not related to code coverage.",
            "test_seed_coverage": [
                ">",
                ">",
                ">",
                ">",
                ">",
                ">",
                ">",
                ">",
                ">",
                ">",
                ">",
                ">",
                ">",
                ">",
                ">",
                ">",
                ">",
                ">",
                ">",
                ">",
                ">",
                ">",
                ">",
                ">",
                ">",
                ">",
                ">",
                ">",
                ">",
                ">"
            ],
            "cumulative_coverage": [
                ">",
                ">",
                ">",
                ">",
                ">",
                ">",
                ">",
                ">",
                ">",
                ">",
                ">",
                ">",
                ">",
                ">",
                ">",
                ">",
                ">",
                ">",
                ">",
                ">",
                ">",
                ">",
                ">",
                ">",
                ">",
                ">",
                ">",
                ">",
                ">",
                ">"
            ],
            "execution_output": "15\n15\n15",
            "cerberus_output": "",
            "execution_result": ""
        },
        {
            "test_case": [
                "Test Case Input:\n5\n1\n2\n3\n4\n5\n2\n1 2\n3 4"
            ],
            "test_mutations": [
                "Test Case Input:\n5\n1\n2\n3\n4\n5\n2\n1 2\n3 4"
            ],
            "initial_code": "class Main {\n   public static void main(String[] args) {\n       Scanner s = new Scanner(System.in);\n       int n = s.nextInt();\n       HashMap<Integer,Integer> map = new HashMap<>();\n       int temp;\n       long sum=0;\n       for(int i =0; i < n; i++) {\n           temp = s.nextInt();\n           sum+=temp;\n           map.put(temp,map.getOrDefault(temp,0));\n           }\n       int q = s.nextInt();\n       int b,c=0,count=0;\n       while(q>0) {\n           b = s.nextInt();\n           c = s.nextInt();\n           count=0;\n           if(map.containsKey(b)) {\n               temp = map.get(b);\n               map.remove(b);\n               int x=temp*b;\n             int y=temp*c;\n               sum = sum -x+y;\n              map.put(c,map.getOrDefault(c,0)+temp);\n           }\n           System.out.println(sum);q--;\n       }\n   }\n}",
            "covered_code": "To predict the code coverage for the given Java program based on the provided test case input \"5\\n1\\n2\\n3\\n4\\n5\\n2\\n1 2\\n3 4\", let's develop a step-by-step execution plan and determine which statements are executed and which are not.\n\n### Plan for Step by Step Execution\n\n1. **Class Declaration**: always executed. `class Main {` is covered.\n2. **Main Method Declaration**: always executed. `public static void main(String[] args) {` is covered.\n3. **Scanner Initialization and User Input for `n`**: always executed. `Scanner s = new Scanner(System.in);` and `int n = s.nextInt();` are covered.\n4. **HashMap Initialization**: always executed. `HashMap<Integer,Integer> map = new HashMap<>();` is covered.\n5. **Variable Initialization**: `int temp; long sum=0;` are always executed and covered.\n6. **For Loop for Input and Sum Calculation**:\n   - Since `n` is 5, the for loop will iterate 5 times. Thus, `for(int i =0; i < n; i++) {` and all statements within the loop are covered.\n7. **Reading `q` and Initializing Variables for Queries**:\n   - `int q = s.nextInt();` along with `int b,c=0,count=0;` are executed as part of the setup for processing queries.\n8. **While Loop for Queries**:\n   - With `q` being 2, the loop will execute twice, covering `while(q>0) {`.\n9. **Query Processing Logic**:\n   - For both queries, the conditions and operations inside the while loop are executed, including checking if `map` contains a key `b`, modifying the `sum`, and updating the `map`.\n10. **Output Statement in While Loop**:\n    - The `System.out.println(sum);` statement is executed twice because it's inside the while loop that runs for each query.\n\n### Code Coverage Prediction\n\n```java\n> class Main {\n>    public static void main(String[] args) {\n>        Scanner s = new Scanner(System.in);\n>        int n = s.nextInt();\n>        HashMap<Integer,Integer> map = new HashMap<>();\n>        int temp;\n>        long sum=0;\n>        for(int i =0; i < n; i++) {\n>            temp = s.nextInt();\n>            sum+=temp;\n>            map.put(temp,map.getOrDefault(temp,0));\n>            }\n>        int q = s.nextInt();\n>        int b,c=0,count=0;\n>        while(q>0) {\n>            b = s.nextInt();\n>            c = s.nextInt();\n>            count=0;\n>            if(map.containsKey(b)) {\n>                temp = map.get(b);\n>                map.remove(b);\n>                int x=temp*b;\n>                int y=temp*c;\n>                sum = sum -x+y;\n>                map.put(c,map.getOrDefault(c,0)+temp);\n>            }\n>            System.out.println(sum);q--;\n>        }\n>    }\n>}\n```\n### Output\nThe program executes without any runtime exceptions, and all lines of code are covered as per the given inputs and plan.",
            "test_seed_coverage": [
                ">",
                ">",
                ">",
                ">",
                ">",
                ">",
                ">",
                ">",
                ">",
                ">",
                ">",
                ">",
                ">",
                ">",
                ">",
                ">",
                ">",
                ">",
                ">",
                ">",
                ">",
                ">",
                ">",
                ">",
                ">",
                ">",
                ">",
                ">",
                ">",
                ">"
            ],
            "cumulative_coverage": [
                ">",
                ">",
                ">",
                ">",
                ">",
                ">",
                ">",
                ">",
                ">",
                ">",
                ">",
                ">",
                ">",
                ">",
                ">",
                ">",
                ">",
                ">",
                ">",
                ">",
                ">",
                ">",
                ">",
                ">",
                ">",
                ">",
                ">",
                ">",
                ">",
                ">"
            ],
            "execution_output": "15\n15",
            "cerberus_output": "",
            "execution_result": ""
        },
        {
            "test_case": [
                "Test Case Input:\n5\n1\n2\n3\n4\n5\n3\n1 2\n2 3\n3 4"
            ],
            "test_mutations": [
                "Test Case Input:\n5\n1\n2\n3\n4\n5\n3\n1 2\n2 3\n3 4"
            ],
            "initial_code": "class Main {\n   public static void main(String[] args) {\n       Scanner s = new Scanner(System.in);\n       int n = s.nextInt();\n       HashMap<Integer,Integer> map = new HashMap<>();\n       int temp;\n       long sum=0;\n       for(int i =0; i < n; i++) {\n           temp = s.nextInt();\n           sum+=temp;\n           map.put(temp,map.getOrDefault(temp,0));\n           }\n       int q = s.nextInt();\n       int b,c=0,count=0;\n       while(q>0) {\n           b = s.nextInt();\n           c = s.nextInt();\n           count=0;\n           if(map.containsKey(b)) {\n               temp = map.get(b);\n               map.remove(b);\n               int x=temp*b;\n             int y=temp*c;\n               sum = sum -x+y;\n              map.put(c,map.getOrDefault(c,0)+temp);\n           }\n           System.out.println(sum);q--;\n       }\n   }\n}",
            "covered_code": "To analyze the code coverage for the provided Java program based on the given test case input, let's follow a similar plan to the one provided in the example. This will help us understand which parts of the code are executed and which are not.\n\n### Test Case Input:\n5\n1\n2\n3\n4\n5\n3\n1 2\n2 3\n3 4\n\n### Plan:\n1. **Class and main method declaration**: Always executed.\n2. **Variable Initializations and Scanner object creation**: Executed as they are part of the main setup.\n3. **Reading the first input (n=5)**: Executed to know how many times to run the loop.\n4. **For loop to input numbers and update map and sum**: Since `n=5`, this loop will run 5 times. All statements inside this loop will be executed.\n5. **Reading the second input (q=3)**: Executed to know how many queries will be processed.\n6. **While loop for processing queries**: Since `q=3`, this loop will run 3 times. All statements inside this loop will be executed.\n\n### Code Coverage Prediction:\n```\n> class Main {\n>    public static void main(String[] args) {\n>        Scanner s = new Scanner(System.in);\n>        int n = s.nextInt();\n>        HashMap<Integer,Integer> map = new HashMap<>();\n>        int temp;\n>        long sum=0;\n>        for(int i =0; i < n; i++) {\n>            temp = s.nextInt();\n>            sum+=temp;\n>            map.put(temp,map.getOrDefault(temp,0));\n>            }\n>        int q = s.nextInt();\n>        int b,c=0,count=0;\n>        while(q>0) {\n>            b = s.nextInt();\n>            c = s.nextInt();\n>            count=0;\n>            if(map.containsKey(b)) {\n>                temp = map.get(b);\n>                map.remove(b);\n>                int x=temp*b;\n>                int y=temp*c;\n>                sum = sum -x+y;\n>                map.put(c,map.getOrDefault(c,0)+temp);\n>            }\n>            System.out.println(sum);q--;\n>        }\n>    }\n> }\n```\n### Notes:\n- All the lines within the `for` loop and the `while` loop are executed because the inputs provided fulfill the conditions to enter these loops.\n- The condition `if(map.containsKey(b))` within the `while` loop is always true for the given inputs, as all the keys (`b`) are already inserted into the map in the previous loop.\n- No lines are marked with `!` as all the statements in the provided Java program are executed at least once with the given test case input.\n\n### OUTPUT:\nThe program will execute successfully without any runtime exceptions, printing the updated sum after each query.",
            "test_seed_coverage": [
                ">",
                ">",
                ">",
                ">",
                ">",
                ">",
                ">",
                ">",
                ">",
                ">",
                ">",
                ">",
                ">",
                ">",
                ">",
                ">",
                ">",
                ">",
                ">",
                ">",
                ">",
                ">",
                ">",
                ">",
                ">",
                ">",
                ">",
                ">",
                ">",
                ">"
            ],
            "cumulative_coverage": [
                ">",
                ">",
                ">",
                ">",
                ">",
                ">",
                ">",
                ">",
                ">",
                ">",
                ">",
                ">",
                ">",
                ">",
                ">",
                ">",
                ">",
                ">",
                ">",
                ">",
                ">",
                ">",
                ">",
                ">",
                ">",
                ">",
                ">",
                ">",
                ">",
                ">"
            ],
            "execution_output": "15\n15\n15",
            "cerberus_output": "",
            "execution_result": ""
        },
        {
            "test_case": [
                "Test Case Input:\n5\n1\n2\n3\n4\n5\n3\n1 6\n2 7\n3 8"
            ],
            "test_mutations": [
                "Test Case Input:\n5\n1\n2\n3\n4\n5\n3\n1 6\n2 7\n3 8"
            ],
            "initial_code": "class Main {\n   public static void main(String[] args) {\n       Scanner s = new Scanner(System.in);\n       int n = s.nextInt();\n       HashMap<Integer,Integer> map = new HashMap<>();\n       int temp;\n       long sum=0;\n       for(int i =0; i < n; i++) {\n           temp = s.nextInt();\n           sum+=temp;\n           map.put(temp,map.getOrDefault(temp,0));\n           }\n       int q = s.nextInt();\n       int b,c=0,count=0;\n       while(q>0) {\n           b = s.nextInt();\n           c = s.nextInt();\n           count=0;\n           if(map.containsKey(b)) {\n               temp = map.get(b);\n               map.remove(b);\n               int x=temp*b;\n             int y=temp*c;\n               sum = sum -x+y;\n              map.put(c,map.getOrDefault(c,0)+temp);\n           }\n           System.out.println(sum);q--;\n       }\n   }\n}",
            "covered_code": "Given the test case input and the Java program, here is the step-by-step execution plan and the predicted code coverage:\n\nTest Case Input:\n5\n1\n2\n3\n4\n5\n3\n1 6\n2 7\n3 8\n\nJava Program Execution Plan:\n\n1. Import statements: Assuming the necessary import statement for `Scanner` and `HashMap` is included at the beginning of the code. These statements are always executed.\n\n2. Class Declaration: The declaration of the `Main` class is always executed.\n\n3. Main method declaration: The declaration of the `public static void main(String[] args)` method is always executed.\n\n4. Scanner object creation and first user input (`n`): The `Scanner s = new Scanner(System.in);` and `int n = s.nextInt();` statements are always executed.\n\n5. HashMap creation: The statement `HashMap<Integer,Integer> map = new HashMap<>();` is always executed.\n\n6. For loop for initial input processing: Since `n` is 5, the for loop `for(int i =0; i < n; i++) {` will execute 5 times, processing 5 inputs.\n\n7. Inside the for loop:\n   - Reading input and summing it: The statements `temp = s.nextInt();` and `sum+=temp;` will be executed 5 times.\n   - Updating the map: The statement `map.put(temp,map.getOrDefault(temp,0));` is executed 5 times but does not increment the value associated with each key.\n\n8. Reading number of queries `q`: The statement `int q = s.nextInt();` is executed.\n\n9. While loop for processing queries: Since `q` is 3, the while loop `while(q>0) {` will execute 3 times.\n\n10. Inside the while loop:\n    - Reading `b` and `c`: The statements to read `b` and `c` will be executed 3 times.\n    - Checking if `map` contains `b`: Since all initial inputs are unique and `map.getOrDefault` was used without incrementing the values, `map.containsKey(b)` will always return true for the provided inputs.\n    - Updating `sum` and `map`: The code block inside the if condition will execute 3 times.\n    - Printing `sum`: The statement `System.out.println(sum);` will be executed 3 times.\n    - Decrementing `q`: The statement `q--;` is executed within the while loop condition.\n\n11. Closing Scanner: Not explicitly mentioned, but it's good practice to close the scanner.\n\nCode Coverage:\n\n> class Main {\n>    public static void main(String[] args) {\n>        Scanner s = new Scanner(System.in);\n>        int n = s.nextInt();\n>        HashMap<Integer,Integer> map = new HashMap<>();\n>        int temp;\n>        long sum=0;\n>        for(int i =0; i < n; i++) {\n>            temp = s.nextInt();\n>            sum+=temp;\n>            map.put(temp,map.getOrDefault(temp,0));\n>        }\n>        int q = s.nextInt();\n>        int b,c=0,count=0;\n>        while(q>0) {\n>            b = s.nextInt();\n>            c = s.nextInt();\n>            count=0;\n>            if(map.containsKey(b)) {\n>                temp = map.get(b);\n>                map.remove(b);\n>                int x=temp*b;\n>                int y=temp*c;\n>                sum = sum -x+y;\n>                map.put(c,map.getOrDefault(c,0)+temp);\n>            }\n>            System.out.println(sum);q--;\n>        }\n>    }\n> }\n\nAll lines of the provided program are executed given the specific test case input. There is no line that remains uncovered according to the plan and the given inputs, thus achieving full code coverage for this specific scenario.",
            "test_seed_coverage": [
                ">",
                ">",
                ">",
                ">",
                ">",
                ">",
                ">",
                ">",
                ">",
                ">",
                ">",
                ">",
                ">",
                ">",
                ">",
                ">",
                ">",
                ">",
                ">",
                ">",
                ">",
                ">",
                ">",
                ">",
                ">",
                ">",
                ">",
                ">",
                ">",
                ">"
            ],
            "cumulative_coverage": [
                ">",
                ">",
                ">",
                ">",
                ">",
                ">",
                ">",
                ">",
                ">",
                ">",
                ">",
                ">",
                ">",
                ">",
                ">",
                ">",
                ">",
                ">",
                ">",
                ">",
                ">",
                ">",
                ">",
                ">",
                ">",
                ">",
                ">",
                ">",
                ">",
                ">"
            ],
            "execution_output": "15\n15\n15",
            "cerberus_output": "",
            "execution_result": ""
        },
        {
            "test_case": [
                "Test Case Input:\n5\n1\n2\n3\n4\n5\n3\n1 2\n3 4\n5 6"
            ],
            "test_mutations": [
                "Test Case Input:\n5\n1\n2\n3\n4\n5\n3\n1 2\n3 4\n5 6"
            ],
            "initial_code": "class Main {\n   public static void main(String[] args) {\n       Scanner s = new Scanner(System.in);\n       int n = s.nextInt();\n       HashMap<Integer,Integer> map = new HashMap<>();\n       int temp;\n       long sum=0;\n       for(int i =0; i < n; i++) {\n           temp = s.nextInt();\n           sum+=temp;\n           map.put(temp,map.getOrDefault(temp,0));\n           }\n       int q = s.nextInt();\n       int b,c=0,count=0;\n       while(q>0) {\n           b = s.nextInt();\n           c = s.nextInt();\n           count=0;\n           if(map.containsKey(b)) {\n               temp = map.get(b);\n               map.remove(b);\n               int x=temp*b;\n             int y=temp*c;\n               sum = sum -x+y;\n              map.put(c,map.getOrDefault(c,0)+temp);\n           }\n           System.out.println(sum);q--;\n       }\n   }\n}",
            "covered_code": "To analyze and predict the code coverage for the given Java program with the specified test case input, let's develop a step-by-step plan similar to the provided illustration. The given input sequence for this code scenario is `5 1 2 3 4 5 3 1 2 3 4 5 6`, which instructs the program to perform operations based on these inputs.\n\nPlan for step-by-step execution:\n1. **Class Declaration**: Always executed. Statement \"class Main {\" will be covered.\n2. **Main method declaration**: Always executed. Statement \"public static void main(String[] args) {\" is covered.\n3. **Scanner and Variable Initialization**: The statements for initializing the scanner, reading the integer `n`, and creating the HashMap are always executed. Statements \"Scanner s = new Scanner(System.in);\", \"int n = s.nextInt();\", and \"HashMap<Integer,Integer> map = new HashMap<>();\" are covered.\n4. **For loop for input reading and map population**: Since `n` is 5, the loop iterates 5 times to read inputs and populate the map. The loop \"for(int i =0; i < n; i++) {\" and its contents will be executed 5 times.\n5. **Query Processing (While loop)**: The code then reads `q` which is the number of queries (3 in this case) and enters a while loop to process these queries. Since `q` is 3, the while loop \"while(q>0) {\" and its contents will execute 3 times.\n6. **Condition Checking and Map Manipulation**: Within the while loop, the program checks if the map contains a specific key and performs certain operations including updating the sum and modifying the map accordingly. This part involves conditional checks, map.get(), map.remove(), and map.put() operations which are all executed based on the inputs provided.\n7. **Output**: For each query, the program prints the updated sum. Since there are 3 queries, there will be 3 print statements executed.\n8. **Closing Braces**: Always covered as they are part of the syntax.\n\nBased on the plan and the provided test case input, here is the predicted code coverage:\n\n```\n> class Main {\n>    public static void main(String[] args) {\n>        Scanner s = new Scanner(System.in);\n>        int n = s.nextInt();\n>        HashMap<Integer,Integer> map = new HashMap<>();\n>        int temp;\n>        long sum=0;\n>        for(int i =0; i < n; i++) {\n>            temp = s.nextInt();\n>            sum+=temp;\n>            map.put(temp,map.getOrDefault(temp,0));\n>            }\n>        int q = s.nextInt();\n>        int b,c=0,count=0;\n>        while(q>0) {\n>            b = s.nextInt();\n>            c = s.nextInt();\n>            count=0;\n>            if(map.containsKey(b)) {\n>                temp = map.get(b);\n>                map.remove(b);\n>                int x=temp*b;\n>                int y=temp*c;\n>                sum = sum -x+y;\n>                map.put(c,map.getOrDefault(c,0)+temp);\n>            }\n>            System.out.println(sum);q--;\n>        }\n>    }\n> }\n```\n\nSince the provided plan and the test case ensure that all parts of the code are executed, all lines are covered as indicated. There are no unexecuted lines or exceptions raised according to the given input and program logic.",
            "test_seed_coverage": [
                ">",
                ">",
                ">",
                ">",
                ">",
                ">",
                ">",
                ">",
                ">",
                ">",
                ">",
                ">",
                ">",
                ">",
                ">",
                ">",
                ">",
                ">",
                ">",
                ">",
                ">",
                ">",
                ">",
                ">",
                ">",
                ">",
                ">",
                ">",
                ">",
                ">"
            ],
            "cumulative_coverage": [
                ">",
                ">",
                ">",
                ">",
                ">",
                ">",
                ">",
                ">",
                ">",
                ">",
                ">",
                ">",
                ">",
                ">",
                ">",
                ">",
                ">",
                ">",
                ">",
                ">",
                ">",
                ">",
                ">",
                ">",
                ">",
                ">",
                ">",
                ">",
                ">",
                ">"
            ],
            "execution_output": "15\n15\n15",
            "cerberus_output": "",
            "execution_result": ""
        },
        {
            "test_case": [
                "Test Case Input:\n3\n1\n2\n3\n2\n1 4\n3 5"
            ],
            "test_mutations": [
                "Test Case Input:\n3\n1\n2\n3\n2\n1 4\n3 5"
            ],
            "initial_code": "class Main {\n   public static void main(String[] args) {\n       Scanner s = new Scanner(System.in);\n       int n = s.nextInt();\n       HashMap<Integer,Integer> map = new HashMap<>();\n       int temp;\n       long sum=0;\n       for(int i =0; i < n; i++) {\n           temp = s.nextInt();\n           sum+=temp;\n           map.put(temp,map.getOrDefault(temp,0));\n           }\n       int q = s.nextInt();\n       int b,c=0,count=0;\n       while(q>0) {\n           b = s.nextInt();\n           c = s.nextInt();\n           count=0;\n           if(map.containsKey(b)) {\n               temp = map.get(b);\n               map.remove(b);\n               int x=temp*b;\n             int y=temp*c;\n               sum = sum -x+y;\n              map.put(c,map.getOrDefault(c,0)+temp);\n           }\n           System.out.println(sum);q--;\n       }\n   }\n}",
            "covered_code": "PLAN for step by step execution of the given java program with the provided test inputs:\n\n1. Class Declaration: Statement \"class Main {\" is always executed as part of the program structure.\n2. Main method declaration: Statement \"public static void main(String[] args) {\" is always executed.\n3. Initialization of Scanner and Reading number of elements (n): Statements involving \"Scanner s = new Scanner(System.in);\" and \"int n = s.nextInt();\" are executed.\n4. HashMap Initialization: Statement \"HashMap<Integer,Integer> map = new HashMap<>();\" is executed.\n5. Variable Initialization: Statements \"int temp;\" and \"long sum=0;\" are executed.\n6. For Loop for Reading Elements and Updating Map and Sum: The for loop \"for(int i =0; i < n; i++) {\" and its contents are executed n times.\n7. Reading number of queries (q): Statement \"int q = s.nextInt();\" is executed after the for loop.\n8. While Loop for Processing Queries: The while loop \"while(q>0) {\" and its contents are executed q times.\n9. Closing Brackets: always covered.\n\nNow, let's predict the code coverage based on the test case input \"3 1 2 3 2 1 4 3 5\":\n\n> class Main {\n>    public static void main(String[] args) {\n>        Scanner s = new Scanner(System.in);\n>        int n = s.nextInt();\n>        HashMap<Integer,Integer> map = new HashMap<>();\n>        int temp;\n>        long sum=0;\n>        for(int i =0; i < n; i++) {\n>            temp = s.nextInt();\n>            sum+=temp;\n>            map.put(temp,map.getOrDefault(temp,0));\n>        }\n>        int q = s.nextInt();\n>        int b,c=0,count=0;\n>        while(q>0) {\n>            b = s.nextInt();\n>            c = s.nextInt();\n>            count=0;\n>            if(map.containsKey(b)) {\n>                temp = map.get(b);\n>                map.remove(b);\n>                int x=temp*b;\n>                int y=temp*c;\n>                sum = sum -x+y;\n>                map.put(c,map.getOrDefault(c,0)+temp);\n>            }\n>            System.out.println(sum);q--;\n>        }\n>    }\n> }\n\nAll statements within the main method are executed at least once except for the condition inside the if statement, which depends on the input. Since the provided test case includes inputs that match keys in the map and then perform operations based on those keys, all statements including the if condition and its block will be executed.\n\nTherefore, every line in the provided code snippet is executed at least once with the given test inputs, indicating full code coverage for this specific test case.",
            "test_seed_coverage": [
                ">",
                ">",
                ">",
                ">",
                ">",
                ">",
                ">",
                ">",
                ">",
                ">",
                ">",
                ">",
                ">",
                ">",
                ">",
                ">",
                ">",
                ">",
                ">",
                ">",
                ">",
                ">",
                ">",
                ">",
                ">",
                ">",
                ">",
                ">",
                ">",
                ">"
            ],
            "cumulative_coverage": [
                ">",
                ">",
                ">",
                ">",
                ">",
                ">",
                ">",
                ">",
                ">",
                ">",
                ">",
                ">",
                ">",
                ">",
                ">",
                ">",
                ">",
                ">",
                ">",
                ">",
                ">",
                ">",
                ">",
                ">",
                ">",
                ">",
                ">",
                ">",
                ">",
                ">"
            ],
            "execution_output": "6\n6",
            "cerberus_output": "",
            "execution_result": ""
        },
        {
            "test_case": [
                "Test Case Input:\n3\n2\n4\n6\n2\n2 3\n3 5"
            ],
            "test_mutations": [
                "Test Case Input:\n3\n2\n4\n6\n2\n2 3\n3 5"
            ],
            "initial_code": "class Main {\n   public static void main(String[] args) {\n       Scanner s = new Scanner(System.in);\n       int n = s.nextInt();\n       HashMap<Integer,Integer> map = new HashMap<>();\n       int temp;\n       long sum=0;\n       for(int i =0; i < n; i++) {\n           temp = s.nextInt();\n           sum+=temp;\n           map.put(temp,map.getOrDefault(temp,0));\n           }\n       int q = s.nextInt();\n       int b,c=0,count=0;\n       while(q>0) {\n           b = s.nextInt();\n           c = s.nextInt();\n           count=0;\n           if(map.containsKey(b)) {\n               temp = map.get(b);\n               map.remove(b);\n               int x=temp*b;\n             int y=temp*c;\n               sum = sum -x+y;\n              map.put(c,map.getOrDefault(c,0)+temp);\n           }\n           System.out.println(sum);q--;\n       }\n   }\n}",
            "covered_code": "To predict the code coverage for the given Java program and the test case input `3 2 4 6 2 3 5`, let's follow a step-by-step execution plan similar to the illustration provided.\n\n**Plan for Step by Step Execution:**\n\n1. **Class Declaration:** Always executed. Statement `class Main {` is covered.\n2. **Main Method Declaration:** Always executed. Statement `public static void main(String[] args) {` is covered.\n3. **Variable Initialization and Scanner:** Statements initializing the Scanner, `int n = s.nextInt();`, and `HashMap<Integer, Integer> map = new HashMap<>();` are always executed. Similarly, `int temp; long sum=0;` are also executed.\n4. **For Loop Execution:** Given `n=3`, the condition in the for loop `(i < n)` is true for three iterations. The loop will fully execute, hence `for(int i =0; i < n; i++) {` is covered.\n5. **For Loop Contents:** Inside the loop, `temp = s.nextInt();`, `sum+=temp;`, and `map.put(temp,map.getOrDefault(temp,0));` are all executed for each iteration.\n6. **Reading the Number of Queries `q`:** The statement `int q = s.nextInt();` is executed after the for loop.\n7. **While Loop Execution:** Given `q=2`, the while condition `(q>0)` is true twice, so the loop will execute twice.\n8. **While Loop Contents:** Inside the loop, `b = s.nextInt();`, `c = s.nextInt();`, and all statements within the loop including `if(map.containsKey(b)) {` (assuming the keys exist based on the inputs).\n9. **Print Statement Execution:** The `System.out.println(sum);` statement inside the while loop is executed as many times as the loop iterates, which is twice in this case.\n10. **Scanner Close:** The statement to close the scanner `s.close();` is not present, hence not covered.\n\n**Predicted Code Coverage:**\n\n```java\n> class Main {\n>    public static void main(String[] args) {\n>        Scanner s = new Scanner(System.in);\n>        int n = s.nextInt();\n>        HashMap<Integer, Integer> map = new HashMap<>();\n>        int temp;\n>        long sum=0;\n>        for(int i =0; i < n; i++) {\n>            temp = s.nextInt();\n>            sum+=temp;\n>            map.put(temp, map.getOrDefault(temp,0));\n>            }\n>        int q = s.nextInt();\n>        int b, c=0, count=0;\n>        while(q>0) {\n>            b = s.nextInt();\n>            c = s.nextInt();\n>            count=0;\n>            if(map.containsKey(b)) {\n>                temp = map.get(b);\n>                map.remove(b);\n>                int x=temp*b;\n>                int y=temp*c;\n>                sum = sum -x+y;\n>                map.put(c, map.getOrDefault(c,0)+temp);\n>            }\n>            System.out.println(sum);q--;\n>        }\n>    }\n> }\n```\n\n**Note:** The `s.close();` statement to close the scanner is missing in the provided code snippet, which is usually a good practice to include after all the inputs have been read to avoid resource leaks. However, its absence doesn't affect the execution of this specific program with the given input.",
            "test_seed_coverage": [
                ">",
                ">",
                ">",
                ">",
                ">",
                ">",
                ">",
                ">",
                ">",
                ">",
                ">",
                ">",
                ">",
                ">",
                ">",
                ">",
                ">",
                ">",
                ">",
                ">",
                ">",
                ">",
                ">",
                ">",
                ">",
                ">",
                ">",
                ">",
                ">",
                ">"
            ],
            "cumulative_coverage": [
                ">",
                ">",
                ">",
                ">",
                ">",
                ">",
                ">",
                ">",
                ">",
                ">",
                ">",
                ">",
                ">",
                ">",
                ">",
                ">",
                ">",
                ">",
                ">",
                ">",
                ">",
                ">",
                ">",
                ">",
                ">",
                ">",
                ">",
                ">",
                ">",
                ">"
            ],
            "execution_output": "12\n12",
            "cerberus_output": "",
            "execution_result": ""
        },
        {
            "test_case": [
                "Test Case Input:\n5\n1\n2\n3\n4\n5\n3\n1 6\n2 7\n3 8"
            ],
            "test_mutations": [
                "Test Case Input:\n5\n1\n2\n3\n4\n5\n3\n1 6\n2 7\n3 8"
            ],
            "initial_code": "class Main {\n   public static void main(String[] args) {\n       Scanner s = new Scanner(System.in);\n       int n = s.nextInt();\n       HashMap<Integer,Integer> map = new HashMap<>();\n       int temp;\n       long sum=0;\n       for(int i =0; i < n; i++) {\n           temp = s.nextInt();\n           sum+=temp;\n           map.put(temp,map.getOrDefault(temp,0));\n           }\n       int q = s.nextInt();\n       int b,c=0,count=0;\n       while(q>0) {\n           b = s.nextInt();\n           c = s.nextInt();\n           count=0;\n           if(map.containsKey(b)) {\n               temp = map.get(b);\n               map.remove(b);\n               int x=temp*b;\n             int y=temp*c;\n               sum = sum -x+y;\n              map.put(c,map.getOrDefault(c,0)+temp);\n           }\n           System.out.println(sum);q--;\n       }\n   }\n}",
            "covered_code": "To provide a code coverage prediction for the given Java program based on the provided test case, we will follow the outlined plan step by step, detailing which lines of code are executed and which are not, and if applicable, indicate any runtime exceptions.\n\n**Test Case Input:**\n```\n5\n1\n2\n3\n4\n5\n3\n1 6\n2 7\n3 8\n```\n\n**Plan for Execution:**\n\n1. **Class Declaration**: The class declaration `class Main {` is always executed.\n2. **Main Method Declaration**: The declaration `public static void main(String[] args) {` is always executed.\n3. **Variable Initialization and Scanner Instance**: The statements initializing the Scanner `Scanner s = new Scanner(System.in);` and `int n = s.nextInt();` are executed as they are required to read inputs.\n4. **HashMap Initialization**: `HashMap<Integer,Integer> map = new HashMap<>();` is executed to initialize the map used in the program.\n5. **Loop for Input Reading and Sum Calculation**: Since `n=5`, the loop `for(int i =0; i < n; i++) {` will iterate 5 times, reading inputs and updating `sum` and `map`. All statements inside this loop are executed.\n6. **Reading Number of Queries (`q`) and Executing Queries**: `int q = s.nextInt();` is executed, and since `q=3`, the `while` loop to read and process each query will iterate 3 times.\n7. **Query Processing**: Inside the `while` loop, all statements are executed as there are valid inputs for `b` and `c`, and the operations performed on `map` and `sum` are based on the input conditions which are met.\n8. **Output of Sum**: The statement `System.out.println(sum);` inside the loop is executed for each iteration, displaying the updated sum.\n\n**Predicted Code Coverage:**\n\n```java\n> class Main {\n>    public static void main(String[] args) {\n>        Scanner s = new Scanner(System.in);\n>        int n = s.nextInt();\n>        HashMap<Integer,Integer> map = new HashMap<>();\n>        int temp;\n>        long sum=0;\n>        for(int i =0; i < n; i++) {\n>            temp = s.nextInt();\n>            sum+=temp;\n>            map.put(temp,map.getOrDefault(temp,0));\n>            }\n>        int q = s.nextInt();\n>        int b,c=0,count=0;\n>        while(q>0) {\n>            b = s.nextInt();\n>            c = s.nextInt();\n>            count=0;\n>            if(map.containsKey(b)) {\n>                temp = map.get(b);\n>                map.remove(b);\n>                int x=temp*b;\n>                int y=temp*c;\n>                sum = sum -x+y;\n>                map.put(c,map.getOrDefault(c,0)+temp);\n>            }\n>            System.out.println(sum);q--;\n>        }\n>    }\n> }\n```\n\n**Additional Notes:**\n\n- The code coverage indicates all lines within the `Main` class's `main` method are executed according to the provided test case.\n- There are no runtime exceptions based on the given inputs and operations performed. \n\nThis prediction assumes that the input format matches what the program expects and that there are no external factors causing exceptions or errors outside the provided test case scenario.",
            "test_seed_coverage": [
                ">",
                ">",
                ">",
                ">",
                ">",
                ">",
                ">",
                ">",
                ">",
                ">",
                ">",
                ">",
                ">",
                ">",
                ">",
                ">",
                ">",
                ">",
                ">",
                ">",
                ">",
                ">",
                ">",
                ">",
                ">",
                ">",
                ">",
                ">",
                ">",
                ">"
            ],
            "cumulative_coverage": [
                ">",
                ">",
                ">",
                ">",
                ">",
                ">",
                ">",
                ">",
                ">",
                ">",
                ">",
                ">",
                ">",
                ">",
                ">",
                ">",
                ">",
                ">",
                ">",
                ">",
                ">",
                ">",
                ">",
                ">",
                ">",
                ">",
                ">",
                ">",
                ">",
                ">"
            ],
            "execution_output": "15\n15\n15",
            "cerberus_output": "",
            "execution_result": ""
        },
        {
            "test_case": [
                "Test Case Input:\n5\n1\n2\n3\n4\n5\n3\n1 2\n3 4\n5 6"
            ],
            "test_mutations": [
                "Test Case Input:\n5\n1\n2\n3\n4\n5\n3\n1 2\n3 4\n5 6"
            ],
            "initial_code": "class Main {\n   public static void main(String[] args) {\n       Scanner s = new Scanner(System.in);\n       int n = s.nextInt();\n       HashMap<Integer,Integer> map = new HashMap<>();\n       int temp;\n       long sum=0;\n       for(int i =0; i < n; i++) {\n           temp = s.nextInt();\n           sum+=temp;\n           map.put(temp,map.getOrDefault(temp,0));\n           }\n       int q = s.nextInt();\n       int b,c=0,count=0;\n       while(q>0) {\n           b = s.nextInt();\n           c = s.nextInt();\n           count=0;\n           if(map.containsKey(b)) {\n               temp = map.get(b);\n               map.remove(b);\n               int x=temp*b;\n             int y=temp*c;\n               sum = sum -x+y;\n              map.put(c,map.getOrDefault(c,0)+temp);\n           }\n           System.out.println(sum);q--;\n       }\n   }\n}",
            "covered_code": "To understand the execution plan and predict the code coverage for the provided Java program with the given test case input, let's break down the execution step by step.\n\n**Test Case Input:**\n```\n5\n1\n2\n3\n4\n5\n3\n1 2\n3 4\n5 6\n```\n\n**Execution Plan:**\n1. **Import Statements:** The code snippet provided does not explicitly include import statements for Scanner and HashMap, which are necessary for the code to compile and run. Assuming these imports are present but just not shown, the statements to import `java.util.Scanner` and `java.util.HashMap` would be executed.\n2. **Class Declaration:** The declaration of the class `Main` is always executed.\n3. **Main Method Declaration:** The declaration of the `main` method is always executed.\n4. **Scanner and HashMap Initialization:** Statements initializing the Scanner `s` and the HashMap `map` are executed.\n5. **Reading `n` and Loop Execution for Input:** The statement reading the integer `n` will be executed. The for-loop will run `n` times (in this case, 5 times) to read each number and update `sum` and `map`.\n6. **Reading `q` and While Loop for Queries:** After reading `n` numbers, the code reads the integer `q` and then enters a while loop that will execute `q` times (in this case, 3 times) for the queries.\n7. **Query Execution:** Inside the while loop, the code checks if a key `b` exists in `map`, updates `sum`, and modifies the `map` accordingly. It then prints the updated `sum`.\n\nBased on this plan, let's analyze the code coverage:\n\n```\n> class Main {\n>    public static void main(String[] args) {\n>        Scanner s = new Scanner(System.in);\n>        int n = s.nextInt();\n>        HashMap<Integer,Integer> map = new HashMap<>();\n>        int temp;\n>        long sum=0;\n>        for(int i =0; i < n; i++) {\n>            temp = s.nextInt();\n>            sum+=temp;\n>            map.put(temp,map.getOrDefault(temp,0));\n>        }\n>        int q = s.nextInt();\n>        int b,c=0,count=0;\n>        while(q>0) {\n>            b = s.nextInt();\n>            c = s.nextInt();\n>            count=0;\n>            if(map.containsKey(b)) {\n>                temp = map.get(b);\n>                map.remove(b);\n>                int x=temp*b;\n>                int y=temp*c;\n>                sum = sum -x+y;\n>                map.put(c,map.getOrDefault(c,0)+temp);\n>            }\n>            System.out.println(sum);q--;\n>        }\n>    }\n>}\n```\n\n**Coverage Analysis:**\n- All the lines inside the `main` method are executed, including the for-loop that reads and processes `n` numbers and the while loop that processes each query.\n- The condition `if(map.containsKey(b))` is always true in this specific test case because every `b` value from the queries matches a key previously added to the map.\n  \n**Note:** This coverage analysis assumes correct import statements for `Scanner` and `HashMap`, and it's based on the provided test case. Different inputs could lead to different paths being taken (e.g., if `map` did not contain a key `b`, the inside of the if-condition would not execute), but for the given test case, every line of code inside the `main` method is executed.",
            "test_seed_coverage": [
                ">",
                ">",
                ">",
                ">",
                ">",
                ">",
                ">",
                ">",
                ">",
                ">",
                ">",
                ">",
                ">",
                ">",
                ">",
                ">",
                ">",
                ">",
                ">",
                ">",
                ">",
                ">",
                ">",
                ">",
                ">",
                ">",
                ">",
                ">",
                ">",
                ">"
            ],
            "cumulative_coverage": [
                ">",
                ">",
                ">",
                ">",
                ">",
                ">",
                ">",
                ">",
                ">",
                ">",
                ">",
                ">",
                ">",
                ">",
                ">",
                ">",
                ">",
                ">",
                ">",
                ">",
                ">",
                ">",
                ">",
                ">",
                ">",
                ">",
                ">",
                ">",
                ">",
                ">"
            ],
            "execution_output": "15\n15\n15",
            "cerberus_output": "",
            "execution_result": ""
        },
        {
            "test_case": [
                "Test Case Input:\n3\n2\n4\n6\n2\n2 5\n3 7"
            ],
            "test_mutations": [
                "Test Case Input:\n3\n2\n4\n6\n2\n2 5\n3 7"
            ],
            "initial_code": "class Main {\n   public static void main(String[] args) {\n       Scanner s = new Scanner(System.in);\n       int n = s.nextInt();\n       HashMap<Integer,Integer> map = new HashMap<>();\n       int temp;\n       long sum=0;\n       for(int i =0; i < n; i++) {\n           temp = s.nextInt();\n           sum+=temp;\n           map.put(temp,map.getOrDefault(temp,0));\n           }\n       int q = s.nextInt();\n       int b,c=0,count=0;\n       while(q>0) {\n           b = s.nextInt();\n           c = s.nextInt();\n           count=0;\n           if(map.containsKey(b)) {\n               temp = map.get(b);\n               map.remove(b);\n               int x=temp*b;\n             int y=temp*c;\n               sum = sum -x+y;\n              map.put(c,map.getOrDefault(c,0)+temp);\n           }\n           System.out.println(sum);q--;\n       }\n   }\n}",
            "covered_code": "To predict the code coverage for the given Java program with the provided test case input, we'll outline a plan for step by step execution:\n\nTest Case Input:\n```\n3\n2\n4\n6\n2\n5\n3\n7\n```\nGiven Java Program:\n```java\nimport java.util.HashMap;\nimport java.util.Scanner;\n\nclass Main {\n   public static void main(String[] args) {\n       Scanner s = new Scanner(System.in);\n       int n = s.nextInt();\n       HashMap<Integer,Integer> map = new HashMap<>();\n       int temp;\n       long sum=0;\n       for(int i =0; i < n; i++) {\n           temp = s.nextInt();\n           sum+=temp;\n           map.put(temp,map.getOrDefault(temp,0));\n       }\n       int q = s.nextInt();\n       int b,c=0,count=0;\n       while(q>0) {\n           b = s.nextInt();\n           c = s.nextInt();\n           count=0;\n           if(map.containsKey(b)) {\n               temp = map.get(b);\n               map.remove(b);\n               int x=temp*b;\n               int y=temp*c;\n               sum = sum -x+y;\n               map.put(c,map.getOrDefault(c,0)+temp);\n           }\n           System.out.println(sum);q--;\n       }\n   }\n}\n```\nPlan for step by step execution:\n1. **Import and class definition**: Always executed, including imports and the class declaration.\n2. **Main method declaration**: Always executed.\n3. **User Input for `n`**: Executed for fetching the number of elements to be processed.\n4. **HashMap creation**: Executed, as part of the setup for storing elements and their frequencies.\n5. **For loop for input and map population**: Fully executed, since `n=3` and there are 3 pairs of inputs.\n6. **Reading `q`**: Executed to determine the number of operations.\n7. **While loop for processing `q` queries**: Fully executed since `q=2`.\n8. **`if` condition inside while loop**: Since both `b=5` and `b=3` do not exist in the map initially, the condition `map.containsKey(b)` will not be satisfied for these specific inputs.\n\nBased on the plan, here's the code coverage:\n\n```\n> import java.util.HashMap;\n> import java.util.Scanner;\n> class Main {\n>    public static void main(String[] args) {\n>        Scanner s = new Scanner(System.in);\n>        int n = s.nextInt();\n>        HashMap<Integer,Integer> map = new HashMap<>();\n>        int temp;\n>        long sum=0;\n>        for(int i =0; i < n; i++) {\n>            temp = s.nextInt();\n>            sum+=temp;\n>            map.put(temp,map.getOrDefault(temp,0));\n>        }\n>        int q = s.nextInt();\n>        int b,c=0,count=0;\n>        while(q>0) {\n>            b = s.nextInt();\n>            c = s.nextInt();\n>            count=0;\n!            if(map.containsKey(b)) {\n!                temp = map.get(b);\n!                map.remove(b);\n!                int x=temp*b;\n!                int y=temp*c;\n!                sum = sum -x+y;\n!                map.put(c,map.getOrDefault(c,0)+temp);\n>            }\n>            System.out.println(sum);q--;\n>        }\n>    }\n> }\n```\nSince both `b=5` and `b=3` do not exist in the map for the test case provided, the lines inside the `if` condition checking for `map.containsKey(b)` will not be executed. Every other statement in the program will be executed according to the input provided.",
            "test_seed_coverage": [
                ">",
                ">",
                ">",
                ">",
                ">",
                ">",
                ">",
                ">",
                ">",
                ">",
                ">",
                ">",
                ">",
                ">",
                ">",
                ">",
                ">",
                ">",
                ">",
                ">",
                ">",
                ">",
                ">",
                ">",
                ">",
                ">",
                ">",
                ">",
                ">",
                ">",
                ">",
                ">"
            ],
            "cumulative_coverage": [
                ">",
                ">",
                ">",
                ">",
                ">",
                ">",
                ">",
                ">",
                ">",
                ">",
                ">",
                ">",
                ">",
                ">",
                ">",
                ">",
                ">",
                ">",
                ">",
                ">",
                ">",
                ">",
                ">",
                ">",
                ">",
                ">",
                ">",
                ">",
                ">",
                ">",
                ">",
                ">"
            ],
            "execution_output": "12\n12",
            "cerberus_output": "",
            "execution_result": ""
        },
        {
            "test_case": [
                "Test Case Input:\n5\n1\n2\n3\n4\n5\n3\n1 2\n3 4\n5 6"
            ],
            "test_mutations": [
                "Test Case Input:\n5\n1\n2\n3\n4\n5\n3\n1 2\n3 4\n5 6"
            ],
            "initial_code": "class Main {\n   public static void main(String[] args) {\n       Scanner s = new Scanner(System.in);\n       int n = s.nextInt();\n       HashMap<Integer,Integer> map = new HashMap<>();\n       int temp;\n       long sum=0;\n       for(int i =0; i < n; i++) {\n           temp = s.nextInt();\n           sum+=temp;\n           map.put(temp,map.getOrDefault(temp,0));\n           }\n       int q = s.nextInt();\n       int b,c=0,count=0;\n       while(q>0) {\n           b = s.nextInt();\n           c = s.nextInt();\n           count=0;\n           if(map.containsKey(b)) {\n               temp = map.get(b);\n               map.remove(b);\n               int x=temp*b;\n             int y=temp*c;\n               sum = sum -x+y;\n              map.put(c,map.getOrDefault(c,0)+temp);\n           }\n           System.out.println(sum);q--;\n       }\n   }\n}",
            "covered_code": "To predict the code coverage for the given Java program based on the provided test case input, we need to execute the code step by step according to the plan that aligns with the structure of the code and input. The test case input provides the values that will be used during the execution.\n\n### Test Case Input:\n5 (value for n)  \n1 2 3 4 5 (values to be summed and stored in the map)  \n3 (number of queries)  \n1 2 (first query)  \n3 4 (second query)  \n5 6 (third query)  \n\n### Plan for Step by Step Execution:\n1. **Class Declaration** - Always executed.\n2. **Main Method Declaration** - Always executed.\n3. **Scanner Instantiation** - Executed for user input.\n4. **Read `n` and Initialize `sum` and `map`** - Executed for processing `n` inputs and initializing the sum and the HashMap.\n5. **For Loop for Reading `n` Inputs** - Each iteration reads an input, updates the sum, and modifies the map accordingly.\n6. **Read `q` (Number of Queries)** - Executed to determine how many queries will be executed.\n7. **While Loop for Processing Queries** - Executed `q` times to process each query, modify the map, and update the sum.\n8. **Conditional Check (`map.containsKey(b)`) inside While Loop** - Checks if the map contains the key `b` for each query.\n9. **Modification of `sum` and `map` Based on Queries** - Executes the logic based on the queries, involving removal and addition to the map, and updating the sum.\n10. **Printing `sum` after Each Query** - Executes each time after the sum is updated in the while loop.\n\n### Code Coverage Prediction:\nGiven the steps and the provided input, we can predict the code coverage as follows:\n\n```java\n> class Main {\n>    public static void main(String[] args) {\n>        Scanner s = new Scanner(System.in);\n>        int n = s.nextInt();\n>        HashMap<Integer,Integer> map = new HashMap<>();\n>        int temp;\n>        long sum=0;\n>        for(int i =0; i < n; i++) {\n>            temp = s.nextInt();\n>            sum+=temp;\n>            map.put(temp,map.getOrDefault(temp,0));\n>            }\n>        int q = s.nextInt();\n>        int b,c=0,count=0;\n>        while(q>0) {\n>            b = s.nextInt();\n>            c = s.nextInt();\n>            count=0;\n>            if(map.containsKey(b)) {\n>                temp = map.get(b);\n>                map.remove(b);\n>                int x=temp*b;\n>                int y=temp*c;\n>                sum = sum -x+y;\n>                map.put(c,map.getOrDefault(c,0)+temp);\n>            }\n>            System.out.println(sum);q--;\n>        }\n>    }\n> }\n```\nEach line of code within the `main` method is executed according to the provided input and the logic of the program. All statements are covered because the test case provides a comprehensive path through the program, including initialization, input processing, query processing, and output.",
            "test_seed_coverage": [
                ">",
                ">",
                ">",
                ">",
                ">",
                ">",
                ">",
                ">",
                ">",
                ">",
                ">",
                ">",
                ">",
                ">",
                ">",
                ">",
                ">",
                ">",
                ">",
                ">",
                ">",
                ">",
                ">",
                ">",
                ">",
                ">",
                ">",
                ">",
                ">",
                ">"
            ],
            "cumulative_coverage": [
                ">",
                ">",
                ">",
                ">",
                ">",
                ">",
                ">",
                ">",
                ">",
                ">",
                ">",
                ">",
                ">",
                ">",
                ">",
                ">",
                ">",
                ">",
                ">",
                ">",
                ">",
                ">",
                ">",
                ">",
                ">",
                ">",
                ">",
                ">",
                ">",
                ">"
            ],
            "execution_output": "15\n15\n15",
            "cerberus_output": "",
            "execution_result": ""
        },
        {
            "test_case": [
                "Test Case Input:\n3\n1\n2\n3\n2\n1 4\n2 5"
            ],
            "test_mutations": [
                "Test Case Input:\n3\n1\n2\n3\n2\n1 4\n2 5"
            ],
            "initial_code": "class Main {\n   public static void main(String[] args) {\n       Scanner s = new Scanner(System.in);\n       int n = s.nextInt();\n       HashMap<Integer,Integer> map = new HashMap<>();\n       int temp;\n       long sum=0;\n       for(int i =0; i < n; i++) {\n           temp = s.nextInt();\n           sum+=temp;\n           map.put(temp,map.getOrDefault(temp,0));\n           }\n       int q = s.nextInt();\n       int b,c=0,count=0;\n       while(q>0) {\n           b = s.nextInt();\n           c = s.nextInt();\n           count=0;\n           if(map.containsKey(b)) {\n               temp = map.get(b);\n               map.remove(b);\n               int x=temp*b;\n             int y=temp*c;\n               sum = sum -x+y;\n              map.put(c,map.getOrDefault(c,0)+temp);\n           }\n           System.out.println(sum);q--;\n       }\n   }\n}",
            "covered_code": "For the provided test case input and Java program, let's develop a plan for step-by-step execution and predict the code coverage. \n\n### Test Case Input:\n```\n3\n1\n2\n3\n2\n1 4\n2 5\n```\n\n### Java Program:\n```java\nclass Main {\n   public static void main(String[] args) {\n       Scanner s = new Scanner(System.in);\n       int n = s.nextInt();\n       HashMap<Integer,Integer> map = new HashMap<>();\n       int temp;\n       long sum=0;\n       for(int i =0; i < n; i++) {\n           temp = s.nextInt();\n           sum+=temp;\n           map.put(temp,map.getOrDefault(temp,0));\n           }\n       int q = s.nextInt();\n       int b,c=0,count=0;\n       while(q>0) {\n           b = s.nextInt();\n           c = s.nextInt();\n           count=0;\n           if(map.containsKey(b)) {\n               temp = map.get(b);\n               map.remove(b);\n               int x=temp*b;\n               int y=temp*c;\n               sum = sum -x+y;\n               map.put(c,map.getOrDefault(c,0)+temp);\n           }\n           System.out.println(sum);q--;\n       }\n   }\n}\n```\n\n### Plan for Step-by-Step Execution:\n1. **Scanner Initialization**: Always executed.\n2. **Integer `n` Input and HashMap Initialization**: Always executed.\n3. **For Loop for Initial Input**: Since `n=3`, the loop will run three times, and all statements inside this loop will be executed.\n4. **`q` Input and Subsequent While Loop**: After the initial input loop, `q` is read (value `2`), thus initiating the while loop which will run twice based on `q`.\n5. **While Loop Execution**: Within the while loop, all operations including the `if` condition check, map manipulation, and sum calculation will be executed because `map` contains keys `1` and `2` from the initial input phase.\n6. **System Output inside While Loop**: The updated `sum` value will be printed each time, hence executed.\n\n### Code Coverage Prediction:\n```java\n> class Main {\n>    public static void main(String[] args) {\n>        Scanner s = new Scanner(System.in);\n>        int n = s.nextInt();\n>        HashMap<Integer,Integer> map = new HashMap<>();\n>        int temp;\n>        long sum=0;\n>        for(int i =0; i < n; i++) {\n>            temp = s.nextInt();\n>            sum+=temp;\n>            map.put(temp,map.getOrDefault(temp,0));\n>            }\n>        int q = s.nextInt();\n>        int b,c=0,count=0;\n>        while(q>0) {\n>            b = s.nextInt();\n>            c = s.nextInt();\n>            count=0;\n>            if(map.containsKey(b)) {\n>                temp = map.get(b);\n>                map.remove(b);\n>                int x=temp*b;\n>                int y=temp*c;\n>                sum = sum -x+y;\n>                map.put(c,map.getOrDefault(c,0)+temp);\n>            }\n>            System.out.println(sum);q--;\n>        }\n>    }\n> }\n```\n\n### Output:\nThe program will output the value of `sum` after each query, reflecting the changes made by the map manipulations and calculations inside the while loop. The specific output values depend on the operations performed and the initial and query inputs provided.\n\n### Conclusion:\nAll statements within the given Java program will be executed based on the provided test case input, resulting in 100% code coverage for this specific test case.",
            "test_seed_coverage": [
                ">",
                ">",
                ">",
                ">",
                ">",
                ">",
                ">",
                ">",
                ">",
                ">",
                ">",
                ">",
                ">",
                ">",
                ">",
                ">",
                ">",
                ">",
                ">",
                ">",
                ">",
                ">",
                ">",
                ">",
                ">",
                ">",
                ">",
                ">",
                ">",
                ">"
            ],
            "cumulative_coverage": [
                ">",
                ">",
                ">",
                ">",
                ">",
                ">",
                ">",
                ">",
                ">",
                ">",
                ">",
                ">",
                ">",
                ">",
                ">",
                ">",
                ">",
                ">",
                ">",
                ">",
                ">",
                ">",
                ">",
                ">",
                ">",
                ">",
                ">",
                ">",
                ">",
                ">"
            ],
            "execution_output": "6\n6",
            "cerberus_output": "",
            "execution_result": ""
        },
        {
            "test_case": [
                "Test Case Input:\n3\n1\n2\n3\n2\n1 4\n2 5"
            ],
            "test_mutations": [
                "Test Case Input:\n3\n1\n2\n3\n2\n1 4\n2 5"
            ],
            "initial_code": "class Main {\n   public static void main(String[] args) {\n       Scanner s = new Scanner(System.in);\n       int n = s.nextInt();\n       HashMap<Integer,Integer> map = new HashMap<>();\n       int temp;\n       long sum=0;\n       for(int i =0; i < n; i++) {\n           temp = s.nextInt();\n           sum+=temp;\n           map.put(temp,map.getOrDefault(temp,0));\n           }\n       int q = s.nextInt();\n       int b,c=0,count=0;\n       while(q>0) {\n           b = s.nextInt();\n           c = s.nextInt();\n           count=0;\n           if(map.containsKey(b)) {\n               temp = map.get(b);\n               map.remove(b);\n               int x=temp*b;\n             int y=temp*c;\n               sum = sum -x+y;\n              map.put(c,map.getOrDefault(c,0)+temp);\n           }\n           System.out.println(sum);q--;\n       }\n   }\n}",
            "covered_code": "To predict the code coverage for the given Java program with the specific test case input, we follow the plan outlined step by step below. The test case input mentioned is:\n\n```\n3\n1\n2\n3\n2\n1 4\n2 5\n```\n\nGiven Java Program:\n```java\nclass Main {\n   public static void main(String[] args) {\n       Scanner s = new Scanner(System.in);\n       int n = s.nextInt();\n       HashMap<Integer,Integer> map = new HashMap<>();\n       int temp;\n       long sum=0;\n       for(int i =0; i < n; i++) {\n           temp = s.nextInt();\n           sum+=temp;\n           map.put(temp,map.getOrDefault(temp,0));\n       }\n       int q = s.nextInt();\n       int b,c=0,count=0;\n       while(q>0) {\n           b = s.nextInt();\n           c = s.nextInt();\n           count=0;\n           if(map.containsKey(b)) {\n               temp = map.get(b);\n               map.remove(b);\n               int x=temp*b;\n               int y=temp*c;\n               sum = sum -x+y;\n               map.put(c,map.getOrDefault(c,0)+temp);\n           }\n           System.out.println(sum);q--;\n       }\n   }\n}\n```\n\nPlan for step by step execution:\n\n1. **Scanner Class Usage**: Always executed. Statement `Scanner s = new Scanner(System.in);` is covered.\n2. **Reading `n`**: Always executed. Statement `int n = s.nextInt();` with `n=3` is covered.\n3. **HashMap Initialization**: Always executed. Statement `HashMap<Integer,Integer> map = new HashMap<>();` is covered.\n4. **For Loop Execution**: Given `n=3`, the for loop will execute three times. Statement `for(int i =0; i < n; i++) {` and its contents will be covered.\n5. **Reading `temp` and Updating `sum` and `map`**: For each iteration with inputs `1`, `2`, `3`, statements inside the loop are executed. Statements `temp = s.nextInt();`, `sum+=temp;`, and `map.put(temp,map.getOrDefault(temp,0));` are covered.\n6. **Reading `q`**: Always executed after the loop. Statement `int q = s.nextInt();` with `q=2` is covered.\n7. **While Loop Execution**: Given `q=2`, the while loop will execute two times. Statement `while(q>0) {` and its contents will be covered.\n8. **Reading `b` and `c`**: For each iteration with inputs `1 4` and `2 5`, statements `b = s.nextInt();` and `c = s.nextInt();` are executed.\n9. **Condition to Check Key Existence**: Statement `if(map.containsKey(b)) {` and its contents will be executed because `b` values `1` and `2` are keys in the map.\n10. **Updating `sum` and `map` Inside While Loop**: The operations inside the if condition, including `sum = sum -x+y;` and `map.put(c,map.getOrDefault(c,0)+temp);`, are executed.\n11. **Printing `sum`**: Statement `System.out.println(sum);` is executed at the end of each iteration of the while loop.\n\nNo statements are left uncovered based on the given test case, so all statements in this Java program are executed at least once.\n\nCode Coverage:\n\n```java\n> class Main {\n>    public static void main(String[] args) {\n>        Scanner s = new Scanner(System.in);\n>        int n = s.nextInt();\n>        HashMap<Integer,Integer> map = new HashMap<>();\n>        int temp;\n>        long sum=0;\n>        for(int i =0; i < n; i++) {\n>            temp = s.nextInt();\n>            sum+=temp;\n>            map.put(temp,map.getOrDefault(temp,0));\n>        }\n>        int q = s.nextInt();\n>        int b,c=0,count=0;\n>        while(q>0) {\n>            b = s.nextInt();\n>            c = s.nextInt();\n>            count=0;\n>            if(map.containsKey(b)) {\n>                temp = map.get(b);\n>                map.remove(b);\n>                int x=temp*b;\n>                int y=temp*c;\n>                sum = sum -x+y;\n>                map.put(c,map.getOrDefault(c,0)+temp);\n>            }\n>            System.out.println(sum);q--;\n>        }\n>    }\n>}\n```\n\nAll statements in the given Java program have been covered by executing the provided test case.",
            "test_seed_coverage": [
                ">",
                ">",
                ">",
                ">",
                ">",
                ">",
                ">",
                ">",
                ">",
                ">",
                ">",
                ">",
                ">",
                ">",
                ">",
                ">",
                ">",
                ">",
                ">",
                ">",
                ">",
                ">",
                ">",
                ">",
                ">",
                ">",
                ">",
                ">",
                ">",
                ">"
            ],
            "cumulative_coverage": [
                ">",
                ">",
                ">",
                ">",
                ">",
                ">",
                ">",
                ">",
                ">",
                ">",
                ">",
                ">",
                ">",
                ">",
                ">",
                ">",
                ">",
                ">",
                ">",
                ">",
                ">",
                ">",
                ">",
                ">",
                ">",
                ">",
                ">",
                ">",
                ">",
                ">"
            ],
            "execution_output": "6\n6",
            "cerberus_output": "",
            "execution_result": ""
        },
        {
            "test_case": [
                "Test Case Input:\n5\n1\n2\n3\n4\n5\n3\n1 2\n3 4\n5 6"
            ],
            "test_mutations": [
                "Test Case Input:\n5\n1\n2\n3\n4\n5\n3\n1 2\n3 4\n5 6"
            ],
            "initial_code": "class Main {\n   public static void main(String[] args) {\n       Scanner s = new Scanner(System.in);\n       int n = s.nextInt();\n       HashMap<Integer,Integer> map = new HashMap<>();\n       int temp;\n       long sum=0;\n       for(int i =0; i < n; i++) {\n           temp = s.nextInt();\n           sum+=temp;\n           map.put(temp,map.getOrDefault(temp,0));\n           }\n       int q = s.nextInt();\n       int b,c=0,count=0;\n       while(q>0) {\n           b = s.nextInt();\n           c = s.nextInt();\n           count=0;\n           if(map.containsKey(b)) {\n               temp = map.get(b);\n               map.remove(b);\n               int x=temp*b;\n             int y=temp*c;\n               sum = sum -x+y;\n              map.put(c,map.getOrDefault(c,0)+temp);\n           }\n           System.out.println(sum);q--;\n       }\n   }\n}",
            "covered_code": "Given the test case input and the Java program, let's develop a plan for step-by-step execution to predict the code coverage.\n\n**Test Case Input:**\n```\n5\n1\n2\n3\n4\n5\n3\n1 2\n3 4\n5 6\n```\n\n**Plan for Step by Step Execution:**\n\n1. **Import statements and Class Declaration:** Always executed. They are part of the boilerplate code structure but are not explicitly listed in the provided snippet.\n2. **Main method declaration:** Always executed. It is the entry point of the program.\n3. **Scanner object creation:** `Scanner s = new Scanner(System.in);` - Executes as it's used to read inputs.\n4. **Read `n` (number of elements):** `int n = s.nextInt();` - Executes, reading the first input (5).\n5. **HashMap creation:** `HashMap<Integer,Integer> map = new HashMap<>();` - Executes, initializing the map.\n6. **For loop to read `n` elements and populate the map:** Given `n` is 5, this loop will execute 5 times to read and process the elements 1, 2, 3, 4, and 5.\n7. **Reading `q` (number of queries):** `int q = s.nextInt();` - Executes, reading the next input (3).\n8. **While loop for processing `q` queries:** With `q` being 3, this loop will execute 3 times for the queries `(1 2)`, `(3 4)`, and `(5 6)`.\n9. **Check if `b` is in the map and process accordingly within the loop:** This depends on the dynamic content of the map during execution. For the given inputs, the conditions and operations within this loop are executed as the keys (1, 3, 5) are present in the map.\n10. **Print the `sum` after each query:** This is executed each time in the loop, so 3 times for the given inputs.\n\n**Predicted Code Coverage:**\n\n```\n> class Main {\n>    public static void main(String[] args) {\n>        Scanner s = new Scanner(System.in);\n>        int n = s.nextInt();\n>        HashMap<Integer,Integer> map = new HashMap<>();\n>        int temp;\n>        long sum=0;\n>        for(int i =0; i < n; i++) {\n>            temp = s.nextInt();\n>            sum += temp;\n>            map.put(temp,map.getOrDefault(temp,0));\n>        }\n>        int q = s.nextInt();\n>        int b,c=0,count=0;\n>        while(q>0) {\n>            b = s.nextInt();\n>            c = s.nextInt();\n>            count=0;\n>            if(map.containsKey(b)) {\n>                temp = map.get(b);\n>                map.remove(b);\n>                int x=temp*b;\n>                int y=temp*c;\n>                sum = sum -x+y;\n>                map.put(c,map.getOrDefault(c,0)+temp);\n>            }\n>            System.out.println(sum);q--;\n>        }\n>    }\n> }\n```\n\n**Output:**\nThere are no explicit error outputs for this given input. All parts of the provided code snippet are executed according to the given test case input.",
            "test_seed_coverage": [
                ">",
                ">",
                ">",
                ">",
                ">",
                ">",
                ">",
                ">",
                ">",
                ">",
                ">",
                ">",
                ">",
                ">",
                ">",
                ">",
                ">",
                ">",
                ">",
                ">",
                ">",
                ">",
                ">",
                ">",
                ">",
                ">",
                ">",
                ">",
                ">",
                ">"
            ],
            "cumulative_coverage": [
                ">",
                ">",
                ">",
                ">",
                ">",
                ">",
                ">",
                ">",
                ">",
                ">",
                ">",
                ">",
                ">",
                ">",
                ">",
                ">",
                ">",
                ">",
                ">",
                ">",
                ">",
                ">",
                ">",
                ">",
                ">",
                ">",
                ">",
                ">",
                ">",
                ">"
            ],
            "execution_output": "15\n15\n15",
            "cerberus_output": "",
            "execution_result": ""
        }
    ]
}