{
    "submission_id": "s172521453",
    "cycles": [
        {
            "test_case": [
                "Test Case Input:\n5\n3\n0,1\n1,2\n2,0\n3,1\n2,3"
            ],
            "test_mutations": [
                "Test Case Input:\n5\n3\n0,1\n1,2\n2,0\n3,1\n2,3"
            ],
            "initial_code": "public class Main{      \n    public static void main(String[] args){\n        Scanner sc = new Scanner(System.in);\n        int w = sc.nextInt();\n        int n = sc.nextInt();\n        int amidaArray[] = new int[n];\n        for(int i=0;i<n;i++){\n            amidaArray[i] = i;\n        }\n        for(int i=0;i<w;i++){\n            String str = sc.next();\n            String[] strs = str.split(\",\");\n            int a = Integer.parseInt(strs[0]);\n            int b = Integer.parseInt(strs[1]);\n            int temp = amidaArray[a];\n            amidaArray[a]=amidaArray[b];\n            amidaArray[b]=temp;\n        }\n        for(int i=0;i<n;i++){\n            System.out.println(amidaArray[i]);\n        }\n    }   \n}",
            "covered_code": "Given the test case input and the JAVA program, we will develop a plan for step by step execution and predict the code coverage.\n\n### Test Case Input:\n```\n5\n3\n0,1\n1,2\n2,0\n3,1\n2,3\n```\n\n### Plan:\n\n1. **Import statements**: Since there's an implicit use of `java.util.Scanner`, it's considered always executed in the context, but not explicitly part of the provided code snippet.\n   \n2. **Class Declaration**: Always executed. Statement `public class Main{` is covered.\n\n3. **Main method declaration**: Always executed. Statement `public static void main(String[] args){` is covered.\n\n4. **User Input and Program Output**: \n   - Scanner initialization: `Scanner sc = new Scanner(System.in);` is executed.\n   - Reading `w` and `n`: `int w = sc.nextInt();` and `int n = sc.nextInt();` are executed.\n   \n5. **First for loop for initializing amidaArray**:\n   - The loop condition `for(int i=0;i<n;i++){` is true, and the loop block will be executed for initializing `amidaArray`.\n\n6. **Second for loop for swapping elements based on input**:\n   - Since `w` is 5, the loop condition `for(int i=0;i<w;i++){` is true, and the loop block will execute 5 times, processing the swaps defined in the input.\n\n7. **Third for loop for outputting the elements of amidaArray**:\n   - The loop condition `for(int i=0;i<n;i++){` is true, and the loop block will be executed to print the elements of `amidaArray`.\n\n8. **Closing brackets**: Always covered.\n\n### Predicted Code Coverage:\n\n```\n> public class Main{\n>     public static void main(String[] args){\n>         Scanner sc = new Scanner(System.in);\n>         int w = sc.nextInt();\n>         int n = sc.nextInt();\n>         int amidaArray[] = new int[n];\n>         for(int i=0;i<n;i++){\n>             amidaArray[i] = i;\n>         }\n>         for(int i=0;i<w;i++){\n>             String str = sc.next();\n>             String[] strs = str.split(\",\");\n>             int a = Integer.parseInt(strs[0]);\n>             int b = Integer.parseInt(strs[1]);\n>             int temp = amidaArray[a];\n>             amidaArray[a]=amidaArray[b];\n>             amidaArray[b]=temp;\n>         }\n>         for(int i=0;i<n;i++){\n>             System.out.println(amidaArray[i]);\n>         }\n>     }   \n> }\n```\nGiven the provided test case and plan, all statements in the provided code snippet are executed. The code coverage shows that every line of the program will be executed with the given inputs, indicating 100% code coverage.",
            "test_seed_coverage": [
                ">",
                ">",
                ">",
                ">",
                ">",
                ">",
                ">",
                ">",
                ">",
                ">",
                ">",
                ">",
                ">",
                ">",
                ">",
                ">",
                ">",
                ">",
                ">",
                ">",
                ">",
                ">",
                ">"
            ],
            "cumulative_coverage": [
                ">",
                ">",
                ">",
                ">",
                ">",
                ">",
                ">",
                ">",
                ">",
                ">",
                ">",
                ">",
                ">",
                ">",
                ">",
                ">",
                ">",
                ">",
                ">",
                ">",
                ">",
                ">",
                ">"
            ],
            "execution_error": "Exception in thread \"main\" java.lang.ArrayIndexOutOfBoundsException: Index 3 out of bounds for length 3\n\tat Main.main(Main.java:18)",
            "cerberus_output": "",
            "execution_result": "ArrayIndexOutOfBoundsException"
        },
        {
            "test_case": [
                "Test Case Input:\n0\n-1,2,3"
            ],
            "test_mutations": [
                "Test Case Input:\n0\n-1,2,3"
            ],
            "initial_code": "public class Main{      \n    public static void main(String[] args){\n        Scanner sc = new Scanner(System.in);\n        int w = sc.nextInt();\n        int n = sc.nextInt();\n        int amidaArray[] = new int[n];\n        for(int i=0;i<n;i++){\n            amidaArray[i] = i;\n        }\n        for(int i=0;i<w;i++){\n            String str = sc.next();\n            String[] strs = str.split(\",\");\n            int a = Integer.parseInt(strs[0]);\n            int b = Integer.parseInt(strs[1]);\n            int temp = amidaArray[a];\n            amidaArray[a]=amidaArray[b];\n            amidaArray[b]=temp;\n        }\n        for(int i=0;i<n;i++){\n            System.out.println(amidaArray[i]);\n        }\n    }   \n}",
            "covered_code": "Given the test case input `0\\n-1,2,3`, let's develop a plan for step by step execution of the code snippet and predict the code coverage.\n\n**Plan for Execution:**\n\n1. **Class Declaration:** Always executed. Statement `public class Main{` is covered.\n2. **Main Method Declaration:** Always executed. Statement `public static void main(String[] args){` is covered.\n3. **Scanner and User Inputs:** The first input (`0`) sets `w` to `0`, and the second input (`-1`) sets `n` to `-1`. Statements involving the creation of the scanner and reading inputs are executed.\n    - `Scanner sc = new Scanner(System.in);`\n    - `int w = sc.nextInt();`\n    - `int n = sc.nextInt();`\n4. **Array Declaration:** The statement to create the `amidaArray` will throw a `NegativeArraySizeException` because `n` is set to `-1`, which is an invalid size for an array. Therefore, the code block to initialize the array and subsequent blocks will not execute.\n    - `int amidaArray[] = new int[n];` - This will raise an exception.\n\nFollowing this plan, let's annotate the code coverage:\n\n```\n> public class Main{\n>     public static void main(String[] args){\n>         Scanner sc = new Scanner(System.in);\n>         int w = sc.nextInt();\n>         int n = sc.nextInt();\n!         int amidaArray[] = new int[n]; // This line will raise NegativeArraySizeException\n!         for(int i=0;i<n;i++){\n!             amidaArray[i] = i;\n!         }\n!         for(int i=0;i<w;i++){\n!             String str = sc.next();\n!             String[] strs = str.split(\",\");\n!             int a = Integer.parseInt(strs[0]);\n!             int b = Integer.parseInt(strs[1]);\n!             int temp = amidaArray[a];\n!             amidaArray[a]=amidaArray[b];\n!             amidaArray[b]=temp;\n!         }\n!         for(int i=0;i<n;i++){\n!             System.out.println(amidaArray[i]);\n!         }\n>     }   \n> }\n```\n\n**Output:**\nError: `NegativeArraySizeException` due to creating an array with size -1.\n\nThis plan and resulting code coverage annotations indicate which parts of the code are executed and which are not, based on the given test case input.",
            "test_seed_coverage": [
                ">",
                ">",
                ">",
                ">",
                ">",
                ">",
                ">",
                ">",
                ">",
                ">",
                ">",
                ">",
                ">",
                ">",
                ">",
                ">",
                ">",
                ">",
                ">",
                ">",
                ">",
                ">",
                ">"
            ],
            "cumulative_coverage": [
                ">",
                ">",
                ">",
                ">",
                ">",
                ">",
                ">",
                ">",
                ">",
                ">",
                ">",
                ">",
                ">",
                ">",
                ">",
                ">",
                ">",
                ">",
                ">",
                ">",
                ">",
                ">",
                ">"
            ],
            "execution_error": "Exception in thread \"main\" java.util.InputMismatchException\n\tat java.base/java.util.Scanner.throwFor(Scanner.java:947)\n\tat java.base/java.util.Scanner.next(Scanner.java:1602)\n\tat java.base/java.util.Scanner.nextInt(Scanner.java:2267)\n\tat java.base/java.util.Scanner.nextInt(Scanner.java:2221)\n\tat Main.main(Main.java:8)",
            "cerberus_output": "NegativeArraySizeException",
            "execution_result": "InputMismatchException"
        },
        {
            "test_case": [
                "Test Case Input:\n3\n4\n2,3\n1,2\n0,3"
            ],
            "test_mutations": [
                "Test Case Input:\n3\n4\n2,3\n1,2\n0,3"
            ],
            "initial_code": "public class Main{      \n    public static void main(String[] args){\n        Scanner sc = new Scanner(System.in);\n        int w = sc.nextInt();\n        int n = sc.nextInt();\n        int amidaArray[] = new int[n];\n        for(int i=0;i<n;i++){\n            amidaArray[i] = i;\n        }\n        for(int i=0;i<w;i++){\n            String str = sc.next();\n            String[] strs = str.split(\",\");\n            int a = Integer.parseInt(strs[0]);\n            int b = Integer.parseInt(strs[1]);\n            int temp = amidaArray[a];\n            amidaArray[a]=amidaArray[b];\n            amidaArray[b]=temp;\n        }\n        for(int i=0;i<n;i++){\n            System.out.println(amidaArray[i]);\n        }\n    }   \n}",
            "covered_code": "To predict the code coverage for the given Java program with the specified test case input, we will follow the execution plan step by step. The test case input provided is \"3\\n4\\n2,3\\n1,2\\n0,3\".\n\n### Plan for Step by Step Execution:\n\n1. **Import statements**: Although not shown in the snippet, if there were any import statements (e.g., `import java.util.Scanner;`), they would always be executed. \n   \n2. **Class Declaration**: The class declaration line `public class Main{` is always executed.\n\n3. **Main Method Declaration**: The declaration of the `public static void main(String[] args)` method is always executed.\n\n4. **User Input and Initialization**: The statements that initialize the scanner and read values for `w` and `n` are executed. Thus, the lines:\n   - `Scanner sc = new Scanner(System.in);`\n   - `int w = sc.nextInt();`\n   - `int n = sc.nextInt();`\n   \n   are covered.\n   \n5. **First for loop for Array Initialization**: Since `n` is provided by the input, the loop that initializes `amidaArray` will run `n` times, covering:\n   - `for(int i=0;i<n;i++){`\n   - `amidaArray[i] = i;`\n   \n6. **Second for loop for Swapping Elements**: Given `w` is 3 from the test case input, the loop for swapping elements based on the provided pairs will execute 3 times. This covers:\n   - The for loop declaration `for(int i=0;i<w;i++){`\n   - Reading the string and splitting it: `String str = sc.next();` and `String[] strs = str.split(\",\");`\n   - Parsing integers and swapping: `int a = Integer.parseInt(strs[0]);`, `int b = Integer.parseInt(strs[1]);`, and the swap logic.\n\n7. **Third for loop for Printing Array**: This loop prints the final state of `amidaArray`, covering the loop and print statement:\n   - `for(int i=0;i<n;i++){`\n   - `System.out.println(amidaArray[i]);`\n   \n8. **Scanner Close Statement**: Though not explicitly shown, ideally, there should be a `sc.close();` statement to close the scanner at the end of the program.\n\n### Code Coverage based on the Plan:\n\nGiven the test case and the program structure, all lines within the main method that are relevant to the execution flow according to the provided inputs will be executed. There is no condition or exception handling code that would not be reached based on the inputs provided.\n\n- No lines in this specific code snippet are left unexecuted based on the given test case input.\n- No runtime exceptions are expected with this input.\n\n### Final Code Coverage:\n\n```\n> public class Main{\n>     public static void main(String[] args){\n>         Scanner sc = new Scanner(System.in);\n>         int w = sc.nextInt();\n>         int n = sc.nextInt();\n>         int amidaArray[] = new int[n];\n>         for(int i=0;i<n;i++){\n>             amidaArray[i] = i;\n>         }\n>         for(int i=0;i<w;i++){\n>             String str = sc.next();\n>             String[] strs = str.split(\",\");\n>             int a = Integer.parseInt(strs[0]);\n>             int b = Integer.parseInt(strs[1]);\n>             int temp = amidaArray[a];\n>             amidaArray[a]=amidaArray[b];\n>             amidaArray[b]=temp;\n>         }\n>         for(int i=0;i<n;i++){\n>             System.out.println(amidaArray[i]);\n>         }\n>     }   \n> }\n```\n\nBased on the plan, every line in the provided code snippet is executed with the given test case input.",
            "test_seed_coverage": [
                ">",
                ">",
                ">",
                ">",
                ">",
                ">",
                ">",
                ">",
                ">",
                ">",
                ">",
                ">",
                ">",
                ">",
                ">",
                ">",
                ">",
                ">",
                ">",
                ">",
                ">",
                ">",
                ">"
            ],
            "cumulative_coverage": [
                ">",
                ">",
                ">",
                ">",
                ">",
                ">",
                ">",
                ">",
                ">",
                ">",
                ">",
                ">",
                ">",
                ">",
                ">",
                ">",
                ">",
                ">",
                ">",
                ">",
                ">",
                ">",
                ">"
            ],
            "execution_output": "2\n3\n1\n0",
            "cerberus_output": "",
            "execution_result": ""
        },
        {
            "test_case": [
                "Test Case Input:\n1\n2\n1,0"
            ],
            "test_mutations": [
                "Test Case Input:\n1\n2\n1,0"
            ],
            "initial_code": "public class Main{      \n    public static void main(String[] args){\n        Scanner sc = new Scanner(System.in);\n        int w = sc.nextInt();\n        int n = sc.nextInt();\n        int amidaArray[] = new int[n];\n        for(int i=0;i<n;i++){\n            amidaArray[i] = i;\n        }\n        for(int i=0;i<w;i++){\n            String str = sc.next();\n            String[] strs = str.split(\",\");\n            int a = Integer.parseInt(strs[0]);\n            int b = Integer.parseInt(strs[1]);\n            int temp = amidaArray[a];\n            amidaArray[a]=amidaArray[b];\n            amidaArray[b]=temp;\n        }\n        for(int i=0;i<n;i++){\n            System.out.println(amidaArray[i]);\n        }\n    }   \n}",
            "covered_code": "Given the test case input `1\\n2\\n1,0`, here's a step-by-step execution plan for the provided Java program and the predicted code coverage based on this plan.\n\n### Plan:\n\n1. **Import Scanner**: Always executed. Statement `import java.util.Scanner;` will be covered.\n2. **Class Declaration**: Always executed. Statement `public class Main{` is covered.\n3. **Main Method Declaration**: Always executed. Statement `public static void main(String[] args){` is covered.\n4. **User Input Initialization**: Always executed. Statements `Scanner sc = new Scanner(System.in);`, `int w = sc.nextInt();`, and `int n = sc.nextInt();` are covered.\n5. **Array Initialization**: Since `n` is 2, the array of size 2 will be initialized and filled. Statement `int amidaArray[] = new int[n];` and the loop `for(int i=0;i<n;i++){ amidaArray[i] = i; }` are covered.\n6. **First For Loop for Swapping**: Given `w` is 1, this loop will execute once. Statement `for(int i=0;i<w;i++){` and its contents are covered. This includes reading input `String str = sc.next();`, splitting it `String[] strs = str.split(\",\");`, parsing integers `int a = Integer.parseInt(strs[0]);` and `int b = Integer.parseInt(strs[1]);`, and swapping values in `amidaArray`.\n7. **Print Output**: The loop for printing the array `for(int i=0;i<n;i++){ System.out.println(amidaArray[i]); }` will be executed, printing the final values of `amidaArray`.\n\n### Code Coverage Prediction:\n\nGiven the steps and the test case, all parts of the code will be executed. Therefore, all lines of the program will be marked with `>` indicating they have been executed. There are no lines that will not be executed based on the given test case, so no lines will be marked with `!`. The exception handling or error part is not applicable here since there's no division by zero or similar runtime exception being explicitly handled or expected to occur from the given input.\n\n```\n> public class Main{\n>     public static void main(String[] args){\n>         Scanner sc = new Scanner(System.in);\n>         int w = sc.nextInt();\n>         int n = sc.nextInt();\n>         int amidaArray[] = new int[n];\n>         for(int i=0;i<n;i++){\n>             amidaArray[i] = i;\n>         }\n>         for(int i=0;i<w;i++){\n>             String str = sc.next();\n>             String[] strs = str.split(\",\");\n>             int a = Integer.parseInt(strs[0]);\n>             int b = Integer.parseInt(strs[1]);\n>             int temp = amidaArray[a];\n>             amidaArray[a]=amidaArray[b];\n>             amidaArray[b]=temp;\n>         }\n>         for(int i=0;i<n;i++){\n>             System.out.println(amidaArray[i]);\n>         }\n>     }\n> }\n```\n\n**Note:** The actual execution would depend on the runtime environment and the correct setup of the Java environment, including the import statement for `Scanner` which is assumed to be included but not explicitly listed in the snippet provided.",
            "test_seed_coverage": [
                ">",
                ">",
                ">",
                ">",
                ">",
                ">",
                ">",
                ">",
                ">",
                ">",
                ">",
                ">",
                ">",
                ">",
                ">",
                ">",
                ">",
                ">",
                ">",
                ">",
                ">",
                ">",
                ">"
            ],
            "cumulative_coverage": [
                ">",
                ">",
                ">",
                ">",
                ">",
                ">",
                ">",
                ">",
                ">",
                ">",
                ">",
                ">",
                ">",
                ">",
                ">",
                ">",
                ">",
                ">",
                ">",
                ">",
                ">",
                ">",
                ">"
            ],
            "execution_output": "1\n0",
            "cerberus_output": "",
            "execution_result": ""
        },
        {
            "test_case": [
                "Test Case Input:\n3\n4\n2,3\n0,1\n1,2"
            ],
            "test_mutations": [
                "Test Case Input:\n3\n4\n2,3\n0,1\n1,2"
            ],
            "initial_code": "public class Main{      \n    public static void main(String[] args){\n        Scanner sc = new Scanner(System.in);\n        int w = sc.nextInt();\n        int n = sc.nextInt();\n        int amidaArray[] = new int[n];\n        for(int i=0;i<n;i++){\n            amidaArray[i] = i;\n        }\n        for(int i=0;i<w;i++){\n            String str = sc.next();\n            String[] strs = str.split(\",\");\n            int a = Integer.parseInt(strs[0]);\n            int b = Integer.parseInt(strs[1]);\n            int temp = amidaArray[a];\n            amidaArray[a]=amidaArray[b];\n            amidaArray[b]=temp;\n        }\n        for(int i=0;i<n;i++){\n            System.out.println(amidaArray[i]);\n        }\n    }   \n}",
            "covered_code": "Given the task to predict the code coverage for the provided Java program with the specific test input and to follow a step-by-step plan, let's proceed accordingly:\n\nTest Case Input:\n3\n4\n2,3\n0,1\n1,2\n\n### Step-by-Step Execution Plan:\n\n1. **Scanner Class Usage**: Import statement for the Scanner class is assumed to be in place but not explicitly mentioned. It's always executed.\n   \n2. **Class Declaration**: The declaration of the public class `Main` is always executed.\n\n3. **Main Method Declaration**: The declaration of the `public static void main(String[] args)` method is always executed.\n\n4. **Reading Input**: The program reads the first two integers representing `w` and `n`. Both these lines are executed as they are part of setting up the program's state.\n\n5. **Array Initialization**: The array `amidaArray` of size `n` is initialized, and its elements are set in a loop from 0 to `n-1`. This loop is fully covered because `n` is greater than 0 based on the input.\n\n6. **First for-loop Execution**: This loop runs `w` times to read `w` lines of inputs and perform swaps in the `amidaArray` based on the inputs. Since `w` is 3, this loop is executed three times, and all statements within this loop are covered.\n\n7. **Splitting Strings and Parsing Integers**: Inside the loop, the program splits each input string by a comma and parses the integers. This is fully executed as part of the swapping logic.\n\n8. **Swapping Elements in the Array**: The actual swap operation within the array `amidaArray` based on the parsed integers is fully executed as part of the loop.\n\n9. **Second for-loop for Output**: This loop iterates over the `amidaArray` and prints each element. Since the array is of size `n` and `n` is greater than 0, this loop is fully executed.\n\n10. **Scanner Close**: The `sc.close()` method call to close the scanner is not explicitly shown in the snippet but is assumed to be there as a good practice. If present, it would be executed at the end.\n\n### Predicted Code Coverage:\n\n```\n> public class Main{\n>     public static void main(String[] args){\n>         Scanner sc = new Scanner(System.in);\n>         int w = sc.nextInt();\n>         int n = sc.nextInt();\n>         int amidaArray[] = new int[n];\n>         for(int i=0;i<n;i++){\n>             amidaArray[i] = i;\n>         }\n>         for(int i=0;i<w;i++){\n>             String str = sc.next();\n>             String[] strs = str.split(\",\");\n>             int a = Integer.parseInt(strs[0]);\n>             int b = Integer.parseInt(strs[1]);\n>             int temp = amidaArray[a];\n>             amidaArray[a] = amidaArray[b];\n>             amidaArray[b] = temp;\n>         }\n>         for(int i=0;i<n;i++){\n>             System.out.println(amidaArray[i]);\n>         }\n>     }\n> }\n```\n\n**Output**: The output will be the elements of the `amidaArray` after performing the swaps as specified in the input. There are no runtime exceptions expected from the provided test case input.\n\nAll parts of the given program are executed given the test case input, assuming there are no syntax errors or missing pieces (like class import statements) in the provided code snippet.",
            "test_seed_coverage": [
                ">",
                ">",
                ">",
                ">",
                ">",
                ">",
                ">",
                ">",
                ">",
                ">",
                ">",
                ">",
                ">",
                ">",
                ">",
                ">",
                ">",
                ">",
                ">",
                ">",
                ">",
                ">",
                ">"
            ],
            "cumulative_coverage": [
                ">",
                ">",
                ">",
                ">",
                ">",
                ">",
                ">",
                ">",
                ">",
                ">",
                ">",
                ">",
                ">",
                ">",
                ">",
                ">",
                ">",
                ">",
                ">",
                ">",
                ">",
                ">",
                ">"
            ],
            "execution_output": "1\n3\n0\n2",
            "cerberus_output": "",
            "execution_result": ""
        },
        {
            "test_case": [
                "Test Case Input:\na\n5\n0,1\n1,2\n2,3\n3,4\n4,0"
            ],
            "test_mutations": [
                "Test Case Input:\na\n5\n0,1\n1,2\n2,3\n3,4\n4,0"
            ],
            "initial_code": "public class Main{      \n    public static void main(String[] args){\n        Scanner sc = new Scanner(System.in);\n        int w = sc.nextInt();\n        int n = sc.nextInt();\n        int amidaArray[] = new int[n];\n        for(int i=0;i<n;i++){\n            amidaArray[i] = i;\n        }\n        for(int i=0;i<w;i++){\n            String str = sc.next();\n            String[] strs = str.split(\",\");\n            int a = Integer.parseInt(strs[0]);\n            int b = Integer.parseInt(strs[1]);\n            int temp = amidaArray[a];\n            amidaArray[a]=amidaArray[b];\n            amidaArray[b]=temp;\n        }\n        for(int i=0;i<n;i++){\n            System.out.println(amidaArray[i]);\n        }\n    }   \n}",
            "covered_code": "Given the test case input and the Java program provided, here's the plan for step by step execution and the predicted code coverage:\n\n### Plan for Step by Step Execution\n1. **Scanner Initialization**: The Scanner object `sc` is always initialized. The statement `Scanner sc = new Scanner(System.in);` will be covered.\n2. **Reading `w` and `n`**: The variables `w` and `n` are read from the input, so the statements `int w = sc.nextInt();` and `int n = sc.nextInt();` are covered.\n3. **Array Initialization**: The `amidaArray` is initialized and populated in a for loop. Since `n` is not zero, the loop runs and all statements within this loop are covered.\n4. **Swapping Elements in `amidaArray`**: Another for loop runs `w` times to swap elements in `amidaArray` based on input pairs. Given that `w` is not zero, all statements within this loop are covered.\n5. **Printing `amidaArray` Elements**: A final for loop prints all elements of `amidaArray`. Since `n` is greater than zero, all statements within this loop are covered.\n\n### Predicted Code Coverage\n- The Scanner initialization and reading `w` and `n` from the input are always executed.\n- The array initialization loop runs because `n` is given as 5, so all statements in this loop are executed.\n- The swapping elements loop runs `w` times (given as a, which would throw an input mismatch exception due to attempting to parse \"a\" as an integer).\n- The printing of `amidaArray` elements would be executed if the input for `w` was valid.\n\n### Output and Code Coverage Prediction\n```\n> public class Main{      \n>     public static void main(String[] args){\n>         Scanner sc = new Scanner(System.in);\n!         int w = sc.nextInt(); // This line will throw an InputMismatchException\n>         int n = sc.nextInt();\n>         int amidaArray[] = new int[n];\n>         for(int i=0;i<n;i++){\n>             amidaArray[i] = i;\n>         }\n!         for(int i=0;i<w;i++){ // This loop is not executed due to an exception before it\n!             String str = sc.next();\n!             String[] strs = str.split(\",\");\n!             int a = Integer.parseInt(strs[0]);\n!             int b = Integer.parseInt(strs[1]);\n!             int temp = amidaArray[a];\n!             amidaArray[a]=amidaArray[b];\n!             amidaArray[b]=temp;\n!         }\n!         for(int i=0;i<n;i++){ // This part is also not executed due to the exception\n!             System.out.println(amidaArray[i]);\n!         }\n>     }   \n> }\n```\n**OUTPUT**: \nError: `java.util.InputMismatchException`\n\n**Explanation**: The execution plan assumes normal execution flow, but the provided input \"a\" for variable `w` will cause an `InputMismatchException` when attempting to parse \"a\" as an integer, which halts execution before the swapping loop. Thus, the actual coverage will show that all lines after the exception are not executed.",
            "test_seed_coverage": [
                ">",
                ">",
                ">",
                ">",
                ">",
                ">",
                ">",
                ">",
                ">",
                ">",
                ">",
                ">",
                ">",
                ">",
                ">",
                ">",
                ">",
                ">",
                ">",
                ">",
                ">",
                ">",
                ">"
            ],
            "cumulative_coverage": [
                ">",
                ">",
                ">",
                ">",
                ">",
                ">",
                ">",
                ">",
                ">",
                ">",
                ">",
                ">",
                ">",
                ">",
                ">",
                ">",
                ">",
                ">",
                ">",
                ">",
                ">",
                ">",
                ">"
            ],
            "execution_error": "Exception in thread \"main\" java.util.InputMismatchException\n\tat java.base/java.util.Scanner.throwFor(Scanner.java:947)\n\tat java.base/java.util.Scanner.next(Scanner.java:1602)\n\tat java.base/java.util.Scanner.nextInt(Scanner.java:2267)\n\tat java.base/java.util.Scanner.nextInt(Scanner.java:2221)\n\tat Main.main(Main.java:7)",
            "cerberus_output": "InputMismatchException",
            "execution_result": "InputMismatchException"
        },
        {
            "test_case": [
                "Test Case Input:\n5\n4\n0,1\n1,2\n2,3\n3,4\n4,0"
            ],
            "test_mutations": [
                "Test Case Input:\n5\n4\n0,1\n1,2\n2,3\n3,4\n4,0"
            ],
            "initial_code": "public class Main{      \n    public static void main(String[] args){\n        Scanner sc = new Scanner(System.in);\n        int w = sc.nextInt();\n        int n = sc.nextInt();\n        int amidaArray[] = new int[n];\n        for(int i=0;i<n;i++){\n            amidaArray[i] = i;\n        }\n        for(int i=0;i<w;i++){\n            String str = sc.next();\n            String[] strs = str.split(\",\");\n            int a = Integer.parseInt(strs[0]);\n            int b = Integer.parseInt(strs[1]);\n            int temp = amidaArray[a];\n            amidaArray[a]=amidaArray[b];\n            amidaArray[b]=temp;\n        }\n        for(int i=0;i<n;i++){\n            System.out.println(amidaArray[i]);\n        }\n    }   \n}",
            "covered_code": "To predict the code coverage for the given Java program based on the provided test case input and following the outlined plan, let's proceed step by step.\n\n### Given Test Case Input:\n```\n5\n4\n0,1\n1,2\n2,3\n3,4\n4,0\n```\n\n### Plan for Step by Step Execution:\n1. **Import Statements**: \n   - Import statement for Scanner will be executed as it's needed to read inputs.\n   - Coverage: `> import java.util.Scanner;`\n\n2. **Class Declaration**: \n   - This is always executed as part of the program's structure.\n   - Coverage: `> public class Main{`\n\n3. **Main Method Declaration**: \n   - Always executed since it's the entry point of the program.\n   - Coverage: `> public static void main(String[] args){`\n\n4. **Reading Inputs**: \n   - Statements to read `w` and `n` will be executed.\n   - Coverage: \n     - `> int w = sc.nextInt();`\n     - `> int n = sc.nextInt();`\n\n5. **First For Loop for Initialization**: \n   - This loop initializes the `amidaArray` with indices. Since `n` is read from the input, this loop will execute `n` times.\n   - Coverage: `> for(int i=0;i<n;i++){`\n\n6. **Second For Loop for Swapping**: \n   - This loop reads and processes `w` pairs of integers to swap in the `amidaArray`. Given `w` is 5, this loop will execute 5 times reading the pairs and performing swaps.\n   - Coverage: `> for(int i=0;i<w;i++){`\n\n7. **Third For Loop for Output**:\n   - This loop prints the final state of `amidaArray`. It will execute `n` times to print all elements.\n   - Coverage: `> for(int i=0;i<n;i++){`\n\n### Predicted Code Coverage Based on the Plan:\n```\n> public class Main{\n>     public static void main(String[] args){\n>         Scanner sc = new Scanner(System.in);\n>         int w = sc.nextInt();\n>         int n = sc.nextInt();\n>         int amidaArray[] = new int[n];\n>         for(int i=0;i<n;i++){\n>             amidaArray[i] = i;\n>         }\n>         for(int i=0;i<w;i++){\n>             String str = sc.next();\n>             String[] strs = str.split(\",\");\n>             int a = Integer.parseInt(strs[0]);\n>             int b = Integer.parseInt(strs[1]);\n>             int temp = amidaArray[a];\n>             amidaArray[a]=amidaArray[b];\n>             amidaArray[b]=temp;\n>         }\n>         for(int i=0;i<n;i++){\n>             System.out.println(amidaArray[i]);\n>         }\n>     }   \n> }\n```\n\nAll lines of code in the given program are executed based on the input, resulting in 100% code coverage for this specific test case. There are no conditional branches or exceptional flows in the provided code snippet and test case, ensuring that every statement is covered during execution.",
            "test_seed_coverage": [
                ">",
                ">",
                ">",
                ">",
                ">",
                ">",
                ">",
                ">",
                ">",
                ">",
                ">",
                ">",
                ">",
                ">",
                ">",
                ">",
                ">",
                ">",
                ">",
                ">",
                ">",
                ">",
                ">"
            ],
            "cumulative_coverage": [
                ">",
                ">",
                ">",
                ">",
                ">",
                ">",
                ">",
                ">",
                ">",
                ">",
                ">",
                ">",
                ">",
                ">",
                ">",
                ">",
                ">",
                ">",
                ">",
                ">",
                ">",
                ">",
                ">"
            ],
            "execution_error": "Exception in thread \"main\" java.lang.ArrayIndexOutOfBoundsException: Index 4 out of bounds for length 4\n\tat Main.main(Main.java:19)",
            "cerberus_output": "",
            "execution_result": "ArrayIndexOutOfBoundsException"
        },
        {
            "test_case": [
                "Test Case Input:\n-5\n3\n3,1\n2,0\n1,2"
            ],
            "test_mutations": [
                "Test Case Input:\n-5\n3\n3,1\n2,0\n1,2"
            ],
            "initial_code": "public class Main{      \n    public static void main(String[] args){\n        Scanner sc = new Scanner(System.in);\n        int w = sc.nextInt();\n        int n = sc.nextInt();\n        int amidaArray[] = new int[n];\n        for(int i=0;i<n;i++){\n            amidaArray[i] = i;\n        }\n        for(int i=0;i<w;i++){\n            String str = sc.next();\n            String[] strs = str.split(\",\");\n            int a = Integer.parseInt(strs[0]);\n            int b = Integer.parseInt(strs[1]);\n            int temp = amidaArray[a];\n            amidaArray[a]=amidaArray[b];\n            amidaArray[b]=temp;\n        }\n        for(int i=0;i<n;i++){\n            System.out.println(amidaArray[i]);\n        }\n    }   \n}",
            "covered_code": "To predict the code coverage for the provided Java program based on the given test inputs, follow the outlined plan step by step. The test case input is `-5 3 3,1 2,0 1,2`.\n\n### Plan for Step by Step Execution\n\n1. **Scanner and Variable Initialization**: Statements initializing the scanner and reading inputs will be executed. These include creating the `Scanner` object, reading `w`, and reading `n`, and initializing the `amidaArray[]`.\n2. **First For Loop to Initialize amidaArray**: This loop initializes `amidaArray` with values from `0` to `n-1`. Given `n=3`, this loop will fully execute, initializing `amidaArray` with `{0, 1, 2}`.\n3. **Second For Loop for Swapping Elements**: This loop processes the swapping operations based on the `w` inputs. Given `w=-5`, this loop will not execute because the condition `i<w` will never be true for `i` starting from `0`. Thus, none of the statements in this loop will be executed.\n4. **Third For Loop to Print amidaArray**: This loop prints the elements of `amidaArray`. Given that the array has been initialized but not modified (due to `w` being negative), this loop will print the initial values `{0, 1, 2}`.\n\n### Predicted Code Coverage\n\nBased on the test case and the plan:\n\n```\n> public class Main{      \n>     public static void main(String[] args){\n>         Scanner sc = new Scanner(System.in);\n>         int w = sc.nextInt();\n>         int n = sc.nextInt();\n>         int amidaArray[] = new int[n];\n>         for(int i=0;i<n;i++){\n>             amidaArray[i] = i;\n>         }\n!         for(int i=0;i<w;i++){\n!             String str = sc.next();\n!             String[] strs = str.split(\",\");\n!             int a = Integer.parseInt(strs[0]);\n!             int b = Integer.parseInt(strs[1]);\n!             int temp = amidaArray[a];\n!             amidaArray[a]=amidaArray[b];\n!             amidaArray[b]=temp;\n>         }\n>         for(int i=0;i<n;i++){\n>             System.out.println(amidaArray[i]);\n>         }\n>     }   \n> }\n```\n\n**Output:**\n```\n0\n1\n2\n```\n\nSince `w` is negative, the second for loop, intended for swapping elements based on input pairs, is never executed. All other parts of the program are executed, including variable initialization, array initialization, and the final print output loop.",
            "test_seed_coverage": [
                ">",
                ">",
                ">",
                ">",
                ">",
                ">",
                ">",
                ">",
                ">",
                ">",
                ">",
                ">",
                ">",
                ">",
                ">",
                ">",
                ">",
                ">",
                ">",
                ">",
                ">",
                ">",
                ">"
            ],
            "cumulative_coverage": [
                ">",
                ">",
                ">",
                ">",
                ">",
                ">",
                ">",
                ">",
                ">",
                ">",
                ">",
                ">",
                ">",
                ">",
                ">",
                ">",
                ">",
                ">",
                ">",
                ">",
                ">",
                ">",
                ">"
            ],
            "execution_output": "0\n1\n2",
            "cerberus_output": "",
            "execution_result": ""
        },
        {
            "test_case": [
                "Test Case Input:\n5\n4\n1,2\n3,0\n2,3\n0,1\n1,3"
            ],
            "test_mutations": [
                "Test Case Input:\n5\n4\n1,2\n3,0\n2,3\n0,1\n1,3"
            ],
            "initial_code": "public class Main{      \n    public static void main(String[] args){\n        Scanner sc = new Scanner(System.in);\n        int w = sc.nextInt();\n        int n = sc.nextInt();\n        int amidaArray[] = new int[n];\n        for(int i=0;i<n;i++){\n            amidaArray[i] = i;\n        }\n        for(int i=0;i<w;i++){\n            String str = sc.next();\n            String[] strs = str.split(\",\");\n            int a = Integer.parseInt(strs[0]);\n            int b = Integer.parseInt(strs[1]);\n            int temp = amidaArray[a];\n            amidaArray[a]=amidaArray[b];\n            amidaArray[b]=temp;\n        }\n        for(int i=0;i<n;i++){\n            System.out.println(amidaArray[i]);\n        }\n    }   \n}",
            "covered_code": "### Plan for step by step execution of the given Java program and test case:\n\n1. **Importing Scanner**: This is implicit in the context but necessary for the program to function as it uses `Scanner` for input. Statement involving the creation of a `Scanner` object will be covered.\n\n2. **Main Class and Main Method Declaration**: Always executed as the program starts running from the `main` method. Statements defining the class `Main` and the `public static void main(String[] args)` declaration are covered.\n\n3. **Variable Initialization**: The statements to read `w` and `n` from the input will be executed as they are essential for the program setup. Thus, `int w = sc.nextInt();` and `int n = sc.nextInt();` are covered.\n\n4. **Array Initialization**: The loop to initialize the `amidaArray` with values from `0` to `n-1` will be executed fully as it is part of the program setup. Statement inside the loop `amidaArray[i] = i;` will be covered for each iteration.\n\n5. **Swapping Logic Execution**: The loop that reads the swap operations (defined by `w`) and executes them will be fully covered as the input provides `w` swap operations. Statements within this loop including `String str = sc.next();`, `String[] strs = str.split(\",\");`, `int a = Integer.parseInt(strs[0]);`, `int b = Integer.parseInt(strs[1]);`, and the swap logic are covered.\n\n6. **Output Generation**: The final loop that outputs the contents of `amidaArray` will be executed fully, as it's necessary to display the final state of the array. Each `System.out.println(amidaArray[i]);` within this loop is covered.\n\n7. **Closing Resources**: If present, any statement to close the `Scanner` object would be executed, but it's not explicitly mentioned in the code snippet. Assuming best practices, it should be there, but based on this snippet, it's not covered.\n\n### Predicted Code Coverage:\n\n```java\n> public class Main{\n>     public static void main(String[] args){\n>         Scanner sc = new Scanner(System.in);\n>         int w = sc.nextInt();\n>         int n = sc.nextInt();\n>         int amidaArray[] = new int[n];\n>         for(int i=0;i<n;i++){\n>             amidaArray[i] = i;\n>         }\n>         for(int i=0;i<w;i++){\n>             String str = sc.next();\n>             String[] strs = str.split(\",\");\n>             int a = Integer.parseInt(strs[0]);\n>             int b = Integer.parseInt(strs[1]);\n>             int temp = amidaArray[a];\n>             amidaArray[a]=amidaArray[b];\n>             amidaArray[b]=temp;\n>         }\n>         for(int i=0;i<n;i++){\n>             System.out.println(amidaArray[i]);\n>         }\n>     }   \n> }\n```\n\n**OUTPUT**:\nThe output will be the state of `amidaArray` after all swap operations, printed line by line. There's no specific exception or error expected from the given input and program logic, assuming the inputs are within the valid range and adhere to the program's expectations.",
            "test_seed_coverage": [
                ">",
                ">",
                ">",
                ">",
                ">",
                ">",
                ">",
                ">",
                ">",
                ">",
                ">",
                ">",
                ">",
                ">",
                ">",
                ">",
                ">",
                ">",
                ">",
                ">",
                ">",
                ">",
                ">"
            ],
            "cumulative_coverage": [
                ">",
                ">",
                ">",
                ">",
                ">",
                ">",
                ">",
                ">",
                ">",
                ">",
                ">",
                ">",
                ">",
                ">",
                ">",
                ">",
                ">",
                ">",
                ">",
                ">",
                ">",
                ">",
                ">"
            ],
            "execution_output": "2\n1\n0\n3",
            "cerberus_output": "",
            "execution_result": ""
        },
        {
            "test_case": [
                "Test Case Input:\n3\n5\n0,1\n2,3\n4,0"
            ],
            "test_mutations": [
                "Test Case Input:\n3\n5\n0,1\n2,3\n4,0"
            ],
            "initial_code": "public class Main{      \n    public static void main(String[] args){\n        Scanner sc = new Scanner(System.in);\n        int w = sc.nextInt();\n        int n = sc.nextInt();\n        int amidaArray[] = new int[n];\n        for(int i=0;i<n;i++){\n            amidaArray[i] = i;\n        }\n        for(int i=0;i<w;i++){\n            String str = sc.next();\n            String[] strs = str.split(\",\");\n            int a = Integer.parseInt(strs[0]);\n            int b = Integer.parseInt(strs[1]);\n            int temp = amidaArray[a];\n            amidaArray[a]=amidaArray[b];\n            amidaArray[b]=temp;\n        }\n        for(int i=0;i<n;i++){\n            System.out.println(amidaArray[i]);\n        }\n    }   \n}",
            "covered_code": "Given the test case input `3 5 0,1 2,3 4,0`, let's create a plan for step by step execution of the provided Java program and predict the code coverage accordingly.\n\n1. **Program starts and imports are executed**: Import statement for Scanner class is implicitly assumed and covered.\n2. **Class Declaration**: Always executed. Statement `public class Main{` is covered.\n3. **Main method declaration**: Always executed. Statement `public static void main(String[] args){` is covered.\n4. **User Input**: Always executed. Statements `Scanner sc = new Scanner(System.in);`, `int w = sc.nextInt();`, and `int n = sc.nextInt();` are covered.\n5. **Array Initialization**: The first for loop initializes the `amidaArray` based on `n`. Since `n` is 5, this loop runs 5 times. Statement `for(int i=0;i<n;i++){` and `amidaArray[i] = i;` are covered.\n6. **Swapping in the Array**: The second for loop performs swaps based on `w` times with inputs. Since `w` is 3, this for loop runs 3 times with inputs `0,1`, `2,3`, and `4,0`. Statement `for(int i=0;i<w;i++){` is covered. The processing of inputs (`String str = sc.next();` and subsequent statements within this loop) is also covered.\n7. **Output Loop**: The final for loop prints elements of `amidaArray`. Since `n` is 5, this loop runs 5 times. Statement `for(int i=0;i<n;i++){` and `System.out.println(amidaArray[i]);` are covered.\n8. **End of Program**: All statements within the main method are executed before the program ends. The closing brackets are considered covered.\n9. **Scanner Close**: Although not explicitly mentioned, good practice involves closing the scanner which would be covered if implemented.\n\nGiven the flow and the test case input, all parts of the program have a chance to execute according to the input provided. Therefore, the predicted code coverage based on the execution plan is as follows:\n\n```\n> public class Main{\n>     public static void main(String[] args){\n>         Scanner sc = new Scanner(System.in);\n>         int w = sc.nextInt();\n>         int n = sc.nextInt();\n>         int amidaArray[] = new int[n];\n>         for(int i=0;i<n;i++){\n>             amidaArray[i] = i;\n>         }\n>         for(int i=0;i<w;i++){\n>             String str = sc.next();\n>             String[] strs = str.split(\",\");\n>             int a = Integer.parseInt(strs[0]);\n>             int b = Integer.parseInt(strs[1]);\n>             int temp = amidaArray[a];\n>             amidaArray[a]=amidaArray[b];\n>             amidaArray[b]=temp;\n>         }\n>         for(int i=0;i<n;i++){\n>             System.out.println(amidaArray[i]);\n>         }\n>     }   \n> }\n```\n\n**OUTPUT**:\nThe output will be the final state of the `amidaArray` after all the specified swaps have been performed. There are no exceptions or errors expected given the proper input format is followed as per the test case input provided.",
            "test_seed_coverage": [
                ">",
                ">",
                ">",
                ">",
                ">",
                ">",
                ">",
                ">",
                ">",
                ">",
                ">",
                ">",
                ">",
                ">",
                ">",
                ">",
                ">",
                ">",
                ">",
                ">",
                ">",
                ">",
                ">"
            ],
            "cumulative_coverage": [
                ">",
                ">",
                ">",
                ">",
                ">",
                ">",
                ">",
                ">",
                ">",
                ">",
                ">",
                ">",
                ">",
                ">",
                ">",
                ">",
                ">",
                ">",
                ">",
                ">",
                ">",
                ">",
                ">"
            ],
            "execution_output": "4\n0\n3\n2\n1",
            "cerberus_output": "",
            "execution_result": ""
        },
        {
            "test_case": [
                "Test Case Input:\n0\n3\n0,2\n1,2\n2,0"
            ],
            "test_mutations": [
                "Test Case Input:\n0\n3\n0,2\n1,2\n2,0"
            ],
            "initial_code": "public class Main{      \n    public static void main(String[] args){\n        Scanner sc = new Scanner(System.in);\n        int w = sc.nextInt();\n        int n = sc.nextInt();\n        int amidaArray[] = new int[n];\n        for(int i=0;i<n;i++){\n            amidaArray[i] = i;\n        }\n        for(int i=0;i<w;i++){\n            String str = sc.next();\n            String[] strs = str.split(\",\");\n            int a = Integer.parseInt(strs[0]);\n            int b = Integer.parseInt(strs[1]);\n            int temp = amidaArray[a];\n            amidaArray[a]=amidaArray[b];\n            amidaArray[b]=temp;\n        }\n        for(int i=0;i<n;i++){\n            System.out.println(amidaArray[i]);\n        }\n    }   \n}",
            "covered_code": "Given the test case input '0\\n3\\n0,2\\n1,2\\n2,0', let's develop a plan for step by step execution of the Java program, and then predict the code coverage.\n\nPLAN:\n\n1. **Import Scanner**: Since there is an implicit requirement for user input, the import statement for `java.util.Scanner` is always executed.\n\n2. **Main Class Declaration**: The declaration of the `public class Main` is always executed as it's the entry point of the program.\n\n3. **Main method Declaration**: The declaration of the `public static void main(String[] args)` is always executed as it's the starting point of execution.\n\n4. **User Input**: Statements related to getting inputs via `Scanner` are executed. These include initializing the `Scanner` object, and reading values for `w` and `n`.\n\n5. **Array Initialization**: The for loop that initializes the `amidaArray` with values `0` to `n-1` is always fully executed because it relies on the input `n` which is provided.\n\n6. **Swapping Logic**: The for loop that reads each swap command (`w` times) and performs the swapping in the array based on the input is executed as per the value of `w`.\n\n7. **Output Generation**: The final for loop that prints the values of `amidaArray` is always fully executed as it iterates over the length of the array `n`.\n\nNow, let's predict the code coverage based on the given test case input:\n\n```java\n> import java.util.Scanner; // Implicit\n\n> public class Main{      \n>     public static void main(String[] args){\n>         Scanner sc = new Scanner(System.in);\n>         int w = sc.nextInt(); // Test input: 0\n>         int n = sc.nextInt(); // Test input: 3\n>         int amidaArray[] = new int[n];\n>         for(int i=0;i<n;i++){\n>             amidaArray[i] = i; // Initializes array {0, 1, 2}\n>         }\n>         for(int i=0;i<w;i++){ // w is 0, so this loop is skipped\n!             String str = sc.next();\n!             String[] strs = str.split(\",\");\n!             int a = Integer.parseInt(strs[0]);\n!             int b = Integer.parseInt(strs[1]);\n!             int temp = amidaArray[a];\n!             amidaArray[a]=amidaArray[b];\n!             amidaArray[b]=temp;\n        }\n>         for(int i=0;i<n;i++){ // Outputs the initialized values of amidaArray\n>             System.out.println(amidaArray[i]);\n>         }\n>     }   \n> }\n```\n\n**OUTPUT**:\nSince `w` is `0`, the swapping logic is not executed at all (`w` determines the number of times the swapping logic runs). The array `amidaArray` is initialized with values `{0, 1, 2}` and these values are printed as is because the swapping logic is skipped due to `w` being `0`.\n\n**Code Coverage Analysis**:\n- All lines are covered except those inside the second for loop that performs swapping, as `w` is `0` and thus, this loop does not execute.\n- The import statement for the `Scanner` class, class declaration, main method declaration, all initialization steps, and the final output generation loop are fully covered.",
            "test_seed_coverage": [
                ">",
                ">",
                ">",
                ">",
                ">",
                ">",
                ">",
                ">",
                ">",
                ">",
                ">",
                ">",
                ">",
                ">",
                ">",
                ">",
                ">",
                ">",
                ">",
                ">",
                ">",
                ">",
                ">"
            ],
            "cumulative_coverage": [
                ">",
                ">",
                ">",
                ">",
                ">",
                ">",
                ">",
                ">",
                ">",
                ">",
                ">",
                ">",
                ">",
                ">",
                ">",
                ">",
                ">",
                ">",
                ">",
                ">",
                ">",
                ">",
                ">"
            ],
            "execution_output": "0\n1\n2",
            "cerberus_output": "",
            "execution_result": ""
        },
        {
            "test_case": [
                "Test Case Input:\n-5\n10\n1,2\n3,4\n5,6\n7,8\n9,10"
            ],
            "test_mutations": [
                "Test Case Input:\n-5\n10\n1,2\n3,4\n5,6\n7,8\n9,10"
            ],
            "initial_code": "public class Main{      \n    public static void main(String[] args){\n        Scanner sc = new Scanner(System.in);\n        int w = sc.nextInt();\n        int n = sc.nextInt();\n        int amidaArray[] = new int[n];\n        for(int i=0;i<n;i++){\n            amidaArray[i] = i;\n        }\n        for(int i=0;i<w;i++){\n            String str = sc.next();\n            String[] strs = str.split(\",\");\n            int a = Integer.parseInt(strs[0]);\n            int b = Integer.parseInt(strs[1]);\n            int temp = amidaArray[a];\n            amidaArray[a]=amidaArray[b];\n            amidaArray[b]=temp;\n        }\n        for(int i=0;i<n;i++){\n            System.out.println(amidaArray[i]);\n        }\n    }   \n}",
            "covered_code": "Plan for step by step execution of the given Java program and test case:\n\n1. Import statements: Statement \"import java.util.Scanner;\" will be covered as it's required for the Scanner class to read inputs.\n2. Main Class Declaration: always executed. Statement \"public class Main{\" is covered.\n3. Main method declaration: always executed. Statement \"public static void main(String[] args){\" is covered.\n4. User Input for w and n: always executed. Statements \"int w = sc.nextInt();\" and \"int n = sc.nextInt();\" are covered.\n5. First for loop Execution: Since n is given, the for loop condition (i < n) is true, and the loop block will be executed to initialize the amidaArray. Statement \"for(int i=0;i<n;i++){\" will be covered.\n6. First for loop contents: The statement \"amidaArray[i] = i;\" within the first for loop will be executed for all iterations, initializing the array with indices.\n7. Second for loop Execution: w dictates the number of times the swapping based on input strings occurs. The loop \"for(int i=0;i<w;i++){\" will be covered.\n8. Second for loop contents: The statements within the second for loop to read the string, split it, parse integers, and swap the elements in amidaArray based on parsed values will be executed. These include \"String str = sc.next();\", \"String[] strs = str.split(\",\");\", \"int a = Integer.parseInt(strs[0]);\", \"int b = Integer.parseInt(strs[1]);\", \"int temp = amidaArray[a];\", \"amidaArray[a]=amidaArray[b];\", and \"amidaArray[b]=temp;\".\n9. Third for loop Execution: The loop \"for(int i=0;i<n;i++){\" for printing the elements of amidaArray will be executed.\n10. Third for loop contents: The statement \"System.out.println(amidaArray[i]);\" will be executed for all iterations, printing the final state of the array.\n11. Closing Brackets: always covered.\n\nBased on the above execution plan, the code coverage for the given test case and Java program is:\n\n```\n> public class Main{\n>     public static void main(String[] args){\n>         Scanner sc = new Scanner(System.in);\n>         int w = sc.nextInt();\n>         int n = sc.nextInt();\n>         int amidaArray[] = new int[n];\n>         for(int i=0;i<n;i++){\n>             amidaArray[i] = i;\n>         }\n>         for(int i=0;i<w;i++){\n>             String str = sc.next();\n>             String[] strs = str.split(\",\");\n>             int a = Integer.parseInt(strs[0]);\n>             int b = Integer.parseInt(strs[1]);\n>             int temp = amidaArray[a];\n>             amidaArray[a]=amidaArray[b];\n>             amidaArray[b]=temp;\n>         }\n>         for(int i=0;i<n;i++){\n>             System.out.println(amidaArray[i]);\n>         }\n>     }   \n> }\n```\n\nAll statements in the code are executed according to the test case input. There are no statements that are not executed, considering the program does not raise any exceptions based on the provided input.",
            "test_seed_coverage": [
                ">",
                ">",
                ">",
                ">",
                ">",
                ">",
                ">",
                ">",
                ">",
                ">",
                ">",
                ">",
                ">",
                ">",
                ">",
                ">",
                ">",
                ">",
                ">",
                ">",
                ">",
                ">",
                ">"
            ],
            "cumulative_coverage": [
                ">",
                ">",
                ">",
                ">",
                ">",
                ">",
                ">",
                ">",
                ">",
                ">",
                ">",
                ">",
                ">",
                ">",
                ">",
                ">",
                ">",
                ">",
                ">",
                ">",
                ">",
                ">",
                ">"
            ],
            "execution_output": "0\n1\n2\n3\n4\n5\n6\n7\n8\n9",
            "cerberus_output": "",
            "execution_result": ""
        },
        {
            "test_case": [
                "Test Case Input:\n5\n-3"
            ],
            "test_mutations": [
                "Test Case Input:\n5\n-3"
            ],
            "initial_code": "public class Main{      \n    public static void main(String[] args){\n        Scanner sc = new Scanner(System.in);\n        int w = sc.nextInt();\n        int n = sc.nextInt();\n        int amidaArray[] = new int[n];\n        for(int i=0;i<n;i++){\n            amidaArray[i] = i;\n        }\n        for(int i=0;i<w;i++){\n            String str = sc.next();\n            String[] strs = str.split(\",\");\n            int a = Integer.parseInt(strs[0]);\n            int b = Integer.parseInt(strs[1]);\n            int temp = amidaArray[a];\n            amidaArray[a]=amidaArray[b];\n            amidaArray[b]=temp;\n        }\n        for(int i=0;i<n;i++){\n            System.out.println(amidaArray[i]);\n        }\n    }   \n}",
            "covered_code": "Given the test case input `5\\n-3`, let's develop a plan for step by step execution of the provided Java program and predict the code coverage.\n\n1. **Import Statement Execution**:\n   - Import statements, if any (particularly for `Scanner`), are always executed. This step is not explicitly mentioned but is understood to be covered when `Scanner` is used.\n\n2. **Class Declaration**:\n   - The statement `public class Main{` is always executed, indicating the beginning of the class declaration.\n\n3. **Main Method Declaration**:\n   - The statement `public static void main(String[] args){` is always executed as it is the entry point of the Java program.\n\n4. **User Input Initialization**:\n   - The statements initializing the `Scanner` and reading input `w` and `n` are always executed. Given the input, `w` will be `5` and `n` will be `-3`.\n     - `Scanner sc = new Scanner(System.in);`\n     - `int w = sc.nextInt();`\n     - `int n = sc.nextInt();`\n\n5. **Amida Array Initialization**:\n   - The attempt to initialize the `amidaArray[]` with size `n` will raise a `NegativeArraySizeException` because `n` is `-3`.\n     - The statement `int amidaArray[] = new int[n];` will not be successfully executed due to the negative array size.\n     - Consequently, any statements following this line within the `main` method will not be executed due to the runtime exception.\n\n6. **First For Loop**:\n   - The first `for` loop intended to initialize the `amidaArray` will not be executed due to the exception raised during the array's initialization.\n\n7. **Second For Loop**:\n   - The second `for` loop intended for swapping elements based on input strings will not be executed as the program will terminate before reaching this point.\n\n8. **Final For Loop**:\n   - The final `for` loop intended for printing the array elements will not be executed as the program will terminate before reaching this part.\n\n9. **Exception Handling**:\n   - The program will raise a `NegativeArraySizeException` at runtime due to attempting to create an array with a negative size.\n\nBased on the provided plan and the test case input, the code coverage is as follows:\n\n```java\n> public class Main{\n>     public static void main(String[] args){\n>         Scanner sc = new Scanner(System.in);\n>         int w = sc.nextInt();\n>         int n = sc.nextInt();\n!         int amidaArray[] = new int[n];\n!         for(int i=0;i<n;i++){\n!             amidaArray[i] = i;\n!         }\n!         for(int i=0;i<w;i++){\n!             String str = sc.next();\n!             String[] strs = str.split(\",\");\n!             int a = Integer.parseInt(strs[0]);\n!             int b = Integer.parseInt(strs[1]);\n!             int temp = amidaArray[a];\n!             amidaArray[a]=amidaArray[b];\n!             amidaArray[b]=temp;\n!         }\n!         for(int i=0;i<n;i++){\n!             System.out.println(amidaArray[i]);\n!         }\n>     }   \n> }\n```\n\n**OUTPUT:**\nError: `NegativeArraySizeException`",
            "test_seed_coverage": [
                ">",
                ">",
                ">",
                ">",
                ">",
                ">",
                ">",
                ">",
                ">",
                ">",
                ">",
                ">",
                ">",
                ">",
                ">",
                ">",
                ">",
                ">",
                ">",
                ">",
                ">",
                ">",
                ">"
            ],
            "cumulative_coverage": [
                ">",
                ">",
                ">",
                ">",
                ">",
                ">",
                ">",
                ">",
                ">",
                ">",
                ">",
                ">",
                ">",
                ">",
                ">",
                ">",
                ">",
                ">",
                ">",
                ">",
                ">",
                ">",
                ">"
            ],
            "execution_error": "Exception in thread \"main\" java.lang.NegativeArraySizeException: -3\n\tat Main.main(Main.java:9)",
            "cerberus_output": "NegativeArraySizeException",
            "execution_result": "NegativeArraySizeException"
        },
        {
            "test_case": [
                "Test Case Input:\n\"10\" (InputMismatchException)\n\"5\" (NumberFormatException)\n\"3,7\" (ArrayIndexOutOfBoundsException)\n\"2,4\" (ArithmeticException)"
            ],
            "test_mutations": [
                "Test Case Input:\n\"10\" (InputMismatchException)\n\"5\" (NumberFormatException)\n\"3,7\" (ArrayIndexOutOfBoundsException)\n\"2,4\" (ArithmeticException)"
            ],
            "initial_code": "public class Main{      \n    public static void main(String[] args){\n        Scanner sc = new Scanner(System.in);\n        int w = sc.nextInt();\n        int n = sc.nextInt();\n        int amidaArray[] = new int[n];\n        for(int i=0;i<n;i++){\n            amidaArray[i] = i;\n        }\n        for(int i=0;i<w;i++){\n            String str = sc.next();\n            String[] strs = str.split(\",\");\n            int a = Integer.parseInt(strs[0]);\n            int b = Integer.parseInt(strs[1]);\n            int temp = amidaArray[a];\n            amidaArray[a]=amidaArray[b];\n            amidaArray[b]=temp;\n        }\n        for(int i=0;i<n;i++){\n            System.out.println(amidaArray[i]);\n        }\n    }   \n}",
            "covered_code": "Given the test case inputs and the Java program, let's develop a plan of step by step execution and predict the code coverage. The provided test case inputs seem designed to trigger various exceptions at different points in the program, affecting coverage. \n\n1. **Main Class Declaration**: Always executed. Statement `public class Main{` is covered.\n   \n2. **Main Method Declaration**: Always executed. Statement `public static void main(String[] args){` is covered.\n\n3. **Scanner Instantiation**: Always executed. Statement `Scanner sc = new Scanner(System.in);` is covered.\n\n4. **First User Input (w)**: Since the test case inputs seem to be designed to trigger exceptions right from the beginning, let's examine them one by one:\n   - \"10\" (InputMismatchException): This input should not cause an `InputMismatchException` as it is a valid integer. However, this seems to be a misunderstanding in the test case description. Assuming it's a valid input, `int w = sc.nextInt();` is covered.\n   \n5. **Second User Input (n)**: Similarly, \"5\" (NumberFormatException): This input is also expected not to cause a `NumberFormatException` when read through `nextInt()`. Assuming a valid input again, `int n = sc.nextInt();` is covered.\n\n6. **Array Initialization**: Always executed as part of the setup for the loop. `int amidaArray[] = new int[n];` and the following loop `for(int i=0;i<n;i++){ amidaArray[i] = i; }` are covered.\n\n7. **For Loop for Reading and Processing Inputs (w times)**:\n   - \"3,7\" (ArrayIndexOutOfBoundsException): The first valid split and integer parsing operation happens here. Assuming \"3,7\" is the first input after `w` and `n`, the code to split the string and parse integers `int a = Integer.parseInt(strs[0]); int b = Integer.parseInt(strs[1]);` is covered. However, if `a` or `b` are out of bounds for `amidaArray`, an `ArrayIndexOutOfBoundsException` might be triggered during `amidaArray[a]` or `amidaArray[b]` access. If this exception happens immediately, subsequent operations inside this loop are not covered.\n   \n   - \"2,4\" (ArithmeticException): There seems to be a misunderstanding, as performing swaps based on inputs \"2,4\" should not directly cause an `ArithmeticException`. ArithmeticException could occur in scenarios involving arithmetic operations like division by zero, which is not present in this loop. Assuming this input does not cause an exception directly related to this code, the swapping logic `int temp = amidaArray[a]; amidaArray[a]=amidaArray[b]; amidaArray[b]=temp;` is covered for at least one iteration if no exception is thrown beforehand.\n\n8. **Final Loop for Output**: If an exception is thrown during the processing inputs loop, this final loop for output `for(int i=0;i<n;i++){ System.out.println(amidaArray[i]); }` might not be executed, depending on when the exception occurs. If the first input in the processing loop does not cause an exception, this part is covered.\n\n9. **Closing Braces and Scanner Close**: Always covered if there's no abrupt termination due to an uncaught exception. `}` is covered, but `sc.close();` is not explicitly mentioned and would be covered if the program execution reaches the end without interruption.\n\n**Code Coverage Prediction** based on the provided plan and understanding of test case inputs:\n\n> public class Main{\n>    public static void main(String[] args){\n>        Scanner sc = new Scanner(System.in);\n>        int w = sc.nextInt();\n>        int n = sc.nextInt();\n>        int amidaArray[] = new int[n];\n>        for(int i=0;i<n;i++){\n>            amidaArray[i] = i;\n>        }\n>        for(int i=0;i<w;i++){\n>            String str = sc.next();\n>            String[] strs = str.split(\",\");\n>            int a = Integer.parseInt(strs[0]);\n>            int b = Integer.parseInt(strs[1]);\n>            int temp = amidaArray[a];\n>            amidaArray[a]=amidaArray[b];\n>            amidaArray[b]=temp;\n>        }\n>        for(int i=0;i<n;i++){\n>            System.out.println(amidaArray[i]);\n>        }\n>    }   \n> }\n\nGiven the potential for misunderstanding in the description of test case inputs and their intended exceptions, the above coverage assumes no premature termination due to unhandled exceptions until explicitly mentioned in the test case inputs.",
            "test_seed_coverage": [
                ">",
                ">",
                ">",
                ">",
                ">",
                ">",
                ">",
                ">",
                ">",
                ">",
                ">",
                ">",
                ">",
                ">",
                ">",
                ">",
                ">",
                ">",
                ">",
                ">",
                ">",
                ">",
                ">"
            ],
            "cumulative_coverage": [
                ">",
                ">",
                ">",
                ">",
                ">",
                ">",
                ">",
                ">",
                ">",
                ">",
                ">",
                ">",
                ">",
                ">",
                ">",
                ">",
                ">",
                ">",
                ">",
                ">",
                ">",
                ">",
                ">"
            ],
            "execution_error": "Exception in thread \"main\" java.util.InputMismatchException\n\tat java.base/java.util.Scanner.throwFor(Scanner.java:947)\n\tat java.base/java.util.Scanner.next(Scanner.java:1602)\n\tat java.base/java.util.Scanner.nextInt(Scanner.java:2267)\n\tat java.base/java.util.Scanner.nextInt(Scanner.java:2221)\n\tat Main.main(Main.java:7)",
            "cerberus_output": "ArithmeticException, InputMismatchException, NumberFormatException, ArrayIndexOutOfBoundsException",
            "execution_result": "InputMismatchException"
        },
        {
            "test_case": [
                "Test Case Input:\n3\n5\n1,2\n3,4\n0,1"
            ],
            "test_mutations": [
                "Test Case Input:\n3\n5\n1,2\n3,4\n0,1"
            ],
            "initial_code": "public class Main{      \n    public static void main(String[] args){\n        Scanner sc = new Scanner(System.in);\n        int w = sc.nextInt();\n        int n = sc.nextInt();\n        int amidaArray[] = new int[n];\n        for(int i=0;i<n;i++){\n            amidaArray[i] = i;\n        }\n        for(int i=0;i<w;i++){\n            String str = sc.next();\n            String[] strs = str.split(\",\");\n            int a = Integer.parseInt(strs[0]);\n            int b = Integer.parseInt(strs[1]);\n            int temp = amidaArray[a];\n            amidaArray[a]=amidaArray[b];\n            amidaArray[b]=temp;\n        }\n        for(int i=0;i<n;i++){\n            System.out.println(amidaArray[i]);\n        }\n    }   \n}",
            "covered_code": "To predict the code coverage for the given Java program and test case input, let's develop a plan for step by step execution:\n\n**Test Case Input:**\n3\n5\n1,2\n3,4\n0,1\n\n**Java Program:**\n```java\npublic class Main{      \n    public static void main(String[] args){\n        Scanner sc = new Scanner(System.in);\n        int w = sc.nextInt(); // 3\n        int n = sc.nextInt(); // 5\n        int amidaArray[] = new int[n]; // [0, 1, 2, 3, 4]\n        for(int i=0;i<n;i++){\n            amidaArray[i] = i;\n        }\n        for(int i=0;i<w;i++){\n            String str = sc.next();\n            String[] strs = str.split(\",\");\n            int a = Integer.parseInt(strs[0]);\n            int b = Integer.parseInt(strs[1]);\n            int temp = amidaArray[a];\n            amidaArray[a]=amidaArray[b];\n            amidaArray[b]=temp;\n        }\n        for(int i=0;i<n;i++){\n            System.out.println(amidaArray[i]);\n        }\n    }   \n}\n```\n\n**Plan for Step by Step Execution:**\n\n1. **Import statement for Scanner:** Always executed as it's required for the program to run. (Not explicitly shown in the given code snippet, but assumed to be there for `Scanner` to work.)\n\n2. **Class Declaration:** Always executed.\n\n3. **Main method declaration:** Always executed.\n\n4. **Variable Initialization and User Input:** Statements initializing `sc`, `w`, and `n` with user inputs are executed.\n\n5. **Array Initialization and Population:** The for loop that initializes and populates `amidaArray` is always executed, given that `n > 0`.\n\n6. **Swapping Logic within Second For Loop:** Given `w=3`, this loop will execute 3 times, processing the input pairs \"1,2\", \"3,4\", and \"0,1\" respectively. All statements within this loop are executed.\n\n7. **Printing of Array Elements:** The final for loop to print the array elements is executed, iterating `n` times.\n\n8. **Resource Cleanup:** Assuming standard practice, there would be a statement to close the `Scanner` object, though not shown in the snippet.\n\nBased on the plan, every part of the given code snippet is executed, as the test case inputs ensure that all paths are covered. Now, let's predict the code coverage based on the given test case and execution plan:\n\n```\n> public class Main{\n>     public static void main(String[] args){\n>         Scanner sc = new Scanner(System.in);\n>         int w = sc.nextInt(); // 3\n>         int n = sc.nextInt(); // 5\n>         int amidaArray[] = new int[n]; // Initializes array with size n\n>         for(int i=0;i<n;i++){\n>             amidaArray[i] = i; // Populates array with indices\n>         }\n>         for(int i=0;i<w;i++){\n>             String str = sc.next(); // Reads \"1,2\", \"3,4\", \"0,1\"\n>             String[] strs = str.split(\",\"); // Splits the input strings\n>             int a = Integer.parseInt(strs[0]); // Parses first number\n>             int b = Integer.parseInt(strs[1]); // Parses second number\n>             int temp = amidaArray[a]; // Swapping logic\n>             amidaArray[a]=amidaArray[b]; // Swapping logic\n>             amidaArray[b]=temp; // Swapping logic\n>         }\n>         for(int i=0;i<n;i++){\n>             System.out.println(amidaArray[i]); // Prints array elements\n>         }\n>     }   \n> }\n```\n**Code Coverage:**\nAll lines of code are executed (`>`), indicating 100% code coverage for the provided test case input.",
            "test_seed_coverage": [
                ">",
                ">",
                ">",
                ">",
                ">",
                ">",
                ">",
                ">",
                ">",
                ">",
                ">",
                ">",
                ">",
                ">",
                ">",
                ">",
                ">",
                ">",
                ">",
                ">",
                ">",
                ">",
                ">"
            ],
            "cumulative_coverage": [
                ">",
                ">",
                ">",
                ">",
                ">",
                ">",
                ">",
                ">",
                ">",
                ">",
                ">",
                ">",
                ">",
                ">",
                ">",
                ">",
                ">",
                ">",
                ">",
                ">",
                ">",
                ">",
                ">"
            ],
            "execution_output": "2\n0\n1\n4\n3",
            "cerberus_output": "",
            "execution_result": ""
        },
        {
            "test_case": [
                "Test Case Input:\n0\n4\n0,1\n2,3\n1,2\n3,0"
            ],
            "test_mutations": [
                "Test Case Input:\n0\n4\n0,1\n2,3\n1,2\n3,0"
            ],
            "initial_code": "public class Main{      \n    public static void main(String[] args){\n        Scanner sc = new Scanner(System.in);\n        int w = sc.nextInt();\n        int n = sc.nextInt();\n        int amidaArray[] = new int[n];\n        for(int i=0;i<n;i++){\n            amidaArray[i] = i;\n        }\n        for(int i=0;i<w;i++){\n            String str = sc.next();\n            String[] strs = str.split(\",\");\n            int a = Integer.parseInt(strs[0]);\n            int b = Integer.parseInt(strs[1]);\n            int temp = amidaArray[a];\n            amidaArray[a]=amidaArray[b];\n            amidaArray[b]=temp;\n        }\n        for(int i=0;i<n;i++){\n            System.out.println(amidaArray[i]);\n        }\n    }   \n}",
            "covered_code": "Given the test case input `0\\n4\\n0,1\\n2,3\\n1,2\\n3,0` and the JAVA PROGRAM provided, let's develop a plan for step by step execution to predict the code coverage:\n\nTest Case Input: `0\\n4\\n0,1\\n2,3\\n1,2\\n3,0`\n\n### Plan for Step by Step Execution:\n\n1. **Import Statement Execution**: The import statement for Scanner is implicitly understood to be included and is always executed.\n\n2. **Class Declaration**: The declaration of the `public class Main` is always executed.\n\n3. **Main Method Declaration**: The declaration of the `public static void main(String[] args)` is always executed.\n\n4. **Variable Initialization and User Input**: The statements to initialize `w` and `n` with user inputs are executed. Here `w=0` and `n=4`.\n\n5. **First For Loop Execution**: The first for loop initializes the `amidaArray` with values equal to their indices, so it's fully executed.\n\n6. **Second For Loop Execution**: Since `w=0`, this for loop to swap elements based on user inputs will not execute at all. This means none of the statements inside this loop will be executed.\n\n7. **Third For Loop Execution**: The third for loop prints out the elements of `amidaArray`. Since the array was initialized and not altered (due to `w=0`), this loop will print the initialized values of the array.\n\n### Predicted Code Coverage:\n\n```\n> public class Main{      \n>    public static void main(String[] args){\n>        Scanner sc = new Scanner(System.in);\n>        int w = sc.nextInt();\n>        int n = sc.nextInt();\n>        int amidaArray[] = new int[n];\n>        for(int i=0;i<n;i++){\n>            amidaArray[i] = i;\n>        }\n!        for(int i=0;i<w;i++){\n!            String str = sc.next();\n!            String[] strs = str.split(\",\");\n!            int a = Integer.parseInt(strs[0]);\n!            int b = Integer.parseInt(strs[1]);\n!            int temp = amidaArray[a];\n!            amidaArray[a]=amidaArray[b];\n!            amidaArray[b]=temp;\n!        }\n>        for(int i=0;i<n;i++){\n>            System.out.println(amidaArray[i]);\n>        }\n>    }   \n> }\n```\n\n### OUTPUT: \nGiven `w=0` and `n=4`, the array `amidaArray` is initialized but not altered due to no execution of the swapping logic (second for loop). Thus, the output will be the initial indices `0, 1, 2, 3` printed in sequence.\n\n### Summary:\n\n- Every statement outside the second for loop, which depends on `w`, is executed because `w=0` results in the loop's body being skipped entirely.\n- The program prints the initial state of `amidaArray`, which corresponds to the indices of its elements due to no swaps being performed.",
            "test_seed_coverage": [
                ">",
                ">",
                ">",
                ">",
                ">",
                ">",
                ">",
                ">",
                ">",
                ">",
                ">",
                ">",
                ">",
                ">",
                ">",
                ">",
                ">",
                ">",
                ">",
                ">",
                ">",
                ">",
                ">"
            ],
            "cumulative_coverage": [
                ">",
                ">",
                ">",
                ">",
                ">",
                ">",
                ">",
                ">",
                ">",
                ">",
                ">",
                ">",
                ">",
                ">",
                ">",
                ">",
                ">",
                ">",
                ">",
                ">",
                ">",
                ">",
                ">"
            ],
            "execution_output": "0\n1\n2\n3",
            "cerberus_output": "",
            "execution_result": ""
        },
        {
            "test_case": [
                "Test Case Input:\n1\n10\n1,11"
            ],
            "test_mutations": [
                "Test Case Input:\n1\n10\n1,11"
            ],
            "initial_code": "public class Main{      \n    public static void main(String[] args){\n        Scanner sc = new Scanner(System.in);\n        int w = sc.nextInt();\n        int n = sc.nextInt();\n        int amidaArray[] = new int[n];\n        for(int i=0;i<n;i++){\n            amidaArray[i] = i;\n        }\n        for(int i=0;i<w;i++){\n            String str = sc.next();\n            String[] strs = str.split(\",\");\n            int a = Integer.parseInt(strs[0]);\n            int b = Integer.parseInt(strs[1]);\n            int temp = amidaArray[a];\n            amidaArray[a]=amidaArray[b];\n            amidaArray[b]=temp;\n        }\n        for(int i=0;i<n;i++){\n            System.out.println(amidaArray[i]);\n        }\n    }   \n}",
            "covered_code": "Given the test case input `1 10 1,11`, let's develop a plan for step-by-step execution and predict the code coverage for the provided Java program.\n\n### Plan for Step by Step Execution:\n\n1. **Import Statements**: The Scanner class is used, so the import statement for `java.util.Scanner` would be executed if it was explicitly mentioned in the code snippet (assumed to be included but not shown in the snippet).\n2. **Class Declaration**: The declaration of the `Main` class is always executed.\n3. **Main Method Declaration**: The declaration of the `public static void main(String[] args)` method is always executed.\n4. **User Input Statements**: The program reads inputs for `w` and `n` using `Scanner` class, so these lines are executed.\n5. **Array Declaration and Initialization Loop**: An array `amidaArray` of size `n` is declared and initialized with values from `0` to `n-1` in a for loop. Since `n` is 10, this loop will execute 10 times, initializing the array.\n6. **First For Loop for Swapping Based on Input Strings**: The loop intended for reading and processing string inputs will execute `w` times, which is 1 in this case. Within this loop:\n   - The program reads a string, splits it by \",\", and converts it to integers `a` and `b`. This part is executed.\n   - A swap operation is performed using these indices. However, since `b=11` and the array size is `10`, attempting to access `amidaArray[11]` will result in an `ArrayIndexOutOfBoundsException`.\n7. **Second For Loop for Output**: This loop is designed to print the elements of `amidaArray`. This loop would not execute if the program had stopped due to the exception before reaching this point.\n\n### Predicted Code Coverage:\n\n```\n> public class Main{      \n>     public static void main(String[] args){\n>         Scanner sc = new Scanner(System.in);\n>         int w = sc.nextInt();\n>         int n = sc.nextInt();\n>         int amidaArray[] = new int[n];\n>         for(int i=0;i<n;i++){\n>             amidaArray[i] = i;\n>         }\n>         for(int i=0;i<w;i++){\n>             String str = sc.next();\n>             String[] strs = str.split(\",\");\n>             int a = Integer.parseInt(strs[0]);\n>             int b = Integer.parseInt(strs[1]);\n>             int temp = amidaArray[a];\n!             amidaArray[a]=amidaArray[b];\n!             amidaArray[b]=temp;\n>         }\n!         for(int i=0;i<n;i++){\n!             System.out.println(amidaArray[i]);\n>         }\n>     }   \n> }\n```\nSince accessing `amidaArray[11]` throws an exception, the swap operation and the subsequent output loop are marked as not executed (`!`). The actual line that triggers the exception is the access of `amidaArray[b]` where `b` is 11, leading to an `ArrayIndexOutOfBoundsException`.\n\n**OUTPUT:**\n```\nError: ArrayIndexOutOfBoundsException\n```",
            "test_seed_coverage": [
                ">",
                ">",
                ">",
                ">",
                ">",
                ">",
                ">",
                ">",
                ">",
                ">",
                ">",
                ">",
                ">",
                ">",
                ">",
                ">",
                ">",
                ">",
                ">",
                ">",
                ">",
                ">",
                ">"
            ],
            "cumulative_coverage": [
                ">",
                ">",
                ">",
                ">",
                ">",
                ">",
                ">",
                ">",
                ">",
                ">",
                ">",
                ">",
                ">",
                ">",
                ">",
                ">",
                ">",
                ">",
                ">",
                ">",
                ">",
                ">",
                ">"
            ],
            "execution_error": "Exception in thread \"main\" java.lang.ArrayIndexOutOfBoundsException: Index 11 out of bounds for length 10\n\tat Main.main(Main.java:19)",
            "cerberus_output": "ArrayIndexOutOfBoundsException",
            "execution_result": "ArrayIndexOutOfBoundsException"
        }
    ]
}