{
    "submission_id": "s187209127",
    "cycles": [
        {
            "test_case": [
                "Test Case Input:\nabc\ndef\nghi"
            ],
            "test_mutations": [
                "Test Case Input:\nabc\ndef\nghi"
            ],
            "initial_code": "public class Main{\n    public static void main(String args[]){\n        Scanner sc = new Scanner(System.in);\n        String Sa = sc.next();\n        String Sb = sc.next();\n        String Sc = sc.next();\n        sc.close();\n        int numA = Sa.length();\n        int numB = Sb.length();\n        int numC = Sc.length();\n        int countA = 0;\n        int countB = 0;\n        int countC = 0;\n        char turn = 'a';\n        while(true){\n            if(turn == 'a'){\n                turn = Sa.charAt(countA);\n                countA++;\n            }\n            if(turn == 'b'){\n                turn = Sb.charAt(countB);\n                countB++;\n            }\n            if(turn == 'c'){\n                turn = Sc.charAt(countC);\n                countC++;\n            }\n            if(countA == numA && turn == 'a'){\n                System.out.println('A');\n                break;\n            }\n            if(countB == numB && turn == 'b'){\n                System.out.println('B');\n                break;\n            }\n            if(countC == numC && turn == 'c'){\n                System.out.println('C');\n                break;\n            }\n        }\n    }\n}",
            "covered_code": "To predict the code coverage for the provided Java program with the test case input of \"abc\", \"def\", \"ghi\", we will follow the step by step execution plan similar to the illustration provided. \n\n1. **Scanner Class Usage**: Statements involved in using `Scanner` to read inputs are always executed. The statements `Scanner sc = new Scanner(System.in);`, `String Sa = sc.next();`, `String Sb = sc.next();`, and `String Sc = sc.next();` will be covered.\n\n2. **Closing the Scanner**: The statement `sc.close();` is executed after reading the inputs.\n\n3. **String Length Calculation**: Statements calculating the length of each string input (`int numA = Sa.length();`, `int numB = Sb.length();`, `int numC = Sc.length();`) will be covered as they execute right after inputs are taken.\n\n4. **Variable Initialization**: The initialization of counters (`int countA = 0;`, `int countB = 0;`, `int countC = 0;`) and the turn variable (`char turn = 'a';`) will be covered.\n\n5. **Loop and Conditional Execution**: The loop `while(true){` and its internal conditionals checking the value of `turn` and incrementing the respective count will be covered. The program uses the characters from the input strings to change turns and increments counters accordingly. Since the input strings are \"abc\", \"def\", \"ghi\", the loop will iterate, changing the turn among 'a', 'b', 'c' based on the characters of the input strings.\n\n6. **Checking for Winning Conditions and Breaking the Loop**: The program checks if a string has been fully \"played\" by comparing the count variables against the respective string lengths. Given the inputs, the loop will break when one of the strings is fully traversed, and the corresponding letter ('A', 'B', or 'C') will be printed based on whose turn it was last before running out of characters.\n\n7. **Exception Handling**: There is no explicit exception handling in this code snippet. However, there's a potential for `StringIndexOutOfBoundsException` if the code incorrectly tries to access a character beyond the string length. This is implicitly handled by the conditions checking if the counts equal the lengths of the strings before attempting to access a character at the count index.\n\n**Predicted Code Coverage**:\n\n```\n> public class Main{\n>     public static void main(String args[]){\n>         Scanner sc = new Scanner(System.in);\n>         String Sa = sc.next();\n>         String Sb = sc.next();\n>         String Sc = sc.next();\n>         sc.close();\n>         int numA = Sa.length();\n>         int numB = Sb.length();\n>         int numC = Sc.length();\n>         int countA = 0;\n>         int countB = 0;\n>         int countC = 0;\n>         char turn = 'a';\n>         while(true){\n>             if(turn == 'a'){\n>                 turn = Sa.charAt(countA);\n>                 countA++;\n>             }\n>             if(turn == 'b'){\n>                 turn = Sb.charAt(countB);\n>                 countB++;\n>             }\n>             if(turn == 'c'){\n>                 turn = Sc.charAt(countC);\n>                 countC++;\n>             }\n>             if(countA == numA && turn == 'a'){\n>                 System.out.println('A');\n>                 break;\n>             }\n>             if(countB == numB && turn == 'b'){\n>                 System.out.println('B');\n>                 break;\n>             }\n>             if(countC == numC && turn == 'c'){\n>                 System.out.println('C');\n>                 break;\n>             }\n>         }\n>     }\n> }\n```\nGiven the sequence of inputs (\"abc\", \"def\", \"ghi\"), each string contributes to the turn-changing mechanism, and eventually, one of the strings will run out, determining the winner. With the given inputs, all parts of the code are executed, so there are no lines marked with `!` (indicating non-execution). The specific winner depends on the characters in the strings and their order, which guides the turn changes.",
            "test_seed_coverage": [
                ">",
                ">",
                ">",
                ">",
                ">",
                ">",
                ">",
                ">",
                ">",
                ">",
                ">",
                ">",
                ">",
                ">",
                ">",
                ">",
                ">",
                ">",
                ">",
                ">",
                ">",
                ">",
                ">",
                ">",
                ">",
                ">",
                ">",
                ">",
                ">",
                ">",
                ">",
                ">",
                ">",
                ">",
                ">",
                ">",
                ">",
                ">",
                ">",
                ">",
                ">",
                ">"
            ],
            "cumulative_coverage": [
                ">",
                ">",
                ">",
                ">",
                ">",
                ">",
                ">",
                ">",
                ">",
                ">",
                ">",
                ">",
                ">",
                ">",
                ">",
                ">",
                ">",
                ">",
                ">",
                ">",
                ">",
                ">",
                ">",
                ">",
                ">",
                ">",
                ">",
                ">",
                ">",
                ">",
                ">",
                ">",
                ">",
                ">",
                ">",
                ">",
                ">",
                ">",
                ">",
                ">",
                ">",
                ">"
            ],
            "cerberus_output": "StringIndexOutOfBoundsException",
            "execution_result": ""
        },
        {
            "test_case": [
                "Test Case Input:\n\"5\" \"6\" \"7\""
            ],
            "test_mutations": [
                "Test Case Input:\n\"5\" \"6\" \"7\""
            ],
            "initial_code": "public class Main{\n    public static void main(String args[]){\n        Scanner sc = new Scanner(System.in);\n        String Sa = sc.next();\n        String Sb = sc.next();\n        String Sc = sc.next();\n        sc.close();\n        int numA = Sa.length();\n        int numB = Sb.length();\n        int numC = Sc.length();\n        int countA = 0;\n        int countB = 0;\n        int countC = 0;\n        char turn = 'a';\n        while(true){\n            if(turn == 'a'){\n                turn = Sa.charAt(countA);\n                countA++;\n            }\n            if(turn == 'b'){\n                turn = Sb.charAt(countB);\n                countB++;\n            }\n            if(turn == 'c'){\n                turn = Sc.charAt(countC);\n                countC++;\n            }\n            if(countA == numA && turn == 'a'){\n                System.out.println('A');\n                break;\n            }\n            if(countB == numB && turn == 'b'){\n                System.out.println('B');\n                break;\n            }\n            if(countC == numC && turn == 'c'){\n                System.out.println('C');\n                break;\n            }\n        }\n    }\n}",
            "covered_code": "To predict the code coverage of the given Java program based on the provided test case \"5\" \"6\" \"7\", we need to follow the plan:\n\n1. **Import Statement Execution**: Since the Scanner class is used, the import statement for `java.util.Scanner` would be executed if it was included in the snippet (though it's not explicitly shown in the provided code snippet). This is always considered covered when used.\n\n2. **Class Declaration**: The declaration of the `Main` class is always executed.\n\n3. **Main Method Declaration**: The `main` method declaration is always executed.\n\n4. **Scanner and User Input**: The statements initializing the `Scanner` and reading inputs are executed since the program starts by reading inputs \"5\", \"6\", and \"7\".\n\n5. **Variables Initialization**: The variables `numA`, `numB`, `numC` (which store the lengths of the strings), and `countA`, `countB`, `countC` (which initialize the counters for each string) are executed right after reading the inputs.\n\n6. **Character 'turn' Initialization**: The initialization of the `char turn = 'a';` is executed.\n\n7. **While Loop Execution**: The `while(true)` loop starts after the initialization, and it will continue until a break statement is executed.\n\n8. **If Conditions Inside Loop**:\n    - The first condition checking if `turn == 'a'` will be true initially, so the body of this if statement will be executed.\n    - The program then updates `turn` based on the character at `countA` in `Sa`, and increments `countA`.\n    - Since \"5\" has a length of 1 and the character is not 'a', 'b', or 'c', the next value of `turn` will not match 'a', 'b', or 'c'.\n    - The second and third if conditions will not execute immediately after since `turn` has changed to a character that is not 'a', 'b', or 'c'.\n\n9. **Break Conditions**:\n    - Since `countA`, `countB`, and `countC` will be incremented but the conditions to break the loop depend on the turn being 'a', 'b', or 'c' and reaching the end of any string, the loop will eventually terminate when `turn` tries to access a character beyond the string's length, leading to a `StringIndexOutOfBoundsException`.\n\nBased on this plan, the code coverage and expected output (runtime exception) would be:\n\n> public class Main{\n>     public static void main(String args[]){\n>         Scanner sc = new Scanner(System.in);\n>         String Sa = sc.next();\n>         String Sb = sc.next();\n>         String Sc = sc.next();\n>         sc.close();\n>         int numA = Sa.length();\n>         int numB = Sb.length();\n>         int numC = Sc.length();\n>         int countA = 0;\n>         int countB = 0;\n>         int countC = 0;\n>         char turn = 'a';\n>         while(true){\n>             if(turn == 'a'){\n>                 turn = Sa.charAt(countA);\n>                 countA++;\n>             }\n>             if(turn == 'b'){\n>                 turn = Sb.charAt(countB);\n>                 countB++;\n>             }\n>             if(turn == 'c'){\n>                 turn = Sc.charAt(countC);\n>                 countC++;\n>             }\n>             if(countA == numA && turn == 'a'){\n!                 System.out.println('A');\n>                 break;\n>             }\n>             if(countB == numB && turn == 'b'){\n!                 System.out.println('B');\n>                 break;\n>             }\n>             if(countC == numC && turn == 'c'){\n!                 System.out.println('C');\n>                 break;\n>             }\n>         }\n>     }\n> }\n\nOUTPUT:\nError: StringIndexOutOfBoundsException\n\nNote: The actual output would depend on how the Java runtime handles accessing a character out of the string's bounds (`Sa.charAt(countA)`). The lines for printing 'A', 'B', or 'C' are marked as not executed because, based on the inputs \"5\", \"6\", \"7\", and the logic described, the program will likely encounter an exception before any of those conditions to print 'A', 'B', or 'C' are met.",
            "test_seed_coverage": [
                ">",
                ">",
                ">",
                ">",
                ">",
                ">",
                ">",
                ">",
                ">",
                ">",
                ">",
                ">",
                ">",
                ">",
                ">",
                ">",
                ">",
                ">",
                ">",
                ">",
                ">",
                ">",
                ">",
                ">",
                ">",
                ">",
                ">",
                ">",
                ">",
                ">",
                ">",
                ">",
                ">",
                ">",
                ">",
                ">",
                ">",
                ">",
                ">",
                ">",
                ">",
                ">"
            ],
            "cumulative_coverage": [
                ">",
                ">",
                ">",
                ">",
                ">",
                ">",
                ">",
                ">",
                ">",
                ">",
                ">",
                ">",
                ">",
                ">",
                ">",
                ">",
                ">",
                ">",
                ">",
                ">",
                ">",
                ">",
                ">",
                ">",
                ">",
                ">",
                ">",
                ">",
                ">",
                ">",
                ">",
                ">",
                ">",
                ">",
                ">",
                ">",
                ">",
                ">",
                ">",
                ">",
                ">",
                ">"
            ],
            "cerberus_output": "StringIndexOutOfBoundsException",
            "execution_result": ""
        },
        {
            "test_case": [
                "Test Case Input:\n\"abc\"\n\"def\"\n\"ghi\""
            ],
            "test_mutations": [
                "Test Case Input:\n\"abc\"\n\"def\"\n\"ghi\""
            ],
            "initial_code": "public class Main{\n    public static void main(String args[]){\n        Scanner sc = new Scanner(System.in);\n        String Sa = sc.next();\n        String Sb = sc.next();\n        String Sc = sc.next();\n        sc.close();\n        int numA = Sa.length();\n        int numB = Sb.length();\n        int numC = Sc.length();\n        int countA = 0;\n        int countB = 0;\n        int countC = 0;\n        char turn = 'a';\n        while(true){\n            if(turn == 'a'){\n                turn = Sa.charAt(countA);\n                countA++;\n            }\n            if(turn == 'b'){\n                turn = Sb.charAt(countB);\n                countB++;\n            }\n            if(turn == 'c'){\n                turn = Sc.charAt(countC);\n                countC++;\n            }\n            if(countA == numA && turn == 'a'){\n                System.out.println('A');\n                break;\n            }\n            if(countB == numB && turn == 'b'){\n                System.out.println('B');\n                break;\n            }\n            if(countC == numC && turn == 'c'){\n                System.out.println('C');\n                break;\n            }\n        }\n    }\n}",
            "covered_code": "PLAN for step by step execution of the given java program and test case:\n\n1. Import statements: Executed for importing the Scanner class.\n2. Main Class Declaration: Executed since the class is the entry point of the program.\n3. Main method declaration: Executed as it's the entry point of the Java application.\n4. User Input: Executed for reading inputs \"abc\", \"def\", \"ghi\".\n5. Variable Initialization: Statements initializing `numA`, `numB`, `numC`, `countA`, `countB`, `countC`, and `turn` are executed.\n6. While loop Execution: The condition is `true`, so the loop will execute until a break statement is reached.\n7. If Conditions Inside Loop:\n   - The first iteration checks if `turn == 'a'`, which is true initially, so the block is executed, changing `turn` to the first character of `Sa` and incrementing `countA`.\n   - Subsequent checks will depend on the value of `turn` as modified by each block.\n8. Break conditions:\n   - The break condition will be reached when one of the strings is fully processed and `turn` matches the corresponding character indicating the end of that string.\n9. Closing the Scanner: Executed at the end of user input processing.\n\nPredicting Code Coverage:\n\n> public class Main{\n>     public static void main(String args[]){\n>         Scanner sc = new Scanner(System.in);\n>         String Sa = sc.next();\n>         String Sb = sc.next();\n>         String Sc = sc.next();\n>         sc.close();\n>         int numA = Sa.length();\n>         int numB = Sb.length();\n>         int numC = Sc.length();\n>         int countA = 0;\n>         int countB = 0;\n>         int countC = 0;\n>         char turn = 'a';\n>         while(true){\n>             if(turn == 'a'){\n>                 turn = Sa.charAt(countA);\n>                 countA++;\n>             }\n>             if(turn == 'b'){\n>                 turn = Sb.charAt(countB);\n>                 countB++;\n>             }\n>             if(turn == 'c'){\n>                 turn = Sc.charAt(countC);\n>                 countC++;\n>             }\n>             if(countA == numA && turn == 'a'){\n>                 System.out.println('A');\n>                 break;\n>             }\n>             if(countB == numB && turn == 'b'){\n>                 System.out.println('B');\n>                 break;\n>             }\n>             if(countC == numC && turn == 'c'){\n>                 System.out.println('C');\n>                 break;\n>             }\n>         }\n>     }\n> }\n\nSince all parts of the loop and conditions are relevant to the program's logic given the input, and considering how the `turn` variable changes based on the characters of the input strings, all statements are executed at least once except for the specific break conditions, which depend on the sequence of characters in the inputs \"abc\", \"def\", and \"ghi\". The specific output and which break condition is met depend on the inputs, but with the given inputs, the loop and all conditions will be executed, leading to a scenario where all parts of the code are covered. The specific path through the loop's conditions depends on the characters within `Sa`, `Sb`, and `Sc`. Given these inputs, the program should eventually print 'C' since the turn will pass from 'a' to 'b' to 'c' without any string running out of characters before `Sc`.",
            "test_seed_coverage": [
                ">",
                ">",
                ">",
                ">",
                ">",
                ">",
                ">",
                ">",
                ">",
                ">",
                ">",
                ">",
                ">",
                ">",
                ">",
                ">",
                ">",
                ">",
                ">",
                ">",
                ">",
                ">",
                ">",
                ">",
                ">",
                ">",
                ">",
                ">",
                ">",
                ">",
                ">",
                ">",
                ">",
                ">",
                ">",
                ">",
                ">",
                ">",
                ">",
                ">",
                ">",
                ">"
            ],
            "cumulative_coverage": [
                ">",
                ">",
                ">",
                ">",
                ">",
                ">",
                ">",
                ">",
                ">",
                ">",
                ">",
                ">",
                ">",
                ">",
                ">",
                ">",
                ">",
                ">",
                ">",
                ">",
                ">",
                ">",
                ">",
                ">",
                ">",
                ">",
                ">",
                ">",
                ">",
                ">",
                ">",
                ">",
                ">",
                ">",
                ">",
                ">",
                ">",
                ">",
                ">",
                ">",
                ">",
                ">"
            ],
            "cerberus_output": "",
            "execution_result": ""
        },
        {
            "test_case": [
                "Test Case Input:\n\"abc\"\n\"def\"\n\"ghi\""
            ],
            "test_mutations": [
                "Test Case Input:\n\"abc\"\n\"def\"\n\"ghi\""
            ],
            "initial_code": "public class Main{\n    public static void main(String args[]){\n        Scanner sc = new Scanner(System.in);\n        String Sa = sc.next();\n        String Sb = sc.next();\n        String Sc = sc.next();\n        sc.close();\n        int numA = Sa.length();\n        int numB = Sb.length();\n        int numC = Sc.length();\n        int countA = 0;\n        int countB = 0;\n        int countC = 0;\n        char turn = 'a';\n        while(true){\n            if(turn == 'a'){\n                turn = Sa.charAt(countA);\n                countA++;\n            }\n            if(turn == 'b'){\n                turn = Sb.charAt(countB);\n                countB++;\n            }\n            if(turn == 'c'){\n                turn = Sc.charAt(countC);\n                countC++;\n            }\n            if(countA == numA && turn == 'a'){\n                System.out.println('A');\n                break;\n            }\n            if(countB == numB && turn == 'b'){\n                System.out.println('B');\n                break;\n            }\n            if(countC == numC && turn == 'c'){\n                System.out.println('C');\n                break;\n            }\n        }\n    }\n}",
            "covered_code": "To predict the code coverage for the provided Java program and test case input (\"abc\", \"def\", \"ghi\"), follow the plan below:\n\n1. **Import statements**: Import statement for `Scanner` class will be executed.\n   - `> import java.util.Scanner;`\n\n2. **Class Declaration**: The declaration of the main class `Main` is always executed.\n   - `> public class Main{`\n\n3. **Main Method Declaration**: The declaration of the `main` method is always executed.\n   - `> public static void main(String args[]){`\n\n4. **User Input**: The program reads three strings from the user. Given the test case inputs, these lines are executed.\n   - `> String Sa = sc.next();`\n   - `> String Sb = sc.next();`\n   - `> String Sc = sc.next();`\n   - `> sc.close();`\n\n5. **Variable Initialization**: The lengths of the strings and the counters for each string are initialized. These lines are executed.\n   - `> int numA = Sa.length();`\n   - `> int numB = Sb.length();`\n   - `> int numC = Sc.length();`\n   - `> int countA = 0;`\n   - `> int countB = 0;`\n   - `> int countC = 0;`\n   - `> char turn = 'a';`\n\n6. **While Loop Execution**: The while loop is an infinite loop that only breaks under certain conditions. Given the nature of the test case, the loop is executed.\n   - `> while(true){`\n\n7. **Conditionals within the Loop**: The program checks whose turn it is ('a', 'b', or 'c') and increments the corresponding counter. Given the inputs, all these statements are executed because the strings \"abc\", \"def\", \"ghi\" ensure that each condition is met at least once.\n   - `> if(turn == 'a'){`\n   - `> if(turn == 'b'){`\n   - `> if(turn == 'c'){`\n\n8. **Break Conditions**: The loop breaks when one of the strings is fully traversed and its corresponding turn is reached. In this case, since all strings are of the same length, and the turns rotate correctly, the execution will break when `countA == numA && turn == 'a'`, `countB == numB && turn == 'b'`, or `countC == numC && turn == 'c'`. Without knowing the exact content of the strings beyond their length, we can't predict which specific break condition will be met first. However, given the specific inputs, it's clear that all characters from 'a' to 'i' will be accessed sequentially. The output will be 'C' because 'ghi' ends on 'i', which does not correspond to 'a' or 'b', ensuring the last character to trigger a turn change will be from \"Sc\".\n   - `> if(countA == numA && turn == 'a'){`\n   - `> if(countB == numB && turn == 'b'){`\n   - `> if(countC == numC && turn == 'c'){`\n\nGiven the test case and the explanation, the final code coverage marked with \">\" for executed lines and \"!\" for not executed (if applicable, none in this case since all paths are covered) is:\n\n```\n> import java.util.Scanner;\n> public class Main{\n>     public static void main(String args[]){\n>         Scanner sc = new Scanner(System.in);\n>         String Sa = sc.next();\n>         String Sb = sc.next();\n>         String Sc = sc.next();\n>         sc.close();\n>         int numA = Sa.length();\n>         int numB = Sb.length();\n>         int numC = Sc.length();\n>         int countA = 0;\n>         int countB = 0;\n>         int countC = 0;\n>         char turn = 'a';\n>         while(true){\n>             if(turn == 'a'){\n>                 turn = Sa.charAt(countA);\n>                 countA++;\n>             }\n>             if(turn == 'b'){\n>                 turn = Sb.charAt(countB);\n>                 countB++;\n>             }\n>             if(turn == 'c'){\n>                 turn = Sc.charAt(countC);\n>                 countC++;\n>             }\n>             if(countA == numA && turn == 'a'){\n>                 System.out.println('A');\n>                 break;\n>             }\n>             if(countB == numB && turn == 'b'){\n>                 System.out.println('B');\n>                 break;\n>             }\n>             if(countC == numC && turn == 'c'){\n>                 System.out.println('C');\n>                 break;\n>             }\n>         }\n>     }\n> }\n```\n\nGiven the deterministic nature of the program with the specified inputs, the code coverage is complete, with every statement being executed.",
            "test_seed_coverage": [
                ">",
                ">",
                ">",
                ">",
                ">",
                ">",
                ">",
                ">",
                ">",
                ">",
                ">",
                ">",
                ">",
                ">",
                ">",
                ">",
                ">",
                ">",
                ">",
                ">",
                ">",
                ">",
                ">",
                ">",
                ">",
                ">",
                ">",
                ">",
                ">",
                ">",
                ">",
                ">",
                ">",
                ">",
                ">",
                ">",
                ">",
                ">",
                ">",
                ">",
                ">",
                ">",
                ">"
            ],
            "cumulative_coverage": [
                ">",
                ">",
                ">",
                ">",
                ">",
                ">",
                ">",
                ">",
                ">",
                ">",
                ">",
                ">",
                ">",
                ">",
                ">",
                ">",
                ">",
                ">",
                ">",
                ">",
                ">",
                ">",
                ">",
                ">",
                ">",
                ">",
                ">",
                ">",
                ">",
                ">",
                ">",
                ">",
                ">",
                ">",
                ">",
                ">",
                ">",
                ">",
                ">",
                ">",
                ">",
                ">",
                ">"
            ],
            "cerberus_output": "",
            "execution_result": ""
        },
        {
            "test_case": [
                "Test Case Input:\nabc\ndef\nghi"
            ],
            "test_mutations": [
                "Test Case Input:\nabc\ndef\nghi"
            ],
            "initial_code": "public class Main{\n    public static void main(String args[]){\n        Scanner sc = new Scanner(System.in);\n        String Sa = sc.next();\n        String Sb = sc.next();\n        String Sc = sc.next();\n        sc.close();\n        int numA = Sa.length();\n        int numB = Sb.length();\n        int numC = Sc.length();\n        int countA = 0;\n        int countB = 0;\n        int countC = 0;\n        char turn = 'a';\n        while(true){\n            if(turn == 'a'){\n                turn = Sa.charAt(countA);\n                countA++;\n            }\n            if(turn == 'b'){\n                turn = Sb.charAt(countB);\n                countB++;\n            }\n            if(turn == 'c'){\n                turn = Sc.charAt(countC);\n                countC++;\n            }\n            if(countA == numA && turn == 'a'){\n                System.out.println('A');\n                break;\n            }\n            if(countB == numB && turn == 'b'){\n                System.out.println('B');\n                break;\n            }\n            if(countC == numC && turn == 'c'){\n                System.out.println('C');\n                break;\n            }\n        }\n    }\n}",
            "covered_code": "Given the test case input \"abc\", \"def\", and \"ghi\", we can develop the following plan to analyze the code coverage:\n\n1. **Scanner and Input Initialization**: The input will be read correctly because these are always executed when the program starts. So, statements for reading input using `Scanner` are covered.\n2. **String Length Calculation**: The lengths of the input strings are calculated and stored in variables `numA`, `numB`, and `numC`. These statements are executed for all three input strings.\n3. **Variables for Count**: The initialization of count variables (`countA`, `countB`, `countC`) and the variable `turn` are executed.\n4. **While Loop Execution**: The while loop is designed to keep iterating until one of the Strings ends. Given the inputs are of the same length, all conditions inside the loop related to changing turns (`if(turn == 'a')`, `if(turn == 'b')`, `if(turn == 'c')`) are executed.\n5. **Winning Condition Check**: Since all input strings \"abc\", \"def\", \"ghi\" have the same length, it will go through the entire loop, changing turns between 'a', 'b', and 'c'. The program will not break the loop until it reaches the end of one of these strings. Thus, all conditions checking for the winning condition are executed.\n6. **Print Winner**: Given the algorithm and the inputs, it cycles through the strings in order, and since they are all the same length, the program will print the winner based on the last character read. In this case, all strings have the same opportunity to win based on their last character. Without knowing the specific implementation of how the characters are chosen and cycled, we can't definitively say which one will win. But, given the uniformity of the test case, each `System.out.println` statement for 'A', 'B', and 'C' has the potential to be executed, although in one program run, only one will actually execute depending on the input processing logic.\n\nBased on the steps above, here's the code coverage:\n\n```\n> public class Main{\n>     public static void main(String args[]){\n>         Scanner sc = new Scanner(System.in);\n>         String Sa = sc.next();\n>         String Sb = sc.next();\n>         String Sc = sc.next();\n>         sc.close();\n>         int numA = Sa.length();\n>         int numB = Sb.length();\n>         int numC = Sc.length();\n>         int countA = 0;\n>         int countB = 0;\n>         int countC = 0;\n>         char turn = 'a';\n>         while(true){\n>             if(turn == 'a'){\n>                 turn = Sa.charAt(countA);\n>                 countA++;\n>             }\n>             if(turn == 'b'){\n>                 turn = Sb.charAt(countB);\n>                 countB++;\n>             }\n>             if(turn == 'c'){\n>                 turn = Sc.charAt(countC);\n>                 countC++;\n>             }\n>             if(countA == numA && turn == 'a'){\n?                 System.out.println('A');\n>                 break;\n>             }\n>             if(countB == numB && turn == 'b'){\n?                 System.out.println('B');\n>                 break;\n>             }\n>             if(countC == numC && turn == 'c'){\n?                 System.out.println('C');\n>                 break;\n>             }\n>         }\n>     }\n> }\n```\n\nGiven the nature of the program and without specific implementation details on how the turn changes, it's challenging to predict exactly which winning condition will be triggered without running the code. Therefore, the exact winning condition (printing 'A', 'B', or 'C') is marked with `?` because it's uncertain which one will actually execute in this coverage prediction. Each of these lines has the potential to be executed, but only one will be in a single run of the program, based on the logic of how turns are managed and the input provided.",
            "test_seed_coverage": [
                ">",
                ">",
                ">",
                ">",
                ">",
                ">",
                ">",
                ">",
                ">",
                ">",
                ">",
                ">",
                ">",
                ">",
                ">",
                ">",
                ">",
                ">",
                ">",
                ">",
                ">",
                ">",
                ">",
                ">",
                ">",
                ">",
                ">",
                ">",
                ">",
                ">",
                ">",
                ">",
                ">",
                ">",
                ">",
                ">",
                ">",
                ">",
                ">",
                ">",
                ">",
                ">"
            ],
            "cumulative_coverage": [
                ">",
                ">",
                ">",
                ">",
                ">",
                ">",
                ">",
                ">",
                ">",
                ">",
                ">",
                ">",
                ">",
                ">",
                ">",
                ">",
                ">",
                ">",
                ">",
                ">",
                ">",
                ">",
                ">",
                ">",
                ">",
                ">",
                ">",
                ">",
                ">",
                ">",
                ">",
                ">",
                ">",
                ">",
                ">",
                ">",
                ">",
                ">",
                ">",
                ">",
                ">",
                ">"
            ],
            "cerberus_output": "",
            "execution_result": ""
        },
        {
            "test_case": [
                "Test Case Input:\n\"abc\"\n\"def\"\n\"ghi\""
            ],
            "test_mutations": [
                "Test Case Input:\n\"abc\"\n\"def\"\n\"ghi\""
            ],
            "initial_code": "public class Main{\n    public static void main(String args[]){\n        Scanner sc = new Scanner(System.in);\n        String Sa = sc.next();\n        String Sb = sc.next();\n        String Sc = sc.next();\n        sc.close();\n        int numA = Sa.length();\n        int numB = Sb.length();\n        int numC = Sc.length();\n        int countA = 0;\n        int countB = 0;\n        int countC = 0;\n        char turn = 'a';\n        while(true){\n            if(turn == 'a'){\n                turn = Sa.charAt(countA);\n                countA++;\n            }\n            if(turn == 'b'){\n                turn = Sb.charAt(countB);\n                countB++;\n            }\n            if(turn == 'c'){\n                turn = Sc.charAt(countC);\n                countC++;\n            }\n            if(countA == numA && turn == 'a'){\n                System.out.println('A');\n                break;\n            }\n            if(countB == numB && turn == 'b'){\n                System.out.println('B');\n                break;\n            }\n            if(countC == numC && turn == 'c'){\n                System.out.println('C');\n                break;\n            }\n        }\n    }\n}",
            "covered_code": "PLAN for step by step execution:\n1. Import statements: Import statements are always executed. Statement \"import java.util.Scanner;\" will be covered.\n2. Main class Declaration: always executed. Statement \"public class Main{\" is covered.\n3. Main method declaration: always executed. Statement \"public static void main(String args[]){\" is covered.\n4. User Input: always executed. Statements \"Scanner sc = new Scanner(System.in);\", \"String Sa = sc.next();\", \"String Sb = sc.next();\", and \"String Sc = sc.next();\" are covered.\n5. sc.close(): After reading inputs, the scanner is closed. Statement \"sc.close();\" is covered.\n6. Variables Initialization: Statements initializing numA, numB, numC, countA, countB, countC, and turn are always executed.\n7. While loop Execution: The while(true) loop will execute until a break condition is met. Therefore, \"while(true){\" will be covered.\n8. Inside the while loop:\n    a. If condition for turn 'a': Since initial turn is 'a', the first if condition \"if(turn == 'a'){\" will be covered, and its body will execute.\n    b. If condition for turn 'b' and 'c': As the program progresses, conditions for turns 'b' and 'c' will also be met. Hence, \"if(turn == 'b'){\" and \"if(turn == 'c'){\" will be covered.\n    c. Break conditions: Each string will eventually reach a point where \"countX == numX && turn == 'X'\" for X = A, B, or C, leading to the execution of the respective System.out.println and break statement.\n\nPredicted Code Coverage:\n> import java.util.Scanner;\n> public class Main{\n>     public static void main(String args[]){\n>         Scanner sc = new Scanner(System.in);\n>         String Sa = sc.next();\n>         String Sb = sc.next();\n>         String Sc = sc.next();\n>         sc.close();\n>         int numA = Sa.length();\n>         int numB = Sb.length();\n>         int numC = Sc.length();\n>         int countA = 0;\n>         int countB = 0;\n>         int countC = 0;\n>         char turn = 'a';\n>         while(true){\n>             if(turn == 'a'){\n>                 turn = Sa.charAt(countA);\n>                 countA++;\n>             }\n>             if(turn == 'b'){\n>                 turn = Sb.charAt(countB);\n>                 countB++;\n>             }\n>             if(turn == 'c'){\n>                 turn = Sc.charAt(countC);\n>                 countC++;\n>             }\n>             if(countA == numA && turn == 'a'){\n>                 System.out.println('A');\n>                 break;\n>             }\n>             if(countB == numB && turn == 'b'){\n>                 System.out.println('B');\n>                 break;\n>             }\n>             if(countC == numC && turn == 'c'){\n>                 System.out.println('C');\n>                 break;\n>             }\n>         }\n>     }\n> }\n\nAll statements in the provided Java program are covered during execution, assuming inputs \"abc\", \"def\", \"ghi\". The game will terminate when the turn character does not match 'a', 'b', or 'c', indicating one of the strings has been fully traversed, and the corresponding letter (A, B, or C) will be printed based on whose turn it was last before termination.",
            "test_seed_coverage": [
                ">",
                ">",
                ">",
                ">",
                ">",
                ">",
                ">",
                ">",
                ">",
                ">",
                ">",
                ">",
                ">",
                ">",
                ">",
                ">",
                ">",
                ">",
                ">",
                ">",
                ">",
                ">",
                ">",
                ">",
                ">",
                ">",
                ">",
                ">",
                ">",
                ">",
                ">",
                ">",
                ">",
                ">",
                ">",
                ">",
                ">",
                ">",
                ">",
                ">",
                ">",
                ">",
                ">"
            ],
            "cumulative_coverage": [
                ">",
                ">",
                ">",
                ">",
                ">",
                ">",
                ">",
                ">",
                ">",
                ">",
                ">",
                ">",
                ">",
                ">",
                ">",
                ">",
                ">",
                ">",
                ">",
                ">",
                ">",
                ">",
                ">",
                ">",
                ">",
                ">",
                ">",
                ">",
                ">",
                ">",
                ">",
                ">",
                ">",
                ">",
                ">",
                ">",
                ">",
                ">",
                ">",
                ">",
                ">",
                ">",
                ">"
            ],
            "cerberus_output": "",
            "execution_result": ""
        },
        {
            "test_case": [
                "Test Case Input:\n\"abc\" \"def\" \"ghi\""
            ],
            "test_mutations": [
                "Test Case Input:\n\"abc\" \"def\" \"ghi\""
            ],
            "initial_code": "public class Main{\n    public static void main(String args[]){\n        Scanner sc = new Scanner(System.in);\n        String Sa = sc.next();\n        String Sb = sc.next();\n        String Sc = sc.next();\n        sc.close();\n        int numA = Sa.length();\n        int numB = Sb.length();\n        int numC = Sc.length();\n        int countA = 0;\n        int countB = 0;\n        int countC = 0;\n        char turn = 'a';\n        while(true){\n            if(turn == 'a'){\n                turn = Sa.charAt(countA);\n                countA++;\n            }\n            if(turn == 'b'){\n                turn = Sb.charAt(countB);\n                countB++;\n            }\n            if(turn == 'c'){\n                turn = Sc.charAt(countC);\n                countC++;\n            }\n            if(countA == numA && turn == 'a'){\n                System.out.println('A');\n                break;\n            }\n            if(countB == numB && turn == 'b'){\n                System.out.println('B');\n                break;\n            }\n            if(countC == numC && turn == 'c'){\n                System.out.println('C');\n                break;\n            }\n        }\n    }\n}",
            "covered_code": "To predict the code coverage for the given Java program with the specified test case input \"abc\" \"def\" \"ghi\", follow the plan below:\n\n1. **Import statements**: Not explicitly mentioned, but assuming `import java.util.Scanner;` is present and always executed.\n\n2. **Class Declaration**: Always executed. Statement `public class Main{` is covered.\n\n3. **Main method declaration**: Always executed. Statement `public static void main(String args[]){` is covered.\n\n4. **User Input and Program Output**: Always executed. Statements \n   - `Scanner sc = new Scanner(System.in);`\n   - `String Sa = sc.next();`\n   - `String Sb = sc.next();`\n   - `String Sc = sc.next();`\n   - `sc.close();` are covered.\n\n5. **Variable Initialization**: Statements initializing `numA`, `numB`, `numC`, `countA`, `countB`, `countC`, and `turn` are executed.\n\n6. **While Loop Execution**: \n   - This loop is executed until a break condition is encountered. Given the inputs, the loop will iterate through all characters of the strings Sa, Sb, and Sc in sequence based on the 'turn' logic.\n\n7. **Conditional Execution within While Loop**:\n   - The loop starts with `turn = 'a'`, so the first `if(turn == 'a')` condition is satisfied, and `turn` is updated based on the character at `countA` in `Sa`. `countA` is incremented. This pattern repeats for 'b', and 'c' turns.\n   - The loop continues, cycling through 'a', 'b', and 'c' turns based on the characters of `Sa`, `Sb`, and `Sc` respectively. \n\n8. **Break Conditions**:\n   - Given the inputs, each string has 3 characters. The loop will continue until one of the strings is fully iterated without finding its corresponding character ('a', 'b', or 'c') to pass the turn to another string.\n   - In this case, since all strings have equal length and the turn changes are based on their characters, the process will complete all characters without finding a next character in sequence (i.e., after the last character of `Sc`, there's no next character to define the next turn).\n   - Thus, the condition to break the loop will be met after all characters in `Sc` are iterated, and `countC` equals `numC` when `turn` is 'c'. The output will be `C`.\n\n9. **Closing Brackets**: Always covered.\n\nBased on this execution plan, predict the code coverage:\n\n```\n> public class Main{\n>     public static void main(String args[]){\n>         Scanner sc = new Scanner(System.in);\n>         String Sa = sc.next();\n>         String Sb = sc.next();\n>         String Sc = sc.next();\n>         sc.close();\n>         int numA = Sa.length();\n>         int numB = Sb.length();\n>         int numC = Sc.length();\n>         int countA = 0;\n>         int countB = 0;\n>         int countC = 0;\n>         char turn = 'a';\n>         while(true){\n>             if(turn == 'a'){\n>                 turn = Sa.charAt(countA);\n>                 countA++;\n>             }\n>             if(turn == 'b'){\n>                 turn = Sb.charAt(countB);\n>                 countB++;\n>             }\n>             if(turn == 'c'){\n>                 turn = Sc.charAt(countC);\n>                 countC++;\n>             }\n>             if(countA == numA && turn == 'a'){\n!                 System.out.println('A');\n>                 break;\n>             }\n>             if(countB == numB && turn == 'b'){\n!                 System.out.println('B');\n>                 break;\n>             }\n>             if(countC == numC && turn == 'c'){\n>                 System.out.println('C');\n>                 break;\n>             }\n>         }\n>     }\n> }\n```\n\nOUTPUT:\n```\nC\n```\n\nAll lines within the loop are executed due to the logic of turn changing based on character values. The specific break condition met is for the 'C' case, so the other break conditions' print statements are not executed.",
            "test_seed_coverage": [
                ">",
                ">",
                ">",
                ">",
                ">",
                ">",
                ">",
                ">",
                ">",
                ">",
                ">",
                ">",
                ">",
                ">",
                ">",
                ">",
                ">",
                ">",
                ">",
                ">",
                ">",
                ">",
                ">",
                ">",
                ">",
                ">",
                ">",
                ">",
                ">",
                ">",
                ">",
                ">",
                ">",
                ">",
                ">",
                ">",
                ">",
                ">",
                ">",
                ">",
                ">",
                ">"
            ],
            "cumulative_coverage": [
                ">",
                ">",
                ">",
                ">",
                ">",
                ">",
                ">",
                ">",
                ">",
                ">",
                ">",
                ">",
                ">",
                ">",
                ">",
                ">",
                ">",
                ">",
                ">",
                ">",
                ">",
                ">",
                ">",
                ">",
                ">",
                ">",
                ">",
                ">",
                ">",
                ">",
                ">",
                ">",
                ">",
                ">",
                ">",
                ">",
                ">",
                ">",
                ">",
                ">",
                ">",
                ">"
            ],
            "cerberus_output": "",
            "execution_result": ""
        },
        {
            "test_case": [
                "Test Case Input:\nabc\ndef\nghi"
            ],
            "test_mutations": [
                "Test Case Input:\nabc\ndef\nghi"
            ],
            "initial_code": "public class Main{\n    public static void main(String args[]){\n        Scanner sc = new Scanner(System.in);\n        String Sa = sc.next();\n        String Sb = sc.next();\n        String Sc = sc.next();\n        sc.close();\n        int numA = Sa.length();\n        int numB = Sb.length();\n        int numC = Sc.length();\n        int countA = 0;\n        int countB = 0;\n        int countC = 0;\n        char turn = 'a';\n        while(true){\n            if(turn == 'a'){\n                turn = Sa.charAt(countA);\n                countA++;\n            }\n            if(turn == 'b'){\n                turn = Sb.charAt(countB);\n                countB++;\n            }\n            if(turn == 'c'){\n                turn = Sc.charAt(countC);\n                countC++;\n            }\n            if(countA == numA && turn == 'a'){\n                System.out.println('A');\n                break;\n            }\n            if(countB == numB && turn == 'b'){\n                System.out.println('B');\n                break;\n            }\n            if(countC == numC && turn == 'c'){\n                System.out.println('C');\n                break;\n            }\n        }\n    }\n}",
            "covered_code": "To predict the code coverage based on the provided test case input (`abc`, `def`, `ghi`) and the given Java program, let's develop a plan for step-by-step execution:\n\n1. **Import Statements**: Statement `import java.util.Scanner;` will be covered.\n2. **Class Declaration**: The class declaration `public class Main{` is always executed.\n3. **Main Method Declaration**: The main method declaration `public static void main(String args[]){` is always executed.\n4. **User Input and Program Output**: The statements initializing the Scanner and taking input are always executed. `Scanner sc = new Scanner(System.in);`, `String Sa = sc.next();`, `String Sb = sc.next();`, `String Sc = sc.next();`, and `sc.close();` statements are covered.\n5. **Variable Initialization**: The statements initializing `numA`, `numB`, `numC`, `countA`, `countB`, `countC`, and `turn` are executed. These include `int numA = Sa.length();`, `int numB = Sb.length();`, `int numC = Sc.length();`, `int countA = 0;`, `int countB = 0;`, `int countC = 0;`, and `char turn = 'a';`.\n6. **While Loop Execution**: The while loop `while(true){` is always executed. Its internal conditions and statements will be checked and executed based on the input.\n7. **If Conditions Inside the Loop**:\n   - The condition `if(turn == 'a'){` will be true initially, so the block inside it will be executed, changing `turn` to the first character of `Sa`, which is 'a', and incrementing `countA`.\n   - Next, since `turn` remains 'a', the block for `if(turn == 'a'){` will be executed again, but now `turn` will be set to 'b', and `countA` will be incremented.\n   - The execution will continue with `if(turn == 'b'){` becoming true next, changing `turn` to the first character of `Sb` ('d'), and incrementing `countB`.\n   - This pattern continues until one of the strings is fully iterated through and its final character points to a turn where the string length equals the count for that string, leading to a print statement and breaking the loop.\n8. **Break Conditions**: Given the input, the loop will eventually reach a point where either `A`, `B`, or `C` will be printed based on whose turn it is when their string has been fully iterated without being able to pass the turn to another string. Given the inputs (`abc`, `def`, `ghi`), the game will end when the turns cannot be passed anymore, which requires analyzing the sequence of character turns to determine the outcome.\n9. **Closing Brackets**: always covered.\n\nFor the given inputs, let's visualize the turn transitions:\n- Start with `a`, `Sa.charAt(countA)` makes `turn = 'b'`.\n- Then `b`, `Sb.charAt(countB)` makes `turn = 'd'`.\n- Since `turn` is now `d` (not `'a'`, `'b'`, or `'c'`), the loop continues without entering any if blocks for changing `turn` again, leading to an `IndexOutOfBoundsException` because the counts will exceed string lengths while trying to access characters based on the turn variable that no longer corresponds to `'a'`, `'b'`, or `'c'`.\n\n**Predicted Code Coverage**:\n```\n> import java.util.Scanner;\n> public class Main{\n>     public static void main(String args[]){\n>         Scanner sc = new Scanner(System.in);\n>         String Sa = sc.next();\n>         String Sb = sc.next();\n>         String Sc = sc.next();\n>         sc.close();\n>         int numA = Sa.length();\n>         int numB = Sb.length();\n>         int numC = Sc.length();\n>         int countA = 0;\n>         int countB = 0;\n>         int countC = 0;\n>         char turn = 'a';\n>         while(true){\n>             if(turn == 'a'){\n>                 turn = Sa.charAt(countA);\n>                 countA++;\n>             }\n>             if(turn == 'b'){\n>                 turn = Sb.charAt(countB);\n>                 countB++;\n>             }\n>             if(turn == 'c'){\n>                 turn = Sc.charAt(countC);\n>                 countC++;\n>             }\n!             if(countA == numA && turn == 'a'){\n!                 System.out.println('A');\n!                 break;\n!             }\n!             if(countB == numB && turn == 'b'){\n!                 System.out.println('B');\n!                 break;\n!             }\n!             if(countC == numC && turn == 'c'){\n!                 System.out.println('C');\n!                 break;\n!             }\n>         }\n>     }\n}\n```\n**OUTPUT**:\n```\nError: IndexOutOfBoundsException\n```\nThe actual execution reveals an error due to not correctly handling the scenario when `turn` does not match `'a'`, `'b'`, or `'c'` after the first iteration, leading to accessing characters out of bounds.",
            "test_seed_coverage": [
                ">",
                ">",
                ">",
                ">",
                ">",
                ">",
                ">",
                ">",
                ">",
                ">",
                ">",
                ">",
                ">",
                ">",
                ">",
                ">",
                ">",
                ">",
                ">",
                ">",
                ">",
                ">",
                ">",
                ">",
                ">",
                ">",
                ">",
                ">",
                ">",
                ">",
                ">",
                ">",
                ">",
                ">",
                ">",
                ">",
                ">",
                ">",
                ">",
                ">",
                ">",
                ">"
            ],
            "cumulative_coverage": [
                ">",
                ">",
                ">",
                ">",
                ">",
                ">",
                ">",
                ">",
                ">",
                ">",
                ">",
                ">",
                ">",
                ">",
                ">",
                ">",
                ">",
                ">",
                ">",
                ">",
                ">",
                ">",
                ">",
                ">",
                ">",
                ">",
                ">",
                ">",
                ">",
                ">",
                ">",
                ">",
                ">",
                ">",
                ">",
                ">",
                ">",
                ">",
                ">",
                ">",
                ">",
                ">"
            ],
            "cerberus_output": "IndexOutOfBoundsException",
            "execution_result": ""
        },
        {
            "test_case": [
                "Test Case Input:\n\"abc\"\n\"def\"\n\"ghi\""
            ],
            "test_mutations": [
                "Test Case Input:\n\"abc\"\n\"def\"\n\"ghi\""
            ],
            "initial_code": "public class Main{\n    public static void main(String args[]){\n        Scanner sc = new Scanner(System.in);\n        String Sa = sc.next();\n        String Sb = sc.next();\n        String Sc = sc.next();\n        sc.close();\n        int numA = Sa.length();\n        int numB = Sb.length();\n        int numC = Sc.length();\n        int countA = 0;\n        int countB = 0;\n        int countC = 0;\n        char turn = 'a';\n        while(true){\n            if(turn == 'a'){\n                turn = Sa.charAt(countA);\n                countA++;\n            }\n            if(turn == 'b'){\n                turn = Sb.charAt(countB);\n                countB++;\n            }\n            if(turn == 'c'){\n                turn = Sc.charAt(countC);\n                countC++;\n            }\n            if(countA == numA && turn == 'a'){\n                System.out.println('A');\n                break;\n            }\n            if(countB == numB && turn == 'b'){\n                System.out.println('B');\n                break;\n            }\n            if(countC == numC && turn == 'c'){\n                System.out.println('C');\n                break;\n            }\n        }\n    }\n}",
            "covered_code": "Given the test case input `\"abc\"`, `\"def\"`, and `\"ghi\"`, let's develop a plan for step by step execution of the given Java program and predict the code coverage. \n\n1. **Scanner object creation**: Always executed. Statement `Scanner sc = new Scanner(System.in);` is covered.\n2. **Reading Strings**: Always executed as input is provided. Statements \n   - `String Sa = sc.next();`\n   - `String Sb = sc.next();`\n   - `String Sc = sc.next();`\n   \n   are covered.\n3. **Closing the Scanner object**: Always executed. Statement `sc.close();` is covered.\n4. **Calculating String lengths**: Always executed as part of the setup for the loop. Statements \n   - `int numA = Sa.length();`\n   - `int numB = Sb.length();`\n   - `int numC = Sc.length();`\n   \n   are covered.\n5. **Initializing counters and turn variable**: Always executed. Statements \n   - `int countA = 0;`\n   - `int countB = 0;`\n   - `int countC = 0;`\n   - `char turn = 'a';`\n   \n   are covered.\n6. **Execution of `while(true)` loop and its contents**: Will be executed multiple times based on the logic. \n   - The `if` conditions inside the loop will be executed multiple times depending on the value of `turn`. Since all turns ('a', 'b', 'c') are part of the game, all related if conditions are covered.\n   - Characters are fetched from each string based on the `turn` variable. This process continues until one of the strings is fully traversed, and its turn comes up again. Hence all the statements inside the loop are covered.\n7. **Break conditions**: Each `if` condition inside the loop checking for the end condition of each string (`countA == numA && turn == 'a'`, etc.) will be eventually met. Thus, all are covered.\n8. **Printing the winner (`A`, `B`, or `C`)**: Given the input, the loop is designed to break when one of the strings is fully traversed, and it's their turn again, meaning the `System.out.println()` statements for `A`, `B`, or `C` will be executed based on the input provided. Given the input, the logic will loop through the characters in the order `abc -> def -> ghi`. Since the lengths of all strings are equal, and the pattern ensures each character points to the next string in order, no string will finish before the others. Hence, an IndexOutOfBoundsException will occur before any player wins, contradicting the initial analysis.\n\nUpon further analysis, we realize that an IndexOutOfBoundsException will occur when `countA`, `countB`, or `countC` exceeds the respective string's length (`numA`, `numB`, `numC`) because the loop and conditions inside it don't prevent accessing characters beyond the strings' lengths.\n\n**Correction**:\n- The execution plan was initially based on the assumption that the game logic would allow one of the print statements (`System.out.println('A');`, etc.) to be reached based on the turn logic. This is incorrect given the nature of the inputs and the logic flaw that leads to accessing characters out of the strings' bounds.\n\n**OUTPUT**:\nGiven the corrected understanding, the correct output will not be any of the players winning but rather a runtime exception:\n\n**Error**: `java.lang.StringIndexOutOfBoundsException`\n\n**Code Coverage**:\nAll lines in the `while` loop are executed until the exception occurs. Hence, all lines prior to the exception are marked as executed (`>`), and any lines that might have been considered executable after the point of exception are not applicable due to the abrupt termination of the program.\n\n```java\n> public class Main{\n>     public static void main(String args[]){\n>         Scanner sc = new Scanner(System.in);\n>         String Sa = sc.next();\n>         String Sb = sc.next();\n>         String Sc = sc.next();\n>         sc.close();\n>         int numA = Sa.length();\n>         int numB = Sb.length();\n>         int numC = Sc.length();\n>         int countA = 0;\n>         int countB = 0;\n>         int countC = 0;\n>         char turn = 'a';\n>         while(true){\n>             if(turn == 'a'){\n>                 turn = Sa.charAt(countA);\n>                 countA++;\n>             }\n>             if(turn == 'b'){\n>                 turn = Sb.charAt(countB);\n>                 countB++;\n>             }\n>             if(turn == 'c'){\n>                 turn = Sc.charAt(countC);\n>                 countC++;\n>             }\n>             if(countA == numA && turn == 'a'){\n!                 System.out.println('A');\n>                 break;\n>             }\n>             if(countB == numB && turn == 'b'){\n!                 System.out.println('B');\n>                 break;\n>             }\n>             if(countC == numC && turn == 'c'){\n!                 System.out.println('C');\n>                 break;\n>             }\n>         }\n>     }\n> }\n```",
            "test_seed_coverage": [
                ">",
                ">",
                ">",
                ">",
                ">",
                ">",
                ">",
                ">",
                ">",
                ">",
                ">",
                ">",
                ">",
                ">",
                ">",
                ">",
                ">",
                ">",
                ">",
                ">",
                ">",
                ">",
                ">",
                ">",
                ">",
                ">",
                ">",
                ">",
                ">",
                ">",
                ">",
                ">",
                ">",
                ">",
                ">",
                ">",
                ">",
                ">",
                ">",
                ">",
                ">",
                ">"
            ],
            "cumulative_coverage": [
                ">",
                ">",
                ">",
                ">",
                ">",
                ">",
                ">",
                ">",
                ">",
                ">",
                ">",
                ">",
                ">",
                ">",
                ">",
                ">",
                ">",
                ">",
                ">",
                ">",
                ">",
                ">",
                ">",
                ">",
                ">",
                ">",
                ">",
                ">",
                ">",
                ">",
                ">",
                ">",
                ">",
                ">",
                ">",
                ">",
                ">",
                ">",
                ">",
                ">",
                ">",
                ">"
            ],
            "cerberus_output": "StringIndexOutOfBoundsException, IndexOutOfBoundsException",
            "execution_result": ""
        },
        {
            "test_case": [
                "Test Case Input:\nabc\ndef\nghi"
            ],
            "test_mutations": [
                "Test Case Input:\nabc\ndef\nghi"
            ],
            "initial_code": "public class Main{\n    public static void main(String args[]){\n        Scanner sc = new Scanner(System.in);\n        String Sa = sc.next();\n        String Sb = sc.next();\n        String Sc = sc.next();\n        sc.close();\n        int numA = Sa.length();\n        int numB = Sb.length();\n        int numC = Sc.length();\n        int countA = 0;\n        int countB = 0;\n        int countC = 0;\n        char turn = 'a';\n        while(true){\n            if(turn == 'a'){\n                turn = Sa.charAt(countA);\n                countA++;\n            }\n            if(turn == 'b'){\n                turn = Sb.charAt(countB);\n                countB++;\n            }\n            if(turn == 'c'){\n                turn = Sc.charAt(countC);\n                countC++;\n            }\n            if(countA == numA && turn == 'a'){\n                System.out.println('A');\n                break;\n            }\n            if(countB == numB && turn == 'b'){\n                System.out.println('B');\n                break;\n            }\n            if(countC == numC && turn == 'c'){\n                System.out.println('C');\n                break;\n            }\n        }\n    }\n}",
            "covered_code": "Let's develop a plan for step by step execution of the given Java program with the test case input `abc`, `def`, `ghi` and predict the code coverage.\n\n1. **Class Declaration**: Always executed. Statement `public class Main{` is covered.\n\n2. **Main method declaration**: Always executed. Statement `public static void main(String args[]){` is covered.\n\n3. **User Input**: Since we have a predefined test case input, we simulate the reading of inputs. Statements to read inputs `String Sa = sc.next();`, `String Sb = sc.next();`, `String Sc = sc.next();` are considered executed as per the plan.\n\n4. **Close Scanner**: Statement `sc.close();` is always executed after reading inputs.\n\n5. **Variable Initialization**: Statements to initialize length variables `int numA = Sa.length();`, `int numB = Sb.length();`, `int numC = Sc.length();` and count variables `int countA = 0;`, `int countB = 0;`, `int countC = 0;` along with the turn variable `char turn = 'a';` are executed.\n\n6. **While Loop Execution**: The condition for the while loop is always true `while(true){`, so it enters the loop.\n\n7. **If Conditions Inside Loop**:\n    - On the first iteration, `turn == 'a'` is true, so it enters the first if block, updates `turn` and `countA`. This is executed.\n    - In subsequent iterations, depending on the updated value of `turn`, the program enters the respective if blocks for 'a', 'b', or 'c', updating the turn and respective count variables. Since the input strings are non-empty and have equal lengths, all conditions for changing turns ('a' to 'b', 'b' to 'c', 'c' to 'a') are executed.\n    - Finally, the conditions to check if any string has been completely traversed and to print the winner ('A', 'B', or 'C') are also executed.\n\n8. **Break Condition**: The loop breaks when one of the strings is completely traversed and its turn comes up again. Given the inputs, each string will be completely traversed without causing an index out of bound exception, and the program will print the winner correctly before breaking from the loop.\n\n9. **Closing Brackets**: Always covered.\n\nBased on the above plan, here's the code coverage indication:\n\n```java\n> public class Main{\n>     public static void main(String args[]){\n>         Scanner sc = new Scanner(System.in);\n>         String Sa = sc.next();\n>         String Sb = sc.next();\n>         String Sc = sc.next();\n>         sc.close();\n>         int numA = Sa.length();\n>         int numB = Sb.length();\n>         int numC = Sc.length();\n>         int countA = 0;\n>         int countB = 0;\n>         int countC = 0;\n>         char turn = 'a';\n>         while(true){\n>             if(turn == 'a'){\n>                 turn = Sa.charAt(countA);\n>                 countA++;\n>             }\n>             if(turn == 'b'){\n>                 turn = Sb.charAt(countB);\n>                 countB++;\n>             }\n>             if(turn == 'c'){\n>                 turn = Sc.charAt(countC);\n>                 countC++;\n>             }\n>             if(countA == numA && turn == 'a'){\n>                 System.out.println('A');\n>                 break;\n>             }\n>             if(countB == numB && turn == 'b'){\n>                 System.out.println('B');\n>                 break;\n>             }\n>             if(countC == numC && turn == 'c'){\n>                 System.out.println('C');\n>                 break;\n>             }\n>         }\n>     }\n> }\n```\n\nAll lines of code are executed given the test case input, ensuring full coverage for this specific scenario.",
            "test_seed_coverage": [
                ">",
                ">",
                ">",
                ">",
                ">",
                ">",
                ">",
                ">",
                ">",
                ">",
                ">",
                ">",
                ">",
                ">",
                ">",
                ">",
                ">",
                ">",
                ">",
                ">",
                ">",
                ">",
                ">",
                ">",
                ">",
                ">",
                ">",
                ">",
                ">",
                ">",
                ">",
                ">",
                ">",
                ">",
                ">",
                ">",
                ">",
                ">",
                ">",
                ">",
                ">",
                ">"
            ],
            "cumulative_coverage": [
                ">",
                ">",
                ">",
                ">",
                ">",
                ">",
                ">",
                ">",
                ">",
                ">",
                ">",
                ">",
                ">",
                ">",
                ">",
                ">",
                ">",
                ">",
                ">",
                ">",
                ">",
                ">",
                ">",
                ">",
                ">",
                ">",
                ">",
                ">",
                ">",
                ">",
                ">",
                ">",
                ">",
                ">",
                ">",
                ">",
                ">",
                ">",
                ">",
                ">",
                ">",
                ">"
            ],
            "cerberus_output": "",
            "execution_result": ""
        },
        {
            "test_case": [
                "Test Case Input:\n1 2 3"
            ],
            "test_mutations": [
                "Test Case Input:\n1 2 3"
            ],
            "initial_code": "public class Main{\n    public static void main(String args[]){\n        Scanner sc = new Scanner(System.in);\n        String Sa = sc.next();\n        String Sb = sc.next();\n        String Sc = sc.next();\n        sc.close();\n        int numA = Sa.length();\n        int numB = Sb.length();\n        int numC = Sc.length();\n        int countA = 0;\n        int countB = 0;\n        int countC = 0;\n        char turn = 'a';\n        while(true){\n            if(turn == 'a'){\n                turn = Sa.charAt(countA);\n                countA++;\n            }\n            if(turn == 'b'){\n                turn = Sb.charAt(countB);\n                countB++;\n            }\n            if(turn == 'c'){\n                turn = Sc.charAt(countC);\n                countC++;\n            }\n            if(countA == numA && turn == 'a'){\n                System.out.println('A');\n                break;\n            }\n            if(countB == numB && turn == 'b'){\n                System.out.println('B');\n                break;\n            }\n            if(countC == numC && turn == 'c'){\n                System.out.println('C');\n                break;\n            }\n        }\n    }\n}",
            "covered_code": "Given the test case input \"1 2 3\" for the Java program, let's develop a plan for step-by-step execution and predict code coverage:\n\n1. **Scanner Initialization**: The statement that initializes the Scanner object is always executed.\n   - `Scanner sc = new Scanner(System.in);`\n\n2. **Reading Input**: The statements that read input from the user are executed since they are placed at the beginning of the program.\n   - `String Sa = sc.next();`\n   - `String Sb = sc.next();`\n   - `String Sc = sc.next();`\n\n3. **Closing Scanner**: The statement to close the scanner is executed after reading the input.\n   - `sc.close();`\n\n4. **Calculating String Lengths**: The statements that calculate the lengths of the input strings are always executed.\n   - `int numA = Sa.length();`\n   - `int numB = Sb.length();`\n   - `int numC = Sc.length();`\n\n5. **Initialization of Counters and Turn**: The initialization of counters and the turn variable are executed since they precede the loop.\n   - `int countA = 0;`\n   - `int countB = 0;`\n   - `int countC = 0;`\n   - `char turn = 'a';`\n\n6. **While Loop Execution**: The while loop is executed indefinitely until a break condition is met.\n   - `while(true){ ... }`\n\n7. **Checking and Updating Turn**: The checks and updates for the turn are executed based on the provided inputs. Since the input strings \"1\", \"2\", and \"3\" each have a length of 1, the characters will change the turn accordingly. However, due to the nature of the input, an `StringIndexOutOfBoundsException` will occur, as the code will attempt to access characters beyond the length of the strings. This means not all parts of the while loop are executed successfully.\n\n8. **Condition to Print 'A', 'B', or 'C'**: The conditions that check whether to print 'A', 'B', or 'C' and break the loop are never reached due to the exception.\n\nPredicted Code Coverage:\n\n```\n> public class Main{\n>     public static void main(String args[]){\n>         Scanner sc = new Scanner(System.in);\n>         String Sa = sc.next();\n>         String Sb = sc.next();\n>         String Sc = sc.next();\n>         sc.close();\n>         int numA = Sa.length();\n>         int numB = Sb.length();\n>         int numC = Sc.length();\n>         int countA = 0;\n>         int countB = 0;\n>         int countC = 0;\n>         char turn = 'a';\n>         while(true){\n>             if(turn == 'a'){\n>                 turn = Sa.charAt(countA);\n>                 countA++;\n>             }\n>             if(turn == 'b'){\n>                 turn = Sb.charAt(countB);\n>                 countB++;\n>             }\n>             if(turn == 'c'){\n>                 turn = Sc.charAt(countC);\n>                 countC++;\n>             }\n!             if(countA == numA && turn == 'a'){\n!                 System.out.println('A');\n!                 break;\n!             }\n!             if(countB == numB && turn == 'b'){\n!                 System.out.println('B');\n!                 break;\n!             }\n!             if(countC == numC && turn == 'c'){\n!                 System.out.println('C');\n!                 break;\n!             }\n>         }\n>     }\n> }\n```\n\nOutput:\nError: `StringIndexOutOfBoundsException` due to attempting to access a character index out of bounds for one of the strings.\n\nThe code coverage indicates that the loop and the character turn switching are executed until the exception occurs. The conditions to print 'A', 'B', or 'C' and the associated breaks are not executed due to the premature termination of the program from the exception.",
            "test_seed_coverage": [
                ">",
                ">",
                ">",
                ">",
                ">",
                ">",
                ">",
                ">",
                ">",
                ">",
                ">",
                ">",
                ">",
                ">",
                ">",
                ">",
                ">",
                ">",
                ">",
                ">",
                ">",
                ">",
                ">",
                ">",
                ">",
                ">",
                ">",
                ">",
                ">",
                ">",
                ">",
                ">",
                ">",
                ">",
                ">",
                ">",
                ">",
                ">",
                ">",
                ">",
                ">",
                ">"
            ],
            "cumulative_coverage": [
                ">",
                ">",
                ">",
                ">",
                ">",
                ">",
                ">",
                ">",
                ">",
                ">",
                ">",
                ">",
                ">",
                ">",
                ">",
                ">",
                ">",
                ">",
                ">",
                ">",
                ">",
                ">",
                ">",
                ">",
                ">",
                ">",
                ">",
                ">",
                ">",
                ">",
                ">",
                ">",
                ">",
                ">",
                ">",
                ">",
                ">",
                ">",
                ">",
                ">",
                ">",
                ">"
            ],
            "cerberus_output": "StringIndexOutOfBoundsException",
            "execution_result": ""
        },
        {
            "test_case": [
                "Test Case Input:\n\"abc\"\n\"def\"\n\"ghi\""
            ],
            "test_mutations": [
                "Test Case Input:\n\"abc\"\n\"def\"\n\"ghi\""
            ],
            "initial_code": "public class Main{\n    public static void main(String args[]){\n        Scanner sc = new Scanner(System.in);\n        String Sa = sc.next();\n        String Sb = sc.next();\n        String Sc = sc.next();\n        sc.close();\n        int numA = Sa.length();\n        int numB = Sb.length();\n        int numC = Sc.length();\n        int countA = 0;\n        int countB = 0;\n        int countC = 0;\n        char turn = 'a';\n        while(true){\n            if(turn == 'a'){\n                turn = Sa.charAt(countA);\n                countA++;\n            }\n            if(turn == 'b'){\n                turn = Sb.charAt(countB);\n                countB++;\n            }\n            if(turn == 'c'){\n                turn = Sc.charAt(countC);\n                countC++;\n            }\n            if(countA == numA && turn == 'a'){\n                System.out.println('A');\n                break;\n            }\n            if(countB == numB && turn == 'b'){\n                System.out.println('B');\n                break;\n            }\n            if(countC == numC && turn == 'c'){\n                System.out.println('C');\n                break;\n            }\n        }\n    }\n}",
            "covered_code": "To predict the code coverage for the provided Java program and test case input, we will follow the same structured plan as illustrated in the example. The test case input consists of three strings: \"abc\", \"def\", and \"ghi\".\n\n**Plan for Step by Step Execution:**\n\n1. **Import Statements:** Since there is a Scanner class used, the import statement for java.util.Scanner is assumed to be present and is covered.\n2. **Class Declaration:** The class declaration \"public class Main{\" is always executed.\n3. **Main Method Declaration:** The main method \"public static void main(String args[])\" is always executed.\n4. **User Input and Program Output:**\n    - The statements to read input from the user \"String Sa = sc.next();\", \"String Sb = sc.next();\", and \"String Sc = sc.next();\" are covered.\n    - The \"sc.close();\" statement is also covered as it is executed after reading the inputs.\n5. **Variables Initialization:** The statements to initialize variables `numA`, `numB`, `numC`, `countA`, `countB`, `countC`, and `turn` are covered as they are executed right after taking the inputs.\n6. **While Loop Execution:** The while loop \"while(true)\" is executed.\n7. **If Conditions within While Loop:**\n    - The first time the while loop is executed, `turn` is 'a', so the first if condition is satisfied and its block is executed. The subsequent if conditions are checked but not satisfied, thus their blocks are not executed.\n    - The `turn` variable changes its value based on the character at the current index of the respective string (`Sa`, `Sb`, or `Sc`). This process continues, alternating between the strings based on the characters ('a', 'b', 'c').\n    - Once a string's length is fully iterated, and if the `turn` corresponds to that string, the appropriate print statement is executed, and the loop breaks.\n8. **Break Conditions and System Output:** Based on the logic and the input strings, the program will eventually print 'A', 'B', or 'C' depending on which string dictates the turn when its characters are exhausted.\n\nGiven the test inputs \"abc\", \"def\", \"ghi\", let's predict the code coverage:\n\n- The first character of `Sa` is 'a', so `turn` changes to 'b' and moves to `Sb`.\n- The first character of `Sb` is 'd', so `turn` changes to 'd' and is not 'a', 'b', or 'c', causing an infinite loop as none of the conditions to break the loop are met.\n\n**Predicted Code Coverage:**\n\n```\n> import java.util.Scanner;\n> public class Main{\n>     public static void main(String args[]){\n>         Scanner sc = new Scanner(System.in);\n>         String Sa = sc.next();\n>         String Sb = sc.next();\n>         String Sc = sc.next();\n>         sc.close();\n>         int numA = Sa.length();\n>         int numB = Sb.length();\n>         int numC = Sc.length();\n>         int countA = 0;\n>         int countB = 0;\n>         int countC = 0;\n>         char turn = 'a';\n>         while(true){\n>             if(turn == 'a'){\n>                 turn = Sa.charAt(countA);\n>                 countA++;\n>             }\n>             if(turn == 'b'){\n>                 turn = Sb.charAt(countB);\n>                 countB++;\n>             }\n>             if(turn == 'c'){\n>                 turn = Sc.charAt(countC);\n>                 countC++;\n>             }\n!             if(countA == numA && turn == 'a'){\n!                 System.out.println('A');\n!                 break;\n!             }\n!             if(countB == numB && turn == 'b'){\n!                 System.out.println('B');\n!                 break;\n!             }\n!             if(countC == numC && turn == 'c'){\n!                 System.out.println('C');\n!                 break;\n>             }\n>         }\n>     }\n> }\n```\n\n**Note:** The program, as given, will enter an infinite loop with the provided inputs and thus will not reach any of the breaking conditions. This is because the logic to break the loop depends on the turn being 'a', 'b', or 'c', but the characters in the strings will cause `turn` to take values that don't match these, and no condition updates the `turn` back to one of 'a', 'b', or 'c' after it changes to a different character ('d' in this case).",
            "test_seed_coverage": [
                ">",
                ">",
                ">",
                ">",
                ">",
                ">",
                ">",
                ">",
                ">",
                ">",
                ">",
                ">",
                ">",
                ">",
                ">",
                ">",
                ">",
                ">",
                ">",
                ">",
                ">",
                ">",
                ">",
                ">",
                ">",
                ">",
                ">",
                ">",
                ">",
                ">",
                ">",
                ">",
                ">",
                ">",
                ">",
                ">",
                ">",
                ">",
                ">",
                ">",
                ">",
                ">",
                ">"
            ],
            "cumulative_coverage": [
                ">",
                ">",
                ">",
                ">",
                ">",
                ">",
                ">",
                ">",
                ">",
                ">",
                ">",
                ">",
                ">",
                ">",
                ">",
                ">",
                ">",
                ">",
                ">",
                ">",
                ">",
                ">",
                ">",
                ">",
                ">",
                ">",
                ">",
                ">",
                ">",
                ">",
                ">",
                ">",
                ">",
                ">",
                ">",
                ">",
                ">",
                ">",
                ">",
                ">",
                ">",
                ">",
                ">"
            ],
            "cerberus_output": "",
            "execution_result": ""
        }
    ]
}