{
    "submission_id": "s282164572",
    "cycles": [
        {
            "test_case": [
                "Test Case Input:\naaaaaa"
            ],
            "test_mutations": [
                "Test Case Input:\naaaaaa"
            ],
            "initial_code": "public class Main {\n\tpublic static void main(String[] args) {\n\t\tScanner sc = new Scanner(System.in);\n\t\tString str = sc.next();\n\t\tArrayList<String> array = new ArrayList<String>();\n\t\tint num = 0;\n\t\tString[] strArray = new String[str.length()];\n\t\tfor (int k = 0; k < str.length(); k++) {\n\t\t\tstrArray[k] = String.valueOf(str.charAt(k));\n\t\t}\n\t\tfor (int i = 0; i < strArray.length; i++) {\n\t\t\tarray.add(strArray[i]);\n\t\t}\n\t\tfor (int i = 0; i < (array.size()-1); i++) {\n\t\t\tif (array.get(i) != array.get(i + 1)) {\n\t\t\t\t\tarray.remove(i);\n\t\t\t\t\tarray.remove(i+1);\n\t\t\t\t\tnum+=2;\n\t\t\t\t\ti=0;\n\t\t\t\t\tSystem.out.println(array);\n\t\t\t\t\t}\n\t\t\t}\n\t\tSystem.out.println(num);\n\t}\n}",
            "covered_code": "Given the test input \"aaaaaa\" and the provided Java program, let's develop a plan for step by step execution to predict the code coverage:\n\n1. **Import Statements**: Import statements for `Scanner` and `ArrayList` classes will be covered since they are used in the program.\n2. **Main Class Declaration**: The declaration of the main class `public class Main` is always executed.\n3. **Main Method Declaration**: The declaration of the `main` method `public static void main(String[] args)` is always executed.\n4. **User Input**: Since the input \"aaaaaa\" is provided, statements `Scanner sc = new Scanner(System.in);` and `String str = sc.next();` will be covered.\n5. **ArrayList Initialization**: The statement `ArrayList<String> array = new ArrayList<String>();` will be covered as it initializes an ArrayList to store individual characters.\n6. **Integer Initialization**: The statement `int num = 0;` will be covered as it initializes a counter variable.\n7. **Array Initialization**: The statement `String[] strArray = new String[str.length()];` will be covered as it initializes an array to store characters of the input string.\n8. **First For Loop**: The first for loop `for (int k = 0; k < str.length(); k++)` will be covered as it iterates over the input string to populate `strArray`.\n9. **Second For Loop**: The second for loop `for (int i = 0; i < strArray.length; i++)` will be covered as it iterates over `strArray` to add elements to `array`.\n10. **Third For Loop**: The third for loop `for (int i = 0; i < (array.size()-1); i++)` is intended to remove consecutive duplicate characters. However, given the input \"aaaaaa\", the condition `if (array.get(i) != array.get(i + 1))` will never be satisfied since all characters are the same. Therefore, the inside of the if statement will not be covered.\n11. **Final Print Statement**: The final print statement `System.out.println(num);` will be covered, printing the value of `num`.\n\nGiven the plan, here's the code coverage:\n\n```\n> import java.util.Scanner;\n> import java.util.ArrayList;\n> public class Main {\n>\tpublic static void main(String[] args) {\n>\t\tScanner sc = new Scanner(System.in);\n>\t\tString str = sc.next();\n>\t\tArrayList<String> array = new ArrayList<String>();\n>\t\tint num = 0;\n>\t\tString[] strArray = new String[str.length()];\n>\t\tfor (int k = 0; k < str.length(); k++) {\n>\t\t\tstrArray[k] = String.valueOf(str.charAt(k));\n>\t\t}\n>\t\tfor (int i = 0; i < strArray.length; i++) {\n>\t\t\tarray.add(strArray[i]);\n>\t\t}\n>\t\tfor (int i = 0; i < (array.size()-1); i++) {\n!\t\t\tif (array.get(i) != array.get(i + 1)) {\n!\t\t\t\t\tarray.remove(i);\n!\t\t\t\t\tarray.remove(i+1);\n!\t\t\t\t\tnum+=2;\n!\t\t\t\t\ti=0;\n!\t\t\t\t\tSystem.out.println(array);\n!\t\t\t\t\t}\n>\t\t}\n>\t\tSystem.out.println(num);\n>\t}\n}\n```\n\nNo runtime exceptions are raised for this test case. The key observation is that the condition within the third for loop to remove consecutive duplicate characters and print the array never triggers due to the nature of the input, so these lines are not covered.",
            "test_seed_coverage": [
                ">",
                ">",
                ">",
                ">",
                ">",
                ">",
                ">",
                ">",
                ">",
                ">",
                ">",
                ">",
                ">",
                ">",
                ">",
                ">",
                "!",
                "!",
                "!",
                "!",
                "!",
                "!",
                "!",
                ">",
                ">",
                ">"
            ],
            "cumulative_coverage": [
                ">",
                ">",
                ">",
                ">",
                ">",
                ">",
                ">",
                ">",
                ">",
                ">",
                ">",
                ">",
                ">",
                ">",
                ">",
                ">",
                "!",
                "!",
                "!",
                "!",
                "!",
                "!",
                "!",
                ">",
                ">",
                ">"
            ],
            "execution_output": "[a, a, a, a]\n[a, a]\n4",
            "cerberus_output": "",
            "execution_result": ""
        },
        {
            "test_case": [
                "Test Case Input:\n\"123abc\""
            ],
            "test_mutations": [
                "Test Case Input:\n\"123abc\""
            ],
            "initial_code": "public class Main {\n\tpublic static void main(String[] args) {\n\t\tScanner sc = new Scanner(System.in);\n\t\tString str = sc.next();\n\t\tArrayList<String> array = new ArrayList<String>();\n\t\tint num = 0;\n\t\tString[] strArray = new String[str.length()];\n\t\tfor (int k = 0; k < str.length(); k++) {\n\t\t\tstrArray[k] = String.valueOf(str.charAt(k));\n\t\t}\n\t\tfor (int i = 0; i < strArray.length; i++) {\n\t\t\tarray.add(strArray[i]);\n\t\t}\n\t\tfor (int i = 0; i < (array.size()-1); i++) {\n\t\t\tif (array.get(i) != array.get(i + 1)) {\n\t\t\t\t\tarray.remove(i);\n\t\t\t\t\tarray.remove(i+1);\n\t\t\t\t\tnum+=2;\n\t\t\t\t\ti=0;\n\t\t\t\t\tSystem.out.println(array);\n\t\t\t\t\t}\n\t\t\t}\n\t\tSystem.out.println(num);\n\t}\n}",
            "covered_code": "Given the Java program and the test case input \"123abc\", let's develop a plan for step by step execution and predict the code coverage. Note that the test case input is provided directly without scanning from System.in for the purpose of this explanation.\n\n1. **Import statements**: Import statements for Scanner and ArrayList will be executed.\n2. **Main Class Declaration**: The declaration of the main class is always executed.\n3. **Main Method Declaration**: The declaration of the main method is always executed.\n4. **Variable Initialization and Input Handling**: Since the input is provided as part of the test case, assume it's directly assigned to the `str` variable without using `Scanner`. The statement initializing the `str` variable, ArrayList, and `num` variable will be executed.\n5. **First For Loop Execution**: The first for loop that converts the string into a string array will be executed for each character in the input string.\n6. **Second For Loop Execution**: The second for loop that adds elements of `strArray` to `array` will be executed for each element in `strArray`.\n7. **Third For Loop Execution**: The third for loop contains logic for removing certain elements from the list and is executed based on the condition provided. This loop can be complex due to the dynamic size change of the array and conditional removal of elements.\n8. **Print Statements**: Any print statement inside loops will be executed based on the condition; the final print statement outside the loops will always be executed.\n9. **Closing Brackets**: Always covered.\n\nGiven the input \"123abc\", let's predict the code coverage:\n\n1. The import statements for Scanner and ArrayList are assumed executed (`>`).\n2. The class and main method declarations are executed (`>`).\n3. The variable initialization and input handling statements are executed (`>`).\n4. Both the first and second for loops fully iterate over their respective ranges, executing all statements within (`>`).\n5. The third for loop's execution depends on the condition. Given \"123abc\", adjacent characters are always different, so the removal logic and print statement inside the loop might not execute based on the provided logic. It seems there's a logical issue because the conditions for removal won't be met, and the loop might not function as intended. However, without specific logic correction, we'll assume the loop and its contents are executed at least once, noting potential issues with the algorithm.\n6. The final print statement will be executed (`>`).\n\nPredicted code coverage:\n\n```\n> import java.util.Scanner;\n> import java.util.ArrayList;\n> public class Main {\n> \tpublic static void main(String[] args) {\n> \t\tScanner sc = new Scanner(System.in);\n> \t\tString str = sc.next();\n> \t\tArrayList<String> array = new ArrayList<String>();\n> \t\tint num = 0;\n> \t\tString[] strArray = new String[str.length()];\n> \t\tfor (int k = 0; k < str.length(); k++) {\n> \t\t\tstrArray[k] = String.valueOf(str.charAt(k));\n> \t\t}\n> \t\tfor (int i = 0; i < strArray.length; i++) {\n> \t\t\tarray.add(strArray[i]);\n> \t\t}\n> \t\tfor (int i = 0; i < (array.size()-1); i++) {\n> \t\t\tif (array.get(i) != array.get(i + 1)) {\n> \t\t\t\t\tarray.remove(i);\n> \t\t\t\t\tarray.remove(i+1);\n> \t\t\t\t\tnum+=2;\n> \t\t\t\t\ti=0;\n> \t\t\t\t\tSystem.out.println(array);\n\t\t\t\t\t}\n> \t\t\t}\n> \t\tSystem.out.println(num);\n> \t}\n> }\n```\n\nNote: The third for loop's correct execution heavily depends on the specified logic and how it handles the input \"123abc\". The provided analysis assumes it runs at least once, but due to logical concerns, specifics may vary.",
            "test_seed_coverage": [
                ">",
                ">",
                ">",
                ">",
                ">",
                ">",
                ">",
                ">",
                ">",
                ">",
                ">",
                ">",
                ">",
                ">",
                ">",
                ">",
                ">",
                ">",
                ">",
                ">",
                ">",
                ">",
                ">",
                ">",
                ">",
                ">"
            ],
            "cumulative_coverage": [
                ">",
                ">",
                ">",
                ">",
                ">",
                ">",
                ">",
                ">",
                ">",
                ">",
                ">",
                ">",
                ">",
                ">",
                ">",
                ">",
                ">",
                ">",
                ">",
                ">",
                ">",
                ">",
                ">",
                ">",
                ">",
                ">"
            ],
            "execution_output": "[1, 3, a, b, c, \"]\n[1, a, c, \"]\n[1, c]\n6",
            "cerberus_output": "",
            "execution_result": ""
        },
        {
            "test_case": [
                "Test Case Input:\n\"123abc\""
            ],
            "test_mutations": [
                "Test Case Input:\n\"123abc\""
            ],
            "initial_code": "public class Main {\n\tpublic static void main(String[] args) {\n\t\tScanner sc = new Scanner(System.in);\n\t\tString str = sc.next();\n\t\tArrayList<String> array = new ArrayList<String>();\n\t\tint num = 0;\n\t\tString[] strArray = new String[str.length()];\n\t\tfor (int k = 0; k < str.length(); k++) {\n\t\t\tstrArray[k] = String.valueOf(str.charAt(k));\n\t\t}\n\t\tfor (int i = 0; i < strArray.length; i++) {\n\t\t\tarray.add(strArray[i]);\n\t\t}\n\t\tfor (int i = 0; i < (array.size()-1); i++) {\n\t\t\tif (array.get(i) != array.get(i + 1)) {\n\t\t\t\t\tarray.remove(i);\n\t\t\t\t\tarray.remove(i+1);\n\t\t\t\t\tnum+=2;\n\t\t\t\t\ti=0;\n\t\t\t\t\tSystem.out.println(array);\n\t\t\t\t\t}\n\t\t\t}\n\t\tSystem.out.println(num);\n\t}\n}",
            "covered_code": "To predict the code coverage for the provided Java program based on the given test case input \"123abc\", we follow a step-by-step execution plan. Since the code snippet lacks import statements for `Scanner` and `ArrayList`, we will assume they are included in the actual code. Given input, we simulate the program behavior without actually running it.\n\n### PLAN for Step by Step Execution:\n1. **Import statements**: Import statements for `Scanner` and `ArrayList` are always executed.\n2. **Class Declaration**: Declaration of the `Main` class is always executed.\n3. **Main Method Declaration**: Declaration of the `main` method is always executed.\n4. **User Input and Program Initialization**: \n   - Initialization of `Scanner`, reading input into `String str`, and initialization of `ArrayList<String> array` are executed.\n   - Initialization of the integer `num` and the array `strArray` are also executed.\n5. **First For Loop Execution**: \n   - The for loop that fills `strArray` with characters from `str` is fully executed.\n6. **Second For Loop Execution**: \n   - The for loop that adds elements of `strArray` to `array` is fully executed.\n7. **Third For Loop Execution**: \n   - This for loop iterates through `array`, checking if adjacent elements are different and then removing them while incrementing `num`. Given the nature of the input, this loop's execution depends on the conditional checks.\n8. **Print Statement Execution**: \n   - The print statement inside the loop might be executed depending on the condition.\n   - The final print statement that prints `num` is always executed.\n\n### Code Coverage Prediction:\nGiven the test case \"123abc\", let's predict the code coverage:\n\n```\n> import java.util.Scanner;\n> import java.util.ArrayList;\n> public class Main {\n>     public static void main(String[] args) {\n>         Scanner sc = new Scanner(System.in);\n>         String str = sc.next();\n>         ArrayList<String> array = new ArrayList<String>();\n>         int num = 0;\n>         String[] strArray = new String[str.length()];\n>         for (int k = 0; k < str.length(); k++) {\n>             strArray[k] = String.valueOf(str.charAt(k));\n>         }\n>         for (int i = 0; i < strArray.length; i++) {\n>             array.add(strArray[i]);\n>         }\n>         for (int i = 0; i < (array.size()-1); i++) {\n>             if (array.get(i) != array.get(i + 1)) {\n>                 array.remove(i);\n>                 array.remove(i);\n>                 num+=2;\n>                 i=0;\n>                 System.out.println(array);\n>             }\n>         }\n>         System.out.println(num);\n>     }\n> }\n```\n\n**Important Note**: The logic for removing adjacent non-equal elements and resetting the loop index to 0 after removals seems flawed. It doesn't accurately reflect a common algorithm for pairing or removal based on adjacency since it modifies the list while iterating through it without accounting for the shift in elements after removal. However, based on the plan and predicted execution, all lines would be executed given the specific behavior of this code (assuming it compiles and runs according to the provided logic, which seems to contain logical mistakes).\n\n**Exception**: No exception is noted in the prediction, but logically, the code may not work as intended due to potential `IndexOutOfBoundsException` from improper list manipulation during the third loop's execution. This analysis is based on the code as provided, without correction for potential logical errors.",
            "test_seed_coverage": [
                ">",
                ">",
                ">",
                ">",
                ">",
                ">",
                ">",
                ">",
                ">",
                ">",
                ">",
                ">",
                ">",
                ">",
                ">",
                ">",
                ">",
                ">",
                ">",
                ">",
                ">",
                ">",
                ">",
                ">",
                ">",
                ">",
                ">"
            ],
            "cumulative_coverage": [
                ">",
                ">",
                ">",
                ">",
                ">",
                ">",
                ">",
                ">",
                ">",
                ">",
                ">",
                ">",
                ">",
                ">",
                ">",
                ">",
                ">",
                ">",
                ">",
                ">",
                ">",
                ">",
                ">",
                ">",
                ">",
                ">",
                ">"
            ],
            "execution_output": "[1, 3, a, b, c, \"]\n[1, a, c, \"]\n[1, c]\n6",
            "cerberus_output": "IndexOutOfBoundsException",
            "execution_result": ""
        },
        {
            "test_case": [
                "Test Case Input:\n555aabbccdd"
            ],
            "test_mutations": [
                "Test Case Input:\n555aabbccdd"
            ],
            "initial_code": "public class Main {\n\tpublic static void main(String[] args) {\n\t\tScanner sc = new Scanner(System.in);\n\t\tString str = sc.next();\n\t\tArrayList<String> array = new ArrayList<String>();\n\t\tint num = 0;\n\t\tString[] strArray = new String[str.length()];\n\t\tfor (int k = 0; k < str.length(); k++) {\n\t\t\tstrArray[k] = String.valueOf(str.charAt(k));\n\t\t}\n\t\tfor (int i = 0; i < strArray.length; i++) {\n\t\t\tarray.add(strArray[i]);\n\t\t}\n\t\tfor (int i = 0; i < (array.size()-1); i++) {\n\t\t\tif (array.get(i) != array.get(i + 1)) {\n\t\t\t\t\tarray.remove(i);\n\t\t\t\t\tarray.remove(i+1);\n\t\t\t\t\tnum+=2;\n\t\t\t\t\ti=0;\n\t\t\t\t\tSystem.out.println(array);\n\t\t\t\t\t}\n\t\t\t}\n\t\tSystem.out.println(num);\n\t}\n}",
            "covered_code": "To predict the code coverage, let's follow the step-by-step execution plan for the given Java program with the test case input `555aabbccdd`.\n\n### Plan for Step by Step Execution:\n\n1. **Import Statements**: Since the program uses `Scanner` and `ArrayList`, the import statements for these classes will be executed. Statements `import java.util.Scanner;` and `import java.util.ArrayList;` are covered.\n\n2. **Class Declaration**: The declaration of the `Main` class is always executed. Statement `public class Main {` is covered.\n\n3. **Main Method Declaration**: The `main` method's declaration is always executed. Statement `public static void main(String[] args) {` is covered.\n\n4. **Scanner and String Input**: The program uses a `Scanner` to read the input, and the input is stored in a `String`. These statements are always executed. Statements `Scanner sc = new Scanner(System.in);` and `String str = sc.next();` are covered.\n\n5. **ArrayList and Variables Initialization**: Initialization of the `ArrayList`, `int num`, and the `String[] strArray` are always executed. Statements `ArrayList<String> array = new ArrayList<String>();`, `int num = 0;`, and `String[] strArray = new String[str.length()];` are covered.\n\n6. **First For Loop (Populating strArray)**: The first loop populates `strArray` with characters from the input string. This loop will execute for each character in the input string. Statement `for (int k = 0; k < str.length(); k++) {` and its body are covered.\n\n7. **Second For Loop (Adding to ArrayList)**: The second loop adds each element of `strArray` to the `ArrayList`. This loop will execute for each element in `strArray`. Statement `for (int i = 0; i < strArray.length; i++) {` and its body are covered.\n\n8. **Third For Loop (Removing Elements)**: This loop iterates through the `ArrayList` and removes consecutive non-matching elements, restarting at index 0 each time elements are removed. The condition and body of this loop will execute based on the input and the current state of the `ArrayList`. Statement `for (int i = 0; i < (array.size()-1); i++) {` and its body are covered as the input `555aabbccdd` will cause some iterations and modifications.\n\n9. **Printing `num`**: After exiting the third loop, the program prints the value of `num`. The statement `System.out.println(num);` is covered.\n\n10. **Closing Brackets and Scanner**: Always executed. The closing brackets for loops, methods, and classes are covered. However, it's noted that the `Scanner` is not explicitly closed in the provided code, which is a good practice but does not affect execution or code coverage.\n\n### Predicted Code Coverage:\n\n```\n> import java.util.Scanner;\n> import java.util.ArrayList;\n> public class Main {\n>   public static void main(String[] args) {\n>     Scanner sc = new Scanner(System.in);\n>     String str = sc.next();\n>     ArrayList<String> array = new ArrayList<String>();\n>     int num = 0;\n>     String[] strArray = new String[str.length()];\n>     for (int k = 0; k < str.length(); k++) {\n>       strArray[k] = String.valueOf(str.charAt(k));\n>     }\n>     for (int i = 0; i < strArray.length; i++) {\n>       array.add(strArray[i]);\n>     }\n>     for (int i = 0; i < (array.size()-1); i++) {\n>       if (array.get(i) != array.get(i + 1)) {\n>         array.remove(i);\n>         array.remove(i);\n>         num+=2;\n>         i=-1;\n>         System.out.println(array);\n>       }\n>     }\n>     System.out.println(num);\n>   }\n> }\n```\n\nNote: The specific behavior and code coverage might slightly vary depending on the actual execution environment and input handling (e.g., how the input `555aabbccdd` is processed). The explanation assumes that `555aabbccdd` is processed as intended, leading to certain operations in the loop that modify the array list and update `num`.\n",
            "test_seed_coverage": [
                ">",
                ">",
                ">",
                ">",
                ">",
                ">",
                ">",
                ">",
                ">",
                ">",
                ">",
                ">",
                ">",
                ">",
                ">",
                ">",
                ">",
                ">",
                ">",
                ">",
                ">",
                ">",
                ">",
                ">",
                ">",
                ">",
                ">"
            ],
            "cumulative_coverage": [
                ">",
                ">",
                ">",
                ">",
                ">",
                ">",
                ">",
                ">",
                ">",
                ">",
                ">",
                ">",
                ">",
                ">",
                ">",
                ">",
                ">",
                ">",
                ">",
                ">",
                ">",
                ">",
                ">",
                ">",
                ">",
                ">",
                ">"
            ],
            "execution_error": "Exception in thread \"main\" java.lang.IndexOutOfBoundsException: Index 2 out of bounds for length 2\n\tat java.base/jdk.internal.util.Preconditions.outOfBounds(Preconditions.java:100)\n\tat java.base/jdk.internal.util.Preconditions.outOfBoundsCheckIndex(Preconditions.java:106)\n\tat java.base/jdk.internal.util.Preconditions.checkIndex(Preconditions.java:302)\n\tat java.base/java.util.Objects.checkIndex(Objects.java:385)\n\tat java.base/java.util.ArrayList.remove(ArrayList.java:551)\n\tat Main.main(Main.java:19)",
            "cerberus_output": "",
            "execution_result": "IndexOutOfBoundsException"
        },
        {
            "test_case": [
                "Test Case Input:\n1a2b3c4d5e6f"
            ],
            "test_mutations": [
                "Test Case Input:\n1a2b3c4d5e6f"
            ],
            "initial_code": "public class Main {\n\tpublic static void main(String[] args) {\n\t\tScanner sc = new Scanner(System.in);\n\t\tString str = sc.next();\n\t\tArrayList<String> array = new ArrayList<String>();\n\t\tint num = 0;\n\t\tString[] strArray = new String[str.length()];\n\t\tfor (int k = 0; k < str.length(); k++) {\n\t\t\tstrArray[k] = String.valueOf(str.charAt(k));\n\t\t}\n\t\tfor (int i = 0; i < strArray.length; i++) {\n\t\t\tarray.add(strArray[i]);\n\t\t}\n\t\tfor (int i = 0; i < (array.size()-1); i++) {\n\t\t\tif (array.get(i) != array.get(i + 1)) {\n\t\t\t\t\tarray.remove(i);\n\t\t\t\t\tarray.remove(i+1);\n\t\t\t\t\tnum+=2;\n\t\t\t\t\ti=0;\n\t\t\t\t\tSystem.out.println(array);\n\t\t\t\t\t}\n\t\t\t}\n\t\tSystem.out.println(num);\n\t}\n}",
            "covered_code": "Given the provided Java program and the test case input \"1a2b3c4d5e6f\", let's develop a plan for step by step execution to predict the code coverage.\n\n**Plan for Step by Step Execution:**\n\n1. **Scanner Creation:** The statement `Scanner sc = new Scanner(System.in);` is always executed as it is part of the main method initialization. \n2. **String Input:** The statement `String str = sc.next();` is always executed because it reads the input from the user, which in the test case is \"1a2b3c4d5e6f\".\n3. **ArrayList Creation:** The statement `ArrayList<String> array = new ArrayList<String>();` is always executed for initializing the ArrayList.\n4. **Initialization of num:** The statement `int num = 0;` is always executed as it initializes the variable `num`.\n5. **strArray Initialization:** The statement `String[] strArray = new String[str.length()];` is always executed as it initializes the string array `strArray` with the length of the input string.\n6. **First for Loop:** The first for loop that fills `strArray` with characters from `str` one by one will always be executed as it depends on the length of `str`.\n7. **Second for Loop:** The second for loop that adds elements from `strArray` to the `array` list will always be executed as it iterates over the length of `strArray`.\n8. **Third for Loop (Removal Logic):** The third for loop that performs the removal if consecutive elements are not equal and prints the array will be executed. However, its completion and the execution of its body depend on the conditions and the modifications made to the `array` list during execution.\n9. **Printing num:** The statement `System.out.println(num);` is always executed at the end of the main method.\n\n**Predicted Code Coverage:**\n\n> public class Main {\n> \tpublic static void main(String[] args) {\n> \t\tScanner sc = new Scanner(System.in);\n> \t\tString str = sc.next();\n> \t\tArrayList<String> array = new ArrayList<String>();\n> \t\tint num = 0;\n> \t\tString[] strArray = new String[str.length()];\n> \t\tfor (int k = 0; k < str.length(); k++) {\n> \t\t\tstrArray[k] = String.valueOf(str.charAt(k));\n> \t\t}\n> \t\tfor (int i = 0; i < strArray.length; i++) {\n> \t\t\tarray.add(strArray[i]);\n> \t\t}\n> \t\tfor (int i = 0; i < (array.size()-1); i++) {\n> \t\t\tif (array.get(i) != array.get(i + 1)) {\n> \t\t\t\t\tarray.remove(i);\n> \t\t\t\t\tarray.remove(i);\n> \t\t\t\t\tnum+=2;\n> \t\t\t\t\ti=-1; // Since i is incremented at the end of the loop iteration, setting it to -1 will reset it to 0.\n> \t\t\t\t\tSystem.out.println(array);\n> \t\t\t\t\t}\n> \t\t\t}\n> \t\tSystem.out.println(num);\n> \t}\n> }\n\n**Note:** This code coverage prediction assumes that the program logic is correctly following the intended functionality, including iteration and modification of the list within the loop. However, there's a logical mistake in the code regarding the comparison using `!=` for string contents and not correctly handling list modification during iteration. In a real execution, the actual behavior might differ, especially due to the comparison of string objects using `!=` instead of `.equals()`, which is not corrected in the coverage prediction but is worth pointing out for accurate code functionality.",
            "test_seed_coverage": [
                ">",
                ">",
                ">",
                ">",
                ">",
                ">",
                ">",
                ">",
                ">",
                ">",
                ">",
                ">",
                ">",
                ">",
                ">",
                ">",
                ">",
                ">",
                ">",
                ">",
                ">",
                ">",
                ">",
                ">",
                ">"
            ],
            "cumulative_coverage": [
                ">",
                ">",
                ">",
                ">",
                ">",
                ">",
                ">",
                ">",
                ">",
                ">",
                ">",
                ">",
                ">",
                ">",
                ">",
                ">",
                ">",
                ">",
                ">",
                ">",
                ">",
                ">",
                ">",
                ">",
                ">"
            ],
            "execution_output": "[a, b, 3, c, 4, d, 5, e, 6, f]\n[a, 3, 4, d, 5, e, 6, f]\n[a, 4, 5, e, 6, f]\n[a, 5, 6, f]\n[a, 6]\n10",
            "cerberus_output": "",
            "execution_result": ""
        },
        {
            "test_case": [
                "Test Case Input:\nabccba"
            ],
            "test_mutations": [
                "Test Case Input:\nabccba"
            ],
            "initial_code": "public class Main {\n\tpublic static void main(String[] args) {\n\t\tScanner sc = new Scanner(System.in);\n\t\tString str = sc.next();\n\t\tArrayList<String> array = new ArrayList<String>();\n\t\tint num = 0;\n\t\tString[] strArray = new String[str.length()];\n\t\tfor (int k = 0; k < str.length(); k++) {\n\t\t\tstrArray[k] = String.valueOf(str.charAt(k));\n\t\t}\n\t\tfor (int i = 0; i < strArray.length; i++) {\n\t\t\tarray.add(strArray[i]);\n\t\t}\n\t\tfor (int i = 0; i < (array.size()-1); i++) {\n\t\t\tif (array.get(i) != array.get(i + 1)) {\n\t\t\t\t\tarray.remove(i);\n\t\t\t\t\tarray.remove(i+1);\n\t\t\t\t\tnum+=2;\n\t\t\t\t\ti=0;\n\t\t\t\t\tSystem.out.println(array);\n\t\t\t\t\t}\n\t\t\t}\n\t\tSystem.out.println(num);\n\t}\n}",
            "covered_code": "Given the test case input \"abccba\" and the Java program provided, let's develop a plan for step-by-step execution and predict the code coverage. \n\n1. **Import Statements:** Import statements for Scanner and ArrayList will be executed. Statements \"import java.util.Scanner;\" and \"import java.util.ArrayList;\" will be covered.\n\n2. **Main Class Declaration:** Always executed. Statement \"public class Main {\" is covered.\n\n3. **Main Method Declaration:** Always executed. Statement \"public static void main(String[] args) {\" is covered.\n\n4. **Scanner for User Input:** Executed. Statements \"Scanner sc = new Scanner(System.in);\" and \"String str = sc.next();\" are covered.\n\n5. **ArrayList and Variable Initialization:** Executed. Statements \"ArrayList<String> array = new ArrayList<String>();\" and \"int num = 0;\" are covered.\n\n6. **Array Initialization and Population:** Executed. The loop that populates \"strArray\" is executed for each character in the input string \"abccba\". Statements within the for loop \"for (int k = 0; k < str.length(); k++) {\" and \"strArray[k] = String.valueOf(str.charAt(k));\" are covered.\n\n7. **Populating the ArrayList:** Executed. The loop that adds elements from \"strArray\" to \"array\" is executed for each element in \"strArray\". Statements within the for loop \"for (int i = 0; i < strArray.length; i++) {\" and \"array.add(strArray[i]);\" are covered.\n\n8. **Main Logic Execution (Removing Elements):** This step involves removing pairs of adjacent non-equal elements and maintaining a count. Given the input \"abccba\", this process will eventually remove all elements since \"abccba\" is symmetric and all characters cancel out when processed according to the algorithm. Statements inside the for loop \"for (int i = 0; i < (array.size()-1); i++) {\" are executed. The if condition \"if (array.get(i) != array.get(i + 1)) {\" is evaluated and executed according to the input, covering statements inside it.\n\n9. **Print Statements:** The print statement inside the loop \"System.out.println(array);\" and the final print statement \"System.out.println(num);\" are executed. \n\n10. **Scanner Close:** Not explicitly included in the provided code snippet but is assumed to be a necessary step in properly written code. If included, it would be executed.\n\nBased on the plan, the code coverage would be:\n\n> import java.util.Scanner;\n> import java.util.ArrayList;\n> public class Main {\n>    public static void main(String[] args) {\n>        Scanner sc = new Scanner(System.in);\n>        String str = sc.next();\n>        ArrayList<String> array = new ArrayList<String>();\n>        int num = 0;\n>        String[] strArray = new String[str.length()];\n>        for (int k = 0; k < str.length(); k++) {\n>            strArray[k] = String.valueOf(str.charAt(k));\n>        }\n>        for (int i = 0; i < strArray.length; i++) {\n>            array.add(strArray[i]);\n>        }\n>        for (int i = 0; i < (array.size()-1); i++) {\n>            if (array.get(i) != array.get(i + 1)) {\n>                array.remove(i);\n>                array.remove(i);\n>                num += 2;\n>                i = -1;\n>                System.out.println(array);\n>            }\n>        }\n>        System.out.println(num);\n>    }\n> }\n\nNote: The original plan does not consider that the code provided would result in an `IndexOutOfBoundsException` due to incorrect index handling after removals in the array list. However, the planned coverage follows the provided instructions, assuming the code functions as intended for the input \"abccba\".",
            "test_seed_coverage": [
                ">",
                ">",
                ">",
                ">",
                ">",
                ">",
                ">",
                ">",
                ">",
                ">",
                ">",
                ">",
                ">",
                ">",
                ">",
                ">",
                ">",
                ">",
                ">",
                ">",
                ">",
                ">",
                ">",
                ">",
                ">",
                ">",
                ">"
            ],
            "cumulative_coverage": [
                ">",
                ">",
                ">",
                ">",
                ">",
                ">",
                ">",
                ">",
                ">",
                ">",
                ">",
                ">",
                ">",
                ">",
                ">",
                ">",
                ">",
                ">",
                ">",
                ">",
                ">",
                ">",
                ">",
                ">",
                ">",
                ">",
                ">"
            ],
            "execution_output": "[b, c, b, a]\n[b, b]\n4",
            "cerberus_output": "IndexOutOfBoundsException",
            "execution_result": ""
        },
        {
            "test_case": [
                "Test Case Input:\n\"123abc\""
            ],
            "test_mutations": [
                "Test Case Input:\n\"123abc\""
            ],
            "initial_code": "public class Main {\n\tpublic static void main(String[] args) {\n\t\tScanner sc = new Scanner(System.in);\n\t\tString str = sc.next();\n\t\tArrayList<String> array = new ArrayList<String>();\n\t\tint num = 0;\n\t\tString[] strArray = new String[str.length()];\n\t\tfor (int k = 0; k < str.length(); k++) {\n\t\t\tstrArray[k] = String.valueOf(str.charAt(k));\n\t\t}\n\t\tfor (int i = 0; i < strArray.length; i++) {\n\t\t\tarray.add(strArray[i]);\n\t\t}\n\t\tfor (int i = 0; i < (array.size()-1); i++) {\n\t\t\tif (array.get(i) != array.get(i + 1)) {\n\t\t\t\t\tarray.remove(i);\n\t\t\t\t\tarray.remove(i+1);\n\t\t\t\t\tnum+=2;\n\t\t\t\t\ti=0;\n\t\t\t\t\tSystem.out.println(array);\n\t\t\t\t\t}\n\t\t\t}\n\t\tSystem.out.println(num);\n\t}\n}",
            "covered_code": "Let's develop a step-by-step execution plan for the given Java program with the associated test input and predict its code coverage.\n\n### Test Case Input:\n\"123abc\"\n\n### Java Program:\n```java\nimport java.util.Scanner;\nimport java.util.ArrayList; // This line is assumed as it's necessary for the ArrayList to work.\n\npublic class Main {\n    public static void main(String[] args) {\n        Scanner sc = new Scanner(System.in);\n        String str = sc.next();\n        ArrayList<String> array = new ArrayList<String>();\n        int num = 0;\n        String[] strArray = new String[str.length()];\n        for (int k = 0; k < str.length(); k++) {\n            strArray[k] = String.valueOf(str.charAt(k));\n        }\n        for (int i = 0; i < strArray.length; i++) {\n            array.add(strArray[i]);\n        }\n        for (int i = 0; i < (array.size()-1); i++) {\n            if (array.get(i) != array.get(i + 1)) {\n                    array.remove(i);\n                    array.remove(i);\n                    num+=2;\n                    i=0;\n                    System.out.println(array);\n            }\n        }\n        System.out.println(num);\n    }\n}\n```\n\n### Execution Plan:\n1. **Import Statements**: Always executed. Import for `Scanner` and `ArrayList`.\n2. **Class Declaration**: Always executed. `public class Main {`.\n3. **Main Method Declaration**: Always executed.\n4. **Scanner and Input**: `Scanner sc = new Scanner(System.in);` and `String str = sc.next();` will be executed as they are part of the initial setup.\n5. **ArrayList and Variable Initialization**: The initialization part `ArrayList<String> array = new ArrayList<String>();`, `int num = 0;`, and array initialization `String[] strArray = new String[str.length()];` are always executed.\n6. **First for-loop populating `strArray`**: The loop iterates over the length of the input string, populating `strArray` with individual characters.\n7. **Second for-loop adding elements to `array`**: This loop adds each character of `strArray` to `array`. \n8. **Third for-loop for removal and counting**: This is where the logic to check adjacent characters and remove them if they are different is implemented. Given the input \"123abc\", this loop's condition and removal logic would not be executed as expected due to a logical error in comparing `String` objects with `!=` instead of `!array.get(i).equals(array.get(i + 1))`. However, the loop itself is entered, but its condition may not work as intended.\n9. **Printing `num`**: The final `System.out.println(num);` will be executed, displaying the value of `num`.\n\n### Predicted Code Coverage:\n\n```plaintext\n> import java.util.Scanner;\n> import java.util.ArrayList;\n> public class Main {\n>     public static void main(String[] args) {\n>         Scanner sc = new Scanner(System.in);\n>         String str = sc.next();\n>         ArrayList<String> array = new ArrayList<String>();\n>         int num = 0;\n>         String[] strArray = new String[str.length()];\n>         for (int k = 0; k < str.length(); k++) {\n>             strArray[k] = String.valueOf(str.charAt(k));\n>         }\n>         for (int i = 0; i < strArray.length; i++) {\n>             array.add(strArray[i]);\n>         }\n>         for (int i = 0; i < (array.size()-1); i++) {\n>             if (array.get(i) != array.get(i + 1)) {\n>                     array.remove(i);\n>                     array.remove(i);\n>                     num+=2;\n>                     i=0;\n>                     System.out.println(array);\n>             }\n>         }\n>         System.out.println(num);\n>     }\n> }\n```\n\n**Note:** While I've marked all lines as executed (`>`), the logical error in the removal loop (`if (array.get(i) != array.get(i + 1))`) may prevent the intended logic from executing correctly, but the syntax and structure allow it to execute. The actual functionality might not reflect the programmer's intention due to the issue with string comparison and adjusting the index after removals.",
            "test_seed_coverage": [
                ">",
                ">",
                ">",
                ">",
                ">",
                ">",
                ">",
                ">",
                ">",
                ">",
                ">",
                ">",
                ">",
                ">",
                ">",
                ">",
                ">",
                ">",
                ">",
                ">",
                ">",
                ">",
                ">",
                ">",
                ">",
                ">",
                ">"
            ],
            "cumulative_coverage": [
                ">",
                ">",
                ">",
                ">",
                ">",
                ">",
                ">",
                ">",
                ">",
                ">",
                ">",
                ">",
                ">",
                ">",
                ">",
                ">",
                ">",
                ">",
                ">",
                ">",
                ">",
                ">",
                ">",
                ">",
                ">",
                ">",
                ">"
            ],
            "execution_output": "[1, 3, a, b, c, \"]\n[1, a, c, \"]\n[1, c]\n6",
            "cerberus_output": "",
            "execution_result": ""
        },
        {
            "test_case": [
                "Test Case Input:\n\"123abc\""
            ],
            "test_mutations": [
                "Test Case Input:\n\"123abc\""
            ],
            "initial_code": "public class Main {\n\tpublic static void main(String[] args) {\n\t\tScanner sc = new Scanner(System.in);\n\t\tString str = sc.next();\n\t\tArrayList<String> array = new ArrayList<String>();\n\t\tint num = 0;\n\t\tString[] strArray = new String[str.length()];\n\t\tfor (int k = 0; k < str.length(); k++) {\n\t\t\tstrArray[k] = String.valueOf(str.charAt(k));\n\t\t}\n\t\tfor (int i = 0; i < strArray.length; i++) {\n\t\t\tarray.add(strArray[i]);\n\t\t}\n\t\tfor (int i = 0; i < (array.size()-1); i++) {\n\t\t\tif (array.get(i) != array.get(i + 1)) {\n\t\t\t\t\tarray.remove(i);\n\t\t\t\t\tarray.remove(i+1);\n\t\t\t\t\tnum+=2;\n\t\t\t\t\ti=0;\n\t\t\t\t\tSystem.out.println(array);\n\t\t\t\t\t}\n\t\t\t}\n\t\tSystem.out.println(num);\n\t}\n}",
            "covered_code": "Given the test input \"123abc\" and the specified Java program, let's develop a plan for step-by-step execution to predict the code coverage.\n\n1. **Import Statements**: Import statements for Scanner and ArrayList will be covered since they are necessary for the program execution. Statements like `import java.util.Scanner;` and `import java.util.ArrayList;` are covered.\n\n2. **Main Class Declaration**: The declaration of the public class Main is always executed. Statement `public class Main {` is covered.\n\n3. **Main Method Declaration**: The declaration of the public static void main(String[] args) method is always executed. Statement `public static void main(String[] args) {` is covered.\n\n4. **Scanner and String Input**: The Scanner object and the next input string from the user are always executed. Statements `Scanner sc = new Scanner(System.in);` and `String str = sc.next();` are covered.\n\n5. **ArrayList and Variable Initialization**: The initialization of the ArrayList, integer variable, and String array are always executed. Statements `ArrayList<String> array = new ArrayList<String>();`, `int num = 0;`, and `String[] strArray = new String[str.length()];` are covered.\n\n6. **First For Loop (Populating strArray)**: Since `str.length()` is 6 for \"123abc\", this loop will execute 6 times to populate `strArray`. Statement `for (int k = 0; k < str.length(); k++) {` and the body inside it are covered.\n\n7. **Second For Loop (Adding to ArrayList)**: This loop also depends on `strArray.length`, which is 6, thus the loop and its body are covered as it iterates through `strArray` and adds each element to `array`.\n\n8. **Third For Loop (Removing Elements)**: This is where the logic to remove elements if they are not equal to the next element and reset is applied. Given the input \"123abc\", comparisons and removals will occur. However, the condition inside the loop might not be satisfied due to the nature of string comparisons in Java (using `!=` for non-primitive data types does not compare their actual values but their references). So, the if condition may not work as expected, but the loop itself and the System.out.println inside it are executed, depending on the comparison results.\n\n9. **Final System.out.println(num)**: The final print statement is always executed, which prints the value of `num`.\n\n10. **Closing Brackets and Scanner Close**: These are syntactical necessities and always covered.\n\nGiven the above plan, the predicted code coverage, considering the specific behavior of string comparison in Java, is as follows:\n\n```\n> import java.util.Scanner;\n> import java.util.ArrayList;\n> public class Main {\n> \tpublic static void main(String[] args) {\n> \t\tScanner sc = new Scanner(System.in);\n> \t\tString str = sc.next();\n> \t\tArrayList<String> array = new ArrayList<String>();\n> \t\tint num = 0;\n> \t\tString[] strArray = new String[str.length()];\n> \t\tfor (int k = 0; k < str.length(); k++) {\n> \t\t\tstrArray[k] = String.valueOf(str.charAt(k));\n> \t\t}\n> \t\tfor (int i = 0; i < strArray.length; i++) {\n> \t\t\tarray.add(strArray[i]);\n> \t\t}\n> \t\tfor (int i = 0; i < (array.size()-1); i++) {\n? \t\t\tif (array.get(i) != array.get(i + 1)) {\n? \t\t\t\t\tarray.remove(i);\n? \t\t\t\t\tarray.remove(i+1);\n> \t\t\t\t\tnum+=2;\n> \t\t\t\t\ti=0;\n? \t\t\t\t\tSystem.out.println(array);\n? \t\t\t\t\t}\n> \t\t\t}\n> \t\tSystem.out.println(num);\n> \t}\n> }\n```\nNote: Lines marked with `?` indicate a potential misunderstanding or misprediction due to the specific complexities of how Java handles string comparisons and list manipulations, particularly with respect to how `!=` operates on object references rather than values. This is a simplified prediction without running the actual code and seeing how Java's list and string comparison behaviors interact in this specific context.",
            "test_seed_coverage": [
                ">",
                ">",
                ">",
                ">",
                ">",
                ">",
                ">",
                ">",
                ">",
                ">",
                ">",
                ">",
                ">",
                ">",
                ">",
                ">",
                ">",
                ">",
                ">",
                ">",
                ">",
                ">",
                ">",
                ">",
                ">"
            ],
            "cumulative_coverage": [
                ">",
                ">",
                ">",
                ">",
                ">",
                ">",
                ">",
                ">",
                ">",
                ">",
                ">",
                ">",
                ">",
                ">",
                ">",
                ">",
                ">",
                ">",
                ">",
                ">",
                ">",
                ">",
                ">",
                ">",
                ">"
            ],
            "execution_output": "[1, 3, a, b, c, \"]\n[1, a, c, \"]\n[1, c]\n6",
            "cerberus_output": "",
            "execution_result": ""
        },
        {
            "test_case": [
                "Test Case Input:\n\"abc\""
            ],
            "test_mutations": [
                "Test Case Input:\n\"abc\""
            ],
            "initial_code": "public class Main {\n\tpublic static void main(String[] args) {\n\t\tScanner sc = new Scanner(System.in);\n\t\tString str = sc.next();\n\t\tArrayList<String> array = new ArrayList<String>();\n\t\tint num = 0;\n\t\tString[] strArray = new String[str.length()];\n\t\tfor (int k = 0; k < str.length(); k++) {\n\t\t\tstrArray[k] = String.valueOf(str.charAt(k));\n\t\t}\n\t\tfor (int i = 0; i < strArray.length; i++) {\n\t\t\tarray.add(strArray[i]);\n\t\t}\n\t\tfor (int i = 0; i < (array.size()-1); i++) {\n\t\t\tif (array.get(i) != array.get(i + 1)) {\n\t\t\t\t\tarray.remove(i);\n\t\t\t\t\tarray.remove(i+1);\n\t\t\t\t\tnum+=2;\n\t\t\t\t\ti=0;\n\t\t\t\t\tSystem.out.println(array);\n\t\t\t\t\t}\n\t\t\t}\n\t\tSystem.out.println(num);\n\t}\n}",
            "covered_code": "For the provided code snippet, associated test input `\"abc\"`, and the plan to execute this program step by step, here's a predicted code coverage:\n\nPLAN for step by step execution:\n\n1. Import Statements: Required import statements such as `import java.util.Scanner;` and `import java.util.ArrayList;` will be executed first.\n\n2. Class Declaration: The class declaration `public class Main {` is always executed.\n\n3. Main Method Declaration: The `public static void main(String[] args) {` statement is always executed.\n\n4. Scanner and User Input: The creation of the Scanner object `Scanner sc = new Scanner(System.in);` and reading input `String str = sc.next();` are executed.\n\n5. ArrayList Declaration: The statement to create an ArrayList `ArrayList<String> array = new ArrayList<String>();` is executed.\n\n6. String Array Declaration: The declaration and initialization of `String[] strArray = new String[str.length()];` will be executed.\n\n7. First For Loop: Filling the `strArray` from the input string `str`. All iterations of the loop will be executed because it depends on the length of the input string.\n\n8. Second For Loop: Adding elements from `strArray` to `array`. All iterations of this loop will be executed because it runs for each element of `strArray`.\n\n9. Third For Loop: The condition to remove consecutive non-equal elements from `array`. This loop's execution depends on the condition inside it.\n\n10. Print Statement: The final print statement `System.out.println(num);` is always executed.\n\n11. Closing Brackets: always covered.\n\nGiven the test case input `\"abc\"`, let's predict the code coverage:\n\n```\n> public class Main {\n>     public static void main(String[] args) {\n>         Scanner sc = new Scanner(System.in);\n>         String str = sc.next();\n>         ArrayList<String> array = new ArrayList<String>();\n>         int num = 0;\n>         String[] strArray = new String[str.length()];\n>         for (int k = 0; k < str.length(); k++) {\n>             strArray[k] = String.valueOf(str.charAt(k));\n>         }\n>         for (int i = 0; i < strArray.length; i++) {\n>             array.add(strArray[i]);\n>         }\n>         for (int i = 0; i < (array.size()-1); i++) {\n>             if (array.get(i) != array.get(i + 1)) {\n>                     array.remove(i);\n>                     array.remove(i+1);\n>                     num+=2;\n>                     i=0;\n>                     System.out.println(array);\n>             }\n>         }\n>         System.out.println(num);\n>     }\n> }\n```\n\nFor the given input `\"abc\"`, the third for loop's condition will not lead to any removals because no two consecutive characters in the string `\"abc\"` are the same. Therefore, the `remove()` method inside the if condition and the `System.out.println(array);` inside the loop will not be executed for this particular input. However, due to an oversight in the prediction, it seems there was a misunderstanding about how the comparison is made for equality in Java; `!=` should really use `!array.get(i).equals(array.get(i + 1))` for String comparison. Given the original logic, the removal process wouldn't occur as intended due to the use of `!=` for object reference comparison, leading to a potential misinterpretation of the code's behavior. Thus, considering the original logic provided, the steps accurately reflect execution coverage based on the specified input, but with a note that the intended functionality might not behave as expected due to comparison misuse.",
            "test_seed_coverage": [
                ">",
                ">",
                ">",
                ">",
                ">",
                ">",
                ">",
                ">",
                ">",
                ">",
                ">",
                ">",
                ">",
                ">",
                ">",
                ">",
                ">",
                ">",
                ">",
                ">",
                ">",
                ">",
                ">",
                ">",
                ">"
            ],
            "cumulative_coverage": [
                ">",
                ">",
                ">",
                ">",
                ">",
                ">",
                ">",
                ">",
                ">",
                ">",
                ">",
                ">",
                ">",
                ">",
                ">",
                ">",
                ">",
                ">",
                ">",
                ">",
                ">",
                ">",
                ">",
                ">",
                ">"
            ],
            "execution_error": "Exception in thread \"main\" java.lang.IndexOutOfBoundsException: Index 2 out of bounds for length 2\n\tat java.base/jdk.internal.util.Preconditions.outOfBounds(Preconditions.java:100)\n\tat java.base/jdk.internal.util.Preconditions.outOfBoundsCheckIndex(Preconditions.java:106)\n\tat java.base/jdk.internal.util.Preconditions.checkIndex(Preconditions.java:302)\n\tat java.base/java.util.Objects.checkIndex(Objects.java:385)\n\tat java.base/java.util.ArrayList.remove(ArrayList.java:551)\n\tat Main.main(Main.java:19)",
            "cerberus_output": "",
            "execution_result": "IndexOutOfBoundsException"
        },
        {
            "test_case": [
                "Test Case Input:\nabbaabba"
            ],
            "test_mutations": [
                "Test Case Input:\nabbaabba"
            ],
            "initial_code": "public class Main {\n\tpublic static void main(String[] args) {\n\t\tScanner sc = new Scanner(System.in);\n\t\tString str = sc.next();\n\t\tArrayList<String> array = new ArrayList<String>();\n\t\tint num = 0;\n\t\tString[] strArray = new String[str.length()];\n\t\tfor (int k = 0; k < str.length(); k++) {\n\t\t\tstrArray[k] = String.valueOf(str.charAt(k));\n\t\t}\n\t\tfor (int i = 0; i < strArray.length; i++) {\n\t\t\tarray.add(strArray[i]);\n\t\t}\n\t\tfor (int i = 0; i < (array.size()-1); i++) {\n\t\t\tif (array.get(i) != array.get(i + 1)) {\n\t\t\t\t\tarray.remove(i);\n\t\t\t\t\tarray.remove(i+1);\n\t\t\t\t\tnum+=2;\n\t\t\t\t\ti=0;\n\t\t\t\t\tSystem.out.println(array);\n\t\t\t\t\t}\n\t\t\t}\n\t\tSystem.out.println(num);\n\t}\n}",
            "covered_code": "To predict the code coverage for the provided Java program and test input, let's follow the outlined plan step by step.\n\n**Test Case Input: abbaabba**\n\n### Plan for Step by Step Execution\n\n1. **Import Statements**: Import statements for `Scanner` and `ArrayList` are always executed.\n2. **Class Declaration**: The class `Main` declaration is always executed.\n3. **Main Method Declaration**: The `main` method declaration is always executed.\n4. **Variable Initialization and Scanner Input**: Statements initializing the `Scanner`, reading the input string, and initializing other variables (`ArrayList`, `int num`, and `String[] strArray`) are always executed.\n5. **First For Loop (Populating strArray)**: The first for loop that iterates over the length of the input string and populates `strArray` with individual characters of the string is always executed.\n6. **Second For Loop (Adding to ArrayList)**: The second for loop that adds each element of `strArray` to the `ArrayList` `array` is always executed.\n7. **Third For Loop (Main Logic)**: The third for loop compares adjacent elements in the `ArrayList` and removes them if they are not equal. The adjustment of the index and the updating of `num` occur within this loop.\n8. **Final Output**: The final print statement that outputs the value of `num` is always executed.\n\n### Predicted Code Coverage\n\nBased on the plan and given input \"abbaabba\", here's the execution coverage:\n\n- Import statements: `Scanner` and `ArrayList` imports are executed.\n- Class and method declarations are executed.\n- Initialization and input reading is executed.\n- Populating `strArray` with individual characters is executed.\n- Adding elements to `ArrayList` is executed.\n- The main logic loop (third for loop) is executed. However, the condition inside this loop (`if (array.get(i) != array.get(i + 1))`) is never true for the given input because `array.get(i)` and `array.get(i + 1)` are compared using `!=` which does not correctly compare the content of strings in Java. Instead, `.equals()` should be used for string content comparison. Therefore, the loop's body might not execute as expected due to incorrect string comparison, but the loop itself is still executed.\n- The final print statement that outputs the value of `num` is executed.\n\n### Code Coverage Indication\n\nGiven the explanation above, here is the code coverage indication:\n\n- All lines of the program are executed (`>`), except for the body of the `if` statement inside the third loop which may not execute as intended due to logical error in string comparison.\n\n```java\n> import java.util.Scanner;\n> import java.util.ArrayList;\n> public class Main {\n>     public static void main(String[] args) {\n>         Scanner sc = new Scanner(System.in);\n>         String str = sc.next();\n>         ArrayList<String> array = new ArrayList<String>();\n>         int num = 0;\n>         String[] strArray = new String[str.length()];\n>         for (int k = 0; k < str.length(); k++) {\n>             strArray[k] = String.valueOf(str.charAt(k));\n>         }\n>         for (int i = 0; i < strArray.length; i++) {\n>             array.add(strArray[i]);\n>         }\n>         for (int i = 0; i < (array.size()-1); i++) {\n!             if (array.get(i) != array.get(i + 1)) {\n!                 array.remove(i);\n!                 array.remove(i+1);\n!                 num+=2;\n!                 i=0;\n!                 System.out.println(array);\n!             }\n>         }\n>         System.out.println(num);\n>     }\n> }\n```\n\n**Note**: The logical error in string comparison may result in the body of the `if` statement not executing as intended, even though the loop itself is executed. However, without knowing the exact runtime behavior and assuming the loop's condition is correctly evaluated, all lines are technically executed, but the `if` condition is marked as not correctly covered due to the logical mistake.",
            "test_seed_coverage": [
                ">",
                ">",
                ">",
                ">",
                ">",
                ">",
                ">",
                ">",
                ">",
                ">",
                ">",
                ">",
                ">",
                ">",
                ">",
                ">",
                ">",
                ">",
                ">",
                ">",
                ">",
                ">",
                ">",
                ">",
                ">",
                ">",
                ">"
            ],
            "cumulative_coverage": [
                ">",
                ">",
                ">",
                ">",
                ">",
                ">",
                ">",
                ">",
                ">",
                ">",
                ">",
                ">",
                ">",
                ">",
                ">",
                ">",
                ">",
                ">",
                ">",
                ">",
                ">",
                ">",
                ">",
                ">",
                ">",
                ">",
                ">"
            ],
            "execution_output": "[b, a, a, b, b, a]\n[b, a, b, a]\n[b, b]\n6",
            "cerberus_output": "",
            "execution_result": ""
        },
        {
            "test_case": [
                "Test Case Input:\naabbcc"
            ],
            "test_mutations": [
                "Test Case Input:\naabbcc"
            ],
            "initial_code": "public class Main {\n\tpublic static void main(String[] args) {\n\t\tScanner sc = new Scanner(System.in);\n\t\tString str = sc.next();\n\t\tArrayList<String> array = new ArrayList<String>();\n\t\tint num = 0;\n\t\tString[] strArray = new String[str.length()];\n\t\tfor (int k = 0; k < str.length(); k++) {\n\t\t\tstrArray[k] = String.valueOf(str.charAt(k));\n\t\t}\n\t\tfor (int i = 0; i < strArray.length; i++) {\n\t\t\tarray.add(strArray[i]);\n\t\t}\n\t\tfor (int i = 0; i < (array.size()-1); i++) {\n\t\t\tif (array.get(i) != array.get(i + 1)) {\n\t\t\t\t\tarray.remove(i);\n\t\t\t\t\tarray.remove(i+1);\n\t\t\t\t\tnum+=2;\n\t\t\t\t\ti=0;\n\t\t\t\t\tSystem.out.println(array);\n\t\t\t\t\t}\n\t\t\t}\n\t\tSystem.out.println(num);\n\t}\n}",
            "covered_code": "Given the test case input \"aabbcc\" and the Java program, let's develop a plan for step-by-step execution and predict the code coverage. \n\n**PLAN**\n\n1. **Import Statements**: Import statements for `Scanner` and `ArrayList` are always executed. \n    - Statements like `import java.util.Scanner;` and `import java.util.ArrayList;` are covered.\n\n2. **Class Declaration**: The declaration of the public class `Main` is always executed. \n    - Statement `public class Main {` is covered.\n\n3. **Main Method Declaration**: The declaration of the `main` method is always executed. \n    - Statement `public static void main(String[] args) {` is covered.\n\n4. **Scanner and String Input**: The creation of a `Scanner` object and reading a `String` from the input are always executed. \n    - Statements `Scanner sc = new Scanner(System.in);` and `String str = sc.next();` are covered.\n\n5. **ArrayList and Variables Initialization**: The creation of an `ArrayList<String>` and initialization of `int num` and `String[] strArray` are always executed.\n    - Statements `ArrayList<String> array = new ArrayList<String>();` and `int num = 0;` and `String[] strArray = new String[str.length()];` are covered.\n\n6. **First For Loop - Filling strArray**: The first `for` loop that fills `strArray` with characters of `str` is always executed given `str` has a length.\n    - Statement `for (int k = 0; k < str.length(); k++) {` and its body are covered.\n\n7. **Second For Loop - Filling ArrayList**: The second `for` loop that fills `array` with elements of `strArray` is always executed since `strArray` has elements.\n    - Statement `for (int i = 0; i < strArray.length; i++) {` and its body are covered.\n\n8. **Third For Loop - Processing ArrayList**: The third `for` loop processes elements of `array` and removes pairs of non-equal adjacent characters.\n    - Given the input and the condition, this loop will be executed and its condition and body will be covered. However, the comparison using `!=` for `String` objects should logically be using `.equals()` method instead. In the provided code, `!=` will always evaluate to `true` due to reference comparison, not value comparison, but since the values are interned `String` literals, this might not behave as expected in all scenarios.\n\n9. **System.out.println() Inside the Loop**: This statement inside the third `for` loop will be executed multiple times due to the loop's logic and resetting of `i`.\n    - Statement `System.out.println(array);` is covered.\n\n10. **Final Output**: The final print statement outside the loop prints `num`.\n    - Statement `System.out.println(num);` is covered.\n\nBased on the plan, there would be no lines that are explicitly not executed, assuming the input is handled without errors, and all logical paths inside for-loops are considered valid. The incorrect use of `!=` for `String` comparison is a logical flaw but doesn't affect code coverage.\n\n**Predicted Code Coverage:**\n```\n> import java.util.Scanner;\n> import java.util.ArrayList;\n> public class Main {\n>   public static void main(String[] args) {\n>     Scanner sc = new Scanner(System.in);\n>     String str = sc.next();\n>     ArrayList<String> array = new ArrayList<String>();\n>     int num = 0;\n>     String[] strArray = new String[str.length()];\n>     for (int k = 0; k < str.length(); k++) {\n>         strArray[k] = String.valueOf(str.charAt(k));\n>     }\n>     for (int i = 0; i < strArray.length; i++) {\n>         array.add(strArray[i]);\n>     }\n>     for (int i = 0; i < (array.size()-1); i++) {\n>         if (array.get(i) != array.get(i + 1)) {\n>             array.remove(i);\n>             array.remove(i+1);\n>             num+=2;\n>             i=-1; // Corrected from `i=0;` to effectively restart loop\n>             System.out.println(array);\n>         }\n>     }\n>     System.out.println(num);\n>   }\n> }\n```\n\n**Note**: The actual execution and coverage might slightly vary due to the logical flaw in the comparison (`!=` vs `.equals()`), but this plan assumes interned strings and direct comparison, which might not lead to uncovered lines but could impact functionality.",
            "test_seed_coverage": [
                ">",
                ">",
                ">",
                ">",
                ">",
                ">",
                ">",
                ">",
                ">",
                ">",
                ">",
                ">",
                ">",
                ">",
                ">",
                ">",
                ">",
                ">",
                ">",
                ">",
                ">",
                ">",
                ">",
                ">",
                ">",
                ">",
                ">"
            ],
            "cumulative_coverage": [
                ">",
                ">",
                ">",
                ">",
                ">",
                ">",
                ">",
                ">",
                ">",
                ">",
                ">",
                ">",
                ">",
                ">",
                ">",
                ">",
                ">",
                ">",
                ">",
                ">",
                ">",
                ">",
                ">",
                ">",
                ">",
                ">",
                ">"
            ],
            "execution_output": "[a, b, c, c]\n[a, c]\n4",
            "cerberus_output": "",
            "execution_result": ""
        },
        {
            "test_case": [
                "Test Case Input:\nabababab"
            ],
            "test_mutations": [
                "Test Case Input:\nabababab"
            ],
            "initial_code": "public class Main {\n\tpublic static void main(String[] args) {\n\t\tScanner sc = new Scanner(System.in);\n\t\tString str = sc.next();\n\t\tArrayList<String> array = new ArrayList<String>();\n\t\tint num = 0;\n\t\tString[] strArray = new String[str.length()];\n\t\tfor (int k = 0; k < str.length(); k++) {\n\t\t\tstrArray[k] = String.valueOf(str.charAt(k));\n\t\t}\n\t\tfor (int i = 0; i < strArray.length; i++) {\n\t\t\tarray.add(strArray[i]);\n\t\t}\n\t\tfor (int i = 0; i < (array.size()-1); i++) {\n\t\t\tif (array.get(i) != array.get(i + 1)) {\n\t\t\t\t\tarray.remove(i);\n\t\t\t\t\tarray.remove(i+1);\n\t\t\t\t\tnum+=2;\n\t\t\t\t\ti=0;\n\t\t\t\t\tSystem.out.println(array);\n\t\t\t\t\t}\n\t\t\t}\n\t\tSystem.out.println(num);\n\t}\n}",
            "covered_code": "Given the test case input \"abababab\" for the Java program, let's develop a plan to understand the step-by-step execution and predict the code coverage. \n\n### Plan for Step by Step Execution:\n1. **Import Statements**: Since the given snippet implicitly uses `Scanner` and `ArrayList`, the import statements for `java.util.Scanner` and `java.util.ArrayList` are always executed. \n2. **Class Declaration**: The class declaration `public class Main {` is always executed.\n3. **Main Method Declaration**: The `public static void main(String[] args) {` declaration is always executed.\n4. **Scanner and Initializations**: The statements initializing the Scanner, the String input, the ArrayList, and the integer `num` are executed.\n    - `Scanner sc = new Scanner(System.in);`\n    - `String str = sc.next();`\n    - `ArrayList<String> array = new ArrayList<String>();`\n    - `int num = 0;`\n5. **First For Loop Execution**: This loop converts the input string into an array of its characters. Since the input is \"abababab\", the loop will execute 8 times.\n6. **Second For Loop Execution**: This loop adds each character of the string to the ArrayList. It will also execute 8 times.\n7. **Third For Loop Execution**: This loop is meant to remove pairs of non-equal adjacent elements and restart if any removal occurs. Given the input \"abababab\", it is designed to remove elements, but due to the use of `!=` for string comparison instead of `!array.get(i).equals(array.get(i + 1))`, it might not behave as intended. However, the loop will execute, and the condition will be checked.\n8. **System.out.println inside the Third For Loop**: This statement is designed to execute whenever a removal happens. Depending on the actual behavior of string comparison with `!=`, this might not execute as intended.\n9. **Final Print Statement**: The final print statement `System.out.println(num);` is always executed.\n\n### Predicted Code Coverage:\n- **Import Statements**: Assumed covered (not explicitly mentioned in the snippet).\n- **Class Declaration**: Covered.\n- **Main Method Declaration**: Covered.\n- **Scanner and Initializations**: All covered.\n- **First For Loop Execution**: Covered.\n- **Second For Loop Execution**: Covered.\n- **Third For Loop Execution**: Covered. However, the removal logic may not work as intended due to incorrect string comparison, leading to unexpected behavior.\n- **System.out.println inside the Third For Loop**: May not be covered if no removal occurs due to incorrect string comparison.\n- **Final Print Statement**: Covered.\n\n### Code Coverage Output:\n> public class Main {\n>     public static void main(String[] args) {\n>         Scanner sc = new Scanner(System.in);\n>         String str = sc.next();\n>         ArrayList<String> array = new ArrayList<String>();\n>         int num = 0;\n>         String[] strArray = new String[str.length()];\n>         for (int k = 0; k < str.length(); k++) {\n>             strArray[k] = String.valueOf(str.charAt(k));\n>         }\n>         for (int i = 0; i < strArray.length; i++) {\n>             array.add(strArray[i]);\n>         }\n>         for (int i = 0; i < (array.size()-1); i++) {\n>             if (array.get(i) != array.get(i + 1)) {\n!                 array.remove(i);\n!                 array.remove(i+1);\n!                 num+=2;\n!                 i=0;\n!                 System.out.println(array);\n              }\n>         }\n>         System.out.println(num);\n>     }\n> }\n\n**Note**: The actual code coverage and execution flow may vary based on whether objects are considered equal or not using `!=` for String comparison in Java. It's likely that due to incorrect comparison logic (`!=` instead of `.equals()`), the removal and reset logic inside the third for-loop may not execute as intended, affecting the coverage of conditional removal and printing inside the loop.",
            "test_seed_coverage": [
                ">",
                ">",
                ">",
                ">",
                ">",
                ">",
                ">",
                ">",
                ">",
                ">",
                ">",
                ">",
                ">",
                ">",
                ">",
                ">",
                ">",
                ">",
                ">",
                ">",
                ">",
                ">",
                ">",
                ">",
                ">"
            ],
            "cumulative_coverage": [
                ">",
                ">",
                ">",
                ">",
                ">",
                ">",
                ">",
                ">",
                ">",
                ">",
                ">",
                ">",
                ">",
                ">",
                ">",
                ">",
                ">",
                ">",
                ">",
                ">",
                ">",
                ">",
                ">",
                ">",
                ">"
            ],
            "execution_output": "[b, b, a, b, a, b]\n[b, a, a, b]\n[b, a]\n6",
            "cerberus_output": "",
            "execution_result": ""
        },
        {
            "test_case": [
                "Test Case Input:\n\"123abc\""
            ],
            "test_mutations": [
                "Test Case Input:\n\"123abc\""
            ],
            "initial_code": "public class Main {\n\tpublic static void main(String[] args) {\n\t\tScanner sc = new Scanner(System.in);\n\t\tString str = sc.next();\n\t\tArrayList<String> array = new ArrayList<String>();\n\t\tint num = 0;\n\t\tString[] strArray = new String[str.length()];\n\t\tfor (int k = 0; k < str.length(); k++) {\n\t\t\tstrArray[k] = String.valueOf(str.charAt(k));\n\t\t}\n\t\tfor (int i = 0; i < strArray.length; i++) {\n\t\t\tarray.add(strArray[i]);\n\t\t}\n\t\tfor (int i = 0; i < (array.size()-1); i++) {\n\t\t\tif (array.get(i) != array.get(i + 1)) {\n\t\t\t\t\tarray.remove(i);\n\t\t\t\t\tarray.remove(i+1);\n\t\t\t\t\tnum+=2;\n\t\t\t\t\ti=0;\n\t\t\t\t\tSystem.out.println(array);\n\t\t\t\t\t}\n\t\t\t}\n\t\tSystem.out.println(num);\n\t}\n}",
            "covered_code": "To predict the code coverage for the given Java program with the provided test case input, we follow a step-by-step execution plan as outlined below:\n\n1. **Import statements**: Statements that import necessary Java classes (e.g., `import java.util.Scanner;`, `import java.util.ArrayList;`) are always executed.\n\n2. **Class Declaration**: The declaration of the class `Main` is always executed.\n\n3. **Main method declaration**: The declaration of the `public static void main(String[] args)` method is always executed.\n\n4. **Initialization**: Statements initializing the `Scanner`, reading the input string, and initializing the `ArrayList` and other variables are executed.\n\n5. **First for loop (Populating `strArray`)**: This loop iterates over the characters of the input string and populates the `strArray` array. Since the input is `\"123abc\"`, this loop will run for 6 iterations, corresponding to each character.\n\n6. **Second for loop (Adding elements to `array`)**: This loop iterates over `strArray` and adds each character to the `ArrayList` `array`. This will also run for 6 iterations.\n\n7. **Third for loop (Removing consecutive non-equal elements)**: This loop iterates over `array` and removes pairs of consecutive non-equal elements, resetting the loop index to 0 after each removal. This loop's execution is more complex and depends on the contents of `array`.\n\n8. **Printing `num`**: The final value of `num` is printed, indicating how many elements were removed.\n\nGiven that the input string is `\"123abc\"`, let's predict the execution flow and code coverage:\n\n- All import statements, class, and method declarations are covered.\n- Initialization statements for the scanner, string, array list, `num`, and `strArray` are executed.\n- Both the first and second for loops are fully executed as they depend only on the length of the input string, which is not empty.\n- The third for loop's behavior is a bit tricky. Given the input `\"123abc\"`, there are no consecutive elements that are equal, so the if condition should never be true. This means the removal operations and `num` increment operations inside the if block are not executed.\n- The final print statement is executed.\n\nNow, let's detail the code coverage:\n\n```\n> public class Main {\n>     public static void main(String[] args) {\n>         Scanner sc = new Scanner(System.in);\n>         String str = sc.next();\n>         ArrayList<String> array = new ArrayList<String>();\n>         int num = 0;\n>         String[] strArray = new String[str.length()];\n>         for (int k = 0; k < str.length(); k++) {\n>             strArray[k] = String.valueOf(str.charAt(k));\n>         }\n>         for (int i = 0; i < strArray.length; i++) {\n>             array.add(strArray[i]);\n>         }\n>         for (int i = 0; i < (array.size()-1); i++) {\n>             if (array.get(i) != array.get(i + 1)) {\n!                 array.remove(i);\n!                 array.remove(i+1);\n!                 num+=2;\n!                 i=0;\n!                 System.out.println(array);\n              }\n          }\n>         System.out.println(num);\n      }\n  }\n```\n\nGiven the provided test case and program logic, there seems to be a misunderstanding in interpreting the loop's behavior for removing elements. This example assumed no elements are removed based on the described plan, but removing elements from the list during iteration without adjusting the loop index accordingly (or using an iterator) can lead to unexpected behavior or errors. The actual execution might differ, especially with the resetting of `i=0` within the loop, which is intended to restart the process after modifications. However, the specific execution details and code coverage annotations provided above are based on the initial explanation provided for the hypothetical execution plan.",
            "test_seed_coverage": [
                ">",
                ">",
                ">",
                ">",
                ">",
                ">",
                ">",
                ">",
                ">",
                ">",
                ">",
                ">",
                ">",
                ">",
                ">",
                ">",
                ">",
                ">",
                ">",
                ">",
                ">",
                ">",
                ">",
                ">",
                ">"
            ],
            "cumulative_coverage": [
                ">",
                ">",
                ">",
                ">",
                ">",
                ">",
                ">",
                ">",
                ">",
                ">",
                ">",
                ">",
                ">",
                ">",
                ">",
                ">",
                ">",
                ">",
                ">",
                ">",
                ">",
                ">",
                ">",
                ">",
                ">"
            ],
            "execution_output": "[1, 3, a, b, c, \"]\n[1, a, c, \"]\n[1, c]\n6",
            "cerberus_output": "",
            "execution_result": ""
        },
        {
            "test_case": [
                "Test Case Input:\n\"12ab34cd\""
            ],
            "test_mutations": [
                "Test Case Input:\n\"12ab34cd\""
            ],
            "initial_code": "public class Main {\n\tpublic static void main(String[] args) {\n\t\tScanner sc = new Scanner(System.in);\n\t\tString str = sc.next();\n\t\tArrayList<String> array = new ArrayList<String>();\n\t\tint num = 0;\n\t\tString[] strArray = new String[str.length()];\n\t\tfor (int k = 0; k < str.length(); k++) {\n\t\t\tstrArray[k] = String.valueOf(str.charAt(k));\n\t\t}\n\t\tfor (int i = 0; i < strArray.length; i++) {\n\t\t\tarray.add(strArray[i]);\n\t\t}\n\t\tfor (int i = 0; i < (array.size()-1); i++) {\n\t\t\tif (array.get(i) != array.get(i + 1)) {\n\t\t\t\t\tarray.remove(i);\n\t\t\t\t\tarray.remove(i+1);\n\t\t\t\t\tnum+=2;\n\t\t\t\t\ti=0;\n\t\t\t\t\tSystem.out.println(array);\n\t\t\t\t\t}\n\t\t\t}\n\t\tSystem.out.println(num);\n\t}\n}",
            "covered_code": "To predict the code coverage for the given Java program with the input \"12ab34cd\", let's develop a plan of step-by-step execution:\n\n1. Import statements: Import statements are always executed. Statements for importing Scanner and ArrayList will be covered.\n2. Main class and method declaration: These are always executed.\n3. Initialization of Scanner, and reading input: The statement for initializing the Scanner and reading the input string will be executed.\n4. ArrayList and variables initialization: Statements for initializing the ArrayList, integer variable num, and the strArray array will be executed.\n5. First for loop to populate strArray: This loop iterates over the length of the input string and populates strArray with individual characters of the string. It will be executed for each character of the input string \"12ab34cd\".\n6. Second for loop to add elements to the ArrayList: This loop iterates over strArray and adds its elements to the ArrayList. It will be executed for each element in strArray.\n7. Third for loop for removing elements: This complex loop removes pairs of non-equal adjacent elements from the ArrayList and resets the loop variable when removal occurs. Given the nature of the input string \"12ab34cd\", the conditions for removal will be checked, and removals will occur, affecting the loop's execution flow.\n8. Printing the final value of num: This statement will be executed once the loop for removal is fully completed.\n\nNote: In this analysis, specific behaviors related to the logic for removing elements and recalculating the loop index are considered generically. The detailed behavior depends on how the algorithm processes the given string and manages the ArrayList.\n\nPredicted Code Coverage:\n\n```\n> public class Main {\n>     public static void main(String[] args) {\n>         Scanner sc = new Scanner(System.in);\n>         String str = sc.next();\n>         ArrayList<String> array = new ArrayList<String>();\n>         int num = 0;\n>         String[] strArray = new String[str.length()];\n>         for (int k = 0; k < str.length(); k++) {\n>             strArray[k] = String.valueOf(str.charAt(k));\n>         }\n>         for (int i = 0; i < strArray.length; i++) {\n>             array.add(strArray[i]);\n>         }\n>         for (int i = 0; i < (array.size()-1); i++) {\n>             if (array.get(i) != array.get(i + 1)) {\n>                     array.remove(i);\n>                     array.remove(i+1);\n>                     num+=2;\n>                     i=0;\n>                     System.out.println(array);\n>                     }\n>             }\n>         System.out.println(num);\n>     }\n> }\n```\n\nGiven the algorithm's logic and the test input, all statements within the main method are expected to be executed as part of the program's flow, including all the loops and conditional statements. The code's behavior, especially in the complex removal loop, assumes that the loop correctly resets and processes the ArrayList according to its intended logic. The detailed execution within the third loop may require more specific analysis based on the program's logic and the exact behavior of the ArrayList methods when modifying the list during iteration.",
            "test_seed_coverage": [
                ">",
                ">",
                ">",
                ">",
                ">",
                ">",
                ">",
                ">",
                ">",
                ">",
                ">",
                ">",
                ">",
                ">",
                ">",
                ">",
                ">",
                ">",
                ">",
                ">",
                ">",
                ">",
                ">",
                ">",
                ">"
            ],
            "cumulative_coverage": [
                ">",
                ">",
                ">",
                ">",
                ">",
                ">",
                ">",
                ">",
                ">",
                ">",
                ">",
                ">",
                ">",
                ">",
                ">",
                ">",
                ">",
                ">",
                ">",
                ">",
                ">",
                ">",
                ">",
                ">",
                ">"
            ],
            "execution_output": "[1, a, b, 3, 4, c, d, \"]\n[1, b, 4, c, d, \"]\n[1, 4, d, \"]\n[1, d]\n8",
            "cerberus_output": "",
            "execution_result": ""
        },
        {
            "test_case": [
                "Test Case Input:\nAABBCCDDEE"
            ],
            "test_mutations": [
                "Test Case Input:\nAABBCCDDEE"
            ],
            "initial_code": "public class Main {\n\tpublic static void main(String[] args) {\n\t\tScanner sc = new Scanner(System.in);\n\t\tString str = sc.next();\n\t\tArrayList<String> array = new ArrayList<String>();\n\t\tint num = 0;\n\t\tString[] strArray = new String[str.length()];\n\t\tfor (int k = 0; k < str.length(); k++) {\n\t\t\tstrArray[k] = String.valueOf(str.charAt(k));\n\t\t}\n\t\tfor (int i = 0; i < strArray.length; i++) {\n\t\t\tarray.add(strArray[i]);\n\t\t}\n\t\tfor (int i = 0; i < (array.size()-1); i++) {\n\t\t\tif (array.get(i) != array.get(i + 1)) {\n\t\t\t\t\tarray.remove(i);\n\t\t\t\t\tarray.remove(i+1);\n\t\t\t\t\tnum+=2;\n\t\t\t\t\ti=0;\n\t\t\t\t\tSystem.out.println(array);\n\t\t\t\t\t}\n\t\t\t}\n\t\tSystem.out.println(num);\n\t}\n}",
            "covered_code": "Given the test case input \"AABBCCDDEE\" and the provided Java program, I will develop a plan for step by step execution to predict the code coverage. \n\nPLAN:\n\n1. Import statements: Import statements that are required for the program to compile and run correctly, such as `import java.util.Scanner;` and `import java.util.ArrayList;`, are always executed. \n\n2. Class Declaration: The declaration of the `Main` class is always executed. \n\n3. Main method declaration: The declaration of the `public static void main(String[] args)` method is always executed. \n\n4. User Input: The statement to read input from the user `String str = sc.next();` is covered since the program reads input from the user.\n\n5. ArrayList Initialization: The statement to initialize the `ArrayList<String> array = new ArrayList<String>();` is covered.\n\n6. Integer Initialization: The statement to initialize `int num = 0;` is covered.\n\n7. String Array Initialization: The statements involved in initializing and populating `strArray` with characters from `str` are covered.\n\n8. Adding elements to ArrayList: The loop that adds elements from `strArray` to `array` is executed and covered.\n\n9. Removal loop: The loop that removes consecutive non-matching characters and restarts is partially covered. However, in the given input, there are no consecutive non-matching characters to remove according to the provided logic. The condition inside the loop will never be true due to a flaw in comparison (`!=` should be `.equals()` for String comparison in Java). Thus, the removal and print statements inside the loop will not be executed.\n\n10. Final print statement: The final print statement `System.out.println(num);` is executed and covered.\n\nBased on the above plan, here's the code coverage:\n\n```\n> import java.util.Scanner;\n> import java.util.ArrayList;\n> public class Main {\n>     public static void main(String[] args) {\n>         Scanner sc = new Scanner(System.in);\n>         String str = sc.next();\n>         ArrayList<String> array = new ArrayList<String>();\n>         int num = 0;\n>         String[] strArray = new String[str.length()];\n>         for (int k = 0; k < str.length(); k++) {\n>             strArray[k] = String.valueOf(str.charAt(k));\n>         }\n>         for (int i = 0; i < strArray.length; i++) {\n>             array.add(strArray[i]);\n>         }\n>         for (int i = 0; i < (array.size()-1); i++) {\n!             if (array.get(i) != array.get(i + 1)) {\n!                 array.remove(i);\n!                 array.remove(i+1);\n!                 num+=2;\n!                 i=0;\n!                 System.out.println(array);\n!             }\n         }\n>         System.out.println(num);\n     }\n}\n```\n\nCoverage indicates that the removal logic and its associated operations inside the loop are not covered due to the incorrect string comparison, resulting in a logical error in the program. The correct approach would be to use `!array.get(i).equals(array.get(i + 1))` for string comparison.",
            "test_seed_coverage": [
                ">",
                ">",
                ">",
                ">",
                ">",
                ">",
                ">",
                ">",
                ">",
                ">",
                ">",
                ">",
                ">",
                ">",
                ">",
                ">",
                ">",
                ">",
                ">",
                ">",
                ">",
                ">",
                ">",
                ">",
                ">"
            ],
            "cumulative_coverage": [
                ">",
                ">",
                ">",
                ">",
                ">",
                ">",
                ">",
                ">",
                ">",
                ">",
                ">",
                ">",
                ">",
                ">",
                ">",
                ">",
                ">",
                ">",
                ">",
                ">",
                ">",
                ">",
                ">",
                ">",
                ">"
            ],
            "execution_output": "[A, B, C, C, D, D, E, E]\n[A, C, D, D, E, E]\n[A, D, E, E]\n[A, E]\n8",
            "cerberus_output": "",
            "execution_result": ""
        },
        {
            "test_case": [
                "Test Case Input:\nABBA"
            ],
            "test_mutations": [
                "Test Case Input:\nABBA"
            ],
            "initial_code": "public class Main {\n\tpublic static void main(String[] args) {\n\t\tScanner sc = new Scanner(System.in);\n\t\tString str = sc.next();\n\t\tArrayList<String> array = new ArrayList<String>();\n\t\tint num = 0;\n\t\tString[] strArray = new String[str.length()];\n\t\tfor (int k = 0; k < str.length(); k++) {\n\t\t\tstrArray[k] = String.valueOf(str.charAt(k));\n\t\t}\n\t\tfor (int i = 0; i < strArray.length; i++) {\n\t\t\tarray.add(strArray[i]);\n\t\t}\n\t\tfor (int i = 0; i < (array.size()-1); i++) {\n\t\t\tif (array.get(i) != array.get(i + 1)) {\n\t\t\t\t\tarray.remove(i);\n\t\t\t\t\tarray.remove(i+1);\n\t\t\t\t\tnum+=2;\n\t\t\t\t\ti=0;\n\t\t\t\t\tSystem.out.println(array);\n\t\t\t\t\t}\n\t\t\t}\n\t\tSystem.out.println(num);\n\t}\n}",
            "covered_code": "To predict the code coverage for the provided Java program based on the given test case input \"ABBA\", we will follow a step-by-step execution plan. The program reads a string, converts it into an array, and then performs operations on the array.\n\n**PLAN for Step by Step Execution:**\n\n1. **Scanner Class Initialization:** Always executed to read input from the console. \"Scanner sc = new Scanner(System.in);\" will be covered.\n2. **String Input Reading:** Always executed to read the test case input. \"String str = sc.next();\" will be covered since the input is provided.\n3. **ArrayList Initialization:** Always executed. \"ArrayList<String> array = new ArrayList<String>();\" will be covered.\n4. **Integer Initialization:** Always executed. \"int num = 0;\" will be covered.\n5. **String Array Initialization:** Always executed. \"String[] strArray = new String[str.length()];\" will be covered.\n6. **First for-loop Execution:** To convert the input string into an array of its characters. This loop will execute for each character in the string \"ABBA\", so it will be covered.\n7. **Second for-loop Execution:** To add each character to the ArrayList. This loop will also execute for each character in the string \"ABBA\", so it will be covered.\n8. **Third for-loop Execution:** To perform operations based on character comparison and remove elements if conditions are met. This loop's execution will depend on the input string and specified conditions.\n9. **Condition Check and Element Removal:** The condition checks if consecutive elements in the array are not equal, which will not be true for \"ABBA\" after initial adds. So, the removal operation might not happen based on this condition.\n10. **Printing the ArrayList and num:** The final print statement outside the loop will always be executed.\n\n**Predicted Code Coverage:**\n\nGiven the input \"ABBA\", every character is the same as its neighbor except at the boundary between the second \"B\" and the third \"A\". However, the check in the code uses \"!=\" (not equal to) which is not a correct way to compare strings in Java (should use `.equals()`), and due to this, the `if` condition will not work as intended for string comparison. Here is the predicted code coverage:\n\n```\n> public class Main {\n> \tpublic static void main(String[] args) {\n> \t\tScanner sc = new Scanner(System.in);\n> \t\tString str = sc.next();\n> \t\tArrayList<String> array = new ArrayList<String>();\n> \t\tint num = 0;\n> \t\tString[] strArray = new String[str.length()];\n> \t\tfor (int k = 0; k < str.length(); k++) {\n> \t\t\tstrArray[k] = String.valueOf(str.charAt(k));\n> \t\t}\n> \t\tfor (int i = 0; i < strArray.length; i++) {\n> \t\t\tarray.add(strArray[i]);\n> \t\t}\n> \t\tfor (int i = 0; i < (array.size()-1); i++) {\n> \t\t\tif (array.get(i) != array.get(i + 1)) {\n!\t\t\t\t\tarray.remove(i);\n!\t\t\t\t\tarray.remove(i+1);\n!\t\t\t\t\tnum+=2;\n!\t\t\t\t\ti=0;\n!\t\t\t\t\tSystem.out.println(array);\n!\t\t\t\t\t}\n> \t\t\t}\n> \t\tSystem.out.println(num);\n> \t}\n> }\n```\n**NOTE:** The incorrect string comparison (`!=` instead of `.equals()`) means the conditional block inside the third for-loop is not likely to execute as expected for the given input, but due to the way we're evaluating coverage, we're indicating the structure of execution rather than correctness. The actual behavior for the given code and input will result in no removal and `num` remaining 0, which contradicts the initial assumption of execution inside the conditional block due to the incorrect string comparison.\n\nThe last `System.out.println(num);` will print `0`, as no operations inside the conditional block are effectively executed due to the comparison issue.\n",
            "test_seed_coverage": [
                ">",
                ">",
                ">",
                ">",
                ">",
                ">",
                ">",
                ">",
                ">",
                ">",
                ">",
                ">",
                ">",
                ">",
                ">",
                ">",
                ">",
                ">",
                ">",
                ">",
                ">",
                ">",
                ">",
                ">",
                ">"
            ],
            "cumulative_coverage": [
                ">",
                ">",
                ">",
                ">",
                ">",
                ">",
                ">",
                ">",
                ">",
                ">",
                ">",
                ">",
                ">",
                ">",
                ">",
                ">",
                ">",
                ">",
                ">",
                ">",
                ">",
                ">",
                ">",
                ">",
                ">"
            ],
            "execution_output": "[B, A]\n2",
            "cerberus_output": "",
            "execution_result": ""
        }
    ]
}