{
    "submission_id": "s549438911",
    "cycles": [
        {
            "test_case": [
                "Test Case Input:\n10\n20\n5"
            ],
            "test_mutations": [
                "Test Case Input:\n10\n20\n5"
            ],
            "initial_code": "public class Main {\n\tpublic static void main(String[] args) {\n\t\tScanner sc = new Scanner(System.in);\n\t\tint a = sc.nextInt();\n\t\tint b = sc.nextInt();\n\t\tint k = sc.nextInt();\n\t\tif (a > b || a < 0 || b < 0 || a > 1000000000 || b > 1000000000 || k < 0 || k > 100) {\n\t\t\tthrow new IllegalArgumentException();\n\t\t}\n\t\tint x = a + k - 1;\n\t\tif (x > b) {\n\t\t\tx = b;\n\t\t}\n\t\tif(x<a){\n\t\t\tx=a;\n\t\t}\n\t\tint y = b - k + 1;\n\t\tif (y < a) {\n\t\t\ty = a;\n\t\t}\n\t\tif(y>b){\n\t\t\ty=b;\n\t\t}\n\t\tHashSet<Integer> set = new HashSet<Integer>();\n\t\tfor (int i = a; i <= x; i++) {\n\t\t\tset.add(i);\n\t\t}\n\t\tfor (int i = y; i <= b; i++) {\n\t\t\tset.add(i);\n\t\t}\n\t\tfor (Integer j : set) {\n\t\t\tSystem.out.println(j);\n\t\t}\n\t}\n}",
            "covered_code": "Given the test case input: 10, 20, 5, and the Java program, let's develop a plan to execute the program step by step and predict the code coverage. \n\n### Plan for Step by Step Execution:\n\n1. **Import statements**: Always executed. Statements like `import java.util.Scanner;` and `import java.util.HashSet;` will be covered.\n\n2. **Main class and method declaration**: Always executed. Statements `public class Main {` and `public static void main(String[] args) {` are covered.\n\n3. **User Input**: With the given test case input (10, 20, 5), the statements to receive input from the user will be executed. Thus, statements `int a = sc.nextInt();`, `int b = sc.nextInt();`, and `int k = sc.nextInt();` are covered.\n\n4. **Conditional check for input validation**: The conditions inside the if statement `if (a > b || a < 0 || b < 0 || a > 1000000000 || b > 1000000000 || k < 0 || k > 100)` are not satisfied with the provided input, so the body of the if statement will not be executed and no exception will be thrown.\n\n5. **Calculation of x and y**: The subsequent blocks of code for calculating x and y, and adjusting their values based on the conditions provided will all be executed as they depend on the inputs a, b, and k, which are within the acceptable range.\n\n6. **HashSet and For-Loops**: The HashSet `set` will be created, and both for-loops for adding elements to the set based on the calculated values of x and y will be executed. All elements within the range `[a, x]` and `[y, b]` will be added to the set.\n\n7. **Printing the elements of the set**: The for-each loop to print each element in the set will be executed.\n\n8. **Closing brackets and the end of the main method and class**: Always covered.\n\n### Predicted Code Coverage:\n\n```\n> public class Main {\n> \tpublic static void main(String[] args) {\n> \t\tScanner sc = new Scanner(System.in);\n> \t\tint a = sc.nextInt();\n> \t\tint b = sc.nextInt();\n> \t\tint k = sc.nextInt();\n! \t\tif (a > b || a < 0 || b < 0 || a > 1000000000 || b > 1000000000 || k < 0 || k > 100) {\n! \t\t\tthrow new IllegalArgumentException();\n> \t\t}\n> \t\tint x = a + k - 1;\n> \t\tif (x > b) {\n> \t\t\tx = b;\n> \t\t}\n> \t\tif(x<a){\n> \t\t\tx=a;\n> \t\t}\n> \t\tint y = b - k + 1;\n> \t\tif (y < a) {\n> \t\t\ty = a;\n> \t\t}\n> \t\tif(y>b){\n> \t\t\ty=b;\n> \t\t}\n> \t\tHashSet<Integer> set = new HashSet<Integer>();\n> \t\tfor (int i = a; i <= x; i++) {\n> \t\t\tset.add(i);\n> \t\t}\n> \t\tfor (int i = y; i <= b; i++) {\n> \t\t\tset.add(i);\n> \t\t}\n> \t\tfor (Integer j : set) {\n> \t\t\tSystem.out.println(j);\n> \t\t}\n> \t}\n> }\n```\n\n**Note**: The exact output in terms of the elements printed depends on the internal ordering of the `HashSet`, but all elements in the range `[a, x]` and `[y, b]` will be printed, which are determined by the input values 10, 20, and 5.",
            "test_seed_coverage": [
                ">",
                ">",
                ">",
                ">",
                ">",
                ">",
                "!",
                "!",
                ">",
                ">",
                ">",
                ">",
                ">",
                ">",
                ">",
                ">",
                ">",
                ">",
                ">",
                ">",
                ">",
                ">",
                ">",
                ">",
                ">",
                ">",
                ">",
                ">",
                ">",
                ">",
                ">",
                ">",
                ">",
                ">",
                ">"
            ],
            "cumulative_coverage": [
                ">",
                ">",
                ">",
                ">",
                ">",
                ">",
                "!",
                "!",
                ">",
                ">",
                ">",
                ">",
                ">",
                ">",
                ">",
                ">",
                ">",
                ">",
                ">",
                ">",
                ">",
                ">",
                ">",
                ">",
                ">",
                ">",
                ">",
                ">",
                ">",
                ">",
                ">",
                ">",
                ">",
                ">",
                ">"
            ],
            "execution_output": "16\n17\n18\n19\n20\n10\n11\n12\n13\n14",
            "cerberus_output": "IllegalArgumentException",
            "execution_result": ""
        },
        {
            "test_case": [
                "Test Case Input:\n-5\n10\n3"
            ],
            "test_mutations": [
                "Test Case Input:\n-5\n10\n3"
            ],
            "initial_code": "public class Main {\n\tpublic static void main(String[] args) {\n\t\tScanner sc = new Scanner(System.in);\n\t\tint a = sc.nextInt();\n\t\tint b = sc.nextInt();\n\t\tint k = sc.nextInt();\n\t\tif (a > b || a < 0 || b < 0 || a > 1000000000 || b > 1000000000 || k < 0 || k > 100) {\n\t\t\tthrow new IllegalArgumentException();\n\t\t}\n\t\tint x = a + k - 1;\n\t\tif (x > b) {\n\t\t\tx = b;\n\t\t}\n\t\tif(x<a){\n\t\t\tx=a;\n\t\t}\n\t\tint y = b - k + 1;\n\t\tif (y < a) {\n\t\t\ty = a;\n\t\t}\n\t\tif(y>b){\n\t\t\ty=b;\n\t\t}\n\t\tHashSet<Integer> set = new HashSet<Integer>();\n\t\tfor (int i = a; i <= x; i++) {\n\t\t\tset.add(i);\n\t\t}\n\t\tfor (int i = y; i <= b; i++) {\n\t\t\tset.add(i);\n\t\t}\n\t\tfor (Integer j : set) {\n\t\t\tSystem.out.println(j);\n\t\t}\n\t}\n}",
            "covered_code": "Given the test case input -5, 10, 3, let's develop a step-by-step execution plan for the Java program provided, and predict the code coverage.\n\nPlan:\n1. Import statements: Always executed. Statements importing Scanner and HashSet will be covered.\n2. Main class declaration: Always executed.\n3. Main method declaration: Always executed.\n4. Input reading: The statements to read inputs `a`, `b`, and `k` will be executed since the program starts with reading inputs from the user.\n5. Conditional check for input validation: Given the inputs, this condition will be executed to check if the inputs meet the specified criteria (`a > b || a < 0 || b < 0 || a > 1000000000 || b > 1000000000 || k < 0 || k > 100`). Since `a` is -5, which is less than 0, the condition will be true, and the `IllegalArgumentException` will be thrown.\n6. Since an exception is thrown at the input validation step, none of the remaining code after the condition that throws the `IllegalArgumentException` will be executed. This includes the logic to calculate `x` and `y`, the creation of the HashSet, the loops to add elements to the HashSet, and the loop to print the elements of the HashSet.\n7. Closing brackets and end of the main method: Always executed in the structure of the code, but due to the exception, the program terminates prematurely.\n\nCode Coverage Prediction:\n> public class Main {\n>     public static void main(String[] args) {\n>         Scanner sc = new Scanner(System.in);\n>         int a = sc.nextInt();\n>         int b = sc.nextInt();\n>         int k = sc.nextInt();\n>         if (a > b || a < 0 || b < 0 || a > 1000000000 || b > 1000000000 || k < 0 || k > 100) {\n>             throw new IllegalArgumentException();\n>         }\n!         int x = a + k - 1;\n!         if (x > b) {\n!             x = b;\n!         }\n!         if(x<a){\n!             x=a;\n!         }\n!         int y = b - k + 1;\n!         if (y < a) {\n!             y = a;\n!         }\n!         if(y>b){\n!             y=b;\n!         }\n!         HashSet<Integer> set = new HashSet<Integer>();\n!         for (int i = a; i <= x; i++) {\n!             set.add(i);\n!         }\n!         for (int i = y; i <= b; i++) {\n!             set.add(i);\n!         }\n!         for (Integer j : set) {\n!             System.out.println(j);\n!         }\n>     }\n> }\n\nOUTPUT:\nError: IllegalArgumentException\n\nThe coverage indicates that the lines after the input validation check are not executed due to the exception thrown as a result of failing the input validation, specifically because `a` is less than 0.",
            "test_seed_coverage": [
                ">",
                ">",
                ">",
                ">",
                ">",
                ">",
                ">",
                ">",
                ">",
                ">",
                ">",
                ">",
                ">",
                ">",
                ">",
                ">",
                ">",
                ">",
                ">",
                ">",
                ">",
                ">",
                ">",
                ">",
                ">",
                ">",
                ">",
                ">",
                ">",
                ">",
                ">",
                ">",
                ">",
                ">",
                ">"
            ],
            "cumulative_coverage": [
                ">",
                ">",
                ">",
                ">",
                ">",
                ">",
                ">",
                ">",
                ">",
                ">",
                ">",
                ">",
                ">",
                ">",
                ">",
                ">",
                ">",
                ">",
                ">",
                ">",
                ">",
                ">",
                ">",
                ">",
                ">",
                ">",
                ">",
                ">",
                ">",
                ">",
                ">",
                ">",
                ">",
                ">",
                ">"
            ],
            "execution_error": "Exception in thread \"main\" java.lang.IllegalArgumentException\n\tat Main.main(Main.java:9)",
            "cerberus_output": "IllegalArgumentException",
            "execution_result": "IllegalArgumentException"
        },
        {
            "test_case": [
                "Test Case Input:\n-5\n10\n3"
            ],
            "test_mutations": [
                "Test Case Input:\n-5\n10\n3"
            ],
            "initial_code": "public class Main {\n\tpublic static void main(String[] args) {\n\t\tScanner sc = new Scanner(System.in);\n\t\tint a = sc.nextInt();\n\t\tint b = sc.nextInt();\n\t\tint k = sc.nextInt();\n\t\tif (a > b || a < 0 || b < 0 || a > 1000000000 || b > 1000000000 || k < 0 || k > 100) {\n\t\t\tthrow new IllegalArgumentException();\n\t\t}\n\t\tint x = a + k - 1;\n\t\tif (x > b) {\n\t\t\tx = b;\n\t\t}\n\t\tif(x<a){\n\t\t\tx=a;\n\t\t}\n\t\tint y = b - k + 1;\n\t\tif (y < a) {\n\t\t\ty = a;\n\t\t}\n\t\tif(y>b){\n\t\t\ty=b;\n\t\t}\n\t\tHashSet<Integer> set = new HashSet<Integer>();\n\t\tfor (int i = a; i <= x; i++) {\n\t\t\tset.add(i);\n\t\t}\n\t\tfor (int i = y; i <= b; i++) {\n\t\t\tset.add(i);\n\t\t}\n\t\tfor (Integer j : set) {\n\t\t\tSystem.out.println(j);\n\t\t}\n\t}\n}",
            "covered_code": "PLAN for step by step execution of the given java program with the provided test case input:\n1. Import statements: Statements to import `Scanner` and `HashSet` classes will be executed.\n2. Main class declaration: Always executed.\n3. Main method declaration: Always executed.\n4. User Input: Statements for taking input `a`, `b`, and `k` are always executed.\n5. If condition for input validation: Check if `a` is greater than `b`, `a` or `b` is negative, `a` or `b` is greater than 1000000000, or `k` is negative or greater than 100. Since `a` is -5, this condition is satisfied and an `IllegalArgumentException` is thrown.\n6. No further code is executed after the exception is thrown. This means that no subsequent statements or logic blocks are executed.\n\nBased on the above plan, the code coverage for the provided Java program with the given test case input is as follows:\n\n> public class Main {\n>     public static void main(String[] args) {\n>         Scanner sc = new Scanner(System.in);\n>         int a = sc.nextInt();\n>         int b = sc.nextInt();\n>         int k = sc.nextInt();\n>         if (a > b || a < 0 || b < 0 || a > 1000000000 || b > 1000000000 || k < 0 || k > 100) {\n!             throw new IllegalArgumentException();\n>         }\n!         int x = a + k - 1;\n!         if (x > b) {\n!             x = b;\n!         }\n!         if(x<a){\n!             x=a;\n!         }\n!         int y = b - k + 1;\n!         if (y < a) {\n!             y = a;\n!         }\n!         if(y>b){\n!             y=b;\n!         }\n!         HashSet<Integer> set = new HashSet<Integer>();\n!         for (int i = a; i <= x; i++) {\n!             set.add(i);\n!         }\n!         for (int i = y; i <= b; i++) {\n!             set.add(i);\n!         }\n!         for (Integer j : set) {\n!             System.out.println(j);\n!         }\n>     }\n> }\n\nOUTPUT:\nError: IllegalArgumentException\n\nThis prediction covers the flow of execution based on the provided test case input, highlighting which parts of the code are executed and which are not due to the early termination from the `IllegalArgumentException`.",
            "test_seed_coverage": [
                ">",
                ">",
                ">",
                ">",
                ">",
                ">",
                ">",
                ">",
                ">",
                ">",
                ">",
                ">",
                ">",
                ">",
                ">",
                ">",
                ">",
                ">",
                ">",
                ">",
                ">",
                ">",
                ">",
                ">",
                ">",
                ">",
                ">",
                ">",
                ">",
                ">",
                ">",
                ">",
                ">",
                ">",
                ">"
            ],
            "cumulative_coverage": [
                ">",
                ">",
                ">",
                ">",
                ">",
                ">",
                ">",
                ">",
                ">",
                ">",
                ">",
                ">",
                ">",
                ">",
                ">",
                ">",
                ">",
                ">",
                ">",
                ">",
                ">",
                ">",
                ">",
                ">",
                ">",
                ">",
                ">",
                ">",
                ">",
                ">",
                ">",
                ">",
                ">",
                ">",
                ">"
            ],
            "execution_error": "Exception in thread \"main\" java.lang.IllegalArgumentException\n\tat Main.main(Main.java:9)",
            "cerberus_output": "IllegalArgumentException",
            "execution_result": "IllegalArgumentException"
        },
        {
            "test_case": [
                "Test Case Input:\n5\n10\n3"
            ],
            "test_mutations": [
                "Test Case Input:\n5\n10\n3"
            ],
            "initial_code": "public class Main {\n\tpublic static void main(String[] args) {\n\t\tScanner sc = new Scanner(System.in);\n\t\tint a = sc.nextInt();\n\t\tint b = sc.nextInt();\n\t\tint k = sc.nextInt();\n\t\tif (a > b || a < 0 || b < 0 || a > 1000000000 || b > 1000000000 || k < 0 || k > 100) {\n\t\t\tthrow new IllegalArgumentException();\n\t\t}\n\t\tint x = a + k - 1;\n\t\tif (x > b) {\n\t\t\tx = b;\n\t\t}\n\t\tif(x<a){\n\t\t\tx=a;\n\t\t}\n\t\tint y = b - k + 1;\n\t\tif (y < a) {\n\t\t\ty = a;\n\t\t}\n\t\tif(y>b){\n\t\t\ty=b;\n\t\t}\n\t\tHashSet<Integer> set = new HashSet<Integer>();\n\t\tfor (int i = a; i <= x; i++) {\n\t\t\tset.add(i);\n\t\t}\n\t\tfor (int i = y; i <= b; i++) {\n\t\t\tset.add(i);\n\t\t}\n\t\tfor (Integer j : set) {\n\t\t\tSystem.out.println(j);\n\t\t}\n\t}\n}",
            "covered_code": "PLAN for step by step execution of the given Java program with the test case input '5\\n10\\n3':\n\n1. **Scanner Object Creation**: Statement `Scanner sc = new Scanner(System.in);` is always executed to read inputs.\n2. **Reading Inputs**: Statements `int a = sc.nextInt();`, `int b = sc.nextInt();`, and `int k = sc.nextInt();` will be executed to read the inputs.\n3. **Input Validation**: The condition `if (a > b || a < 0 || b < 0 || a > 1000000000 || b > 1000000000 || k < 0 || k > 100)` will be checked. Given the inputs (5, 10, 3), this condition is false, so the block throwing `IllegalArgumentException` is not executed.\n4. **Calculating `x`**: The assignment `int x = a + k - 1;` will be executed, and subsequent conditions to adjust `x` will also be evaluated and executed as necessary.\n5. **Calculating `y`**: Similarly, the assignment `int y = b - k + 1;` will be executed, and subsequent conditions to adjust `y` will be evaluated and executed.\n6. **HashSet Initialization**: The statement `HashSet<Integer> set = new HashSet<Integer>();` is executed to create a set for storing integers.\n7. **First For Loop for `i`**: The loop `for (int i = a; i <= x; i++) {` will be executed to add elements to the set from `a` to `x`.\n8. **Second For Loop for `i`**: The loop `for (int i = y; i <= b; i++) {` will be executed to add elements to the set from `y` to `b`.\n9. **Printing Loop for `j`**: The loop `for (Integer j : set) {` will be executed to print all elements in the set.\n\nCode Coverage Prediction:\n\n```\n> public class Main {\n> \tpublic static void main(String[] args) {\n> \t\tScanner sc = new Scanner(System.in);\n> \t\tint a = sc.nextInt();\n> \t\tint b = sc.nextInt();\n> \t\tint k = sc.nextInt();\n! \t\tif (a > b || a < 0 || b < 0 || a > 1000000000 || b > 1000000000 || k < 0 || k > 100) {\n! \t\t\tthrow new IllegalArgumentException();\n> \t\t}\n> \t\tint x = a + k - 1;\n> \t\tif (x > b) {\n> \t\t\tx = b;\n> \t\t}\n> \t\tif(x<a){\n> \t\t\tx=a;\n> \t\t}\n> \t\tint y = b - k + 1;\n> \t\tif (y < a) {\n> \t\t\ty = a;\n> \t\t}\n> \t\tif(y>b){\n> \t\t\ty=b;\n> \t\t}\n> \t\tHashSet<Integer> set = new HashSet<Integer>();\n> \t\tfor (int i = a; i <= x; i++) {\n> \t\t\tset.add(i);\n> \t\t}\n> \t\tfor (int i = y; i <= b; i++) {\n> \t\t\tset.add(i);\n> \t\t}\n> \t\tfor (Integer j : set) {\n> \t\t\tSystem.out.println(j);\n> \t\t}\n> \t}\n> }\n```\nThe code coverage here indicates that all lines are executed except for the lines inside the conditional block that would throw an `IllegalArgumentException`, as the conditions for this exception are not met with the given inputs.",
            "test_seed_coverage": [
                ">",
                ">",
                ">",
                ">",
                ">",
                ">",
                ">",
                ">",
                ">",
                ">",
                ">",
                ">",
                ">",
                ">",
                ">",
                ">",
                ">",
                ">",
                ">",
                ">",
                ">",
                ">",
                ">",
                ">",
                ">",
                ">",
                ">",
                ">",
                ">",
                ">",
                ">",
                ">",
                ">",
                ">",
                ">"
            ],
            "cumulative_coverage": [
                ">",
                ">",
                ">",
                ">",
                ">",
                ">",
                ">",
                ">",
                ">",
                ">",
                ">",
                ">",
                ">",
                ">",
                ">",
                ">",
                ">",
                ">",
                ">",
                ">",
                ">",
                ">",
                ">",
                ">",
                ">",
                ">",
                ">",
                ">",
                ">",
                ">",
                ">",
                ">",
                ">",
                ">",
                ">"
            ],
            "execution_output": "5\n6\n7\n8\n9\n10",
            "cerberus_output": "IllegalArgumentException",
            "execution_result": ""
        },
        {
            "test_case": [
                "Test Case Input:\n5\n-10\n3"
            ],
            "test_mutations": [
                "Test Case Input:\n5\n-10\n3"
            ],
            "initial_code": "public class Main {\n\tpublic static void main(String[] args) {\n\t\tScanner sc = new Scanner(System.in);\n\t\tint a = sc.nextInt();\n\t\tint b = sc.nextInt();\n\t\tint k = sc.nextInt();\n\t\tif (a > b || a < 0 || b < 0 || a > 1000000000 || b > 1000000000 || k < 0 || k > 100) {\n\t\t\tthrow new IllegalArgumentException();\n\t\t}\n\t\tint x = a + k - 1;\n\t\tif (x > b) {\n\t\t\tx = b;\n\t\t}\n\t\tif(x<a){\n\t\t\tx=a;\n\t\t}\n\t\tint y = b - k + 1;\n\t\tif (y < a) {\n\t\t\ty = a;\n\t\t}\n\t\tif(y>b){\n\t\t\ty=b;\n\t\t}\n\t\tHashSet<Integer> set = new HashSet<Integer>();\n\t\tfor (int i = a; i <= x; i++) {\n\t\t\tset.add(i);\n\t\t}\n\t\tfor (int i = y; i <= b; i++) {\n\t\t\tset.add(i);\n\t\t}\n\t\tfor (Integer j : set) {\n\t\t\tSystem.out.println(j);\n\t\t}\n\t}\n}",
            "covered_code": "Given the test case input of 5, -10, and 3, let's determine the code coverage for the provided Java program. The program is designed to read three integers `a`, `b`, and `k` from the standard input, perform checks and manipulations on these values, and print a set of integers based on certain conditions.\n\n**PLAN for step by step execution:**\n\n1. **Scanner Initialization**: The statement to initialize the `Scanner` object is always executed.\n\n2. **User Input**: The statements to read `a`, `b`, and `k` from the input are always executed.\n\n3. **Illegal Argument Check**: There's a condition that checks if any of the input values violate certain constraints. Given that `b` is -10 which violates the condition `b < 0`, the `IllegalArgumentException` will be thrown. This means the program will not proceed beyond this point in the given test case.\n\n4. **Calculations and HashSet Operations**: Since an exception is thrown before any of these operations, none of the statements related to calculating `x` and `y`, modifying them based on conditions, initializing the `HashSet`, adding elements to it, or iterating over it to print elements will be executed.\n\n5. **Exception Throwing**: The exception is thrown as part of the illegal argument check, so the statement throwing `IllegalArgumentException` is covered.\n\nBased on this plan, here's the predicted code coverage:\n\n```java\n> public class Main {\n> \tpublic static void main(String[] args) {\n> \t\tScanner sc = new Scanner(System.in);\n> \t\tint a = sc.nextInt();\n> \t\tint b = sc.nextInt();\n> \t\tint k = sc.nextInt();\n> \t\tif (a > b || a < 0 || b < 0 || a > 1000000000 || b > 1000000000 || k < 0 || k > 100) {\n> \t\t\tthrow new IllegalArgumentException();\n> \t\t}\n! \t\tint x = a + k - 1;\n! \t\tif (x > b) {\n! \t\t\tx = b;\n! \t\t}\n! \t\tif(x<a){\n! \t\t\tx=a;\n! \t\t}\n! \t\tint y = b - k + 1;\n! \t\tif (y < a) {\n! \t\t\ty = a;\n! \t\t}\n! \t\tif(y>b){\n! \t\t\ty=b;\n! \t\t}\n! \t\tHashSet<Integer> set = new HashSet<Integer>();\n! \t\tfor (int i = a; i <= x; i++) {\n! \t\t\tset.add(i);\n! \t\t}\n! \t\tfor (int i = y; i <= b; i++) {\n! \t\t\tset.add(i);\n! \t\t}\n! \t\tfor (Integer j : set) {\n! \t\t\tSystem.out.println(j);\n! \t\t}\n> \t}\n> }\n```\n\n**OUTPUT:**\n\n```\nException in thread \"main\" java.lang.IllegalArgumentException\n```\n\nThe test case causes an `IllegalArgumentException` to be thrown due to the input conditions being violated, specifically `b` being less than 0.",
            "test_seed_coverage": [
                ">",
                ">",
                ">",
                ">",
                ">",
                ">",
                ">",
                ">",
                ">",
                ">",
                ">",
                ">",
                ">",
                ">",
                ">",
                ">",
                ">",
                ">",
                ">",
                ">",
                ">",
                ">",
                ">",
                ">",
                ">",
                ">",
                ">",
                ">",
                ">",
                ">",
                ">",
                ">",
                ">",
                ">",
                ">"
            ],
            "cumulative_coverage": [
                ">",
                ">",
                ">",
                ">",
                ">",
                ">",
                ">",
                ">",
                ">",
                ">",
                ">",
                ">",
                ">",
                ">",
                ">",
                ">",
                ">",
                ">",
                ">",
                ">",
                ">",
                ">",
                ">",
                ">",
                ">",
                ">",
                ">",
                ">",
                ">",
                ">",
                ">",
                ">",
                ">",
                ">",
                ">"
            ],
            "execution_error": "Exception in thread \"main\" java.lang.IllegalArgumentException\n\tat Main.main(Main.java:9)",
            "cerberus_output": "IllegalArgumentException",
            "execution_result": "IllegalArgumentException"
        },
        {
            "test_case": [
                "Test Case Input:\n-5\n10\n15"
            ],
            "test_mutations": [
                "Test Case Input:\n-5\n10\n15"
            ],
            "initial_code": "public class Main {\n\tpublic static void main(String[] args) {\n\t\tScanner sc = new Scanner(System.in);\n\t\tint a = sc.nextInt();\n\t\tint b = sc.nextInt();\n\t\tint k = sc.nextInt();\n\t\tif (a > b || a < 0 || b < 0 || a > 1000000000 || b > 1000000000 || k < 0 || k > 100) {\n\t\t\tthrow new IllegalArgumentException();\n\t\t}\n\t\tint x = a + k - 1;\n\t\tif (x > b) {\n\t\t\tx = b;\n\t\t}\n\t\tif(x<a){\n\t\t\tx=a;\n\t\t}\n\t\tint y = b - k + 1;\n\t\tif (y < a) {\n\t\t\ty = a;\n\t\t}\n\t\tif(y>b){\n\t\t\ty=b;\n\t\t}\n\t\tHashSet<Integer> set = new HashSet<Integer>();\n\t\tfor (int i = a; i <= x; i++) {\n\t\t\tset.add(i);\n\t\t}\n\t\tfor (int i = y; i <= b; i++) {\n\t\t\tset.add(i);\n\t\t}\n\t\tfor (Integer j : set) {\n\t\t\tSystem.out.println(j);\n\t\t}\n\t}\n}",
            "covered_code": "To predict the code coverage for the given Java program based on the provided test case and develop a step-by-step execution plan, follow these steps:\n\n1. **Import Statements**: Import `java.util.Scanner` and `java.util.HashSet` which are always executed.\n2. **Class Declaration**: Declaration of the `Main` class is always executed.\n3. **Main Method Declaration**: Declaration of the `public static void main(String[] args)` method is always executed.\n4. **Variable Initialization and User Input**: Statements to initialize `a`, `b`, and `k` with user input are always executed.\n5. **Conditional Check**: The program checks if any of the conditions `(a > b || a < 0 || b < 0 || a > 1000000000 || b > 1000000000 || k < 0 || k > 100)` are true. Given the test case `[-5, 10, 15]`, the condition `a < 0` is true, so the program will throw an `IllegalArgumentException` and terminate.\n6. **Subsequent Statements**: Since an exception is thrown at step 5, none of the subsequent statements are executed.\n\nBased on the above plan, let\u2019s indicate the code coverage:\n\n```\n> public class Main {\n> \tpublic static void main(String[] args) {\n> \t\tScanner sc = new Scanner(System.in);\n> \t\tint a = sc.nextInt();\n> \t\tint b = sc.nextInt();\n> \t\tint k = sc.nextInt();\n> \t\tif (a > b || a < 0 || b < 0 || a > 1000000000 || b > 1000000000 || k < 0 || k > 100) {\n> \t\t\tthrow new IllegalArgumentException();\n! \t\t}\n! \t\tint x = a + k - 1;\n! \t\tif (x > b) {\n! \t\t\tx = b;\n! \t\t}\n! \t\tif(x<a){\n! \t\t\tx=a;\n! \t\t}\n! \t\tint y = b - k + 1;\n! \t\tif (y < a) {\n! \t\t\ty = a;\n! \t\t}\n! \t\tif(y>b){\n! \t\t\ty=b;\n! \t\t}\n! \t\tHashSet<Integer> set = new HashSet<Integer>();\n! \t\tfor (int i = a; i <= x; i++) {\n! \t\t\tset.add(i);\n! \t\t}\n! \t\tfor (int i = y; i <= b; i++) {\n! \t\t\tset.add(i);\n! \t\t}\n! \t\tfor (Integer j : set) {\n! \t\t\tSystem.out.println(j);\n! \t\t}\n> \t}\n> }\n```\n\n**OUTPUT**:\n```\nError: IllegalArgumentException\n```\n\nAll the statements after the illegal argument check are not executed due to the exception being thrown, indicating termination of the program at the conditional check.",
            "test_seed_coverage": [
                ">",
                ">",
                ">",
                ">",
                ">",
                ">",
                ">",
                ">",
                ">",
                ">",
                ">",
                ">",
                ">",
                ">",
                ">",
                ">",
                ">",
                ">",
                ">",
                ">",
                ">",
                ">",
                ">",
                ">",
                ">",
                ">",
                ">",
                ">",
                ">",
                ">",
                ">",
                ">",
                ">",
                ">",
                ">"
            ],
            "cumulative_coverage": [
                ">",
                ">",
                ">",
                ">",
                ">",
                ">",
                ">",
                ">",
                ">",
                ">",
                ">",
                ">",
                ">",
                ">",
                ">",
                ">",
                ">",
                ">",
                ">",
                ">",
                ">",
                ">",
                ">",
                ">",
                ">",
                ">",
                ">",
                ">",
                ">",
                ">",
                ">",
                ">",
                ">",
                ">",
                ">"
            ],
            "execution_error": "Exception in thread \"main\" java.lang.IllegalArgumentException\n\tat Main.main(Main.java:9)",
            "cerberus_output": "IllegalArgumentException",
            "execution_result": "IllegalArgumentException"
        },
        {
            "test_case": [
                "Test Case Input:\n-5\n10\n20"
            ],
            "test_mutations": [
                "Test Case Input:\n-5\n10\n20"
            ],
            "initial_code": "public class Main {\n\tpublic static void main(String[] args) {\n\t\tScanner sc = new Scanner(System.in);\n\t\tint a = sc.nextInt();\n\t\tint b = sc.nextInt();\n\t\tint k = sc.nextInt();\n\t\tif (a > b || a < 0 || b < 0 || a > 1000000000 || b > 1000000000 || k < 0 || k > 100) {\n\t\t\tthrow new IllegalArgumentException();\n\t\t}\n\t\tint x = a + k - 1;\n\t\tif (x > b) {\n\t\t\tx = b;\n\t\t}\n\t\tif(x<a){\n\t\t\tx=a;\n\t\t}\n\t\tint y = b - k + 1;\n\t\tif (y < a) {\n\t\t\ty = a;\n\t\t}\n\t\tif(y>b){\n\t\t\ty=b;\n\t\t}\n\t\tHashSet<Integer> set = new HashSet<Integer>();\n\t\tfor (int i = a; i <= x; i++) {\n\t\t\tset.add(i);\n\t\t}\n\t\tfor (int i = y; i <= b; i++) {\n\t\t\tset.add(i);\n\t\t}\n\t\tfor (Integer j : set) {\n\t\t\tSystem.out.println(j);\n\t\t}\n\t}\n}",
            "covered_code": "Given the test case input `-5 10 20`, let's develop a plan of step by step execution of the Java program to predict its code coverage. \n\n#### Plan:\n1. **Import Statements**: Execution begins with importing necessary classes. Statements like `import java.util.Scanner;` and `import java.util.HashSet;` will be covered.\n   \n2. **Main Class Declaration**: The declaration of the main class `public class Main {` is always executed. \n\n3. **Main Method Declaration**: The declaration of the `main` method within the class `public static void main(String[] args) {` is also always executed.\n\n4. **User Input and Variable Initialization**: The program reads inputs for variables `a`, `b`, and `k` from the user. So, the statements to read these inputs are executed:\n   - `int a = sc.nextInt();`\n   - `int b = sc.nextInt();`\n   - `int k = sc.nextInt();`\n\n5. **Condition Check**: The provided condition checks if any of the input values violate the given constraints. Given the inputs `-5 10 20`, the condition `if (a > b || a < 0 || b < 0 || a > 1000000000 || b > 1000000000 || k < 0 || k > 100) {` is true because `a < 0`. Hence, this statement is executed, and the program throws an `IllegalArgumentException`. \n\n6. **Remaining Program**: Since an exception is thrown at the condition check, none of the statements following this condition are executed. These include the calculations involving variables `x` and `y`, the loop adding elements to the `HashSet`, and the loop printing the elements of the `HashSet`.\n\n#### Predicted Code Coverage:\n\n> import java.util.Scanner;\n> import java.util.HashSet;\n> public class Main {\n>     public static void main(String[] args) {\n>         Scanner sc = new Scanner(System.in);\n>         int a = sc.nextInt();\n>         int b = sc.nextInt();\n>         int k = sc.nextInt();\n>         if (a > b || a < 0 || b < 0 || a > 1000000000 || b > 1000000000 || k < 0 || k > 100) {\n>             throw new IllegalArgumentException();\n>         }\n!         int x = a + k - 1;\n!         if (x > b) {\n!             x = b;\n!         }\n!         if(x<a){\n!             x=a;\n!         }\n!         int y = b - k + 1;\n!         if (y < a) {\n!             y = a;\n!         }\n!         if(y>b){\n!             y=b;\n!         }\n!         HashSet<Integer> set = new HashSet<Integer>();\n!         for (int i = a; i <= x; i++) {\n!             set.add(i);\n!         }\n!         for (int i = y; i <= b; i++) {\n!             set.add(i);\n!         }\n!         for (Integer j : set) {\n!             System.out.println(j);\n!         }\n>     }\n> }\n\n**OUTPUT**: \nError: `IllegalArgumentException`\n\nThis code coverage indicates that the execution of the program was halted due to the violation of input constraints, leading to an `IllegalArgumentException`. As a result, the code segments following the condition check related to calculations, HashSet operations, and printing were not executed.",
            "test_seed_coverage": [
                ">",
                ">",
                ">",
                ">",
                ">",
                ">",
                ">",
                ">",
                ">",
                ">",
                ">",
                ">",
                ">",
                ">",
                ">",
                ">",
                ">",
                ">",
                ">",
                ">",
                ">",
                ">",
                ">",
                ">",
                ">",
                ">",
                ">",
                ">",
                ">",
                ">",
                ">",
                ">",
                ">",
                ">",
                ">",
                ">",
                ">"
            ],
            "cumulative_coverage": [
                ">",
                ">",
                ">",
                ">",
                ">",
                ">",
                ">",
                ">",
                ">",
                ">",
                ">",
                ">",
                ">",
                ">",
                ">",
                ">",
                ">",
                ">",
                ">",
                ">",
                ">",
                ">",
                ">",
                ">",
                ">",
                ">",
                ">",
                ">",
                ">",
                ">",
                ">",
                ">",
                ">",
                ">",
                ">",
                ">",
                ">"
            ],
            "execution_error": "Exception in thread \"main\" java.lang.IllegalArgumentException\n\tat Main.main(Main.java:9)",
            "cerberus_output": "IllegalArgumentException",
            "execution_result": "IllegalArgumentException"
        },
        {
            "test_case": [
                "Test Case Input:\n5\n10\n-1"
            ],
            "test_mutations": [
                "Test Case Input:\n5\n10\n-1"
            ],
            "initial_code": "public class Main {\n\tpublic static void main(String[] args) {\n\t\tScanner sc = new Scanner(System.in);\n\t\tint a = sc.nextInt();\n\t\tint b = sc.nextInt();\n\t\tint k = sc.nextInt();\n\t\tif (a > b || a < 0 || b < 0 || a > 1000000000 || b > 1000000000 || k < 0 || k > 100) {\n\t\t\tthrow new IllegalArgumentException();\n\t\t}\n\t\tint x = a + k - 1;\n\t\tif (x > b) {\n\t\t\tx = b;\n\t\t}\n\t\tif(x<a){\n\t\t\tx=a;\n\t\t}\n\t\tint y = b - k + 1;\n\t\tif (y < a) {\n\t\t\ty = a;\n\t\t}\n\t\tif(y>b){\n\t\t\ty=b;\n\t\t}\n\t\tHashSet<Integer> set = new HashSet<Integer>();\n\t\tfor (int i = a; i <= x; i++) {\n\t\t\tset.add(i);\n\t\t}\n\t\tfor (int i = y; i <= b; i++) {\n\t\t\tset.add(i);\n\t\t}\n\t\tfor (Integer j : set) {\n\t\t\tSystem.out.println(j);\n\t\t}\n\t}\n}",
            "covered_code": "Based on the provided test case input (`5 10 -1`) and the Java program, here is the plan to predict code coverage:\n\n1. **Scanner Initialization**: The Scanner class is used for getting the input from the user, so the line initializing the Scanner will be executed.\n\n2. **Variable Initialization**: The lines where variables `a`, `b`, and `k` are initialized with input values will be executed.\n\n3. **Conditional Check**: The program checks if any of the input conditions (`a > b || a < 0 || b < 0 || a > 1000000000 || b > 1000000000 || k < 0 || k > 100`) are true. Given the input values, the condition `k < 0` is true because `k` is `-1`, hence an `IllegalArgumentException` is thrown.\n\n4. **Rest of the Program**: Since an exception is thrown at the conditional check, none of the lines after this condition will be executed. This includes the calculation of `x` and `y`, the loops to add elements to the set, and the loop to print elements of the set.\n\n5. **Exception Handling**: The program will terminate with an `IllegalArgumentException` due to the provided input violating the specified conditions.\n\nTherefore, the code coverage, based on the described plan and the given input, is as follows:\n\n```java\n> public class Main {\n> \tpublic static void main(String[] args) {\n> \t\tScanner sc = new Scanner(System.in);\n> \t\tint a = sc.nextInt();\n> \t\tint b = sc.nextInt();\n> \t\tint k = sc.nextInt();\n> \t\tif (a > b || a < 0 || b < 0 || a > 1000000000 || b > 1000000000 || k < 0 || k > 100) {\n> \t\t\tthrow new IllegalArgumentException();\n! \t\t}\n! \t\tint x = a + k - 1;\n! \t\tif (x > b) {\n! \t\t\tx = b;\n! \t\t}\n! \t\tif(x<a){\n! \t\t\tx=a;\n! \t\t}\n! \t\tint y = b - k + 1;\n! \t\tif (y < a) {\n! \t\t\ty = a;\n! \t\t}\n! \t\tif(y>b){\n! \t\t\ty=b;\n! \t\t}\n! \t\tHashSet<Integer> set = new HashSet<Integer>();\n! \t\tfor (int i = a; i <= x; i++) {\n! \t\t\tset.add(i);\n! \t\t}\n! \t\tfor (int i = y; i <= b; i++) {\n! \t\t\tset.add(i);\n! \t\t}\n! \t\tfor (Integer j : set) {\n! \t\t\tSystem.out.println(j);\n! \t\t}\n> \t}\n> }\n```\n\n**OUTPUT**:\nError: `IllegalArgumentException` due to `k < 0` condition being true.",
            "test_seed_coverage": [
                ">",
                ">",
                ">",
                ">",
                ">",
                ">",
                ">",
                ">",
                ">",
                ">",
                ">",
                ">",
                ">",
                ">",
                ">",
                ">",
                ">",
                ">",
                ">",
                ">",
                ">",
                ">",
                ">",
                ">",
                ">",
                ">",
                ">",
                ">",
                ">",
                ">",
                ">",
                ">",
                ">",
                ">",
                ">"
            ],
            "cumulative_coverage": [
                ">",
                ">",
                ">",
                ">",
                ">",
                ">",
                ">",
                ">",
                ">",
                ">",
                ">",
                ">",
                ">",
                ">",
                ">",
                ">",
                ">",
                ">",
                ">",
                ">",
                ">",
                ">",
                ">",
                ">",
                ">",
                ">",
                ">",
                ">",
                ">",
                ">",
                ">",
                ">",
                ">",
                ">",
                ">"
            ],
            "execution_error": "Exception in thread \"main\" java.lang.IllegalArgumentException\n\tat Main.main(Main.java:9)",
            "cerberus_output": "IllegalArgumentException",
            "execution_result": "IllegalArgumentException"
        },
        {
            "test_case": [
                "Test Case Input:\n5\n10\n3"
            ],
            "test_mutations": [
                "Test Case Input:\n5\n10\n3"
            ],
            "initial_code": "public class Main {\n\tpublic static void main(String[] args) {\n\t\tScanner sc = new Scanner(System.in);\n\t\tint a = sc.nextInt();\n\t\tint b = sc.nextInt();\n\t\tint k = sc.nextInt();\n\t\tif (a > b || a < 0 || b < 0 || a > 1000000000 || b > 1000000000 || k < 0 || k > 100) {\n\t\t\tthrow new IllegalArgumentException();\n\t\t}\n\t\tint x = a + k - 1;\n\t\tif (x > b) {\n\t\t\tx = b;\n\t\t}\n\t\tif(x<a){\n\t\t\tx=a;\n\t\t}\n\t\tint y = b - k + 1;\n\t\tif (y < a) {\n\t\t\ty = a;\n\t\t}\n\t\tif(y>b){\n\t\t\ty=b;\n\t\t}\n\t\tHashSet<Integer> set = new HashSet<Integer>();\n\t\tfor (int i = a; i <= x; i++) {\n\t\t\tset.add(i);\n\t\t}\n\t\tfor (int i = y; i <= b; i++) {\n\t\t\tset.add(i);\n\t\t}\n\t\tfor (Integer j : set) {\n\t\t\tSystem.out.println(j);\n\t\t}\n\t}\n}",
            "covered_code": "Given the test case input `5 10 3`, let's develop a plan for the execution of the Java program and predict the code coverage.\n\n1. **Import Statements**: Always executed. Statements importing `Scanner` and `HashSet` will be covered.\n2. **Class Declaration**: Always executed. Statement `public class Main {` is covered.\n3. **Main Method Declaration**: Always executed. Statement `public static void main(String[] args) {` is covered.\n4. **Scanner and Variable Initialization**: Always executed. Statements initializing the scanner and reading inputs `a`, `b`, and `k` are covered.\n5. **First If Condition**: Checking if any of the conditions `(a > b || a < 0 || b < 0 || a > 1000000000 || b > 1000000000 || k < 0 || k > 100)` are true. Given the inputs (`a = 5`, `b = 10`, `k = 3`), none of these conditions are true, so the body of this if statement will not execute.\n6. **Calculating x** and **Adjusting x**: The calculation of `x = a + k - 1` and the conditions `if (x > b)` and `if (x < a)` are executed. Given the inputs, `x = 7` which doesn't trigger these conditions to modify `x`.\n7. **Calculating y** and **Adjusting y**: Similar to `x`, `y = b - k + 1` is calculated, and the conditions `if (y < a)` and `if(y > b)` are checked. Given the inputs, `y = 8`, which doesn't trigger these conditions to modify `y`.\n8. **HashSet Initialization**: Always executed. Statement `HashSet<Integer> set = new HashSet<Integer>();` is covered.\n9. **First For Loop**: Adding elements from `a` to `x` into the set. Given `a = 5` and `x = 7`, this loop runs and adds elements `5, 6, 7`.\n10. **Second For Loop**: Adding elements from `y` to `b` into the set. Given `y = 8` and `b = 10`, this loop runs and adds elements `8, 9, 10`.\n11. **Output Loop**: Iterating through the set and printing elements. This loop will execute, and all elements in the set (which are `5, 6, 7, 8, 9, 10`) will be printed.\n\nGiven this step-by-step execution plan, the code coverage for the provided Java program and test case is:\n\n```\n> public class Main {\n>     public static void main(String[] args) {\n>         Scanner sc = new Scanner(System.in);\n>         int a = sc.nextInt();\n>         int b = sc.nextInt();\n>         int k = sc.nextInt();\n!         if (a > b || a < 0 || b < 0 || a > 1000000000 || b > 1000000000 || k < 0 || k > 100) {\n!             throw new IllegalArgumentException();\n>         }\n>         int x = a + k - 1;\n!         if (x > b) {\n!             x = b;\n!         }\n!         if(x<a){\n!             x=a;\n>         }\n>         int y = b - k + 1;\n!         if (y < a) {\n!             y = a;\n!         }\n!         if(y>b){\n!             y=b;\n>         }\n>         HashSet<Integer> set = new HashSet<Integer>();\n>         for (int i = a; i <= x; i++) {\n>             set.add(i);\n>         }\n>         for (int i = y; i <= b; i++) {\n>             set.add(i);\n>         }\n>         for (Integer j : set) {\n>             System.out.println(j);\n>         }\n>     }\n> }\n```\nThis analysis assumes the program compiles and runs with the test input provided (`5 10 3`) without any runtime exceptions occurring based on this specific input.",
            "test_seed_coverage": [
                ">",
                ">",
                ">",
                ">",
                ">",
                ">",
                ">",
                ">",
                ">",
                ">",
                ">",
                ">",
                ">",
                ">",
                ">",
                ">",
                ">",
                ">",
                ">",
                ">",
                ">",
                ">",
                ">",
                ">",
                ">",
                ">",
                ">",
                ">",
                ">",
                ">",
                ">",
                ">",
                ">",
                ">",
                ">"
            ],
            "cumulative_coverage": [
                ">",
                ">",
                ">",
                ">",
                ">",
                ">",
                ">",
                ">",
                ">",
                ">",
                ">",
                ">",
                ">",
                ">",
                ">",
                ">",
                ">",
                ">",
                ">",
                ">",
                ">",
                ">",
                ">",
                ">",
                ">",
                ">",
                ">",
                ">",
                ">",
                ">",
                ">",
                ">",
                ">",
                ">",
                ">"
            ],
            "execution_output": "5\n6\n7\n8\n9\n10",
            "cerberus_output": "IllegalArgumentException",
            "execution_result": ""
        },
        {
            "test_case": [
                "Test Case Input:\n-10\n20\n5"
            ],
            "test_mutations": [
                "Test Case Input:\n-10\n20\n5"
            ],
            "initial_code": "public class Main {\n\tpublic static void main(String[] args) {\n\t\tScanner sc = new Scanner(System.in);\n\t\tint a = sc.nextInt();\n\t\tint b = sc.nextInt();\n\t\tint k = sc.nextInt();\n\t\tif (a > b || a < 0 || b < 0 || a > 1000000000 || b > 1000000000 || k < 0 || k > 100) {\n\t\t\tthrow new IllegalArgumentException();\n\t\t}\n\t\tint x = a + k - 1;\n\t\tif (x > b) {\n\t\t\tx = b;\n\t\t}\n\t\tif(x<a){\n\t\t\tx=a;\n\t\t}\n\t\tint y = b - k + 1;\n\t\tif (y < a) {\n\t\t\ty = a;\n\t\t}\n\t\tif(y>b){\n\t\t\ty=b;\n\t\t}\n\t\tHashSet<Integer> set = new HashSet<Integer>();\n\t\tfor (int i = a; i <= x; i++) {\n\t\t\tset.add(i);\n\t\t}\n\t\tfor (int i = y; i <= b; i++) {\n\t\t\tset.add(i);\n\t\t}\n\t\tfor (Integer j : set) {\n\t\t\tSystem.out.println(j);\n\t\t}\n\t}\n}",
            "covered_code": "To evaluate the code coverage for the given Java program with the provided test case input, we'll follow a step-by-step execution plan similar to the illustration provided. The test case inputs are `-10 20 5`. \n\n### Plan:\n\n1. **Import Statements**: Import statements for `Scanner` and `HashSet` will be executed.\n2. **Class Declaration**: The declaration of the `Main` class is always executed.\n3. **Main Method Declaration**: The declaration of the `main` method is always executed.\n4. **Variable Initialization and User Input**: Statements initializing `a`, `b`, and `k` with user inputs will be executed since they are at the beginning of the program and mandatory for its progression.\n5. **Conditional Check**: The condition `if (a > b || a < 0 || b < 0 || a > 1000000000 || b > 1000000000 || k < 0 || k > 100)` will be checked. Given the inputs, this condition will be true because `a` is `-10` which is `< 0`, leading to the execution of the following `throw new IllegalArgumentException();`.\n6. **The Rest of the Program**: Since an `IllegalArgumentException` is thrown at the condition check, none of the statements following this check will be executed.\n\n### Predicted Code Coverage:\n\n```\n> public class Main {\n>     public static void main(String[] args) {\n>         Scanner sc = new Scanner(System.in);\n>         int a = sc.nextInt();\n>         int b = sc.nextInt();\n>         int k = sc.nextInt();\n>         if (a > b || a < 0 || b < 0 || a > 1000000000 || b > 1000000000 || k < 0 || k > 100) {\n>             throw new IllegalArgumentException();\n!         }\n!         int x = a + k - 1;\n!         if (x > b) {\n!             x = b;\n!         }\n!         if(x<a){\n!             x=a;\n!         }\n!         int y = b - k + 1;\n!         if (y < a) {\n!             y = a;\n!         }\n!         if(y>b){\n!             y=b;\n!         }\n!         HashSet<Integer> set = new HashSet<Integer>();\n!         for (int i = a; i <= x; i++) {\n!             set.add(i);\n!         }\n!         for (int i = y; i <= b; i++) {\n!             set.add(i);\n!         }\n!         for (Integer j : set) {\n!             System.out.println(j);\n!         }\n>     }\n> }\n\nOUTPUT:\nError: IllegalArgumentException\n```\n\nThe plan shows that the program execution stops and throws an `IllegalArgumentException` when it evaluates the condition due to `a` being less than `0`. As a result, all statements after this conditional check are not executed.",
            "test_seed_coverage": [
                ">",
                ">",
                ">",
                ">",
                ">",
                ">",
                ">",
                ">",
                ">",
                ">",
                ">",
                ">",
                ">",
                ">",
                ">",
                ">",
                ">",
                ">",
                ">",
                ">",
                ">",
                ">",
                ">",
                ">",
                ">",
                ">",
                ">",
                ">",
                ">",
                ">",
                ">",
                ">",
                ">",
                ">",
                ">"
            ],
            "cumulative_coverage": [
                ">",
                ">",
                ">",
                ">",
                ">",
                ">",
                ">",
                ">",
                ">",
                ">",
                ">",
                ">",
                ">",
                ">",
                ">",
                ">",
                ">",
                ">",
                ">",
                ">",
                ">",
                ">",
                ">",
                ">",
                ">",
                ">",
                ">",
                ">",
                ">",
                ">",
                ">",
                ">",
                ">",
                ">",
                ">"
            ],
            "execution_error": "Exception in thread \"main\" java.lang.IllegalArgumentException\n\tat Main.main(Main.java:9)",
            "cerberus_output": "IllegalArgumentException",
            "execution_result": "IllegalArgumentException"
        },
        {
            "test_case": [
                "Test Case Input:\n-100\n200\n10"
            ],
            "test_mutations": [
                "Test Case Input:\n-100\n200\n10"
            ],
            "initial_code": "public class Main {\n\tpublic static void main(String[] args) {\n\t\tScanner sc = new Scanner(System.in);\n\t\tint a = sc.nextInt();\n\t\tint b = sc.nextInt();\n\t\tint k = sc.nextInt();\n\t\tif (a > b || a < 0 || b < 0 || a > 1000000000 || b > 1000000000 || k < 0 || k > 100) {\n\t\t\tthrow new IllegalArgumentException();\n\t\t}\n\t\tint x = a + k - 1;\n\t\tif (x > b) {\n\t\t\tx = b;\n\t\t}\n\t\tif(x<a){\n\t\t\tx=a;\n\t\t}\n\t\tint y = b - k + 1;\n\t\tif (y < a) {\n\t\t\ty = a;\n\t\t}\n\t\tif(y>b){\n\t\t\ty=b;\n\t\t}\n\t\tHashSet<Integer> set = new HashSet<Integer>();\n\t\tfor (int i = a; i <= x; i++) {\n\t\t\tset.add(i);\n\t\t}\n\t\tfor (int i = y; i <= b; i++) {\n\t\t\tset.add(i);\n\t\t}\n\t\tfor (Integer j : set) {\n\t\t\tSystem.out.println(j);\n\t\t}\n\t}\n}",
            "covered_code": "To predict the code coverage for the given Java program with the specified test case input, we will follow the plan step by step:\n\n**Test Case Input:**\n-100\n200\n10\n\n**Java Program:**\n```java\nimport java.util.Scanner;\nimport java.util.HashSet;\n\npublic class Main {\n    public static void main(String[] args) {\n        Scanner sc = new Scanner(System.in);\n        int a = sc.nextInt();\n        int b = sc.nextInt();\n        int k = sc.nextInt();\n        if (a > b || a < 0 || b < 0 || a > 1000000000 || b > 1000000000 || k < 0 || k > 100) {\n            throw new IllegalArgumentException();\n        }\n        int x = a + k - 1;\n        if (x > b) {\n            x = b;\n        }\n        if(x<a){\n            x=a;\n        }\n        int y = b - k + 1;\n        if (y < a) {\n            y = a;\n        }\n        if(y>b){\n            y=b;\n        }\n        HashSet<Integer> set = new HashSet<Integer>();\n        for (int i = a; i <= x; i++) {\n            set.add(i);\n        }\n        for (int i = y; i <= b; i++) {\n            set.add(i);\n        }\n        for (Integer j : set) {\n            System.out.println(j);\n        }\n    }\n}\n```\n\n**Plan for Step by Step Execution:**\n\n1. Import statements: Always executed.\n2. Main class declaration: Always executed.\n3. Main method declaration: Always executed.\n4. Initialization and user input: Executed for provided inputs a, b, and k. \n5. Conditional check for invalid inputs: This is a critical part because the inputs are -100, 200, and 10. The condition `a < 0` will be true, leading to an exception.\n6. Since an exception is thrown at step 5, none of the following statements within the main method will be executed. This includes all logic for adjusting `x` and `y`, the creation of the `HashSet`, and the loops for adding values to the set and printing them out.\n7. Exception thrown: `IllegalArgumentException`.\n\n**Predicted Code Coverage:**\n\n> import java.util.Scanner;\n> import java.util.HashSet;\n> public class Main {\n>     public static void main(String[] args) {\n>         Scanner sc = new Scanner(System.in);\n>         int a = sc.nextInt();\n>         int b = sc.nextInt();\n>         int k = sc.nextInt();\n>         if (a > b || a < 0 || b < 0 || a > 1000000000 || b > 1000000000 || k < 0 || k > 100) {\n!             throw new IllegalArgumentException();\n!         }\n!         int x = a + k - 1;\n!         if (x > b) {\n!             x = b;\n!         }\n!         if(x<a){\n!             x=a;\n!         }\n!         int y = b - k + 1;\n!         if (y < a) {\n!             y = a;\n!         }\n!         if(y>b){\n!             y=b;\n!         }\n!         HashSet<Integer> set = new HashSet<Integer>();\n!         for (int i = a; i <= x; i++) {\n!             set.add(i);\n!         }\n!         for (int i = y; i <= b; i++) {\n!             set.add(i);\n!         }\n!         for (Integer j : set) {\n!             System.out.println(j);\n!         }\n>     }\n> }\n\n**OUTPUT:**\nException: IllegalArgumentException\n\nIn summary, the code coverage shows all the lines after the condition that triggers the IllegalArgumentException are not executed due to the exception thrown based on the given inputs.",
            "test_seed_coverage": [
                ">",
                ">",
                ">",
                ">",
                ">",
                ">",
                ">",
                ">",
                ">",
                ">",
                ">",
                ">",
                ">",
                ">",
                ">",
                ">",
                ">",
                ">",
                ">",
                ">",
                ">",
                ">",
                ">",
                ">",
                ">",
                ">",
                ">",
                ">",
                ">",
                ">",
                ">",
                ">",
                ">",
                ">",
                ">",
                ">",
                ">"
            ],
            "cumulative_coverage": [
                ">",
                ">",
                ">",
                ">",
                ">",
                ">",
                ">",
                ">",
                ">",
                ">",
                ">",
                ">",
                ">",
                ">",
                ">",
                ">",
                ">",
                ">",
                ">",
                ">",
                ">",
                ">",
                ">",
                ">",
                ">",
                ">",
                ">",
                ">",
                ">",
                ">",
                ">",
                ">",
                ">",
                ">",
                ">",
                ">",
                ">"
            ],
            "execution_error": "Exception in thread \"main\" java.lang.IllegalArgumentException\n\tat Main.main(Main.java:9)",
            "cerberus_output": "IllegalArgumentException",
            "execution_result": "IllegalArgumentException"
        },
        {
            "test_case": [
                "Test Case Input:\n-5\n10\n15"
            ],
            "test_mutations": [
                "Test Case Input:\n-5\n10\n15"
            ],
            "initial_code": "public class Main {\n\tpublic static void main(String[] args) {\n\t\tScanner sc = new Scanner(System.in);\n\t\tint a = sc.nextInt();\n\t\tint b = sc.nextInt();\n\t\tint k = sc.nextInt();\n\t\tif (a > b || a < 0 || b < 0 || a > 1000000000 || b > 1000000000 || k < 0 || k > 100) {\n\t\t\tthrow new IllegalArgumentException();\n\t\t}\n\t\tint x = a + k - 1;\n\t\tif (x > b) {\n\t\t\tx = b;\n\t\t}\n\t\tif(x<a){\n\t\t\tx=a;\n\t\t}\n\t\tint y = b - k + 1;\n\t\tif (y < a) {\n\t\t\ty = a;\n\t\t}\n\t\tif(y>b){\n\t\t\ty=b;\n\t\t}\n\t\tHashSet<Integer> set = new HashSet<Integer>();\n\t\tfor (int i = a; i <= x; i++) {\n\t\t\tset.add(i);\n\t\t}\n\t\tfor (int i = y; i <= b; i++) {\n\t\t\tset.add(i);\n\t\t}\n\t\tfor (Integer j : set) {\n\t\t\tSystem.out.println(j);\n\t\t}\n\t}\n}",
            "covered_code": "Given the test inputs of `-5`, `10`, and `15`, let's develop a plan for step-by-step execution of the provided Java program and predict the code coverage. The Java program includes user input, conditional statements, loops, and manipulation of a `HashSet`.\n\n### Plan for Step by Step Execution:\n\n1. **Import Statements**: Since the code snippet provided does not display import statements, we assume import statements for `Scanner` and `HashSet` are executed.\n\n2. **Main Class Declaration**: The declaration of the `Main` class is always executed.\n\n3. **Main Method Declaration**: The declaration of the `public static void main(String[] args)` method is always executed.\n\n4. **User Input**: User inputs are always executed. Statements to read `a`, `b`, and `k` using `Scanner` will be covered.\n\n5. **First If Condition**: Given the inputs, the condition `(a > b || a < 0 || b < 0 || a > 1000000000 || b > 1000000000 || k < 0 || k > 100)` will evaluate to `true` because `a` is `-5`, which is less than `0`. This will trigger the `IllegalArgumentException`.\n\n6. **Remaining Code**: Since an exception is thrown at the first if condition, none of the statements following this condition are executed.\n\n### Predicted Code Coverage:\n\n```java\n> public class Main {\n> \tpublic static void main(String[] args) {\n> \t\tScanner sc = new Scanner(System.in);\n> \t\tint a = sc.nextInt();\n> \t\tint b = sc.nextInt();\n> \t\tint k = sc.nextInt();\n> \t\tif (a > b || a < 0 || b < 0 || a > 1000000000 || b > 1000000000 || k < 0 || k > 100) {\n> \t\t\tthrow new IllegalArgumentException();\n> \t\t}\n! \t\tint x = a + k - 1;\n! \t\tif (x > b) {\n! \t\t\tx = b;\n! \t\t}\n! \t\tif(x<a){\n! \t\t\tx=a;\n! \t\t}\n! \t\tint y = b - k + 1;\n! \t\tif (y < a) {\n! \t\t\ty = a;\n! \t\t}\n! \t\tif(y>b){\n! \t\t\ty=b;\n! \t\t}\n! \t\tHashSet<Integer> set = new HashSet<Integer>();\n! \t\tfor (int i = a; i <= x; i++) {\n! \t\t\tset.add(i);\n! \t\t}\n! \t\tfor (int i = y; i <= b; i++) {\n! \t\t\tset.add(i);\n! \t\t}\n! \t\tfor (Integer j : set) {\n! \t\t\tSystem.out.println(j);\n! \t\t}\n> \t}\n> }\n```\n\n**OUTPUT**: \n\nRuntime Exception Raised: `IllegalArgumentException`\n\nThis plan and the predicted code coverage demonstrate that the first `if` condition checking for valid input values will cause the program to throw an `IllegalArgumentException` given the test inputs, and no other part of the program beyond this point will be executed.",
            "test_seed_coverage": [
                ">",
                ">",
                ">",
                ">",
                ">",
                ">",
                ">",
                ">",
                ">",
                ">",
                ">",
                ">",
                ">",
                ">",
                ">",
                ">",
                ">",
                ">",
                ">",
                ">",
                ">",
                ">",
                ">",
                ">",
                ">",
                ">",
                ">",
                ">",
                ">",
                ">",
                ">",
                ">",
                ">",
                ">",
                ">"
            ],
            "cumulative_coverage": [
                ">",
                ">",
                ">",
                ">",
                ">",
                ">",
                ">",
                ">",
                ">",
                ">",
                ">",
                ">",
                ">",
                ">",
                ">",
                ">",
                ">",
                ">",
                ">",
                ">",
                ">",
                ">",
                ">",
                ">",
                ">",
                ">",
                ">",
                ">",
                ">",
                ">",
                ">",
                ">",
                ">",
                ">",
                ">"
            ],
            "execution_error": "Exception in thread \"main\" java.lang.IllegalArgumentException\n\tat Main.main(Main.java:9)",
            "cerberus_output": "IllegalArgumentException",
            "execution_result": "IllegalArgumentException"
        },
        {
            "test_case": [
                "Test Case Input:\n5\n10\n3"
            ],
            "test_mutations": [
                "Test Case Input:\n5\n10\n3"
            ],
            "initial_code": "public class Main {\n\tpublic static void main(String[] args) {\n\t\tScanner sc = new Scanner(System.in);\n\t\tint a = sc.nextInt();\n\t\tint b = sc.nextInt();\n\t\tint k = sc.nextInt();\n\t\tif (a > b || a < 0 || b < 0 || a > 1000000000 || b > 1000000000 || k < 0 || k > 100) {\n\t\t\tthrow new IllegalArgumentException();\n\t\t}\n\t\tint x = a + k - 1;\n\t\tif (x > b) {\n\t\t\tx = b;\n\t\t}\n\t\tif(x<a){\n\t\t\tx=a;\n\t\t}\n\t\tint y = b - k + 1;\n\t\tif (y < a) {\n\t\t\ty = a;\n\t\t}\n\t\tif(y>b){\n\t\t\ty=b;\n\t\t}\n\t\tHashSet<Integer> set = new HashSet<Integer>();\n\t\tfor (int i = a; i <= x; i++) {\n\t\t\tset.add(i);\n\t\t}\n\t\tfor (int i = y; i <= b; i++) {\n\t\t\tset.add(i);\n\t\t}\n\t\tfor (Integer j : set) {\n\t\t\tSystem.out.println(j);\n\t\t}\n\t}\n}",
            "covered_code": "To predict the code coverage for the given Java program based on the provided test case input '5\\n10\\n3', we'll follow a step-by-step execution plan similar to the previously illustrated example.\n\n**1. Import Statements**: Always executed.\n> `import java.util.Scanner;`\n> `import java.util.HashSet;`\n\n**2. Main Class Declaration**: Always executed.\n> `public class Main {`\n\n**3. Main Method Declaration**: Always executed.\n> `public static void main(String[] args) {`\n\n**4. Variable Initialization and User Input**: Always executed.\n> `Scanner sc = new Scanner(System.in);`\n> `int a = sc.nextInt();`\n> `int b = sc.nextInt();`\n> `int k = sc.nextInt();`\n\n**5. Conditional Check for Illegal Arguments**: The condition is not met with the given inputs (5, 10, 3), so the body of the if-statement is not executed.\n> `if (a > b || a < 0 || b < 0 || a > 1000000000 || b > 1000000000 || k < 0 || k > 100) {`\n! `throw new IllegalArgumentException();`\n> `}`\n\n**6. Calculating `x` and Adjustments**: Based on the inputs, `x` will be calculated and adjusted as per the given conditions.\n> `int x = a + k - 1;`\n> `if (x > b) {`\n! `x = b;`\n> `}`\n> `if(x<a){`\n! `x=a;`\n> `}`\n\n**7. Calculating `y` and Adjustments**: Similarly, `y` is calculated and adjusted.\n> `int y = b - k + 1;`\n> `if (y < a) {`\n! `y = a;`\n> `}`\n> `if(y>b){`\n! `y=b;`\n> `}`\n\n**8. HashSet Initialization and Population**: The HashSet is initialized and populated based on the adjusted `x` and `y` values.\n> `HashSet<Integer> set = new HashSet<Integer>();`\n> `for (int i = a; i <= x; i++) {`\n> `set.add(i);`\n> `}`\n> `for (int i = y; i <= b; i++) {`\n> `set.add(i);`\n> `}`\n\n**9. Printing the HashSet Contents**: All elements within the set will be printed, so this block is executed.\n> `for (Integer j : set) {`\n> `System.out.println(j);`\n> `}`\n\n**Final Code Coverage Summary**:\n> `import java.util.Scanner;`\n> `import java.util.HashSet;`\n> `public class Main {`\n> `public static void main(String[] args) {`\n> `Scanner sc = new Scanner(System.in);`\n> `int a = sc.nextInt();`\n> `int b = sc.nextInt();`\n> `int k = sc.nextInt();`\n> `if (a > b || a < 0 || b < 0 || a > 1000000000 || b > 1000000000 || k < 0 || k > 100) {`\n! `throw new IllegalArgumentException();`\n> `}`\n> `int x = a + k - 1;`\n> `if (x > b) {`\n! `x = b;`\n> `}`\n> `if(x<a){`\n! `x=a;`\n> `}`\n> `int y = b - k + 1;`\n> `if (y < a) {`\n! `y = a;`\n> `}`\n> `if(y>b){`\n! `y=b;`\n> `}`\n> `HashSet<Integer> set = new HashSet<Integer>();`\n> `for (int i = a; i <= x; i++) {`\n> `set.add(i);`\n> `}`\n> `for (int i = y; i <= b; i++) {`\n> `set.add(i);`\n> `}`\n> `for (Integer j : set) {`\n> `System.out.println(j);`\n> `}`\n\n**Output**: Given the inputs, the program will print a range of numbers without throwing an exception.",
            "test_seed_coverage": [
                ">",
                ">",
                ">",
                ">",
                ">",
                ">",
                ">",
                ">",
                ">",
                ">",
                ">",
                ">",
                ">",
                ">",
                ">",
                ">",
                ">",
                ">",
                ">",
                ">",
                ">",
                ">",
                ">",
                ">",
                ">",
                ">",
                ">",
                ">",
                ">",
                ">",
                ">",
                ">",
                ">",
                ">",
                ">",
                ">",
                ">",
                ">",
                ">",
                ">",
                ">",
                ">",
                ">",
                ">",
                "!",
                ">",
                ">",
                ">",
                "!",
                ">",
                ">",
                "!",
                ">",
                ">",
                ">",
                "!",
                ">",
                ">",
                "!",
                ">",
                ">",
                ">",
                ">",
                ">",
                ">",
                ">",
                ">",
                ">",
                ">",
                ">"
            ],
            "cumulative_coverage": [
                ">",
                ">",
                ">",
                ">",
                ">",
                ">",
                ">",
                ">",
                ">",
                ">",
                ">",
                ">",
                ">",
                ">",
                ">",
                ">",
                ">",
                ">",
                ">",
                ">",
                ">",
                ">",
                ">",
                ">",
                ">",
                ">",
                ">",
                ">",
                ">",
                ">",
                ">",
                ">",
                ">",
                ">",
                ">",
                ">",
                ">",
                ">",
                ">",
                ">",
                ">",
                ">",
                ">",
                ">",
                "!",
                ">",
                ">",
                ">",
                "!",
                ">",
                ">",
                "!",
                ">",
                ">",
                ">",
                "!",
                ">",
                ">",
                "!",
                ">",
                ">",
                ">",
                ">",
                ">",
                ">",
                ">",
                ">",
                ">",
                ">",
                ">"
            ],
            "execution_output": "5\n6\n7\n8\n9\n10",
            "cerberus_output": "IllegalArgumentException",
            "execution_result": ""
        },
        {
            "test_case": [
                "Test Case Input:\n10\n5\n-1"
            ],
            "test_mutations": [
                "Test Case Input:\n10\n5\n-1"
            ],
            "initial_code": "public class Main {\n\tpublic static void main(String[] args) {\n\t\tScanner sc = new Scanner(System.in);\n\t\tint a = sc.nextInt();\n\t\tint b = sc.nextInt();\n\t\tint k = sc.nextInt();\n\t\tif (a > b || a < 0 || b < 0 || a > 1000000000 || b > 1000000000 || k < 0 || k > 100) {\n\t\t\tthrow new IllegalArgumentException();\n\t\t}\n\t\tint x = a + k - 1;\n\t\tif (x > b) {\n\t\t\tx = b;\n\t\t}\n\t\tif(x<a){\n\t\t\tx=a;\n\t\t}\n\t\tint y = b - k + 1;\n\t\tif (y < a) {\n\t\t\ty = a;\n\t\t}\n\t\tif(y>b){\n\t\t\ty=b;\n\t\t}\n\t\tHashSet<Integer> set = new HashSet<Integer>();\n\t\tfor (int i = a; i <= x; i++) {\n\t\t\tset.add(i);\n\t\t}\n\t\tfor (int i = y; i <= b; i++) {\n\t\t\tset.add(i);\n\t\t}\n\t\tfor (Integer j : set) {\n\t\t\tSystem.out.println(j);\n\t\t}\n\t}\n}",
            "covered_code": "To predict the code coverage for the given Java program with the specified test case input (\"10\\n5\\n-1\"), let's follow a step-by-step execution plan similar to the illustrated process:\n\n**Test Case Input:**\n- a = 10\n- b = 5\n- k = -1\n\n**Execution Plan:**\n\n1. **Scanner Initialization**: Always executed.\n   - `Scanner sc = new Scanner(System.in);`\n\n2. **Variable Initialization**: Always executed as it reads inputs from the Scanner. \n   - `int a = sc.nextInt();`\n   - `int b = sc.nextInt();`\n   - `int k = sc.nextInt();`\n\n3. **Input Validation Conditional Statement**: This checks if the input values fall outside the specified bounds or conditions.\n   - Since `k` is -1, which is `< 0`, the condition `if (a > b || a < 0 || b < 0 || a > 1000000000 || b > 1000000000 || k < 0 || k > 100)` will be true, and it will throw an `IllegalArgumentException`.\n\nDue to the conditional check resulting in an exception, no further lines of the code will be executed after the input validation check. This includes the code responsible for calculating `x` and `y`, the HashSet operations, and the loops for adding elements to the set and printing them.\n\n**Predicted Code Coverage:**\n\n```\n> public class Main {\n>     public static void main(String[] args) {\n>         Scanner sc = new Scanner(System.in);\n>         int a = sc.nextInt();\n>         int b = sc.nextInt();\n>         int k = sc.nextInt();\n>         if (a > b || a < 0 || b < 0 || a > 1000000000 || b > 1000000000 || k < 0 || k > 100) {\n>             throw new IllegalArgumentException();\n!         }\n!         int x = a + k - 1;\n!         if (x > b) {\n!             x = b;\n!         }\n!         if (x < a) {\n!             x = a;\n!         }\n!         int y = b - k + 1;\n!         if (y < a) {\n!             y = a;\n!         }\n!         if (y > b) {\n!             y = b;\n!         }\n!         HashSet<Integer> set = new HashSet<Integer>();\n!         for (int i = a; i <= x; i++) {\n!             set.add(i);\n!         }\n!         for (int i = y; i <= b; i++) {\n!             set.add(i);\n!         }\n!         for (Integer j : set) {\n!             System.out.println(j);\n!         }\n>     }\n> }\n```\n\n**OUTPUT:**\n- `Error: IllegalArgumentException`\n\nThis execution plan and the resulting code coverage indicate that with the provided test case, the program does not progress past the input validation, resulting in an immediate exception and no further execution of the program logic.",
            "test_seed_coverage": [
                ">",
                ">",
                ">",
                ">",
                ">",
                ">",
                ">",
                ">",
                ">",
                ">",
                ">",
                ">",
                ">",
                ">",
                ">",
                ">",
                ">",
                ">",
                ">",
                ">",
                ">",
                ">",
                ">",
                ">",
                ">",
                ">",
                ">",
                ">",
                ">",
                ">",
                ">",
                ">",
                ">",
                ">",
                ">"
            ],
            "cumulative_coverage": [
                ">",
                ">",
                ">",
                ">",
                ">",
                ">",
                ">",
                ">",
                ">",
                ">",
                ">",
                ">",
                ">",
                ">",
                ">",
                ">",
                ">",
                ">",
                ">",
                ">",
                ">",
                ">",
                ">",
                ">",
                ">",
                ">",
                ">",
                ">",
                ">",
                ">",
                ">",
                ">",
                ">",
                ">",
                ">"
            ],
            "execution_error": "Exception in thread \"main\" java.lang.IllegalArgumentException\n\tat Main.main(Main.java:9)",
            "cerberus_output": "IllegalArgumentException",
            "execution_result": "IllegalArgumentException"
        },
        {
            "test_case": [
                "Test Case Input:\n10\n20\n5"
            ],
            "test_mutations": [
                "Test Case Input:\n10\n20\n5"
            ],
            "initial_code": "public class Main {\n\tpublic static void main(String[] args) {\n\t\tScanner sc = new Scanner(System.in);\n\t\tint a = sc.nextInt();\n\t\tint b = sc.nextInt();\n\t\tint k = sc.nextInt();\n\t\tif (a > b || a < 0 || b < 0 || a > 1000000000 || b > 1000000000 || k < 0 || k > 100) {\n\t\t\tthrow new IllegalArgumentException();\n\t\t}\n\t\tint x = a + k - 1;\n\t\tif (x > b) {\n\t\t\tx = b;\n\t\t}\n\t\tif(x<a){\n\t\t\tx=a;\n\t\t}\n\t\tint y = b - k + 1;\n\t\tif (y < a) {\n\t\t\ty = a;\n\t\t}\n\t\tif(y>b){\n\t\t\ty=b;\n\t\t}\n\t\tHashSet<Integer> set = new HashSet<Integer>();\n\t\tfor (int i = a; i <= x; i++) {\n\t\t\tset.add(i);\n\t\t}\n\t\tfor (int i = y; i <= b; i++) {\n\t\t\tset.add(i);\n\t\t}\n\t\tfor (Integer j : set) {\n\t\t\tSystem.out.println(j);\n\t\t}\n\t}\n}",
            "covered_code": "Given the test case input `10 20 5`, let's develop a plan for step-by-step execution of the given Java program and predict the code coverage.\n\n1. **Import statements**: Statements like `import java.util.Scanner;` and `import java.util.HashSet;` are always executed. So, these lines are covered.\n\n2. **Class Declaration**: The class declaration line `public class Main {` is always executed.\n\n3. **Main Method Declaration**: The line `public static void main(String[] args) {` is always executed.\n\n4. **User Input Processing**: The statements that initialize the Scanner and read inputs `a`, `b`, and `k` are executed since the program starts by asking for user input.\n\n5. **If condition for input validation**: The condition `if (a > b || a < 0 || b < 0 || a > 1000000000 || b > 1000000000 || k < 0 || k > 100) {` checks if the inputs are within the valid range. Given the inputs `10`, `20`, and `5`, this condition is not met, so the block throwing `IllegalArgumentException` is not executed.\n\n6. **Calculation and Adjustment of `x`**: The calculation of `x = a + k - 1;` is performed, and since `x` will not exceed `b` with the given inputs, the condition `if (x > b) {` is not satisfied, and `x` remains unchanged. The condition `if(x<a){` is also not satisfied.\n\n7. **Calculation and Adjustment of `y`**: Similarly, `y = b - k + 1;` is calculated. The condition `if (y < a) {` is not met with the given inputs, so `y` remains unchanged. The condition `if(y>b){` is also not met.\n\n8. **HashSet Initialization and Population**: The `HashSet<Integer> set = new HashSet<Integer>();` line is executed. Both for-loops for adding elements to the set from `a` to `x` and from `y` to `b` are executed since `x` and `y` fall within the range `[a, b]`.\n\n9. **Output Loop**: The for-each loop iterating over the set and printing its elements is executed.\n\n10. **Closing Brackets and Scanner Close**: The program execution ends properly, so any closing brackets are considered executed. However, the explicit statement to close the scanner `sc.close();` is missing, which is a common best practice but not included in the provided code snippet.\n\nBased on the plan, here is the predicted code coverage:\n\n```\n> public class Main {\n>     public static void main(String[] args) {\n>         Scanner sc = new Scanner(System.in);\n>         int a = sc.nextInt();\n>         int b = sc.nextInt();\n>         int k = sc.nextInt();\n>         if (a > b || a < 0 || b < 0 || a > 1000000000 || b > 1000000000 || k < 0 || k > 100) {\n!             throw new IllegalArgumentException();\n>         }\n>         int x = a + k - 1;\n!         if (x > b) {\n!             x = b;\n>         }\n!         if(x<a){\n!             x=a;\n>         }\n>         int y = b - k + 1;\n!         if (y < a) {\n!             y = a;\n>         }\n!         if(y>b){\n!             y=b;\n>         }\n>         HashSet<Integer> set = new HashSet<Integer>();\n>         for (int i = a; i <= x; i++) {\n>             set.add(i);\n>         }\n>         for (int i = y; i <= b; i++) {\n>             set.add(i);\n>         }\n>         for (Integer j : set) {\n>             System.out.println(j);\n>         }\n>     }\n> }\n```\n\nThis coverage indicates that all key parts of the code were executed except for the branches within conditionals that were not met by the given inputs.",
            "test_seed_coverage": [
                ">",
                ">",
                ">",
                ">",
                ">",
                ">",
                ">",
                ">",
                ">",
                ">",
                ">",
                ">",
                ">",
                ">",
                ">",
                ">",
                ">",
                ">",
                ">",
                ">",
                ">",
                ">",
                ">",
                ">",
                ">",
                ">",
                ">",
                ">",
                ">",
                ">",
                ">",
                ">",
                ">",
                ">",
                ">"
            ],
            "cumulative_coverage": [
                ">",
                ">",
                ">",
                ">",
                ">",
                ">",
                ">",
                ">",
                ">",
                ">",
                ">",
                ">",
                ">",
                ">",
                ">",
                ">",
                ">",
                ">",
                ">",
                ">",
                ">",
                ">",
                ">",
                ">",
                ">",
                ">",
                ">",
                ">",
                ">",
                ">",
                ">",
                ">",
                ">",
                ">",
                ">"
            ],
            "execution_output": "16\n17\n18\n19\n20\n10\n11\n12\n13\n14",
            "cerberus_output": "IllegalArgumentException",
            "execution_result": ""
        },
        {
            "test_case": [
                "Test Case Input:\n-5\n10\n3"
            ],
            "test_mutations": [
                "Test Case Input:\n-5\n10\n3"
            ],
            "initial_code": "public class Main {\n\tpublic static void main(String[] args) {\n\t\tScanner sc = new Scanner(System.in);\n\t\tint a = sc.nextInt();\n\t\tint b = sc.nextInt();\n\t\tint k = sc.nextInt();\n\t\tif (a > b || a < 0 || b < 0 || a > 1000000000 || b > 1000000000 || k < 0 || k > 100) {\n\t\t\tthrow new IllegalArgumentException();\n\t\t}\n\t\tint x = a + k - 1;\n\t\tif (x > b) {\n\t\t\tx = b;\n\t\t}\n\t\tif(x<a){\n\t\t\tx=a;\n\t\t}\n\t\tint y = b - k + 1;\n\t\tif (y < a) {\n\t\t\ty = a;\n\t\t}\n\t\tif(y>b){\n\t\t\ty=b;\n\t\t}\n\t\tHashSet<Integer> set = new HashSet<Integer>();\n\t\tfor (int i = a; i <= x; i++) {\n\t\t\tset.add(i);\n\t\t}\n\t\tfor (int i = y; i <= b; i++) {\n\t\t\tset.add(i);\n\t\t}\n\t\tfor (Integer j : set) {\n\t\t\tSystem.out.println(j);\n\t\t}\n\t}\n}",
            "covered_code": "Given the test case input: -5, 10, 3, let's develop a plan for step by step execution of the given Java program to predict the code coverage.\n\n1. **Import Statements Execution**: Import statements (for Scanner and HashSet) are always executed. Statements \"import java.util.Scanner;\" and \"import java.util.HashSet;\" will be covered.\n\n2. **Main Class Declaration**: The declaration of the class \"public class Main {\" is always executed.\n\n3. **Main Method Declaration**: The declaration of the main method \"public static void main(String[] args) {\" is always executed.\n\n4. **User Input Handling**: Statements for initializing Scanner and reading input values \"Scanner sc = new Scanner(System.in);\", \"int a = sc.nextInt();\", \"int b = sc.nextInt();\", \"int k = sc.nextInt();\" are covered because these operations are performed as part of the program's execution flow.\n\n5. **IllegalArgumentException Check**: Since the input value for 'a' is -5, which violates the condition 'a < 0', the program will throw an IllegalArgumentException at this point. This means the if condition \"if (a > b || a < 0 || b < 0 || a > 1000000000 || b > 1000000000 || k < 0 || k > 100) {\" and the corresponding throw statement \"throw new IllegalArgumentException();\" will be executed.\n\n6. **Subsequent Statements**: Because an exception is thrown, no further statements after the IllegalArgumentException check will be executed. This includes the calculations and adjustments for 'x' and 'y', the initialization and population of the HashSet, and the printing of the HashSet contents.\n\n7. **Closing Brackets and Scanner**: The closing brackets for the if conditions and loops, and the main method and class are considered syntactical elements and do not represent executable lines of code in the context of code coverage analysis. The scanner.close() statement is not present, so there's no consideration needed for closing the scanner.\n\nGiven the step-by-step plan, here is the code coverage based on the provided test case input:\n\n```java\n> public class Main {\n>\tpublic static void main(String[] args) {\n>\t\tScanner sc = new Scanner(System.in);\n>\t\tint a = sc.nextInt();\n>\t\tint b = sc.nextInt();\n>\t\tint k = sc.nextInt();\n>\t\tif (a > b || a < 0 || b < 0 || a > 1000000000 || b > 1000000000 || k < 0 || k > 100) {\n>\t\t\tthrow new IllegalArgumentException();\n!\t\t}\n!\t\tint x = a + k - 1;\n!\t\tif (x > b) {\n!\t\t\tx = b;\n!\t\t}\n!\t\tif(x<a){\n!\t\t\tx=a;\n!\t\t}\n!\t\tint y = b - k + 1;\n!\t\tif (y < a) {\n!\t\t\ty = a;\n!\t\t}\n!\t\tif(y>b){\n!\t\t\ty=b;\n!\t\t}\n!\t\tHashSet<Integer> set = new HashSet<Integer>();\n!\t\tfor (int i = a; i <= x; i++) {\n!\t\t\tset.add(i);\n!\t\t}\n!\t\tfor (int i = y; i <= b; i++) {\n!\t\t\tset.add(i);\n!\t\t}\n!\t\tfor (Integer j : set) {\n!\t\t\tSystem.out.println(j);\n!\t\t}\n>\t}\n> }\n```\n**OUTPUT**:\n```\nException in thread \"main\" java.lang.IllegalArgumentException\n```\n\nIn this case, the code coverage indicates that only the initial part of the program, including user input handling and the IllegalArgumentException check, are executed. The rest of the program is not executed due to the exception thrown.",
            "test_seed_coverage": [
                ">",
                ">",
                ">",
                ">",
                ">",
                ">",
                ">",
                ">",
                ">",
                ">",
                ">",
                ">",
                ">",
                ">",
                ">",
                ">",
                ">",
                ">",
                ">",
                ">",
                ">",
                ">",
                ">",
                ">",
                ">",
                ">",
                ">",
                ">",
                ">",
                ">",
                ">",
                ">",
                ">",
                ">",
                ">"
            ],
            "cumulative_coverage": [
                ">",
                ">",
                ">",
                ">",
                ">",
                ">",
                ">",
                ">",
                ">",
                ">",
                ">",
                ">",
                ">",
                ">",
                ">",
                ">",
                ">",
                ">",
                ">",
                ">",
                ">",
                ">",
                ">",
                ">",
                ">",
                ">",
                ">",
                ">",
                ">",
                ">",
                ">",
                ">",
                ">",
                ">",
                ">"
            ],
            "execution_error": "Exception in thread \"main\" java.lang.IllegalArgumentException\n\tat Main.main(Main.java:9)",
            "cerberus_output": "IllegalArgumentException",
            "execution_result": "IllegalArgumentException"
        },
        {
            "test_case": [
                "Test Case Input:\n-5\n10\n-50"
            ],
            "test_mutations": [
                "Test Case Input:\n-5\n10\n-50"
            ],
            "initial_code": "public class Main {\n\tpublic static void main(String[] args) {\n\t\tScanner sc = new Scanner(System.in);\n\t\tint a = sc.nextInt();\n\t\tint b = sc.nextInt();\n\t\tint k = sc.nextInt();\n\t\tif (a > b || a < 0 || b < 0 || a > 1000000000 || b > 1000000000 || k < 0 || k > 100) {\n\t\t\tthrow new IllegalArgumentException();\n\t\t}\n\t\tint x = a + k - 1;\n\t\tif (x > b) {\n\t\t\tx = b;\n\t\t}\n\t\tif(x<a){\n\t\t\tx=a;\n\t\t}\n\t\tint y = b - k + 1;\n\t\tif (y < a) {\n\t\t\ty = a;\n\t\t}\n\t\tif(y>b){\n\t\t\ty=b;\n\t\t}\n\t\tHashSet<Integer> set = new HashSet<Integer>();\n\t\tfor (int i = a; i <= x; i++) {\n\t\t\tset.add(i);\n\t\t}\n\t\tfor (int i = y; i <= b; i++) {\n\t\t\tset.add(i);\n\t\t}\n\t\tfor (Integer j : set) {\n\t\t\tSystem.out.println(j);\n\t\t}\n\t}\n}",
            "covered_code": "Given the test case input of `-5`, `10`, and `-50`, let's develop a plan for step-by-step execution for the Java program and predict the code coverage.\n\n**Plan:**\n1. **Import Statements**: Import statements (for `Scanner` and `HashSet`) are always executed. These statements are assumed to be present and covered.\n2. **Class Declaration**: The declaration of the class `Main` is always executed.\n3. **Main Method Declaration**: The declaration of the `main` method is always executed.\n4. **Scanner Instance Creation**: The statement to create a new instance of `Scanner` is executed.\n5. **User Input**: The statements to read inputs `a`, `b`, and `k` from the user are executed.\n6. **Initial Condition Check**: The conditional statement checks if any of the conditions `(a > b || a < 0 || b < 0 || a > 1000000000 || b > 1000000000 || k < 0 || k > 100)` are true. Given the inputs, this condition is true because `a < 0` and `k < 0`, leading to an `IllegalArgumentException`.\n7. **Subsequent Statements**: Because an exception is thrown at the initial condition check, all subsequent statements in the `main` method are not executed.\n\n**Predicted Code Coverage:**\n```java\n> public class Main {\n> \tpublic static void main(String[] args) {\n> \t\tScanner sc = new Scanner(System.in);\n> \t\tint a = sc.nextInt();\n> \t\tint b = sc.nextInt();\n> \t\tint k = sc.nextInt();\n> \t\tif (a > b || a < 0 || b < 0 || a > 1000000000 || b > 1000000000 || k < 0 || k > 100) {\n> \t\t\tthrow new IllegalArgumentException();\n!\t\t}\n!\t\tint x = a + k - 1;\n!\t\tif (x > b) {\n!\t\t\tx = b;\n!\t\t}\n!\t\tif(x<a){\n!\t\t\tx=a;\n!\t\t}\n!\t\tint y = b - k + 1;\n!\t\tif (y < a) {\n!\t\t\ty = a;\n!\t\t}\n!\t\tif(y>b){\n!\t\t\ty=b;\n!\t\t}\n!\t\tHashSet<Integer> set = new HashSet<Integer>();\n!\t\tfor (int i = a; i <= x; i++) {\n!\t\t\tset.add(i);\n!\t\t}\n!\t\tfor (int i = y; i <= b; i++) {\n!\t\t\tset.add(i);\n!\t\t}\n!\t\tfor (Integer j : set) {\n!\t\t\tSystem.out.println(j);\n!\t\t}\n> \t}\n> }\n```\n**OUTPUT:**\n`Error: IllegalArgumentException`\n\nThe code coverage shows that only the initial parts of the program are executed up until the IllegalArgumentException is thrown. All lines after the throw statement are marked as not executed (`!`) because the program halts at the exception and does not proceed further.",
            "test_seed_coverage": [
                ">",
                ">",
                ">",
                ">",
                ">",
                ">",
                ">",
                ">",
                ">",
                ">",
                ">",
                ">",
                ">",
                ">",
                ">",
                ">",
                ">",
                ">",
                ">",
                ">",
                ">",
                ">",
                ">",
                ">",
                ">",
                ">",
                ">",
                ">",
                ">",
                ">",
                ">",
                ">",
                ">",
                ">",
                ">"
            ],
            "cumulative_coverage": [
                ">",
                ">",
                ">",
                ">",
                ">",
                ">",
                ">",
                ">",
                ">",
                ">",
                ">",
                ">",
                ">",
                ">",
                ">",
                ">",
                ">",
                ">",
                ">",
                ">",
                ">",
                ">",
                ">",
                ">",
                ">",
                ">",
                ">",
                ">",
                ">",
                ">",
                ">",
                ">",
                ">",
                ">",
                ">"
            ],
            "execution_error": "Exception in thread \"main\" java.lang.IllegalArgumentException\n\tat Main.main(Main.java:9)",
            "cerberus_output": "IllegalArgumentException",
            "execution_result": "IllegalArgumentException"
        }
    ]
}