{
    "submission_id": "s617720659",
    "cycles": [
        {
            "test_case": [
                "Test Case Input:\n3\n2\n1 2 3\n4 5 6"
            ],
            "test_mutations": [
                "Test Case Input:\n3\n2\n1 2 3\n4 5 6"
            ],
            "initial_code": "public class Main {\n    static int N;\n    static int M;\n    static int [][] city;\n    public static void main(String args[]) throws Exception {\n        Scanner sc = new Scanner(System.in);\n        N= sc.nextInt();\n        M= sc.nextInt();\n        city = new int[M][N];\n        for (int i = 0; i < M; i++) {\n            for (int j = 0; j < N; j++) {\n                city[i][j] = sc.nextInt();\n            }\n        }\n        for (int i = 1; i <= N; i++) {\n            List<Integer> list = new ArrayList<>();\n            for (int j = 0; j <M; j++) {\n                if (city[j][0] == i){\n                    list.add(city[j][1]);\n                }\n            }\n            sort(i,list);\n            if (list.isEmpty()){\n                list.clear();\n            }\n        }\n    }\n    public static void sort(int n,List<Integer> list){\n        Collections.sort(list);\n        for (int i = 0; i < list.size(); i++) {\n            String str = String.format(\"%06d\", n) + String.format(\"%06d\",(i+1));\n            System.out.println(str);\n        }\n    }\n}",
            "covered_code": "To predict the code coverage, let's follow the provided plan and execute the given Java program step by step with the Test Case Input: `3 2 1 2 3 4 5 6`.\n\n1. **Import Statements and Class Declarations**: These are always executed.\n   - `import java.util.Scanner;`\n   - `import java.util.List;`\n   - `import java.util.ArrayList;`\n   - `import java.util.Collections;`\n   - `public class Main {`\n\n2. **Static variable initializations**: Executed when the program starts.\n   - `static int N;`\n   - `static int M;`\n   - `static int [][] city;`\n\n3. **Main method execution**: Always executed.\n   - `public static void main(String args[]) throws Exception {`\n\n4. **Reading N, M, and initializing the city array**: The first lines inside the main method, where we read values for `N`, `M`, and initialize the `city` array, are always executed.\n   - `N= sc.nextInt();`\n   - `M= sc.nextInt();`\n   - `city = new int[M][N];`\n\n5. **Filling the city array**: The nested loops to fill the `city` array are executed since we have values for `M` and `N`.\n   - `for (int i = 0; i < M; i++) {...}`\n   - `for (int j = 0; j < N; j++) {...}`\n\n6. **Second set of loops**: This part of the code is responsible for processing and sorting the data.\n   - The outer loop `for (int i = 1; i <= N; i++) {...}` is executed since `N` is provided in the input.\n   - The inner loop `for (int j = 0; j <M; j++) {...}` is also executed to check if `city[j][0] == i` and add corresponding elements to the list.\n\n7. **The sort method call and execution**: The `sort` method is called for each value of `i` in the range `[1, N]`.\n   - `public static void sort(int n,List<Integer> list){...}`\n\n8. **Checking if list is empty and clearing it**: The last part of the outer loop checks if the list is empty and clears it. However, this statement is redundant because if the list is empty, clearing it has no effect, and if it's not, it's not cleared.\n   - `if (list.isEmpty()){ list.clear(); }`\n\n9. **Conclusion**: Based on the given input, all parts of the program are executed except the redundant clearing of the list which does not have an impact on the execution, but since it is part of the code, it is marked as executed. There are no conditions or exceptions in the provided code and test case that would prevent any part of the code from being executed.\n\n**Code Coverage**:\n```\n> import java.util.Scanner;\n> import java.util.List;\n> import java.util.ArrayList;\n> import java.util.Collections;\n> public class Main {\n>     static int N;\n>     static int M;\n>     static int [][] city;\n>     public static void main(String args[]) throws Exception {\n>         Scanner sc = new Scanner(System.in);\n>         N= sc.nextInt();\n>         M= sc.nextInt();\n>         city = new int[M][N];\n>         for (int i = 0; i < M; i++) {\n>             for (int j = 0; j < N; j++) {\n>                 city[i][j] = sc.nextInt();\n>             }\n>         }\n>         for (int i = 1; i <= N; i++) {\n>             List<Integer> list = new ArrayList<>();\n>             for (int j = 0; j <M; j++) {\n>                 if (city[j][0] == i){\n>                     list.add(city[j][1]);\n>                 }\n>             }\n>             sort(i,list);\n>             if (list.isEmpty()){\n>                 list.clear();\n>             }\n>         }\n>     }\n>     public static void sort(int n,List<Integer> list){\n>         Collections.sort(list);\n>         for (int i = 0; i < list.size(); i++) {\n>             String str = String.format(\"%06d\", n) + String.format(\"%06d\",(i+1));\n>             System.out.println(str);\n>         }\n>     }\n> }\n```\n\nAll lines of the provided Java program are executed with the given test case input, achieving full code coverage.",
            "test_seed_coverage": [
                ">",
                ">",
                ">",
                ">",
                ">",
                ">",
                ">",
                ">",
                ">",
                ">",
                ">",
                ">",
                ">",
                ">",
                ">",
                ">",
                ">",
                ">",
                ">",
                ">",
                ">",
                ">",
                ">",
                ">",
                ">",
                ">",
                ">",
                ">",
                ">",
                ">",
                ">",
                ">",
                ">",
                ">",
                ">",
                ">",
                ">",
                ">",
                ">"
            ],
            "cumulative_coverage": [
                ">",
                ">",
                ">",
                ">",
                ">",
                ">",
                ">",
                ">",
                ">",
                ">",
                ">",
                ">",
                ">",
                ">",
                ">",
                ">",
                ">",
                ">",
                ">",
                ">",
                ">",
                ">",
                ">",
                ">",
                ">",
                ">",
                ">",
                ">",
                ">",
                ">",
                ">",
                ">",
                ">",
                ">",
                ">",
                ">",
                ">",
                ">",
                ">"
            ],
            "execution_output": "000001000001",
            "cerberus_output": "",
            "execution_result": ""
        },
        {
            "test_case": [
                "Test Case Input:\n3\n2\n1 2 3\n4 5 6"
            ],
            "test_mutations": [
                "Test Case Input:\n3\n2\n1 2 3\n4 5 6"
            ],
            "initial_code": "public class Main {\n    static int N;\n    static int M;\n    static int [][] city;\n    public static void main(String args[]) throws Exception {\n        Scanner sc = new Scanner(System.in);\n        N= sc.nextInt();\n        M= sc.nextInt();\n        city = new int[M][N];\n        for (int i = 0; i < M; i++) {\n            for (int j = 0; j < N; j++) {\n                city[i][j] = sc.nextInt();\n            }\n        }\n        for (int i = 1; i <= N; i++) {\n            List<Integer> list = new ArrayList<>();\n            for (int j = 0; j <M; j++) {\n                if (city[j][0] == i){\n                    list.add(city[j][1]);\n                }\n            }\n            sort(i,list);\n            if (list.isEmpty()){\n                list.clear();\n            }\n        }\n    }\n    public static void sort(int n,List<Integer> list){\n        Collections.sort(list);\n        for (int i = 0; i < list.size(); i++) {\n            String str = String.format(\"%06d\", n) + String.format(\"%06d\",(i+1));\n            System.out.println(str);\n        }\n    }\n}",
            "covered_code": "Given the test case input `3 2 1 2 3 4 5 6`, let's develop a plan for step-by-step execution of the Java program and predict the code coverage.\n\n1. **Class Declaration Execution**: Always executed. Statement `public class Main {` is covered.\n2. **Static Variables Initialization**: Always executed. Statements `static int N;`, `static int M;`, `static int [][] city;` are covered.\n3. **Main Method Declaration and Execution**: Always executed. Statement `public static void main(String args[]) throws Exception {` is covered.\n4. **Scanner and User Input**: Since inputs are provided as per the test case, statements `N= sc.nextInt();`, `M= sc.nextInt();`, and the initialization of `city` with `city = new int[M][N];` are covered.\n5. **First For Loop Execution**: This loop fills the `city` array with inputs. Since `M=2` and `N=3`, the loop `for (int i = 0; i < M; i++) {` and its nested loop `for (int j = 0; j < N; j++) {` are fully covered.\n6. **Second For Loop Execution**: This loop iterates `N` times, which is `3` in this case. So, `for (int i = 1; i <= N; i++) {` and all its content will be covered.\n7. **If Condition Inside Second For Loop**: The condition `if (city[j][0] == i)` checks if the first column of `city` matches `i`. This will be true for some iterations and false for others, so this condition and its associated action (adding to the list) are covered.\n8. **Sort Method Call**: The `sort` method is called `N` times (3 times in this case), so the declaration `public static void sort(int n,List<Integer> list){` and all its content will be covered.\n9. **Collections.sort Call in Sort Method**: The `Collections.sort(list);` call sorts the list, which is always executed in each call to `sort`, so it is covered.\n10. **For Loop in Sort Method**: This loop iterates over the size of the list, which is varied depending on the content added to the list. Since the list may contain different numbers of elements in different calls to `sort`, this loop and its content, including the print statement `System.out.println(str);`, are covered.\n\nBased on the above reasoning, the code coverage for the given Java program with the test case input `3 2 1 2 3 4 5 6` is:\n\n```\n> public class Main {\n>     static int N;\n>     static int M;\n>     static int [][] city;\n>     public static void main(String args[]) throws Exception {\n>         Scanner sc = new Scanner(System.in);\n>         N= sc.nextInt();\n>         M= sc.nextInt();\n>         city = new int[M][N];\n>         for (int i = 0; i < M; i++) {\n>             for (int j = 0; j < N; j++) {\n>                 city[i][j] = sc.nextInt();\n>             }\n>         }\n>         for (int i = 1; i <= N; i++) {\n>             List<Integer> list = new ArrayList<>();\n>             for (int j = 0; j <M; j++) {\n>                 if (city[j][0] == i){\n>                     list.add(city[j][1]);\n>                 }\n>             }\n>             sort(i,list);\n>             if (list.isEmpty()){\n>                 list.clear();\n>             }\n>         }\n>     }\n>     public static void sort(int n,List<Integer> list){\n>         Collections.sort(list);\n>         for (int i = 0; i < list.size(); i++) {\n>             String str = String.format(\"%06d\", n) + String.format(\"%06d\",(i+1));\n>             System.out.println(str);\n>         }\n>     }\n> }\n```\n\nAll statements in the given code are executed with the provided test case input, hence no lines are marked with `!`.",
            "test_seed_coverage": [
                ">",
                ">",
                ">",
                ">",
                ">",
                ">",
                ">",
                ">",
                ">",
                ">",
                ">",
                ">",
                ">",
                ">",
                ">",
                ">",
                ">",
                ">",
                ">",
                ">",
                ">",
                ">",
                ">",
                ">",
                ">",
                ">",
                ">",
                ">",
                ">",
                ">",
                ">",
                ">",
                ">",
                ">",
                ">"
            ],
            "cumulative_coverage": [
                ">",
                ">",
                ">",
                ">",
                ">",
                ">",
                ">",
                ">",
                ">",
                ">",
                ">",
                ">",
                ">",
                ">",
                ">",
                ">",
                ">",
                ">",
                ">",
                ">",
                ">",
                ">",
                ">",
                ">",
                ">",
                ">",
                ">",
                ">",
                ">",
                ">",
                ">",
                ">",
                ">",
                ">",
                ">"
            ],
            "execution_output": "000001000001",
            "cerberus_output": "",
            "execution_result": ""
        },
        {
            "test_case": [
                "Test Case Input:\n3\n2\n1 2 3\n4 5 6"
            ],
            "test_mutations": [
                "Test Case Input:\n3\n2\n1 2 3\n4 5 6"
            ],
            "initial_code": "public class Main {\n    static int N;\n    static int M;\n    static int [][] city;\n    public static void main(String args[]) throws Exception {\n        Scanner sc = new Scanner(System.in);\n        N= sc.nextInt();\n        M= sc.nextInt();\n        city = new int[M][N];\n        for (int i = 0; i < M; i++) {\n            for (int j = 0; j < N; j++) {\n                city[i][j] = sc.nextInt();\n            }\n        }\n        for (int i = 1; i <= N; i++) {\n            List<Integer> list = new ArrayList<>();\n            for (int j = 0; j <M; j++) {\n                if (city[j][0] == i){\n                    list.add(city[j][1]);\n                }\n            }\n            sort(i,list);\n            if (list.isEmpty()){\n                list.clear();\n            }\n        }\n    }\n    public static void sort(int n,List<Integer> list){\n        Collections.sort(list);\n        for (int i = 0; i < list.size(); i++) {\n            String str = String.format(\"%06d\", n) + String.format(\"%06d\",(i+1));\n            System.out.println(str);\n        }\n    }\n}",
            "covered_code": "Given the test case input and the Java program provided, let's develop a plan for step-by-step execution to predict the code coverage.\n\n### Test Case Input:\n`3 2 1 2 3 4 5 6`\n\n### Execution Plan:\n\n1. **Main method declaration**: always executed. Statement `public static void main(String args[]) throws Exception {` is covered.\n2. **Scanner Initialization**: always executed. Statement `Scanner sc = new Scanner(System.in);` is covered.\n3. **Static Variables Initialization**: Statements initializing `N`, `M`, and `city` are always executed since they are directly dependent on user input and are essential for program setup.\n    - `N= sc.nextInt();`\n    - `M= sc.nextInt();`\n    - `city = new int[M][N];`\n4. **First Nested For-loop for Input Initialization**:\n    - Since `M` and `N` are provided as inputs, the nested loop to initialize `city` array will be executed.\n    - For `i = 0` to `M-1` and for each `i`, `j = 0` to `N-1`, `city[i][j] = sc.nextInt();` will be executed.\n5. **Second Nested For-loop for Processing**:\n    - This loop is designed to process each value from 1 to `N` inclusive. Therefore, it will be executed.\n    - Inside this loop, a `List<Integer>` is initialized: `List<Integer> list = new ArrayList<>();`\n    - Another nested loop to check if `city[j][0] == i` and add values to `list` is executed.\n    - The `sort` method is called with `i` and `list` as arguments.\n    - The condition to clear the list if it's empty is redundant since `list` is already empty at the end of each iteration. So, `list.clear();` is never executed because `list.isEmpty()` is always false at this point.\n6. **Sort Method**:\n    - The sort method is always executed as it is called within the loop for each `i` from 1 to `N`.\n    - Within this method, `Collections.sort(list);` is executed.\n    - The for-loop inside this method to print formatted strings is also executed if `list` is not empty.\n\n### Expected Code Coverage:\n\n```\n> public class Main {\n>     static int N;\n>     static int M;\n>     static int [][] city;\n>     public static void main(String args[]) throws Exception {\n>         Scanner sc = new Scanner(System.in);\n>         N= sc.nextInt();\n>         M= sc.nextInt();\n>         city = new int[M][N];\n>         for (int i = 0; i < M; i++) {\n>             for (int j = 0; j < N; j++) {\n>                 city[i][j] = sc.nextInt();\n>             }\n>         }\n>         for (int i = 1; i <= N; i++) {\n>             List<Integer> list = new ArrayList<>();\n>             for (int j = 0; j <M; j++) {\n>                 if (city[j][0] == i){\n>                     list.add(city[j][1]);\n>                 }\n>             }\n>             sort(i,list);\n!             if (list.isEmpty()){\n!                 list.clear();\n>             }\n>         }\n>     }\n>     public static void sort(int n,List<Integer> list){\n>         Collections.sort(list);\n>         for (int i = 0; i < list.size(); i++) {\n>             String str = String.format(\"%06d\", n) + String.format(\"%06d\",(i+1));\n>             System.out.println(str);\n>         }\n>     }\n> }\n```\n\n### Key Observations:\n- All lines of the program are covered except for the `list.clear();` line, which is never executed due to the logic flow.\n- The `sort` method is called for each `i` from 1 to `N`, and operations within it are executed based on the condition that the `list` size is greater than 0.",
            "test_seed_coverage": [
                ">",
                ">",
                ">",
                ">",
                ">",
                ">",
                ">",
                ">",
                ">",
                ">",
                ">",
                ">",
                ">",
                ">",
                ">",
                ">",
                ">",
                ">",
                ">",
                ">",
                ">",
                ">",
                ">",
                ">",
                ">",
                ">",
                ">",
                ">",
                ">",
                ">",
                ">",
                ">",
                ">",
                ">",
                ">"
            ],
            "cumulative_coverage": [
                ">",
                ">",
                ">",
                ">",
                ">",
                ">",
                ">",
                ">",
                ">",
                ">",
                ">",
                ">",
                ">",
                ">",
                ">",
                ">",
                ">",
                ">",
                ">",
                ">",
                ">",
                ">",
                ">",
                ">",
                ">",
                ">",
                ">",
                ">",
                ">",
                ">",
                ">",
                ">",
                ">",
                ">",
                ">"
            ],
            "execution_output": "000001000001",
            "cerberus_output": "",
            "execution_result": ""
        },
        {
            "test_case": [
                "Test Case Input:\n3\n2\n1 2 3\n4 5 6"
            ],
            "test_mutations": [
                "Test Case Input:\n3\n2\n1 2 3\n4 5 6"
            ],
            "initial_code": "public class Main {\n    static int N;\n    static int M;\n    static int [][] city;\n    public static void main(String args[]) throws Exception {\n        Scanner sc = new Scanner(System.in);\n        N= sc.nextInt();\n        M= sc.nextInt();\n        city = new int[M][N];\n        for (int i = 0; i < M; i++) {\n            for (int j = 0; j < N; j++) {\n                city[i][j] = sc.nextInt();\n            }\n        }\n        for (int i = 1; i <= N; i++) {\n            List<Integer> list = new ArrayList<>();\n            for (int j = 0; j <M; j++) {\n                if (city[j][0] == i){\n                    list.add(city[j][1]);\n                }\n            }\n            sort(i,list);\n            if (list.isEmpty()){\n                list.clear();\n            }\n        }\n    }\n    public static void sort(int n,List<Integer> list){\n        Collections.sort(list);\n        for (int i = 0; i < list.size(); i++) {\n            String str = String.format(\"%06d\", n) + String.format(\"%06d\",(i+1));\n            System.out.println(str);\n        }\n    }\n}",
            "covered_code": "Given the Java program and the test case input \"3\\n2\\n1 2 3\\n4 5 6\", let's develop a plan for step-by-step execution to predict the code coverage.\n\n**Plan for Step by Step Execution:**\n\n1. **Class Declaration:** The statement `public class Main {` is always executed.\n\n2. **Static Variables Initialization:** Statements `static int N;`, `static int M;`, and `static int [][] city;` are always executed as they are part of the class structure.\n\n3. **Main Method Execution:** The statement `public static void main(String args[]) throws Exception {` is always executed.\n\n4. **Scanner and User Input:** Statements initializing the `Scanner` and reading input for `N` and `M` (`N= sc.nextInt(); M= sc.nextInt();`) are executed. Given the input, `N` will be set to 3 and `M` to 2, and these lines are covered.\n\n5. **Array Initialization:** The statement `city = new int[M][N];` is executed, initializing the 2D array `city` with dimensions [2][3].\n\n6. **First Nested For-Loop:** The nested for-loop to populate the `city` array executes completely as it iterates through the provided inputs \"1 2 3\" and \"4 5 6\" for `M=2` and `N=3`.\n\n7. **Second For-Loop (Outer):** The loop for iterating over `N` with `for (int i = 1; i <= N; i++) {` will be executed, covering `N` iterations.\n\n8. **List Initialization and Inner Loop:** Within this loop, `List<Integer> list = new ArrayList<>();` is executed for each iteration of `N`. The inner loop `for (int j = 0; j <M; j++) {` checks `if (city[j][0] == i)` which will not be true for any iteration based on the given input, as the first column values are \"1\" and \"4\" but the condition checks against row index+1. Therefore, `list.add(city[j][1]);` won't be executed.\n\n9. **Sort Method Call:** The `sort(i,list);` method is called for each iteration of `N`. Given the input and the condition in the inner loop, the `list` will be empty for each call, so the sorting operation occurs on an empty list.\n\n10. **If Condition Inside Main Method:** The `if (list.isEmpty()){ list.clear(); }` is executed, but `list.clear()` has no effect as `list` is already empty.\n\n11. **Sort Method Execution:** Inside `sort`, `Collections.sort(list);` is executed but has no effect on an empty list. The for-loop in `sort` method `for (int i = 0; i < list.size(); i++) {` will not execute because `list.size()` is 0.\n\n12. **System.out.println Inside Sort Method:** As the for-loop in `sort` method isn't executed, the `System.out.println(str);` statement inside this loop won't be executed either.\n\n**Code Coverage Prediction:**\n\n> public class Main {\n>     static int N;\n>     static int M;\n>     static int [][] city;\n>     public static void main(String args[]) throws Exception {\n>         Scanner sc = new Scanner(System.in);\n>         N= sc.nextInt();\n>         M= sc.nextInt();\n>         city = new int[M][N];\n>         for (int i = 0; i < M; i++) {\n>             for (int j = 0; j < N; j++) {\n>                 city[i][j] = sc.nextInt();\n>             }\n>         }\n>         for (int i = 1; i <= N; i++) {\n>             List<Integer> list = new ArrayList<>();\n>             for (int j = 0; j <M; j++) {\n!                 if (city[j][0] == i){\n!                     list.add(city[j][1]);\n!                 }\n>             }\n>             sort(i,list);\n>             if (list.isEmpty()){\n>                 list.clear();\n>             }\n>         }\n>     }\n>     public static void sort(int n,List<Integer> list){\n>         Collections.sort(list);\n!         for (int i = 0; i < list.size(); i++) {\n!             String str = String.format(\"%06d\", n) + String.format(\"%06d\",(i+1));\n!             System.out.println(str);\n>         }\n>     }\n> }\n\n**Note:** Statements marked with `!` are not executed based on the provided input. The `if` condition inside the inner loop and the statements within the `for` loop in the `sort` method are not executed due to the list being empty.",
            "test_seed_coverage": [
                ">",
                ">",
                ">",
                ">",
                ">",
                ">",
                ">",
                ">",
                ">",
                ">",
                ">",
                ">",
                ">",
                ">",
                ">",
                ">",
                ">",
                ">",
                ">",
                ">",
                ">",
                ">",
                ">",
                ">",
                ">",
                ">",
                ">",
                ">",
                ">",
                ">",
                ">",
                ">",
                ">",
                ">",
                ">"
            ],
            "cumulative_coverage": [
                ">",
                ">",
                ">",
                ">",
                ">",
                ">",
                ">",
                ">",
                ">",
                ">",
                ">",
                ">",
                ">",
                ">",
                ">",
                ">",
                ">",
                ">",
                ">",
                ">",
                ">",
                ">",
                ">",
                ">",
                ">",
                ">",
                ">",
                ">",
                ">",
                ">",
                ">",
                ">",
                ">",
                ">",
                ">"
            ],
            "execution_output": "000001000001",
            "cerberus_output": "",
            "execution_result": ""
        },
        {
            "test_case": [
                "Test Case Input:\n3\n2\n1 2 3\n4 5 6"
            ],
            "test_mutations": [
                "Test Case Input:\n3\n2\n1 2 3\n4 5 6"
            ],
            "initial_code": "public class Main {\n    static int N;\n    static int M;\n    static int [][] city;\n    public static void main(String args[]) throws Exception {\n        Scanner sc = new Scanner(System.in);\n        N= sc.nextInt();\n        M= sc.nextInt();\n        city = new int[M][N];\n        for (int i = 0; i < M; i++) {\n            for (int j = 0; j < N; j++) {\n                city[i][j] = sc.nextInt();\n            }\n        }\n        for (int i = 1; i <= N; i++) {\n            List<Integer> list = new ArrayList<>();\n            for (int j = 0; j <M; j++) {\n                if (city[j][0] == i){\n                    list.add(city[j][1]);\n                }\n            }\n            sort(i,list);\n            if (list.isEmpty()){\n                list.clear();\n            }\n        }\n    }\n    public static void sort(int n,List<Integer> list){\n        Collections.sort(list);\n        for (int i = 0; i < list.size(); i++) {\n            String str = String.format(\"%06d\", n) + String.format(\"%06d\",(i+1));\n            System.out.println(str);\n        }\n    }\n}",
            "covered_code": "Plan for step by step execution with the given test case input (`3 2 1 2 3 4 5 6`) and Java program:\n\n1. **Program Initialization**: The program starts execution, `N`, `M`, and `city` are declared as static variables. These are always executed. Thus, they are covered.\n\n2. **Scanner Object Creation**: The Scanner object `sc` is created to read inputs from the standard input. This line is executed.\n\n3. **Reading `N` and `M`**: `N=3` and `M=2` are read from the input. These lines are executed.\n\n4. **Array Initialization**: The `city` array is initialized with dimensions `[M][N]`, i.e., `[2][3]`. This line is executed.\n\n5. **First `for` Loop for Input**: The nested `for` loops read values into the `city` array. Since `M=2` and `N=3`, all six inputs (`1 2 3 4 5 6`) are read and stored in the array. These loops are fully covered.\n\n6. **Second `for` Loop for Processing**: The second set of nested loops process each city. Since `N=3`, this loop iterates three times. The outer loop is fully covered.\n\n7. **List Initialization**: Inside the second `for` loop, a new `ArrayList` is initialized for each iteration. This line is executed every time the outer loop iterates.\n\n8. **Inner `for` Loop for Filtering**: The inner loop checks if `city[j][0] == i` and if so, adds `city[j][1]` to the list. Given the input, this condition is never true, so no elements are added to the list. The condition is evaluated, but the addition operation inside the `if` block is never executed.\n\n9. **Calling `sort` Method**: The `sort` method is called with the current `i` and the list as arguments. Given the input, the list is always empty, so the sorting and printing inside the `sort` method are not executed because the list's size is 0.\n\n10. **List Clearing Check**: After calling `sort`, there is a check if the list is empty, and then it attempts to clear the list. Since the list is already empty, the `clear` operation is redundant but executed.\n\n11. **`sort` Method**: The sort method sorts the list and attempts to print formatted strings based on the elements of the list. However, since the list is always empty for the given inputs, the loop inside the `sort` method is not executed.\n\n12. **Closing Brackets and End of Program**: These are syntactical and not part of executable code coverage.\n\nBased on the plan, here's the predicted code coverage:\n\n```\n> public class Main {\n>     static int N;\n>     static int M;\n>     static int [][] city;\n>     public static void main(String args[]) throws Exception {\n>         Scanner sc = new Scanner(System.in);\n>         N= sc.nextInt();\n>         M= sc.nextInt();\n>         city = new int[M][N];\n>         for (int i = 0; i < M; i++) {\n>             for (int j = 0; j < N; j++) {\n>                 city[i][j] = sc.nextInt();\n>             }\n>         }\n>         for (int i = 1; i <= N; i++) {\n>             List<Integer> list = new ArrayList<>();\n>             for (int j = 0; j <M; j++) {\n!                 if (city[j][0] == i){\n!                     list.add(city[j][1]);\n                }\n>             }\n>             sort(i, list);\n>             if (list.isEmpty()){\n>                 list.clear();\n>             }\n>         }\n>     }\n>     public static void sort(int n, List<Integer> list){\n>         Collections.sort(list);\n!         for (int i = 0; i < list.size(); i++) {\n!             String str = String.format(\"%06d\", n) + String.format(\"%06d\",(i+1));\n!             System.out.println(str);\n>         }\n>     }\n> }\n```\n\n**Note**: The explanation mistakenly assumed that the conditions for adding elements to the list were never met. However, without explicit input content and indexes in the loops, it is hard to determine the exact execution path for dynamic content like list operations and printing. The coverage indication for those parts may vary based on actual input processing and conditions meeting during runtime.",
            "test_seed_coverage": [
                ">",
                ">",
                ">",
                ">",
                ">",
                ">",
                ">",
                ">",
                ">",
                ">",
                ">",
                ">",
                ">",
                ">",
                ">",
                ">",
                ">",
                ">",
                ">",
                ">",
                ">",
                ">",
                ">",
                ">",
                ">",
                ">",
                ">",
                ">",
                ">",
                ">",
                ">",
                ">",
                ">",
                ">",
                ">"
            ],
            "cumulative_coverage": [
                ">",
                ">",
                ">",
                ">",
                ">",
                ">",
                ">",
                ">",
                ">",
                ">",
                ">",
                ">",
                ">",
                ">",
                ">",
                ">",
                ">",
                ">",
                ">",
                ">",
                ">",
                ">",
                ">",
                ">",
                ">",
                ">",
                ">",
                ">",
                ">",
                ">",
                ">",
                ">",
                ">",
                ">",
                ">"
            ],
            "execution_output": "000001000001",
            "cerberus_output": "",
            "execution_result": ""
        },
        {
            "test_case": [
                "Test Case Input:\n3\n2\n1 2 3\n4 5 6"
            ],
            "test_mutations": [
                "Test Case Input:\n3\n2\n1 2 3\n4 5 6"
            ],
            "initial_code": "public class Main {\n    static int N;\n    static int M;\n    static int [][] city;\n    public static void main(String args[]) throws Exception {\n        Scanner sc = new Scanner(System.in);\n        N= sc.nextInt();\n        M= sc.nextInt();\n        city = new int[M][N];\n        for (int i = 0; i < M; i++) {\n            for (int j = 0; j < N; j++) {\n                city[i][j] = sc.nextInt();\n            }\n        }\n        for (int i = 1; i <= N; i++) {\n            List<Integer> list = new ArrayList<>();\n            for (int j = 0; j <M; j++) {\n                if (city[j][0] == i){\n                    list.add(city[j][1]);\n                }\n            }\n            sort(i,list);\n            if (list.isEmpty()){\n                list.clear();\n            }\n        }\n    }\n    public static void sort(int n,List<Integer> list){\n        Collections.sort(list);\n        for (int i = 0; i < list.size(); i++) {\n            String str = String.format(\"%06d\", n) + String.format(\"%06d\",(i+1));\n            System.out.println(str);\n        }\n    }\n}",
            "covered_code": "Given the code snippet and the test case input \"3\\n2\\n1 2 3\\n4 5 6\", let's develop a plan for step-by-step execution and predict the code coverage.\n\nPLAN for step by step execution:\n1. **Import Statements**: Import statements for Scanner, List, ArrayList, and Collections will be executed.\n2. **Class Declaration**: The declaration of the public class Main is always executed.\n3. **Static Variables Declaration**: The static variable declarations for N, M, and the 2D array city are always executed.\n4. **Main Method Execution**: The main method starts executing by reading inputs for N, M, and the values to fill the city 2D array.\n5. **User Inputs for N, M, and city Array**: Since N=3 and M=2, we will fill a 2x3 array with the values {1,2,3} and {4,5,6}.\n6. **Nested For Loop to Fill city Array**: The nested for loops for filling the city array will be executed completely, as we have valid inputs for all positions.\n7. **For Loop for Processing Each 'i' from 1 to N (inclusive)**: This loop will be executed N times (3 times in our case).\n8. **List Declaration and Initialization**: Inside the for loop, a new ArrayList is created for each 'i' to hold certain values based on the condition.\n9. **Inner For Loop for Condition Check and List Addition**: The inner for loop checks if city[j][0] == i and adds elements to the list accordingly. Given the input, this condition will never be true, so no elements will be added to the list.\n10. **Sort Method Call**: The sort method is called with 'i' and the list as arguments. Since the list is empty, the sort method's print statement will not execute for any iteration.\n11. **Empty List Check**: After returning from sort, it checks if the list is empty. The list is indeed empty, but the `list.clear()` operation is redundant here since the list is already empty and will be re-initialized in the next iteration.\n12. **Sort Method Execution**: The sort method is always entered, but its contents (sorting and printing) may not always execute depending on the list size.\n13. **Printing in Sort Method**: Given the condition in the main loop never adds to the list, this will not execute.\n\nPredicted Code Coverage:\n\n> import java.util.Scanner;\n> import java.util.List;\n> import java.util.ArrayList;\n> import java.util.Collections;\n> public class Main {\n>     static int N;\n>     static int M;\n>     static int [][] city;\n>     public static void main(String args[]) throws Exception {\n>         Scanner sc = new Scanner(System.in);\n>         N= sc.nextInt();\n>         M= sc.nextInt();\n>         city = new int[M][N];\n>         for (int i = 0; i < M; i++) {\n>             for (int j = 0; j < N; j++) {\n>                 city[i][j] = sc.nextInt();\n>             }\n>         }\n>         for (int i = 1; i <= N; i++) {\n>             List<Integer> list = new ArrayList<>();\n>             for (int j = 0; j <M; j++) {\n>                 if (city[j][0] == i){\n!                     list.add(city[j][1]);\n                }\n            }\n>             sort(i,list);\n>             if (list.isEmpty()){\n>                 list.clear();\n>             }\n>         }\n>     }\n>     public static void sort(int n,List<Integer> list){\n>         Collections.sort(list);\n>         for (int i = 0; i < list.size(); i++) {\n!             String str = String.format(\"%06d\", n) + String.format(\"%06d\",(i+1));\n!             System.out.println(str);\n>         }\n>     }\n> }\n\n**OUTPUT**: Given the test case and the condition in the inner for loop of the main method, no elements are added to the list, and therefore, the print statements inside the `sort` method will not execute.",
            "test_seed_coverage": [
                ">",
                ">",
                ">",
                ">",
                ">",
                ">",
                ">",
                ">",
                ">",
                ">",
                ">",
                ">",
                ">",
                ">",
                ">",
                ">",
                ">",
                ">",
                ">",
                ">",
                ">",
                ">",
                ">",
                ">",
                ">",
                ">",
                ">",
                ">",
                ">",
                ">",
                ">",
                ">",
                ">",
                ">",
                ">",
                ">",
                ">"
            ],
            "cumulative_coverage": [
                ">",
                ">",
                ">",
                ">",
                ">",
                ">",
                ">",
                ">",
                ">",
                ">",
                ">",
                ">",
                ">",
                ">",
                ">",
                ">",
                ">",
                ">",
                ">",
                ">",
                ">",
                ">",
                ">",
                ">",
                ">",
                ">",
                ">",
                ">",
                ">",
                ">",
                ">",
                ">",
                ">",
                ">",
                ">",
                ">",
                ">"
            ],
            "execution_output": "000001000001",
            "cerberus_output": "",
            "execution_result": ""
        },
        {
            "test_case": [
                "Test Case Input:\n3\n2\n1 2 3\n4 5 6"
            ],
            "test_mutations": [
                "Test Case Input:\n3\n2\n1 2 3\n4 5 6"
            ],
            "initial_code": "public class Main {\n    static int N;\n    static int M;\n    static int [][] city;\n    public static void main(String args[]) throws Exception {\n        Scanner sc = new Scanner(System.in);\n        N= sc.nextInt();\n        M= sc.nextInt();\n        city = new int[M][N];\n        for (int i = 0; i < M; i++) {\n            for (int j = 0; j < N; j++) {\n                city[i][j] = sc.nextInt();\n            }\n        }\n        for (int i = 1; i <= N; i++) {\n            List<Integer> list = new ArrayList<>();\n            for (int j = 0; j <M; j++) {\n                if (city[j][0] == i){\n                    list.add(city[j][1]);\n                }\n            }\n            sort(i,list);\n            if (list.isEmpty()){\n                list.clear();\n            }\n        }\n    }\n    public static void sort(int n,List<Integer> list){\n        Collections.sort(list);\n        for (int i = 0; i < list.size(); i++) {\n            String str = String.format(\"%06d\", n) + String.format(\"%06d\",(i+1));\n            System.out.println(str);\n        }\n    }\n}",
            "covered_code": "To analyze the code coverage for the given Java program with the specified test case input, let's break down the execution plan step by step.\n\n**Test Case Input:**\n```\n3\n2\n1 2 3\n4 5 6\n```\n\n**Step-by-Step Execution Plan:**\n\n1. **Class and Static Variable Declarations**: The class `Main`, static variables `N`, `M`, and the static 2D array `city` are declared and thus covered.\n\n2. **Main Method Execution**: The `main` method is the entry point, so its execution starts here.\n\n3. **Scanner and Variable Initialization**: The `Scanner` object is created, and the inputs for `N` and `M` are read and assigned. These lines are executed since they are necessary for program flow.\n\n4. **2D Array Initialization**: The 2D array `city` is initialized based on the values of `M` and `N`. This part of the code is executed.\n\n5. **Filling the 2D Array**: The nested loops that read values into the `city` array execute as part of the input processing. Every statement in these loops is executed.\n\n6. **Processing Data**: After the array is filled, the program iterates with another set of nested loops to process the data. Given the input, these loops are executed.\n\n7. **The `sort` Method Calls**: The `sort` method is called for each value of `i` in the range `[1, N]`. The method itself and the statements inside it are executed.\n\n8. **List Processing and Sorting**: Within the `sort` method, the list is sorted, and its contents are processed. These operations are executed.\n\n9. **Printing Sorted Data**: The final loop inside the `sort` method that formats and prints out the data executes for each element in the list.\n\n10. **List Clearing Condition**: The condition to clear the list if it is empty is never true given the test case input because the list always has elements when it is checked. This part of the code is conditionally executed but not in the given test case.\n\nBased on the above execution plan, here's the code coverage marked accordingly:\n\n> public class Main {\n>    static int N;\n>    static int M;\n>    static int [][] city;\n>    public static void main(String args[]) throws Exception {\n>        Scanner sc = new Scanner(System.in);\n>        N= sc.nextInt();\n>        M= sc.nextInt();\n>        city = new int[M][N];\n>        for (int i = 0; i < M; i++) {\n>            for (int j = 0; j < N; j++) {\n>                city[i][j] = sc.nextInt();\n>            }\n>        }\n>        for (int i = 1; i <= N; i++) {\n>            List<Integer> list = new ArrayList<>();\n>            for (int j = 0; j <M; j++) {\n>                if (city[j][0] == i){\n>                    list.add(city[j][1]);\n>                }\n>            }\n>            sort(i,list);\n>            if (list.isEmpty()){\n!                list.clear();\n>            }\n>        }\n>    }\n>    public static void sort(int n,List<Integer> list){\n>        Collections.sort(list);\n>        for (int i = 0; i < list.size(); i++) {\n>            String str = String.format(\"%06d\", n) + String.format(\"%06d\",(i+1));\n>            System.out.println(str);\n>        }\n>    }\n> }\n\n**Note:** The `list.clear()` line is marked with `!` since the list is never empty at this point in the given test case, so this condition does not execute. Every other part of the code is executed with the provided input, marked with `>`.",
            "test_seed_coverage": [
                ">",
                ">",
                ">",
                ">",
                ">",
                ">",
                ">",
                ">",
                ">",
                ">",
                ">",
                ">",
                ">",
                ">",
                ">",
                ">",
                ">",
                ">",
                ">",
                ">",
                ">",
                ">",
                ">",
                ">",
                ">",
                ">",
                ">",
                ">",
                ">",
                ">",
                ">",
                ">",
                ">",
                ">",
                ">"
            ],
            "cumulative_coverage": [
                ">",
                ">",
                ">",
                ">",
                ">",
                ">",
                ">",
                ">",
                ">",
                ">",
                ">",
                ">",
                ">",
                ">",
                ">",
                ">",
                ">",
                ">",
                ">",
                ">",
                ">",
                ">",
                ">",
                ">",
                ">",
                ">",
                ">",
                ">",
                ">",
                ">",
                ">",
                ">",
                ">",
                ">",
                ">"
            ],
            "execution_output": "000001000001",
            "cerberus_output": "",
            "execution_result": ""
        },
        {
            "test_case": [
                "Test Case Input:\n5\n3\n1 2 3 4 5\n6 7 8 9 10\n11 12 13 14 15"
            ],
            "test_mutations": [
                "Test Case Input:\n5\n3\n1 2 3 4 5\n6 7 8 9 10\n11 12 13 14 15"
            ],
            "initial_code": "public class Main {\n    static int N;\n    static int M;\n    static int [][] city;\n    public static void main(String args[]) throws Exception {\n        Scanner sc = new Scanner(System.in);\n        N= sc.nextInt();\n        M= sc.nextInt();\n        city = new int[M][N];\n        for (int i = 0; i < M; i++) {\n            for (int j = 0; j < N; j++) {\n                city[i][j] = sc.nextInt();\n            }\n        }\n        for (int i = 1; i <= N; i++) {\n            List<Integer> list = new ArrayList<>();\n            for (int j = 0; j <M; j++) {\n                if (city[j][0] == i){\n                    list.add(city[j][1]);\n                }\n            }\n            sort(i,list);\n            if (list.isEmpty()){\n                list.clear();\n            }\n        }\n    }\n    public static void sort(int n,List<Integer> list){\n        Collections.sort(list);\n        for (int i = 0; i < list.size(); i++) {\n            String str = String.format(\"%06d\", n) + String.format(\"%06d\",(i+1));\n            System.out.println(str);\n        }\n    }\n}",
            "covered_code": "To predict the code coverage for the provided Java program with the given test case input, let's proceed with the step-by-step plan based on the execution:\n\nTest Case Input:\n5\n3\n1 2 3 4 5\n6 7 8 9 10\n11 12 13 14 15\n\nPlan for step by step execution:\n1. **Initial Setup**: Import statements for `Scanner`, `List`, `ArrayList`, and `Collections` classes will be executed as they are required for the program to compile and run.\n\n2. **Class Declaration**: The declaration of the public class `Main` is executed.\n\n3. **Static Variables Initialization**: The static variables `N`, `M`, and the 2D array `city` are initialized in the `main` method.\n\n4. **User Input for N and M**: The program reads values for `N` and `M` from the input. These lines are executed.\n\n5. **Filling the city Array**: The nested loops that fill the `city` array with input values are executed.\n\n6. **Processing Each City**: The second set of loops that processes each city starts executing. This involves initializing a list for each city, checking conditions, and possibly adding elements to the list.\n\n7. **Calling the sort Method**: The `sort` method is called for each city, which sorts the list and prints output based on the sorted list. The conditions inside this method are executed based on the list's contents for each city.\n\n8. **Condition Check and List Clearing**: The condition to check if the list is empty and the subsequent list clearing operation are executed.\n\n9. **Closing Scanner**: The `Scanner` object `sc` is not explicitly closed in the given code snippet. This could be a point of improvement but does not affect code coverage.\n\nLet's now provide the code coverage indication based on the plan:\n\n```\n> public class Main {\n>     static int N;\n>     static int M;\n>     static int [][] city;\n>     public static void main(String args[]) throws Exception {\n>         Scanner sc = new Scanner(System.in);\n>         N= sc.nextInt();\n>         M= sc.nextInt();\n>         city = new int[M][N];\n>         for (int i = 0; i < M; i++) {\n>             for (int j = 0; j < N; j++) {\n>                 city[i][j] = sc.nextInt();\n>             }\n>         }\n>         for (int i = 1; i <= N; i++) {\n>             List<Integer> list = new ArrayList<>();\n>             for (int j = 0; j <M; j++) {\n!                 if (city[j][0] == i){\n>                     list.add(city[j][1]);\n!                 }\n>             }\n>             sort(i,list);\n>             if (list.isEmpty()){\n>                 list.clear();\n>             }\n>         }\n>     }\n>     public static void sort(int n,List<Integer> list){\n>         Collections.sort(list);\n>         for (int i = 0; i < list.size(); i++) {\n>             String str = String.format(\"%06d\", n) + String.format(\"%06d\",(i+1));\n>             System.out.println(str);\n>         }\n>     }\n> }\n```\n\nGiven the input, all parts of the program are executed except for the lines inside certain conditional blocks which depend on the specific values provided by the input. The `if` condition inside the second loop seems to never be true based on the supplied inputs, which suggests a misunderstanding of the input format or an error in the code logic related to indexing or the condition itself.",
            "test_seed_coverage": [
                ">",
                ">",
                ">",
                ">",
                ">",
                ">",
                ">",
                ">",
                ">",
                ">",
                ">",
                ">",
                ">",
                ">",
                ">",
                ">",
                ">",
                ">",
                ">",
                ">",
                ">",
                ">",
                ">",
                ">",
                ">",
                ">",
                ">",
                ">",
                ">",
                ">",
                ">",
                ">",
                ">",
                ">",
                ">"
            ],
            "cumulative_coverage": [
                ">",
                ">",
                ">",
                ">",
                ">",
                ">",
                ">",
                ">",
                ">",
                ">",
                ">",
                ">",
                ">",
                ">",
                ">",
                ">",
                ">",
                ">",
                ">",
                ">",
                ">",
                ">",
                ">",
                ">",
                ">",
                ">",
                ">",
                ">",
                ">",
                ">",
                ">",
                ">",
                ">",
                ">",
                ">"
            ],
            "execution_output": "000001000001",
            "cerberus_output": "",
            "execution_result": ""
        },
        {
            "test_case": [
                "Test Case Input:\n3\n2\n1 2 3\n4 5 6"
            ],
            "test_mutations": [
                "Test Case Input:\n3\n2\n1 2 3\n4 5 6"
            ],
            "initial_code": "public class Main {\n    static int N;\n    static int M;\n    static int [][] city;\n    public static void main(String args[]) throws Exception {\n        Scanner sc = new Scanner(System.in);\n        N= sc.nextInt();\n        M= sc.nextInt();\n        city = new int[M][N];\n        for (int i = 0; i < M; i++) {\n            for (int j = 0; j < N; j++) {\n                city[i][j] = sc.nextInt();\n            }\n        }\n        for (int i = 1; i <= N; i++) {\n            List<Integer> list = new ArrayList<>();\n            for (int j = 0; j <M; j++) {\n                if (city[j][0] == i){\n                    list.add(city[j][1]);\n                }\n            }\n            sort(i,list);\n            if (list.isEmpty()){\n                list.clear();\n            }\n        }\n    }\n    public static void sort(int n,List<Integer> list){\n        Collections.sort(list);\n        for (int i = 0; i < list.size(); i++) {\n            String str = String.format(\"%06d\", n) + String.format(\"%06d\",(i+1));\n            System.out.println(str);\n        }\n    }\n}",
            "covered_code": "Let's develop a plan for step by step execution of the given Java program with the test case input `3\\n2\\n1 2 3\\n4 5 6` and predict the code coverage:\n\n1. **Import statements**: These are always executed as they are required for the program to compile and run. Statements involving `import java.util.*;` will be covered.\n\n2. **Class Declaration**: Always executed. Statement `public class Main {` is covered.\n\n3. **Static variable declaration and initialization**: Always executed for the class. Statements `static int N;`, `static int M;`, and `static int [][] city;` are covered.\n\n4. **Main method declaration**: Always executed. Statement `public static void main(String args[]) throws Exception {` is covered.\n\n5. **Scanner and variable initialization**: Always executed. Statements `Scanner sc = new Scanner(System.in);`, `N= sc.nextInt();`, `M= sc.nextInt();`, and `city = new int[M][N];` are covered.\n\n6. **First for-loop for input**: Since `M` and `N` are provided by the test case, the loop that populates `city` array will be executed. Statements within the loop `for (int i = 0; i < M; i++) {` and `for (int j = 0; j < N; j++) {` along with `city[i][j] = sc.nextInt();` are covered.\n\n7. **Second for-loop for processing**: The loop that iterates based on `N` will be executed. Statement `for (int i = 1; i <= N; i++) {` is covered.\n\n8. **List initialization and conditional check**: Within the second for-loop, list initialization `List<Integer> list = new ArrayList<>();` is always executed. Statements within the nested for-loop `for (int j = 0; j <M; j++) {` and the conditional check `if (city[j][0] == i){` are covered.\n\n9. **sort method call**: The call to `sort(i,list);` will be executed for each iteration of the second for-loop.\n\n10. **sort method execution**: Since the sort method is called, its declaration `public static void sort(int n,List<Integer> list){` is covered. The `Collections.sort(list);` statement and the for-loop within `sort` are executed.\n\n11. **Conditional check for empty list**: The conditional check `if (list.isEmpty()){` is executed, but since the list isn't empty after sorting in the test case provided, the body of the if statement `list.clear();` is not executed.\n\n12. **System.out.println within sort**: The `System.out.println(str);` within `sort` method will be executed based on the size of the list after sorting.\n\nGiven this plan, the predicted code coverage is:\n\n```\n> public class Main {\n>     static int N;\n>     static int M;\n>     static int [][] city;\n>     public static void main(String args[]) throws Exception {\n>         Scanner sc = new Scanner(System.in);\n>         N= sc.nextInt();\n>         M= sc.nextInt();\n>         city = new int[M][N];\n>         for (int i = 0; i < M; i++) {\n>             for (int j = 0; j < N; j++) {\n>                 city[i][j] = sc.nextInt();\n>             }\n>         }\n>         for (int i = 1; i <= N; i++) {\n>             List<Integer> list = new ArrayList<>();\n>             for (int j = 0; j <M; j++) {\n>                 if (city[j][0] == i){\n>                     list.add(city[j][1]);\n>                 }\n>             }\n>             sort(i,list);\n!             if (list.isEmpty()){\n!                 list.clear();\n>             }\n>         }\n>     }\n>     public static void sort(int n,List<Integer> list){\n>         Collections.sort(list);\n>         for (int i = 0; i < list.size(); i++) {\n>             String str = String.format(\"%06d\", n) + String.format(\"%06d\",(i+1));\n>             System.out.println(str);\n>         }\n>     }\n> }\n```\n\nThis indicates that nearly all statements are executed except for the body of the `if` statement checking if the list is empty after sorting since the provided test case ensures the list has elements after the sorting operation.",
            "test_seed_coverage": [
                ">",
                ">",
                ">",
                ">",
                ">",
                ">",
                ">",
                ">",
                ">",
                ">",
                ">",
                ">",
                ">",
                ">",
                ">",
                ">",
                ">",
                ">",
                ">",
                ">",
                ">",
                ">",
                ">",
                ">",
                ">",
                ">",
                ">",
                ">",
                ">",
                ">",
                ">",
                ">",
                ">",
                ">",
                ">"
            ],
            "cumulative_coverage": [
                ">",
                ">",
                ">",
                ">",
                ">",
                ">",
                ">",
                ">",
                ">",
                ">",
                ">",
                ">",
                ">",
                ">",
                ">",
                ">",
                ">",
                ">",
                ">",
                ">",
                ">",
                ">",
                ">",
                ">",
                ">",
                ">",
                ">",
                ">",
                ">",
                ">",
                ">",
                ">",
                ">",
                ">",
                ">"
            ],
            "execution_output": "000001000001",
            "cerberus_output": "",
            "execution_result": ""
        },
        {
            "test_case": [
                "Test Case Input:\n3\n2\n1 2 3\n4 5 6"
            ],
            "test_mutations": [
                "Test Case Input:\n3\n2\n1 2 3\n4 5 6"
            ],
            "initial_code": "public class Main {\n    static int N;\n    static int M;\n    static int [][] city;\n    public static void main(String args[]) throws Exception {\n        Scanner sc = new Scanner(System.in);\n        N= sc.nextInt();\n        M= sc.nextInt();\n        city = new int[M][N];\n        for (int i = 0; i < M; i++) {\n            for (int j = 0; j < N; j++) {\n                city[i][j] = sc.nextInt();\n            }\n        }\n        for (int i = 1; i <= N; i++) {\n            List<Integer> list = new ArrayList<>();\n            for (int j = 0; j <M; j++) {\n                if (city[j][0] == i){\n                    list.add(city[j][1]);\n                }\n            }\n            sort(i,list);\n            if (list.isEmpty()){\n                list.clear();\n            }\n        }\n    }\n    public static void sort(int n,List<Integer> list){\n        Collections.sort(list);\n        for (int i = 0; i < list.size(); i++) {\n            String str = String.format(\"%06d\", n) + String.format(\"%06d\",(i+1));\n            System.out.println(str);\n        }\n    }\n}",
            "covered_code": "Following the provided plan structure, let's analyze the given Java program and predict the code coverage based on the provided test case input:\n\n**Test Case Input:**\n```\n3\n2\n1 2 3\n4 5 6\n```\n\n**Plan for step by step execution:**\n\n1. **Class Declaration:** The class declaration `public class Main {` is always executed.\n\n2. **Static Variables Initialization:** Execution of static variables `static int N;`, `static int M;`, `static int [][] city;` is implicit and doesn't involve explicit code execution but their assignments within the `main` method are covered.\n\n3. **Main Method Execution:** The `public static void main(String args[])` method is executed.\n\n4. **Scanner and Inputs:** The creation of `Scanner` object and the reading of inputs `N= sc.nextInt();`, `M= sc.nextInt();` are executed, as well as the initialization of the `city` array `city = new int[M][N];`.\n\n5. **First Nested Loop for Input Assignment:** The nested loop populating the `city` array is executed for every input value provided.\n\n6. **Second Nested Loop for Processing:** The nested loop that processes the `city` array is fully executed. The condition `if (city[j][0] == i)` is checked for all iterations.\n\n7. **sort Method Execution:** The `sort` method `public static void sort(int n,List<Integer> list){` is called for each value of `i` in the second nested loop. Since there's a mismatch in the conditions and the provided test case does not match any `city[j][0] == i` condition due to incorrect input format, this might not add elements to `list`, affecting the execution of the `sort` method's inner logic.\n\n8. **List Operations and Collections.sort:** Operations on `list` including `Collections.sort(list);` are executed if the list is not empty. Given the input format is incorrect for the expected logic of matching `city[j][0] == i`, the inner loop of the `sort` method that prints formatted strings might not execute.\n\n9. **System.out.println in sort Method:** The `System.out.println(str);` within the `sort` method is dependent on whether any list elements are added and sorted, which in turn depends on the input structure and matching logic.\n\n**Predicted Code Coverage:**\n\n```\n> public class Main {\n>     static int N;\n>     static int M;\n>     static int [][] city;\n>     public static void main(String args[]) throws Exception {\n>         Scanner sc = new Scanner(System.in);\n>         N= sc.nextInt();\n>         M= sc.nextInt();\n>         city = new int[M][N];\n>         for (int i = 0; i < M; i++) {\n>             for (int j = 0; j < N; j++) {\n>                 city[i][j] = sc.nextInt();\n>             }\n>         }\n>         for (int i = 1; i <= N; i++) {\n>             List<Integer> list = new ArrayList<>();\n>             for (int j = 0; j <M; j++) {\n!                 if (city[j][0] == i){\n!                     list.add(city[j][1]);\n!                 }\n>             }\n>             sort(i,list);\n>             if (list.isEmpty()){\n>                 list.clear();\n>             }\n>         }\n>     }\n>     public static void sort(int n,List<Integer> list){\n>         Collections.sort(list);\n!         for (int i = 0; i < list.size(); i++) {\n!             String str = String.format(\"%06d\", n) + String.format(\"%06d\",(i+1));\n!             System.out.println(str);\n>         }\n>     }\n> }\n```\n\n**Note:** The prediction assumes no elements are added to the list due to incorrect input format for conditional matching. If the input format matches the expected logic (which seems to be erroneously described), the execution may vary, specifically for the lines within the `if` block and the printing loop in the `sort` method.",
            "test_seed_coverage": [
                ">",
                ">",
                ">",
                ">",
                ">",
                ">",
                ">",
                ">",
                ">",
                ">",
                ">",
                ">",
                ">",
                ">",
                ">",
                ">",
                ">",
                ">",
                ">",
                ">",
                ">",
                ">",
                ">",
                ">",
                ">",
                ">",
                ">",
                ">",
                ">",
                ">",
                ">",
                ">",
                ">",
                ">",
                ">"
            ],
            "cumulative_coverage": [
                ">",
                ">",
                ">",
                ">",
                ">",
                ">",
                ">",
                ">",
                ">",
                ">",
                ">",
                ">",
                ">",
                ">",
                ">",
                ">",
                ">",
                ">",
                ">",
                ">",
                ">",
                ">",
                ">",
                ">",
                ">",
                ">",
                ">",
                ">",
                ">",
                ">",
                ">",
                ">",
                ">",
                ">",
                ">"
            ],
            "execution_output": "000001000001",
            "cerberus_output": "",
            "execution_result": ""
        },
        {
            "test_case": [
                "Test Case Input:\n3\n2\n1 2 3\n4 5 6"
            ],
            "test_mutations": [
                "Test Case Input:\n3\n2\n1 2 3\n4 5 6"
            ],
            "initial_code": "public class Main {\n    static int N;\n    static int M;\n    static int [][] city;\n    public static void main(String args[]) throws Exception {\n        Scanner sc = new Scanner(System.in);\n        N= sc.nextInt();\n        M= sc.nextInt();\n        city = new int[M][N];\n        for (int i = 0; i < M; i++) {\n            for (int j = 0; j < N; j++) {\n                city[i][j] = sc.nextInt();\n            }\n        }\n        for (int i = 1; i <= N; i++) {\n            List<Integer> list = new ArrayList<>();\n            for (int j = 0; j <M; j++) {\n                if (city[j][0] == i){\n                    list.add(city[j][1]);\n                }\n            }\n            sort(i,list);\n            if (list.isEmpty()){\n                list.clear();\n            }\n        }\n    }\n    public static void sort(int n,List<Integer> list){\n        Collections.sort(list);\n        for (int i = 0; i < list.size(); i++) {\n            String str = String.format(\"%06d\", n) + String.format(\"%06d\",(i+1));\n            System.out.println(str);\n        }\n    }\n}",
            "covered_code": "To predict the code coverage for the given Java program and test case, I'll follow a similar step-by-step execution plan as illustrated in the example. \n\n### Test Case Input:\n```\n3 2 1 2 3 4 5 6\n```\n\n### Execution Plan:\n\n1. **Import statements**: These are always executed. Statements importing `Scanner`, `List`, `ArrayList`, and `Collections` will be covered.\n2. **Class Declaration**: Always executed. Statement `public class Main {` is covered.\n3. **Main method declaration**: Always executed. Statement `public static void main(String args[]) throws Exception {` is covered.\n4. **Static variable initialization**: Statements initializing `N`, `M`, and `city` will be executed when they are used within the `main` method, so they are covered.\n5. **User Input**: Statements to read values into `N`, `M`, and subsequently into the `city` array are always executed given valid input.\n6. **First for loop to fill the `city` array**: Since `M` is 2 and `N` is 3, the loops for filling `city` array will be executed according to these values. All related statements are covered.\n7. **Second for loop for processing and sorting**: This loop runs from 1 to `N` inclusive, meaning it will execute 3 times in this case. All statements within this loop are therefore covered.\n8. **Conditional check inside second for loop**: The `if` condition checking `city[j][0] == i` will be evaluated for each iteration. The coverage of this depends on the input values and their relation to `i`. With the given inputs, this statement and the subsequent `list.add(city[j][1]);` are executed based on the input conditions.\n9. **`sort` method call**: This method is called for each value of `i` in the loop. Thus, it's always covered.\n10. **`Collections.sort` and loop in `sort` method**: The `sort` method's internal statements, including the call to `Collections.sort(list)` and the loop that formats and prints out strings, are executed every time the method is called, provided the list is not empty.\n11. **Printing in `sort` method**: Given the inputs and the logic, this part is executed to print out the formatted string.\n\n### Predicted Code Coverage:\n\n```\n> public class Main {\n>     static int N;\n>     static int M;\n>     static int [][] city;\n>     public static void main(String args[]) throws Exception {\n>         Scanner sc = new Scanner(System.in);\n>         N= sc.nextInt();\n>         M= sc.nextInt();\n>         city = new int[M][N];\n>         for (int i = 0; i < M; i++) {\n>             for (int j = 0; j < N; j++) {\n>                 city[i][j] = sc.nextInt();\n>             }\n>         }\n>         for (int i = 1; i <= N; i++) {\n>             List<Integer> list = new ArrayList<>();\n>             for (int j = 0; j <M; j++) {\n>                 if (city[j][0] == i){\n>                     list.add(city[j][1]);\n>                 }\n>             }\n>             sort(i,list);\n>             if (list.isEmpty()){\n!                 list.clear();\n>             }\n>         }\n>     }\n>     public static void sort(int n,List<Integer> list){\n>         Collections.sort(list);\n>         for (int i = 0; i < list.size(); i++) {\n>             String str = String.format(\"%06d\", n) + String.format(\"%06d\",(i+1));\n>             System.out.println(str);\n>         }\n>     }\n> }\n```\n\nThe `list.clear();` statement inside the `if` check is not executed because the condition for the list to be empty is not met given the provided inputs.",
            "test_seed_coverage": [
                ">",
                ">",
                ">",
                ">",
                ">",
                ">",
                ">",
                ">",
                ">",
                ">",
                ">",
                ">",
                ">",
                ">",
                ">",
                ">",
                ">",
                ">",
                ">",
                ">",
                ">",
                ">",
                ">",
                ">",
                ">",
                ">",
                ">",
                ">",
                ">",
                ">",
                ">",
                ">",
                ">",
                ">",
                ">"
            ],
            "cumulative_coverage": [
                ">",
                ">",
                ">",
                ">",
                ">",
                ">",
                ">",
                ">",
                ">",
                ">",
                ">",
                ">",
                ">",
                ">",
                ">",
                ">",
                ">",
                ">",
                ">",
                ">",
                ">",
                ">",
                ">",
                ">",
                ">",
                ">",
                ">",
                ">",
                ">",
                ">",
                ">",
                ">",
                ">",
                ">",
                ">"
            ],
            "execution_output": "000001000001",
            "cerberus_output": "",
            "execution_result": ""
        },
        {
            "test_case": [
                "Test Case Input:\n3\n2\n1 2 3\n4 5 6"
            ],
            "test_mutations": [
                "Test Case Input:\n3\n2\n1 2 3\n4 5 6"
            ],
            "initial_code": "public class Main {\n    static int N;\n    static int M;\n    static int [][] city;\n    public static void main(String args[]) throws Exception {\n        Scanner sc = new Scanner(System.in);\n        N= sc.nextInt();\n        M= sc.nextInt();\n        city = new int[M][N];\n        for (int i = 0; i < M; i++) {\n            for (int j = 0; j < N; j++) {\n                city[i][j] = sc.nextInt();\n            }\n        }\n        for (int i = 1; i <= N; i++) {\n            List<Integer> list = new ArrayList<>();\n            for (int j = 0; j <M; j++) {\n                if (city[j][0] == i){\n                    list.add(city[j][1]);\n                }\n            }\n            sort(i,list);\n            if (list.isEmpty()){\n                list.clear();\n            }\n        }\n    }\n    public static void sort(int n,List<Integer> list){\n        Collections.sort(list);\n        for (int i = 0; i < list.size(); i++) {\n            String str = String.format(\"%06d\", n) + String.format(\"%06d\",(i+1));\n            System.out.println(str);\n        }\n    }\n}",
            "covered_code": "Given the Java program and the test case input \"3\\n2\\n1 2 3\\n4 5 6\", let's develop a plan for step-by-step execution and predict the code coverage.\n\n### PLAN:\n1. **Class and Static Variable Declaration**: These are always executed.\n    - Statements \"public class Main {\", \"static int N;\", \"static int M;\", and \"static int [][] city;\" will be covered.\n2. **Main Method Declaration**: Always executed.\n    - Statement \"public static void main(String args[]) throws Exception {\" is covered.\n3. **Scanner and Variable Initialization**: Executed as part of taking input.\n    - Statements initializing the Scanner, \"N= sc.nextInt();\", \"M= sc.nextInt();\", and \"city = new int[M][N];\" will be covered.\n4. **First For Loop for Input**: Based on the inputs, the loop will run to populate the `city` array.\n    - Statements inside the first for loop (\"for (int i = 0; i < M; i++) {...}\") will be covered as the loop iterates over the given input to populate the array.\n5. **Second For Loop for Processing and Method Call**: The loop runs based on the value of N, calling `sort` method for each i.\n    - The loop statement \"for (int i = 1; i <= N; i++) {...}\" and its entire body will be covered.\n6. **If Condition Inside Second For Loop**: Checks if the list is empty. Since we add elements to the list based on a condition, coverage depends on input.\n    - The statement \"if (city[j][0] == i){...}\" determines whether elements are added to the list or not. Given the inputs, this condition may or may not be satisfied for all iterations. However, in this plan, we assume this condition is checked for every iteration.\n    - The statement \"if (list.isEmpty()){...}\" is checked in each iteration of the outer loop, but given the test case, the list will not be empty for all iterations, so the inside of the if condition might not be executed.\n7. **Sort Method Declaration and Execution**: Always executed when called.\n    - Declaration \"public static void sort(int n,List<Integer> list){...}\" and its body, including the sort operation and the loop inside this method, will be covered.\n8. **Collections.sort and Output Generation**: Inside the `sort` method, these operations are executed every time the method is called.\n    - The statement \"Collections.sort(list);\" and the for loop that generates and prints output will be covered.\n\n### CODE COVERAGE PREDICTION:\n\n> public class Main {\n>     static int N;\n>     static int M;\n>     static int [][] city;\n>     public static void main(String args[]) throws Exception {\n>         Scanner sc = new Scanner(System.in);\n>         N= sc.nextInt();\n>         M= sc.nextInt();\n>         city = new int[M][N];\n>         for (int i = 0; i < M; i++) {\n>             for (int j = 0; j < N; j++) {\n>                 city[i][j] = sc.nextInt();\n>             }\n>         }\n>         for (int i = 1; i <= N; i++) {\n>             List<Integer> list = new ArrayList<>();\n>             for (int j = 0; j <M; j++) {\n>                 if (city[j][0] == i){\n>                     list.add(city[j][1]);\n>                 }\n>             }\n>             sort(i,list);\n>             if (list.isEmpty()){\n!                 list.clear();\n>             }\n>         }\n>     }\n>     public static void sort(int n,List<Integer> list){\n>         Collections.sort(list);\n>         for (int i = 0; i < list.size(); i++) {\n>             String str = String.format(\"%06d\", n) + String.format(\"%06d\",(i+1));\n>             System.out.println(str);\n>         }\n>     }\n> }\n\nGiven the inputs, every part of the code is executed except for the `list.clear()` inside the `if (list.isEmpty())`. This is because, with the provided inputs, the list will always have elements after the sorting operation, hence the condition for `list.isEmpty()` will never be true.\n\n**Note**: The actual execution could reveal more about how the inputs affect the coverage, especially for conditionals and loop iterations.",
            "test_seed_coverage": [
                ">",
                ">",
                ">",
                ">",
                ">",
                ">",
                ">",
                ">",
                ">",
                ">",
                ">",
                ">",
                ">",
                ">",
                ">",
                ">",
                ">",
                ">",
                ">",
                ">",
                ">",
                ">",
                ">",
                ">",
                ">",
                ">",
                ">",
                ">",
                ">",
                ">",
                ">",
                ">",
                ">",
                ">",
                ">"
            ],
            "cumulative_coverage": [
                ">",
                ">",
                ">",
                ">",
                ">",
                ">",
                ">",
                ">",
                ">",
                ">",
                ">",
                ">",
                ">",
                ">",
                ">",
                ">",
                ">",
                ">",
                ">",
                ">",
                ">",
                ">",
                ">",
                ">",
                ">",
                ">",
                ">",
                ">",
                ">",
                ">",
                ">",
                ">",
                ">",
                ">",
                ">"
            ],
            "execution_output": "000001000001",
            "cerberus_output": "",
            "execution_result": ""
        }
    ]
}