{
    "submission_id": "s696603260",
    "cycles": [
        {
            "test_case": [
                "Test Case Input:\n5\n3\n6\n4\n2\n3\n4\n1"
            ],
            "test_mutations": [
                "Test Case Input:\n5\n3\n6\n4\n2\n3\n4\n1"
            ],
            "initial_code": "public class Main {\n    public static void main(String[] args) {\n        Scanner sc = new Scanner(System.in);\n        int n = sc.nextInt();\n        int k = sc.nextInt();\n        int q = sc.nextInt();\n        int[] a = new int[n+1];\n        Map<Integer, Integer> map = new HashMap<>();\n        for (int i = 0;i<q;i++) {\n            a[i] = sc.nextInt();\n            int count = map.getOrDefault(a[i], 0);\n            map.put(a[i], ++count);\n        }\n        for (int i = 1; i <= n;i++) {\n            int score = k - q + map.getOrDefault(i, 0);\n            if (score > 0) {\n                System.out.println(\"Yes\");\n            } else {\n                System.out.println(\"No\");\n            }\n        }\n    }\n}",
            "covered_code": "Given the test case input and following the step-by-step plan for execution of the provided Java program, we can predict the code coverage:\n\n**Test Case Input:**\n```\n5\n3\n6\n4\n2\n3\n4\n1\n```\n\n**Plan for Execution:**\n\n1. **Import statements:** Always executed. Statements for importing Scanner and Map will be covered. \n\n2. **Main Class Declaration:** Always executed. Statement `public class Main {` is covered.\n\n3. **Main Method Declaration:** Always executed. Statement `public static void main(String[] args) {` is covered.\n\n4. **Variable Initialization and Scanner Input:** Executed as part of the program's flow. Statements for initializing `n`, `k`, `q`, and the creation of the array `a` and the map `map` are covered.\n\n5. **First For Loop Execution:** Since `q` is 6, the for loop `for (int i = 0; i < q; i++) {` will execute 6 times, covering the statements within the loop for reading input into the array `a` and updating the map `map`.\n\n6. **Second For Loop Execution:** The loop `for (int i = 1; i <= n; i++) {` iterates over the number of participants `n`, thus, it will execute 5 times, covering the statements within the loop for calculating the score and deciding if the score is greater than 0.\n\n7. **Conditionals:** The conditional if-else statements within the second for loop will be executed based on the calculated score for each participant. Since the conditions depend on the values of `k`, `q`, and the occurrences of each participant number in the inputs, these will vary.\n\n8. **Output Statements:** Depending on the score for each participant, either \"Yes\" or \"No\" will be printed, so these statements will be covered as part of the loop execution.\n\n9. **Scanner Close:** Statement `sc.close();` is not explicitly mentioned but is assumed to be part of good practice for handling resources. If included, it would be executed at the end.\n\n**Predicted Code Coverage:**\n\n```\n> public class Main {\n>     public static void main(String[] args) {\n>         Scanner sc = new Scanner(System.in);\n>         int n = sc.nextInt();\n>         int k = sc.nextInt();\n>         int q = sc.nextInt();\n>         int[] a = new int[n+1];\n>         Map<Integer, Integer> map = new HashMap<>();\n>         for (int i = 0;i<q;i++) {\n>             a[i] = sc.nextInt();\n>             int count = map.getOrDefault(a[i], 0);\n>             map.put(a[i], ++count);\n>         }\n>         for (int i = 1; i <= n;i++) {\n>             int score = k - q + map.getOrDefault(i, 0);\n>             if (score > 0) {\n>                 System.out.println(\"Yes\");\n>             } else {\n>                 System.out.println(\"No\");\n>             }\n>         }\n>     }\n}\n```\n\n**Note:** All statements within the provided Java program are covered by the test case input according to the given plan, assuming a well-formed program without syntax errors and the presence of necessary import statements.",
            "test_seed_coverage": [
                ">",
                ">",
                ">",
                ">",
                ">",
                ">",
                ">",
                ">",
                ">",
                ">",
                ">",
                ">",
                ">",
                ">",
                ">",
                ">",
                ">",
                ">",
                ">",
                ">",
                ">",
                ">",
                ">"
            ],
            "cumulative_coverage": [
                ">",
                ">",
                ">",
                ">",
                ">",
                ">",
                ">",
                ">",
                ">",
                ">",
                ">",
                ">",
                ">",
                ">",
                ">",
                ">",
                ">",
                ">",
                ">",
                ">",
                ">",
                ">",
                ">"
            ],
            "execution_error": "Exception in thread \"main\" java.util.NoSuchElementException\n\tat java.base/java.util.Scanner.throwFor(Scanner.java:945)\n\tat java.base/java.util.Scanner.next(Scanner.java:1602)\n\tat java.base/java.util.Scanner.nextInt(Scanner.java:2267)\n\tat java.base/java.util.Scanner.nextInt(Scanner.java:2221)\n\tat Main.main(Main.java:11)",
            "cerberus_output": "",
            "execution_result": "NoSuchElementException"
        },
        {
            "test_case": [
                "Test Case Input:\n1\n2\n3\n4\n5"
            ],
            "test_mutations": [
                "Test Case Input:\n1\n2\n3\n4\n5"
            ],
            "initial_code": "public class Main {\n    public static void main(String[] args) {\n        Scanner sc = new Scanner(System.in);\n        int n = sc.nextInt();\n        int k = sc.nextInt();\n        int q = sc.nextInt();\n        int[] a = new int[n+1];\n        Map<Integer, Integer> map = new HashMap<>();\n        for (int i = 0;i<q;i++) {\n            a[i] = sc.nextInt();\n            int count = map.getOrDefault(a[i], 0);\n            map.put(a[i], ++count);\n        }\n        for (int i = 1; i <= n;i++) {\n            int score = k - q + map.getOrDefault(i, 0);\n            if (score > 0) {\n                System.out.println(\"Yes\");\n            } else {\n                System.out.println(\"No\");\n            }\n        }\n    }\n}",
            "covered_code": "Given the test case input `1 2 3 4 5` and the Java program, let's develop a step-by-step plan for its execution and predict the code coverage.\n\n### Plan for Step by Step Execution:\n1. **Import statements execution:** Import statements for `Scanner` and `Map` classes are always executed. Statements `import java.util.Scanner;` and `import java.util.Map;` along with `import java.util.HashMap;` will be covered.\n   \n2. **Class Declaration:** The declaration of the `Main` class is always executed. Statement `public class Main {` is covered.\n\n3. **Main method declaration:** The declaration of the `main` method is always executed. Statement `public static void main(String[] args) {` is covered.\n\n4. **Variable Initialization and Scanner:** The statements for initializing the `Scanner`, reading values for `n`, `k`, `q`, and initializing the array `a` and the `map` are covered since they are executed upon the start of the program.\n\n5. **First for loop for input accumulation:** Given `q` is 3, the loop will run three times to read input and populate the array and map. Statements within this loop are covered.\n\n6. **Second for loop for score calculation and output:** Since `n` is 1, this loop will execute once to calculate the score and determine if the output is \"Yes\" or \"No\". All statements within this loop are covered.\n\n7. **Closing Scanner:** The statement for closing the scanner `sc.close();` is not present, thus not applicable in coverage.\n\n8. **Closing brackets:** Always covered as part of the syntax.\n\n### Code Coverage Prediction:\nGiven the test case and the plan, here is the code coverage prediction following the format of executed (`>`) and not executed (`!`) lines:\n\n```\n> public class Main {\n>     public static void main(String[] args) {\n>         Scanner sc = new Scanner(System.in);\n>         int n = sc.nextInt(); // n = 1\n>         int k = sc.nextInt(); // k = 2\n>         int q = sc.nextInt(); // q = 3\n>         int[] a = new int[n+1]; // n+1 = 2\n>         Map<Integer, Integer> map = new HashMap<>();\n>         for (int i = 0; i < q; i++) { // q = 3, loop runs 3 times\n>             a[i] = sc.nextInt(); // Reads 4, 5, and hypothetically another number if provided\n>             int count = map.getOrDefault(a[i], 0);\n>             map.put(a[i], ++count);\n>         }\n>         for (int i = 1; i <= n; i++) { // n = 1, loop runs once\n>             int score = k - q + map.getOrDefault(i, 0); // k = 2, q = 3\n>             if (score > 0) {\n>                 System.out.println(\"Yes\");\n>             } else {\n>                 System.out.println(\"No\");\n>             }\n>         }\n>     }\n> }\n```\nGiven the inputs, the array `a` and the map `map` operations are completely covered, as well as both loops and all conditions. Since the input `n = 1`, `k = 2`, and `q = 3` with votes `4 5`, the second loop checks for contestants 1 through `n`, calculating their scores and printing \"Yes\" or \"No\" based on the condition. The loop's logic and the conditionals within are fully executed based on the provided test case.",
            "test_seed_coverage": [
                ">",
                ">",
                ">",
                ">",
                ">",
                ">",
                ">",
                ">",
                ">",
                ">",
                ">",
                ">",
                ">",
                ">",
                ">",
                ">",
                ">",
                ">",
                ">",
                ">",
                ">",
                ">",
                ">"
            ],
            "cumulative_coverage": [
                ">",
                ">",
                ">",
                ">",
                ">",
                ">",
                ">",
                ">",
                ">",
                ">",
                ">",
                ">",
                ">",
                ">",
                ">",
                ">",
                ">",
                ">",
                ">",
                ">",
                ">",
                ">",
                ">"
            ],
            "execution_error": "Exception in thread \"main\" java.util.NoSuchElementException\n\tat java.base/java.util.Scanner.throwFor(Scanner.java:945)\n\tat java.base/java.util.Scanner.next(Scanner.java:1602)\n\tat java.base/java.util.Scanner.nextInt(Scanner.java:2267)\n\tat java.base/java.util.Scanner.nextInt(Scanner.java:2221)\n\tat Main.main(Main.java:11)",
            "cerberus_output": "",
            "execution_result": "NoSuchElementException"
        },
        {
            "test_case": [
                "Test Case Input:\n5\n10\n3\n1\n2\n3"
            ],
            "test_mutations": [
                "Test Case Input:\n5\n10\n3\n1\n2\n3"
            ],
            "initial_code": "public class Main {\n    public static void main(String[] args) {\n        Scanner sc = new Scanner(System.in);\n        int n = sc.nextInt();\n        int k = sc.nextInt();\n        int q = sc.nextInt();\n        int[] a = new int[n+1];\n        Map<Integer, Integer> map = new HashMap<>();\n        for (int i = 0;i<q;i++) {\n            a[i] = sc.nextInt();\n            int count = map.getOrDefault(a[i], 0);\n            map.put(a[i], ++count);\n        }\n        for (int i = 1; i <= n;i++) {\n            int score = k - q + map.getOrDefault(i, 0);\n            if (score > 0) {\n                System.out.println(\"Yes\");\n            } else {\n                System.out.println(\"No\");\n            }\n        }\n    }\n}",
            "covered_code": "Given the test case input and the Java program, let's develop a plan for step-by-step execution to predict the code coverage.\n\n### Test Case Input:\n- `5`\n- `10`\n- `3`\n- `1`\n- `2`\n- `3`\n\n### Plan:\n\n1. **Import statements and class declaration**: Always executed.\n2. **Main method declaration**: Always executed.\n3. **Variable Initialization and Scanner Input**: The statements for initializing `n`, `k`, `q`, and reading their values from the scanner are always executed.\n4. **Array and Map Initialization**: The array `a` and the map `map` are initialized right after variable initialization, so they are always executed.\n5. **First for-loop execution**: Given `q = 3`, the loop will execute three times to read three integers (`1`, `2`, `3`) and update the map accordingly. All statements within this loop are executed.\n6. **Second for-loop execution**: Runs for `n` times, which is `5` in this case. It calculates the `score` for each `i` and prints \"Yes\" or \"No\" based on the condition. All statements within this loop are executed.\n7. **Closing Brackets**: Always covered as part of the syntax.\n\n### Final Code Coverage:\n\nBased on the plan:\n\n```\n> public class Main {\n>     public static void main(String[] args) {\n>         Scanner sc = new Scanner(System.in);\n>         int n = sc.nextInt();\n>         int k = sc.nextInt();\n>         int q = sc.nextInt();\n>         int[] a = new int[n+1];\n>         Map<Integer, Integer> map = new HashMap<>();\n>         for (int i = 0;i<q;i++) {\n>             a[i] = sc.nextInt();\n>             int count = map.getOrDefault(a[i], 0);\n>             map.put(a[i], ++count);\n>         }\n>         for (int i = 1; i <= n;i++) {\n>             int score = k - q + map.getOrDefault(i, 0);\n>             if (score > 0) {\n>                 System.out.println(\"Yes\");\n>             } else {\n>                 System.out.println(\"No\");\n>             }\n>         }\n>     }\n> }\n```\n\n### OUTPUT:\n\nThere's no specific runtime exception raised for this given test case, as all inputs are valid and the logic properly handles the given scenario without encountering any exceptional conditions like division by zero or out-of-bounds array access.\n\nThus, all the lines of the given code snippet are executed at least once with the provided test case, achieving full code coverage for this scenario.",
            "test_seed_coverage": [
                ">",
                ">",
                ">",
                ">",
                ">",
                ">",
                ">",
                ">",
                ">",
                ">",
                ">",
                ">",
                ">",
                ">",
                ">",
                ">",
                ">",
                ">",
                ">",
                ">",
                ">",
                ">",
                ">"
            ],
            "cumulative_coverage": [
                ">",
                ">",
                ">",
                ">",
                ">",
                ">",
                ">",
                ">",
                ">",
                ">",
                ">",
                ">",
                ">",
                ">",
                ">",
                ">",
                ">",
                ">",
                ">",
                ">",
                ">",
                ">",
                ">"
            ],
            "execution_output": "Yes\nYes\nYes\nYes\nYes",
            "cerberus_output": "",
            "execution_result": ""
        },
        {
            "test_case": [
                "Test Case Input:\n5\n3\n4\n1\n2\n3\n4"
            ],
            "test_mutations": [
                "Test Case Input:\n5\n3\n4\n1\n2\n3\n4"
            ],
            "initial_code": "public class Main {\n    public static void main(String[] args) {\n        Scanner sc = new Scanner(System.in);\n        int n = sc.nextInt();\n        int k = sc.nextInt();\n        int q = sc.nextInt();\n        int[] a = new int[n+1];\n        Map<Integer, Integer> map = new HashMap<>();\n        for (int i = 0;i<q;i++) {\n            a[i] = sc.nextInt();\n            int count = map.getOrDefault(a[i], 0);\n            map.put(a[i], ++count);\n        }\n        for (int i = 1; i <= n;i++) {\n            int score = k - q + map.getOrDefault(i, 0);\n            if (score > 0) {\n                System.out.println(\"Yes\");\n            } else {\n                System.out.println(\"No\");\n            }\n        }\n    }\n}",
            "covered_code": "To predict the code coverage for the provided Java program with the given test case input, we will follow a step-by-step execution plan. The test case input is:\n\n```\nTest Case Input:\n5 3 4 1 2 3 4\n```\n\n### Execution Plan:\n\n1. **Import statements**: They are not shown but are assumed to be executed since the program uses `Scanner` and `Map`.\n\n2. **Class Declaration**: The declaration of the `Main` class is always executed.\n\n3. **Main method Declaration**: The `main` method is the entry point of the program, thus always executed.\n\n4. **User Input and Program Output**: The statements initiating the `Scanner` and reading from it are executed. The variables `n`, `k`, and `q` receive their values from the inputs.\n\n5. **Array and Map Initialization**: The initialization of the array `a` and the `Map` `map` are executed.\n\n6. **First for loop (Reading and Counting)**: This loop is executed `q` times, as dictated by the input. Within this loop:\n   - Reading integers and storing them in array `a`.\n   - Counting occurrences with `map`.\n\n7. **Second for loop (Output generation)**: This loop runs `n` times, generating output based on the calculated scores.\n\n### Code Coverage Prediction:\n\nGiven the inputs and the execution plan, here's the predicted code coverage:\n\n```\n> public class Main {\n>     public static void main(String[] args) {\n>         Scanner sc = new Scanner(System.in);\n>         int n = sc.nextInt();\n>         int k = sc.nextInt();\n>         int q = sc.nextInt();\n>         int[] a = new int[n+1];\n>         Map<Integer, Integer> map = new HashMap<>();\n>         for (int i = 0;i<q;i++) {\n>             a[i] = sc.nextInt();\n>             int count = map.getOrDefault(a[i], 0);\n>             map.put(a[i], ++count);\n>         }\n>         for (int i = 1; i <= n;i++) {\n>             int score = k - q + map.getOrDefault(i, 0);\n>             if (score > 0) {\n>                 System.out.println(\"Yes\");\n>             } else {\n>                 System.out.println(\"No\");\n>             }\n>         }\n>     }\n> }\n```\n\nAll lines in the provided code snippet are executed given the test case input. The inputs dictate the flow through both for loops, and since there's no conditional logic that depends on dynamic input values outside of what's provided, every part of the code is covered.\n\n**Conclusion**: The code coverage for this test case input is 100%, as all lines of code are executed.",
            "test_seed_coverage": [
                ">",
                ">",
                ">",
                ">",
                ">",
                ">",
                ">",
                ">",
                ">",
                ">",
                ">",
                ">",
                ">",
                ">",
                ">",
                ">",
                ">",
                ">",
                ">",
                ">",
                ">",
                ">",
                ">"
            ],
            "cumulative_coverage": [
                ">",
                ">",
                ">",
                ">",
                ">",
                ">",
                ">",
                ">",
                ">",
                ">",
                ">",
                ">",
                ">",
                ">",
                ">",
                ">",
                ">",
                ">",
                ">",
                ">",
                ">",
                ">",
                ">"
            ],
            "execution_output": "No\nNo\nNo\nNo\nNo",
            "cerberus_output": "",
            "execution_result": ""
        },
        {
            "test_case": [
                "Test Case Input:\n5\n3\n4\n2\n3\n4\n5"
            ],
            "test_mutations": [
                "Test Case Input:\n5\n3\n4\n2\n3\n4\n5"
            ],
            "initial_code": "public class Main {\n    public static void main(String[] args) {\n        Scanner sc = new Scanner(System.in);\n        int n = sc.nextInt();\n        int k = sc.nextInt();\n        int q = sc.nextInt();\n        int[] a = new int[n+1];\n        Map<Integer, Integer> map = new HashMap<>();\n        for (int i = 0;i<q;i++) {\n            a[i] = sc.nextInt();\n            int count = map.getOrDefault(a[i], 0);\n            map.put(a[i], ++count);\n        }\n        for (int i = 1; i <= n;i++) {\n            int score = k - q + map.getOrDefault(i, 0);\n            if (score > 0) {\n                System.out.println(\"Yes\");\n            } else {\n                System.out.println(\"No\");\n            }\n        }\n    }\n}",
            "covered_code": "To predict the code coverage for the given Java program and the test case input, let's develop a plan step by step:\n\n**Test Case Input:**\n```\n5\n3\n4\n2\n3\n4\n5\n```\n**Java Program:**\n```java\nimport java.util.Scanner;\nimport java.util.Map;\nimport java.util.HashMap;\n\npublic class Main {\n    public static void main(String[] args) {\n        Scanner sc = new Scanner(System.in);\n        int n = sc.nextInt(); // 1. Read number of elements (n)\n        int k = sc.nextInt(); // 2. Read threshold (k)\n        int q = sc.nextInt(); // 3. Read number of queries (q)\n        int[] a = new int[n+1]; // 4. Initialize array of size n+1\n        Map<Integer, Integer> map = new HashMap<>(); // 5. Initialize HashMap\n        \n        for (int i = 0;i<q;i++) { // 6. Iterate q times\n            a[i] = sc.nextInt(); // 7. Read query input\n            int count = map.getOrDefault(a[i], 0); // 8. Get count from map or default to 0\n            map.put(a[i], ++count); // 9. Increment and put back to map\n        }\n        \n        for (int i = 1; i <= n;i++) { // 10. Iterate n times to compute scores\n            int score = k - q + map.getOrDefault(i, 0); // 11. Compute score for i\n            if (score > 0) { // 12. Check if score is greater than 0\n                System.out.println(\"Yes\"); // 13. Print \"Yes\" if score > 0\n            } else {\n                System.out.println(\"No\"); // 14. Print \"No\" otherwise\n            }\n        }\n    }\n}\n```\n**Plan for step by step execution:**\n1. **Import statements** are always executed.\n2. **Class and main method declaration** are always executed.\n3. **User Input and Program Output** are always executed.\n4. **Initialization of variables and objects** (`n`, `k`, `q`, `a[]`, `map`) are always executed.\n5. **First for-loop** to populate the array and map with user inputs will be fully executed as per the input.\n6. **Second for-loop** to compute and print scores will be fully executed.\n\n**Code Coverage Prediction:**\n```java\n> import java.util.Scanner;\n> import java.util.Map;\n> import java.util.HashMap;\n\n> public class Main {\n>     public static void main(String[] args) {\n>         Scanner sc = new Scanner(System.in);\n>         int n = sc.nextInt(); // 5\n>         int k = sc.nextInt(); // 3\n>         int q = sc.nextInt(); // 4\n>         int[] a = new int[n+1]; // Initialize array of size 6\n>         Map<Integer, Integer> map = new HashMap<>();\n        \n>         for (int i = 0;i<q;i++) { // Executes 4 times\n>             a[i] = sc.nextInt(); // Reads 2, 3, 4, 5\n>             int count = map.getOrDefault(a[i], 0); \n>             map.put(a[i], ++count);\n>         }\n        \n>         for (int i = 1; i <= n;i++) { // Executes 5 times\n>             int score = k - q + map.getOrDefault(i, 0); // Computes score\n>             if (score > 0) {\n>                 System.out.println(\"Yes\"); // Prints \"Yes\" or \"No\" based on score\n>             } else {\n>                 System.out.println(\"No\");\n>             }\n>         }\n>     }\n> }\n```\n**All statements in the provided program are executed at least once given the test case input, so there are no lines marked with `!` indicating that all lines were covered during the execution.**",
            "test_seed_coverage": [
                ">",
                ">",
                ">",
                ">",
                ">",
                ">",
                ">",
                ">",
                ">",
                ">",
                ">",
                ">",
                ">",
                ">",
                ">",
                ">",
                ">",
                ">",
                ">",
                ">",
                ">",
                ">",
                ">",
                ">",
                ">",
                ">"
            ],
            "cumulative_coverage": [
                ">",
                ">",
                ">",
                ">",
                ">",
                ">",
                ">",
                ">",
                ">",
                ">",
                ">",
                ">",
                ">",
                ">",
                ">",
                ">",
                ">",
                ">",
                ">",
                ">",
                ">",
                ">",
                ">",
                ">",
                ">",
                ">"
            ],
            "execution_output": "No\nNo\nNo\nNo\nNo",
            "cerberus_output": "",
            "execution_result": ""
        },
        {
            "test_case": [
                "Test Case Input:\n10\n5\n3\n1\n2\n3"
            ],
            "test_mutations": [
                "Test Case Input:\n10\n5\n3\n1\n2\n3"
            ],
            "initial_code": "public class Main {\n    public static void main(String[] args) {\n        Scanner sc = new Scanner(System.in);\n        int n = sc.nextInt();\n        int k = sc.nextInt();\n        int q = sc.nextInt();\n        int[] a = new int[n+1];\n        Map<Integer, Integer> map = new HashMap<>();\n        for (int i = 0;i<q;i++) {\n            a[i] = sc.nextInt();\n            int count = map.getOrDefault(a[i], 0);\n            map.put(a[i], ++count);\n        }\n        for (int i = 1; i <= n;i++) {\n            int score = k - q + map.getOrDefault(i, 0);\n            if (score > 0) {\n                System.out.println(\"Yes\");\n            } else {\n                System.out.println(\"No\");\n            }\n        }\n    }\n}",
            "covered_code": "To predict the code coverage for the given Java program based on the provided test case input \"10 5 3 1 2 3\" and develop a plan for step-by-step execution:\n\n1. **Import Statements**: Import statements for Scanner and Map classes (if present) are always executed. These are not shown but assumed to be covered.\n\n2. **Class Declaration**: The declaration `public class Main {` is always executed.\n\n3. **Main Method Declaration**: The declaration `public static void main(String[] args) {` is always executed.\n\n4. **Variable Initialization**: Statements for initializing `n`, `k`, `q`, `a[]`, and `map` are executed based on user input.\n\n5. **First For Loop Execution**: Since `q` is 3, the for loop `for (int i = 0; i < q; i++) {` will execute three times to read three numbers `1`, `2`, and `3` for `a[i]` and update the `map` accordingly.\n\n6. **Second For Loop Execution**: The second for loop `for (int i = 1; i <= n; i++) {` iterates from 1 to 10 (inclusive) to calculate scores and decide if the output is \"Yes\" or \"No\".\n\n7. **If-Else Condition within Second For Loop**: The if condition `if (score > 0) {` will be checked for each iteration of the second for loop to determine the output for each participant.\n\n8. **Closing Scanner**: The statement for closing the scanner `sc.close();` is not present, indicating a potential resource leak, but this aspect is not directly related to code coverage.\n\nBased on the plan, here is the code coverage prediction:\n\n```java\n> public class Main {\n>     public static void main(String[] args) {\n>         Scanner sc = new Scanner(System.in);\n>         int n = sc.nextInt();  // 10\n>         int k = sc.nextInt();  // 5\n>         int q = sc.nextInt();  // 3\n>         int[] a = new int[n+1];  // array size is 11\n>         Map<Integer, Integer> map = new HashMap<>();\n>         for (int i = 0; i < q; i++) {  // Executes 3 times\n>             a[i] = sc.nextInt();  // Reads 1, 2, 3\n>             int count = map.getOrDefault(a[i], 0);\n>             map.put(a[i], ++count);\n>         }\n>         for (int i = 1; i <= n; i++) {  // Iterates from 1 to 10\n>             int score = k - q + map.getOrDefault(i, 0);\n>             if (score > 0) {\n>                 System.out.println(\"Yes\");  // Output depends on score\n>             } else {\n>                 System.out.println(\"No\");  // Output depends on score\n>             }\n>         }\n>     }\n> }\n```\n\nGiven the inputs, all parts of the for loops and the if-else conditions within the second for loop are covered. However, the exact output (\"Yes\" or \"No\") for each iteration depends on the computation of `score` in the context of the provided inputs. The code coverage indicates that all statements in the provided code snippet are executed with the given inputs, achieving full code coverage.",
            "test_seed_coverage": [
                ">",
                ">",
                ">",
                ">",
                ">",
                ">",
                ">",
                ">",
                ">",
                ">",
                ">",
                ">",
                ">",
                ">",
                ">",
                ">",
                ">",
                ">",
                ">",
                ">",
                ">",
                ">",
                ">"
            ],
            "cumulative_coverage": [
                ">",
                ">",
                ">",
                ">",
                ">",
                ">",
                ">",
                ">",
                ">",
                ">",
                ">",
                ">",
                ">",
                ">",
                ">",
                ">",
                ">",
                ">",
                ">",
                ">",
                ">",
                ">",
                ">"
            ],
            "execution_output": "Yes\nYes\nYes\nYes\nYes\nYes\nYes\nYes\nYes\nYes",
            "cerberus_output": "",
            "execution_result": ""
        },
        {
            "test_case": [
                "Test Case Input:\n-5\n4\n3\n1\n2\n3"
            ],
            "test_mutations": [
                "Test Case Input:\n-5\n4\n3\n1\n2\n3"
            ],
            "initial_code": "public class Main {\n    public static void main(String[] args) {\n        Scanner sc = new Scanner(System.in);\n        int n = sc.nextInt();\n        int k = sc.nextInt();\n        int q = sc.nextInt();\n        int[] a = new int[n+1];\n        Map<Integer, Integer> map = new HashMap<>();\n        for (int i = 0;i<q;i++) {\n            a[i] = sc.nextInt();\n            int count = map.getOrDefault(a[i], 0);\n            map.put(a[i], ++count);\n        }\n        for (int i = 1; i <= n;i++) {\n            int score = k - q + map.getOrDefault(i, 0);\n            if (score > 0) {\n                System.out.println(\"Yes\");\n            } else {\n                System.out.println(\"No\");\n            }\n        }\n    }\n}",
            "covered_code": "PLAN:\n1. Import statements for Scanner and Map utilities are always executed.\n2. Main class declaration is always executed.\n3. Main method declaration is always executed.\n4. Statements to read inputs (`n`, `k`, `q`) are always executed.\n5. Array `a` declaration and `Map` initialization are always executed.\n6. The first for loop depends on the value of `q`. It iterates `q` times to read input and update the map. Given `q` is 3, this loop will be executed thrice.\n7. In the first for loop, array `a` is updated, and a count in the map is incremented based on input. These lines are executed as per the number of queries `q`.\n8. The second for loop iterates from 1 to `n` inclusively. Given `n` is 4, this loop block will be executed 4 times.\n9. Inside the second for loop, `score` calculation and condition checking (`if (score > 0)`) are always executed.\n10. The condition inside the second for loop leads to either printing \"Yes\" or \"No\" based on the score calculated. These are conditionally executed based on the value of `score`.\n\nTEST CASE INPUT: -5 4 3 1 2 3\n\nCODE COVERAGE:\n> import java.util.Scanner;\n> import java.util.Map;\n> import java.util.HashMap;\n> public class Main {\n>     public static void main(String[] args) {\n>         Scanner sc = new Scanner(System.in);\n>         int n = sc.nextInt(); // Input -5\n>         int k = sc.nextInt(); // Input 4\n>         int q = sc.nextInt(); // Input 3\n>         int[] a = new int[n+1]; // Due to input, this results in an array size of -4, which will raise an exception\n!         Map<Integer, Integer> map = new HashMap<>();\n!         for (int i = 0;i<q;i++) {\n!             a[i] = sc.nextInt();\n!             int count = map.getOrDefault(a[i], 0);\n!             map.put(a[i], ++count);\n!         }\n!         for (int i = 1; i <= n;i++) {\n!             int score = k - q + map.getOrDefault(i, 0);\n!             if (score > 0) {\n!                 System.out.println(\"Yes\");\n!             } else {\n!                 System.out.println(\"No\");\n!             }\n!         }\n>     }\n> }\n\nOUTPUT:\nError: NegativeArraySizeException\n\nThe prediction of code coverage indicates that the program encounters a runtime exception (`NegativeArraySizeException`) due to attempting to create an array with a negative size (`-4`), which is invalid in Java. This exception is raised at the line where array `a` is instantiated, preventing further execution of the program.",
            "test_seed_coverage": [
                ">",
                ">",
                ">",
                ">",
                ">",
                ">",
                ">",
                ">",
                ">",
                ">",
                ">",
                ">",
                ">",
                ">",
                ">",
                ">",
                ">",
                ">",
                ">",
                ">",
                ">",
                ">",
                ">",
                "!",
                ">",
                ">"
            ],
            "cumulative_coverage": [
                ">",
                ">",
                ">",
                ">",
                ">",
                ">",
                ">",
                ">",
                ">",
                ">",
                ">",
                ">",
                ">",
                ">",
                ">",
                ">",
                ">",
                ">",
                ">",
                ">",
                ">",
                ">",
                ">",
                "!",
                ">",
                ">"
            ],
            "execution_error": "Exception in thread \"main\" java.lang.NegativeArraySizeException: -4\n\tat Main.main(Main.java:8)",
            "cerberus_output": "NegativeArraySizeException",
            "execution_result": "NegativeArraySizeException"
        },
        {
            "test_case": [
                "Test Case Input:\n1\n2\n3\n4\n5\n6\n7\n8\n9\n10"
            ],
            "test_mutations": [
                "Test Case Input:\n1\n2\n3\n4\n5\n6\n7\n8\n9\n10"
            ],
            "initial_code": "public class Main {\n    public static void main(String[] args) {\n        Scanner sc = new Scanner(System.in);\n        int n = sc.nextInt();\n        int k = sc.nextInt();\n        int q = sc.nextInt();\n        int[] a = new int[n+1];\n        Map<Integer, Integer> map = new HashMap<>();\n        for (int i = 0;i<q;i++) {\n            a[i] = sc.nextInt();\n            int count = map.getOrDefault(a[i], 0);\n            map.put(a[i], ++count);\n        }\n        for (int i = 1; i <= n;i++) {\n            int score = k - q + map.getOrDefault(i, 0);\n            if (score > 0) {\n                System.out.println(\"Yes\");\n            } else {\n                System.out.println(\"No\");\n            }\n        }\n    }\n}",
            "covered_code": "Given the test case input and the Java program provided, we'll develop a plan for step by step execution to predict the code coverage. The input for the test case is a sequence of numbers from 1 to 10, which would be used by the Java program.\n\n1. **Import Statements**: The code snippet provided does not include import statements explicitly for `Scanner`, `Map`, and `HashMap`. However, it's implied they are present. Therefore, these statements are considered executed.\n\n2. **Main Class Declaration**: The `public class Main {` declaration is always executed.\n\n3. **Main Method Declaration**: The `public static void main(String[] args) {` declaration is always executed.\n\n4. **User Input**: The `Scanner sc = new Scanner(System.in);` and subsequent `sc.nextInt();` calls for `n`, `k`, and `q` are executed as they are necessary for program execution based on the provided input.\n\n5. **Array and Map Initialization**: The statements `int[] a = new int[n+1];` and `Map<Integer, Integer> map = new HashMap<>();` are always executed since they initialize the data structures used later in the program.\n\n6. **First For Loop Execution**: The condition `(i < q)` in the loop `for (int i = 0;i<q;i++) {` is true since `q` is provided as an input (3 in this case), making all statements within this loop executed. This includes reading additional inputs for `a[i]`, counting occurrences with `map.getOrDefault(a[i], 0);` and updating the map with `map.put(a[i], ++count);`.\n\n7. **Second For Loop Execution**: The condition `(i <= n)` in the loop `for (int i = 1; i <= n;i++) {` is true since `n` is provided as an input (2 in this case), making all statements within this loop executed. This loop calculates the score and checks if it is greater than zero to print \"Yes\" or \"No\".\n\n8. **Closing Brackets**: Always covered as they are part of the syntax for class and method declarations, and the for loops.\n\nPredicted Code Coverage based on the plan:\n\n```\n> import java.util.Scanner;\n> import java.util.Map;\n> import java.util.HashMap;\n> public class Main {\n>     public static void main(String[] args) {\n>         Scanner sc = new Scanner(System.in);\n>         int n = sc.nextInt();\n>         int k = sc.nextInt();\n>         int q = sc.nextInt();\n>         int[] a = new int[n+1];\n>         Map<Integer, Integer> map = new HashMap<>();\n>         for (int i = 0;i<q;i++) {\n>             a[i] = sc.nextInt();\n>             int count = map.getOrDefault(a[i], 0);\n>             map.put(a[i], ++count);\n>         }\n>         for (int i = 1; i <= n;i++) {\n>             int score = k - q + map.getOrDefault(i, 0);\n>             if (score > 0) {\n>                 System.out.println(\"Yes\");\n>             } else {\n>                 System.out.println(\"No\");\n>             }\n>         }\n>     }\n> }\n```\n\nNo lines are marked as not executed (`!`) because based on the provided test case input, all parts of the program are executed.",
            "test_seed_coverage": [
                ">",
                ">",
                ">",
                ">",
                ">",
                ">",
                ">",
                ">",
                ">",
                ">",
                ">",
                ">",
                ">",
                ">",
                ">",
                ">",
                ">",
                ">",
                ">",
                ">",
                ">",
                ">",
                ">",
                ">",
                ">",
                ">"
            ],
            "cumulative_coverage": [
                ">",
                ">",
                ">",
                ">",
                ">",
                ">",
                ">",
                ">",
                ">",
                ">",
                ">",
                ">",
                ">",
                ">",
                ">",
                ">",
                ">",
                ">",
                ">",
                ">",
                ">",
                ">",
                ">",
                ">",
                ">",
                ">"
            ],
            "execution_error": "Exception in thread \"main\" java.lang.ArrayIndexOutOfBoundsException: Index 2 out of bounds for length 2\n\tat Main.main(Main.java:11)",
            "cerberus_output": "",
            "execution_result": "ArrayIndexOutOfBoundsException"
        },
        {
            "test_case": [
                "Test Case Input:\n3\n0\n5\n1\n2\n3\n4\n5"
            ],
            "test_mutations": [
                "Test Case Input:\n3\n0\n5\n1\n2\n3\n4\n5"
            ],
            "initial_code": "public class Main {\n    public static void main(String[] args) {\n        Scanner sc = new Scanner(System.in);\n        int n = sc.nextInt();\n        int k = sc.nextInt();\n        int q = sc.nextInt();\n        int[] a = new int[n+1];\n        Map<Integer, Integer> map = new HashMap<>();\n        for (int i = 0;i<q;i++) {\n            a[i] = sc.nextInt();\n            int count = map.getOrDefault(a[i], 0);\n            map.put(a[i], ++count);\n        }\n        for (int i = 1; i <= n;i++) {\n            int score = k - q + map.getOrDefault(i, 0);\n            if (score > 0) {\n                System.out.println(\"Yes\");\n            } else {\n                System.out.println(\"No\");\n            }\n        }\n    }\n}",
            "covered_code": "To predict the code coverage for the given Java program with the specified test case input, follow the step-by-step execution plan outlined below:\n\n1. **Imports and class definition**: Always executed as part of the program setup.\n    - `import java.util.Scanner;`\n    - `import java.util.Map;`\n    - `import java.util.HashMap;`\n    - `public class Main {`\n\n2. **Main method declaration**: Always executed.\n    - `public static void main(String[] args) {`\n\n3. **Variable declarations and Scanner input**: Always executed as it's the program's entry point for inputs.\n    - `Scanner sc = new Scanner(System.in);`\n    - `int n = sc.nextInt();` // n=3\n    - `int k = sc.nextInt();` // k=0\n    - `int q = sc.nextInt();` // q=5\n\n4. **Array and Map initialization**: Executed right after variable initialization.\n    - `int[] a = new int[n+1];` // n=3, so array size is 4\n    - `Map<Integer, Integer> map = new HashMap<>();`\n\n5. **First for loop for inputs**: To read 'q' inputs and populate the array and map.\n    - Since q=5, this loop will execute 5 times, processing inputs and updating the map.\n    - `for (int i = 0;i<q;i++) {`\n        - `a[i] = sc.nextInt();`\n        - `int count = map.getOrDefault(a[i], 0);`\n        - `map.put(a[i], ++count);`\n    - Given inputs after n, k, and q: 1, 2, 3, 4, 5. All these statements in the loop are executed.\n\n6. **Second for loop for calculating scores and printing results**:\n    - This loop iterates 'n' times (n=3 in this case).\n    - `for (int i = 1; i <= n;i++) {`\n        - `int score = k - q + map.getOrDefault(i, 0);`\n        - Conditions to check if score is greater than 0 or not and printing \"Yes\" or \"No\".\n\n7. **Closing brackets and end of program**: Always covered as part of the program's structure.\n\nFollowing the plan, here is the code coverage:\n\n```\n> import java.util.Scanner;\n> import java.util.Map;\n> import java.util.HashMap;\n> public class Main {\n>     public static void main(String[] args) {\n>         Scanner sc = new Scanner(System.in);\n>         int n = sc.nextInt();\n>         int k = sc.nextInt();\n>         int q = sc.nextInt();\n>         int[] a = new int[n+1];\n>         Map<Integer, Integer> map = new HashMap<>();\n>         for (int i = 0;i<q;i++) {\n>             a[i] = sc.nextInt();\n>             int count = map.getOrDefault(a[i], 0);\n>             map.put(a[i], ++count);\n>         }\n>         for (int i = 1; i <= n;i++) {\n>             int score = k - q + map.getOrDefault(i, 0);\n>             if (score > 0) {\n>                 System.out.println(\"Yes\");\n>             } else {\n>                 System.out.println(\"No\");\n>             }\n>         }\n>     }\n> }\n```\n\nAll statements in this program are covered by the test case input provided. Each part of the program is executed at least once, including the import statements at the beginning of the file.",
            "test_seed_coverage": [
                ">",
                ">",
                ">",
                ">",
                ">",
                ">",
                ">",
                ">",
                ">",
                ">",
                ">",
                ">",
                ">",
                ">",
                ">",
                ">",
                ">",
                ">",
                ">",
                ">",
                ">",
                ">",
                ">",
                ">",
                ">",
                ">"
            ],
            "cumulative_coverage": [
                ">",
                ">",
                ">",
                ">",
                ">",
                ">",
                ">",
                ">",
                ">",
                ">",
                ">",
                ">",
                ">",
                ">",
                ">",
                ">",
                ">",
                ">",
                ">",
                ">",
                ">",
                ">",
                ">",
                ">",
                ">",
                ">"
            ],
            "execution_error": "Exception in thread \"main\" java.lang.ArrayIndexOutOfBoundsException: Index 4 out of bounds for length 4\n\tat Main.main(Main.java:11)",
            "cerberus_output": "",
            "execution_result": "ArrayIndexOutOfBoundsException"
        },
        {
            "test_case": [
                "Test Case Input:\n5\n0\n3\n1\n2\n3"
            ],
            "test_mutations": [
                "Test Case Input:\n5\n0\n3\n1\n2\n3"
            ],
            "initial_code": "public class Main {\n    public static void main(String[] args) {\n        Scanner sc = new Scanner(System.in);\n        int n = sc.nextInt();\n        int k = sc.nextInt();\n        int q = sc.nextInt();\n        int[] a = new int[n+1];\n        Map<Integer, Integer> map = new HashMap<>();\n        for (int i = 0;i<q;i++) {\n            a[i] = sc.nextInt();\n            int count = map.getOrDefault(a[i], 0);\n            map.put(a[i], ++count);\n        }\n        for (int i = 1; i <= n;i++) {\n            int score = k - q + map.getOrDefault(i, 0);\n            if (score > 0) {\n                System.out.println(\"Yes\");\n            } else {\n                System.out.println(\"No\");\n            }\n        }\n    }\n}",
            "covered_code": "To predict the code coverage for the given Java program with the provided test case input \"5 0 3 1 2 3\", let's follow a step-by-step execution plan:\n\n1. Import statements: Since the program uses Scanner and Map classes, statements like \"import java.util.Scanner;\" and \"import java.util.Map;\" along with \"import java.util.HashMap;\" will be covered.\n\n2. Class declaration: The declaration \"public class Main {\" is always executed.\n\n3. Main method declaration: The declaration \"public static void main(String[] args) {\" is always executed.\n\n4. User Input and Initialization: The statements \"Scanner sc = new Scanner(System.in);\", \"int n = sc.nextInt();\", \"int k = sc.nextInt();\", \"int q = sc.nextInt();\" are always executed since they are used to read inputs from the user.\n\n5. Array and Map Initialization: The statements \"int[] a = new int[n+1];\" and \"Map<Integer, Integer> map = new HashMap<>();\" are executed as they are part of the initialization process before entering the loops.\n\n6. First for loop execution: Given q=3, the loop \"for (int i = 0; i < q; i++) {\" will be executed 3 times to read values into the array `a` and update the `map` accordingly. All statements inside this loop are covered.\n\n7. Second for loop execution: Given n=5, the loop \"for (int i = 1; i <= n; i++) {\" will be executed 5 times to calculate scores and print \"Yes\" or \"No\" based on the condition. All statements inside this loop are covered.\n\n8. Conditional checks: The condition \"if (score > 0) {\" will be checked for each iteration of the second loop to decide whether to print \"Yes\" or \"No\". Both outcomes of this conditional are covered during the execution.\n\n9. Closing brackets and end of program: always covered.\n\nConsidering the steps above, let's annotate the code coverage:\n\n```\n> import java.util.Scanner;\n> import java.util.Map;\n> import java.util.HashMap;\n> public class Main {\n>     public static void main(String[] args) {\n>         Scanner sc = new Scanner(System.in);\n>         int n = sc.nextInt();\n>         int k = sc.nextInt();\n>         int q = sc.nextInt();\n>         int[] a = new int[n+1];\n>         Map<Integer, Integer> map = new HashMap<>();\n>         for (int i = 0; i < q; i++) {\n>             a[i] = sc.nextInt();\n>             int count = map.getOrDefault(a[i], 0);\n>             map.put(a[i], ++count);\n>         }\n>         for (int i = 1; i <= n; i++) {\n>             int score = k - q + map.getOrDefault(i, 0);\n>             if (score > 0) {\n>                 System.out.println(\"Yes\");\n>             } else {\n>                 System.out.println(\"No\");\n>             }\n>         }\n>     }\n> }\n```\n\nAll statements in the provided Java program are executed with the given test case input \"5 0 3 1 2 3\". Thus, there are no lines marked with \"!\" since all have been executed.",
            "test_seed_coverage": [
                ">",
                ">",
                ">",
                ">",
                ">",
                ">",
                ">",
                ">",
                ">",
                ">",
                ">",
                ">",
                ">",
                ">",
                ">",
                ">",
                ">",
                ">",
                ">",
                ">",
                ">",
                ">",
                ">",
                ">",
                ">",
                ">"
            ],
            "cumulative_coverage": [
                ">",
                ">",
                ">",
                ">",
                ">",
                ">",
                ">",
                ">",
                ">",
                ">",
                ">",
                ">",
                ">",
                ">",
                ">",
                ">",
                ">",
                ">",
                ">",
                ">",
                ">",
                ">",
                ">",
                ">",
                ">",
                ">"
            ],
            "execution_output": "No\nNo\nNo\nNo\nNo",
            "cerberus_output": "",
            "execution_result": ""
        },
        {
            "test_case": [
                "Test Case Input:\n4\n2\n3\n1\n2\n3"
            ],
            "test_mutations": [
                "Test Case Input:\n4\n2\n3\n1\n2\n3"
            ],
            "initial_code": "public class Main {\n    public static void main(String[] args) {\n        Scanner sc = new Scanner(System.in);\n        int n = sc.nextInt();\n        int k = sc.nextInt();\n        int q = sc.nextInt();\n        int[] a = new int[n+1];\n        Map<Integer, Integer> map = new HashMap<>();\n        for (int i = 0;i<q;i++) {\n            a[i] = sc.nextInt();\n            int count = map.getOrDefault(a[i], 0);\n            map.put(a[i], ++count);\n        }\n        for (int i = 1; i <= n;i++) {\n            int score = k - q + map.getOrDefault(i, 0);\n            if (score > 0) {\n                System.out.println(\"Yes\");\n            } else {\n                System.out.println(\"No\");\n            }\n        }\n    }\n}",
            "covered_code": "For the given Java program and the test case input \"4 2 3 1 2 3\", let's develop a plan for step by step execution and predict the code coverage.\n\nPLAN:\n\n1. **Import statements:** Import statements for Scanner and Map classes are always executed. Statements `import java.util.Scanner;` and `import java.util.Map;` will be covered.\n\n2. **Main Class Declaration:** Always executed. Statement `public class Main {` is covered.\n\n3. **Main method declaration:** Always executed. Statement `public static void main(String[] args) {` is covered.\n\n4. **User Input:** Statements to read inputs `n`, `k`, and `q` are always executed. Statements `int n = sc.nextInt();`, `int k = sc.nextInt();`, and `int q = sc.nextInt();` are covered.\n\n5. **Array and Map initialization:** Statements to initialize the array `a` and the map `map` are always executed. Statements `int[] a = new int[n+1];` and `Map<Integer, Integer> map = new HashMap<>();` are covered.\n\n6. **First for loop Execution:** Since `q` is 3, the first for loop condition `(i < q)` is true, and the loop block will be executed 3 times. Statement `for (int i = 0;i<q;i++) {` will be covered.\n\n7. **First for loop contents:** User input statement `a[i] = sc.nextInt();` and map update statements are always executed within the loop. Statements inside the for loop are covered.\n\n8. **Second for loop Execution:** This loop runs for each value of `i` from 1 to `n`. Since `n` is 4, the loop will iterate 4 times. Statement `for (int i = 1; i <= n;i++) {` will be covered.\n\n9. **Second for loop contents:** Calculation of `score` and conditional check to print \"Yes\" or \"No\" are always executed within the loop for each `i`. Statements inside the second for loop are covered.\n\n10. **Closing Brackets:** Always covered.\n\nNow, applying this plan to the given test case input \"4 2 3 1 2 3\", let's predict the code coverage:\n\n```\n> public class Main {\n>     public static void main(String[] args) {\n>         Scanner sc = new Scanner(System.in);\n>         int n = sc.nextInt();\n>         int k = sc.nextInt();\n>         int q = sc.nextInt();\n>         int[] a = new int[n+1];\n>         Map<Integer, Integer> map = new HashMap<>();\n>         for (int i = 0;i<q;i++) {\n>             a[i] = sc.nextInt();\n>             int count = map.getOrDefault(a[i], 0);\n>             map.put(a[i], ++count);\n>         }\n>         for (int i = 1; i <= n;i++) {\n>             int score = k - q + map.getOrDefault(i, 0);\n>             if (score > 0) {\n>                 System.out.println(\"Yes\");\n>             } else {\n>                 System.out.println(\"No\");\n>             }\n>         }\n>     }\n> }\n```\n\nSince every statement in the provided Java program is executed in the context of the given test case input, all code lines are covered.",
            "test_seed_coverage": [
                ">",
                ">",
                ">",
                ">",
                ">",
                ">",
                ">",
                ">",
                ">",
                ">",
                ">",
                ">",
                ">",
                ">",
                ">",
                ">",
                ">",
                ">",
                ">",
                ">",
                ">",
                ">",
                ">"
            ],
            "cumulative_coverage": [
                ">",
                ">",
                ">",
                ">",
                ">",
                ">",
                ">",
                ">",
                ">",
                ">",
                ">",
                ">",
                ">",
                ">",
                ">",
                ">",
                ">",
                ">",
                ">",
                ">",
                ">",
                ">",
                ">"
            ],
            "execution_output": "No\nNo\nNo\nNo",
            "cerberus_output": "",
            "execution_result": ""
        },
        {
            "test_case": [
                "Test Case Input:\n3\n2\n4\n1\n2\n3\n4"
            ],
            "test_mutations": [
                "Test Case Input:\n3\n2\n4\n1\n2\n3\n4"
            ],
            "initial_code": "public class Main {\n    public static void main(String[] args) {\n        Scanner sc = new Scanner(System.in);\n        int n = sc.nextInt();\n        int k = sc.nextInt();\n        int q = sc.nextInt();\n        int[] a = new int[n+1];\n        Map<Integer, Integer> map = new HashMap<>();\n        for (int i = 0;i<q;i++) {\n            a[i] = sc.nextInt();\n            int count = map.getOrDefault(a[i], 0);\n            map.put(a[i], ++count);\n        }\n        for (int i = 1; i <= n;i++) {\n            int score = k - q + map.getOrDefault(i, 0);\n            if (score > 0) {\n                System.out.println(\"Yes\");\n            } else {\n                System.out.println(\"No\");\n            }\n        }\n    }\n}",
            "covered_code": "To predict the code coverage for the given Java program based on the provided test input, we will follow a similar step-by-step execution plan as outlined in the example. The test input provided is '3 2 4 1 2 3 4', and we will use this to determine which lines of code are executed and which are not.\n\n**PLAN for Step by Step Execution:**\n\n1. **Import Statements:** The code snippet provided does not include import statements for `Scanner` and `Map` classes. Assuming they are included at the beginning of the program, these statements will be covered.\n\n2. **Class Declaration:** The declaration of the class `Main` is always executed.\n\n3. **Main Method Declaration:** The declaration of the `main` method is always executed.\n\n4. **Variable Initialization and User Input:** The statements for initializing the `Scanner` object, and reading `n`, `k`, and `q` from the input are always executed.\n\n5. **Array and Map Initialization:** The initialization of the array `a` and the `HashMap` `map` are always executed.\n\n6. **First For Loop Execution (Reading Inputs into Array and Map):** Since `q` is 4, the loop will execute 4 times, reading inputs and populating the array `a` and the `HashMap` `map`.\n\n7. **Second For Loop Execution (Calculating and Printing Scores):** The loop iterates from 1 to `n` (inclusive), which is 3 in this case. It calculates the score for each participant and prints \"Yes\" if the score is greater than 0, otherwise prints \"No\".\n\n8. **Closing the Scanner:** The statement to close the `Scanner` object is executed at the end of the program.\n\n**Predicted Code Coverage:**\n\n```\n> public class Main {\n>     public static void main(String[] args) {\n>         Scanner sc = new Scanner(System.in);\n>         int n = sc.nextInt();\n>         int k = sc.nextInt();\n>         int q = sc.nextInt();\n>         int[] a = new int[n+1];\n>         Map<Integer, Integer> map = new HashMap<>();\n>         for (int i = 0; i < q; i++) {\n>             a[i] = sc.nextInt();\n>             int count = map.getOrDefault(a[i], 0);\n>             map.put(a[i], ++count);\n>         }\n>         for (int i = 1; i <= n; i++) {\n>             int score = k - q + map.getOrDefault(i, 0);\n>             if (score > 0) {\n>                 System.out.println(\"Yes\");\n>             } else {\n>                 System.out.println(\"No\");\n>             }\n>         }\n>         sc.close();\n>     }\n> }\n```\n\n**Explanation:**\n\n- All the lines in the given code snippet are executed at least once given the test case input ('3 2 4 1 2 3 4'). \n- The program does not contain any conditionals that would prevent the execution of any part of the code with the given inputs.\n- Given inputs ensure that all parts of the code are covered, including both loops and all branches of the if-else statement in the second loop.\n\nTherefore, all lines in the program are marked as executed (`>`), indicating full coverage for the provided test case.",
            "test_seed_coverage": [
                ">",
                ">",
                ">",
                ">",
                ">",
                ">",
                ">",
                ">",
                ">",
                ">",
                ">",
                ">",
                ">",
                ">",
                ">",
                ">",
                ">",
                ">",
                ">",
                ">",
                ">",
                ">",
                ">",
                ">"
            ],
            "cumulative_coverage": [
                ">",
                ">",
                ">",
                ">",
                ">",
                ">",
                ">",
                ">",
                ">",
                ">",
                ">",
                ">",
                ">",
                ">",
                ">",
                ">",
                ">",
                ">",
                ">",
                ">",
                ">",
                ">",
                ">",
                ">"
            ],
            "execution_output": "No\nNo\nNo",
            "cerberus_output": "",
            "execution_result": ""
        },
        {
            "test_case": [
                "Test Case Input:\n5\n3\n4\n2\n3\n4\n1"
            ],
            "test_mutations": [
                "Test Case Input:\n5\n3\n4\n2\n3\n4\n1"
            ],
            "initial_code": "public class Main {\n    public static void main(String[] args) {\n        Scanner sc = new Scanner(System.in);\n        int n = sc.nextInt();\n        int k = sc.nextInt();\n        int q = sc.nextInt();\n        int[] a = new int[n+1];\n        Map<Integer, Integer> map = new HashMap<>();\n        for (int i = 0;i<q;i++) {\n            a[i] = sc.nextInt();\n            int count = map.getOrDefault(a[i], 0);\n            map.put(a[i], ++count);\n        }\n        for (int i = 1; i <= n;i++) {\n            int score = k - q + map.getOrDefault(i, 0);\n            if (score > 0) {\n                System.out.println(\"Yes\");\n            } else {\n                System.out.println(\"No\");\n            }\n        }\n    }\n}",
            "covered_code": "Given the test case input `5 3 4 2 3 4 1`, let's follow the step-by-step execution plan for the provided Java program. \n\n1. **Class and Main Method Declaration**: Always executed.\n> public class Main {\n>     public static void main(String[] args) {\n\n2. **Variable Initialization and Scanner Input**: Since inputs are taken from the scanner, these lines will be executed.\n> Scanner sc = new Scanner(System.in);\n> int n = sc.nextInt(); // n=5\n> int k = sc.nextInt(); // k=3\n> int q = sc.nextInt(); // q=4\n\n3. **Array and Map Initialization**: The array and the map are always initialized, so these lines are executed.\n> int[] a = new int[n+1]; // Here, n+1 = 6\n> Map<Integer, Integer> map = new HashMap<>();\n\n4. **First For Loop (Reading Inputs and Counting)**:\nSince `q=4`, this loop will run 4 times to read 4 integers (2, 3, 4, 1) and count their occurrences.\n> for (int i = 0; i < q; i++) {\n\n5. **Array Assignment and Count Update in Map**:\nInside the loop, each value read is assigned to the array and used to update the map. Since `q=4`, this part will be executed 4 times.\n> a[i] = sc.nextInt();\n> int count = map.getOrDefault(a[i], 0);\n> map.put(a[i], ++count);\n\n6. **Second For Loop (Calculating Scores and Printing Output)**:\nThis loop iterates `n` times (n=5) to calculate the score for each participant and decides if they are above the threshold.\n> for (int i = 1; i <= n; i++) {\n\n7. **Score Calculation and Output Condition**:\nFor each participant, the score is calculated, and based on the score, either \"Yes\" or \"No\" is printed. Since this depends on the values of `k`, `q`, and the counts in `map`, it will be executed `n` times (n=5).\n> int score = k - q + map.getOrDefault(i, 0);\n> if (score > 0) {\n>     System.out.println(\"Yes\");\n> } else {\n>     System.out.println(\"No\");\n> }\n\n8. **Closing Brackets and Scanner Close**:\nAlways executed.\n> }\n\n**Code Coverage Output**:\nBased on the given plan and input, all lines in the program are executed, so all lines will be marked with `>`, indicating execution. There are no lines in this given program snippet that would not be executed given the provided test case.\n\n**Final Code Coverage**:\n```\n> public class Main {\n>     public static void main(String[] args) {\n>         Scanner sc = new Scanner(System.in);\n>         int n = sc.nextInt();\n>         int k = sc.nextInt();\n>         int q = sc.nextInt();\n>         int[] a = new int[n+1];\n>         Map<Integer, Integer> map = new HashMap<>();\n>         for (int i = 0; i < q; i++) {\n>             a[i] = sc.nextInt();\n>             int count = map.getOrDefault(a[i], 0);\n>             map.put(a[i], ++count);\n>         }\n>         for (int i = 1; i <= n; i++) {\n>             int score = k - q + map.getOrDefault(i, 0);\n>             if (score > 0) {\n>                 System.out.println(\"Yes\");\n>             } else {\n>                 System.out.println(\"No\");\n>             }\n>         }\n>     }\n> }\n```\nAll lines of the program are executed with the given test case input `5 3 4 2 3 4 1`.",
            "test_seed_coverage": [
                ">",
                ">",
                ">",
                ">",
                ">",
                ">",
                ">",
                ">",
                ">",
                ">",
                ">",
                ">",
                ">",
                ">",
                ">",
                ">",
                ">",
                ">",
                ">",
                ">",
                ">",
                ">",
                ">",
                ">",
                ">",
                ">",
                ">",
                ">",
                ">",
                ">",
                ">",
                ">",
                ">",
                ">",
                ">",
                ">",
                ">",
                ">",
                ">",
                ">",
                ">",
                ">",
                ">"
            ],
            "cumulative_coverage": [
                ">",
                ">",
                ">",
                ">",
                ">",
                ">",
                ">",
                ">",
                ">",
                ">",
                ">",
                ">",
                ">",
                ">",
                ">",
                ">",
                ">",
                ">",
                ">",
                ">",
                ">",
                ">",
                ">",
                ">",
                ">",
                ">",
                ">",
                ">",
                ">",
                ">",
                ">",
                ">",
                ">",
                ">",
                ">",
                ">",
                ">",
                ">",
                ">",
                ">",
                ">",
                ">",
                ">"
            ],
            "execution_output": "No\nNo\nNo\nNo\nNo",
            "cerberus_output": "",
            "execution_result": ""
        },
        {
            "test_case": [
                "Test Case Input:\n5\n3\n4\n1\n2\n3\n4"
            ],
            "test_mutations": [
                "Test Case Input:\n5\n3\n4\n1\n2\n3\n4"
            ],
            "initial_code": "public class Main {\n    public static void main(String[] args) {\n        Scanner sc = new Scanner(System.in);\n        int n = sc.nextInt();\n        int k = sc.nextInt();\n        int q = sc.nextInt();\n        int[] a = new int[n+1];\n        Map<Integer, Integer> map = new HashMap<>();\n        for (int i = 0;i<q;i++) {\n            a[i] = sc.nextInt();\n            int count = map.getOrDefault(a[i], 0);\n            map.put(a[i], ++count);\n        }\n        for (int i = 1; i <= n;i++) {\n            int score = k - q + map.getOrDefault(i, 0);\n            if (score > 0) {\n                System.out.println(\"Yes\");\n            } else {\n                System.out.println(\"No\");\n            }\n        }\n    }\n}",
            "covered_code": "To develop a plan for step by step execution of the given Java program and predict its code coverage based on the provided test case \"5 3 4 1 2 3 4\", follow these steps:\n\n1. **Import statements and class declaration**: Always executed. Statement `import java.util.Scanner;` and `import java.util.Map;`, `import java.util.HashMap;`, and the declaration `public class Main {` are covered.\n\n2. **Main method declaration**: Always executed. Statement `public static void main(String[] args) {` is covered.\n\n3. **Variable Initialization and User Input**: Statements for initializing the Scanner, reading `n`, `k`, and `q` from the input are always executed. Statements `Scanner sc = new Scanner(System.in);`, `int n = sc.nextInt();`, `int k = sc.nextInt();`, and `int q = sc.nextInt();` are covered.\n\n4. **Array and Map Initialization**: Statements for initializing the array `a` and the map `map` are always executed. Statements `int[] a = new int[n+1];` and `Map<Integer, Integer> map = new HashMap<>();` are covered.\n\n5. **First for loop for input and map population**: Since `q` is 4, the loop will execute 4 times. The statements within this loop, including reading input into the array `a` and updating the map `map`, are covered.\n\n6. **Second for loop for checking scores**: This loop runs from 1 through `n` (which is 5 in the test case). All statements within this loop, including the computation of `score` and the conditional checks to print \"Yes\" or \"No\", are covered.\n\n7. **Statements after loops**: There are no explicit statements after the loops other than the closing braces of the main method and class, which are syntactically always covered.\n\n8. **Closing Brackets and Scanner Close**: These are considered always covered in the syntactical sense, though explicitly calling `sc.close();` is a good practice that is not present in the code snippet.\n\nBased on this step-by-step plan, the code coverage for the given Java program and test case is predicted as follows:\n\n```\n> public class Main {\n>     public static void main(String[] args) {\n>         Scanner sc = new Scanner(System.in);\n>         int n = sc.nextInt();\n>         int k = sc.nextInt();\n>         int q = sc.nextInt();\n>         int[] a = new int[n+1];\n>         Map<Integer, Integer> map = new HashMap<>();\n>         for (int i = 0;i<q;i++) {\n>             a[i] = sc.nextInt();\n>             int count = map.getOrDefault(a[i], 0);\n>             map.put(a[i], ++count);\n>         }\n>         for (int i = 1; i <= n;i++) {\n>             int score = k - q + map.getOrDefault(i, 0);\n>             if (score > 0) {\n>                 System.out.println(\"Yes\");\n>             } else {\n>                 System.out.println(\"No\");\n>             }\n>         }\n>     }\n> }\n```\n\nSince all parts of the provided code snippet are reached during execution with the given test case, all statements are marked as executed (`>`).",
            "test_seed_coverage": [
                ">",
                ">",
                ">",
                ">",
                ">",
                ">",
                ">",
                ">",
                ">",
                ">",
                ">",
                ">",
                ">",
                ">",
                ">",
                ">",
                ">",
                ">",
                ">",
                ">",
                ">",
                ">",
                ">"
            ],
            "cumulative_coverage": [
                ">",
                ">",
                ">",
                ">",
                ">",
                ">",
                ">",
                ">",
                ">",
                ">",
                ">",
                ">",
                ">",
                ">",
                ">",
                ">",
                ">",
                ">",
                ">",
                ">",
                ">",
                ">",
                ">"
            ],
            "execution_output": "No\nNo\nNo\nNo\nNo",
            "cerberus_output": "",
            "execution_result": ""
        },
        {
            "test_case": [
                "Test Case Input:\n5\n3\n4\n1\n2\n3\n4"
            ],
            "test_mutations": [
                "Test Case Input:\n5\n3\n4\n1\n2\n3\n4"
            ],
            "initial_code": "public class Main {\n    public static void main(String[] args) {\n        Scanner sc = new Scanner(System.in);\n        int n = sc.nextInt();\n        int k = sc.nextInt();\n        int q = sc.nextInt();\n        int[] a = new int[n+1];\n        Map<Integer, Integer> map = new HashMap<>();\n        for (int i = 0;i<q;i++) {\n            a[i] = sc.nextInt();\n            int count = map.getOrDefault(a[i], 0);\n            map.put(a[i], ++count);\n        }\n        for (int i = 1; i <= n;i++) {\n            int score = k - q + map.getOrDefault(i, 0);\n            if (score > 0) {\n                System.out.println(\"Yes\");\n            } else {\n                System.out.println(\"No\");\n            }\n        }\n    }\n}",
            "covered_code": "Given the test case input and the Java program, let's develop a plan for step-by-step execution and predict the code coverage:\n\nTest Case Input:\n5\n3\n4\n1\n2\n3\n4\n\nJava Program:\n```java\nimport java.util.Scanner;\nimport java.util.Map;\nimport java.util.HashMap;\n\npublic class Main {\n    public static void main(String[] args) {\n        Scanner sc = new Scanner(System.in);\n        int n = sc.nextInt(); // 5\n        int k = sc.nextInt(); // 3\n        int q = sc.nextInt(); // 4\n        int[] a = new int[n+1];\n        Map<Integer, Integer> map = new HashMap<>();\n        for (int i = 0;i<q;i++) {\n            a[i] = sc.nextInt(); // 1, 2, 3, 4\n            int count = map.getOrDefault(a[i], 0);\n            map.put(a[i], ++count);\n        }\n        for (int i = 1; i <= n;i++) {\n            int score = k - q + map.getOrDefault(i, 0);\n            if (score > 0) {\n                System.out.println(\"Yes\");\n            } else {\n                System.out.println(\"No\");\n            }\n        }\n    }\n}\n```\n\nPlan for Step by Step Execution:\n1. Import statements are always executed. Hence, `import java.util.Scanner;` and `import java.util.Map;` and `import java.util.HashMap;` are covered.\n2. Class declaration (`public class Main {`) is always executed.\n3. Main method declaration is always executed.\n4. Statements for reading input (`Scanner sc = new Scanner(System.in);`, `int n = sc.nextInt();`, `int k = sc.nextInt();`, `int q = sc.nextInt();`) are covered since inputs are provided.\n5. Initialization of the array (`int[] a = new int[n+1];`) and map (`Map<Integer, Integer> map = new HashMap<>();`) are covered.\n6. First `for` loop for reading `q` inputs and updating the map is covered as there are `q` inputs provided.\n7. Second `for` loop for calculating and printing scores based on conditions is covered as it iterates `n` times.\n8. Inside both loops, all statements are covered since there are no conditions that would prevent any statement from executing.\n\nFinal Code Coverage Prediction:\n```java\n> import java.util.Scanner;\n> import java.util.Map;\n> import java.util.HashMap;\n\n> public class Main {\n>     public static void main(String[] args) {\n>         Scanner sc = new Scanner(System.in);\n>         int n = sc.nextInt();\n>         int k = sc.nextInt();\n>         int q = sc.nextInt();\n>         int[] a = new int[n+1];\n>         Map<Integer, Integer> map = new HashMap<>();\n>         for (int i = 0;i<q;i++) {\n>             a[i] = sc.nextInt();\n>             int count = map.getOrDefault(a[i], 0);\n>             map.put(a[i], ++count);\n>         }\n>         for (int i = 1; i <= n;i++) {\n>             int score = k - q + map.getOrDefault(i, 0);\n>             if (score > 0) {\n>                 System.out.println(\"Yes\");\n>             } else {\n>                 System.out.println(\"No\");\n>             }\n>         }\n>     }\n> }\n```\nAll statements in this program are executed given the input provided, so all lines have been marked as executed (`>`).",
            "test_seed_coverage": [
                ">",
                ">",
                ">",
                ">",
                ">",
                ">",
                ">",
                ">",
                ">",
                ">",
                ">",
                ">",
                ">",
                ">",
                ">",
                ">",
                ">",
                ">",
                ">",
                ">",
                ">",
                ">",
                ">",
                ">",
                ">",
                ">"
            ],
            "cumulative_coverage": [
                ">",
                ">",
                ">",
                ">",
                ">",
                ">",
                ">",
                ">",
                ">",
                ">",
                ">",
                ">",
                ">",
                ">",
                ">",
                ">",
                ">",
                ">",
                ">",
                ">",
                ">",
                ">",
                ">",
                ">",
                ">",
                ">"
            ],
            "execution_output": "No\nNo\nNo\nNo\nNo",
            "cerberus_output": "",
            "execution_result": ""
        },
        {
            "test_case": [
                "Test Case Input:\n3\n-5\n2\n2\n3"
            ],
            "test_mutations": [
                "Test Case Input:\n3\n-5\n2\n2\n3"
            ],
            "initial_code": "public class Main {\n    public static void main(String[] args) {\n        Scanner sc = new Scanner(System.in);\n        int n = sc.nextInt();\n        int k = sc.nextInt();\n        int q = sc.nextInt();\n        int[] a = new int[n+1];\n        Map<Integer, Integer> map = new HashMap<>();\n        for (int i = 0;i<q;i++) {\n            a[i] = sc.nextInt();\n            int count = map.getOrDefault(a[i], 0);\n            map.put(a[i], ++count);\n        }\n        for (int i = 1; i <= n;i++) {\n            int score = k - q + map.getOrDefault(i, 0);\n            if (score > 0) {\n                System.out.println(\"Yes\");\n            } else {\n                System.out.println(\"No\");\n            }\n        }\n    }\n}",
            "covered_code": "Given the test case input \"3\\n-5\\n2\\n2\\n3\", let's develop a step-by-step execution plan for the given Java program and predict the code coverage.\n\n**Plan for Step by Step Execution:**\n\n1. **Import statements and class declaration:** Always executed.\n2. **Main method declaration:** Always executed.\n3. **Variable Initialization:** The initializations of `n`, `k`, `q`, `a[]`, and `map` are always executed as they are at the beginning of the `main` method.\n4. **For loop for reading inputs and populating the map:** This loop runs based on the value of `q`. Given `q = 2`, the loop will execute twice, reading two integers as inputs and populating the map accordingly.\n5. **For loop for calculating and printing scores:** This loop runs from 1 to `n` (inclusive). Given `n = 3`, it will execute three times to calculate and print each score.\n6. **Condition check for score:** The condition `if (score > 0)` will be evaluated for each iteration of the loop. Depending on the values of `k`, `q`, and the counts from the map, this condition may or may not be satisfied.\n\n**Predicting Code Coverage:**\n\nGiven the specific inputs, let's predict the coverage:\n\n```java\n> public class Main {\n>     public static void main(String[] args) {\n>         Scanner sc = new Scanner(System.in);\n>         int n = sc.nextInt(); // input: 3\n>         int k = sc.nextInt(); // input: -5\n>         int q = sc.nextInt(); // input: 2\n>         int[] a = new int[n+1]; // n = 3, so a[4]\n>         Map<Integer, Integer> map = new HashMap<>();\n>         for (int i = 0; i < q; i++) { // q = 2, loop executes twice\n>             a[i] = sc.nextInt(); // inputs: 2, 3\n>             int count = map.getOrDefault(a[i], 0);\n>             map.put(a[i], ++count);\n>         }\n>         for (int i = 1; i <= n; i++) { // n = 3, loop executes thrice\n>             int score = k - q + map.getOrDefault(i, 0); // k = -5, q = 2\n>             if (score > 0) {\n!                 System.out.println(\"Yes\");\n>             } else {\n>                 System.out.println(\"No\");\n>             }\n>         }\n>     }\n> }\n```\n\n**Output:**\nGiven `k = -5` and `q = 2`, and considering the inputs for the array `a` are `2, 3`, the scores for each `i` in the range `1` to `n` will be calculated. Since `k` is negative and `q` reduces the score additionally, it's unlikely that the condition `score > 0` will be satisfied, leading to \"No\" being printed for each iteration. Therefore, the \"Yes\" branch will not be executed given the specific inputs.\n\n**Exceptions or Errors:**\nNo runtime exceptions are expected with the given inputs. The program should read the inputs, process them, and print the output accordingly.",
            "test_seed_coverage": [
                ">",
                ">",
                ">",
                ">",
                ">",
                ">",
                ">",
                ">",
                ">",
                ">",
                ">",
                ">",
                ">",
                ">",
                ">",
                ">",
                ">",
                ">",
                ">",
                ">",
                ">",
                ">",
                ">"
            ],
            "cumulative_coverage": [
                ">",
                ">",
                ">",
                ">",
                ">",
                ">",
                ">",
                ">",
                ">",
                ">",
                ">",
                ">",
                ">",
                ">",
                ">",
                ">",
                ">",
                ">",
                ">",
                ">",
                ">",
                ">",
                ">"
            ],
            "execution_output": "No\nNo\nNo",
            "cerberus_output": "Exceptions",
            "execution_result": ""
        },
        {
            "test_case": [
                "Test Case Input:\n3\n2\n2\n1\n2"
            ],
            "test_mutations": [
                "Test Case Input:\n3\n2\n2\n1\n2"
            ],
            "initial_code": "public class Main {\n    public static void main(String[] args) {\n        Scanner sc = new Scanner(System.in);\n        int n = sc.nextInt();\n        int k = sc.nextInt();\n        int q = sc.nextInt();\n        int[] a = new int[n+1];\n        Map<Integer, Integer> map = new HashMap<>();\n        for (int i = 0;i<q;i++) {\n            a[i] = sc.nextInt();\n            int count = map.getOrDefault(a[i], 0);\n            map.put(a[i], ++count);\n        }\n        for (int i = 1; i <= n;i++) {\n            int score = k - q + map.getOrDefault(i, 0);\n            if (score > 0) {\n                System.out.println(\"Yes\");\n            } else {\n                System.out.println(\"No\");\n            }\n        }\n    }\n}",
            "covered_code": "Given the test case input and the Java program, here is the plan for step-by-step execution and the prediction of code coverage:\n\n### Test Case Input:\n3\n2\n2\n1\n2\n\n### Java Program:\n```java\nimport java.util.Scanner;\nimport java.util.Map;\nimport java.util.HashMap;\n\npublic class Main {\n    public static void main(String[] args) {\n        Scanner sc = new Scanner(System.in);\n        int n = sc.nextInt(); // 3\n        int k = sc.nextInt(); // 2\n        int q = sc.nextInt(); // 2\n        int[] a = new int[n+1];\n        Map<Integer, Integer> map = new HashMap<>();\n        for (int i = 0; i < q; i++) { // Executes 2 times\n            a[i] = sc.nextInt(); // 1, 2\n            int count = map.getOrDefault(a[i], 0);\n            map.put(a[i], ++count);\n        }\n        for (int i = 1; i <= n; i++) { // Executes 3 times\n            int score = k - q + map.getOrDefault(i, 0);\n            if (score > 0) {\n                System.out.println(\"Yes\");\n            } else {\n                System.out.println(\"No\");\n            }\n        }\n    }\n}\n```\n\n### Plan for Execution and Code Coverage:\n1. **Import Statements**: Executed for `java.util.Scanner`, `java.util.Map`, and `java.util.HashMap`.\n2. **Class Declaration**: `public class Main {` is executed.\n3. **Main Method Declaration**: `public static void main(String[] args) {` is executed.\n4. **Variable Initialization**: Executed for `Scanner sc = new Scanner(System.in);`, `int n = sc.nextInt();`, `int k = sc.nextInt();`, and `int q = sc.nextInt();`.\n5. **Array and Map Initialization**: Executed for `int[] a = new int[n+1];` and `Map<Integer, Integer> map = new HashMap<>();`.\n6. **First For Loop for Input Processing**: Since `q` is 2, the loop will execute twice, covering the initialization `a[i] = sc.nextInt();`, map lookup, and update `map.put(a[i], ++count);`.\n7. **Second For Loop for Output Generation**: Since `n` is 3, this loop will execute three times. The condition inside the loop will be evaluated to determine if the output is \"Yes\" or \"No\".\n8. **Conditional Output**: Depending on the score calculation `int score = k - q + map.getOrDefault(i, 0);`, output will be determined for each player (i.e., 1 to n).\n\n### Code Coverage:\n- All import statements are covered.\n- All executable lines in the `main` method are covered, including variable initialization, loops, and conditionals.\n- The array `a` is partially filled with the given inputs, and the map is appropriately updated with counts.\n- The output loop checks each player's score and prints \"Yes\" or \"No\" based on the condition.\n\n### Final Code Coverage:\n```\n> import java.util.Scanner;\n> import java.util.Map;\n> import java.util.HashMap;\n> public class Main {\n>     public static void main(String[] args) {\n>         Scanner sc = new Scanner(System.in);\n>         int n = sc.nextInt();\n>         int k = sc.nextInt();\n>         int q = sc.nextInt();\n>         int[] a = new int[n+1];\n>         Map<Integer, Integer> map = new HashMap<>();\n>         for (int i = 0; i < q; i++) {\n>             a[i] = sc.nextInt();\n>             int count = map.getOrDefault(a[i], 0);\n>             map.put(a[i], ++count);\n>         }\n>         for (int i = 1; i <= n; i++) {\n>             int score = k - q + map.getOrDefault(i, 0);\n>             if (score > 0) {\n>                 System.out.println(\"Yes\");\n>             } else {\n>                 System.out.println(\"No\");\n>             }\n>         }\n>     }\n> }\n```\n\n### Runtime Behavior:\n- No runtime exceptions are expected with the given input. The program should successfully execute and determine the \"Yes\" or \"No\" status for each of the `n` players based on the calculated score.",
            "test_seed_coverage": [
                ">",
                ">",
                ">",
                ">",
                ">",
                ">",
                ">",
                ">",
                ">",
                ">",
                ">",
                ">",
                ">",
                ">",
                ">",
                ">",
                ">",
                ">",
                ">",
                ">",
                ">",
                ">",
                ">",
                ">",
                ">",
                ">"
            ],
            "cumulative_coverage": [
                ">",
                ">",
                ">",
                ">",
                ">",
                ">",
                ">",
                ">",
                ">",
                ">",
                ">",
                ">",
                ">",
                ">",
                ">",
                ">",
                ">",
                ">",
                ">",
                ">",
                ">",
                ">",
                ">",
                ">",
                ">",
                ">"
            ],
            "execution_output": "Yes\nYes\nNo",
            "cerberus_output": "",
            "execution_result": ""
        }
    ]
}