{
    "submission_id": "s783703292",
    "cycles": [
        {
            "test_case": [
                "Test Case Input:\n3\n2\n10\n1\n2\n3\n4\n5\n6"
            ],
            "test_mutations": [
                "Test Case Input:\n3\n2\n10\n1\n2\n3\n4\n5\n6"
            ],
            "initial_code": "class Main {\n\tpublic static void main(String[] args) {\n\t\tScanner sc=new Scanner(System.in);\n\t\tint n=sc.nextInt();\n\t\tint m=sc.nextInt();\n\t\tint k=sc.nextInt();\n\t\tint count=0;\n\t\tlong sum=0;\n\t\tint a[]=new int[n];\n\t\tint b[]=new int[m];\n\t\tfor(int i=0;i<n;i++)\n\t\t{\n\t\t\ta[i]=sc.nextInt();\n\t\t}\n\t\tfor(int j=0;j<m;j++)\n\t\t{\n\t\t\tb[j]=sc.nextInt();\n\t\t}\n\t\tint dp[][]=new int[n+1][m+1];\n\t\tfor(int j[]:dp)\n\t\t{\n\t\t\tArrays.fill(j,-1);\n\t\t}\n\t\tSystem.out.println(solve(a,b,0,0,k,0,dp));\n\t}\n\tpublic static int solve(int a[],int b[],int i,int j,int k,long sum,int dp[][])\n\t{\n\t\tif(dp[i][j]!=-1)\n\t\t{\n\t\t\treturn -1;\n\t\t}\n\t\tif(sum>k)\n\t\t{\n\t\t\treturn -1;\n\t\t}\n\t\tif(sum==k)\n\t\t{\n\t\t\treturn 0;\n\t\t}\n\t\tif(i>=a.length && j>=b.length)\n\t\t{\n\t\t\treturn 0;\n\t\t}\n\t\tint option1=0;\n\t\tint option2=0;\n\t\tif(i<a.length)\n\t\t{\n\t\t\toption1=1+solve(a,b,i+1,j,k,sum+a[i],dp);\n\t\t}\n\t\tif(j<b.length)\n\t\t{\n\t\t\toption2=1+solve(a,b,i,j+1,k,sum+b[j],dp);\n\t\t}\n\t\treturn dp[i][j]=Math.max(option1,option2);\n\t}\n}",
            "covered_code": "Given the specified test case input and the Java program, let's develop a plan for step-by-step execution and predict the code coverage:\n\n**Test Case Input:**\n```\n3\n2\n10\n1\n2\n3\n4\n5\n6\n```\n\n**Java Program Analysis:**\n\n1. **Import Statements:** Any required import statements like `import java.util.Scanner;` and `import java.util.Arrays;` are considered always executed.\n\n2. **Class Declaration:** The class declaration `class Main {` is considered always executed.\n\n3. **Main Method Declaration:** The `public static void main(String[] args) {` is always executed.\n\n4. **Variable Initialization:** The statements within the main method that initialize variables and read from `Scanner` are always executed. The statements `int n=sc.nextInt();`, `int m=sc.nextInt();`, and `int k=sc.nextInt();` will be covered.\n\n5. **Array Initialization:** The declarations and initializations of arrays `a` and `b` are covered. The loops filling these arrays with input values are also covered as the input provides enough values for both arrays.\n\n6. **DP Array Initialization:** The declaration, initialization, and the filling of the DP array with `-1` using `Arrays.fill(j,-1);` are covered.\n\n7. **Recursive Method Call:** The statement that calls the recursive method `solve` is executed.\n\n8. **Recursive Method `solve` Execution:**\n    - The base cases and checks within the `solve` method will be executed.\n    - The recursive calls within `solve` are executed depending on the inputs and logic.\n\n9. **Execution Flow within `solve` Method:**\n    - The condition check for `dp[i][j] != -1` will be executed, but since initially all values are set to `-1`, this will not return early in the first call.\n    - The checks for `sum > k` and `sum == k` will be executed.\n    - The condition to check if `i` and `j` have reached the end of their respective arrays will be executed.\n    - Recursive calls to `solve` with updated parameters are executed until base cases are met or the function returns a value.\n\n10. **Output Statement:** The final print statement to output the result of the `solve` method is executed.\n\n11. **Closing Scanner:** The scanner `sc.close();` is not explicitly called, hence not covered.\n\n**Predicted Code Coverage:**\n\n```\n> class Main {\n> \tpublic static void main(String[] args) {\n> \t\tScanner sc=new Scanner(System.in);\n> \t\tint n=sc.nextInt();\n> \t\tint m=sc.nextInt();\n> \t\tint k=sc.nextInt();\n> \t\tint count=0;\n> \t\tlong sum=0;\n> \t\tint a[]=new int[n];\n> \t\tint b[]=new int[m];\n> \t\tfor(int i=0;i<n;i++)\n> \t\t{\n> \t\t\ta[i]=sc.nextInt();\n> \t\t}\n> \t\tfor(int j=0;j<m;j++)\n> \t\t{\n> \t\t\tb[j]=sc.nextInt();\n> \t\t}\n> \t\tint dp[][]=new int[n+1][m+1];\n> \t\tfor(int j[]:dp)\n> \t\t{\n> \t\t\tArrays.fill(j,-1);\n> \t\t}\n> \t\tSystem.out.println(solve(a,b,0,0,k,0,dp));\n> \t}\n> \tpublic static int solve(int a[],int b[],int i,int j,int k,long sum,int dp[][])\n> \t{\n> \t\tif(dp[i][j]!=-1)\n> \t\t{\n> \t\t\treturn -1;\n> \t\t}\n> \t\tif(sum>k)\n> \t\t{\n> \t\t\treturn -1;\n> \t\t}\n> \t\tif(sum==k)\n> \t\t{\n> \t\t\treturn 0;\n> \t\t}\n> \t\tif(i>=a.length && j>=b.length)\n> \t\t{\n> \t\t\treturn 0;\n> \t\t}\n> \t\tint option1=0;\n> \t\tint option2=0;\n> \t\tif(i<a.length)\n> \t\t{\n> \t\t\toption1=1+solve(a,b,i+1,j,k,sum+a[i],dp);\n> \t\t}\n> \t\tif(j<b.length)\n> \t\t{\n> \t\t\toption2=1+solve(a,b,i,j+1,k,sum+b[j],dp);\n> \t\t}\n> \t\treturn dp[i][j]=Math.max(option1,option2);\n> \t}\n> }\n```\n\nThe actual code coverage depends on the dynamic values during execution, especially within the recursive method. However, based on the static analysis and given input, all lines are expected to be executed, except for any error handling or exceptions not shown in the code snippet provided.",
            "test_seed_coverage": [
                ">",
                ">",
                ">",
                ">",
                ">",
                ">",
                ">",
                ">",
                ">",
                ">",
                ">",
                ">",
                ">",
                ">",
                ">",
                ">",
                ">",
                ">",
                ">",
                ">",
                ">",
                ">",
                ">",
                ">",
                ">",
                ">",
                ">",
                ">",
                ">",
                ">",
                ">",
                ">",
                ">",
                ">",
                ">",
                ">",
                ">",
                ">",
                ">",
                ">",
                ">",
                ">",
                ">",
                ">",
                ">",
                ">",
                ">",
                ">",
                ">",
                ">",
                ">",
                ">",
                ">",
                ">",
                ">",
                ">"
            ],
            "cumulative_coverage": [
                ">",
                ">",
                ">",
                ">",
                ">",
                ">",
                ">",
                ">",
                ">",
                ">",
                ">",
                ">",
                ">",
                ">",
                ">",
                ">",
                ">",
                ">",
                ">",
                ">",
                ">",
                ">",
                ">",
                ">",
                ">",
                ">",
                ">",
                ">",
                ">",
                ">",
                ">",
                ">",
                ">",
                ">",
                ">",
                ">",
                ">",
                ">",
                ">",
                ">",
                ">",
                ">",
                ">",
                ">",
                ">",
                ">",
                ">",
                ">",
                ">",
                ">",
                ">",
                ">",
                ">",
                ">",
                ">",
                ">"
            ],
            "execution_output": "4",
            "cerberus_output": "",
            "execution_result": ""
        },
        {
            "test_case": [
                "Test Case Input:\n5\n3\n7\n1 2 3 4 5\n6 7 8"
            ],
            "test_mutations": [
                "Test Case Input:\n5\n3\n7\n1 2 3 4 5\n6 7 8"
            ],
            "initial_code": "class Main {\n\tpublic static void main(String[] args) {\n\t\tScanner sc=new Scanner(System.in);\n\t\tint n=sc.nextInt();\n\t\tint m=sc.nextInt();\n\t\tint k=sc.nextInt();\n\t\tint count=0;\n\t\tlong sum=0;\n\t\tint a[]=new int[n];\n\t\tint b[]=new int[m];\n\t\tfor(int i=0;i<n;i++)\n\t\t{\n\t\t\ta[i]=sc.nextInt();\n\t\t}\n\t\tfor(int j=0;j<m;j++)\n\t\t{\n\t\t\tb[j]=sc.nextInt();\n\t\t}\n\t\tint dp[][]=new int[n+1][m+1];\n\t\tfor(int j[]:dp)\n\t\t{\n\t\t\tArrays.fill(j,-1);\n\t\t}\n\t\tSystem.out.println(solve(a,b,0,0,k,0,dp));\n\t}\n\tpublic static int solve(int a[],int b[],int i,int j,int k,long sum,int dp[][])\n\t{\n\t\tif(dp[i][j]!=-1)\n\t\t{\n\t\t\treturn -1;\n\t\t}\n\t\tif(sum>k)\n\t\t{\n\t\t\treturn -1;\n\t\t}\n\t\tif(sum==k)\n\t\t{\n\t\t\treturn 0;\n\t\t}\n\t\tif(i>=a.length && j>=b.length)\n\t\t{\n\t\t\treturn 0;\n\t\t}\n\t\tint option1=0;\n\t\tint option2=0;\n\t\tif(i<a.length)\n\t\t{\n\t\t\toption1=1+solve(a,b,i+1,j,k,sum+a[i],dp);\n\t\t}\n\t\tif(j<b.length)\n\t\t{\n\t\t\toption2=1+solve(a,b,i,j+1,k,sum+b[j],dp);\n\t\t}\n\t\treturn dp[i][j]=Math.max(option1,option2);\n\t}\n}",
            "covered_code": "To predict the code coverage for the provided Java program and its test case input \"5 3 7 1 2 3 4 5 6 7 8\", let's develop a plan step by step:\n\n1. **Class Declaration**: The class declaration \"class Main\" is always executed.\n2. **Main Method Declaration**: The \"public static void main(String[] args)\" method declaration is always executed.\n3. **Variable Initialization**: The statements to read \"n\", \"m\", and \"k\" from user input will be executed.\n4. **Array Initialization**: The statements to initialize arrays \"a[]\" and \"b[]\" and read their values from user input will be executed.\n5. **DP Array Initialization**: The statement to initialize the DP array \"dp[][]\" and fill it with -1 will be executed.\n6. **Solve Function Call**: The solve function is called from the main method.\n7. **Solve Function Execution**: \n   - **Base Conditions**: Checks in the solve function for dp value, sum > k, and sum == k will be executed.\n   - **Recursive Calls**: The recursive calls within the solve function to explore options by including elements from array \"a\" and \"b\" will be executed.\n   - **Storing and Returning DP Value**: The statement to store the result in dp array and return will be executed.\n\nGiven the specific input, let's predict the code coverage:\n\n```\n> class Main {\n> \tpublic static void main(String[] args) {\n> \t\tScanner sc=new Scanner(System.in);\n> \t\tint n=sc.nextInt();\n> \t\tint m=sc.nextInt();\n> \t\tint k=sc.nextInt();\n> \t\tint count=0;\n> \t\tlong sum=0;\n> \t\tint a[]=new int[n];\n> \t\tint b[]=new int[m];\n> \t\tfor(int i=0;i<n;i++)\n> \t\t{\n> \t\t\ta[i]=sc.nextInt();\n> \t\t}\n> \t\tfor(int j=0;j<m;j++)\n> \t\t{\n> \t\t\tb[j]=sc.nextInt();\n> \t\t}\n> \t\tint dp[][]=new int[n+1][m+1];\n> \t\tfor(int j[]:dp)\n> \t\t{\n> \t\t\tArrays.fill(j,-1);\n> \t\t}\n> \t\tSystem.out.println(solve(a,b,0,0,k,0,dp));\n> \t}\n> \tpublic static int solve(int a[],int b[],int i,int j,int k,long sum,int dp[][])\n> \t{\n> \t\tif(dp[i][j]!=-1)\n> \t\t{\n> \t\t\treturn -1;\n> \t\t}\n> \t\tif(sum>k)\n> \t\t{\n> \t\t\treturn -1;\n> \t\t}\n> \t\tif(sum==k)\n> \t\t{\n> \t\t\treturn 0;\n> \t\t}\n> \t\tif(i>=a.length && j>=b.length)\n> \t\t{\n> \t\t\treturn 0;\n> \t\t}\n> \t\tint option1=0;\n> \t\tint option2=0;\n> \t\tif(i<a.length)\n> \t\t{\n> \t\t\toption1=1+solve(a,b,i+1,j,k,sum+a[i],dp);\n> \t\t}\n> \t\tif(j<b.length)\n> \t\t{\n> \t\t\toption2=1+solve(a,b,i,j+1,k,sum+b[j],dp);\n> \t\t}\n> \t\treturn dp[i][j]=Math.max(option1,option2);\n> \t}\n> }\n```\n\n**Code Coverage**: All the lines in the given code snippet are executed at least once based on the provided test case, hence all lines are marked with \">\". The recursive nature of the `solve` function ensures that various execution paths within it are explored, including checks on the DP array, sum conditions, and recursive calls for both arrays \"a\" and \"b\".",
            "test_seed_coverage": [
                ">",
                ">",
                ">",
                ">",
                ">",
                ">",
                ">",
                ">",
                ">",
                ">",
                ">",
                ">",
                ">",
                ">",
                ">",
                ">",
                ">",
                ">",
                ">",
                ">",
                ">",
                ">",
                ">",
                ">",
                ">",
                ">",
                ">",
                ">",
                ">",
                ">",
                ">",
                ">",
                ">",
                ">",
                ">",
                ">",
                ">",
                ">",
                ">",
                ">",
                ">",
                ">",
                ">",
                ">",
                ">",
                ">",
                ">",
                ">",
                ">",
                ">",
                ">",
                ">",
                ">",
                ">",
                ">",
                ">"
            ],
            "cumulative_coverage": [
                ">",
                ">",
                ">",
                ">",
                ">",
                ">",
                ">",
                ">",
                ">",
                ">",
                ">",
                ">",
                ">",
                ">",
                ">",
                ">",
                ">",
                ">",
                ">",
                ">",
                ">",
                ">",
                ">",
                ">",
                ">",
                ">",
                ">",
                ">",
                ">",
                ">",
                ">",
                ">",
                ">",
                ">",
                ">",
                ">",
                ">",
                ">",
                ">",
                ">",
                ">",
                ">",
                ">",
                ">",
                ">",
                ">",
                ">",
                ">",
                ">",
                ">",
                ">",
                ">",
                ">",
                ">",
                ">",
                ">"
            ],
            "execution_output": "3",
            "cerberus_output": "",
            "execution_result": ""
        },
        {
            "test_case": [
                "Test Case Input:\n5\n3\n10\n1\n2\n3\n4\n5\n6\n7\n8\n9\n10\n11\n12"
            ],
            "test_mutations": [
                "Test Case Input:\n5\n3\n10\n1\n2\n3\n4\n5\n6\n7\n8\n9\n10\n11\n12"
            ],
            "initial_code": "class Main {\n\tpublic static void main(String[] args) {\n\t\tScanner sc=new Scanner(System.in);\n\t\tint n=sc.nextInt();\n\t\tint m=sc.nextInt();\n\t\tint k=sc.nextInt();\n\t\tint count=0;\n\t\tlong sum=0;\n\t\tint a[]=new int[n];\n\t\tint b[]=new int[m];\n\t\tfor(int i=0;i<n;i++)\n\t\t{\n\t\t\ta[i]=sc.nextInt();\n\t\t}\n\t\tfor(int j=0;j<m;j++)\n\t\t{\n\t\t\tb[j]=sc.nextInt();\n\t\t}\n\t\tint dp[][]=new int[n+1][m+1];\n\t\tfor(int j[]:dp)\n\t\t{\n\t\t\tArrays.fill(j,-1);\n\t\t}\n\t\tSystem.out.println(solve(a,b,0,0,k,0,dp));\n\t}\n\tpublic static int solve(int a[],int b[],int i,int j,int k,long sum,int dp[][])\n\t{\n\t\tif(dp[i][j]!=-1)\n\t\t{\n\t\t\treturn -1;\n\t\t}\n\t\tif(sum>k)\n\t\t{\n\t\t\treturn -1;\n\t\t}\n\t\tif(sum==k)\n\t\t{\n\t\t\treturn 0;\n\t\t}\n\t\tif(i>=a.length && j>=b.length)\n\t\t{\n\t\t\treturn 0;\n\t\t}\n\t\tint option1=0;\n\t\tint option2=0;\n\t\tif(i<a.length)\n\t\t{\n\t\t\toption1=1+solve(a,b,i+1,j,k,sum+a[i],dp);\n\t\t}\n\t\tif(j<b.length)\n\t\t{\n\t\t\toption2=1+solve(a,b,i,j+1,k,sum+b[j],dp);\n\t\t}\n\t\treturn dp[i][j]=Math.max(option1,option2);\n\t}\n}",
            "covered_code": "To predict the code coverage for the provided Java program based on the given test case input, we will follow the execution plan closely:\n\n**Test Case Input:**\n```\n5\n3\n10\n1\n2\n3\n4\n5\n6\n7\n8\n9\n10\n11\n12\n```\n\n**Execution Plan:**\n\n1. **Class Declaration:** Always executed. The declaration \"class Main {\" is covered.\n2. **Main method declaration:** Always executed. The statement \"public static void main(String[] args) {\" is covered.\n3. **Scanner and User Input:** The instantiation of the Scanner and the input collection for `n`, `m`, and `k` are always executed, given the program reaches this point and inputs are provided.\n4. **For loops for array initializations:** Both for loops that initialize arrays `a[]` and `b[]` will be fully executed, filling these arrays with the provided inputs.\n5. **Initialization of dp array and filling with -1:** The dp array is initialized and filled with -1, which is always executed.\n6. **`solve` method call:** The `solve` method is called with initial parameters.\n7. **`solve` method execution:** Given the recursive nature of the `solve` method, it will be executed multiple times, checking various conditions and updating the dp array accordingly.\n8. **Base Conditions in `solve` method:** The base conditions will be checked in each recursive call. These include checks for `dp[i][j] != -1`, `sum > k`, `sum == k`, and if `i` or `j` are beyond their respective array lengths.\n9. **Recursive Calls in `solve` method:** Recursive calls to `solve` itself with updated parameters will be made depending on the conditions.\n10. **Updating dp array:** The dp array is updated with the result of each call to `solve`.\n\n**Predicted Code Coverage Based on the Execution Plan:**\n\n```\n> class Main {\n>     public static void main(String[] args) {\n>         Scanner sc=new Scanner(System.in);\n>         int n=sc.nextInt();\n>         int m=sc.nextInt();\n>         int k=sc.nextInt();\n>         int count=0;\n>         long sum=0;\n>         int a[]=new int[n];\n>         int b[]=new int[m];\n>         for(int i=0;i<n;i++)\n>         {\n>             a[i]=sc.nextInt();\n>         }\n>         for(int j=0;j<m;j++)\n>         {\n>             b[j]=sc.nextInt();\n>         }\n>         int dp[][]=new int[n+1][m+1];\n>         for(int j[]:dp)\n>         {\n>             Arrays.fill(j,-1);\n>         }\n>         System.out.println(solve(a,b,0,0,k,0,dp));\n>     }\n>     public static int solve(int a[],int b[],int i,int j,int k,long sum,int dp[][])\n>     {\n>         if(dp[i][j]!=-1)\n>         {\n>             return -1;\n>         }\n>         if(sum>k)\n>         {\n>             return -1;\n>         }\n>         if(sum==k)\n>         {\n>             return 0;\n>         }\n>         if(i>=a.length && j>=b.length)\n>         {\n>             return 0;\n>         }\n>         int option1=0;\n>         int option2=0;\n>         if(i<a.length)\n>         {\n>             option1=1+solve(a,b,i+1,j,k,sum+a[i],dp);\n>         }\n>         if(j<b.length)\n>         {\n>             option2=1+solve(a,b,i,j+1,k,sum+b[j],dp);\n>         }\n>         return dp[i][j]=Math.max(option1,option2);\n>     }\n> }\n```\n\n**Note:** Since the execution of the `solve` method involves recursive calls and depends on the specific input values, the exact number of times each statement within this method is executed will vary depending on the paths taken through the recursion tree. However, all parts of the method will be covered due to the recursive nature and the various conditions that are checked.",
            "test_seed_coverage": [
                ">",
                ">",
                ">",
                ">",
                ">",
                ">",
                ">",
                ">",
                ">",
                ">",
                ">",
                ">",
                ">",
                ">",
                ">",
                ">",
                ">",
                ">",
                ">",
                ">",
                ">",
                ">",
                ">",
                ">",
                ">",
                ">",
                ">",
                ">",
                ">",
                ">",
                ">",
                ">",
                ">",
                ">",
                ">",
                ">",
                ">",
                ">",
                ">",
                ">",
                ">",
                ">",
                ">",
                ">",
                ">",
                ">",
                ">",
                ">",
                ">",
                ">",
                ">",
                ">",
                ">",
                ">",
                ">",
                ">"
            ],
            "cumulative_coverage": [
                ">",
                ">",
                ">",
                ">",
                ">",
                ">",
                ">",
                ">",
                ">",
                ">",
                ">",
                ">",
                ">",
                ">",
                ">",
                ">",
                ">",
                ">",
                ">",
                ">",
                ">",
                ">",
                ">",
                ">",
                ">",
                ">",
                ">",
                ">",
                ">",
                ">",
                ">",
                ">",
                ">",
                ">",
                ">",
                ">",
                ">",
                ">",
                ">",
                ">",
                ">",
                ">",
                ">",
                ">",
                ">",
                ">",
                ">",
                ">",
                ">",
                ">",
                ">",
                ">",
                ">",
                ">",
                ">",
                ">"
            ],
            "execution_output": "4",
            "cerberus_output": "",
            "execution_result": ""
        },
        {
            "test_case": [
                "Test Case Input:\n5\n3\n10\n2\n4\n6\n8\n3\n2\n7"
            ],
            "test_mutations": [
                "Test Case Input:\n5\n3\n10\n2\n4\n6\n8\n3\n2\n7"
            ],
            "initial_code": "class Main {\n\tpublic static void main(String[] args) {\n\t\tScanner sc=new Scanner(System.in);\n\t\tint n=sc.nextInt();\n\t\tint m=sc.nextInt();\n\t\tint k=sc.nextInt();\n\t\tint count=0;\n\t\tlong sum=0;\n\t\tint a[]=new int[n];\n\t\tint b[]=new int[m];\n\t\tfor(int i=0;i<n;i++)\n\t\t{\n\t\t\ta[i]=sc.nextInt();\n\t\t}\n\t\tfor(int j=0;j<m;j++)\n\t\t{\n\t\t\tb[j]=sc.nextInt();\n\t\t}\n\t\tint dp[][]=new int[n+1][m+1];\n\t\tfor(int j[]:dp)\n\t\t{\n\t\t\tArrays.fill(j,-1);\n\t\t}\n\t\tSystem.out.println(solve(a,b,0,0,k,0,dp));\n\t}\n\tpublic static int solve(int a[],int b[],int i,int j,int k,long sum,int dp[][])\n\t{\n\t\tif(dp[i][j]!=-1)\n\t\t{\n\t\t\treturn -1;\n\t\t}\n\t\tif(sum>k)\n\t\t{\n\t\t\treturn -1;\n\t\t}\n\t\tif(sum==k)\n\t\t{\n\t\t\treturn 0;\n\t\t}\n\t\tif(i>=a.length && j>=b.length)\n\t\t{\n\t\t\treturn 0;\n\t\t}\n\t\tint option1=0;\n\t\tint option2=0;\n\t\tif(i<a.length)\n\t\t{\n\t\t\toption1=1+solve(a,b,i+1,j,k,sum+a[i],dp);\n\t\t}\n\t\tif(j<b.length)\n\t\t{\n\t\t\toption2=1+solve(a,b,i,j+1,k,sum+b[j],dp);\n\t\t}\n\t\treturn dp[i][j]=Math.max(option1,option2);\n\t}\n}",
            "covered_code": "For the provided Java program and test input \"5 3 10 2 4 6 8 3 2 7\", let's develop a plan for step by step execution to predict the code coverage. The plan will outline which lines of the code are executed based on the given inputs and the flow of the program.\n\nPlan for Execution:\n\n1. **Import Statements**: If there were any import statements such as `import java.util.Scanner;`, they would always be executed, but since they are not included in the snippet, we proceed to the class declaration.\n\n2. **Class Declaration**: The class declaration `class Main {` is always executed. \n\n3. **Main Method Declaration**: The `public static void main(String[] args) {` line is always executed.\n\n4. **Variable Initialization and User Input**: The lines initializing `Scanner sc=new Scanner(System.in);`, `int n=sc.nextInt();`, `int m=sc.nextInt();`, `int k=sc.nextInt();` are executed as they are part of the initial setup and user input collection.\n\n5. **Array Initialization**: The lines initializing the arrays `int a[]=new int[n];` and `int b[]=new int[m];` are executed.\n\n6. **First for-loop for Array `a` Filling**: The first for-loop that fills array `a` is executed.\n\n7. **Second for-loop for Array `b` Filling**: The second for-loop that fills array `b` is executed.\n\n8. **DP Array Initialization and Filling**: The lines initializing the DP array and filling it with `-1` using `Arrays.fill(j,-1);` are executed.\n\n9. **Calling the `solve` Method**: The `System.out.println(solve(a,b,0,0,k,0,dp));` line is executed, which involves calling the `solve` recursive method.\n\n10. **Execution of `solve` Method**: The `solve` method contains several conditions and recursive calls. Given the inputs and the nature of the problem (which seems to be a variation of knapsack or a similar dynamic programming problem), several parts of this method are executed, including checks on the DP array, sum comparisons with `k`, and recursive calls to itself with updated parameters. The execution path within this method heavily depends on the inputs.\n\n11. **Base Cases and Recursive Calls in `solve`**: The base cases and recursive logic in `solve` are executed, depending on the inputs and the current state of recursion.\n\nGiven the program's nature and the provided input, it's not straightforward to predict the exact execution flow within the `solve` method without running the program due to the recursive calls and dynamic programming logic. However, we can safely say that all parts of the program outside of the `solve` method are executed, and at least the initial call to `solve` is executed.\n\nGiven the complexity of the `solve` method and without specific details on the inputs (beyond their initial values), the exact execution flow within `solve` and which base cases or recursive paths are taken can vary, making a precise line-by-line code coverage prediction for these parts challenging without running the code.\n\nFinal code coverage prediction based on the plan:\n\n```\n> class Main {\n> \tpublic static void main(String[] args) {\n> \t\tScanner sc=new Scanner(System.in);\n> \t\tint n=sc.nextInt();\n> \t\tint m=sc.nextInt();\n> \t\tint k=sc.nextInt();\n> \t\tint count=0;\n> \t\tlong sum=0;\n> \t\tint a[]=new int[n];\n> \t\tint b[]=new int[m];\n> \t\tfor(int i=0;i<n;i++)\n> \t\t{\n> \t\t\ta[i]=sc.nextInt();\n> \t\t}\n> \t\tfor(int j=0;j<m;j++)\n> \t\t{\n> \t\t\tb[j]=sc.nextInt();\n> \t\t}\n> \t\tint dp[][]=new int[n+1][m+1];\n> \t\tfor(int j[]:dp)\n> \t\t{\n> \t\t\tArrays.fill(j,-1);\n> \t\t}\n> \t\tSystem.out.println(solve(a,b,0,0,k,0,dp));\n> \t}\n> \tpublic static int solve(int a[],int b[],int i,int j,int k,long sum,int dp[][])\n> \t{\n> \t\tif(dp[i][j]!=-1)\n> \t\t{\n> \t\t\treturn -1;\n> \t\t}\n> \t\tif(sum>k)\n> \t\t{\n> \t\t\treturn -1;\n> \t\t}\n> \t\tif(sum==k)\n> \t\t{\n> \t\t\treturn 0;\n> \t\t}\n> \t\tif(i>=a.length && j>=b.length)\n> \t\t{\n> \t\t\treturn 0;\n> \t\t}\n> \t\tint option1=0;\n> \t\tint option2=0;\n> \t\tif(i<a.length)\n> \t\t{\n> \t\t\toption1=1+solve(a,b,i+1,j,k,sum+a[i],dp);\n> \t\t}\n> \t\tif(j<b.length)\n> \t\t{\n> \t\t\toption2=1+solve(a,b,i,j+1,k,sum+b[j],dp);\n> \t\t}\n> \t\treturn dp[i][j]=Math.max(option1,option2);\n> \t}\n> }\n```\n\nPlease note, the exact paths taken within the recursive `solve` method are not specified due to the complexity of predicting dynamic programming and recursive logic execution without running the code.",
            "test_seed_coverage": [
                ">",
                ">",
                ">",
                ">",
                ">",
                ">",
                ">",
                ">",
                ">",
                ">",
                ">",
                ">",
                ">",
                ">",
                ">",
                ">",
                ">",
                ">",
                ">",
                ">",
                ">",
                ">",
                ">",
                ">",
                ">",
                ">",
                ">",
                ">",
                ">",
                ">",
                ">",
                ">",
                ">",
                ">",
                ">",
                ">",
                ">",
                ">",
                ">",
                ">",
                ">",
                ">",
                ">",
                ">",
                ">",
                ">",
                ">",
                ">",
                ">",
                ">",
                ">",
                ">",
                ">",
                ">",
                ">",
                ">"
            ],
            "cumulative_coverage": [
                ">",
                ">",
                ">",
                ">",
                ">",
                ">",
                ">",
                ">",
                ">",
                ">",
                ">",
                ">",
                ">",
                ">",
                ">",
                ">",
                ">",
                ">",
                ">",
                ">",
                ">",
                ">",
                ">",
                ">",
                ">",
                ">",
                ">",
                ">",
                ">",
                ">",
                ">",
                ">",
                ">",
                ">",
                ">",
                ">",
                ">",
                ">",
                ">",
                ">",
                ">",
                ">",
                ">",
                ">",
                ">",
                ">",
                ">",
                ">",
                ">",
                ">",
                ">",
                ">",
                ">",
                ">",
                ">",
                ">"
            ],
            "execution_error": "Exception in thread \"main\" java.util.NoSuchElementException\n\tat java.base/java.util.Scanner.throwFor(Scanner.java:945)\n\tat java.base/java.util.Scanner.next(Scanner.java:1602)\n\tat java.base/java.util.Scanner.nextInt(Scanner.java:2267)\n\tat java.base/java.util.Scanner.nextInt(Scanner.java:2221)\n\tat Main.main(Main.java:20)",
            "cerberus_output": "",
            "execution_result": "NoSuchElementException"
        },
        {
            "test_case": [
                "Test Case Input:\n3\n2\n10\n1\n2\n3\n4\n5\n6"
            ],
            "test_mutations": [
                "Test Case Input:\n3\n2\n10\n1\n2\n3\n4\n5\n6"
            ],
            "initial_code": "class Main {\n\tpublic static void main(String[] args) {\n\t\tScanner sc=new Scanner(System.in);\n\t\tint n=sc.nextInt();\n\t\tint m=sc.nextInt();\n\t\tint k=sc.nextInt();\n\t\tint count=0;\n\t\tlong sum=0;\n\t\tint a[]=new int[n];\n\t\tint b[]=new int[m];\n\t\tfor(int i=0;i<n;i++)\n\t\t{\n\t\t\ta[i]=sc.nextInt();\n\t\t}\n\t\tfor(int j=0;j<m;j++)\n\t\t{\n\t\t\tb[j]=sc.nextInt();\n\t\t}\n\t\tint dp[][]=new int[n+1][m+1];\n\t\tfor(int j[]:dp)\n\t\t{\n\t\t\tArrays.fill(j,-1);\n\t\t}\n\t\tSystem.out.println(solve(a,b,0,0,k,0,dp));\n\t}\n\tpublic static int solve(int a[],int b[],int i,int j,int k,long sum,int dp[][])\n\t{\n\t\tif(dp[i][j]!=-1)\n\t\t{\n\t\t\treturn -1;\n\t\t}\n\t\tif(sum>k)\n\t\t{\n\t\t\treturn -1;\n\t\t}\n\t\tif(sum==k)\n\t\t{\n\t\t\treturn 0;\n\t\t}\n\t\tif(i>=a.length && j>=b.length)\n\t\t{\n\t\t\treturn 0;\n\t\t}\n\t\tint option1=0;\n\t\tint option2=0;\n\t\tif(i<a.length)\n\t\t{\n\t\t\toption1=1+solve(a,b,i+1,j,k,sum+a[i],dp);\n\t\t}\n\t\tif(j<b.length)\n\t\t{\n\t\t\toption2=1+solve(a,b,i,j+1,k,sum+b[j],dp);\n\t\t}\n\t\treturn dp[i][j]=Math.max(option1,option2);\n\t}\n}",
            "covered_code": "For the provided code snippet and test case input, we'll follow the plan to determine the code coverage.\n\nTest Case Input:\n3\n2\n10\n1\n2\n3\n4\n5\n6\n\nGiven Java Program:\n```java\nimport java.util.Scanner;\nimport java.util.Arrays;\n\nclass Main {\n    public static void main(String[] args) {\n        Scanner sc = new Scanner(System.in);\n        int n = sc.nextInt();\n        int m = sc.nextInt();\n        int k = sc.nextInt();\n        int a[] = new int[n];\n        int b[] = new int[m];\n        for (int i = 0; i < n; i++) {\n            a[i] = sc.nextInt();\n        }\n        for (int j = 0; j < m; j++) {\n            b[j] = sc.nextInt();\n        }\n        int dp[][] = new int[n + 1][m + 1];\n        for (int j[] : dp) {\n            Arrays.fill(j, -1);\n        }\n        System.out.println(solve(a, b, 0, 0, k, 0, dp));\n    }\n\n    public static int solve(int a[], int b[], int i, int j, int k, long sum, int dp[][]) {\n        if (dp[i][j] != -1) {\n            return -1;\n        }\n        if (sum > k) {\n            return -1;\n        }\n        if (sum == k) {\n            return 0;\n        }\n        if (i >= a.length && j >= b.length) {\n            return 0;\n        }\n        int option1 = 0;\n        int option2 = 0;\n        if (i < a.length) {\n            option1 = 1 + solve(a, b, i + 1, j, k, sum + a[i], dp);\n        }\n        if (j < b.length) {\n            option2 = 1 + solve(a, b, i, j + 1, k, sum + b[j], dp);\n        }\n        return dp[i][j] = Math.max(option1, option2);\n    }\n}\n```\nPlan for step by step execution and code coverage prediction:\n1. Import statements: Always executed. Statements `import java.util.Scanner;` and `import java.util.Arrays;` are covered.\n2. Class Declaration: Always executed. Statement `class Main {` is covered.\n3. Main method declaration: Always executed. Statement `public static void main(String[] args) {` is covered.\n4. Scanner instantiation: Always executed. Statement `Scanner sc = new Scanner(System.in);` is covered.\n5. Reading inputs `n`, `m`, `k`: Executed as per input provided. Statements `int n = sc.nextInt();`, `int m = sc.nextInt();`, `int k = sc.nextInt();` are covered.\n6. Array `a` and `b` initializations and filling: Since `n` and `m` are greater than 0, loops to fill arrays `a` and `b` are executed. Statements within both for-loops are covered.\n7. `dp` array initialization and filling: Since `n + 1` and `m + 1` are greater than 0, initialization and the for-each loop to fill `dp` are executed. Statements for initializing `dp` and the for-each loop with `Arrays.fill(j, -1);` are covered.\n8. `solve` method call: Executed once from the main method. Statement `System.out.println(solve(a, b, 0, 0, k, 0, dp));` is covered.\n9. `solve` method recursion and execution: The `solve` method involves recursive calls and conditions checking. Given the nature of recursion and conditions based on `dp`, `sum`, `i`, and `j`, this method's execution is dynamic. All the statements within the `solve` method are covered as it processes through recursion and updates `dp` accordingly.\n\nPredicted Code Coverage:\n- All statements are executed at least once due to the recursive nature of `solve` and initial setup in the `main` method.\n- The recursive calls within `solve` ensure that all conditions and paths are explored based on the input values.\n\nTherefore, the code coverage for this Java program, given the test case and execution plan, indicates that all statements in both `main` and `solve` methods are executed (`>`), showing full coverage for the provided test case.",
            "test_seed_coverage": [
                ">",
                ">",
                ">",
                ">",
                ">",
                ">",
                ">",
                ">",
                ">",
                ">",
                ">",
                ">",
                ">",
                ">",
                ">",
                ">",
                ">",
                ">",
                ">",
                ">",
                ">",
                ">",
                ">",
                ">",
                ">",
                ">",
                ">",
                ">",
                ">",
                ">",
                ">",
                ">",
                ">",
                ">",
                ">",
                ">",
                ">",
                ">",
                ">",
                ">",
                ">",
                ">",
                ">",
                ">",
                ">",
                ">",
                ">",
                ">",
                ">",
                ">",
                ">",
                ">",
                ">",
                ">",
                ">",
                ">"
            ],
            "cumulative_coverage": [
                ">",
                ">",
                ">",
                ">",
                ">",
                ">",
                ">",
                ">",
                ">",
                ">",
                ">",
                ">",
                ">",
                ">",
                ">",
                ">",
                ">",
                ">",
                ">",
                ">",
                ">",
                ">",
                ">",
                ">",
                ">",
                ">",
                ">",
                ">",
                ">",
                ">",
                ">",
                ">",
                ">",
                ">",
                ">",
                ">",
                ">",
                ">",
                ">",
                ">",
                ">",
                ">",
                ">",
                ">",
                ">",
                ">",
                ">",
                ">",
                ">",
                ">",
                ">",
                ">",
                ">",
                ">",
                ">",
                ">"
            ],
            "execution_output": "4",
            "cerberus_output": "",
            "execution_result": ""
        },
        {
            "test_case": [
                "Test Case Input:\n5\n4\n10\n1\n2\n3\n4\n5\n6\n7\n8\n9"
            ],
            "test_mutations": [
                "Test Case Input:\n5\n4\n10\n1\n2\n3\n4\n5\n6\n7\n8\n9"
            ],
            "initial_code": "class Main {\n\tpublic static void main(String[] args) {\n\t\tScanner sc=new Scanner(System.in);\n\t\tint n=sc.nextInt();\n\t\tint m=sc.nextInt();\n\t\tint k=sc.nextInt();\n\t\tint count=0;\n\t\tlong sum=0;\n\t\tint a[]=new int[n];\n\t\tint b[]=new int[m];\n\t\tfor(int i=0;i<n;i++)\n\t\t{\n\t\t\ta[i]=sc.nextInt();\n\t\t}\n\t\tfor(int j=0;j<m;j++)\n\t\t{\n\t\t\tb[j]=sc.nextInt();\n\t\t}\n\t\tint dp[][]=new int[n+1][m+1];\n\t\tfor(int j[]:dp)\n\t\t{\n\t\t\tArrays.fill(j,-1);\n\t\t}\n\t\tSystem.out.println(solve(a,b,0,0,k,0,dp));\n\t}\n\tpublic static int solve(int a[],int b[],int i,int j,int k,long sum,int dp[][])\n\t{\n\t\tif(dp[i][j]!=-1)\n\t\t{\n\t\t\treturn -1;\n\t\t}\n\t\tif(sum>k)\n\t\t{\n\t\t\treturn -1;\n\t\t}\n\t\tif(sum==k)\n\t\t{\n\t\t\treturn 0;\n\t\t}\n\t\tif(i>=a.length && j>=b.length)\n\t\t{\n\t\t\treturn 0;\n\t\t}\n\t\tint option1=0;\n\t\tint option2=0;\n\t\tif(i<a.length)\n\t\t{\n\t\t\toption1=1+solve(a,b,i+1,j,k,sum+a[i],dp);\n\t\t}\n\t\tif(j<b.length)\n\t\t{\n\t\t\toption2=1+solve(a,b,i,j+1,k,sum+b[j],dp);\n\t\t}\n\t\treturn dp[i][j]=Math.max(option1,option2);\n\t}\n}",
            "covered_code": "To predict the code coverage for the provided Java program, let's analyze it step by step according to the plan.\n\n**Test Case Input:**\n```\n5\n4\n10\n1\n2\n3\n4\n5\n6\n7\n8\n9\n```\n\n**Java Program:**\n```java\nclass Main { // Always executed\n\tpublic static void main(String[] args) { // Always executed\n\t\tScanner sc=new Scanner(System.in); // Executed\n\t\tint n=sc.nextInt(); // Executed: n=5\n\t\tint m=sc.nextInt(); // Executed: m=4\n\t\tint k=sc.nextInt(); // Executed: k=10\n\t\tint count=0; // Executed\n\t\tlong sum=0; // Executed\n\t\tint a[]=new int[n]; // Executed\n\t\tint b[]=new int[m]; // Executed\n\t\tfor(int i=0;i<n;i++) // Executed n times\n\t\t{\n\t\t\ta[i]=sc.nextInt(); // Executed: Reads [1, 2, 3, 4, 5]\n\t\t}\n\t\tfor(int j=0;j<m;j++) // Executed m times\n\t\t{\n\t\t\tb[j]=sc.nextInt(); // Executed: Reads [6, 7, 8, 9]\n\t\t}\n\t\tint dp[][]=new int[n+1][m+1]; // Executed\n\t\tfor(int j[]:dp) // Executed\n\t\t{\n\t\t\tArrays.fill(j,-1); // Executed for each row in dp\n\t\t}\n\t\tSystem.out.println(solve(a,b,0,0,k,0,dp)); // Executed, calls solve method\n\t}\n\tpublic static int solve(int a[],int b[],int i,int j,int k,long sum,int dp[][]) // Executed, recursive calls\n\t{\n\t\tif(dp[i][j]!=-1) // Executed, checks if the value is already computed\n\t\t{\n\t\t\treturn -1; // Might be executed, depends on recursion\n\t\t}\n\t\tif(sum>k) // Executed, checks if sum exceeds k\n\t\t{\n\t\t\treturn -1; // Might be executed, depends on sum and k\n\t\t}\n\t\tif(sum==k) // Executed, checks if sum equals k\n\t\t{\n\t\t\treturn 0; // Might be executed, depends on sum and k\n\t\t}\n\t\tif(i>=a.length && j>=b.length) // Executed, checks boundaries\n\t\t{\n\t\t\treturn 0; // Might be executed, if both arrays are fully traversed\n\t\t}\n\t\tint option1=0; // Executed\n\t\tint option2=0; // Executed\n\t\tif(i<a.length) // Executed, checks if more elements in a[]\n\t\t{\n\t\t\toption1=1+solve(a,b,i+1,j,k,sum+a[i],dp); // Executed, recursive call\n\t\t}\n\t\tif(j<b.length) // Executed, checks if more elements in b[]\n\t\t{\n\t\t\toption2=1+solve(a,b,i,j+1,k,sum+b[j],dp); // Executed, recursive call\n\t\t}\n\t\treturn dp[i][j]=Math.max(option1,option2); // Executed, sets max of options in dp and returns\n\t}\n}\n```\n\n**Code Coverage Prediction:**\n- All the statements outside the `solve` method are executed at least once due to the inputs provided.\n- Within the `solve` method, all statements are executed; however, the outcome of conditional checks (`if` statements) depends on the recursion flow and inputs, but since we're calling this method with initial parameters that lead to recursive exploration, all paths within these conditions are likely to be explored as well.\n- Given the nature of the problem (trying to find a sum of elements from two arrays equal to `k`), and since the recursive function explores all possible sums, it's expected that all parts of the `solve` function get executed at some point, including the memoization part (`dp`) and base cases.\n\nThus, assuming the `solve` method explores all possible paths due to the recursive nature and inputs provided, the code coverage should indicate that all statements are executed. However, specific lines within the `solve` method related to returning `-1` and setting `dp[i][j]` might have conditional coverage depending on the actual recursion path and how the memoization table (`dp`) affects the flow.\n\n**Code Coverage:**\n```\n> class Main {\n> \tpublic static void main(String[] args) {\n> \t\tScanner sc=new Scanner(System.in);\n> \t\tint n=sc.nextInt();\n> \t\tint m=sc.nextInt();\n> \t\tint k=sc.nextInt();\n> \t\tint count=0;\n> \t\tlong sum=0;\n> \t\tint a[]=new int[n];\n> \t\tint b[]=new int[m];\n> \t\tfor(int i=0;i<n;i++)\n> \t\t{\n> \t\t\ta[i]=sc.nextInt();\n> \t\t}\n> \t\tfor(int j=0;j<m;j++)\n> \t\t{\n> \t\t\tb[j]=sc.nextInt();\n> \t\t}\n> \t\tint dp[][]=new int[n+1][m+1];\n> \t\tfor(int j[]:dp)\n> \t\t{\n> \t\t\tArrays.fill(j,-1);\n> \t\t}\n> \t\tSystem.out.println(solve(a,b,0,0,k,0,dp));\n> \t}\n> \tpublic static int solve(int a[],int b[],int i,int j,int k,long sum,int dp[][])\n> \t{\n> \t\tif(dp[i][j]!=-1)\n> \t\t{\n> \t\t\treturn -1;\n> \t\t}\n> \t\tif(sum>k)\n> \t\t{\n> \t\t\treturn -1;\n> \t\t}\n> \t\tif(sum==k)\n> \t\t{\n> \t\t\treturn 0;\n> \t\t}\n> \t\tif(i>=a.length && j>=b.length)\n> \t\t{\n> \t\t\treturn 0;\n> \t\t}\n> \t\tint option1=0;\n> \t\tint option2=0;\n> \t\tif(i<a.length)\n> \t\t{\n> \t\t\toption1=1+solve(a,b,i+1,j,k,sum+a[i],dp);\n> \t\t}\n> \t\tif(j<b.length)\n> \t\t{\n> \t\t\toption2=1+solve(a,b,i,j+1,k,sum+b[j],dp);\n> \t\t}\n> \t\treturn dp[i][j]=Math.max(option1,option2);\n> \t}\n> }\n```\nThis indicates that, theoretically, all lines should be executed given the nature of the inputs and the recursive exploration of the `solve` method.",
            "test_seed_coverage": [
                ">",
                ">",
                ">",
                ">",
                ">",
                ">",
                ">",
                ">",
                ">",
                ">",
                ">",
                ">",
                ">",
                ">",
                ">",
                ">",
                ">",
                ">",
                ">",
                ">",
                ">",
                ">",
                ">",
                ">",
                ">",
                ">",
                ">",
                ">",
                ">",
                ">",
                ">",
                ">",
                ">",
                ">",
                ">",
                ">",
                ">",
                ">",
                ">",
                ">",
                ">",
                ">",
                ">",
                ">",
                ">",
                ">",
                ">",
                ">",
                ">",
                ">",
                ">",
                ">",
                ">",
                ">",
                ">",
                ">"
            ],
            "cumulative_coverage": [
                ">",
                ">",
                ">",
                ">",
                ">",
                ">",
                ">",
                ">",
                ">",
                ">",
                ">",
                ">",
                ">",
                ">",
                ">",
                ">",
                ">",
                ">",
                ">",
                ">",
                ">",
                ">",
                ">",
                ">",
                ">",
                ">",
                ">",
                ">",
                ">",
                ">",
                ">",
                ">",
                ">",
                ">",
                ">",
                ">",
                ">",
                ">",
                ">",
                ">",
                ">",
                ">",
                ">",
                ">",
                ">",
                ">",
                ">",
                ">",
                ">",
                ">",
                ">",
                ">",
                ">",
                ">",
                ">",
                ">"
            ],
            "execution_output": "4",
            "cerberus_output": "",
            "execution_result": ""
        },
        {
            "test_case": [
                "Test Case Input:\n5\n3\n10\n1 2 3 4 5\n6 7 8"
            ],
            "test_mutations": [
                "Test Case Input:\n5\n3\n10\n1 2 3 4 5\n6 7 8"
            ],
            "initial_code": "class Main {\n\tpublic static void main(String[] args) {\n\t\tScanner sc=new Scanner(System.in);\n\t\tint n=sc.nextInt();\n\t\tint m=sc.nextInt();\n\t\tint k=sc.nextInt();\n\t\tint count=0;\n\t\tlong sum=0;\n\t\tint a[]=new int[n];\n\t\tint b[]=new int[m];\n\t\tfor(int i=0;i<n;i++)\n\t\t{\n\t\t\ta[i]=sc.nextInt();\n\t\t}\n\t\tfor(int j=0;j<m;j++)\n\t\t{\n\t\t\tb[j]=sc.nextInt();\n\t\t}\n\t\tint dp[][]=new int[n+1][m+1];\n\t\tfor(int j[]:dp)\n\t\t{\n\t\t\tArrays.fill(j,-1);\n\t\t}\n\t\tSystem.out.println(solve(a,b,0,0,k,0,dp));\n\t}\n\tpublic static int solve(int a[],int b[],int i,int j,int k,long sum,int dp[][])\n\t{\n\t\tif(dp[i][j]!=-1)\n\t\t{\n\t\t\treturn -1;\n\t\t}\n\t\tif(sum>k)\n\t\t{\n\t\t\treturn -1;\n\t\t}\n\t\tif(sum==k)\n\t\t{\n\t\t\treturn 0;\n\t\t}\n\t\tif(i>=a.length && j>=b.length)\n\t\t{\n\t\t\treturn 0;\n\t\t}\n\t\tint option1=0;\n\t\tint option2=0;\n\t\tif(i<a.length)\n\t\t{\n\t\t\toption1=1+solve(a,b,i+1,j,k,sum+a[i],dp);\n\t\t}\n\t\tif(j<b.length)\n\t\t{\n\t\t\toption2=1+solve(a,b,i,j+1,k,sum+b[j],dp);\n\t\t}\n\t\treturn dp[i][j]=Math.max(option1,option2);\n\t}\n}",
            "covered_code": "Given the provided Java program and test case input, let's create a step-by-step plan to predict code coverage:\n\n1. **Main Class Declaration**: Always executed. Statement `class Main {` is covered.\n2. **Main Method Declaration**: Always executed. Statement `public static void main(String[] args) {` is covered.\n3. **Variable Initialization and Input Reading**: Statements to read values of `n`, `m`, `k`, initialize `count` and `sum`, and to create arrays `a` and `b` are always executed.\n4. **First For Loop**: The first `for` loop to read values into array `a` will be executed as per the size `n`.\n5. **Second For Loop**: The second `for` loop to read values into array `b` will be executed as per the size `m`.\n6. **DP Array Initialization and Fill**: The DP array `dp` initialization and filling each row with `-1` using `Arrays.fill()` will be executed.\n7. **System.out.println Call**: The call to `System.out.println(solve(...));` to print the result of the `solve` method is executed.\n8. **Solve Method Declaration**: Always executed when called. The recursive method `solve(...)` declaration is covered.\n9. **DP Array Check**: Since the DP array is initially filled with `-1`, the condition `if(dp[i][j] != -1)` is not satisfied initially.\n10. **Sum Condition Checks**: The conditions `if(sum > k)` and `if(sum == k)` will be checked during the recursive calls.\n11. **Base Case Check**: The condition to check if `i` and `j` have surpassed their respective array lengths will be executed.\n12. **Recursive Calls**: Recursive calls in `solve` method to explore options by either including an element from `a` or `b` will be executed.\n13. **DP Array Update**: The DP array is updated with the result before returning.\n\nThe input provided does not suggest any exceptions or cases where parts of the code would be skipped without execution, assuming the input is valid and conforms to the expected format. Based on the plan, here is the predicted code coverage:\n\n```\n> class Main {\n> \tpublic static void main(String[] args) {\n> \t\tScanner sc=new Scanner(System.in);\n> \t\tint n=sc.nextInt();\n> \t\tint m=sc.nextInt();\n> \t\tint k=sc.nextInt();\n> \t\tint count=0;\n> \t\tlong sum=0;\n> \t\tint a[]=new int[n];\n> \t\tint b[]=new int[m];\n> \t\tfor(int i=0;i<n;i++)\n> \t\t{\n> \t\t\ta[i]=sc.nextInt();\n> \t\t}\n> \t\tfor(int j=0;j<m;j++)\n> \t\t{\n> \t\t\tb[j]=sc.nextInt();\n> \t\t}\n> \t\tint dp[][]=new int[n+1][m+1];\n> \t\tfor(int j[]:dp)\n> \t\t{\n> \t\t\tArrays.fill(j,-1);\n> \t\t}\n> \t\tSystem.out.println(solve(a,b,0,0,k,0,dp));\n> \t}\n> \tpublic static int solve(int a[],int b[],int i,int j,int k,long sum,int dp[][])\n> \t{\n> \t\tif(dp[i][j]!=-1)\n> \t\t{\n> \t\t\treturn -1;\n> \t\t}\n> \t\tif(sum>k)\n> \t\t{\n> \t\t\treturn -1;\n> \t\t}\n> \t\tif(sum==k)\n> \t\t{\n> \t\t\treturn 0;\n> \t\t}\n> \t\tif(i>=a.length && j>=b.length)\n> \t\t{\n> \t\t\treturn 0;\n> \t\t}\n> \t\tint option1=0;\n> \t\tint option2=0;\n> \t\tif(i<a.length)\n> \t\t{\n> \t\t\toption1=1+solve(a,b,i+1,j,k,sum+a[i],dp);\n> \t\t}\n> \t\tif(j<b.length)\n> \t\t{\n> \t\t\toption2=1+solve(a,b,i,j+1,k,sum+b[j],dp);\n> \t\t}\n> \t\treturn dp[i][j]=Math.max(option1,option2);\n> \t}\n> }\n```\n\nAll statements in the provided Java program are expected to be executed given the test case input, assuming proper input format and no runtime exceptions occur due to external factors (e.g., out-of-bounds errors or incorrect input format).",
            "test_seed_coverage": [
                ">",
                ">",
                ">",
                ">",
                ">",
                ">",
                ">",
                ">",
                ">",
                ">",
                ">",
                ">",
                ">",
                ">",
                ">",
                ">",
                ">",
                ">",
                ">",
                ">",
                ">",
                ">",
                ">",
                ">",
                ">",
                ">",
                ">",
                ">",
                ">",
                ">",
                ">",
                ">",
                ">",
                ">",
                ">",
                ">",
                ">",
                ">",
                ">",
                ">",
                ">",
                ">",
                ">",
                ">",
                ">",
                ">",
                ">",
                ">",
                ">",
                ">",
                ">",
                ">",
                ">",
                ">",
                ">",
                ">"
            ],
            "cumulative_coverage": [
                ">",
                ">",
                ">",
                ">",
                ">",
                ">",
                ">",
                ">",
                ">",
                ">",
                ">",
                ">",
                ">",
                ">",
                ">",
                ">",
                ">",
                ">",
                ">",
                ">",
                ">",
                ">",
                ">",
                ">",
                ">",
                ">",
                ">",
                ">",
                ">",
                ">",
                ">",
                ">",
                ">",
                ">",
                ">",
                ">",
                ">",
                ">",
                ">",
                ">",
                ">",
                ">",
                ">",
                ">",
                ">",
                ">",
                ">",
                ">",
                ">",
                ">",
                ">",
                ">",
                ">",
                ">",
                ">",
                ">"
            ],
            "execution_output": "4",
            "cerberus_output": "",
            "execution_result": ""
        },
        {
            "test_case": [
                "Test Case Input:\n1\n2\n3\n4\n5\n6\n7\n8\n9\n10"
            ],
            "test_mutations": [
                "Test Case Input:\n1\n2\n3\n4\n5\n6\n7\n8\n9\n10"
            ],
            "initial_code": "class Main {\n\tpublic static void main(String[] args) {\n\t\tScanner sc=new Scanner(System.in);\n\t\tint n=sc.nextInt();\n\t\tint m=sc.nextInt();\n\t\tint k=sc.nextInt();\n\t\tint count=0;\n\t\tlong sum=0;\n\t\tint a[]=new int[n];\n\t\tint b[]=new int[m];\n\t\tfor(int i=0;i<n;i++)\n\t\t{\n\t\t\ta[i]=sc.nextInt();\n\t\t}\n\t\tfor(int j=0;j<m;j++)\n\t\t{\n\t\t\tb[j]=sc.nextInt();\n\t\t}\n\t\tint dp[][]=new int[n+1][m+1];\n\t\tfor(int j[]:dp)\n\t\t{\n\t\t\tArrays.fill(j,-1);\n\t\t}\n\t\tSystem.out.println(solve(a,b,0,0,k,0,dp));\n\t}\n\tpublic static int solve(int a[],int b[],int i,int j,int k,long sum,int dp[][])\n\t{\n\t\tif(dp[i][j]!=-1)\n\t\t{\n\t\t\treturn -1;\n\t\t}\n\t\tif(sum>k)\n\t\t{\n\t\t\treturn -1;\n\t\t}\n\t\tif(sum==k)\n\t\t{\n\t\t\treturn 0;\n\t\t}\n\t\tif(i>=a.length && j>=b.length)\n\t\t{\n\t\t\treturn 0;\n\t\t}\n\t\tint option1=0;\n\t\tint option2=0;\n\t\tif(i<a.length)\n\t\t{\n\t\t\toption1=1+solve(a,b,i+1,j,k,sum+a[i],dp);\n\t\t}\n\t\tif(j<b.length)\n\t\t{\n\t\t\toption2=1+solve(a,b,i,j+1,k,sum+b[j],dp);\n\t\t}\n\t\treturn dp[i][j]=Math.max(option1,option2);\n\t}\n}",
            "covered_code": "Given this problem, let's develop a plan and predict the code coverage according to the step-by-step execution with the provided test case input. \n\n**Test Case Input:** `1 2 3 4 5 6 7 8 9 10`\n\n**Plan for step by step execution:**\n\n1. **Import statements:** If there were any import statements necessary for Scanner and Arrays to work, such as `import java.util.Scanner;` and `import java.util.Arrays;`, they would always be executed. However, these are not explicitly mentioned in the snippet but are assumed to be there for execution.\n\n2. **Class Declaration:** Always executed. The statement `class Main {` is covered.\n\n3. **Main method declaration:** Always executed. The statement `public static void main(String[] args) {` is covered.\n\n4. **Variable Initialization and Scanner Input:** The statements initializing the Scanner and reading inputs `n`, `m`, and `k` are executed as they are part of the setup for the rest of the program. Hence, statements `Scanner sc=new Scanner(System.in);` through `int k=sc.nextInt();` are covered.\n\n5. **Array Initialization and Population:** The loops initializing arrays `a[]` and `b[]` with inputs are executed. Hence, the statements inside these loops are covered.\n\n6. **DP (Dynamic Programming) Array Initialization:** The statement initializing the DP array `int dp[][]=new int[n+1][m+1];` and the loop filling this array with `-1` using `Arrays.fill(j,-1);` are executed.\n\n7. **Recursive Method Call:** The statement `System.out.println(solve(a,b,0,0,k,0,dp));` is executed, which involves calling the recursive method `solve`.\n\n8. **Recursive Method Execution:** The `solve` method is complex due to its recursive nature and conditional statements. However, based on the inputs, all parts of this method are expected to be executed at some point during recursion, except for specific base cases and conditions that might not be met depending on the input values. \n\n9. **Base Cases and Recursion:** The base cases inside the `solve` method and the recursive calls are executed depending on the provided inputs and the state of recursion.\n\nGiven the nature of recursion and dynamic programming, predicting exact coverage without running the code can be complex due to the dependencies on inputs and the state of the `dp` array. For simplicity, let's focus on the main elements expected to be covered:\n\n```\n> class Main {\n>     public static void main(String[] args) {\n>         Scanner sc=new Scanner(System.in);\n>         int n=sc.nextInt();\n>         int m=sc.nextInt();\n>         int k=sc.nextInt();\n>         int count=0;\n>         long sum=0;\n>         int a[]=new int[n];\n>         int b[]=new int[m];\n>         for(int i=0;i<n;i++)\n>         {\n>             a[i]=sc.nextInt();\n>         }\n>         for(int j=0;j<m;j++)\n>         {\n>             b[j]=sc.nextInt();\n>         }\n>         int dp[][]=new int[n+1][m+1];\n>         for(int j[]:dp)\n>         {\n>             Arrays.fill(j,-1);\n>         }\n>         System.out.println(solve(a,b,0,0,k,0,dp));\n>     }\n>     public static int solve(int a[],int b[],int i,int j,int k,long sum,int dp[][])\n>     {\n>         if(dp[i][j]!=-1)\n>         {\n>             return -1;\n>         }\n>         if(sum>k)\n>         {\n>             return -1;\n>         }\n>         if(sum==k)\n>         {\n>             return 0;\n>         }\n>         if(i>=a.length && j>=b.length)\n>         {\n>             return 0;\n>         }\n>         int option1=0;\n>         int option2=0;\n>         if(i<a.length)\n>         {\n>             option1=1+solve(a,b,i+1,j,k,sum+a[i],dp);\n>         }\n>         if(j<b.length)\n>         {\n>             option2=1+solve(a,b,i,j+1,k,sum+b[j],dp);\n>         }\n>         return dp[i][j]=Math.max(option1,option2);\n>     }\n> }\n```\n\nSince the code involves recursion and dynamic programming, all statements in the `solve` function are expected to be executed at least once during the recursive calls, except for conditions that are immediately returned due to the nature of dynamic programming (such as cache hits in the `dp` array). However, the specific execution path within the `solve` method heavily depends on the inputs and the dynamic progression of the algorithm.",
            "test_seed_coverage": [
                ">",
                ">",
                ">",
                ">",
                ">",
                ">",
                ">",
                ">",
                ">",
                ">",
                ">",
                ">",
                ">",
                ">",
                ">",
                ">",
                ">",
                ">",
                ">",
                ">",
                ">",
                ">",
                ">",
                ">",
                ">",
                ">",
                ">",
                ">",
                ">",
                ">",
                ">",
                ">",
                ">",
                ">",
                ">",
                ">",
                ">",
                ">",
                ">",
                ">",
                ">",
                ">",
                ">",
                ">",
                ">",
                ">",
                ">",
                ">",
                ">",
                ">",
                ">",
                ">",
                ">",
                ">",
                ">",
                ">"
            ],
            "cumulative_coverage": [
                ">",
                ">",
                ">",
                ">",
                ">",
                ">",
                ">",
                ">",
                ">",
                ">",
                ">",
                ">",
                ">",
                ">",
                ">",
                ">",
                ">",
                ">",
                ">",
                ">",
                ">",
                ">",
                ">",
                ">",
                ">",
                ">",
                ">",
                ">",
                ">",
                ">",
                ">",
                ">",
                ">",
                ">",
                ">",
                ">",
                ">",
                ">",
                ">",
                ">",
                ">",
                ">",
                ">",
                ">",
                ">",
                ">",
                ">",
                ">",
                ">",
                ">",
                ">",
                ">",
                ">",
                ">",
                ">",
                ">"
            ],
            "execution_output": "0",
            "cerberus_output": "",
            "execution_result": ""
        },
        {
            "test_case": [
                "Test Case Input:\n5\n3\n10\n1 2 3 4 5\n6 7 8"
            ],
            "test_mutations": [
                "Test Case Input:\n5\n3\n10\n1 2 3 4 5\n6 7 8"
            ],
            "initial_code": "class Main {\n\tpublic static void main(String[] args) {\n\t\tScanner sc=new Scanner(System.in);\n\t\tint n=sc.nextInt();\n\t\tint m=sc.nextInt();\n\t\tint k=sc.nextInt();\n\t\tint count=0;\n\t\tlong sum=0;\n\t\tint a[]=new int[n];\n\t\tint b[]=new int[m];\n\t\tfor(int i=0;i<n;i++)\n\t\t{\n\t\t\ta[i]=sc.nextInt();\n\t\t}\n\t\tfor(int j=0;j<m;j++)\n\t\t{\n\t\t\tb[j]=sc.nextInt();\n\t\t}\n\t\tint dp[][]=new int[n+1][m+1];\n\t\tfor(int j[]:dp)\n\t\t{\n\t\t\tArrays.fill(j,-1);\n\t\t}\n\t\tSystem.out.println(solve(a,b,0,0,k,0,dp));\n\t}\n\tpublic static int solve(int a[],int b[],int i,int j,int k,long sum,int dp[][])\n\t{\n\t\tif(dp[i][j]!=-1)\n\t\t{\n\t\t\treturn -1;\n\t\t}\n\t\tif(sum>k)\n\t\t{\n\t\t\treturn -1;\n\t\t}\n\t\tif(sum==k)\n\t\t{\n\t\t\treturn 0;\n\t\t}\n\t\tif(i>=a.length && j>=b.length)\n\t\t{\n\t\t\treturn 0;\n\t\t}\n\t\tint option1=0;\n\t\tint option2=0;\n\t\tif(i<a.length)\n\t\t{\n\t\t\toption1=1+solve(a,b,i+1,j,k,sum+a[i],dp);\n\t\t}\n\t\tif(j<b.length)\n\t\t{\n\t\t\toption2=1+solve(a,b,i,j+1,k,sum+b[j],dp);\n\t\t}\n\t\treturn dp[i][j]=Math.max(option1,option2);\n\t}\n}",
            "covered_code": "To predict the code coverage for the provided Java program with the given test input, we follow a structured plan similar to the one outlined in your example. Let's break down the execution step by step:\n\n**Plan for Step by Step Execution:**\n\n1. **Class Declaration:** Statement \"class Main {\" is always executed.\n\n2. **Main Method Declaration:** Statement \"public static void main(String[] args) {\" is always executed.\n\n3. **Variable Initialization and Input Reading:** Statements to read inputs \"int n=sc.nextInt(); int m=sc.nextInt(); int k=sc.nextInt();\" are executed since they are necessary to proceed with the logic.\n\n4. **Array Initialization:** Statements to initialize arrays \"int a[]=new int[n];\" and \"int b[]=new int[m];\" are executed.\n\n5. **First for loop for Array 'a':** Since 'n' is specified in the input, this loop \"for(int i=0;i<n;i++) { a[i]=sc.nextInt(); }\" is executed to fill array 'a'.\n\n6. **Second for loop for Array 'b':** Similarly, this loop \"for(int j=0;j<m;j++) { b[j]=sc.nextInt(); }\" is executed to fill array 'b'.\n\n7. **DP Array Initialization and Filling:** Statement \"int dp[][]=new int[n+1][m+1];\" and the loop to fill dp array with -1 are executed.\n\n8. **Calling solve Method:** The call to \"solve(a,b,0,0,k,0,dp);\" is executed.\n\n9. **Solve Method Declaration:** Statement \"public static int solve(int a[], int b[], int i, int j, int k, long sum, int dp[][]) {\" is executed.\n\n10. **Base Cases in solve Method:** All the base case checks within the solve method are executed, including the checks for dp[i][j] != -1, sum > k, sum == k, and i >= a.length && j >= b.length.\n\n11. **Recursive Calls in solve Method:** Recursive calls to solve method \"option1=1+solve(a,b,i+1,j,k,sum+a[i],dp);\" and \"option2=1+solve(a,b,i,j+1,k,sum+b[j],dp);\" are conditionally executed based on the values of 'i' and 'j'.\n\n12. **Return Statement in solve Method:** The return statement \"return dp[i][j]=Math.max(option1,option2);\" is executed.\n\n**Predicted Code Coverage:**\n\n> class Main {\n>     public static void main(String[] args) {\n>         Scanner sc=new Scanner(System.in);\n>         int n=sc.nextInt();\n>         int m=sc.nextInt();\n>         int k=sc.nextInt();\n>         int count=0;\n>         long sum=0;\n>         int a[]=new int[n];\n>         int b[]=new int[m];\n>         for(int i=0;i<n;i++) {\n>             a[i]=sc.nextInt();\n>         }\n>         for(int j=0;j<m;j++) {\n>             b[j]=sc.nextInt();\n>         }\n>         int dp[][]=new int[n+1][m+1];\n>         for(int j[]:dp) {\n>             Arrays.fill(j,-1);\n>         }\n>         System.out.println(solve(a,b,0,0,k,0,dp));\n>     }\n>     public static int solve(int a[],int b[],int i,int j,int k,long sum,int dp[][]) {\n>         if(dp[i][j]!=-1) {\n>             return -1;\n>         }\n>         if(sum>k) {\n>             return -1;\n>         }\n>         if(sum==k) {\n>             return 0;\n>         }\n>         if(i>=a.length && j>=b.length) {\n>             return 0;\n>         }\n>         int option1=0;\n>         int option2=0;\n>         if(i<a.length) {\n>             option1=1+solve(a,b,i+1,j,k,sum+a[i],dp);\n>         }\n>         if(j<b.length) {\n>             option2=1+solve(a,b,i,j+1,k,sum+b[j],dp);\n>         }\n>         return dp[i][j]=Math.max(option1,option2);\n>     }\n> }\n\nThis plan assumes that the provided input is correctly formatted and that the Java program contains all necessary import statements (such as `import java.util.Scanner;` and `import java.util.Arrays;`) that were not included in the original code snippet.",
            "test_seed_coverage": [
                ">",
                ">",
                ">",
                ">",
                ">",
                ">",
                ">",
                ">",
                ">",
                ">",
                ">",
                ">",
                ">",
                ">",
                ">",
                ">",
                ">",
                ">",
                ">",
                ">",
                ">",
                ">",
                ">",
                ">",
                ">",
                ">",
                ">",
                ">",
                ">",
                ">",
                ">",
                ">",
                ">",
                ">",
                ">",
                ">",
                ">",
                ">",
                ">",
                ">",
                ">",
                ">",
                ">",
                ">",
                ">",
                ">",
                ">",
                ">",
                ">",
                ">",
                ">",
                ">",
                ">",
                ">",
                ">",
                ">"
            ],
            "cumulative_coverage": [
                ">",
                ">",
                ">",
                ">",
                ">",
                ">",
                ">",
                ">",
                ">",
                ">",
                ">",
                ">",
                ">",
                ">",
                ">",
                ">",
                ">",
                ">",
                ">",
                ">",
                ">",
                ">",
                ">",
                ">",
                ">",
                ">",
                ">",
                ">",
                ">",
                ">",
                ">",
                ">",
                ">",
                ">",
                ">",
                ">",
                ">",
                ">",
                ">",
                ">",
                ">",
                ">",
                ">",
                ">",
                ">",
                ">",
                ">",
                ">",
                ">",
                ">",
                ">",
                ">",
                ">",
                ">",
                ">",
                ">"
            ],
            "execution_output": "4",
            "cerberus_output": "",
            "execution_result": ""
        },
        {
            "test_case": [
                "Test Case Input:\n5\n4\n10\n1\n2\n3\n4\n5\n6\n7\n8\n9\n10\n11\n12\n13\n14\n15"
            ],
            "test_mutations": [
                "Test Case Input:\n5\n4\n10\n1\n2\n3\n4\n5\n6\n7\n8\n9\n10\n11\n12\n13\n14\n15"
            ],
            "initial_code": "class Main {\n\tpublic static void main(String[] args) {\n\t\tScanner sc=new Scanner(System.in);\n\t\tint n=sc.nextInt();\n\t\tint m=sc.nextInt();\n\t\tint k=sc.nextInt();\n\t\tint count=0;\n\t\tlong sum=0;\n\t\tint a[]=new int[n];\n\t\tint b[]=new int[m];\n\t\tfor(int i=0;i<n;i++)\n\t\t{\n\t\t\ta[i]=sc.nextInt();\n\t\t}\n\t\tfor(int j=0;j<m;j++)\n\t\t{\n\t\t\tb[j]=sc.nextInt();\n\t\t}\n\t\tint dp[][]=new int[n+1][m+1];\n\t\tfor(int j[]:dp)\n\t\t{\n\t\t\tArrays.fill(j,-1);\n\t\t}\n\t\tSystem.out.println(solve(a,b,0,0,k,0,dp));\n\t}\n\tpublic static int solve(int a[],int b[],int i,int j,int k,long sum,int dp[][])\n\t{\n\t\tif(dp[i][j]!=-1)\n\t\t{\n\t\t\treturn -1;\n\t\t}\n\t\tif(sum>k)\n\t\t{\n\t\t\treturn -1;\n\t\t}\n\t\tif(sum==k)\n\t\t{\n\t\t\treturn 0;\n\t\t}\n\t\tif(i>=a.length && j>=b.length)\n\t\t{\n\t\t\treturn 0;\n\t\t}\n\t\tint option1=0;\n\t\tint option2=0;\n\t\tif(i<a.length)\n\t\t{\n\t\t\toption1=1+solve(a,b,i+1,j,k,sum+a[i],dp);\n\t\t}\n\t\tif(j<b.length)\n\t\t{\n\t\t\toption2=1+solve(a,b,i,j+1,k,sum+b[j],dp);\n\t\t}\n\t\treturn dp[i][j]=Math.max(option1,option2);\n\t}\n}",
            "covered_code": "To predict the code coverage for the given Java program with the specified test inputs, let's create a plan for step-by-step execution:\n\n**Test Case Input:**\n5 4 10 1 2 3 4 5 6 7 8 9 10 11 12 13 14 15\n\n**PLAN:**\n\n1. **Program Start:** Execution begins with the `main` method.\n   \n2. **Variable Initialization:** Statements initializing `n`, `m`, `k`, `count`, and `sum` variables are executed as they are at the start of the `main` method.\n\n3. **Array Initialization:** Statements initializing arrays `a[]` and `b[]` are executed.\n\n4. **Filling Arrays:** The loops to fill `a[]` and `b[]` arrays are executed.\n\n5. **DP Array Initialization and Filling:** DP array `dp[][]` is initialized and filled with `-1` using a loop.\n\n6. **Solve Method Call:** The `solve` method is called.\n\n7. **Solve Method Execution:**\n   - Base cases in the `solve` method (`dp[i][j] != -1`, `sum > k`, `sum == k`, and `i >= a.length && j >= b.length`) are checked.\n   - Recursive calls to explore both options (taking from `a[]` and `b[]`) are made.\n   - DP table is updated with the result.\n\nGiven this plan, let's predict the code coverage:\n\n```\n> class Main {\n> \tpublic static void main(String[] args) {\n> \t\tScanner sc=new Scanner(System.in);\n> \t\tint n=sc.nextInt();\n> \t\tint m=sc.nextInt();\n> \t\tint k=sc.nextInt();\n> \t\tint count=0;\n> \t\tlong sum=0;\n> \t\tint a[]=new int[n];\n> \t\tint b[]=new int[m];\n> \t\tfor(int i=0;i<n;i++)\n> \t\t{\n> \t\t\ta[i]=sc.nextInt();\n> \t\t}\n> \t\tfor(int j=0;j<m;j++)\n> \t\t{\n> \t\t\tb[j]=sc.nextInt();\n> \t\t}\n> \t\tint dp[][]=new int[n+1][m+1];\n> \t\tfor(int j[]:dp)\n> \t\t{\n> \t\t\tArrays.fill(j,-1);\n> \t\t}\n> \t\tSystem.out.println(solve(a,b,0,0,k,0,dp));\n> \t}\n> \tpublic static int solve(int a[],int b[],int i,int j,int k,long sum,int dp[][])\n> \t{\n> \t\tif(dp[i][j]!=-1)\n> \t\t{\n> \t\t\treturn -1;\n> \t\t}\n> \t\tif(sum>k)\n> \t\t{\n> \t\t\treturn -1;\n> \t\t}\n> \t\tif(sum==k)\n> \t\t{\n> \t\t\treturn 0;\n> \t\t}\n> \t\tif(i>=a.length && j>=b.length)\n> \t\t{\n> \t\t\treturn 0;\n> \t\t}\n> \t\tint option1=0;\n> \t\tint option2=0;\n> \t\tif(i<a.length)\n> \t\t{\n> \t\t\toption1=1+solve(a,b,i+1,j,k,sum+a[i],dp);\n> \t\t}\n> \t\tif(j<b.length)\n> \t\t{\n> \t\t\toption2=1+solve(a,b,i,j+1,k,sum+b[j],dp);\n> \t\t}\n> \t\treturn dp[i][j]=Math.max(option1,option2);\n> \t}\n> }\n```\n\n**Code Coverage:**\nBased on the plan and the given inputs, it's expected that all statements in the program are executed at least once during the recursive exploration in the `solve` method. This includes initialization, filling arrays, and recursive calls to find the solution. The coverage is comprehensive due to the recursive nature of the `solve` method, which explores different paths based on the inputs and the dynamic programming array updates.",
            "test_seed_coverage": [
                ">",
                ">",
                ">",
                ">",
                ">",
                ">",
                ">",
                ">",
                ">",
                ">",
                ">",
                ">",
                ">",
                ">",
                ">",
                ">",
                ">",
                ">",
                ">",
                ">",
                ">",
                ">",
                ">",
                ">",
                ">",
                ">",
                ">",
                ">",
                ">",
                ">",
                ">",
                ">",
                ">",
                ">",
                ">",
                ">",
                ">",
                ">",
                ">",
                ">",
                ">",
                ">",
                ">",
                ">",
                ">",
                ">",
                ">",
                ">",
                ">",
                ">",
                ">",
                ">",
                ">",
                ">",
                ">",
                ">"
            ],
            "cumulative_coverage": [
                ">",
                ">",
                ">",
                ">",
                ">",
                ">",
                ">",
                ">",
                ">",
                ">",
                ">",
                ">",
                ">",
                ">",
                ">",
                ">",
                ">",
                ">",
                ">",
                ">",
                ">",
                ">",
                ">",
                ">",
                ">",
                ">",
                ">",
                ">",
                ">",
                ">",
                ">",
                ">",
                ">",
                ">",
                ">",
                ">",
                ">",
                ">",
                ">",
                ">",
                ">",
                ">",
                ">",
                ">",
                ">",
                ">",
                ">",
                ">",
                ">",
                ">",
                ">",
                ">",
                ">",
                ">",
                ">",
                ">"
            ],
            "execution_output": "4",
            "cerberus_output": "",
            "execution_result": ""
        },
        {
            "test_case": [
                "Test Case Input:\n5\n3\n10\n2\n4\n6\n8\n1\n3\n5\n7"
            ],
            "test_mutations": [
                "Test Case Input:\n5\n3\n10\n2\n4\n6\n8\n1\n3\n5\n7"
            ],
            "initial_code": "class Main {\n\tpublic static void main(String[] args) {\n\t\tScanner sc=new Scanner(System.in);\n\t\tint n=sc.nextInt();\n\t\tint m=sc.nextInt();\n\t\tint k=sc.nextInt();\n\t\tint count=0;\n\t\tlong sum=0;\n\t\tint a[]=new int[n];\n\t\tint b[]=new int[m];\n\t\tfor(int i=0;i<n;i++)\n\t\t{\n\t\t\ta[i]=sc.nextInt();\n\t\t}\n\t\tfor(int j=0;j<m;j++)\n\t\t{\n\t\t\tb[j]=sc.nextInt();\n\t\t}\n\t\tint dp[][]=new int[n+1][m+1];\n\t\tfor(int j[]:dp)\n\t\t{\n\t\t\tArrays.fill(j,-1);\n\t\t}\n\t\tSystem.out.println(solve(a,b,0,0,k,0,dp));\n\t}\n\tpublic static int solve(int a[],int b[],int i,int j,int k,long sum,int dp[][])\n\t{\n\t\tif(dp[i][j]!=-1)\n\t\t{\n\t\t\treturn -1;\n\t\t}\n\t\tif(sum>k)\n\t\t{\n\t\t\treturn -1;\n\t\t}\n\t\tif(sum==k)\n\t\t{\n\t\t\treturn 0;\n\t\t}\n\t\tif(i>=a.length && j>=b.length)\n\t\t{\n\t\t\treturn 0;\n\t\t}\n\t\tint option1=0;\n\t\tint option2=0;\n\t\tif(i<a.length)\n\t\t{\n\t\t\toption1=1+solve(a,b,i+1,j,k,sum+a[i],dp);\n\t\t}\n\t\tif(j<b.length)\n\t\t{\n\t\t\toption2=1+solve(a,b,i,j+1,k,sum+b[j],dp);\n\t\t}\n\t\treturn dp[i][j]=Math.max(option1,option2);\n\t}\n}",
            "covered_code": "Given the detailed plan to predict the code coverage, let's break down the execution of the provided Java program with the specified test case input: `5 3 10 2 4 6 8 1 3 5 7`.\n\n### Execution Plan:\n\n1. **Class and Main Method Declaration**: The class declaration `class Main` and `public static void main(String[] args)` are always executed.\n    - Coverage: `> class Main {` and `> public static void main(String[] args) {`\n\n2. **Variable Initialization and Input Reading**: The statements initializing `n`, `m`, `k`, `count`, `sum`, `a[]`, and `b[]` arrays, and reading inputs with `Scanner` are executed.\n    - Coverage: \n        - `> int n=sc.nextInt();`\n        - `> int m=sc.nextInt();`\n        - `> int k=sc.nextInt();`\n        - `> int count=0;`\n        - `> long sum=0;`\n        - `> int a[]=new int[n];`\n        - `> int b[]=new int[m];`\n\n3. **First For Loop (Reading `a[]`)**: This loop is executed to fill the `a[]` array. Since `n=5`, it runs 5 times to read inputs.\n    - Coverage: `> for(int i=0;i<n;i++) { a[i]=sc.nextInt(); }`\n\n4. **Second For Loop (Reading `b[]`)**: This loop is executed to fill the `b[]` array. Since `m=3`, it runs 3 times to read inputs.\n    - Coverage: `> for(int j=0;j<m;j++) { b[j]=sc.nextInt(); }`\n\n5. **Dynamic Programming Array Initialization**: Initializing the `dp[][]` array and filling it with `-1`.\n    - Coverage:\n        - `> int dp[][]=new int[n+1][m+1];`\n        - `> for(int j[]:dp) { Arrays.fill(j,-1); }`\n\n6. **System.out.println Call**: The execution of `System.out.println(solve(a,b,0,0,k,0,dp));` implies calling the `solve` method. \n    - Coverage: `> System.out.println(solve(a,b,0,0,k,0,dp));`\n\n7. **Recursive Solve Method**: The `solve` method is called recursively. Given the nature of the problem (finding combinations of elements from two arrays whose sum equals `k`), all paths of the recursive calls are explored until base conditions are met or exceeded. The `dp` array prevents redundant calculations.\n    - Coverage:\n        - Every statement within the `solve` method is executed at least once due to the recursive exploration and dynamic programming memoization.\n        - The recursive nature and checks ensure that all conditions (`if(dp[i][j]!=-1)`, `if(sum>k)`, `if(sum==k)`, and `if(i>=a.length && j>=b.length)`) are evaluated.\n        - Options calculation (`option1` and `option2`) and the update of the `dp` array are also covered.\n\n### Code Coverage Prediction:\n\n- `> class Main {`\n- `> public static void main(String[] args) {`\n- `> int n=sc.nextInt();`\n- `> int m=sc.nextInt();`\n- `> int k=sc.nextInt();`\n- `> int count=0;`\n- `> long sum=0;`\n- `> int a[]=new int[n];`\n- `> int b[]=new int[m];`\n- `> for(int i=0;i<n;i++) { ... }`\n- `> for(int j=0;j<m;j++) { ... }`\n- `> int dp[][]=new int[n+1][m+1];`\n- `> for(int j[]:dp) { ... }`\n- `> System.out.println(solve(a,b,0,0,k,0,dp));`\n- Recursive `solve` method:\n    - All conditions and updates within `solve` are covered due to the recursive calls and the nature of the problem.\n\n### Conclusion:\nThe provided inputs and the dynamic programming approach ensure a high code coverage, including all conditional branches and recursive paths within the `solve` method. The exact execution paths will depend on the inputs and the dynamic programming logic, but the plan above outlines a general expectation for code coverage.",
            "test_seed_coverage": [
                ">",
                ">",
                ">",
                ">",
                ">",
                ">",
                ">",
                ">",
                ">",
                ">",
                ">",
                ">",
                ">",
                ">",
                ">",
                ">",
                ">",
                ">",
                ">",
                ">",
                ">",
                ">",
                ">",
                ">",
                ">",
                ">",
                ">",
                ">",
                ">",
                ">",
                ">",
                ">",
                ">",
                ">",
                ">",
                ">",
                ">",
                ">",
                ">",
                ">",
                ">",
                ">",
                ">",
                ">",
                ">",
                ">",
                ">",
                ">",
                ">",
                ">",
                ">",
                ">",
                ">",
                ">",
                ">",
                ">"
            ],
            "cumulative_coverage": [
                ">",
                ">",
                ">",
                ">",
                ">",
                ">",
                ">",
                ">",
                ">",
                ">",
                ">",
                ">",
                ">",
                ">",
                ">",
                ">",
                ">",
                ">",
                ">",
                ">",
                ">",
                ">",
                ">",
                ">",
                ">",
                ">",
                ">",
                ">",
                ">",
                ">",
                ">",
                ">",
                ">",
                ">",
                ">",
                ">",
                ">",
                ">",
                ">",
                ">",
                ">",
                ">",
                ">",
                ">",
                ">",
                ">",
                ">",
                ">",
                ">",
                ">",
                ">",
                ">",
                ">",
                ">",
                ">",
                ">"
            ],
            "execution_output": "3",
            "cerberus_output": "",
            "execution_result": ""
        },
        {
            "test_case": [
                "Test Case Input:\n5\n3\n10\n1\n2\n3\n4\n5\n6\n7\n8\n9\n10"
            ],
            "test_mutations": [
                "Test Case Input:\n5\n3\n10\n1\n2\n3\n4\n5\n6\n7\n8\n9\n10"
            ],
            "initial_code": "class Main {\n\tpublic static void main(String[] args) {\n\t\tScanner sc=new Scanner(System.in);\n\t\tint n=sc.nextInt();\n\t\tint m=sc.nextInt();\n\t\tint k=sc.nextInt();\n\t\tint count=0;\n\t\tlong sum=0;\n\t\tint a[]=new int[n];\n\t\tint b[]=new int[m];\n\t\tfor(int i=0;i<n;i++)\n\t\t{\n\t\t\ta[i]=sc.nextInt();\n\t\t}\n\t\tfor(int j=0;j<m;j++)\n\t\t{\n\t\t\tb[j]=sc.nextInt();\n\t\t}\n\t\tint dp[][]=new int[n+1][m+1];\n\t\tfor(int j[]:dp)\n\t\t{\n\t\t\tArrays.fill(j,-1);\n\t\t}\n\t\tSystem.out.println(solve(a,b,0,0,k,0,dp));\n\t}\n\tpublic static int solve(int a[],int b[],int i,int j,int k,long sum,int dp[][])\n\t{\n\t\tif(dp[i][j]!=-1)\n\t\t{\n\t\t\treturn -1;\n\t\t}\n\t\tif(sum>k)\n\t\t{\n\t\t\treturn -1;\n\t\t}\n\t\tif(sum==k)\n\t\t{\n\t\t\treturn 0;\n\t\t}\n\t\tif(i>=a.length && j>=b.length)\n\t\t{\n\t\t\treturn 0;\n\t\t}\n\t\tint option1=0;\n\t\tint option2=0;\n\t\tif(i<a.length)\n\t\t{\n\t\t\toption1=1+solve(a,b,i+1,j,k,sum+a[i],dp);\n\t\t}\n\t\tif(j<b.length)\n\t\t{\n\t\t\toption2=1+solve(a,b,i,j+1,k,sum+b[j],dp);\n\t\t}\n\t\treturn dp[i][j]=Math.max(option1,option2);\n\t}\n}",
            "covered_code": "To predict the code coverage for the given Java program based on the provided test case input, follow this step-by-step plan:\n\n**Plan:**\n\n1. **Class Declaration:** The class declaration `class Main {` is always executed.\n2. **Main Method Declaration:** The `public static void main(String[] args) {` declaration is always executed.\n3. **Variable Initialization and Input Reading:** The statements to initialize variables `n`, `m`, `k` and reading their values from `Scanner` are executed.\n4. **Array Initialization:** The initialization of arrays `a[]` and `b[]` is executed.\n5. **First For Loop to Read Array `a[]`:** The loop to read values into `a[]` is executed because `n` is greater than 0.\n6. **Second For Loop to Read Array `b[]`:** The loop to read values into `b[]` is executed because `m` is greater than 0.\n7. **DP Array Initialization and Filling:** The initialization of 2D array `dp[][]` and filling it with `-1` is executed.\n8. **System.out.println Call with `solve` Method:** Executed to print the result of `solve` method.\n9. **Solve Method Declaration:** The declaration of the `solve` method is always executed.\n10. **Solve Method Execution:** The logic within `solve` includes recursive calls, checks on the `dp` array, and conditions to compare `sum` with `k`. Since the method involves recursion and various conditions, the coverage within this method depends on the specific inputs and logic paths taken.\n\n**Code Coverage Prediction:**\n\nGiven the inputs:\n- `n = 5`\n- `m = 3`\n- `k = 10`\n- Array `a[]` values: `1 2 3 4 5`\n- Array `b[]` values: `6 7 8`\n\nThe execution plan suggests the following code coverage:\n\n```\n> class Main {\n>     public static void main(String[] args) {\n>         Scanner sc=new Scanner(System.in);\n>         int n=sc.nextInt();\n>         int m=sc.nextInt();\n>         int k=sc.nextInt();\n>         int count=0;\n>         long sum=0;\n>         int a[]=new int[n];\n>         int b[]=new int[m];\n>         for(int i=0;i<n;i++)\n>         {\n>             a[i]=sc.nextInt();\n>         }\n>         for(int j=0;j<m;j++)\n>         {\n>             b[j]=sc.nextInt();\n>         }\n>         int dp[][]=new int[n+1][m+1];\n>         for(int j[]:dp)\n>         {\n>             Arrays.fill(j,-1);\n>         }\n>         System.out.println(solve(a,b,0,0,k,0,dp));\n>     }\n>     public static int solve(int a[],int b[],int i,int j,int k,long sum,int dp[][])\n>     {\n>         if(dp[i][j]!=-1)\n>         {\n>             return -1;\n>         }\n>         if(sum>k)\n>         {\n>             return -1;\n>         }\n>         if(sum==k)\n>         {\n>             return 0;\n>         }\n>         if(i>=a.length && j>=b.length)\n>         {\n>             return 0;\n>         }\n>         int option1=0;\n>         int option2=0;\n>         if(i<a.length)\n>         {\n>             option1=1+solve(a,b,i+1,j,k,sum+a[i],dp);\n>         }\n>         if(j<b.length)\n>         {\n>             option2=1+solve(a,b,i,j+1,k,sum+b[j],dp);\n>         }\n>         return dp[i][j]=Math.max(option1,option2);\n>     }\n> }\n```\n\n**Explanation:**\n- All lines within the `main` method are executed at least once.\n- The `solve` method's coverage depends on the recursive calls and conditions. Given the test case, it's expected that most conditions within `solve` will be executed at least once, except perhaps for specific branches depending on the values of `i`, `j`, `sum`, and the state of `dp[][]`. The exact lines executed within `solve` would depend on the dynamic execution path taken during recursion.\n- Note: The actual execution of the `solve` method can vary significantly based on the inputs and the recursive paths taken. The coverage prediction here assumes that various branches and recursive calls are made but does not detail each branch due to the complexity of recursion and the dynamic nature of the problem.",
            "test_seed_coverage": [
                ">",
                ">",
                ">",
                ">",
                ">",
                ">",
                ">",
                ">",
                ">",
                ">",
                ">",
                ">",
                ">",
                ">",
                ">",
                ">",
                ">",
                ">",
                ">",
                ">",
                ">",
                ">",
                ">",
                ">",
                ">",
                ">",
                ">",
                ">",
                ">",
                ">",
                ">",
                ">",
                ">",
                ">",
                ">",
                ">",
                ">",
                ">",
                ">",
                ">",
                ">",
                ">",
                ">",
                ">",
                ">",
                ">",
                ">",
                ">",
                ">",
                ">",
                ">",
                ">",
                ">",
                ">",
                ">",
                ">"
            ],
            "cumulative_coverage": [
                ">",
                ">",
                ">",
                ">",
                ">",
                ">",
                ">",
                ">",
                ">",
                ">",
                ">",
                ">",
                ">",
                ">",
                ">",
                ">",
                ">",
                ">",
                ">",
                ">",
                ">",
                ">",
                ">",
                ">",
                ">",
                ">",
                ">",
                ">",
                ">",
                ">",
                ">",
                ">",
                ">",
                ">",
                ">",
                ">",
                ">",
                ">",
                ">",
                ">",
                ">",
                ">",
                ">",
                ">",
                ">",
                ">",
                ">",
                ">",
                ">",
                ">",
                ">",
                ">",
                ">",
                ">",
                ">",
                ">"
            ],
            "execution_output": "4",
            "cerberus_output": "",
            "execution_result": ""
        }
    ]
}