{
    "submission_id": "s813923455",
    "cycles": [
        {
            "test_case": [
                "Test Case Input:\n5\n10\n*"
            ],
            "test_mutations": [
                "Test Case Input:\n5\n10\n*"
            ],
            "initial_code": "public class Main{\n\tpublic static void main(String[] args){\n\t\tScanner scan = new Scanner(System.in);\n\t\tint a = scan.nextInt();\n\t\tint b = scan.nextInt();\n\t\tString op = scan.next();\n\t\tSystem.out.printf(\"%d\" + \"%s\" + \"%d\", a, op, b);\n\t\twhile(true){\n\t\t\tif(op == \"+\"){\n\t\t\t\tSystem.out.println(a + b);\n\t\t\t}else if(op == \"-\"){\n\t\t\t\tSystem.out.println(a - b);\n\t\t\t}else if(op == \"*\"){\n\t\t\t\tSystem.out.println(a * b);\n\t\t\t}else if(op == \"/\"){\n\t\t\t\tSystem.out.println(a / b);\n\t\t\t}else if(op == \"?\"){\n\t\t\t\tbreak;\n\t\t\t}\n\t\t}\n\t}\n}",
            "covered_code": "Given the Java program and test case input, let's develop a plan for step-by-step execution and predict the code coverage.\n\n**Test Case Input:**\n5\n10\n*\n\n**Plan:**\n1. Import statements: Import statements are always executed if present. In this scenario, the import statement for Scanner would be executed.\n2. Class Declaration: The class declaration \"public class Main{\" is always executed.\n3. Main method declaration: The \"public static void main(String[] args){\" is always executed.\n4. Reading inputs: The statements to read inputs \"int a = scan.nextInt();\", \"int b = scan.nextInt();\", and \"String op = scan.next();\" are always executed as they are essential for the flow of the program.\n5. Print operation: The statement \"System.out.printf(\"%d\" + \"%s\" + \"%d\", a, op, b);\" is always executed after reading the inputs.\n6. While loop: The \"while(true){\" is always executed as it starts immediately after the input and print operations.\n7. If-else conditions inside the while loop: Based on the input operation, only the relevant condition will execute. Since the operation is \"*\", only the if condition checking for \"*\" will execute. The other conditions for \"+\", \"-\", \"/\", and \"?\" will not execute.\n8. Breaking the loop: Since there is no condition that evaluates to true for breaking the loop (\"?\" operation), the loop will not terminate based on the given inputs, leading to an infinite loop.\n\n**Predicted Code Coverage:**\n\n```\n> public class Main{\n> \tpublic static void main(String[] args){\n> \t\tScanner scan = new Scanner(System.in);\n> \t\tint a = scan.nextInt();\n> \t\tint b = scan.nextInt();\n> \t\tString op = scan.next();\n> \t\tSystem.out.printf(\"%d\" + \"%s\" + \"%d\", a, op, b);\n> \t\twhile(true){\n! \t\t\tif(op == \"+\"){\n! \t\t\t\tSystem.out.println(a + b);\n! \t\t\t}else if(op == \"-\"){\n! \t\t\t\tSystem.out.println(a - b);\n> \t\t\t}else if(op == \"*\"){\n> \t\t\t\tSystem.out.println(a * b);\n! \t\t\t}else if(op == \"/\"){\n! \t\t\t\tSystem.out.println(a / b);\n! \t\t\t}else if(op == \"?\"){\n! \t\t\t\tbreak;\n> \t\t\t}\n> \t\t}\n> \t}\n> }\n```\n\n**Output:**\nThe given code snippet will enter an infinite loop for the provided test case input because there is no break statement for the \"*\" operation, and the logic to break the loop on \"?\" is not triggered.\n\n**Note:**\nThe actual execution of the given code will result in an infinite loop due to the condition within the while loop. The \"==\" operator is used for string comparison, which should not work as expected for string comparison in Java (`.equals()` method should be used instead). However, the analysis above focuses on code coverage rather than logical errors or infinite loop conditions.",
            "test_seed_coverage": [
                ">",
                ">",
                ">",
                ">",
                ">",
                ">",
                ">",
                ">",
                "!",
                "!",
                "!",
                "!",
                ">",
                ">",
                "!",
                "!",
                "!",
                "!",
                ">",
                ">",
                ">",
                ">"
            ],
            "cumulative_coverage": [
                ">",
                ">",
                ">",
                ">",
                ">",
                ">",
                ">",
                ">",
                "!",
                "!",
                "!",
                "!",
                ">",
                ">",
                "!",
                "!",
                "!",
                "!",
                ">",
                ">",
                ">",
                ">"
            ],
            "cerberus_output": "",
            "execution_result": ""
        },
        {
            "test_case": [
                "Test Case Input:\n5\n10\n?\n"
            ],
            "test_mutations": [
                "Test Case Input:\n5\n10\n?\n"
            ],
            "initial_code": "public class Main{\n\tpublic static void main(String[] args){\n\t\tScanner scan = new Scanner(System.in);\n\t\tint a = scan.nextInt();\n\t\tint b = scan.nextInt();\n\t\tString op = scan.next();\n\t\tSystem.out.printf(\"%d\" + \"%s\" + \"%d\", a, op, b);\n\t\twhile(true){\n\t\t\tif(op == \"+\"){\n\t\t\t\tSystem.out.println(a + b);\n\t\t\t}else if(op == \"-\"){\n\t\t\t\tSystem.out.println(a - b);\n\t\t\t}else if(op == \"*\"){\n\t\t\t\tSystem.out.println(a * b);\n\t\t\t}else if(op == \"/\"){\n\t\t\t\tSystem.out.println(a / b);\n\t\t\t}else if(op == \"?\"){\n\t\t\t\tbreak;\n\t\t\t}\n\t\t}\n\t}\n}",
            "covered_code": "Given the test case input and the Java program provided, let's develop a plan for step by step execution and predict the code coverage:\n\n1. Import statements: Import statements are always executed. Statement \"import java.util.Scanner;\" will be covered.\n\n2. Main Class Declaration: always executed. Statement \"public class Main{\" is covered.\n\n3. Main method declaration: always executed. Statement \"public static void main(String[] args){\" is covered.\n\n4. Scanner object creation and user inputs: These are always executed. Statements \"Scanner scan = new Scanner(System.in);\", \"int a = scan.nextInt();\", \"int b = scan.nextInt();\", and \"String op = scan.next();\" are covered.\n\n5. Output statement before the loop: This statement is always executed as it comes before any conditional or loop structure. Statement \"System.out.printf(\"%d\" + \"%s\" + \"%d\", a, op, b);\" is covered.\n\n6. While loop execution: The condition for the while loop is \"true\", which means it is an infinite loop unless interrupted by a break statement. Statement \"while(true){\" is covered.\n\n7. Inside the while loop, the if-else conditions check the value of \"op\":\n   - Since \"op\" is assigned \"?\" from the input, only the condition checking for \"op == \"?\" will be evaluated to true. However, due to the use of \"==\" for string comparison instead of \".equals()\", none of the conditions for \"+\", \"-\", \"*\", \"/\", \"?\" will be correctly evaluated as true in Java for string comparison. This means all the print statements inside the if-else conditions are not executed.\n   - The break statement inside the last else-if condition will be executed because it's intended to catch the \"?\" operation, but due to the incorrect string comparison method, this condition will not work as intended, and the loop will not break, leading to an infinite loop.\n\nGiven this plan, the code coverage is as follows:\n\n```\n> public class Main{\n>     public static void main(String[] args){\n>         Scanner scan = new Scanner(System.in);\n>         int a = scan.nextInt();\n>         int b = scan.nextInt();\n>         String op = scan.next();\n>         System.out.printf(\"%d\" + \"%s\" + \"%d\", a, op, b);\n>         while(true){\n!             if(op == \"+\"){\n!                 System.out.println(a + b);\n!             }else if(op == \"-\"){\n!                 System.out.println(a - b);\n!             }else if(op == \"*\"){\n!                 System.out.println(a * b);\n!             }else if(op == \"/\"){\n!                 System.out.println(a / b);\n!             }else if(op == \"?\"){\n!                 break;\n>             }\n>         }\n>     }\n> }\n```\n\nNote: The coverage indicates an error in logic due to the use of \"==\" for string comparison, which in Java does not compare the actual content of strings but their references. This would lead to none of the conditions being correctly identified, resulting in an infinite loop instead of breaking out of the loop when encountering \"?\". However, since the original question's focus is on code coverage and not on fixing errors, the coverage reflects execution as per the provided plan, highlighting the logical mistake in string comparison.",
            "test_seed_coverage": [
                ">",
                ">",
                ">",
                ">",
                ">",
                ">",
                ">",
                ">",
                "!",
                "!",
                "!",
                "!",
                ">",
                ">",
                "!",
                "!",
                "!",
                "!",
                ">",
                ">",
                ">",
                ">"
            ],
            "cumulative_coverage": [
                ">",
                ">",
                ">",
                ">",
                ">",
                ">",
                ">",
                ">",
                "!",
                "!",
                "!",
                "!",
                ">",
                ">",
                "!",
                "!",
                "!",
                "!",
                ">",
                ">",
                ">",
                ">"
            ],
            "cerberus_output": "",
            "execution_result": ""
        },
        {
            "test_case": [
                "Test Case Input:\n5\n3\n-\n\nTest Case Input:\n10\n2\n*\n\nTest Case Input:\n8\n4\n/\n\nTest Case Input:\n7\n2\n+"
            ],
            "test_mutations": [
                "Test Case Input:\n5\n3\n-\n\nTest Case Input:\n10\n2\n*\n\nTest Case Input:\n8\n4\n/\n\nTest Case Input:\n7\n2\n+"
            ],
            "initial_code": "public class Main{\n\tpublic static void main(String[] args){\n\t\tScanner scan = new Scanner(System.in);\n\t\tint a = scan.nextInt();\n\t\tint b = scan.nextInt();\n\t\tString op = scan.next();\n\t\tSystem.out.printf(\"%d\" + \"%s\" + \"%d\", a, op, b);\n\t\twhile(true){\n\t\t\tif(op == \"+\"){\n\t\t\t\tSystem.out.println(a + b);\n\t\t\t}else if(op == \"-\"){\n\t\t\t\tSystem.out.println(a - b);\n\t\t\t}else if(op == \"*\"){\n\t\t\t\tSystem.out.println(a * b);\n\t\t\t}else if(op == \"/\"){\n\t\t\t\tSystem.out.println(a / b);\n\t\t\t}else if(op == \"?\"){\n\t\t\t\tbreak;\n\t\t\t}\n\t\t}\n\t}\n}",
            "covered_code": "To predict the code coverage for the given Java program based on the test case inputs provided, we will follow the outlined plan and consider each test case. Let's start analyzing the code coverage for each test case.\n\n### Test Case 1 Input:\n5\n3\n-\n\n### Test Case 2 Input:\n10\n2\n*\n\n### Test Case 3 Input:\n8\n4\n/\n\n### Test Case 4 Input:\n7\n2\n+\n\n### Plan for Execution:\n1. **Import Statement**: Since there's an implicit import for `java.util.Scanner` but not explicitly written in the snippet, we consider it executed for the Scanner usage.\n   \n2. **Class Declaration**: The statement `public class Main{` is always executed.\n\n3. **Main Method Declaration**: The declaration `public static void main(String[] args){` is always executed.\n\n4. **Variable Initialization and Reading Input**: The statements for reading inputs `int a = scan.nextInt();`, `int b = scan.nextInt();`, and `String op = scan.next();` are executed for each test case.\n\n5. **Printing Input Operation**: The statement `System.out.printf(\"%d\" + \"%s\" + \"%d\", a, op, b);` is executed for each test case.\n\n6. **Loop and Conditions**: The loop `while(true){` is always entered.\n\n    - The condition check `if(op == \"+\"){` and other `else if` conditions for `-`, `*`, `/` are evaluated based on the operation given in each test case. \n\n    - The `if` or `else if` statements for the operations `+`, `-`, `*`, and `/` will be executed based on the operation provided in the input. \n\n    - Since string comparison uses `==` instead of `.equals()`, none of the conditions for operations will be true due to how Java compares strings, leading to an infinite loop. All operation checks will technically be executed but fail to match, and the `break;` condition is never met.\n\n### Code Coverage Prediction:\n\n```\n> public class Main{\n>     public static void main(String[] args){\n>         Scanner scan = new Scanner(System.in);\n>         int a = scan.nextInt();\n>         int b = scan.nextInt();\n>         String op = scan.next();\n>         System.out.printf(\"%d\" + \"%s\" + \"%d\", a, op, b);\n>         while(true){\n>             if(op == \"+\"){\n!                 System.out.println(a + b);\n>             }else if(op == \"-\"){\n!                 System.out.println(a - b);\n>             }else if(op == \"*\"){\n!                 System.out.println(a * b);\n>             }else if(op == \"/\"){\n!                 System.out.println(a / b);\n>             }else if(op == \"?\"){\n!                 break;\n>             }\n>         }\n>     }\n> }\n```\n\n### Conclusion and Error:\n- All lines within the loop are executed in terms of code coverage, but the comparison fails due to using `==` for string comparison.\n- This leads to an infinite loop rather than executing any of the print statements or breaking the loop.\n- The error in the program is not a runtime exception but a logical error related to string comparison and infinite loop.",
            "test_seed_coverage": [
                ">",
                ">",
                ">",
                ">",
                ">",
                ">",
                ">",
                ">",
                ">",
                "!",
                ">",
                "!",
                ">",
                ">",
                ">",
                "!",
                ">",
                "!",
                ">",
                ">",
                ">",
                ">"
            ],
            "cumulative_coverage": [
                ">",
                ">",
                ">",
                ">",
                ">",
                ">",
                ">",
                ">",
                ">",
                "!",
                ">",
                "!",
                ">",
                ">",
                ">",
                "!",
                ">",
                "!",
                ">",
                ">",
                ">",
                ">"
            ],
            "cerberus_output": "",
            "execution_result": ""
        },
        {
            "test_case": [
                "Test Case Input:\n5\n3\n?\n\nNote: This test case will raise an ArithmeticException because it attempts to perform division by zero."
            ],
            "test_mutations": [
                "Test Case Input:\n5\n3\n?\n\nNote: This test case will raise an ArithmeticException because it attempts to perform division by zero."
            ],
            "initial_code": "public class Main{\n\tpublic static void main(String[] args){\n\t\tScanner scan = new Scanner(System.in);\n\t\tint a = scan.nextInt();\n\t\tint b = scan.nextInt();\n\t\tString op = scan.next();\n\t\tSystem.out.printf(\"%d\" + \"%s\" + \"%d\", a, op, b);\n\t\twhile(true){\n\t\t\tif(op == \"+\"){\n\t\t\t\tSystem.out.println(a + b);\n\t\t\t}else if(op == \"-\"){\n\t\t\t\tSystem.out.println(a - b);\n\t\t\t}else if(op == \"*\"){\n\t\t\t\tSystem.out.println(a * b);\n\t\t\t}else if(op == \"/\"){\n\t\t\t\tSystem.out.println(a / b);\n\t\t\t}else if(op == \"?\"){\n\t\t\t\tbreak;\n\t\t\t}\n\t\t}\n\t}\n}",
            "covered_code": "Given the test case input and the Java program, let's develop a plan for step-by-step execution to predict code coverage. The test case input provided is:\n```\n5\n3\n?\n```\nThis input suggests that the program will read two integers, `5` and `3`, and a string `?` as the operation. Given this, we anticipate an `ArithmeticException` due to division by zero, but in this case, the program will not throw an `ArithmeticException` based on the provided inputs because the division operation (\"/\") is never selected based on the input `?`. \n\nHere's the step-by-step plan and the predicted code coverage:\n\n1. **Initialization and Reading Inputs**: The program initializes a scanner and reads three inputs: two integers and one string. These lines will be executed:\n    - `Scanner scan = new Scanner(System.in);`\n    - `int a = scan.nextInt();`\n    - `int b = scan.nextInt();`\n    - `String op = scan.next();`\n    - `System.out.printf(\"%d\" + \"%s\" + \"%d\", a, op, b);`\n\n2. **While Loop Execution**: The program enters an infinite loop with `while(true)`. Since the loop does not have an exit condition based on the loop's body content (the `break` statement is executed based on the input), it will enter the loop at least once.\n\n3. **Conditionals Execution**: The input operation is `?`, so the program will bypass all the conditional checks for \"+\", \"-\", \"*\", \"/\" and will execute the `else if(op == \"?\")` block, causing the loop to break:\n    - `if(op == \"+\")` - Not executed\n    - `else if(op == \"-\")` - Not executed\n    - `else if(op == \"*\")` - Not executed\n    - `else if(op == \"/\")` - Not executed\n    - `else if(op == \"?\")` - Executed\n\nBased on the given plan, here's the code coverage indicated by `>` for executed lines and `!` for not executed lines:\n\n```\n> public class Main{\n> \tpublic static void main(String[] args){\n> \t\tScanner scan = new Scanner(System.in);\n> \t\tint a = scan.nextInt();\n> \t\tint b = scan.nextInt();\n> \t\tString op = scan.next();\n> \t\tSystem.out.printf(\"%d\" + \"%s\" + \"%d\", a, op, b);\n> \t\twhile(true){\n! \t\t\tif(op == \"+\"){\n! \t\t\t\tSystem.out.println(a + b);\n! \t\t\t}else if(op == \"-\"){\n! \t\t\t\tSystem.out.println(a - b);\n! \t\t\t}else if(op == \"*\"){\n! \t\t\t\tSystem.out.println(a * b);\n! \t\t\t}else if(op == \"/\"){\n! \t\t\t\tSystem.out.println(a / b);\n> \t\t\t}else if(op == \"?\"){\n> \t\t\t\tbreak;\n> \t\t\t}\n> \t\t}\n> \t}\n> }\n```\n**Output**: No exception is thrown based on the inputs provided. The anticipated `ArithmeticException` due to division by zero is incorrect as the division operation (\"/\") is never executed with the given inputs.",
            "test_seed_coverage": [
                ">",
                ">",
                ">",
                ">",
                ">",
                ">",
                ">",
                ">",
                ">",
                "!",
                ">",
                "!",
                ">",
                ">",
                ">",
                "!",
                ">",
                ">",
                ">",
                ">",
                ">",
                ">"
            ],
            "cumulative_coverage": [
                ">",
                ">",
                ">",
                ">",
                ">",
                ">",
                ">",
                ">",
                ">",
                "!",
                ">",
                "!",
                ">",
                ">",
                ">",
                "!",
                ">",
                ">",
                ">",
                ">",
                ">",
                ">"
            ],
            "cerberus_output": "ArithmeticException",
            "execution_result": ""
        },
        {
            "test_case": [
                "Test Case Input:\n5\n3\n+\n\nExpected Output:\n8"
            ],
            "test_mutations": [
                "Test Case Input:\n5\n3\n+\n\nExpected Output:\n8"
            ],
            "initial_code": "public class Main{\n\tpublic static void main(String[] args){\n\t\tScanner scan = new Scanner(System.in);\n\t\tint a = scan.nextInt();\n\t\tint b = scan.nextInt();\n\t\tString op = scan.next();\n\t\tSystem.out.printf(\"%d\" + \"%s\" + \"%d\", a, op, b);\n\t\twhile(true){\n\t\t\tif(op == \"+\"){\n\t\t\t\tSystem.out.println(a + b);\n\t\t\t}else if(op == \"-\"){\n\t\t\t\tSystem.out.println(a - b);\n\t\t\t}else if(op == \"*\"){\n\t\t\t\tSystem.out.println(a * b);\n\t\t\t}else if(op == \"/\"){\n\t\t\t\tSystem.out.println(a / b);\n\t\t\t}else if(op == \"?\"){\n\t\t\t\tbreak;\n\t\t\t}\n\t\t}\n\t}\n}",
            "covered_code": "For the given code snippet and test case input, let's develop a plan for step by step execution and predict the code coverage:\n\n1. **Import statements**: Import statements are always executed. Statement \"import java.util.Scanner;\" will be covered. \n\n2. **Main Class Declaration**: always executed. Statement \"public class Main{\" is covered.\n\n3. **Main method declaration**: always executed. Statement \"public static void main(String[] args){\" is covered.\n\n4. **User Input and Program Output**: always executed. Statements \"Scanner scan = new Scanner(System.in);\", \"int a = scan.nextInt();\", \"int b = scan.nextInt();\", \"String op = scan.next();\" are covered.\n\n5. **Print operation**: The print operation \"System.out.printf(\"%d\" + \"%s\" + \"%d\", a, op, b);\" is always executed after inputs are taken.\n\n6. **While loop Execution**: Since it's an infinite loop with condition `true`, the loop block will be executed.\n\n7. **If - Else condition within the While loop**:\n    - The condition `if(op == \"+\")` is not correctly checking for string equality and should use `equals` method instead. However, based on the literal comparison using `==`, this condition will not be satisfied because in Java, string literals or string objects comparison using `==` checks for reference equality, not value equality. Therefore, this condition and its print statement are not covered as expected.\n    - Similarly, conditions for `\"-\"`, `\"*\"`, `\"/\"` and `\"?\"` will not behave as intended due to the same reason of incorrect string comparison. However, since the input does not match any of these conditions exactly due to the incorrect string comparison method used, none of these blocks will be executed.\n    - Since none of the conditions are satisfied (because of the incorrect comparison using `==` instead of `.equals()`), and there is no correct option to exit the loop (`op == \"?\"` will also not work as intended), the program will enter an infinite loop.\n\nGiven this, the plan predicts that the program will not exit normally but instead will be stuck in an infinite loop, and thus the output expected will not be achieved, and specific blocks will remain unexecuted due to the infinite loop and incorrect string comparison.\n\nPredicted Code Coverage:\n\n> import java.util.Scanner;\n> public class Main{\n>     public static void main(String[] args){\n>         Scanner scan = new Scanner(System.in);\n>         int a = scan.nextInt();\n>         int b = scan.nextInt();\n>         String op = scan.next();\n>         System.out.printf(\"%d\" + \"%s\" + \"%d\", a, op, b);\n>         while(true){\n!             if(op == \"+\"){\n!                 System.out.println(a + b);\n!             }else if(op == \"-\"){\n!                 System.out.println(a - b);\n!             }else if(op == \"*\"){\n!                 System.out.println(a * b);\n!             }else if(op == \"/\"){\n!                 System.out.println(a / b);\n!             }else if(op == \"?\"){\n!                 break;\n>             }\n>         }\n>     }\n> }\n\n**Note**: Since the program is incorrect due to the use of `==` for string comparison, it does not behave as intended, and the infinite loop issue prevents it from reaching any potential end or break condition within the loop.",
            "test_seed_coverage": [
                ">",
                ">",
                ">",
                ">",
                ">",
                ">",
                ">",
                ">",
                ">",
                "!",
                ">",
                "!",
                ">",
                ">",
                ">",
                "!",
                ">",
                ">",
                ">",
                ">",
                ">",
                ">",
                ">"
            ],
            "cumulative_coverage": [
                ">",
                ">",
                ">",
                ">",
                ">",
                ">",
                ">",
                ">",
                ">",
                "!",
                ">",
                "!",
                ">",
                ">",
                ">",
                "!",
                ">",
                ">",
                ">",
                ">",
                ">",
                ">",
                ">"
            ],
            "cerberus_output": "",
            "execution_result": ""
        },
        {
            "test_case": [
                "Test Case Input:\n5\n2\n+"
            ],
            "test_mutations": [
                "Test Case Input:\n5\n2\n+"
            ],
            "initial_code": "public class Main{\n\tpublic static void main(String[] args){\n\t\tScanner scan = new Scanner(System.in);\n\t\tint a = scan.nextInt();\n\t\tint b = scan.nextInt();\n\t\tString op = scan.next();\n\t\tSystem.out.printf(\"%d\" + \"%s\" + \"%d\", a, op, b);\n\t\twhile(true){\n\t\t\tif(op == \"+\"){\n\t\t\t\tSystem.out.println(a + b);\n\t\t\t}else if(op == \"-\"){\n\t\t\t\tSystem.out.println(a - b);\n\t\t\t}else if(op == \"*\"){\n\t\t\t\tSystem.out.println(a * b);\n\t\t\t}else if(op == \"/\"){\n\t\t\t\tSystem.out.println(a / b);\n\t\t\t}else if(op == \"?\"){\n\t\t\t\tbreak;\n\t\t\t}\n\t\t}\n\t}\n}",
            "covered_code": "Given the provided Java program and the test case input `5`, `2`, `+`, let's develop a plan for step-by-step execution to predict the code coverage.\n\n1. **Import Statements**: The code snippet does not explicitly show import statements, but it's implied that `import java.util.Scanner;` is used for the `Scanner` object. This statement would be executed.\n\n2. **Class Declaration**: The statement `public class Main{` is always executed.\n\n3. **Main Method Declaration**: The statement `public static void main(String[] args){` is always executed.\n\n4. **User Input and Program Output**: The statements for creating a `Scanner` object, reading inputs `a`, `b`, and `op`, and the `System.out.printf` statement for outputting the inputs are always executed. \n   - `Scanner scan = new Scanner(System.in);`\n   - `int a = scan.nextInt();`\n   - `int b = scan.nextInt();`\n   - `String op = scan.next();`\n   - `System.out.printf(\"%d\" + \"%s\" + \"%d\", a, op, b);`\n\n5. **While Loop Execution**: The while loop with the condition `true` means it will execute indefinitely until a `break;` statement is encountered.\n   - `while(true){...}`\n\n6. **If-Else Conditions Within the Loop**:\n   - For the given test case input `+`, the first if condition `if(op == \"+\"){` should execute but due to the way strings are compared in Java (using `==` instead of `.equals()`), this comparison incorrectly evaluates to `false` instead of `true`. This is a common mistake when comparing strings in Java. Therefore, the body of this if statement will actually not execute when it should, marking this as a misunderstanding in predicting execution based on correct string comparison practices.\n   - The same issue applies to all other conditions (`else if(op == \"-\")`, `else if(op == \"*\")`, `else if(op == \"/\")`), including the condition to break the loop (`else if(op == \"?\")`), causing an infinite loop with no output or break condition being reached.\n\nGiven the misunderstanding with string comparison (`==` vs `.equals()`), the expected code coverage and execution flow would differ from the actual Java behavior. However, following the provided instructions and assuming string comparisons were intended to work as stated, here's the predicted coverage:\n\n```\n> public class Main{\n> \tpublic static void main(String[] args){\n> \t\tScanner scan = new Scanner(System.in);\n> \t\tint a = scan.nextInt();\n> \t\tint b = scan.nextInt();\n> \t\tString op = scan.next();\n> \t\tSystem.out.printf(\"%d\" + \"%s\" + \"%d\", a, op, b);\n> \t\twhile(true){\n! \t\t\tif(op == \"+\"){\n! \t\t\t\tSystem.out.println(a + b);\n! \t\t\t}else if(op == \"-\"){\n! \t\t\t\tSystem.out.println(a - b);\n! \t\t\t}else if(op == \"*\"){\n! \t\t\t\tSystem.out.println(a * b);\n! \t\t\t}else if(op == \"/\"){\n! \t\t\t\tSystem.out.println(a / b);\n! \t\t\t}else if(op == \"?\"){\n> \t\t\t\tbreak;\n> \t\t\t}\n> \t\t}\n> \t}\n> }\n```\n\nGiven the actual behavior of Java string comparison using `==`, the loop would run indefinitely, not entering any of the conditional blocks, which is not the intended or expected outcome based on the provided execution plan. This highlights the importance of understanding string comparison in Java (`==` for reference comparison and `.equals()` for content comparison) and its impact on code execution and coverage analysis.",
            "test_seed_coverage": [
                ">",
                ">",
                ">",
                ">",
                ">",
                ">",
                ">",
                ">",
                ">",
                "!",
                ">",
                "!",
                ">",
                ">",
                ">",
                "!",
                ">",
                ">",
                ">",
                ">",
                ">",
                ">"
            ],
            "cumulative_coverage": [
                ">",
                ">",
                ">",
                ">",
                ">",
                ">",
                ">",
                ">",
                ">",
                "!",
                ">",
                "!",
                ">",
                ">",
                ">",
                "!",
                ">",
                ">",
                ">",
                ">",
                ">",
                ">"
            ],
            "cerberus_output": "",
            "execution_result": ""
        },
        {
            "test_case": [
                "Test Case Input:\n5\n3\n+"
            ],
            "test_mutations": [
                "Test Case Input:\n5\n3\n+"
            ],
            "initial_code": "public class Main{\n\tpublic static void main(String[] args){\n\t\tScanner scan = new Scanner(System.in);\n\t\tint a = scan.nextInt();\n\t\tint b = scan.nextInt();\n\t\tString op = scan.next();\n\t\tSystem.out.printf(\"%d\" + \"%s\" + \"%d\", a, op, b);\n\t\twhile(true){\n\t\t\tif(op == \"+\"){\n\t\t\t\tSystem.out.println(a + b);\n\t\t\t}else if(op == \"-\"){\n\t\t\t\tSystem.out.println(a - b);\n\t\t\t}else if(op == \"*\"){\n\t\t\t\tSystem.out.println(a * b);\n\t\t\t}else if(op == \"/\"){\n\t\t\t\tSystem.out.println(a / b);\n\t\t\t}else if(op == \"?\"){\n\t\t\t\tbreak;\n\t\t\t}\n\t\t}\n\t}\n}",
            "covered_code": "Given the test case input `5 3 +` for the Java program, let's develop a plan for step by step execution and predict the code coverage:\n\n1. **Import statements**: Import statement for `Scanner` is always executed. Statement `import java.util.Scanner;` will be covered.\n\n2. **Class Declaration**: Always executed. Statement `public class Main{` is covered.\n\n3. **Main method declaration**: Always executed. Statement `public static void main(String[] args){` is covered.\n\n4. **User Input and Program Output**: Always executed. Statements `Scanner scan = new Scanner(System.in);`, `int a = scan.nextInt();`, `int b = scan.nextInt();`, and `String op = scan.next();` are covered. The print statement `System.out.printf(\"%d\" + \"%s\" + \"%d\", a, op, b);` is also covered.\n\n5. **While loop Execution**: The condition for the while loop is `true`, ensuring the loop's block will always execute until a break statement is encountered.\n\n6. **If - Else If conditions**:\n   - Since the operation (`op`) is `\"+\"`, only the first condition `if(op == \"+\")` needs to be evaluated. However, due to Java's string comparison using `==` instead of `.equals()`, this condition falsely doesn't satisfy. Therefore, none of the `if` or `else if` blocks execute correctly due to the improper string comparison.\n   - The loop continues infinitely because no condition properly handles the string `\"+\"` and no `break` statement is reached.\n\n7. **Statements after the While loop**: No statement exists after the while loop in the main method.\n\n8. **Closing Brackets**: Always covered.\n\nConsidering the improper string comparison and the infinite loop, the predicted code coverage is:\n\n```\n> public class Main{\n>     public static void main(String[] args){\n>         Scanner scan = new Scanner(System.in);\n>         int a = scan.nextInt();\n>         int b = scan.nextInt();\n>         String op = scan.next();\n>         System.out.printf(\"%d\" + \"%s\" + \"%d\", a, op, b);\n>         while(true){\n!             if(op == \"+\"){\n!                 System.out.println(a + b);\n!             }else if(op == \"-\"){\n!                 System.out.println(a - b);\n!             }else if(op == \"*\"){\n!                 System.out.println(a * b);\n!             }else if(op == \"/\"){\n!                 System.out.println(a / b);\n!             }else if(op == \"?\"){\n!                 break;\n>             }\n>         }\n>     }\n> }\n```\n\n**OUTPUT**: The program is stuck in an infinite loop and does not reach a termination point due to the incorrect comparison of strings with `==` instead of `.equals()` and because the `break` condition is never met.\n\n**Note**: The code coverage here assumes the code's execution follows the given test case and the logic present in the code. However, due to the infinite loop caused by the incorrect string comparison (using `==` instead of `.equals()`), the program would not function as intended, leading to an infinite loop without proper output or termination.",
            "test_seed_coverage": [
                ">",
                ">",
                ">",
                ">",
                ">",
                ">",
                ">",
                ">",
                ">",
                "!",
                ">",
                "!",
                ">",
                ">",
                ">",
                "!",
                ">",
                ">",
                ">",
                ">",
                ">",
                ">"
            ],
            "cumulative_coverage": [
                ">",
                ">",
                ">",
                ">",
                ">",
                ">",
                ">",
                ">",
                ">",
                "!",
                ">",
                "!",
                ">",
                ">",
                ">",
                "!",
                ">",
                ">",
                ">",
                ">",
                ">",
                ">"
            ],
            "cerberus_output": "",
            "execution_result": ""
        },
        {
            "test_case": [
                "Test Case Input:\n5\n3\n+"
            ],
            "test_mutations": [
                "Test Case Input:\n5\n3\n+"
            ],
            "initial_code": "public class Main{\n\tpublic static void main(String[] args){\n\t\tScanner scan = new Scanner(System.in);\n\t\tint a = scan.nextInt();\n\t\tint b = scan.nextInt();\n\t\tString op = scan.next();\n\t\tSystem.out.printf(\"%d\" + \"%s\" + \"%d\", a, op, b);\n\t\twhile(true){\n\t\t\tif(op == \"+\"){\n\t\t\t\tSystem.out.println(a + b);\n\t\t\t}else if(op == \"-\"){\n\t\t\t\tSystem.out.println(a - b);\n\t\t\t}else if(op == \"*\"){\n\t\t\t\tSystem.out.println(a * b);\n\t\t\t}else if(op == \"/\"){\n\t\t\t\tSystem.out.println(a / b);\n\t\t\t}else if(op == \"?\"){\n\t\t\t\tbreak;\n\t\t\t}\n\t\t}\n\t}\n}",
            "covered_code": "To predict the code coverage based on the provided test case input ('5\\n3\\n+'), let's follow the plan for step by step execution of the given Java program. \n\n1. **Import statements**: The import statement for Scanner will be executed. \n   > `import java.util.Scanner;`\n\n2. **Class Declaration**: The declaration of the `Main` class will be executed.\n   > `public class Main{`\n\n3. **Main method declaration**: The declaration of the `main` method will be executed.\n   > `public static void main(String[] args){`\n\n4. **Scanner and User Input**: The statements creating a Scanner object and reading inputs will be executed.\n   > `Scanner scan = new Scanner(System.in);`\n   > `int a = scan.nextInt();`\n   > `int b = scan.nextInt();`\n   > `String op = scan.next();`\n\n5. **Output Statement**: The statement for output formatting will be executed.\n   > `System.out.printf(\"%d\" + \"%s\" + \"%d\", a, op, b);`\n\n6. **Infinite Loop Execution**: The infinite while loop will be executed.\n   > `while(true){`\n\n7. **Conditional Statements inside the Loop**:\n    - Since the operation is '+', the first if condition `if(op == \"+\"){` will be checked but **not** executed due to using `==` for string comparison instead of `.equals()`. Thus, the statement inside this if block will not be executed.\n    ! `System.out.println(a + b);`\n    - The other conditional blocks for '-', '*', '/', and '?' will also be checked but not executed for the same reason. \n    ! `System.out.println(a - b);`\n    ! `System.out.println(a * b);`\n    ! `System.out.println(a / b);`\n    - The condition `if(op == \"?\"){` will not be executed as the operation is '+' and not '?'.\n    ! `break;`\n\nGiven that the infinite loop contains no mechanism to break out on the given input ('5\\n3\\n+'), the program will enter an infinite loop and will not progress beyond this point. The loop never exits, so technically, the closing bracket of the `main` method and class `Main` are considered as not yet reached in execution. \n\nFinal code coverage based on the given test case and step-by-step reasoning:\n\n> `import java.util.Scanner;`\n> `public class Main{`\n> `public static void main(String[] args){`\n> `Scanner scan = new Scanner(System.in);`\n> `int a = scan.nextInt();`\n> `int b = scan.nextInt();`\n> `String op = scan.next();`\n> `System.out.printf(\"%d\" + \"%s\" + \"%d\", a, op, b);`\n> `while(true){`\n! `if(op == \"+\"){`\n! `System.out.println(a + b);`\n! `}else if(op == \"-\"){`\n! `System.out.println(a - b);`\n! `}else if(op == \"*\"){`\n! `System.out.println(a * b);`\n! `}else if(op == \"/\"){`\n! `System.out.println(a / b);`\n! `}else if(op == \"?\"){`\n! `break;`\nThe program will experience an infinite loop due to the incorrect string comparison method used (`==` instead of `.equals()`), and the loop's conditions will never be truthfully evaluated to execute their bodies or to break the loop.",
            "test_seed_coverage": [
                ">",
                ">",
                ">",
                ">",
                ">",
                ">",
                ">",
                ">",
                ">",
                "!",
                ">",
                "!",
                ">",
                ">",
                ">",
                ">",
                ">",
                ">",
                ">",
                ">",
                ">",
                ">",
                ">",
                "!",
                "!",
                "!",
                "!",
                "!",
                "!",
                "!",
                "!",
                "!",
                "!"
            ],
            "cumulative_coverage": [
                ">",
                ">",
                ">",
                ">",
                ">",
                ">",
                ">",
                ">",
                ">",
                "!",
                ">",
                "!",
                ">",
                ">",
                ">",
                ">",
                ">",
                ">",
                ">",
                ">",
                ">",
                ">",
                ">",
                "!",
                "!",
                "!",
                "!",
                "!",
                "!",
                "!",
                "!",
                "!",
                "!"
            ],
            "cerberus_output": "",
            "execution_result": ""
        },
        {
            "test_case": [
                "Test Case Input:\n5\n10\n+"
            ],
            "test_mutations": [
                "Test Case Input:\n5\n10\n+"
            ],
            "initial_code": "public class Main{\n\tpublic static void main(String[] args){\n\t\tScanner scan = new Scanner(System.in);\n\t\tint a = scan.nextInt();\n\t\tint b = scan.nextInt();\n\t\tString op = scan.next();\n\t\tSystem.out.printf(\"%d\" + \"%s\" + \"%d\", a, op, b);\n\t\twhile(true){\n\t\t\tif(op == \"+\"){\n\t\t\t\tSystem.out.println(a + b);\n\t\t\t}else if(op == \"-\"){\n\t\t\t\tSystem.out.println(a - b);\n\t\t\t}else if(op == \"*\"){\n\t\t\t\tSystem.out.println(a * b);\n\t\t\t}else if(op == \"/\"){\n\t\t\t\tSystem.out.println(a / b);\n\t\t\t}else if(op == \"?\"){\n\t\t\t\tbreak;\n\t\t\t}\n\t\t}\n\t}\n}",
            "covered_code": "To predict the code coverage for the given Java program based on the provided test case input \"5\\n10\\n+\", let's follow the planned steps of execution:\n\n1. **Import Statements**: Since the code snippet likely imports `java.util.Scanner` but it's not explicitly shown, we'll assume any import statement necessary for this execution, like \"`import java.util.Scanner;`\", is covered.\n   \n2. **Main Class Declaration**: The declaration of the class \"`public class Main{`\" is always executed.\n\n3. **Main Method Declaration**: The declaration of the main method \"`public static void main(String[] args){`\" is always executed.\n\n4. **User Input**: The statements for user input are always executed given the program's flow. Therefore, \"`Scanner scan = new Scanner(System.in);`\", \"`int a = scan.nextInt();`\", \"`int b = scan.nextInt();`\", and \"`String op = scan.next();`\" are all covered.\n\n5. **Print Operation**: The print operation \"`System.out.printf(\"%d\" + \"%s\" + \"%d\", a, op, b);`\" is always executed after the inputs are read.\n\n6. **While Loop Execution**: The while loop \"`while(true){`\" will always execute at least once due to its condition.\n\n7. **If-Else Conditions Inside Loop**:\n    - The condition to check if the operation is \"+\" (`if(op == \"+\"){`) is not correctly using `String` comparison (should use `.equals()` instead of `==` for string comparison), but for the sake of the plan, execution follows the provided code's logic. Due to incorrect string comparison with `==`, the condition to print the sum of `a` and `b` is not executed as expected.\n    - Similarly, other conditions for \"-\", \"*\", and \"/\" operations, and the break condition for \"?\" are not reached or executed correctly due to the same string comparison issue. \n\n8. **Infinite Loop**: Given the improper string comparison and no valid break condition met for input \"+\", the loop becomes infinite, and the program doesn't proceed to a natural end. Hence, any statements after the loop are not executed.\n\n9. **Closing Brackets and End of Program**: Due to the infinite loop, we consider the closing brackets as not properly reached during execution.\n\nBased on the plan and the given test case, the code coverage with execution markers would be:\n\n```\n> public class Main{\n> \tpublic static void main(String[] args){\n> \t\tScanner scan = new Scanner(System.in);\n> \t\tint a = scan.nextInt();\n> \t\tint b = scan.nextInt();\n> \t\tString op = scan.next();\n> \t\tSystem.out.printf(\"%d\" + \"%s\" + \"%d\", a, op, b);\n> \t\twhile(true){\n! \t\t\tif(op == \"+\"){\n! \t\t\t\tSystem.out.println(a + b);\n! \t\t\t}else if(op == \"-\"){\n! \t\t\t\tSystem.out.println(a - b);\n! \t\t\t}else if(op == \"*\"){\n! \t\t\t\tSystem.out.println(a * b);\n! \t\t\t}else if(op == \"/\"){\n! \t\t\t\tSystem.out.println(a / b);\n! \t\t\t}else if(op == \"?\"){\n! \t\t\t\tbreak;\n> \t\t\t}\n> \t\t}\n> \t}\n> }\n```\n\n**OUTPUT**:\nGiven the code's structure and the string comparison issue, the program enters an infinite loop, and the specific operations inside the loop are not executed as intended. The correct approach to compare strings in Java is using `.equals()` method instead of `==`. Without modifications to handle string comparison properly, the expected arithmetic operation outcomes are not printed, and the program does not terminate normally.",
            "test_seed_coverage": [
                ">",
                ">",
                ">",
                ">",
                ">",
                ">",
                ">",
                ">",
                ">",
                "!",
                ">",
                "!",
                ">",
                ">",
                ">",
                ">",
                ">",
                ">",
                ">",
                ">",
                ">",
                ">"
            ],
            "cumulative_coverage": [
                ">",
                ">",
                ">",
                ">",
                ">",
                ">",
                ">",
                ">",
                ">",
                "!",
                ">",
                "!",
                ">",
                ">",
                ">",
                ">",
                ">",
                ">",
                ">",
                ">",
                ">",
                ">"
            ],
            "cerberus_output": "",
            "execution_result": ""
        },
        {
            "test_case": [
                "Test Case Input:\n5\n2\n+"
            ],
            "test_mutations": [
                "Test Case Input:\n5\n2\n+"
            ],
            "initial_code": "public class Main{\n\tpublic static void main(String[] args){\n\t\tScanner scan = new Scanner(System.in);\n\t\tint a = scan.nextInt();\n\t\tint b = scan.nextInt();\n\t\tString op = scan.next();\n\t\tSystem.out.printf(\"%d\" + \"%s\" + \"%d\", a, op, b);\n\t\twhile(true){\n\t\t\tif(op == \"+\"){\n\t\t\t\tSystem.out.println(a + b);\n\t\t\t}else if(op == \"-\"){\n\t\t\t\tSystem.out.println(a - b);\n\t\t\t}else if(op == \"*\"){\n\t\t\t\tSystem.out.println(a * b);\n\t\t\t}else if(op == \"/\"){\n\t\t\t\tSystem.out.println(a / b);\n\t\t\t}else if(op == \"?\"){\n\t\t\t\tbreak;\n\t\t\t}\n\t\t}\n\t}\n}",
            "covered_code": "**Plan for Step by Step Execution of the Given Java Program and Test Case:**\n\n1. **Import Statements:** Always executed. Statement `import java.util.Scanner;` will be covered if it were included in the original program snippet (not visible but assumed).\n2. **Class Declaration:** Always executed. Statement `public class Main{` is covered.\n3. **Main Method Declaration:** Always executed. Statement `public static void main(String[] args){` is covered.\n4. **User Input Statements:** Always executed. Statements `int a = scan.nextInt();`, `int b = scan.nextInt();`, and `String op = scan.next();` are covered.\n5. **Program Output:** Executed for displaying the input values and operator. Statement `System.out.printf(\"%d\" + \"%s\" + \"%d\", a, op, b);` is covered.\n6. **Infinite Loop Execution:** The `while(true){` loop will be executed. Statement `while(true){` is covered.\n7. **If-Else Ladder within Loop:**\n    - The condition `if(op == \"+\"){` is evaluated. However, due to string comparison using `==` instead of `.equals()`, this condition will not behave as expected for string comparison. Therefore, the code inside this block will not be executed even though `op` is \"+\".\n    - Similarly, other conditions (`else if(op == \"-\"){`, `else if(op == \"*\"){`, `else if(op == \"/\"){`) will be evaluated but not executed for the same reason.\n    - The `else if(op == \"?\"){` condition will never be reached or evaluated based on the given input, so it is not executed.\n    - As a result, the loop will run indefinitely without breaking since none of the conditions to break the loop (`else if(op == \"?\"){`) will be satisfied with the given input and due to improper string comparison.\n8. **Closing Scanner:** Not explicitly mentioned, but if included, statement `scan.close();` after the loop will never be executed due to the infinite loop.\n9. **Closing Brackets:** Always covered.\n\n**Predicted Code Coverage Based on the Provided Plan:**\n\n```java\n> public class Main{\n>     public static void main(String[] args){\n>         Scanner scan = new Scanner(System.in);\n>         int a = scan.nextInt();\n>         int b = scan.nextInt();\n>         String op = scan.next();\n>         System.out.printf(\"%d\" + \"%s\" + \"%d\", a, op, b);\n>         while(true){\n!             if(op == \"+\"){\n!                 System.out.println(a + b);\n!             }else if(op == \"-\"){\n!                 System.out.println(a - b);\n!             }else if(op == \"*\"){\n!                 System.out.println(a * b);\n!             }else if(op == \"/\"){\n!                 System.out.println(a / b);\n!             }else if(op == \"?\"){\n!                 break;\n            }\n        }\n!     }\n> }\n```\n\n**Note on Infinite Loop and Incorrect String Comparison:**\n- The loop will run indefinitely due to incorrect string comparison using `==` instead of `.equals()`. The intended operation will not be performed, and the loop doesn't contain a valid break condition based on the input provided.\n- It's important to remember that using `==` for string comparison checks reference equality, not content equality. To correctly compare strings in Java, one should use `.equals()` method.\n\n**OUTPUT:**\n- The program will run into an infinite loop. There's no explicit output regarding an exception, but the loop's condition will never allow it to terminate based on the given inputs and the incorrect string comparison method.",
            "test_seed_coverage": [
                ">",
                ">",
                ">",
                ">",
                ">",
                ">",
                ">",
                ">",
                ">",
                "!",
                ">",
                "!",
                ">",
                ">",
                ">",
                ">",
                ">",
                ">",
                ">",
                ">",
                ">",
                ">"
            ],
            "cumulative_coverage": [
                ">",
                ">",
                ">",
                ">",
                ">",
                ">",
                ">",
                ">",
                ">",
                "!",
                ">",
                "!",
                ">",
                ">",
                ">",
                ">",
                ">",
                ">",
                ">",
                ">",
                ">",
                ">"
            ],
            "cerberus_output": "",
            "execution_result": ""
        },
        {
            "test_case": [
                "Test Case Input:\n5\n3\n+"
            ],
            "test_mutations": [
                "Test Case Input:\n5\n3\n+"
            ],
            "initial_code": "public class Main{\n\tpublic static void main(String[] args){\n\t\tScanner scan = new Scanner(System.in);\n\t\tint a = scan.nextInt();\n\t\tint b = scan.nextInt();\n\t\tString op = scan.next();\n\t\tSystem.out.printf(\"%d\" + \"%s\" + \"%d\", a, op, b);\n\t\twhile(true){\n\t\t\tif(op == \"+\"){\n\t\t\t\tSystem.out.println(a + b);\n\t\t\t}else if(op == \"-\"){\n\t\t\t\tSystem.out.println(a - b);\n\t\t\t}else if(op == \"*\"){\n\t\t\t\tSystem.out.println(a * b);\n\t\t\t}else if(op == \"/\"){\n\t\t\t\tSystem.out.println(a / b);\n\t\t\t}else if(op == \"?\"){\n\t\t\t\tbreak;\n\t\t\t}\n\t\t}\n\t}\n}",
            "covered_code": "To predict the code coverage for the provided Java program and the associated test case input \"5\\n3\\n+\", we develop a step-by-step execution plan. Note that the program reads input from the console, performs an operation based on the input operator, and prints the result. The input consists of two integers followed by a string representing the operation. However, the given program contains a logical error that affects its execution flow, specifically in the operation comparison.\n\n### Execution Plan:\n\n1. **Import Statement**: As the code snippet provided does not include import statements explicitly, we assume the necessary import for Scanner is implicitly included and executed.\n   \n2. **Class Declaration**: Always executed. Statement `public class Main{` is covered.\n   \n3. **Main Method Declaration**: Always executed. Statement `public static void main(String[] args){` is covered.\n   \n4. **Variable Initialization and Reading Input**: Statements for initializing `Scanner`, reading two integers `a` and `b`, and reading the operation `op` as a string are always executed.\n   \n5. **Printing Formatted Input**: The statement `System.out.printf(\"%d\" + \"%s\" + \"%d\", a, op, b);` is executed.\n   \n6. **Infinite Loop Execution**: The `while(true)` loop begins execution.\n   \n7. **Operation Comparison and Execution**: The program checks the operation string `op` using `==`. However, in Java, string comparison using `==` checks for reference equality rather than content. The correct way to compare strings for content equality is using `.equals()`. Due to this, even if `op` is \"+\", the condition `if(op == \"+\")` evaluates to `false`, and none of the operation blocks execute as intended. This results in an infinite loop without any output from the operation conditions.\n   \n8. **Breaking the Loop**: The loop does not contain a condition that matches the input operation \"+\", and there is no input or condition that leads to `op` being \"?\", which would break the loop. Thus, the loop continues indefinitely.\n\n### Predicted Code Coverage:\n\n```\n> public class Main{\n>     public static void main(String[] args){\n>         Scanner scan = new Scanner(System.in);\n>         int a = scan.nextInt();\n>         int b = scan.nextInt();\n>         String op = scan.next();\n>         System.out.printf(\"%d\" + \"%s\" + \"%d\", a, op, b);\n>         while(true){\n!             if(op == \"+\"){\n!                 System.out.println(a + b);\n!             }else if(op == \"-\"){\n!                 System.out.println(a - b);\n!             }else if(op == \"*\"){\n!                 System.out.println(a * b);\n!             }else if(op == \"/\"){\n!                 System.out.println(a / b);\n!             }else if(op == \"?\"){\n!                 break;\n>             }\n>         }\n>     }\n> }\n```\n\n### Output:\nThe program enters an infinite loop due to incorrect string comparison, and no operation is performed. The correct operation blocks are never reached or executed. The actual output or behavior in a real execution environment would result in an infinite loop, causing the program to hang until manually terminated.\n\n**Note**: The plan assumes execution in an environment where the input is exactly as specified (\"5\\n3\\n+\"). The logical error in string comparison significantly affects the actual behavior and coverage prediction.",
            "test_seed_coverage": [
                ">",
                ">",
                ">",
                ">",
                ">",
                ">",
                ">",
                ">",
                ">",
                "!",
                ">",
                "!",
                ">",
                ">",
                ">",
                ">",
                ">",
                ">",
                ">",
                ">",
                ">",
                ">"
            ],
            "cumulative_coverage": [
                ">",
                ">",
                ">",
                ">",
                ">",
                ">",
                ">",
                ">",
                ">",
                "!",
                ">",
                "!",
                ">",
                ">",
                ">",
                ">",
                ">",
                ">",
                ">",
                ">",
                ">",
                ">"
            ],
            "cerberus_output": "",
            "execution_result": ""
        },
        {
            "test_case": [
                "Test Case Input:\n1\n2\n+"
            ],
            "test_mutations": [
                "Test Case Input:\n1\n2\n+"
            ],
            "initial_code": "public class Main{\n\tpublic static void main(String[] args){\n\t\tScanner scan = new Scanner(System.in);\n\t\tint a = scan.nextInt();\n\t\tint b = scan.nextInt();\n\t\tString op = scan.next();\n\t\tSystem.out.printf(\"%d\" + \"%s\" + \"%d\", a, op, b);\n\t\twhile(true){\n\t\t\tif(op == \"+\"){\n\t\t\t\tSystem.out.println(a + b);\n\t\t\t}else if(op == \"-\"){\n\t\t\t\tSystem.out.println(a - b);\n\t\t\t}else if(op == \"*\"){\n\t\t\t\tSystem.out.println(a * b);\n\t\t\t}else if(op == \"/\"){\n\t\t\t\tSystem.out.println(a / b);\n\t\t\t}else if(op == \"?\"){\n\t\t\t\tbreak;\n\t\t\t}\n\t\t}\n\t}\n}",
            "covered_code": "Given the test case input \"1\\n2\\n+\", let's develop a plan for step by step execution of the Java program and predict the code coverage.\n\n**Plan for Step by Step Execution:**\n\n1. **Import statements:** If there are any import statements like `import java.util.Scanner;`, they are always executed. However, in the snippet provided, the import statement is implied but not explicitly shown. Assuming it's there, it will be covered.\n\n2. **Class Declaration:** The statement `public class Main{` is always executed, as it is part of the class declaration.\n\n3. **Main method declaration:** The main method declaration `public static void main(String[] args){` is always executed.\n\n4. **Variable Initialization and User Input:** Statements for initializing variables and accepting user input are executed. So, `Scanner scan = new Scanner(System.in);`, `int a = scan.nextInt();`, `int b = scan.nextInt();`, and `String op = scan.next();` will be covered.\n\n5. **Output Statement:** The statement `System.out.printf(\"%d\" + \"%s\" + \"%d\", a, op, b);` is executed, displaying the input in the specified format.\n\n6. **While Loop Execution:** The `while(true){...}` loop is always entered.\n\n7. **If-ElseIf Structure:** Since `op` is \"+\", the comparison `if(op == \"+\"){` using `==` will not behave as expected due to `String` comparison in Java, which should use `.equals()` for content comparison. Therefore, this line is executed, but the condition does not behave as expected; the correct condition should use `op.equals(\"+\")`. Since `==` for string comparison doesn't correctly check for value equality, the intended print statement inside this block will not be executed.\n\n8. **Remaining ElseIf and Else Blocks:** Since the condition in the initial if-block does not behave as expected due to incorrect string comparison, the execution does not enter any of the `else if` blocks or the `break;` statement inside the last `else if`.\n\n9. **Infinite Loop:** Given the incorrect string comparison and no correct execution path to the `break;` statement, the program enters an infinite loop.\n\n**Predicted Code Coverage:**\n\n```\n> public class Main{\n>     public static void main(String[] args){\n>         Scanner scan = new Scanner(System.in);\n>         int a = scan.nextInt();\n>         int b = scan.nextInt();\n>         String op = scan.next();\n>         System.out.printf(\"%d\" + \"%s\" + \"%d\", a, op, b);\n>         while(true){\n>             if(op == \"+\"){\n!                 System.out.println(a + b);\n>             }else if(op == \"-\"){\n!                 System.out.println(a - b);\n>             }else if(op == \"*\"){\n!                 System.out.println(a * b);\n>             }else if(op == \"/\"){\n!                 System.out.println(a / b);\n>             }else if(op == \"?\"){\n!                 break;\n>             }\n>         }\n>     }\n> }\n```\n\n**OUTPUT:**\n- The code enters an infinite loop due to incorrect string comparison and never reaches the `break;` statement. \n- The specific print statements within the conditionals are not executed due to the use of `==` for string comparison instead of `.equals()`.\n\n**Note:** The code coverage prediction assumes that the program is stopped externally, as it would otherwise run indefinitely.",
            "test_seed_coverage": [
                ">",
                ">",
                ">",
                ">",
                ">",
                ">",
                ">",
                ">",
                ">",
                "!",
                ">",
                "!",
                ">",
                ">",
                ">",
                ">",
                ">",
                ">",
                ">",
                ">",
                ">",
                ">"
            ],
            "cumulative_coverage": [
                ">",
                ">",
                ">",
                ">",
                ">",
                ">",
                ">",
                ">",
                ">",
                "!",
                ">",
                "!",
                ">",
                ">",
                ">",
                ">",
                ">",
                ">",
                ">",
                ">",
                ">",
                ">"
            ],
            "cerberus_output": "",
            "execution_result": ""
        },
        {
            "test_case": [
                "Test Case Input:\n2\n3\n\"+\""
            ],
            "test_mutations": [
                "Test Case Input:\n2\n3\n\"+\""
            ],
            "initial_code": "public class Main{\n\tpublic static void main(String[] args){\n\t\tScanner scan = new Scanner(System.in);\n\t\tint a = scan.nextInt();\n\t\tint b = scan.nextInt();\n\t\tString op = scan.next();\n\t\tSystem.out.printf(\"%d\" + \"%s\" + \"%d\", a, op, b);\n\t\twhile(true){\n\t\t\tif(op == \"+\"){\n\t\t\t\tSystem.out.println(a + b);\n\t\t\t}else if(op == \"-\"){\n\t\t\t\tSystem.out.println(a - b);\n\t\t\t}else if(op == \"*\"){\n\t\t\t\tSystem.out.println(a * b);\n\t\t\t}else if(op == \"/\"){\n\t\t\t\tSystem.out.println(a / b);\n\t\t\t}else if(op == \"?\"){\n\t\t\t\tbreak;\n\t\t\t}\n\t\t}\n\t}\n}",
            "covered_code": "Given the test case input and the Java program, let's develop a plan of step by step execution to predict the code coverage:\n\n1. **Import statements**: If there are any import statements like `import java.util.Scanner;`, they are always executed since they are required for the program to compile.\n\n2. **Class Declaration**: The class declaration `public class Main {` is always executed as it defines the structure of the Java program.\n\n3. **Main method declaration**: The declaration of the `public static void main(String[] args) {` method is always executed as it is the entry point of the Java program.\n\n4. **Scanner and User Input**: The statements to create a Scanner object and read inputs `int a = scan.nextInt();`, `int b = scan.nextInt();`, and `String op = scan.next();` are executed as per the test case input.\n\n5. **Print Initial Operation**: The statement `System.out.printf(\"%d\" + \"%s\" + \"%d\", a, op, b);` is executed to print the operation.\n\n6. **While Loop Execution**: The `while(true)` loop is always entered at least once.\n\n7. **If-Else Conditions within While Loop**:\n   - The condition `if(op == \"+\")` uses `==` for string comparison, which is incorrect for comparing string values in Java. The correct approach is to use `.equals()` method. Hence, the condition will not behave as expected, and the block inside this if statement will not execute.\n   - Similarly, other conditions using `==` for string comparison (`else if(op == \"-\")`, `else if(op == \"*\")`, `else if(op == \"/\")`) will also not execute as expected.\n   - The condition `else if(op == \"?\")` is intended to break the loop, but due to the incorrect string comparison method, it will not execute as expected either.\n\n8. **Infinite Loop**: Because the conditions for breaking out of the loop are not met due to incorrect string comparison, the program will enter an infinite loop.\n\nGiven this plan, let's predict the code coverage:\n\n```\n> public class Main{\n> \tpublic static void main(String[] args){\n> \t\tScanner scan = new Scanner(System.in);\n> \t\tint a = scan.nextInt();\n> \t\tint b = scan.nextInt();\n> \t\tString op = scan.next();\n> \t\tSystem.out.printf(\"%d\" + \"%s\" + \"%d\", a, op, b);\n> \t\twhile(true){\n! \t\t\tif(op == \"+\"){\n! \t\t\t\tSystem.out.println(a + b);\n! \t\t\t}else if(op == \"-\"){\n! \t\t\t\tSystem.out.println(a - b);\n! \t\t\t}else if(op == \"*\"){\n! \t\t\t\tSystem.out.println(a * b);\n! \t\t\t}else if(op == \"/\"){\n! \t\t\t\tSystem.out.println(a / b);\n! \t\t\t}else if(op == \"?\"){\n! \t\t\t\tbreak;\n> \t\t\t}\n> \t\t}\n> \t}\n> }\n```\n\n**OUTPUT**: The program will not produce a final output as expected due to the infinite loop caused by incorrect string comparison. This scenario highlights the importance of using `.equals()` for string comparison in Java.",
            "test_seed_coverage": [
                ">",
                ">",
                ">",
                ">",
                ">",
                ">",
                ">",
                ">",
                ">",
                "!",
                ">",
                "!",
                ">",
                ">",
                ">",
                ">",
                ">",
                ">",
                ">",
                ">",
                ">",
                ">"
            ],
            "cumulative_coverage": [
                ">",
                ">",
                ">",
                ">",
                ">",
                ">",
                ">",
                ">",
                ">",
                "!",
                ">",
                "!",
                ">",
                ">",
                ">",
                ">",
                ">",
                ">",
                ">",
                ">",
                ">",
                ">"
            ],
            "cerberus_output": "",
            "execution_result": ""
        },
        {
            "test_case": [
                "Test Case Input:\n5\n10\n+"
            ],
            "test_mutations": [
                "Test Case Input:\n5\n10\n+"
            ],
            "initial_code": "public class Main{\n\tpublic static void main(String[] args){\n\t\tScanner scan = new Scanner(System.in);\n\t\tint a = scan.nextInt();\n\t\tint b = scan.nextInt();\n\t\tString op = scan.next();\n\t\tSystem.out.printf(\"%d\" + \"%s\" + \"%d\", a, op, b);\n\t\twhile(true){\n\t\t\tif(op == \"+\"){\n\t\t\t\tSystem.out.println(a + b);\n\t\t\t}else if(op == \"-\"){\n\t\t\t\tSystem.out.println(a - b);\n\t\t\t}else if(op == \"*\"){\n\t\t\t\tSystem.out.println(a * b);\n\t\t\t}else if(op == \"/\"){\n\t\t\t\tSystem.out.println(a / b);\n\t\t\t}else if(op == \"?\"){\n\t\t\t\tbreak;\n\t\t\t}\n\t\t}\n\t}\n}",
            "covered_code": "PLAN for step by step execution of the given Java program and test case:\n\n1. Import statements: Since the code snippet implicitly uses the Scanner class, the import statement for `java.util.Scanner` would be executed if it were included. However, as it is not explicitly listed in the provided snippet, we will assume it is included but not shown. \n   \n2. Main class and `main` method declaration: The declaration of the `Main` class and the `main` method are always executed.\n\n3. User input: The statements to read user input are executed. The statements `int a = scan.nextInt();`, `int b = scan.nextInt();`, and `String op = scan.next();` will be covered.\n\n4. Print input statement: The statement `System.out.printf(\"%d\" + \"%s\" + \"%d\", a, op, b);` is executed.\n\n5. Infinite loop declaration: The declaration of the infinite loop `while(true){` is executed.\n\n6. If-Else conditions inside the loop: The first `if` condition checks if `op` is equivalent to `\"+\"`. However, due to Java's string comparison using `.equals()` method for content equality instead of `==` for reference comparison, this condition will always fail. Therefore, the statement inside this `if` block will not be executed. The same applies to the other `else if` conditions - they will all fail due to incorrect string comparison method (`==` instead of `.equals()`). Because of this, none of the arithmetic operation outputs inside the `if` and `else if` blocks will be executed.\n\n7. Break statement: Since none of the conditions for arithmetic operations are met due to the string comparison issue, the loop will never encounter a `break;` statement and will result in an infinite loop.\n\nBased on the above plan, the predicted code coverage is as follows:\n\n> public class Main{\n> \tpublic static void main(String[] args){\n> \t\tScanner scan = new Scanner(System.in);\n> \t\tint a = scan.nextInt();\n> \t\tint b = scan.nextInt();\n> \t\tString op = scan.next();\n> \t\tSystem.out.printf(\"%d\" + \"%s\" + \"%d\", a, op, b);\n> \t\twhile(true){\n! \t\t\tif(op == \"+\"){\n! \t\t\t\tSystem.out.println(a + b);\n! \t\t\t}else if(op == \"-\"){\n! \t\t\t\tSystem.out.println(a - b);\n! \t\t\t}else if(op == \"*\"){\n! \t\t\t\tSystem.out.println(a * b);\n! \t\t\t}else if(op == \"/\"){\n! \t\t\t\tSystem.out.println(a / b);\n! \t\t\t}else if(op == \"?\"){\n! \t\t\t\tbreak;\n> \t\t\t}\n> \t\t}\n> \t}\n> }\n\nDue to the infinite loop caused by incorrect string comparison, the actual output operation within the loop would not be executed, and the program would not break out of the loop as intended. Thus, the statements within the loop conditions are marked as not executed (`!`).",
            "test_seed_coverage": [
                ">",
                ">",
                ">",
                ">",
                ">",
                ">",
                ">",
                ">",
                ">",
                "!",
                ">",
                "!",
                ">",
                ">",
                ">",
                ">",
                ">",
                ">",
                ">",
                ">",
                ">",
                ">"
            ],
            "cumulative_coverage": [
                ">",
                ">",
                ">",
                ">",
                ">",
                ">",
                ">",
                ">",
                ">",
                "!",
                ">",
                "!",
                ">",
                ">",
                ">",
                ">",
                ">",
                ">",
                ">",
                ">",
                ">",
                ">"
            ],
            "cerberus_output": "",
            "execution_result": ""
        },
        {
            "test_case": [
                "Test Case Input:\n5\n3\n+"
            ],
            "test_mutations": [
                "Test Case Input:\n5\n3\n+"
            ],
            "initial_code": "public class Main{\n\tpublic static void main(String[] args){\n\t\tScanner scan = new Scanner(System.in);\n\t\tint a = scan.nextInt();\n\t\tint b = scan.nextInt();\n\t\tString op = scan.next();\n\t\tSystem.out.printf(\"%d\" + \"%s\" + \"%d\", a, op, b);\n\t\twhile(true){\n\t\t\tif(op == \"+\"){\n\t\t\t\tSystem.out.println(a + b);\n\t\t\t}else if(op == \"-\"){\n\t\t\t\tSystem.out.println(a - b);\n\t\t\t}else if(op == \"*\"){\n\t\t\t\tSystem.out.println(a * b);\n\t\t\t}else if(op == \"/\"){\n\t\t\t\tSystem.out.println(a / b);\n\t\t\t}else if(op == \"?\"){\n\t\t\t\tbreak;\n\t\t\t}\n\t\t}\n\t}\n}",
            "covered_code": "Plan for step by step execution of the Java Program:\n\n1. Import Statements: Since there's an implied import for `java.util.Scanner`, it'll be executed to use `Scanner` class for input. However, it's not explicitly mentioned in the snippet, but assumed to be there for the code to compile successfully.\n\n2. Class Declaration: The statement `public class Main{` indicates the beginning of the class declaration and is always executed.\n\n3. Main Method Declaration: The `public static void main(String[] args){` declares the entry point of the program and is always executed.\n\n4. User Input and Program Output: Statements for reading inputs using `Scanner` are always executed. Thus, statements `int a = scan.nextInt();`, `int b = scan.nextInt();`, and `String op = scan.next();` will be executed as part of the input-reading process. The `System.out.printf(\"%d\" + \"%s\" + \"%d\", a, op, b);` for outputting the inputs back to the user will also be executed.\n\n5. While Loop Execution: The `while(true){` ensures that the loop will execute indefinitely until a `break;` statement is encountered.\n\n6. If-Else Condition inside While Loop: Given the input `+` as the operation, the program will check each condition in the if-else chain. Since Java uses `equals()` method for string comparison, not `==`, the condition `if(op == \"+\"){` will never be true due to incorrect string comparison method. This means none of the conditions for operations (`+`, `-`, `*`, `/`) will be met as they all use `==` for comparison. Hence, all operational blocks inside the while loop will not be executed.\n\n7. Infinite Loop: Given the incorrect string comparison, the loop will run indefinitely and will not reach the `break;` statement, which is meant to exit the loop if the operation is `?`. Since the input operation is `+`, and due to the incorrect comparison method, it will result in an infinite loop.\n\nPredicted Code Coverage:\n\n```java\n> public class Main{\n> \tpublic static void main(String[] args){\n> \t\tScanner scan = new Scanner(System.in);\n> \t\tint a = scan.nextInt();\n> \t\tint b = scan.nextInt();\n> \t\tString op = scan.next();\n> \t\tSystem.out.printf(\"%d\" + \"%s\" + \"%d\", a, op, b);\n> \t\twhile(true){\n! \t\t\tif(op == \"+\"){\n! \t\t\t\tSystem.out.println(a + b);\n! \t\t\t}else if(op == \"-\"){\n! \t\t\t\tSystem.out.println(a - b);\n! \t\t\t}else if(op == \"*\"){\n! \t\t\t\tSystem.out.println(a * b);\n! \t\t\t}else if(op == \"/\"){\n! \t\t\t\tSystem.out.println(a / b);\n! \t\t\t}else if(op == \"?\"){\n! \t\t\t\tbreak;\n> \t\t\t}\n> \t\t}\n> \t}\n> }\n```\n\nOutput: The program will not terminate normally due to an infinite loop caused by incorrect string comparison (`==` instead of `.equals()`). Thus, it will not produce a runtime exception but will hang indefinitely until manually terminated.",
            "test_seed_coverage": [
                ">",
                ">",
                ">",
                ">",
                ">",
                ">",
                ">",
                ">",
                ">",
                "!",
                ">",
                "!",
                ">",
                ">",
                ">",
                ">",
                ">",
                ">",
                ">",
                ">",
                ">",
                ">"
            ],
            "cumulative_coverage": [
                ">",
                ">",
                ">",
                ">",
                ">",
                ">",
                ">",
                ">",
                ">",
                "!",
                ">",
                "!",
                ">",
                ">",
                ">",
                ">",
                ">",
                ">",
                ">",
                ">",
                ">",
                ">"
            ],
            "cerberus_output": "",
            "execution_result": ""
        },
        {
            "test_case": [
                "Test Case Input:\n2\n3\n\"+\"\n"
            ],
            "test_mutations": [
                "Test Case Input:\n2\n3\n\"+\"\n"
            ],
            "initial_code": "public class Main{\n\tpublic static void main(String[] args){\n\t\tScanner scan = new Scanner(System.in);\n\t\tint a = scan.nextInt();\n\t\tint b = scan.nextInt();\n\t\tString op = scan.next();\n\t\tSystem.out.printf(\"%d\" + \"%s\" + \"%d\", a, op, b);\n\t\twhile(true){\n\t\t\tif(op == \"+\"){\n\t\t\t\tSystem.out.println(a + b);\n\t\t\t}else if(op == \"-\"){\n\t\t\t\tSystem.out.println(a - b);\n\t\t\t}else if(op == \"*\"){\n\t\t\t\tSystem.out.println(a * b);\n\t\t\t}else if(op == \"/\"){\n\t\t\t\tSystem.out.println(a / b);\n\t\t\t}else if(op == \"?\"){\n\t\t\t\tbreak;\n\t\t\t}\n\t\t}\n\t}\n}",
            "covered_code": "Given the test case input and the Java program, let's develop a plan for step-by-step execution to predict the code coverage:\n\n1. **Scanner Class Import**: The import statement for Scanner class will be executed since it's necessary for the program to run.\n2. **Main Class Declaration**: The class declaration `public class Main` is always executed.\n3. **Main Method Declaration**: The `main` method declaration is always executed as it's the entry point of the program.\n4. **Scanner Object Creation and User Input**: The statements for creating a Scanner object and reading user inputs (`int a = scan.nextInt();`, `int b = scan.nextInt();`, `String op = scan.next();`) will be executed.\n5. **System.out.printf Execution**: The statement to print the operation (`System.out.printf(\"%d\" + \"%s\" + \"%d\", a, op, b);`) will be executed.\n6. **While Loop Execution**: The `while(true)` loop is always true, hence it will be executed.\n7. **If-ElseIf Structure within the While Loop**:\n    - The first `if` condition checks if `op` is equal to `\"+\"`. However, due to Java's string comparison using `==` instead of `equals()`, this comparison will not behave as expected and will not evaluate to true even if `op` is `\"+\"`.\n    - Similarly, the `else if` conditions for `\"-\"`, `\"*\"`, and `\"/\"` will not evaluate to true for the same reason.\n    - The condition to check if `op` is `\"?\"` will also not evaluate to true since the input does not contain `\"?\"`.\n    - Given that none of the conditions will be satisfied due to incorrect string comparison, the loop will run indefinitely without executing any of the print statements inside the conditions.\n\n8. **Break Statement**: Will not be reached nor executed due to the endless loop caused by the string comparison issue.\n\n**Predicted Code Coverage**:\n```\n> public class Main{\n>     public static void main(String[] args){\n>         Scanner scan = new Scanner(System.in);\n>         int a = scan.nextInt();\n>         int b = scan.nextInt();\n>         String op = scan.next();\n>         System.out.printf(\"%d\" + \"%s\" + \"%d\", a, op, b);\n>         while(true){\n!             if(op == \"+\"){\n!                 System.out.println(a + b);\n!             }else if(op == \"-\"){\n!                 System.out.println(a - b);\n!             }else if(op == \"*\"){\n!                 System.out.println(a * b);\n!             }else if(op == \"/\"){\n!                 System.out.println(a / b);\n!             }else if(op == \"?\"){\n!                 break;\n>             }\n>         }\n>     }\n> }\n```\n\n**Conclusion**: The loop will result in an infinite loop, and the conditions for addition, subtraction, multiplication, division, and break will not be executed as expected due to the incorrect use of `==` for string comparison instead of `.equals()`. This leads to all condition blocks inside the `while` loop being marked as not executed (`!`).",
            "test_seed_coverage": [
                ">",
                ">",
                ">",
                ">",
                ">",
                ">",
                ">",
                ">",
                ">",
                "!",
                ">",
                "!",
                ">",
                ">",
                ">",
                ">",
                ">",
                ">",
                ">",
                ">",
                ">",
                ">"
            ],
            "cumulative_coverage": [
                ">",
                ">",
                ">",
                ">",
                ">",
                ">",
                ">",
                ">",
                ">",
                "!",
                ">",
                "!",
                ">",
                ">",
                ">",
                ">",
                ">",
                ">",
                ">",
                ">",
                ">",
                ">"
            ],
            "cerberus_output": "",
            "execution_result": ""
        },
        {
            "test_case": [
                "Test Case Input:\n5\n2\n+"
            ],
            "test_mutations": [
                "Test Case Input:\n5\n2\n+"
            ],
            "initial_code": "public class Main{\n\tpublic static void main(String[] args){\n\t\tScanner scan = new Scanner(System.in);\n\t\tint a = scan.nextInt();\n\t\tint b = scan.nextInt();\n\t\tString op = scan.next();\n\t\tSystem.out.printf(\"%d\" + \"%s\" + \"%d\", a, op, b);\n\t\twhile(true){\n\t\t\tif(op == \"+\"){\n\t\t\t\tSystem.out.println(a + b);\n\t\t\t}else if(op == \"-\"){\n\t\t\t\tSystem.out.println(a - b);\n\t\t\t}else if(op == \"*\"){\n\t\t\t\tSystem.out.println(a * b);\n\t\t\t}else if(op == \"/\"){\n\t\t\t\tSystem.out.println(a / b);\n\t\t\t}else if(op == \"?\"){\n\t\t\t\tbreak;\n\t\t\t}\n\t\t}\n\t}\n}",
            "covered_code": "Plan for step by step execution of the given Java program with the test case \"5\\n2\\n+\" and predicting code coverage:\n\n1. Import statements: Always executed. Statement `import java.util.Scanner;` will be covered.\n\n2. Main class declaration: Always executed. Statement `public class Main {` is covered.\n\n3. Main method declaration: Always executed. Statement `public static void main(String[] args) {` is covered.\n\n4. User Input: Always executed. Statements `Scanner scan = new Scanner(System.in);`, `int a = scan.nextInt();`, `int b = scan.nextInt();`, and `String op = scan.next();` are covered.\n\n5. Print formatted input: Statement `System.out.printf(\"%d\" + \"%s\" + \"%d\", a, op, b);` is executed and covered.\n\n6. Infinite while loop: The condition `while(true)` means this loop will execute indefinitely unless a break statement is encountered.\n\n7. If-else conditions inside the loop:\n   - Since the operator is \"+\", the first if condition `if(op == \"+\")` is evaluated. However, due to Java's way of comparing strings using `==` instead of `.equals()`, this condition will not behave as expected and will not be true. Thus, the statement inside it will not be executed.\n   - The rest of the else-if conditions are also not executed due to the same reason as above and because the input operator is \"+\".\n   - No break statement is executed since none of the conditions that would lead to a break (`else if(op == \"?\")`) are met.\n\n8. Infinite loop execution: Due to the incorrect string comparison (`==` instead of `.equals()`), the loop will run indefinitely, and the program will not terminate normally, resulting in no code after the loop being executed.\n\n9. Closing brackets: Always covered.\n\nGiven the plan, the code coverage for the Java program based on its test case and step-by-step reasoning for execution is:\n\n```\n> public class Main{\n>     public static void main(String[] args){\n>         Scanner scan = new Scanner(System.in);\n>         int a = scan.nextInt();\n>         int b = scan.nextInt();\n>         String op = scan.next();\n>         System.out.printf(\"%d\" + \"%s\" + \"%d\", a, op, b);\n>         while(true){\n!             if(op == \"+\"){\n!                 System.out.println(a + b);\n!             }else if(op == \"-\"){\n!                 System.out.println(a - b);\n!             }else if(op == \"*\"){\n!                 System.out.println(a * b);\n!             }else if(op == \"/\"){\n!                 System.out.println(a / b);\n!             }else if(op == \"?\"){\n!                 break;\n>             }\n>         }\n>     }\n> }\n```\n\nOUTPUT:\nThe program will not terminate normally due to an infinite loop caused by incorrect string comparison using `==` instead of `.equals()`. Therefore, it does not reach a state where it can produce an output or a break statement.",
            "test_seed_coverage": [
                ">",
                ">",
                ">",
                ">",
                ">",
                ">",
                ">",
                ">",
                ">",
                "!",
                ">",
                "!",
                ">",
                ">",
                ">",
                ">",
                ">",
                ">",
                ">",
                ">",
                ">",
                ">"
            ],
            "cumulative_coverage": [
                ">",
                ">",
                ">",
                ">",
                ">",
                ">",
                ">",
                ">",
                ">",
                "!",
                ">",
                "!",
                ">",
                ">",
                ">",
                ">",
                ">",
                ">",
                ">",
                ">",
                ">",
                ">"
            ],
            "cerberus_output": "",
            "execution_result": ""
        }
    ]
}