{
    "submission_id": "s867203235",
    "cycles": [
        {
            "test_case": [
                "Test Case Input:\n5\n1 2 3 4 5"
            ],
            "test_mutations": [
                "Test Case Input:\n5\n1 2 3 4 5"
            ],
            "initial_code": "public class Main {\n    public int algorithm(int n, int[] h){\n        int[] Table = new int[n];\n        Table[0] = 0;\n        if (n <= 1){ \n            return Table[0];\n        }\n        Table[1] = Math.abs(h[0]-h[1]);\n        if (n == 2){ \n            return Table[1];\n        }\n        for (int i = 2; i < n; i++){\n            if (Math.abs(h[i-2]-h[i]) < Math.abs(h[i-1]-h[i])){\n                Table[i] = Table[i-2] + Math.abs(h[i-2]-h[i]);\n            }\n            else {\n                Table[i] = Table[i-1] + Math.abs(h[i-1]-h[i]);\n            }\n        }\n        return Table[n-1];\n    }\n}",
            "covered_code": "To predict the code coverage for the given Java program with the test case input of `5 1 2 3 4 5`, we will follow the given plan step by step:\n\n1. **Class Declaration**: This is always executed as part of the program structure. Statement `public class Main {` is covered.\n\n2. **Method Declaration**: The declaration of the method `algorithm` is always executed when the program is compiled. Statement `public int algorithm(int n, int[] h){` is covered.\n\n3. **Initialization of Table**: The statement `int[] Table = new int[n];` initializes the array and is always executed. Statement `Table[0] = 0;` is also covered as it is directly after initialization.\n\n4. **First If Condition**: Checks if `n <= 1`. With the test case input, `n` is `5`, so this condition is false. The statement inside the condition is not executed.\n   - `if (n <= 1){` is covered, but the return statement inside it is not executed.\n\n5. **Initialization of Table[1]**: Statement `Table[1] = Math.abs(h[0]-h[1]);` is executed as part of the algorithm's setup for the dynamic programming table.\n\n6. **Second If Condition**: Checks if `n == 2`. With the test case, `n` is `5`, so this condition is also false. The statement inside the condition is not executed.\n   - `if (n == 2){` is covered, but the return statement inside it is not executed.\n\n7. **For Loop Execution**: The for loop is designed to fill the dynamic programming table based on the given conditions. Since `n` is `5`, the loop will execute for `i = 2` to `i = 4`.\n   - The loop condition `for (int i = 2; i < n; i++){` is covered and is executed for `i = 2, 3, 4`.\n\n8. **If-Else inside For Loop**: Within the loop, there's a decision to be made on how to calculate `Table[i]` based on the comparison of two absolute differences. With the inputs provided, this condition will be evaluated and both branches (the if and the else) may be executed depending on the input values.\n   - Since the test case has varied values, it is likely both branches will be executed at different iterations.\n\n9. **Return Statement**: The final return statement `return Table[n-1];` is executed after the loop completes.\n\nBased on the steps outlined above, the code coverage for the given Java program is summarized as follows:\n\n```plaintext\n> public class Main {\n>     public int algorithm(int n, int[] h){\n>         int[] Table = new int[n];\n>         Table[0] = 0;\n>         if (n <= 1){ \n!             return Table[0];\n>         }\n>         Table[1] = Math.abs(h[0]-h[1]);\n>         if (n == 2){ \n!             return Table[1];\n>         }\n>         for (int i = 2; i < n; i++){\n>             if (Math.abs(h[i-2]-h[i]) < Math.abs(h[i-1]-h[i])){\n>                 Table[i] = Table[i-2] + Math.abs(h[i-2]-h[i]);\n>             }\n>             else {\n>                 Table[i] = Table[i-1] + Math.abs(h[i-1]-h[i]);\n>             }\n>         }\n>         return Table[n-1];\n>     }\n> }\n```\n\nExplanation:\n- The first and second if conditions are executed but their internal return statements are not because `n = 5`, which does not satisfy these conditions.\n- The for loop and its contents are executed fully, filling in the dynamic programming table.\n- The if-else conditions within the loop are covered as part of normal execution, assuming a variety of inputs such that both conditions are met at some point in the loop iterations.",
            "test_seed_coverage": [
                ">",
                ">",
                ">",
                ">",
                ">",
                "!",
                ">",
                ">",
                ">",
                "!",
                ">",
                ">",
                ">",
                ">",
                ">",
                ">",
                ">",
                ">",
                ">",
                ">",
                ">",
                ">"
            ],
            "cumulative_coverage": [
                ">",
                ">",
                ">",
                ">",
                ">",
                "!",
                ">",
                ">",
                ">",
                "!",
                ">",
                ">",
                ">",
                ">",
                ">",
                ">",
                ">",
                ">",
                ">",
                ">",
                ">",
                ">"
            ],
            "execution_error": "Error: Main method not found in class Main, please define the main method as:\n   public static void main(String[] args)\nor a JavaFX application class must extend javafx.application.Application",
            "cerberus_output": "",
            "execution_result": ""
        },
        {
            "test_case": [
                "Test Case Input:\n5\n10 5 2 8 12"
            ],
            "test_mutations": [
                "Test Case Input:\n5\n10 5 2 8 12"
            ],
            "initial_code": "public class Main {\n    public int algorithm(int n, int[] h){\n        int[] Table = new int[n];\n        Table[0] = 0;\n        if (n <= 1){ \n            return Table[0];\n        }\n        Table[1] = Math.abs(h[0]-h[1]);\n        if (n == 2){ \n            return Table[1];\n        }\n        for (int i = 2; i < n; i++){\n            if (Math.abs(h[i-2]-h[i]) < Math.abs(h[i-1]-h[i])){\n                Table[i] = Table[i-2] + Math.abs(h[i-2]-h[i]);\n            }\n            else {\n                Table[i] = Table[i-1] + Math.abs(h[i-1]-h[i]);\n            }\n        }\n        return Table[n-1];\n    }\n}",
            "covered_code": "PLAN for step by step execution of the given Java program with the test case input `5 10 5 2 8 12`:\n\n1. **Class Declaration**: This is always executed. Statement `public class Main {` is covered.\n2. **Method Declaration**: The `algorithm` method declaration is always executed when the method is called. Statement `public int algorithm(int n, int[] h){` is covered.\n3. **Initialization of Table Array**: The first statement inside the method initializes an array. Statement `int[] Table = new int[n];` is covered.\n4. **First if condition**: This checks if `n <= 1`. Given `n = 5`, this condition is false. So, the if block is not executed.\n5. **Initialization of Table[1]**: The statement `Table[1] = Math.abs(h[0]-h[1]);` is executed since `n > 1`.\n6. **Second if condition**: This checks if `n == 2`. Given `n = 5`, this condition is false. So, the if block is not executed.\n7. **For loop Execution**: The for loop is executed starting from `i = 2` to `i < n` (i.e., `i < 5`). Therefore, the loop block will be executed for `i = 2, 3, 4`.\n8. **If-Else inside For loop**: Depending on the values of `h`, this block will be executed accordingly for each iteration of the loop.\n9. **Return Statement**: The last statement returns `Table[n-1]`, which is executed.\n\nGiven the Test Case Input: `5 10 5 2 8 12`, let's predict the code coverage:\n\n- The input `n = 5` and heights array `h = {10, 5, 2, 8, 12}`.\n\nCoverage:\n\n> public class Main {\n>     public int algorithm(int n, int[] h){\n>         int[] Table = new int[n];\n>         Table[0] = 0;\n!         if (n <= 1){ \n!             return Table[0];\n!         }\n>         Table[1] = Math.abs(h[0]-h[1]);\n!         if (n == 2){ \n!             return Table[1];\n!         }\n>         for (int i = 2; i < n; i++){\n>             if (Math.abs(h[i-2]-h[i]) < Math.abs(h[i-1]-h[i])){\n>                 Table[i] = Table[i-2] + Math.abs(h[i-2]-h[i]);\n>             }\n>             else {\n>                 Table[i] = Table[i-1] + Math.abs(h[i-1]-h[i]);\n>             }\n>         }\n>         return Table[n-1];\n>     }\n> }\n\nGiven that the `if` conditions for `n <= 1` and `n == 2` are not met due to `n = 5`, those blocks are not executed. The for loop and the if-else conditions inside it are executed for each iteration, as explained in the plan.",
            "test_seed_coverage": [
                ">",
                ">",
                ">",
                ">",
                ">",
                "!",
                ">",
                ">",
                ">",
                "!",
                ">",
                ">",
                ">",
                ">",
                ">",
                ">",
                ">",
                ">",
                ">",
                ">",
                ">",
                ">"
            ],
            "cumulative_coverage": [
                ">",
                ">",
                ">",
                ">",
                ">",
                "!",
                ">",
                ">",
                ">",
                "!",
                ">",
                ">",
                ">",
                ">",
                ">",
                ">",
                ">",
                ">",
                ">",
                ">",
                ">",
                ">"
            ],
            "execution_error": "Error: Main method not found in class Main, please define the main method as:\n   public static void main(String[] args)\nor a JavaFX application class must extend javafx.application.Application",
            "cerberus_output": "",
            "execution_result": ""
        },
        {
            "test_case": [
                "Test Case Input:\n3\n1 2 3"
            ],
            "test_mutations": [
                "Test Case Input:\n3\n1 2 3"
            ],
            "initial_code": "public class Main {\n    public int algorithm(int n, int[] h){\n        int[] Table = new int[n];\n        Table[0] = 0;\n        if (n <= 1){ \n            return Table[0];\n        }\n        Table[1] = Math.abs(h[0]-h[1]);\n        if (n == 2){ \n            return Table[1];\n        }\n        for (int i = 2; i < n; i++){\n            if (Math.abs(h[i-2]-h[i]) < Math.abs(h[i-1]-h[i])){\n                Table[i] = Table[i-2] + Math.abs(h[i-2]-h[i]);\n            }\n            else {\n                Table[i] = Table[i-1] + Math.abs(h[i-1]-h[i]);\n            }\n        }\n        return Table[n-1];\n    }\n}",
            "covered_code": "Based on the provided java program and the test case input, let's develop a plan for step-by-step execution and predict the code coverage.\n\nTest Case Input:\n3\n1 2 3\n\nGiven Java Program:\n```java\npublic class Main {\n    public int algorithm(int n, int[] h){\n        int[] Table = new int[n];\n        Table[0] = 0;\n        if (n <= 1){ \n            return Table[0];\n        }\n        Table[1] = Math.abs(h[0]-h[1]);\n        if (n == 2){ \n            return Table[1];\n        }\n        for (int i = 2; i < n; i++){\n            if (Math.abs(h[i-2]-h[i]) < Math.abs(h[i-1]-h[i])){\n                Table[i] = Table[i-2] + Math.abs(h[i-2]-h[i]);\n            }\n            else {\n                Table[i] = Table[i-1] + Math.abs(h[i-1]-h[i]);\n            }\n        }\n        return Table[n-1];\n    }\n}\n```\nPlan for Step by Step Execution:\n1. Class Declaration: The statement \"public class Main {\" is always executed.\n2. Method Declaration: The statement \"public int algorithm(int n, int[] h){\" is always executed when the method is called.\n3. Initialization of Table array: The statement \"int[] Table = new int[n];\" is always executed.\n4. Setting the first element of Table: The statement \"Table[0] = 0;\" is always executed.\n5. First conditional check (if n <= 1): Since n=3, this condition is false. \n6. Initialization of Table[1]: The statement \"Table[1] = Math.abs(h[0]-h[1]);\" is executed.\n7. Second conditional check (if n == 2): Since n=3, this condition is false.\n8. Loop Execution (for i = 2; i < n; i++): This loop will be executed for i=2 since n=3.\n9. Inside loop, conditional check for choosing between Table[i-2] and Table[i-1]: Depending on the values in h[], the corresponding if or else block will be executed.\n10. Return statement at the end: The statement \"return Table[n-1];\" is executed.\n\nPredicted Code Coverage:\n```java\n> public class Main {\n>     public int algorithm(int n, int[] h){\n>         int[] Table = new int[n];\n>         Table[0] = 0;\n!         if (n <= 1){ \n!             return Table[0];\n>         }\n>         Table[1] = Math.abs(h[0]-h[1]);\n!         if (n == 2){ \n!             return Table[1];\n>         }\n>         for (int i = 2; i < n; i++){\n>             if (Math.abs(h[i-2]-h[i]) < Math.abs(h[i-1]-h[i])){\n>                 Table[i] = Table[i-2] + Math.abs(h[i-2]-h[i]);\n>             }\n>             else {\n>                 Table[i] = Table[i-1] + Math.abs(h[i-1]-h[i]);\n>             }\n>         }\n>         return Table[n-1];\n>     }\n> }\n```\nCoverage Summary:\n- All the lines in the method `algorithm` are executed except for those inside the conditions `if (n <= 1)` and `if (n == 2)`, as the conditions are false based on the given input. The exact branch (if or else) inside the loop that is executed depends on the values in the array `h`, but with the given input (1, 2, 3), both branches can potentially be covered depending on the implementation of `Math.abs`.",
            "test_seed_coverage": [
                ">",
                ">",
                ">",
                ">",
                ">",
                "!",
                ">",
                ">",
                ">",
                "!",
                ">",
                ">",
                ">",
                ">",
                ">",
                ">",
                ">",
                ">",
                ">",
                ">",
                ">",
                ">"
            ],
            "cumulative_coverage": [
                ">",
                ">",
                ">",
                ">",
                ">",
                "!",
                ">",
                ">",
                ">",
                "!",
                ">",
                ">",
                ">",
                ">",
                ">",
                ">",
                ">",
                ">",
                ">",
                ">",
                ">",
                ">"
            ],
            "execution_error": "Error: Main method not found in class Main, please define the main method as:\n   public static void main(String[] args)\nor a JavaFX application class must extend javafx.application.Application",
            "cerberus_output": "",
            "execution_result": ""
        },
        {
            "test_case": [
                "Test Case Input:\n5\n1 2 3 4 5"
            ],
            "test_mutations": [
                "Test Case Input:\n5\n1 2 3 4 5"
            ],
            "initial_code": "public class Main {\n    public int algorithm(int n, int[] h){\n        int[] Table = new int[n];\n        Table[0] = 0;\n        if (n <= 1){ \n            return Table[0];\n        }\n        Table[1] = Math.abs(h[0]-h[1]);\n        if (n == 2){ \n            return Table[1];\n        }\n        for (int i = 2; i < n; i++){\n            if (Math.abs(h[i-2]-h[i]) < Math.abs(h[i-1]-h[i])){\n                Table[i] = Table[i-2] + Math.abs(h[i-2]-h[i]);\n            }\n            else {\n                Table[i] = Table[i-1] + Math.abs(h[i-1]-h[i]);\n            }\n        }\n        return Table[n-1];\n    }\n}",
            "covered_code": "To predict the code coverage for the given Java program based on the provided test case input, we follow the plan step by step. The test case input is `5 1 2 3 4 5`, indicating that `n=5` and `h=[1, 2, 3, 4, 5]`.\n\n**Plan for step by step execution:**\n\n1. **Class Declaration**: always executed. Statement `public class Main {` is covered.\n\n2. **Algorithm Method Declaration**: always executed when the method is called. Statement `public int algorithm(int n, int[] h){` is covered.\n\n3. **Initialization of Table Array**: always executed upon method call. Statement `int[] Table = new int[n];` is covered.\n\n4. **Initialization of First Table Element**: always executed following the array initialization. Statement `Table[0] = 0;` is covered.\n\n5. **First If Condition `(n <= 1)`:** not satisfied because `n=5`. Statement `if (n <= 1){` is covered, but `return Table[0];` is not executed.\n\n6. **Initialization of Second Table Element**: always executed after the first if condition check. Statement `Table[1] = Math.abs(h[0]-h[1]);` is covered.\n\n7. **Second If Condition `(n == 2)`:** not satisfied because `n=5`. Statement `if (n == 2){` is covered, but `return Table[1];` is not executed.\n\n8. **For Loop Execution**: The condition `(i < n)` is true for `i=2` to `i=4`, so the loop executes. Statement `for (int i = 2; i < n; i++){` is covered.\n\n9. **If-Else within For Loop**: This condition is evaluated multiple times to decide which path to take for updating `Table[i]`. Since `h=[1, 2, 3, 4, 5]`, the specific condition `if (Math.abs(h[i-2]-h[i]) < Math.abs(h[i-1]-h[i])){` will be evaluated and covered, along with the else block, depending on the values of `h`.\n\n10. **Return Statement**: The last statement to execute which returns `Table[n-1];` is always executed.\n\nBased on the plan, the expected code coverage for this Java program with the given test case is:\n\n```\n> public class Main {\n>     public int algorithm(int n, int[] h){\n>         int[] Table = new int[n];\n>         Table[0] = 0;\n>         if (n <= 1){ \n!             return Table[0];\n>         }\n>         Table[1] = Math.abs(h[0]-h[1]);\n>         if (n == 2){ \n!             return Table[1];\n>         }\n>         for (int i = 2; i < n; i++){\n>             if (Math.abs(h[i-2]-h[i]) < Math.abs(h[i-1]-h[i])){\n>                 Table[i] = Table[i-2] + Math.abs(h[i-2]-h[i]);\n>             }\n>             else {\n>                 Table[i] = Table[i-1] + Math.abs(h[i-1]-h[i]);\n>             }\n>         }\n>         return Table[n-1];\n>     }\n> }\n```\n\nSince the input `n=5` ensures that all the main parts of the algorithm are executed at least once, including both the main `if` condition and the `else` block within the for loop, these parts of the code are covered. The specific branches not taken (`return Table[0];` and `return Table[1];`) are marked as not executed because the conditions for their execution are not met.",
            "test_seed_coverage": [
                ">",
                ">",
                ">",
                ">",
                ">",
                "!",
                ">",
                ">",
                ">",
                "!",
                ">",
                ">",
                ">",
                ">",
                ">",
                ">",
                ">",
                ">",
                ">",
                ">",
                ">",
                ">"
            ],
            "cumulative_coverage": [
                ">",
                ">",
                ">",
                ">",
                ">",
                "!",
                ">",
                ">",
                ">",
                "!",
                ">",
                ">",
                ">",
                ">",
                ">",
                ">",
                ">",
                ">",
                ">",
                ">",
                ">",
                ">"
            ],
            "execution_error": "Error: Main method not found in class Main, please define the main method as:\n   public static void main(String[] args)\nor a JavaFX application class must extend javafx.application.Application",
            "cerberus_output": "",
            "execution_result": ""
        },
        {
            "test_case": [
                "Test Case Input:\n3\n1 2 3"
            ],
            "test_mutations": [
                "Test Case Input:\n3\n1 2 3"
            ],
            "initial_code": "public class Main {\n    public int algorithm(int n, int[] h){\n        int[] Table = new int[n];\n        Table[0] = 0;\n        if (n <= 1){ \n            return Table[0];\n        }\n        Table[1] = Math.abs(h[0]-h[1]);\n        if (n == 2){ \n            return Table[1];\n        }\n        for (int i = 2; i < n; i++){\n            if (Math.abs(h[i-2]-h[i]) < Math.abs(h[i-1]-h[i])){\n                Table[i] = Table[i-2] + Math.abs(h[i-2]-h[i]);\n            }\n            else {\n                Table[i] = Table[i-1] + Math.abs(h[i-1]-h[i]);\n            }\n        }\n        return Table[n-1];\n    }\n}",
            "covered_code": "Given the test case input \"3 1 2 3\" for the JAVA PROGRAM, let's develop a plan for step by step execution and predict the code coverage:\n\n1. **Class Declaration**: The declaration of the class `Main` is always executed.\n\n2. **Method Declaration**: The declaration of the method `algorithm(int n, int[] h)` is always executed.\n\n3. **Initialization**: The initialization of the array `Table` with size `n` is executed since it's part of the `algorithm` method's logic.\n\n4. **First If Condition**: The first if condition checks if `n <= 1`. Given `n=3`, this condition is false, so the block inside this condition is not executed.\n\n5. **Initialization of Table[1]**: The statement `Table[1] = Math.abs(h[0]-h[1]);` is executed since `n` is greater than 1.\n\n6. **Second If Condition**: The second if condition checks if `n == 2`. Given `n=3`, this condition is also false, so the block inside this condition is not executed.\n\n7. **For Loop**: The for loop is designed to iterate starting from `i = 2` till `i < n`. Given `n=3`, this loop will execute only once for `i=2`.\n\n8. **Inner If Condition**: Inside the for loop, there's an if condition to check which of the two absolute differences is smaller. This condition will be executed to decide how to update `Table[i]`.\n\n9. **Return Statement**: The final return statement `return Table[n-1];` is executed to return the result of the algorithm.\n\nPredicting the code coverage based on the given test case and the plan:\n\n```\n> public class Main {\n>     public int algorithm(int n, int[] h){\n>         int[] Table = new int[n];\n!         Table[0] = 0;\n!         if (n <= 1){ \n!             return Table[0];\n!         }\n>         Table[1] = Math.abs(h[0]-h[1]);\n!         if (n == 2){ \n!             return Table[1];\n!         }\n>         for (int i = 2; i < n; i++){\n>             if (Math.abs(h[i-2]-h[i]) < Math.abs(h[i-1]-h[i])){\n>                 Table[i] = Table[i-2] + Math.abs(h[i-2]-h[i]);\n>             }\n>             else {\n>                 Table[i] = Table[i-1] + Math.abs(h[i-1]-h[i]);\n>             }\n>         }\n>         return Table[n-1];\n>     }\n> }\n```\n\nThis coverage analysis shows which parts of the code are executed based on the provided test case. The initializations of `Table[0]` and the blocks inside the first two if conditions are not executed because the conditions are not met with the given input.",
            "test_seed_coverage": [
                ">",
                ">",
                ">",
                ">",
                ">",
                "!",
                ">",
                ">",
                ">",
                "!",
                ">",
                ">",
                ">",
                ">",
                ">",
                ">",
                ">",
                ">",
                ">",
                ">",
                ">",
                ">"
            ],
            "cumulative_coverage": [
                ">",
                ">",
                ">",
                ">",
                ">",
                "!",
                ">",
                ">",
                ">",
                "!",
                ">",
                ">",
                ">",
                ">",
                ">",
                ">",
                ">",
                ">",
                ">",
                ">",
                ">",
                ">"
            ],
            "execution_error": "Error: Main method not found in class Main, please define the main method as:\n   public static void main(String[] args)\nor a JavaFX application class must extend javafx.application.Application",
            "cerberus_output": "",
            "execution_result": ""
        },
        {
            "test_case": [
                "Test Case Input:\n4\n1 2 3 4"
            ],
            "test_mutations": [
                "Test Case Input:\n4\n1 2 3 4"
            ],
            "initial_code": "public class Main {\n    public int algorithm(int n, int[] h){\n        int[] Table = new int[n];\n        Table[0] = 0;\n        if (n <= 1){ \n            return Table[0];\n        }\n        Table[1] = Math.abs(h[0]-h[1]);\n        if (n == 2){ \n            return Table[1];\n        }\n        for (int i = 2; i < n; i++){\n            if (Math.abs(h[i-2]-h[i]) < Math.abs(h[i-1]-h[i])){\n                Table[i] = Table[i-2] + Math.abs(h[i-2]-h[i]);\n            }\n            else {\n                Table[i] = Table[i-1] + Math.abs(h[i-1]-h[i]);\n            }\n        }\n        return Table[n-1];\n    }\n}",
            "covered_code": "To determine the code coverage for the provided Java program based on the given test case input \"4\\n1 2 3 4\", we will follow the outlined plan to execute the program step by step. \n\n**Plan for Step by Step Execution:**\n\n1. **Class Declaration**: Always executed. Statement `public class Main {` is covered.\n2. **Method Declaration**: Always executed. Statement `public int algorithm(int n, int[] h){` is covered.\n3. **Initialization of Table Array**: Executed once the method is called. Statement `int[] Table = new int[n];` is covered.\n4. **First Condition Check (`n <= 1`)**: Since `n = 4`, this condition is false. Statement `if (n <= 1){` is covered, but the block inside it is not executed.\n5. **Initialization of `Table[1]`**: Since `n > 1`, this statement is executed. Statement `Table[1] = Math.abs(h[0]-h[1]);` is covered.\n6. **Second Condition Check (`n == 2`)**: Since `n = 4`, this condition is false. Statement `if (n == 2){` is covered, but the block inside it is not executed.\n7. **For Loop Execution**: The condition `(i < n)` is true for `i = 2` to `i = 3` (since `n = 4`), so the loop is executed for these values. Statement `for (int i = 2; i < n; i++){` is covered.\n8. **If-Else Condition inside For Loop**: This condition is evaluated for `i = 2` and `i = 3` to determine which path to take based on the comparison between `Math.abs(h[i-2]-h[i])` and `Math.abs(h[i-1]-h[i])`. Both the `if` statement and the `else` statement paths will be covered at least once due to the input values, ensuring full coverage of this block.\n9. **Return Statement**: Executed at the end of the method to return the result. Statement `return Table[n-1];` is covered.\n\n**Final Code Coverage:**\n\n```\n> public class Main {\n>     public int algorithm(int n, int[] h){\n>         int[] Table = new int[n];\n!         Table[0] = 0;\n!         if (n <= 1){ \n!             return Table[0];\n!         }\n>         Table[1] = Math.abs(h[0]-h[1]);\n!         if (n == 2){ \n!             return Table[1];\n!         }\n>         for (int i = 2; i < n; i++){\n>             if (Math.abs(h[i-2]-h[i]) < Math.abs(h[i-1]-h[i])){\n>                 Table[i] = Table[i-2] + Math.abs(h[i-2]-h[i]);\n>             }\n>             else {\n>                 Table[i] = Table[i-1] + Math.abs(h[i-1]-h[i]);\n>             }\n>         }\n>         return Table[n-1];\n>     }\n> }\n```\n\n**Note:** The `!` marks are placed where the specific conditions are false or not applicable due to the test case input. However, in this scenario, all significant paths of the code are covered due to the nature of the input, showing that the `!` marks are more about the initialization and early return conditions not being met, rather than a lack of coverage.",
            "test_seed_coverage": [
                ">",
                ">",
                ">",
                ">",
                ">",
                "!",
                ">",
                ">",
                ">",
                "!",
                ">",
                ">",
                ">",
                ">",
                ">",
                ">",
                ">",
                ">",
                ">",
                ">",
                ">",
                ">"
            ],
            "cumulative_coverage": [
                ">",
                ">",
                ">",
                ">",
                ">",
                "!",
                ">",
                ">",
                ">",
                "!",
                ">",
                ">",
                ">",
                ">",
                ">",
                ">",
                ">",
                ">",
                ">",
                ">",
                ">",
                ">"
            ],
            "execution_error": "Error: Main method not found in class Main, please define the main method as:\n   public static void main(String[] args)\nor a JavaFX application class must extend javafx.application.Application",
            "cerberus_output": "",
            "execution_result": ""
        },
        {
            "test_case": [
                "Test Case Input:\n3\n5 2 7"
            ],
            "test_mutations": [
                "Test Case Input:\n3\n5 2 7"
            ],
            "initial_code": "public class Main {\n    public int algorithm(int n, int[] h){\n        int[] Table = new int[n];\n        Table[0] = 0;\n        if (n <= 1){ \n            return Table[0];\n        }\n        Table[1] = Math.abs(h[0]-h[1]);\n        if (n == 2){ \n            return Table[1];\n        }\n        for (int i = 2; i < n; i++){\n            if (Math.abs(h[i-2]-h[i]) < Math.abs(h[i-1]-h[i])){\n                Table[i] = Table[i-2] + Math.abs(h[i-2]-h[i]);\n            }\n            else {\n                Table[i] = Table[i-1] + Math.abs(h[i-1]-h[i]);\n            }\n        }\n        return Table[n-1];\n    }\n}",
            "covered_code": "Given the test case input \"3\\n5 2 7\", let's develop a step-by-step plan to execute the code snippet and predict its code coverage.\n\n### Test Case Input:\n- n = 3 (The number of elements)\n- h = {5, 2, 7} (The array of elements)\n\n### Plan:\n1. **Class and Method Declaration**: These are always executed.\n2. **Initialization of Table array**: The `Table` array of size `n` (3) is initialized, and `Table[0] = 0` is executed.\n3. **First if-condition (`n <= 1`)**: This checks if `n` is less than or equal to 1. Since `n` is 3, this condition is false and thus not executed.\n4. **Assignment of `Table[1]`**: The statement `Table[1] = Math.abs(h[0]-h[1]);` calculates the absolute difference between the first and second elements of the `h` array, which will be executed.\n5. **Second if-condition (`n == 2`)**: This checks if `n` is equal to 2. Since `n` is 3, this condition is false and thus not executed.\n6. **For loop (`for (int i = 2; i < n; i++)`)**: The loop starts with `i = 2` and will execute for `i < n` (i.e., when `i = 2` because `n` is 3), thus covering the loop's conditional and its body.\n7. **If-else inside the for loop**: \n   - The condition checks which absolute difference is smaller: between `h[i-2]` and `h[i]`, or between `h[i-1]` and `h[i]`. \n   - For `i = 2`, it will compare `Math.abs(h[0]-h[2])` with `Math.abs(h[1]-h[2])` and execute one of the branches accordingly.\n8. **Return Statement**: The return statement `return Table[n-1];` will execute, returning the value from `Table[2]`.\n\n### Code Coverage Prediction:\n```\n> public class Main {\n>     public int algorithm(int n, int[] h){\n>         int[] Table = new int[n];\n>         Table[0] = 0;\n!         if (n <= 1){ \n!             return Table[0];\n>         }\n>         Table[1] = Math.abs(h[0]-h[1]);\n!         if (n == 2){ \n!             return Table[1];\n>         }\n>         for (int i = 2; i < n; i++){\n>             if (Math.abs(h[i-2]-h[i]) < Math.abs(h[i-1]-h[i])){\n>                 Table[i] = Table[i-2] + Math.abs(h[i-2]-h[i]);\n>             }\n>             else {\n>                 Table[i] = Table[i-1] + Math.abs(h[i-1]-h[i]);\n>             }\n>         }\n>         return Table[n-1];\n>     }\n> }\n```\n\nBased on the given plan and the test case input, we have executed most parts of the code, except for the conditions that check if `n` is less than or equal to 1 or exactly equal to 2, as our input `n` is 3, which bypasses these conditions.",
            "test_seed_coverage": [
                ">",
                ">",
                ">",
                ">",
                ">",
                "!",
                ">",
                ">",
                ">",
                "!",
                ">",
                ">",
                ">",
                ">",
                ">",
                ">",
                ">",
                ">",
                ">",
                ">",
                ">",
                ">"
            ],
            "cumulative_coverage": [
                ">",
                ">",
                ">",
                ">",
                ">",
                "!",
                ">",
                ">",
                ">",
                "!",
                ">",
                ">",
                ">",
                ">",
                ">",
                ">",
                ">",
                ">",
                ">",
                ">",
                ">",
                ">"
            ],
            "execution_error": "Error: Main method not found in class Main, please define the main method as:\n   public static void main(String[] args)\nor a JavaFX application class must extend javafx.application.Application",
            "cerberus_output": "",
            "execution_result": ""
        },
        {
            "test_case": [
                "Test Case Input:\n4\n3 5 2 7"
            ],
            "test_mutations": [
                "Test Case Input:\n4\n3 5 2 7"
            ],
            "initial_code": "public class Main {\n    public int algorithm(int n, int[] h){\n        int[] Table = new int[n];\n        Table[0] = 0;\n        if (n <= 1){ \n            return Table[0];\n        }\n        Table[1] = Math.abs(h[0]-h[1]);\n        if (n == 2){ \n            return Table[1];\n        }\n        for (int i = 2; i < n; i++){\n            if (Math.abs(h[i-2]-h[i]) < Math.abs(h[i-1]-h[i])){\n                Table[i] = Table[i-2] + Math.abs(h[i-2]-h[i]);\n            }\n            else {\n                Table[i] = Table[i-1] + Math.abs(h[i-1]-h[i]);\n            }\n        }\n        return Table[n-1];\n    }\n}",
            "covered_code": "To predict the code coverage for the given Java program based on the provided test case input \"4\\n3 5 2 7\", we need to follow a plan similar to the one illustrated in the example. The input suggests there are 4 elements in the array `h`, with values 3, 5, 2, and 7 respectively.\n\n### Plan for step by step execution:\n\n1. **Class Declaration**: Always executed. Statement \"`public class Main {`\" is covered.\n\n2. **Method Declaration**: Always executed. Statement \"`public int algorithm(int n, int[] h){`\" is covered.\n\n3. **Initialization of Table Array**: Executed once the method is called. Statement \"`int[] Table = new int[n];`\" is covered.\n\n4. **Initialization of First Table Element**: Executed after the Table array initialization. Statement \"`Table[0] = 0;`\" is covered.\n\n5. **First Conditional Check `if (n <= 1)`:** Since `n` is 4, this condition is false. Statement \"`if (n <= 1){`\" is covered, but the return statement inside it is not executed.\n\n6. **Initialization of Second Table Element**: Executed since `n` is greater than 1. Statement \"`Table[1] = Math.abs(h[0]-h[1]);`\" is covered.\n\n7. **Second Conditional Check `if (n == 2)`:** Since `n` is 4, this condition is false. Statement \"`if (n == 2){`\" is covered, but the return statement inside it is not executed.\n\n8. **For Loop Execution**: The condition `i < n` ensures the loop is executed for `i` values 2 and 3. Statement \"`for (int i = 2; i < n; i++){`\" is covered.\n\n9. **Inside For Loop - Conditional Check**: This check determines which value to assign to `Table[i]`. Given the inputs, both conditions inside the loop will be evaluated for different values of `i`. The statements inside the if-else block are covered for different iterations.\n\n10. **Return Statement**: The final value of `Table[n-1]` is returned. Statement \"`return Table[n-1];`\" is covered.\n\n11. **Closing Brackets**: Always covered.\n\n### Predicted Code Coverage:\n\n```java\n> public class Main {\n>     public int algorithm(int n, int[] h){\n>         int[] Table = new int[n];\n>         Table[0] = 0;\n>         if (n <= 1){ \n!             return Table[0];\n>         }\n>         Table[1] = Math.abs(h[0]-h[1]);\n>         if (n == 2){ \n!             return Table[1];\n>         }\n>         for (int i = 2; i < n; i++){\n>             if (Math.abs(h[i-2]-h[i]) < Math.abs(h[i-1]-h[i])){\n>                 Table[i] = Table[i-2] + Math.abs(h[i-2]-h[i]);\n>             }\n>             else {\n>                 Table[i] = Table[i-1] + Math.abs(h[i-1]-h[i]);\n>             }\n>         }\n>         return Table[n-1];\n>     }\n> }\n```\n\nGiven the test case input \"4\\n3 5 2 7\", the predicted code coverage indicates that all the statements except the return statements inside the initial conditional blocks (for `if (n <= 1)` and `if (n == 2)`) are executed.",
            "test_seed_coverage": [
                ">",
                ">",
                ">",
                ">",
                ">",
                "!",
                ">",
                ">",
                ">",
                "!",
                ">",
                ">",
                ">",
                ">",
                ">",
                ">",
                ">",
                ">",
                ">",
                ">",
                ">",
                ">"
            ],
            "cumulative_coverage": [
                ">",
                ">",
                ">",
                ">",
                ">",
                "!",
                ">",
                ">",
                ">",
                "!",
                ">",
                ">",
                ">",
                ">",
                ">",
                ">",
                ">",
                ">",
                ">",
                ">",
                ">",
                ">"
            ],
            "execution_error": "Error: Main method not found in class Main, please define the main method as:\n   public static void main(String[] args)\nor a JavaFX application class must extend javafx.application.Application",
            "cerberus_output": "",
            "execution_result": ""
        },
        {
            "test_case": [
                "Test Case Input:\n5\n3 5 2 7 1"
            ],
            "test_mutations": [
                "Test Case Input:\n5\n3 5 2 7 1"
            ],
            "initial_code": "public class Main {\n    public int algorithm(int n, int[] h){\n        int[] Table = new int[n];\n        Table[0] = 0;\n        if (n <= 1){ \n            return Table[0];\n        }\n        Table[1] = Math.abs(h[0]-h[1]);\n        if (n == 2){ \n            return Table[1];\n        }\n        for (int i = 2; i < n; i++){\n            if (Math.abs(h[i-2]-h[i]) < Math.abs(h[i-1]-h[i])){\n                Table[i] = Table[i-2] + Math.abs(h[i-2]-h[i]);\n            }\n            else {\n                Table[i] = Table[i-1] + Math.abs(h[i-1]-h[i]);\n            }\n        }\n        return Table[n-1];\n    }\n}",
            "covered_code": "For the given Java program and the test case input `5 3 5 2 7 1`, we will develop a plan of step-by-step execution and predict the code coverage. \n\nPLAN for step by step execution:\n\n1. **Class Declaration**: Always executed. Statement `public class Main {` is covered.\n\n2. **Method Declaration**: The `algorithm` method declaration is always executed as part of the class definition.\n\n3. **Initial Table Array Declaration**: The statement `int[] Table = new int[n];` is executed as it is the first operational line inside the `algorithm` method.\n\n4. **First if Condition Check (n <= 1)**: Since `n` is 5, this condition is false. The statement inside the condition is not executed.\n\n5. **Table[1] Initialization**: The statement `Table[1] = Math.abs(h[0]-h[1]);` is executed since `n` is greater than 1.\n\n6. **Second if Condition Check (n == 2)**: Since `n` is 5, this condition is false. The statement inside the condition is not executed.\n\n7. **For Loop Execution**: Since `n` is 5, the for loop `for (int i = 2; i < n; i++) {` will iterate 3 times for `i` values 2, 3, and 4.\n\n8. **If Condition inside For Loop**: The condition `if (Math.abs(h[i-2]-h[i]) < Math.abs(h[i-1]-h[i])) {` will be evaluated for each iteration of the for loop.\n\n9. **Else Condition inside For Loop**: Depending on the values of `h[]` array, either the if condition or the else condition block within the for loop will be executed.\n\n10. **Return Statement**: The statement `return Table[n-1];` is executed after the for loop completes.\n\nPredicting Code Coverage based on the execution and given input `5 3 5 2 7 1`:\n\n```\n> public class Main {\n>     public int algorithm(int n, int[] h){\n>         int[] Table = new int[n];\n!         Table[0] = 0; // This line is executed but not relevant to coverage as it's an assignment not a conditional or a loop\n>         if (n <= 1){ \n!             return Table[0];\n>         }\n>         Table[1] = Math.abs(h[0]-h[1]);\n>         if (n == 2){ \n!             return Table[1];\n>         }\n>         for (int i = 2; i < n; i++){\n>             if (Math.abs(h[i-2]-h[i]) < Math.abs(h[i-1]-h[i])){\n>                 Table[i] = Table[i-2] + Math.abs(h[i-2]-h[i]);\n>             }\n>             else {\n>                 Table[i] = Table[i-1] + Math.abs(h[i-1]-h[i]);\n>             }\n>         }\n>         return Table[n-1];\n>     }\n> }\n```\n\nGiven the input and the logic of the program, all areas of the method `algorithm` are covered except for the return statements inside the if conditions that check for `n <= 1` and `n == 2`, since `n` is 5. These conditions are evaluated, but their inner return statements are not executed because the conditions are false.",
            "test_seed_coverage": [
                ">",
                ">",
                ">",
                ">",
                ">",
                "!",
                ">",
                ">",
                ">",
                "!",
                ">",
                ">",
                ">",
                ">",
                ">",
                ">",
                ">",
                ">",
                ">",
                ">",
                ">",
                ">"
            ],
            "cumulative_coverage": [
                ">",
                ">",
                ">",
                ">",
                ">",
                "!",
                ">",
                ">",
                ">",
                "!",
                ">",
                ">",
                ">",
                ">",
                ">",
                ">",
                ">",
                ">",
                ">",
                ">",
                ">",
                ">"
            ],
            "execution_error": "Error: Main method not found in class Main, please define the main method as:\n   public static void main(String[] args)\nor a JavaFX application class must extend javafx.application.Application",
            "cerberus_output": "",
            "execution_result": ""
        },
        {
            "test_case": [
                "Test Case Input:\n5\n2 4 6 8 10"
            ],
            "test_mutations": [
                "Test Case Input:\n5\n2 4 6 8 10"
            ],
            "initial_code": "public class Main {\n    public int algorithm(int n, int[] h){\n        int[] Table = new int[n];\n        Table[0] = 0;\n        if (n <= 1){ \n            return Table[0];\n        }\n        Table[1] = Math.abs(h[0]-h[1]);\n        if (n == 2){ \n            return Table[1];\n        }\n        for (int i = 2; i < n; i++){\n            if (Math.abs(h[i-2]-h[i]) < Math.abs(h[i-1]-h[i])){\n                Table[i] = Table[i-2] + Math.abs(h[i-2]-h[i]);\n            }\n            else {\n                Table[i] = Table[i-1] + Math.abs(h[i-1]-h[i]);\n            }\n        }\n        return Table[n-1];\n    }\n}",
            "covered_code": "For the given Java program and test input, the plan for step by step execution and the predicted code coverage would be as follows:\n\nTest Case Input:\n5\n2 4 6 8 10\n\nGiven Java Program:\n```java\npublic class Main {\n    public int algorithm(int n, int[] h){\n        int[] Table = new int[n];\n>       Table[0] = 0;\n        if (n <= 1){ \n>           return Table[0];\n        }\n>       Table[1] = Math.abs(h[0]-h[1]);\n        if (n == 2){ \n>           return Table[1];\n        }\n>       for (int i = 2; i < n; i++){\n>           if (Math.abs(h[i-2]-h[i]) < Math.abs(h[i-1]-h[i])){\n>               Table[i] = Table[i-2] + Math.abs(h[i-2]-h[i]);\n            }\n            else {\n>               Table[i] = Table[i-1] + Math.abs(h[i-1]-h[i]);\n            }\n        }\n>       return Table[n-1];\n    }\n}\n```\n\nPlan for Step by Step Execution:\n1. Method call with `n=5` and `h=[2, 4, 6, 8, 10]`.\n2. Array `Table` gets initialized with size `n=5`. Statement `int[] Table = new int[n];` is covered.\n3. `Table[0]` is set to 0. Statement `Table[0] = 0;` is covered.\n4. The condition `if (n <= 1)` is evaluated to false. Statement `if (n <= 1){` and its body are not executed.\n5. `Table[1]` is calculated as the absolute difference between `h[0]` and `h[1]`. Statement `Table[1] = Math.abs(h[0]-h[1]);` is covered.\n6. The condition `if (n == 2)` is evaluated to false. Statement `if (n == 2){` and its body are not executed.\n7. The loop `for (int i = 2; i < n; i++)` is executed for `i` values 2 to 4. Statement `for (int i = 2; i < n; i++){` is covered.\n8. Inside the loop, the condition `if (Math.abs(h[i-2]-h[i]) < Math.abs(h[i-1]-h[i]))` is evaluated for each `i`. Based on the input, both conditions inside the loop are covered because the algorithm checks both possibilities for each jump.\n9. Finally, `return Table[n-1];` returns the last element of the `Table` array, which is the minimum cost to reach the end. Statement `return Table[n-1];` is covered.\n\nCode Coverage:\n```\n> public class Main {\n>     public int algorithm(int n, int[] h){\n>         int[] Table = new int[n];\n>         Table[0] = 0;\n!         if (n <= 1){ \n!             return Table[0];\n        }\n>         Table[1] = Math.abs(h[0]-h[1]);\n!         if (n == 2){ \n!             return Table[1];\n        }\n>         for (int i = 2; i < n; i++){\n>             if (Math.abs(h[i-2]-h[i]) < Math.abs(h[i-1]-h[i])){\n>                 Table[i] = Table[i-2] + Math.abs(h[i-2]-h[i]);\n              }\n              else {\n>                 Table[i] = Table[i-1] + Math.abs(h[i-1]-h[i]);\n              }\n          }\n>         return Table[n-1];\n      }\n  }\n```\n\nAll significant paths related to the logic of the given algorithm are covered with the test case, providing a good example of how to calculate code coverage based on a specific input and the execution path it follows within a program.",
            "test_seed_coverage": [
                ">",
                ">",
                ">",
                ">",
                ">",
                ">",
                ">",
                ">",
                ">",
                ">",
                ">",
                ">",
                ">",
                ">",
                ">",
                ">",
                ">",
                ">",
                ">",
                ">",
                ">",
                ">",
                ">"
            ],
            "cumulative_coverage": [
                ">",
                ">",
                ">",
                ">",
                ">",
                ">",
                ">",
                ">",
                ">",
                ">",
                ">",
                ">",
                ">",
                ">",
                ">",
                ">",
                ">",
                ">",
                ">",
                ">",
                ">",
                ">",
                ">"
            ],
            "execution_error": "Error: Main method not found in class Main, please define the main method as:\n   public static void main(String[] args)\nor a JavaFX application class must extend javafx.application.Application",
            "cerberus_output": "",
            "execution_result": ""
        },
        {
            "test_case": [
                "Test Case Input:\n3\n5 10 7"
            ],
            "test_mutations": [
                "Test Case Input:\n3\n5 10 7"
            ],
            "initial_code": "public class Main {\n    public int algorithm(int n, int[] h){\n        int[] Table = new int[n];\n        Table[0] = 0;\n        if (n <= 1){ \n            return Table[0];\n        }\n        Table[1] = Math.abs(h[0]-h[1]);\n        if (n == 2){ \n            return Table[1];\n        }\n        for (int i = 2; i < n; i++){\n            if (Math.abs(h[i-2]-h[i]) < Math.abs(h[i-1]-h[i])){\n                Table[i] = Table[i-2] + Math.abs(h[i-2]-h[i]);\n            }\n            else {\n                Table[i] = Table[i-1] + Math.abs(h[i-1]-h[i]);\n            }\n        }\n        return Table[n-1];\n    }\n}",
            "covered_code": "PLAN for step by step execution of the given Java program with the test case \"3\\n5 10 7\":\n\n1. Class Declaration: always executed. Statement \"public class Main {\" is covered.\n\n2. Method Declaration: always executed. Statement \"public int algorithm(int n, int[] h){\" is covered.\n\n3. Initialization of Table Array: always executed. Statement \"int[] Table = new int[n];\" is covered.\n\n4. Initialization of the first element of Table: always executed. Statement \"Table[0] = 0;\" is covered.\n\n5. First If Condition Check (n <= 1): Since n is 3, this condition is false. Statement \"if (n <= 1){\" is covered but the return statement inside it is not executed.\n\n6. Initialization of the second element of Table: always executed for n > 1. Statement \"Table[1] = Math.abs(h[0]-h[1]);\" is covered.\n\n7. Second If Condition Check (n == 2): Since n is 3, this condition is false. Statement \"if (n == 2){\" is covered but the return statement inside it is not executed.\n\n8. For Loop Execution (from i = 2 to n): Since n is 3, the loop will execute only once for i = 2. Statement \"for (int i = 2; i < n; i++){\" is covered.\n\n9. If-Else Condition Inside Loop: Depending on the input values of h, either the if condition or the else condition will be executed. For the input \"3\\n5 10 7\", the condition will be evaluated based on the values of h[0], h[1], and h[2]. Both statements inside if and else can be covered based on the input.\n\n10. Return Statement: The last statement executed will be the return statement, returning the value of Table[n-1].\n\nFinal code coverage prediction based on the given test case \"3\\n5 10 7\":\n\n> public class Main {\n>     public int algorithm(int n, int[] h){\n>         int[] Table = new int[n];\n>         Table[0] = 0;\n>         if (n <= 1){ \n!             return Table[0];\n>         }\n>         Table[1] = Math.abs(h[0]-h[1]);\n>         if (n == 2){ \n!             return Table[1];\n>         }\n>         for (int i = 2; i < n; i++){\n>             if (Math.abs(h[i-2]-h[i]) < Math.abs(h[i-1]-h[i])){\n>                 Table[i] = Table[i-2] + Math.abs(h[i-2]-h[i]);\n>             }\n>             else {\n>                 Table[i] = Table[i-1] + Math.abs(h[i-1]-h[i]);\n>             }\n>         }\n>         return Table[n-1];\n>     }\n> }\n\nThis plan and prediction assume that the input values for \"h\" are given as specified in the test case, and the algorithm's internal logic is executed accordingly. The exact lines covered in the if-else block inside the loop depend on the actual calculations performed with the input values.",
            "test_seed_coverage": [
                ">",
                ">",
                ">",
                ">",
                ">",
                ">",
                ">",
                ">",
                ">",
                ">",
                ">",
                ">",
                ">",
                ">",
                ">",
                ">",
                ">",
                ">",
                ">",
                ">",
                ">",
                ">"
            ],
            "cumulative_coverage": [
                ">",
                ">",
                ">",
                ">",
                ">",
                ">",
                ">",
                ">",
                ">",
                ">",
                ">",
                ">",
                ">",
                ">",
                ">",
                ">",
                ">",
                ">",
                ">",
                ">",
                ">",
                ">"
            ],
            "execution_error": "Error: Main method not found in class Main, please define the main method as:\n   public static void main(String[] args)\nor a JavaFX application class must extend javafx.application.Application",
            "cerberus_output": "",
            "execution_result": ""
        },
        {
            "test_case": [
                "Test Case Input:\n3\n1\n2\n3"
            ],
            "test_mutations": [
                "Test Case Input:\n3\n1\n2\n3"
            ],
            "initial_code": "public class Main {\n    public int algorithm(int n, int[] h){\n        int[] Table = new int[n];\n        Table[0] = 0;\n        if (n <= 1){ \n            return Table[0];\n        }\n        Table[1] = Math.abs(h[0]-h[1]);\n        if (n == 2){ \n            return Table[1];\n        }\n        for (int i = 2; i < n; i++){\n            if (Math.abs(h[i-2]-h[i]) < Math.abs(h[i-1]-h[i])){\n                Table[i] = Table[i-2] + Math.abs(h[i-2]-h[i]);\n            }\n            else {\n                Table[i] = Table[i-1] + Math.abs(h[i-1]-h[i]);\n            }\n        }\n        return Table[n-1];\n    }\n}",
            "covered_code": "Given the input `3\\n1\\n2\\n3` to the Java program, let's develop a plan for step-by-step execution to predict the code coverage. We will break down the execution flow based on the provided code snippet and input.\n\n**Test Case Input:**\n- `n = 3` (number of elements)\n- `h = {1, 2, 3}` (array elements)\n\n**Java Program:**\n```java\npublic class Main {\n    public int algorithm(int n, int[] h){\n        int[] Table = new int[n];\n        Table[0] = 0;\n        if (n <= 1){ \n            return Table[0];\n        }\n        Table[1] = Math.abs(h[0]-h[1]);\n        if (n == 2){ \n            return Table[1];\n        }\n        for (int i = 2; i < n; i++){\n            if (Math.abs(h[i-2]-h[i]) < Math.abs(h[i-1]-h[i])){\n                Table[i] = Table[i-2] + Math.abs(h[i-2]-h[i]);\n            }\n            else {\n                Table[i] = Table[i-1] + Math.abs(h[i-1]-h[i]);\n            }\n        }\n        return Table[n-1];\n    }\n}\n```\n\n**Execution Plan and Coverage Prediction:**\n\n1. **Class Declaration:** Always executed.\n2. **Method Declaration `algorithm`:** Always executed when called with proper arguments.\n3. **Initialization of `Table` array:** Executed.\n4. **First `if` condition `(n <= 1)`:** Not executed because `n = 3`.\n5. **Initialization of `Table[1]`:** Executed.\n6. **Second `if` condition `(n == 2)`:** Not executed because `n = 3`.\n7. **For loop `(int i = 2; i < n; i++)`:** Executed since `n = 3`.\n8. **First `if` inside For Loop:** Executed, as it checks the condition to determine the minimum cost.\n9. **`else` block inside For Loop:** This part might or might not be executed based on the condition. For the given inputs, it will be executed for specific iterations if the condition fails.\n10. **Return Statement `return Table[n-1];`:** Executed.\n\nGiven the input `3\\n1\\n2\\n3`, all parts of the code are likely to be executed except the first `if` condition because `n > 1`, and the second `if` condition because `n > 2`. The `else` block within the loop will be executed depending on the comparison of absolute differences.\n\n**Predicted Code Coverage:**\n\n```\n> public class Main {\n>     public int algorithm(int n, int[] h){\n>         int[] Table = new int[n];\n>         Table[0] = 0;\n!         if (n <= 1){ \n!             return Table[0];\n>         }\n>         Table[1] = Math.abs(h[0]-h[1]);\n!         if (n == 2){ \n!             return Table[1];\n>         }\n>         for (int i = 2; i < n; i++){\n>             if (Math.abs(h[i-2]-h[i]) < Math.abs(h[i-1]-h[i])){\n>                 Table[i] = Table[i-2] + Math.abs(h[i-2]-h[i]);\n>             }\n>             else {\n>                 Table[i] = Table[i-1] + Math.abs(h[i-1]-h[i]);\n>             }\n>         }\n>         return Table[n-1];\n>     }\n> }\n```\n\n**Note:** The actual execution of the `if` vs `else` within the loop depends on the specific values of `h`, but given the increasing sequence `1, 2, 3`, both conditions will be evaluated based on how the `if` condition resolves.",
            "test_seed_coverage": [
                ">",
                ">",
                ">",
                ">",
                ">",
                ">",
                ">",
                ">",
                ">",
                ">",
                ">",
                ">",
                ">",
                ">",
                ">",
                ">",
                ">",
                ">",
                ">",
                ">",
                ">",
                ">"
            ],
            "cumulative_coverage": [
                ">",
                ">",
                ">",
                ">",
                ">",
                ">",
                ">",
                ">",
                ">",
                ">",
                ">",
                ">",
                ">",
                ">",
                ">",
                ">",
                ">",
                ">",
                ">",
                ">",
                ">",
                ">"
            ],
            "execution_error": "Error: Main method not found in class Main, please define the main method as:\n   public static void main(String[] args)\nor a JavaFX application class must extend javafx.application.Application",
            "cerberus_output": "",
            "execution_result": ""
        },
        {
            "test_case": [
                "Test Case Input:\n3\n10\n20\n30"
            ],
            "test_mutations": [
                "Test Case Input:\n3\n10\n20\n30"
            ],
            "initial_code": "public class Main {\n    public int algorithm(int n, int[] h){\n        int[] Table = new int[n];\n        Table[0] = 0;\n        if (n <= 1){ \n            return Table[0];\n        }\n        Table[1] = Math.abs(h[0]-h[1]);\n        if (n == 2){ \n            return Table[1];\n        }\n        for (int i = 2; i < n; i++){\n            if (Math.abs(h[i-2]-h[i]) < Math.abs(h[i-1]-h[i])){\n                Table[i] = Table[i-2] + Math.abs(h[i-2]-h[i]);\n            }\n            else {\n                Table[i] = Table[i-1] + Math.abs(h[i-1]-h[i]);\n            }\n        }\n        return Table[n-1];\n    }\n}",
            "covered_code": "Given the test case input and the provided Java program, let's develop a plan for step-by-step execution to predict code coverage.\n\n### Test Case Input:\n`3` (Value of `n`)\n`10` `20` `30` (Values for array `h`)\n\nGiven that the input specifies an array of three integers (`n=3`), we can derive the following execution plan:\n\n### Execution Plan:\n\n1. **Method Call**: The method `algorithm` is called with `n=3` and an array `h` containing `[10, 20, 30]`.\n\n2. **Array Initialization**: The statement `int[] Table = new int[n];` initializes an array of size 3. This line will be executed.\n\n3. **First If Condition**: The condition `if (n <= 1)` checks if `n` is less than or equal to 1. Since `n=3`, this condition will not be satisfied. So, the return statement inside this block will not be executed.\n\n4. **Array Assignment for Table[1]**: The statement `Table[1] = Math.abs(h[0]-h[1]);` calculates the absolute difference between the first two heights and stores it in `Table[1]`. This line will be executed.\n\n5. **Second If Condition**: The condition `if (n == 2)` checks if `n` is equal to 2. Since `n=3`, this condition will not be satisfied. So, the return statement inside this block will not be executed.\n\n6. **For Loop Execution**: The for loop `for (int i = 2; i < n; i++)` is designed to iterate from `i=2` to `i<n`, which in this case will execute once (for `i=2`), as `n=3`.\n\n7. **If-Else Inside For Loop**: Inside the loop, there's a condition to decide whether to use the difference with the `i-2` element or the `i-1` element. Given the input, this condition will be evaluated and one of the branches will be taken. As the input is sequential (`10, 20, 30`), the `else` branch (`Table[i] = Table[i-1] + Math.abs(h[i-1]-h[i]);`) will be executed since the difference between `h[i-1]` and `h[i]` will be smaller or equal than the difference between `h[i-2]` and `h[i]`.\n\n8. **Return Statement**: Finally, the method returns `Table[n-1]`, which is the last element of the array `Table`.\n\n### Predicted Code Coverage:\n\n```\n> public class Main {\n>     public int algorithm(int n, int[] h){\n>         int[] Table = new int[n];\n!         if (n <= 1){ \n!             return Table[0];\n>         }\n>         Table[1] = Math.abs(h[0]-h[1]);\n!         if (n == 2){ \n!             return Table[1];\n>         }\n>         for (int i = 2; i < n; i++){\n>             if (Math.abs(h[i-2]-h[i]) < Math.abs(h[i-1]-h[i])){\n!                 Table[i] = Table[i-2] + Math.abs(h[i-2]-h[i]);\n>             }\n>             else {\n>                 Table[i] = Table[i-1] + Math.abs(h[i-1]-h[i]);\n>             }\n>         }\n>         return Table[n-1];\n>     }\n> }\n```\nSince the provided test case involves an array of size 3, which satisfies neither the first (`if (n <= 1)`) nor the second (`if (n == 2)`) condition, those blocks will not be executed. The loop and the else branch inside the loop will be executed based on the input, providing coverage for those lines.",
            "test_seed_coverage": [
                ">",
                ">",
                ">",
                ">",
                ">",
                ">",
                ">",
                ">",
                ">",
                ">",
                ">",
                ">",
                ">",
                ">",
                ">",
                ">",
                ">",
                ">",
                ">",
                ">",
                ">",
                ">"
            ],
            "cumulative_coverage": [
                ">",
                ">",
                ">",
                ">",
                ">",
                ">",
                ">",
                ">",
                ">",
                ">",
                ">",
                ">",
                ">",
                ">",
                ">",
                ">",
                ">",
                ">",
                ">",
                ">",
                ">",
                ">"
            ],
            "execution_error": "Error: Main method not found in class Main, please define the main method as:\n   public static void main(String[] args)\nor a JavaFX application class must extend javafx.application.Application",
            "cerberus_output": "",
            "execution_result": ""
        },
        {
            "test_case": [
                "Test Case Input:\n5\n[1, 2, 3, 4, 5]"
            ],
            "test_mutations": [
                "Test Case Input:\n5\n[1, 2, 3, 4, 5]"
            ],
            "initial_code": "public class Main {\n    public int algorithm(int n, int[] h){\n        int[] Table = new int[n];\n        Table[0] = 0;\n        if (n <= 1){ \n            return Table[0];\n        }\n        Table[1] = Math.abs(h[0]-h[1]);\n        if (n == 2){ \n            return Table[1];\n        }\n        for (int i = 2; i < n; i++){\n            if (Math.abs(h[i-2]-h[i]) < Math.abs(h[i-1]-h[i])){\n                Table[i] = Table[i-2] + Math.abs(h[i-2]-h[i]);\n            }\n            else {\n                Table[i] = Table[i-1] + Math.abs(h[i-1]-h[i]);\n            }\n        }\n        return Table[n-1];\n    }\n}",
            "covered_code": "Given the test case input of `5` and an array `[1, 2, 3, 4, 5]`, let's develop a plan for step-by-step execution of the provided Java code snippet to predict code coverage.\n\n1. **Class Declaration**: The class declaration `public class Main` is always executed.\n\n2. **Method Declaration**: The method declaration `public int algorithm(int n, int[] h)` is always considered as covered when the method is invoked.\n\n3. **Initialization of Table**: The statement `int[] Table = new int[n];` and `Table[0] = 0;` are executed.\n\n4. **First if Condition**: The condition `if (n <= 1)` is evaluated but not satisfied because `n` is `5`. Therefore, the return statement inside this if block is not executed.\n\n5. **Initialization of Table[1]**: The statement `Table[1] = Math.abs(h[0]-h[1]);` is executed.\n\n6. **Second if Condition**: The condition `if (n == 2)` is evaluated but not satisfied because `n` is `5`. Therefore, the return statement inside this if block is not executed.\n\n7. **For loop Execution**: The for loop `for (int i = 2; i < n; i++)` is executed for `i` values from `2` to `4`.\n\n8. **If-Else Block within For Loop**: The if-else statement inside the for loop is evaluated and executed, updating `Table` based on the condition. Both paths of the if-else block are covered during the iterations.\n\n9. **Return Statement**: The final return statement `return Table[n-1];` is executed, returning the value of `Table[4]` in this case.\n\nBased on the plan, the following code coverage is predicted:\n\n> public class Main {\n>     public int algorithm(int n, int[] h){\n>         int[] Table = new int[n];\n>         Table[0] = 0;\n!         if (n <= 1){ \n!             return Table[0];\n>         }\n>         Table[1] = Math.abs(h[0]-h[1]);\n!         if (n == 2){ \n!             return Table[1];\n>         }\n>         for (int i = 2; i < n; i++){\n>             if (Math.abs(h[i-2]-h[i]) < Math.abs(h[i-1]-h[i])){\n>                 Table[i] = Table[i-2] + Math.abs(h[i-2]-h[i]);\n>             }\n>             else {\n>                 Table[i] = Table[i-1] + Math.abs(h[i-1]-h[i]);\n>             }\n>         }\n>         return Table[n-1];\n>     }\n> }\n\nThis step-by-step execution plan and the predicted code coverage indicate that all the main logical parts of the algorithm are covered except for the early return conditions which are not met by the given test case inputs.",
            "test_seed_coverage": [
                ">",
                ">",
                ">",
                ">",
                ">",
                ">",
                ">",
                ">",
                ">",
                ">",
                ">",
                ">",
                ">",
                ">",
                ">",
                ">",
                ">",
                ">",
                ">",
                ">",
                ">",
                ">"
            ],
            "cumulative_coverage": [
                ">",
                ">",
                ">",
                ">",
                ">",
                ">",
                ">",
                ">",
                ">",
                ">",
                ">",
                ">",
                ">",
                ">",
                ">",
                ">",
                ">",
                ">",
                ">",
                ">",
                ">",
                ">"
            ],
            "execution_error": "Error: Main method not found in class Main, please define the main method as:\n   public static void main(String[] args)\nor a JavaFX application class must extend javafx.application.Application",
            "cerberus_output": "",
            "execution_result": ""
        },
        {
            "test_case": [
                "Test Case Input:\n3\n1\n2\n3"
            ],
            "test_mutations": [
                "Test Case Input:\n3\n1\n2\n3"
            ],
            "initial_code": "public class Main {\n    public int algorithm(int n, int[] h){\n        int[] Table = new int[n];\n        Table[0] = 0;\n        if (n <= 1){ \n            return Table[0];\n        }\n        Table[1] = Math.abs(h[0]-h[1]);\n        if (n == 2){ \n            return Table[1];\n        }\n        for (int i = 2; i < n; i++){\n            if (Math.abs(h[i-2]-h[i]) < Math.abs(h[i-1]-h[i])){\n                Table[i] = Table[i-2] + Math.abs(h[i-2]-h[i]);\n            }\n            else {\n                Table[i] = Table[i-1] + Math.abs(h[i-1]-h[i]);\n            }\n        }\n        return Table[n-1];\n    }\n}",
            "covered_code": "To determine the code coverage based on the provided test case and plan, we will examine the execution flow of the `algorithm` method within the `Main` class. The given test case input suggests that `n=3` and `h=[1, 2, 3]`.\n\n**PLAN for step by step execution:**\n\n1. **Class Declaration:** Always executed. Statement `public class Main {` is covered.\n\n2. **Method Declaration:** Always executed since we are evaluating the method's code coverage. Statement `public int algorithm(int n, int[] h){` is covered.\n\n3. **Initialization of Table Array:** Always executed. Statement `int[] Table = new int[n];` is covered.\n\n4. **First If Condition (n <= 1):** For `n=3`, this condition is false. Thus, the if block is not executed. The condition `if (n <= 1){` is covered, but the return statement inside it is not.\n\n5. **Table[1] Initialization:** Executed because n is greater than 1. Statement `Table[1] = Math.abs(h[0]-h[1]);` is covered.\n\n6. **Second If Condition (n == 2):** For `n=3`, this condition is false. Thus, the if block is not executed. The condition `if (n == 2){` is covered, but the return statement inside it is not.\n\n7. **For Loop Execution (i = 2 to n-1):** Since `n=3`, the loop will execute once for `i=2`. Statement `for (int i = 2; i < n; i++){` is covered.\n\n8. **If Condition Inside For Loop:** This condition checks which path to take for calculating `Table[i]`. Given `h=[1,2,3]`, for `i=2`, it evaluates whether `Math.abs(h[0]-h[2])` is less than `Math.abs(h[1]-h[2])`. This condition is covered, and based on the input, one path of the if-else block is executed.\n\n9. **Return Statement:** Always executed at the end of the method. Statement `return Table[n-1];` is covered.\n\n**Predicted code coverage based on the plan and test case:**\n\n```\n> public class Main {\n>     public int algorithm(int n, int[] h){\n>         int[] Table = new int[n];\n>         Table[0] = 0;\n>         if (n <= 1){ \n!             return Table[0];\n>         }\n>         Table[1] = Math.abs(h[0]-h[1]);\n>         if (n == 2){ \n!             return Table[1];\n>         }\n>         for (int i = 2; i < n; i++){\n>             if (Math.abs(h[i-2]-h[i]) < Math.abs(h[i-1]-h[i])){\n>                 Table[i] = Table[i-2] + Math.abs(h[i-2]-h[i]);\n>             }\n>             else {\n>                 Table[i] = Table[i-1] + Math.abs(h[i-1]-h[i]);\n>             }\n>         }\n>         return Table[n-1];\n>     }\n> }\n```\n\nGiven the test case, all statements except the return statements inside the first two if conditions are executed. This leads to a high code coverage for the provided test case.",
            "test_seed_coverage": [
                ">",
                ">",
                ">",
                ">",
                ">",
                ">",
                ">",
                ">",
                ">",
                ">",
                ">",
                ">",
                ">",
                ">",
                ">",
                ">",
                ">",
                ">",
                ">",
                ">",
                ">",
                ">"
            ],
            "cumulative_coverage": [
                ">",
                ">",
                ">",
                ">",
                ">",
                ">",
                ">",
                ">",
                ">",
                ">",
                ">",
                ">",
                ">",
                ">",
                ">",
                ">",
                ">",
                ">",
                ">",
                ">",
                ">",
                ">"
            ],
            "execution_error": "Error: Main method not found in class Main, please define the main method as:\n   public static void main(String[] args)\nor a JavaFX application class must extend javafx.application.Application",
            "cerberus_output": "",
            "execution_result": ""
        },
        {
            "test_case": [
                "Test Case Input:\n3\n10\n20\n30"
            ],
            "test_mutations": [
                "Test Case Input:\n3\n10\n20\n30"
            ],
            "initial_code": "public class Main {\n    public int algorithm(int n, int[] h){\n        int[] Table = new int[n];\n        Table[0] = 0;\n        if (n <= 1){ \n            return Table[0];\n        }\n        Table[1] = Math.abs(h[0]-h[1]);\n        if (n == 2){ \n            return Table[1];\n        }\n        for (int i = 2; i < n; i++){\n            if (Math.abs(h[i-2]-h[i]) < Math.abs(h[i-1]-h[i])){\n                Table[i] = Table[i-2] + Math.abs(h[i-2]-h[i]);\n            }\n            else {\n                Table[i] = Table[i-1] + Math.abs(h[i-1]-h[i]);\n            }\n        }\n        return Table[n-1];\n    }\n}",
            "covered_code": "Given the Java program and the test case input, let's develop a plan for step by step execution and predict the code coverage:\n\n1. **Class Declaration**: always executed. Statement \"public class Main {\" is covered.\n\n2. **Method Declaration**: always executed when called. Statement \"public int algorithm(int n, int[] h) {\" is covered.\n\n3. **Initialization of Table Array**: Since this line is within the method and the method is called, it is executed. Statement \"int[] Table = new int[n];\" is covered.\n\n4. **First Conditional Check (n <= 1)**: With the given input where `n=3`, this condition is false. Thus, the condition \"if (n <= 1){\" is covered, but the return statement within it is not.\n\n5. **Initialization of Table[1]**: Since `n` is greater than 1, this statement is executed. Statement \"Table[1] = Math.abs(h[0]-h[1]);\" is covered.\n\n6. **Second Conditional Check (n == 2)**: With the given input where `n=3`, this condition is also false. Thus, the condition \"if (n == 2){\" is covered, but the return statement within it is not.\n\n7. **For Loop Execution**: The loop is intended to execute starting from `i = 2` to `n-1` (where `n=3`), so it will execute only once. Statement \"for (int i = 2; i < n; i++){\" is covered.\n\n8. **If-Else Condition within For Loop**: Depending on the input values of `h`, the if-else condition will be evaluated. Given the input `h=[10, 20, 30]`, it will evaluate the conditions based on the values. Since \"Math.abs(h[i-2]-h[i]) < Math.abs(h[i-1]-h[i])\" is false for `i=2` (as `20-30` is not less than `10-30`), the else block is executed. Therefore, both the if condition and the else block are covered.\n\n9. **Return Statement**: The final statement to return the last element of the Table array is executed. Statement \"return Table[n-1];\" is covered.\n\nGiven the plan, the code coverage would look like this:\n\n> public class Main {\n>     public int algorithm(int n, int[] h){\n>         int[] Table = new int[n];\n>         Table[0] = 0;\n>         if (n <= 1){ \n!             return Table[0];\n>         }\n>         Table[1] = Math.abs(h[0]-h[1]);\n>         if (n == 2){ \n!             return Table[1];\n>         }\n>         for (int i = 2; i < n; i++){\n>             if (Math.abs(h[i-2]-h[i]) < Math.abs(h[i-1]-h[i])){\n!                 Table[i] = Table[i-2] + Math.abs(h[i-2]-h[i]);\n>             }\n>             else {\n>                 Table[i] = Table[i-1] + Math.abs(h[i-1]-h[i]);\n>             }\n>         }\n>         return Table[n-1];\n>     }\n> }\n\nThe coverage indicates all the lines that have been executed based on the given test case input. Note that the \"return\" statements within the first two conditional checks are not executed because the conditions are not met with the given input.",
            "test_seed_coverage": [
                ">",
                ">",
                ">",
                ">",
                ">",
                ">",
                ">",
                ">",
                ">",
                ">",
                ">",
                ">",
                ">",
                ">",
                ">",
                ">",
                ">",
                ">",
                ">",
                ">",
                ">",
                ">"
            ],
            "cumulative_coverage": [
                ">",
                ">",
                ">",
                ">",
                ">",
                ">",
                ">",
                ">",
                ">",
                ">",
                ">",
                ">",
                ">",
                ">",
                ">",
                ">",
                ">",
                ">",
                ">",
                ">",
                ">",
                ">"
            ],
            "execution_error": "Error: Main method not found in class Main, please define the main method as:\n   public static void main(String[] args)\nor a JavaFX application class must extend javafx.application.Application",
            "cerberus_output": "",
            "execution_result": ""
        }
    ]
}