{
    "submission_id": "s882328530",
    "cycles": [
        {
            "test_case": [
                "Test Case Input:\n1,1,1\n2,2,2\n3,3,3\n4,4,4\n5,5,5\n6,6,6\n7,7,7\n8,8,8\n9,9,9\n10,10,10\n11,11,11\n12,12,12\n13,13,13\n14,14,14"
            ],
            "test_mutations": [
                "Test Case Input:\n1,1,1\n2,2,2\n3,3,3\n4,4,4\n5,5,5\n6,6,6\n7,7,7\n8,8,8\n9,9,9\n10,10,10\n11,11,11\n12,12,12\n13,13,13\n14,14,14"
            ],
            "initial_code": "class Main{\n\tpublic static void main(String[] args){\n\t\tScanner sc = new Scanner(System.in);\n\t\tint[][] map = new int[14][14];\n\t\tint count = 0,max = 0;\n\t\twhile(sc.hasNext()){\n\t\t\tint[] x = new int[3];\n\t\t\tString[] code = sc.next().split(\",\",0);\n\t\t\tfor(int i = 0; i < code.length; i++)\n\t\t\t\tx[i] = Integer.parseInt(code[i]);\n\t\t\tif(x[2] >= 1){\n\t\t\t\tmap[x[0]][x[1]]++;\n\t\t\t\tmap[x[0]][x[1]-1]++;\n\t\t\t\tmap[x[0]][x[1]+1]++;\n\t\t\t\tmap[x[0]-1][x[1]]++;\n\t\t\t\tmap[x[0]+1][x[1]]++;\n\t\t\t\t}\n\t\t\tif(x[2] >= 2){\n\t\t\t\tmap[x[0]-1][x[1]-1]++;\n\t\t\t\tmap[x[0]+1][x[1]-1]++;\n\t\t\t\tmap[x[0]-1][x[1]+1]++;\n\t\t\t\tmap[x[0]+1][x[1]+1]++;\n\t\t\t}\n\t\t\tif(x[2] == 3){\n\t\t\t\tmap[x[0]][x[1]-2]++;\n\t\t\t\tmap[x[0]][x[1]+2]++;\n\t\t\t\tmap[x[0]+2][x[1]]++;\n\t\t\t\tmap[x[0]-2][x[1]]++;\n\t\t\t}\n\t\t}\n\t\tfor(int i = 2; i < 14; i++){\n\t\t\tfor(int j = 2; j < 14; j++){\n\t\t\t\tif(map[i][j] > 0)count++;\n\t\t\t\tif(max < map[i][j])max = map[i][j];\n\t\t\t}\n\t\t}\n\t\tSystem.out.println(100 - count);\n\t\tSystem.out.println(max);\n\t\tsc.close();\n\t}\n}",
            "covered_code": "For the given Java program and test case, let's develop a plan for step-by-step execution and predict the code coverage accordingly:\n\n1. **Class Declaration:** The class declaration `class Main{` is always executed.\n\n2. **Main Method Declaration:** The declaration of the `main` method `public static void main(String[] args){` is always executed.\n\n3. **Scanner Initialization:** The statement `Scanner sc = new Scanner(System.in);` initializes the scanner for input and is always executed.\n\n4. **Array Initialization:** The statement `int[][] map = new int[14][14];` for array initialization is always executed, as well as `int count = 0, max = 0;` for variable initialization.\n\n5. **While Loop for Reading Inputs:** Given that there are 14 lines of inputs, the `while(sc.hasNext()){` condition will be true for each of those inputs, making this statement always executed during those iterations.\n\n6. **Splitting and Parsing Input:** The statements inside the while loop for splitting the input `String[] code = sc.next().split(\",\",0);` and parsing them into integers `x[i] = Integer.parseInt(code[i]);` for all three elements of `x`, will be executed for each input line.\n\n7. **Conditional Checks and Array Manipulations:**\n    - The first `if(x[2] >= 1){` condition checks if the third input is greater than or equal to 1. Given the test inputs, this condition will always be true, so the statements inside this block will always be executed.\n    - The second `if(x[2] >= 2){` condition checks if the third input is greater than or equal to 2. Given the test inputs, this condition will also always be true, so the statements inside this block will always be executed.\n    - The third `if(x[2] == 3){` condition checks if the third input is exactly 3. Given the test inputs, this condition will always be true, so the statements inside this block will always be executed.\n\n8. **Counting and Finding Max Value:** The for-loop `for(int i = 2; i < 14; i++){` and its nested loop `for(int j = 2; j < 14; j++){` are designed to count non-zero elements and find the maximum value in the `map` array. Given the operations performed in the previous steps, these loops will iterate over the specified range, and all statements within these loops will be executed.\n\n9. **Printing Results:** The statements to print the results `System.out.println(100 - count);` and `System.out.println(max);` will be executed after the loops.\n\n10. **Closing the Scanner:** The statement `sc.close();` for closing the scanner will be executed at the end.\n\nThere are no conditions or parts of the code that are skipped or not executed given the test case input. Therefore, all statements in this Java program are covered by the test inputs.\n\nCode coverage prediction based on the given test case and step-by-step reasoning:\n\n```\n> class Main{\n> \tpublic static void main(String[] args){\n> \t\tScanner sc = new Scanner(System.in);\n> \t\tint[][] map = new int[14][14];\n> \t\tint count = 0,max = 0;\n> \t\twhile(sc.hasNext()){\n> \t\t\tint[] x = new int[3];\n> \t\t\tString[] code = sc.next().split(\",\",0);\n> \t\t\tfor(int i = 0; i < code.length; i++)\n> \t\t\t\tx[i] = Integer.parseInt(code[i]);\n> \t\t\tif(x[2] >= 1){\n> \t\t\t\tmap[x[0]][x[1]]++;\n> \t\t\t\tmap[x[0]][x[1]-1]++;\n> \t\t\t\tmap[x[0]][x[1]+1]++;\n> \t\t\t\tmap[x[0]-1][x[1]]++;\n> \t\t\t\tmap[x[0]+1][x[1]]++;\n> \t\t\t\t}\n> \t\t\tif(x[2] >= 2){\n> \t\t\t\tmap[x[0]-1][x[1]-1]++;\n> \t\t\t\tmap[x[0]+1][x[1]-1]++;\n> \t\t\t\tmap[x[0]-1][x[1]+1]++;\n> \t\t\t\tmap[x[0]+1][x[1]+1]++;\n> \t\t\t}\n> \t\t\tif(x[2] == 3){\n> \t\t\t\tmap[x[0]][x[1]-2]++;\n> \t\t\t\tmap[x[0]][x[1]+2]++;\n> \t\t\t\tmap[x[0]+2][x[1]]++;\n> \t\t\t\tmap[x[0]-2][x[1]]++;\n> \t\t\t}\n> \t\t}\n> \t\tfor(int i = 2; i < 14; i++){\n> \t\t\tfor(int j = 2; j < 14; j++){\n> \t\t\t\tif(map[i][j] > 0)count++;\n> \t\t\t\tif(max < map[i][j])max = map[i][j];\n> \t\t\t}\n> \t\t}\n> \t\tSystem.out.println(100 - count);\n> \t\tSystem.out.println(max);\n> \t\tsc.close();\n> \t}\n> }\n```\n\nEvery line of the given Java program will be executed based on the provided test case input, achieving 100% code coverage.",
            "test_seed_coverage": [
                ">",
                ">",
                ">",
                ">",
                ">",
                ">",
                ">",
                ">",
                ">",
                ">",
                ">",
                ">",
                ">",
                ">",
                ">",
                ">",
                ">",
                ">",
                ">",
                ">",
                ">",
                ">",
                ">",
                ">",
                ">",
                ">",
                ">",
                ">",
                ">",
                ">",
                ">",
                ">",
                ">",
                ">",
                ">",
                ">",
                ">",
                ">",
                ">",
                ">",
                ">"
            ],
            "cumulative_coverage": [
                ">",
                ">",
                ">",
                ">",
                ">",
                ">",
                ">",
                ">",
                ">",
                ">",
                ">",
                ">",
                ">",
                ">",
                ">",
                ">",
                ">",
                ">",
                ">",
                ">",
                ">",
                ">",
                ">",
                ">",
                ">",
                ">",
                ">",
                ">",
                ">",
                ">",
                ">",
                ">",
                ">",
                ">",
                ">",
                ">",
                ">",
                ">",
                ">",
                ">",
                ">"
            ],
            "execution_error": "Exception in thread \"main\" java.lang.ArrayIndexOutOfBoundsException: Index 14 out of bounds for length 14\n\tat Main.main(Main.java:15)",
            "cerberus_output": "",
            "execution_result": "ArrayIndexOutOfBoundsException"
        },
        {
            "test_case": [
                "Test Case Input:\n1,2,3\n4,5,6\n7,8,9\n10,11,12\n13,14,15\n16,17,18\n19,20,21\n22,23,24\n25,26,27\n28,29,30\n31,32,33\n34,35,36\n37,38,39\n40,41,42\n43,44,45\n46,47,48\n49,50,51\n52,53,54\n55,56,57\n58,59,60\n61,62,63\n64,65,66\n67,68,69\n70,71,72\n73,74,75\n76,77,78\n79,80,81\n82,83,84\n85,86,87\n88,89,90\n91,92,93\n94,95,96\n97,98,99\n100,101,102\n103,104,105\n106,107,108\n109,110,111\n112,113,114\n115,116,117\n118,119,120\n121,122,123\n124,125,126\n127,128,129\n130,131,132\n133,134,135\n136,137,138\n139,140,141\n142,143,144\n145,146,147\n148,149,150\n151,152,153\n154,155,156\n157,158,159\n160,161,162\n163,164,165\n166,167,168\n169,170,171\n172,173,174\n175,176,177\n178,179,180\n181,182,183\n184,185,186\n187,188,189\n190,191,192\n193,194,195\n196,197,198\n199,200,201\n202,203,204\n205,206,207\n208,209,210\n211,212,213\n214,215,216\n217,218,219\n220,221,222\n223,224,225\n226,227,228\n229,230,231\n232,233,234\n235,236,237\n238,239,240\n241,242,243\n244,245,246\n247,248,249\n250,251,252\n253,254,255\n256,257,258\n259,260,261\n262,263,264\n265,266,267\n268,269,270\n271,272,273\n274,275,276\n277,278,279\n280,281,282\n283,284,285\n286,287,288\n289,290,291\n292,293,294\n295,296,297\n298,299,300\n301,302,303\n304,305,306\n307,308,309\n310,311,312\n313,314,315\n316,317,318\n319,320,321\n322,323,324\n325,326,327\n328,329,330\n331,332,333\n334,335,336\n337,338,339\n340,341,342\n343,344,345\n346,347,348\n349,350,351\n352,353,354\n355,356,357\n358,359,360\n361,362,363\n364,365,366\n367,368,369\n370,371,372\n373,374,375\n376,377,378\n379,380,381\n382,383,384\n385,386,387\n388,389,390\n391,392,393\n394,395,396\n397,398,399\n400,401,402\n403,404,405\n406,407,408\n409,410,411\n412,413,414\n415,416,417\n418,419,420\n421,422,423\n424,425,426\n427,428,429\n430,431,432\n433,434,435\n436,437,438\n439,440,441\n442,443,444\n445,446,447\n448,449,450\n451,452,453\n454,455,456\n457,458,459\n460,461,462\n463,464,465\n466,467,468\n469,470,471\n472,473,474\n475,476,477\n478,479,480\n481,482,483\n484,485,486\n487,488,489\n490,491,492\n493,494,495\n496,497,498\n499,500,501\n502,503,504\n505,506,507\n508,509,510\n511,512,513\n514,515,516\n517,518,519\n520,521,522\n523,524,525\n526,527,528\n529,530,531\n532,533,534\n535,536,537\n538,539,540\n541,542,543\n544,545,546\n547,548,549\n550,551,552\n553,554,555\n556,557,558\n559,560,561\n562,563,564\n565,566,567\n568,569,570\n571,572,573\n574,575,576\n577,578,579\n580,581,582\n583,584,585\n586,587,588\n589,590,591\n592,593,594\n595,596,597\n598,599,600\n601,602,603\n604,605,606\n607,608,609\n610,611,612\n613,614,615\n616,617,618\n619,620,621\n622,623,624\n625,626,627\n628,629,630\n631,632,633\n634,635,636\n637,638,639\n640,641,642\n643,644,645\n646,647,648\n649,650,651\n652,653,654\n655,656,657\n658,659,660\n661,662,663\n664,665,666\n667,668,669\n670,671,672\n673,674,675\n676,677,678\n679,680,681\n682,683,684\n685,686,687\n688,689,690\n691,692,693\n694,695,696\n697,698,699\n700,701,702\n703,704,705\n706,707,708\n709,710,711\n712,713,714\n715,716,717\n718,719,720\n721,722,723\n724,725,726\n727,728,729\n730,731,732\n733,734,735\n736,737,738\n739,740,741\n742,743,744\n745,746,747\n748,749,750\n751,752,753\n754,755,756\n757,758,759\n760,761,762\n763,764,765\n766,767,768\n769,770,771\n772,773,774\n775,776,777\n778,779,780\n781,782,783\n784,785,786\n787,788,789\n790,791,792\n793,794,795\n796,797,798\n799,800,801\n802,803,804\n805,806,807\n808,809,810\n811,812,813\n814,815,816\n817,818,819\n820,821,822\n823,824,825\n826,827,828\n829,830,831\n832,833,834\n835,836,837\n838,839,840\n841,842,843\n844,845,846\n847,848,849\n850,851,852\n853,854,855\n856,857,858\n859,860,861\n862,863,864\n865,866,867\n868,869,870\n871,872,873\n874,875,876\n877,878,879\n880,881,882\n883,884,885\n886,887,888\n889,890,891\n892,893,894\n895,896,897\n898,899,900\n901,902,903\n904,905,906\n907,908,909\n910,911,912\n913,914,915\n916,917,918\n919,920,921\n922,923,924\n925,926,927\n928,929,930\n931,932,933\n934,935,936\n937,938,939\n940,941,942\n943,944,945\n946,947,948\n949,950,951\n952,953,954\n955,956,957\n958,959,960\n961,962,963\n964,965,966\n967,968,969\n970,971,972\n973,974,975\n976,977,978\n979,980,981\n982,983,984\n985,986,987\n988,989,990\n991,992,993\n994,995,996\n997,998,999\n1000,1001,1002\n1003,1004,1005\n1006,1007,1008\n1009,1010,1011\n1012,1013,1014\n1015,1016,1017\n1018,1019,1020\n1021,1022,1023\n1024,1025,1026\n1027,1028,1029\n1030,1031,1032\n1033,1034,1035\n1036,1037,1038\n1039,1040,1041\n1042,1043,1044\n1045,1046,1047\n1048,1049,1050\n1051,1052,1053\n1054,1055,1056\n1057,1058,1059\n1060,1061,1062\n1063,1064,1065\n1066,1067,1068\n1069,1070,1071\n1072,1073,1074\n1075,1076,1077\n1078,1079,1080\n1081,1082,1083\n1084,1085,1086\n1087,1088,1089\n1090,1091,1092\n1093,1094,1095\n1096,1097,1098\n1099,1100,1101\n1102,1103,1104\n1105,1106,1107\n1108,1109,1110\n1111,1112,1113\n1114,1115,1116\n1117,1118,1119\n1120,1121,1122\n1123,1124,1125\n1126,1127,1128\n1129,1130,1131\n1132,1133,1134\n1135,1136,1137\n1138,1139,1140\n1141,1142,1143\n1144,1145,1146\n1147,1148,1149\n1150,1151,1152\n1153,1154,1155\n1156,1157,1158\n1159,1160,1161\n1162,1163,1164\n1165,1166,1167\n1168,1169,1170\n1171,1172,1173\n1174,1175,1176\n1177,1178,1179\n1180,1181,1182\n1183,1184,1185\n1186,1187,1188\n1189,1190,1191\n1192,1193,1194\n1195,1196,1197\n1198,1199,1200\n1201,1202,1203\n1204,1205,1206\n1207,1208,1209\n1210,1211,1212\n1213,1214,1215\n1216,1217,1218\n1219,1220,1221\n1222,1223,1224\n1225,1226,1227\n1228,1229,1230\n1231,1232,1233\n1234,1235,1236\n1237,1238,1239\n1240,1241,1242\n1243,1244,1245\n1246,1247,1248\n1249,1250,1251\n1252,1253,1254\n1255,1256,1257\n1258,1259,1260\n1261,1262,1263\n1264,1265,1266\n1267,1268,1269\n1270,1271,1272\n1273,1274,1275\n1276,1277,1278\n1279,1280,1281\n1282,1283,1284\n1285,1286,1287\n1288,1289,1290\n1291,1292,1293\n1294,1295,1296\n1297,1298,1299\n1300,1301,1302\n1303,1304,1305\n1306,1307,1308\n1309,1310,1311\n1312,1313,1314\n1315,1316,1317\n1318,1319,1320\n1321,1322,1323\n1324,1325,1326\n1327,1328,1329\n1330,1331,1332\n1333,1334,1335\n1336,1337,1338\n1339,1340,1341\n1342,1343,1344\n1345,1346,1347\n1348,1349,1350\n1351,1352,1353\n1354,1355,1356\n1357,1358,1359\n1360,1361,1362\n1363,1364,1365\n1366,1367,1368\n1369,1370,1371\n1372,1373,1374\n1375,1376,1377\n1378,1379,1380\n1381,1382,1383\n1384,1385,1386\n1387,1388,1389\n1390,1391,1392\n1393,1394,1395\n1396,1397,1398\n1399,1400,1401\n1402,1403,1404\n1405,1406,1407\n1408,1409,1410\n1411,1412,1413\n1414,1415,1416\n1417,1418,1419\n1420,1421,1422\n1423,1424,1425\n1426,1427,1428\n1429,1430,1431\n1432,1433,1434\n1435,1436,1437\n1438,1439,1440\n1441,1442,1443\n1444,1445,1446\n1447,1448,1449\n1450,1451,1452\n1453,1454,1455\n1456,1457,1458\n1459,1460,1461\n1462,1463,1464\n1465,1466,1467\n1468,1469,1470\n1471,1472,1473\n1474,1475,1476\n1477,1478,1479\n1480,1481,1482\n1483,1484,1485\n1486,1487,1488\n1489,1490,1491\n1492,1493,1494\n1495,1496,1497\n1498,1499,1500\n1501,1502"
            ],
            "test_mutations": [
                "Test Case Input:\n1,2,3\n4,5,6\n7,8,9\n10,11,12\n13,14,15\n16,17,18\n19,20,21\n22,23,24\n25,26,27\n28,29,30\n31,32,33\n34,35,36\n37,38,39\n40,41,42\n43,44,45\n46,47,48\n49,50,51\n52,53,54\n55,56,57\n58,59,60\n61,62,63\n64,65,66\n67,68,69\n70,71,72\n73,74,75\n76,77,78\n79,80,81\n82,83,84\n85,86,87\n88,89,90\n91,92,93\n94,95,96\n97,98,99\n100,101,102\n103,104,105\n106,107,108\n109,110,111\n112,113,114\n115,116,117\n118,119,120\n121,122,123\n124,125,126\n127,128,129\n130,131,132\n133,134,135\n136,137,138\n139,140,141\n142,143,144\n145,146,147\n148,149,150\n151,152,153\n154,155,156\n157,158,159\n160,161,162\n163,164,165\n166,167,168\n169,170,171\n172,173,174\n175,176,177\n178,179,180\n181,182,183\n184,185,186\n187,188,189\n190,191,192\n193,194,195\n196,197,198\n199,200,201\n202,203,204\n205,206,207\n208,209,210\n211,212,213\n214,215,216\n217,218,219\n220,221,222\n223,224,225\n226,227,228\n229,230,231\n232,233,234\n235,236,237\n238,239,240\n241,242,243\n244,245,246\n247,248,249\n250,251,252\n253,254,255\n256,257,258\n259,260,261\n262,263,264\n265,266,267\n268,269,270\n271,272,273\n274,275,276\n277,278,279\n280,281,282\n283,284,285\n286,287,288\n289,290,291\n292,293,294\n295,296,297\n298,299,300\n301,302,303\n304,305,306\n307,308,309\n310,311,312\n313,314,315\n316,317,318\n319,320,321\n322,323,324\n325,326,327\n328,329,330\n331,332,333\n334,335,336\n337,338,339\n340,341,342\n343,344,345\n346,347,348\n349,350,351\n352,353,354\n355,356,357\n358,359,360\n361,362,363\n364,365,366\n367,368,369\n370,371,372\n373,374,375\n376,377,378\n379,380,381\n382,383,384\n385,386,387\n388,389,390\n391,392,393\n394,395,396\n397,398,399\n400,401,402\n403,404,405\n406,407,408\n409,410,411\n412,413,414\n415,416,417\n418,419,420\n421,422,423\n424,425,426\n427,428,429\n430,431,432\n433,434,435\n436,437,438\n439,440,441\n442,443,444\n445,446,447\n448,449,450\n451,452,453\n454,455,456\n457,458,459\n460,461,462\n463,464,465\n466,467,468\n469,470,471\n472,473,474\n475,476,477\n478,479,480\n481,482,483\n484,485,486\n487,488,489\n490,491,492\n493,494,495\n496,497,498\n499,500,501\n502,503,504\n505,506,507\n508,509,510\n511,512,513\n514,515,516\n517,518,519\n520,521,522\n523,524,525\n526,527,528\n529,530,531\n532,533,534\n535,536,537\n538,539,540\n541,542,543\n544,545,546\n547,548,549\n550,551,552\n553,554,555\n556,557,558\n559,560,561\n562,563,564\n565,566,567\n568,569,570\n571,572,573\n574,575,576\n577,578,579\n580,581,582\n583,584,585\n586,587,588\n589,590,591\n592,593,594\n595,596,597\n598,599,600\n601,602,603\n604,605,606\n607,608,609\n610,611,612\n613,614,615\n616,617,618\n619,620,621\n622,623,624\n625,626,627\n628,629,630\n631,632,633\n634,635,636\n637,638,639\n640,641,642\n643,644,645\n646,647,648\n649,650,651\n652,653,654\n655,656,657\n658,659,660\n661,662,663\n664,665,666\n667,668,669\n670,671,672\n673,674,675\n676,677,678\n679,680,681\n682,683,684\n685,686,687\n688,689,690\n691,692,693\n694,695,696\n697,698,699\n700,701,702\n703,704,705\n706,707,708\n709,710,711\n712,713,714\n715,716,717\n718,719,720\n721,722,723\n724,725,726\n727,728,729\n730,731,732\n733,734,735\n736,737,738\n739,740,741\n742,743,744\n745,746,747\n748,749,750\n751,752,753\n754,755,756\n757,758,759\n760,761,762\n763,764,765\n766,767,768\n769,770,771\n772,773,774\n775,776,777\n778,779,780\n781,782,783\n784,785,786\n787,788,789\n790,791,792\n793,794,795\n796,797,798\n799,800,801\n802,803,804\n805,806,807\n808,809,810\n811,812,813\n814,815,816\n817,818,819\n820,821,822\n823,824,825\n826,827,828\n829,830,831\n832,833,834\n835,836,837\n838,839,840\n841,842,843\n844,845,846\n847,848,849\n850,851,852\n853,854,855\n856,857,858\n859,860,861\n862,863,864\n865,866,867\n868,869,870\n871,872,873\n874,875,876\n877,878,879\n880,881,882\n883,884,885\n886,887,888\n889,890,891\n892,893,894\n895,896,897\n898,899,900\n901,902,903\n904,905,906\n907,908,909\n910,911,912\n913,914,915\n916,917,918\n919,920,921\n922,923,924\n925,926,927\n928,929,930\n931,932,933\n934,935,936\n937,938,939\n940,941,942\n943,944,945\n946,947,948\n949,950,951\n952,953,954\n955,956,957\n958,959,960\n961,962,963\n964,965,966\n967,968,969\n970,971,972\n973,974,975\n976,977,978\n979,980,981\n982,983,984\n985,986,987\n988,989,990\n991,992,993\n994,995,996\n997,998,999\n1000,1001,1002\n1003,1004,1005\n1006,1007,1008\n1009,1010,1011\n1012,1013,1014\n1015,1016,1017\n1018,1019,1020\n1021,1022,1023\n1024,1025,1026\n1027,1028,1029\n1030,1031,1032\n1033,1034,1035\n1036,1037,1038\n1039,1040,1041\n1042,1043,1044\n1045,1046,1047\n1048,1049,1050\n1051,1052,1053\n1054,1055,1056\n1057,1058,1059\n1060,1061,1062\n1063,1064,1065\n1066,1067,1068\n1069,1070,1071\n1072,1073,1074\n1075,1076,1077\n1078,1079,1080\n1081,1082,1083\n1084,1085,1086\n1087,1088,1089\n1090,1091,1092\n1093,1094,1095\n1096,1097,1098\n1099,1100,1101\n1102,1103,1104\n1105,1106,1107\n1108,1109,1110\n1111,1112,1113\n1114,1115,1116\n1117,1118,1119\n1120,1121,1122\n1123,1124,1125\n1126,1127,1128\n1129,1130,1131\n1132,1133,1134\n1135,1136,1137\n1138,1139,1140\n1141,1142,1143\n1144,1145,1146\n1147,1148,1149\n1150,1151,1152\n1153,1154,1155\n1156,1157,1158\n1159,1160,1161\n1162,1163,1164\n1165,1166,1167\n1168,1169,1170\n1171,1172,1173\n1174,1175,1176\n1177,1178,1179\n1180,1181,1182\n1183,1184,1185\n1186,1187,1188\n1189,1190,1191\n1192,1193,1194\n1195,1196,1197\n1198,1199,1200\n1201,1202,1203\n1204,1205,1206\n1207,1208,1209\n1210,1211,1212\n1213,1214,1215\n1216,1217,1218\n1219,1220,1221\n1222,1223,1224\n1225,1226,1227\n1228,1229,1230\n1231,1232,1233\n1234,1235,1236\n1237,1238,1239\n1240,1241,1242\n1243,1244,1245\n1246,1247,1248\n1249,1250,1251\n1252,1253,1254\n1255,1256,1257\n1258,1259,1260\n1261,1262,1263\n1264,1265,1266\n1267,1268,1269\n1270,1271,1272\n1273,1274,1275\n1276,1277,1278\n1279,1280,1281\n1282,1283,1284\n1285,1286,1287\n1288,1289,1290\n1291,1292,1293\n1294,1295,1296\n1297,1298,1299\n1300,1301,1302\n1303,1304,1305\n1306,1307,1308\n1309,1310,1311\n1312,1313,1314\n1315,1316,1317\n1318,1319,1320\n1321,1322,1323\n1324,1325,1326\n1327,1328,1329\n1330,1331,1332\n1333,1334,1335\n1336,1337,1338\n1339,1340,1341\n1342,1343,1344\n1345,1346,1347\n1348,1349,1350\n1351,1352,1353\n1354,1355,1356\n1357,1358,1359\n1360,1361,1362\n1363,1364,1365\n1366,1367,1368\n1369,1370,1371\n1372,1373,1374\n1375,1376,1377\n1378,1379,1380\n1381,1382,1383\n1384,1385,1386\n1387,1388,1389\n1390,1391,1392\n1393,1394,1395\n1396,1397,1398\n1399,1400,1401\n1402,1403,1404\n1405,1406,1407\n1408,1409,1410\n1411,1412,1413\n1414,1415,1416\n1417,1418,1419\n1420,1421,1422\n1423,1424,1425\n1426,1427,1428\n1429,1430,1431\n1432,1433,1434\n1435,1436,1437\n1438,1439,1440\n1441,1442,1443\n1444,1445,1446\n1447,1448,1449\n1450,1451,1452\n1453,1454,1455\n1456,1457,1458\n1459,1460,1461\n1462,1463,1464\n1465,1466,1467\n1468,1469,1470\n1471,1472,1473\n1474,1475,1476\n1477,1478,1479\n1480,1481,1482\n1483,1484,1485\n1486,1487,1488\n1489,1490,1491\n1492,1493,1494\n1495,1496,1497\n1498,1499,1500\n1501,1502"
            ],
            "initial_code": "class Main{\n\tpublic static void main(String[] args){\n\t\tScanner sc = new Scanner(System.in);\n\t\tint[][] map = new int[14][14];\n\t\tint count = 0,max = 0;\n\t\twhile(sc.hasNext()){\n\t\t\tint[] x = new int[3];\n\t\t\tString[] code = sc.next().split(\",\",0);\n\t\t\tfor(int i = 0; i < code.length; i++)\n\t\t\t\tx[i] = Integer.parseInt(code[i]);\n\t\t\tif(x[2] >= 1){\n\t\t\t\tmap[x[0]][x[1]]++;\n\t\t\t\tmap[x[0]][x[1]-1]++;\n\t\t\t\tmap[x[0]][x[1]+1]++;\n\t\t\t\tmap[x[0]-1][x[1]]++;\n\t\t\t\tmap[x[0]+1][x[1]]++;\n\t\t\t\t}\n\t\t\tif(x[2] >= 2){\n\t\t\t\tmap[x[0]-1][x[1]-1]++;\n\t\t\t\tmap[x[0]+1][x[1]-1]++;\n\t\t\t\tmap[x[0]-1][x[1]+1]++;\n\t\t\t\tmap[x[0]+1][x[1]+1]++;\n\t\t\t}\n\t\t\tif(x[2] == 3){\n\t\t\t\tmap[x[0]][x[1]-2]++;\n\t\t\t\tmap[x[0]][x[1]+2]++;\n\t\t\t\tmap[x[0]+2][x[1]]++;\n\t\t\t\tmap[x[0]-2][x[1]]++;\n\t\t\t}\n\t\t}\n\t\tfor(int i = 2; i < 14; i++){\n\t\t\tfor(int j = 2; j < 14; j++){\n\t\t\t\tif(map[i][j] > 0)count++;\n\t\t\t\tif(max < map[i][j])max = map[i][j];\n\t\t\t}\n\t\t}\n\t\tSystem.out.println(100 - count);\n\t\tSystem.out.println(max);\n\t\tsc.close();\n\t}\n}",
            "covered_code": "Given the complexity and the extensive number of test inputs provided, a detailed step-by-step plan for each input would not be practical within this format. Instead, I'll outline a generic plan that covers the major parts of the code and how they would interact with a subset of the test inputs to provide an example of how to determine code coverage. The actual coverage will depend on the specific inputs and their values.\n\n### Plan for Step-by-Step Execution:\n\n1. **Initialization of Scanner and Array**: \n   - The `Scanner` object is initialized to take input, and a 14x14 integer array `map` is initialized. These steps are always executed when the program starts.\n\n2. **Reading Input**: \n   - The program reads input until there are no more inputs. For the given test case inputs, this means reading each line, splitting it by commas, and parsing three integers.\n\n3. **Updating the Map Based on Input**:\n   - For each input, the corresponding changes are made to the `map` array based on the value of the third integer (`x[2]`). This involves incrementing the values of certain array elements based on the conditions provided. Given the range of inputs, it's expected that all conditions (`x[2] >= 1`, `x[2] >= 2`, and `x[2] == 3`) will be exercised, and hence, all related code blocks will be executed at some point across the inputs.\n\n4. **Calculating and Printing Results**:\n   - After all inputs have been processed, the program iterates through a subset of the `map` array to calculate the total count of cells with a value greater than 0 and the maximum value in those cells. It then prints the calculated results.\n\n5. **Closing the Scanner**:\n   - After all processing, the `Scanner` object is closed.\n\n### Predicted Code Coverage:\n\nGiven the provided inputs (ranging from 1 to 3 for the third value in each input) and the logic of the program, it is expected that all parts of the program will be executed. However, it's important to note the potential for `ArrayIndexOutOfBoundsException` due to the program's attempt to access array indices that could be out of bounds (e.g., `x[0]-2` could be -1). Assuming inputs are constrained to prevent this exception from occurring (e.g., the first two numbers in each input are within a range that prevents out-of-bounds access when modified by the logic), the coverage would be as follows:\n\n```\n> class Main{\n> \tpublic static void main(String[] args){\n> \t\tScanner sc = new Scanner(System.in);\n> \t\tint[][] map = new int[14][14];\n> \t\tint count = 0,max = 0;\n> \t\twhile(sc.hasNext()){\n> \t\t\tint[] x = new int[3];\n> \t\t\tString[] code = sc.next().split(\",\",0);\n> \t\t\tfor(int i = 0; i < code.length; i++)\n> \t\t\t\tx[i] = Integer.parseInt(code[i]);\n> \t\t\tif(x[2] >= 1){\n> \t\t\t\tmap[x[0]][x[1]]++;\n> \t\t\t\tmap[x[0]][x[1]-1]++;\n> \t\t\t\tmap[x[0]][x[1]+1]++;\n> \t\t\t\tmap[x[0]-1][x[1]]++;\n> \t\t\t\tmap[x[0]+1][x[1]]++;\n> \t\t\t\t}\n> \t\t\tif(x[2] >= 2){\n> \t\t\t\tmap[x[0]-1][x[1]-1]++;\n> \t\t\t\tmap[x[0]+1][x[1]-1]++;\n> \t\t\t\tmap[x[0]-1][x[1]+1]++;\n> \t\t\t\tmap[x[0]+1][x[1]+1]++;\n> \t\t\t}\n> \t\t\tif(x[2] == 3){\n> \t\t\t\tmap[x[0]][x[1]-2]++;\n> \t\t\t\tmap[x[0]][x[1]+2]++;\n> \t\t\t\tmap[x[0]+2][x[1]]++;\n> \t\t\t\tmap[x[0]-2][x[1]]++;\n> \t\t\t}\n> \t\t}\n> \t\tfor(int i = 2; i < 14; i++){\n> \t\t\tfor(int j = 2; j < 14; j++){\n> \t\t\t\tif(map[i][j] > 0)count++;\n> \t\t\t\tif(max < map[i][j])max = map[i][j];\n> \t\t\t}\n> \t\t}\n> \t\tSystem.out.println(100 - count);\n> \t\tSystem.out.println(max);\n> \t\tsc.close();\n> \t}\n> }\n```\n\n**Note**: The code coverage indicates all lines of code would be executed, assuming inputs are valid and within expected ranges to prevent runtime exceptions. The actual coverage might vary if, for example, inputs lead to attempts to access out-of-bounds array indices, triggering a `ArrayIndexOutOfBoundsException`.",
            "test_seed_coverage": [
                ">",
                ">",
                ">",
                ">",
                ">",
                ">",
                ">",
                ">",
                ">",
                ">",
                ">",
                ">",
                ">",
                ">",
                ">",
                ">",
                ">",
                ">",
                ">",
                ">",
                ">",
                ">",
                ">",
                ">",
                ">",
                ">",
                ">",
                ">",
                ">",
                ">",
                ">",
                ">",
                ">",
                ">",
                ">",
                ">",
                ">",
                ">",
                ">",
                ">",
                ">"
            ],
            "cumulative_coverage": [
                ">",
                ">",
                ">",
                ">",
                ">",
                ">",
                ">",
                ">",
                ">",
                ">",
                ">",
                ">",
                ">",
                ">",
                ">",
                ">",
                ">",
                ">",
                ">",
                ">",
                ">",
                ">",
                ">",
                ">",
                ">",
                ">",
                ">",
                ">",
                ">",
                ">",
                ">",
                ">",
                ">",
                ">",
                ">",
                ">",
                ">",
                ">",
                ">",
                ">",
                ">"
            ],
            "execution_error": "Exception in thread \"main\" java.lang.ArrayIndexOutOfBoundsException: Index -1 out of bounds for length 14\n\tat Main.main(Main.java:29)",
            "cerberus_output": "ArrayIndexOutOfBoundsException",
            "execution_result": "ArrayIndexOutOfBoundsException"
        },
        {
            "test_case": [
                "Test Case Input:\n1,2,3\n4,5,6\n7,8,9\n10,11,12\n13,14,15\n\nThis test case input will raise an ArrayIndexOutOfBoundsException because the indices of the array \"map\" are accessed beyond their bounds."
            ],
            "test_mutations": [
                "Test Case Input:\n1,2,3\n4,5,6\n7,8,9\n10,11,12\n13,14,15\n\nThis test case input will raise an ArrayIndexOutOfBoundsException because the indices of the array \"map\" are accessed beyond their bounds."
            ],
            "initial_code": "class Main{\n\tpublic static void main(String[] args){\n\t\tScanner sc = new Scanner(System.in);\n\t\tint[][] map = new int[14][14];\n\t\tint count = 0,max = 0;\n\t\twhile(sc.hasNext()){\n\t\t\tint[] x = new int[3];\n\t\t\tString[] code = sc.next().split(\",\",0);\n\t\t\tfor(int i = 0; i < code.length; i++)\n\t\t\t\tx[i] = Integer.parseInt(code[i]);\n\t\t\tif(x[2] >= 1){\n\t\t\t\tmap[x[0]][x[1]]++;\n\t\t\t\tmap[x[0]][x[1]-1]++;\n\t\t\t\tmap[x[0]][x[1]+1]++;\n\t\t\t\tmap[x[0]-1][x[1]]++;\n\t\t\t\tmap[x[0]+1][x[1]]++;\n\t\t\t\t}\n\t\t\tif(x[2] >= 2){\n\t\t\t\tmap[x[0]-1][x[1]-1]++;\n\t\t\t\tmap[x[0]+1][x[1]-1]++;\n\t\t\t\tmap[x[0]-1][x[1]+1]++;\n\t\t\t\tmap[x[0]+1][x[1]+1]++;\n\t\t\t}\n\t\t\tif(x[2] == 3){\n\t\t\t\tmap[x[0]][x[1]-2]++;\n\t\t\t\tmap[x[0]][x[1]+2]++;\n\t\t\t\tmap[x[0]+2][x[1]]++;\n\t\t\t\tmap[x[0]-2][x[1]]++;\n\t\t\t}\n\t\t}\n\t\tfor(int i = 2; i < 14; i++){\n\t\t\tfor(int j = 2; j < 14; j++){\n\t\t\t\tif(map[i][j] > 0)count++;\n\t\t\t\tif(max < map[i][j])max = map[i][j];\n\t\t\t}\n\t\t}\n\t\tSystem.out.println(100 - count);\n\t\tSystem.out.println(max);\n\t\tsc.close();\n\t}\n}",
            "covered_code": "To predict the code coverage for the given Java program based on the provided test case inputs, follow this plan:\n\n1. **Class Declaration**: Always executed. Statement `class Main{` is covered.\n2. **Main Method Declaration**: Always executed. Statement `public static void main(String[] args){` is covered.\n3. **Scanner Initialization**: Always executed since it's required for input. Statement `Scanner sc = new Scanner(System.in);` is covered.\n4. **Array Initialization**: Always executed. Statement `int[][] map = new int[14][14];` is covered.\n5. **Variable Initialization**: Always executed. Statements `int count = 0, max = 0;` are covered.\n6. **While Loop for Input Processing**: Executed as long as there's input. Statement `while(sc.hasNext()){` is covered.\n7. **Array and Splitting Input**: Always executed within the loop. Statements `int[] x = new int[3];` and `String[] code = sc.next().split(\",\",0);` are covered.\n8. **Parsing Input**: For each input line, converting String to int. Loop `for(int i = 0; i < code.length; i++)` and statement `x[i] = Integer.parseInt(code[i]);` are covered.\n9. **First Condition to Increase Map Values**: Given `x[2]` is never less than 1 in the test inputs, statements inside `if(x[2] >= 1){` block are executed.\n10. **Second Condition to Increase Map Values**: Since `x[2]` values include 2, statements inside `if(x[2] >= 2){` block are also executed.\n11. **Third Condition to Increase Map Values**: Since `x[2]` values include 3, statements inside `if(x[2] == 3){` block are executed but cause `ArrayIndexOutOfBoundsException` because of invalid index access.\n12. **Counting and Finding Maximum**: Statements inside the for loop `for(int i = 2; i < 14; i++){` are not executed because the program will terminate due to the exception before reaching this part.\n13. **Printing Output**: Statements `System.out.println(100 - count);` and `System.out.println(max);` are not executed due to the premature termination of the program.\n14. **Closing Scanner**: Statement `sc.close();` is not executed because of the premature termination.\n\nResulting Code Coverage:\n\n```\n> class Main{\n>     public static void main(String[] args){\n>         Scanner sc = new Scanner(System.in);\n>         int[][] map = new int[14][14];\n>         int count = 0,max = 0;\n>         while(sc.hasNext()){\n>             int[] x = new int[3];\n>             String[] code = sc.next().split(\",\",0);\n>             for(int i = 0; i < code.length; i++)\n>                 x[i] = Integer.parseInt(code[i]);\n>             if(x[2] >= 1){\n>                 map[x[0]][x[1]]++;\n>                 map[x[0]][x[1]-1]++;\n>                 map[x[0]][x[1]+1]++;\n>                 map[x[0]-1][x[1]]++;\n>                 map[x[0]+1][x[1]]++;\n                }\n>             if(x[2] >= 2){\n>                 map[x[0]-1][x[1]-1]++;\n>                 map[x[0]+1][x[1]-1]++;\n>                 map[x[0]-1][x[1]+1]++;\n>                 map[x[0]+1][x[1]+1]++;\n>             }\n>             if(x[2] == 3){\n!                 map[x[0]][x[1]-2]++;\n!                 map[x[0]][x[1]+2]++;\n!                 map[x[0]+2][x[1]]++;\n!                 map[x[0]-2][x[1]]++;\n>             }\n!         }\n!         for(int i = 2; i < 14; i++){\n!             for(int j = 2; j < 14; j++){\n!                 if(map[i][j] > 0)count++;\n!                 if(max < map[i][j])max = map[i][j];\n!             }\n!         }\n!         System.out.println(100 - count);\n!         System.out.println(max);\n!         sc.close();\n>     }\n> }\n```\n\n**OUTPUT:**  \nRuntime Exception Raised: `ArrayIndexOutOfBoundsException`\n\nThe plan and predicted code coverage indicate that the program executes until it attempts to access an invalid index in the array `map`, which causes it to terminate prematurely.",
            "test_seed_coverage": [
                ">",
                ">",
                ">",
                ">",
                ">",
                ">",
                ">",
                ">",
                ">",
                ">",
                ">",
                ">",
                ">",
                ">",
                ">",
                ">",
                ">",
                ">",
                ">",
                ">",
                ">",
                ">",
                ">",
                ">",
                ">",
                ">",
                ">",
                ">",
                ">",
                ">",
                ">",
                ">",
                ">",
                ">",
                ">",
                ">",
                ">",
                ">",
                ">",
                ">",
                ">"
            ],
            "cumulative_coverage": [
                ">",
                ">",
                ">",
                ">",
                ">",
                ">",
                ">",
                ">",
                ">",
                ">",
                ">",
                ">",
                ">",
                ">",
                ">",
                ">",
                ">",
                ">",
                ">",
                ">",
                ">",
                ">",
                ">",
                ">",
                ">",
                ">",
                ">",
                ">",
                ">",
                ">",
                ">",
                ">",
                ">",
                ">",
                ">",
                ">",
                ">",
                ">",
                ">",
                ">",
                ">"
            ],
            "execution_error": "Exception in thread \"main\" java.lang.ArrayIndexOutOfBoundsException: Index -1 out of bounds for length 14\n\tat Main.main(Main.java:29)",
            "cerberus_output": "ArrayIndexOutOfBoundsException",
            "execution_result": "ArrayIndexOutOfBoundsException"
        },
        {
            "test_case": [
                "Test Case Input:\n5,5,1\n10,10,2\n7,7,3\n4,4,1\n2,2,2\n8,8,3"
            ],
            "test_mutations": [
                "Test Case Input:\n5,5,1\n10,10,2\n7,7,3\n4,4,1\n2,2,2\n8,8,3"
            ],
            "initial_code": "class Main{\n\tpublic static void main(String[] args){\n\t\tScanner sc = new Scanner(System.in);\n\t\tint[][] map = new int[14][14];\n\t\tint count = 0,max = 0;\n\t\twhile(sc.hasNext()){\n\t\t\tint[] x = new int[3];\n\t\t\tString[] code = sc.next().split(\",\",0);\n\t\t\tfor(int i = 0; i < code.length; i++)\n\t\t\t\tx[i] = Integer.parseInt(code[i]);\n\t\t\tif(x[2] >= 1){\n\t\t\t\tmap[x[0]][x[1]]++;\n\t\t\t\tmap[x[0]][x[1]-1]++;\n\t\t\t\tmap[x[0]][x[1]+1]++;\n\t\t\t\tmap[x[0]-1][x[1]]++;\n\t\t\t\tmap[x[0]+1][x[1]]++;\n\t\t\t\t}\n\t\t\tif(x[2] >= 2){\n\t\t\t\tmap[x[0]-1][x[1]-1]++;\n\t\t\t\tmap[x[0]+1][x[1]-1]++;\n\t\t\t\tmap[x[0]-1][x[1]+1]++;\n\t\t\t\tmap[x[0]+1][x[1]+1]++;\n\t\t\t}\n\t\t\tif(x[2] == 3){\n\t\t\t\tmap[x[0]][x[1]-2]++;\n\t\t\t\tmap[x[0]][x[1]+2]++;\n\t\t\t\tmap[x[0]+2][x[1]]++;\n\t\t\t\tmap[x[0]-2][x[1]]++;\n\t\t\t}\n\t\t}\n\t\tfor(int i = 2; i < 14; i++){\n\t\t\tfor(int j = 2; j < 14; j++){\n\t\t\t\tif(map[i][j] > 0)count++;\n\t\t\t\tif(max < map[i][j])max = map[i][j];\n\t\t\t}\n\t\t}\n\t\tSystem.out.println(100 - count);\n\t\tSystem.out.println(max);\n\t\tsc.close();\n\t}\n}",
            "covered_code": "To predict the code coverage for the given Java program and test inputs, we'll follow a plan similar to the example provided. We analyze the Java code snippet step by step with the given test inputs:\n\n**Test Case Input:**\n5,5,1\n10,10,2\n7,7,3\n4,4,1\n2,2,2\n8,8,3\n\n**Java Program:**\n```java\nclass Main{\n    public static void main(String[] args){\n        Scanner sc = new Scanner(System.in);\n        int[][] map = new int[14][14];\n        int count = 0,max = 0;\n        while(sc.hasNext()){\n            int[] x = new int[3];\n            String[] code = sc.next().split(\",\",0);\n            for(int i = 0; i < code.length; i++)\n                x[i] = Integer.parseInt(code[i]);\n            if(x[2] >= 1){\n                map[x[0]][x[1]]++;\n                map[x[0]][x[1]-1]++;\n                map[x[0]][x[1]+1]++;\n                map[x[0]-1][x[1]]++;\n                map[x[0]+1][x[1]]++;\n                }\n            if(x[2] >= 2){\n                map[x[0]-1][x[1]-1]++;\n                map[x[0]+1][x[1]-1]++;\n                map[x[0]-1][x[1]+1]++;\n                map[x[0]+1][x[1]+1]++;\n            }\n            if(x[2] == 3){\n                map[x[0]][x[1]-2]++;\n                map[x[0]][x[1]+2]++;\n                map[x[0]+2][x[1]]++;\n                map[x[0]-2][x[1]]++;\n            }\n        }\n        for(int i = 2; i < 14; i++){\n            for(int j = 2; j < 14; j++){\n                if(map[i][j] > 0)count++;\n                if(max < map[i][j])max = map[i][j];\n            }\n        }\n        System.out.println(100 - count);\n        System.out.println(max);\n        sc.close();\n    }\n}\n```\n\n**PLAN for step-by-step execution:**\n\n1. Class Declaration: Always executed.\n2. Main method Declaration: Always executed.\n3. Scanner declaration and map initialization: Executed.\n4. Reading inputs and updating the map: Since there are 6 lines of inputs, the loop will execute 6 times, covering all statements within the loop.\n5. First `if` condition `if(x[2] >= 1)`: All inputs satisfy this condition, so all statements within this `if` block are executed.\n6. Second `if` condition `if(x[2] >= 2)`: Inputs with `x[2]` values of 2 and 3 satisfy this condition, so all statements within this `if` block are executed for those inputs.\n7. Third `if` condition `if(x[2] == 3)`: Only inputs with `x[2]` value of 3 satisfy this condition, so all statements within this `if` block are executed for those inputs.\n8. Counting and finding max value: The final loop for counting and finding the max value is executed.\n9. Output: The statements for output are executed.\n10. Scanner close: Executed at the end.\n\n**Code Coverage:**\n```\n> class Main{\n>     public static void main(String[] args){\n>         Scanner sc = new Scanner(System.in);\n>         int[][] map = new int[14][14];\n>         int count = 0,max = 0;\n>         while(sc.hasNext()){\n>             int[] x = new int[3];\n>             String[] code = sc.next().split(\",\",0);\n>             for(int i = 0; i < code.length; i++)\n>                 x[i] = Integer.parseInt(code[i]);\n>             if(x[2] >= 1){\n>                 map[x[0]][x[1]]++;\n>                 map[x[0]][x[1]-1]++;\n>                 map[x[0]][x[1]+1]++;\n>                 map[x[0]-1][x[1]]++;\n>                 map[x[0]+1][x[1]]++;\n>                 }\n>             if(x[2] >= 2){\n>                 map[x[0]-1][x[1]-1]++;\n>                 map[x[0]+1][x[1]-1]++;\n>                 map[x[0]-1][x[1]+1]++;\n>                 map[x[0]+1][x[1]+1]++;\n>             }\n>             if(x[2] == 3){\n>                 map[x[0]][x[1]-2]++;\n>                 map[x[0]][x[1]+2]++;\n>                 map[x[0]+2][x[1]]++;\n>                 map[x[0]-2][x[1]]++;\n>             }\n>         }\n>         for(int i = 2; i < 14; i++){\n>             for(int j = 2; j < 14; j++){\n>                 if(map[i][j] > 0)count++;\n>                 if(max < map[i][j])max = map[i][j];\n>             }\n>         }\n>         System.out.println(100 - count);\n>         System.out.println(max);\n>         sc.close();\n>     }\n> }\n```\n\nAll statements are executed given the test case scenario, fulfilling the conditions specified in the control structures (`if` statements), processing the inputs, and finally printing the results.",
            "test_seed_coverage": [
                ">",
                ">",
                ">",
                ">",
                ">",
                ">",
                ">",
                ">",
                ">",
                ">",
                ">",
                ">",
                ">",
                ">",
                ">",
                ">",
                ">",
                ">",
                ">",
                ">",
                ">",
                ">",
                ">",
                ">",
                ">",
                ">",
                ">",
                ">",
                ">",
                ">",
                ">",
                ">",
                ">",
                ">",
                ">",
                ">",
                ">",
                ">",
                ">",
                ">",
                ">"
            ],
            "cumulative_coverage": [
                ">",
                ">",
                ">",
                ">",
                ">",
                ">",
                ">",
                ">",
                ">",
                ">",
                ">",
                ">",
                ">",
                ">",
                ">",
                ">",
                ">",
                ">",
                ">",
                ">",
                ">",
                ">",
                ">",
                ">",
                ">",
                ">",
                ">",
                ">",
                ">",
                ">",
                ">",
                ">",
                ">",
                ">",
                ">",
                ">",
                ">",
                ">",
                ">",
                ">",
                ">"
            ],
            "execution_output": "62\n2",
            "cerberus_output": "",
            "execution_result": ""
        },
        {
            "test_case": [
                "Test Case Input:\n1,1,1\n1,2,2\n1,3,3\n2,1,1\n2,2,2\n2,3,3\n3,1,1\n3,2,2\n3,3,3"
            ],
            "test_mutations": [
                "Test Case Input:\n1,1,1\n1,2,2\n1,3,3\n2,1,1\n2,2,2\n2,3,3\n3,1,1\n3,2,2\n3,3,3"
            ],
            "initial_code": "class Main{\n\tpublic static void main(String[] args){\n\t\tScanner sc = new Scanner(System.in);\n\t\tint[][] map = new int[14][14];\n\t\tint count = 0,max = 0;\n\t\twhile(sc.hasNext()){\n\t\t\tint[] x = new int[3];\n\t\t\tString[] code = sc.next().split(\",\",0);\n\t\t\tfor(int i = 0; i < code.length; i++)\n\t\t\t\tx[i] = Integer.parseInt(code[i]);\n\t\t\tif(x[2] >= 1){\n\t\t\t\tmap[x[0]][x[1]]++;\n\t\t\t\tmap[x[0]][x[1]-1]++;\n\t\t\t\tmap[x[0]][x[1]+1]++;\n\t\t\t\tmap[x[0]-1][x[1]]++;\n\t\t\t\tmap[x[0]+1][x[1]]++;\n\t\t\t\t}\n\t\t\tif(x[2] >= 2){\n\t\t\t\tmap[x[0]-1][x[1]-1]++;\n\t\t\t\tmap[x[0]+1][x[1]-1]++;\n\t\t\t\tmap[x[0]-1][x[1]+1]++;\n\t\t\t\tmap[x[0]+1][x[1]+1]++;\n\t\t\t}\n\t\t\tif(x[2] == 3){\n\t\t\t\tmap[x[0]][x[1]-2]++;\n\t\t\t\tmap[x[0]][x[1]+2]++;\n\t\t\t\tmap[x[0]+2][x[1]]++;\n\t\t\t\tmap[x[0]-2][x[1]]++;\n\t\t\t}\n\t\t}\n\t\tfor(int i = 2; i < 14; i++){\n\t\t\tfor(int j = 2; j < 14; j++){\n\t\t\t\tif(map[i][j] > 0)count++;\n\t\t\t\tif(max < map[i][j])max = map[i][j];\n\t\t\t}\n\t\t}\n\t\tSystem.out.println(100 - count);\n\t\tSystem.out.println(max);\n\t\tsc.close();\n\t}\n}",
            "covered_code": "Given the test case input and the Java program, let's develop a plan to execute the program step by step and predict the code coverage.\n\n### Plan\n\n1. **Class Declaration**:\n   - The class declaration `class Main{` will be executed.\n   \n2. **Main Method Declaration**:\n   - The main method `public static void main(String[] args){` is the entry point of the program and will be executed.\n   \n3. **Scanner and Array Initialization**:\n   - The Scanner initialization `Scanner sc = new Scanner(System.in);` and array initialization `int[][] map = new int[14][14];` will be executed.\n   \n4. **Variable Initialization**:\n   - The variable initialization `int count = 0, max = 0;` will be executed.\n   \n5. **While Loop for Input Processing**:\n   - As there are test inputs provided, the while loop `while(sc.hasNext()){` will be executed for each input line.\n   - Inside the while loop, the split and parse operations `String[] code = sc.next().split(\",\",0);` and `x[i] = Integer.parseInt(code[i]);` for i=0 to code.length will be executed for each input line.\n   \n6. **First If Condition**:\n   - The first if condition `if(x[2] >= 1){` and its body will be executed for all input lines because x[2] is always 1, 2, or 3 in the test case.\n   \n7. **Second If Condition**:\n   - The second if condition `if(x[2] >= 2){` and its body will be executed for input lines where x[2] is 2 or 3.\n   \n8. **Third If Condition**:\n   - The third if condition `if(x[2] == 3){` and its body will be executed for input lines where x[2] is 3.\n   \n9. **For Loops for Counting and Finding Max**:\n   - The for loops `for(int i = 2; i < 14; i++)` and nested loop for j will be executed to count non-zero elements and find the max value in the `map` array.\n   \n10. **Printing Results**:\n    - The print statements `System.out.println(100 - count);` and `System.out.println(max);` will be executed.\n    \n11. **Scanner Close**:\n    - Closing the scanner `sc.close();` will be executed.\n\n### Code Coverage Prediction\n\n- All the statements in the program will be executed at least once based on the provided test case input. The program doesn't contain any exceptions or paths that would be skipped entirely based on the given inputs. Hence, all lines of the program will be executed.\n\n```\n> class Main{\n> \tpublic static void main(String[] args){\n> \t\tScanner sc = new Scanner(System.in);\n> \t\tint[][] map = new int[14][14];\n> \t\tint count = 0,max = 0;\n> \t\twhile(sc.hasNext()){\n> \t\t\tint[] x = new int[3];\n> \t\t\tString[] code = sc.next().split(\",\",0);\n> \t\t\tfor(int i = 0; i < code.length; i++)\n> \t\t\t\tx[i] = Integer.parseInt(code[i]);\n> \t\t\tif(x[2] >= 1){\n> \t\t\t\tmap[x[0]][x[1]]++;\n> \t\t\t\tmap[x[0]][x[1]-1]++;\n> \t\t\t\tmap[x[0]][x[1]+1]++;\n> \t\t\t\tmap[x[0]-1][x[1]]++;\n> \t\t\t\tmap[x[0]+1][x[1]]++;\n> \t\t\t\t}\n> \t\t\tif(x[2] >= 2){\n> \t\t\t\tmap[x[0]-1][x[1]-1]++;\n> \t\t\t\tmap[x[0]+1][x[1]-1]++;\n> \t\t\t\tmap[x[0]-1][x[1]+1]++;\n> \t\t\t\tmap[x[0]+1][x[1]+1]++;\n> \t\t\t}\n> \t\t\tif(x[2] == 3){\n> \t\t\t\tmap[x[0]][x[1]-2]++;\n> \t\t\t\tmap[x[0]][x[1]+2]++;\n> \t\t\t\tmap[x[0]+2][x[1]]++;\n> \t\t\t\tmap[x[0]-2][x[1]]++;\n> \t\t\t}\n> \t\t}\n> \t\tfor(int i = 2; i < 14; i++){\n> \t\t\tfor(int j = 2; j < 14; j++){\n> \t\t\t\tif(map[i][j] > 0)count++;\n> \t\t\t\tif(max < map[i][j])max = map[i][j];\n> \t\t\t}\n> \t\t}\n> \t\tSystem.out.println(100 - count);\n> \t\tSystem.out.println(max);\n> \t\tsc.close();\n> \t}\n> }\n```\n\n**Note**: The actual execution and code coverage can only be confirmed by running the program with the provided test case inputs, but this plan should closely predict the outcome based on the given information.",
            "test_seed_coverage": [
                ">",
                ">",
                ">",
                ">",
                ">",
                ">",
                ">",
                ">",
                ">",
                ">",
                ">",
                ">",
                ">",
                ">",
                ">",
                ">",
                ">",
                ">",
                ">",
                ">",
                ">",
                ">",
                ">",
                ">",
                ">",
                ">",
                ">",
                ">",
                ">",
                ">",
                ">",
                ">",
                ">",
                ">",
                ">",
                ">",
                ">",
                ">",
                ">",
                ">",
                ">"
            ],
            "cumulative_coverage": [
                ">",
                ">",
                ">",
                ">",
                ">",
                ">",
                ">",
                ">",
                ">",
                ">",
                ">",
                ">",
                ">",
                ">",
                ">",
                ">",
                ">",
                ">",
                ">",
                ">",
                ">",
                ">",
                ">",
                ">",
                ">",
                ">",
                ">",
                ">",
                ">",
                ">",
                ">",
                ">",
                ">",
                ">",
                ">",
                ">",
                ">",
                ">",
                ">",
                ">",
                ">"
            ],
            "execution_error": "Exception in thread \"main\" java.lang.ArrayIndexOutOfBoundsException: Index -1 out of bounds for length 14\n\tat Main.main(Main.java:29)",
            "cerberus_output": "",
            "execution_result": "ArrayIndexOutOfBoundsException"
        },
        {
            "test_case": [
                "Test Case Input:\n1,1,1\n1,2,1\n1,3,1\n1,4,2\n1,5,2\n1,6,2\n1,7,3\n1,8,3\n1,9,3\n1,10,3\n1,11,3\n1,12,3\n1,13,3\n1,14,3\n2,1,1\n2,2,1\n2,3,1\n2,4,2\n2,5,2\n2,6,2\n2,7,3\n2,8,3\n2,9,3\n2,10,3\n2,11,3\n2,12,3\n2,13,3\n2,14,3\n3,1,1\n3,2,1\n3,3,1\n3,4,2\n3,5,2\n3,6,2\n3,7,3\n3,8,3\n3,9,3\n3,10,3\n3,11,3\n3,12,3\n3,13,3\n3,14,3\n4,1,1\n4,2,1\n4,3,1\n4,4,2\n4,5,2\n4,6,2\n4,7,3\n4,8,3\n4,9,3\n4,10,3\n4,11,3\n4,12,3\n4,13,3\n4,14,3\n5,1,1\n5,2,1\n5,3,1\n5,4,2\n5,5,2\n5,6,2\n5,7,3\n5,8,3\n5,9,3\n5,10,3\n5,11,3\n5,12,3\n5,13,3\n5,14,3\n6,1,1\n6,2,1\n6,3,1\n6,4,2\n6,5,2\n6,6,2\n6,7,3\n6,8,3\n6,9,3\n6,10,3\n6,11,3\n6,12,3\n6,13,3\n6,14,3\n7,1,1\n7,2,1\n7,3,1\n7,4,2\n7,5,2\n7,6,2\n7,7,3\n7,8,3\n7,9,3\n7,10,3\n7,11,3\n7,12,3\n7,13,3\n7,14,3\n8,1,1\n8,2,1\n8,3,1\n8,4,2\n8,5,2\n8,6,2\n8,7,3\n8,8,3\n8,9,3\n8,10,3\n8,11,3\n8,12,3\n8,13,3\n8,14,3\n9,1,1\n9,2,1\n9,3,1\n9,4,2\n9,5,2\n9,6,2\n9,7,3\n9,8,3\n9,9,3\n9,10,3\n9,11,3\n9,12,3\n9,13,3\n9,14,3\n10,1,1\n10,2,1\n10,3,1\n10,4,2\n10,5,2\n10,6,2\n10,7,3\n10,8,3\n10,9,3\n10,10,3\n10,11,3\n10,12,3\n10,13,3\n10,14,3\n11,1,1\n11,2,1\n11,3,1\n11,4,2\n11,5,2\n11,6,2\n11,7,3\n11,8,3\n11,9,3\n11,10,3\n11,11,3\n11,12,3\n11,13,3\n11,14,3\n12,1,1\n12,2,1\n12,3,1\n12,4,2\n12,5,2\n12,6,2\n12,7,3\n12,8,3\n12,9,3\n12,10,3\n12,11,3\n12,12,3\n12,13,3\n12,14,3\n13,1,1\n13,2,1\n13,3,1\n13,4,2\n13,5,2\n13,6,2\n13,7,3\n13,8,3\n13,9,3\n13,10,3\n13,11,3\n13,12,3\n13,13,3\n13,14,3\n14,1,1\n14,2,1\n14,3,1\n14,4,2\n14,5,2\n14,6,2\n14,7,3\n14,8,3\n14,9,3\n14,10,3\n14,11,3\n14,12,3\n14,13,3\n14,14,3"
            ],
            "test_mutations": [
                "Test Case Input:\n1,1,1\n1,2,1\n1,3,1\n1,4,2\n1,5,2\n1,6,2\n1,7,3\n1,8,3\n1,9,3\n1,10,3\n1,11,3\n1,12,3\n1,13,3\n1,14,3\n2,1,1\n2,2,1\n2,3,1\n2,4,2\n2,5,2\n2,6,2\n2,7,3\n2,8,3\n2,9,3\n2,10,3\n2,11,3\n2,12,3\n2,13,3\n2,14,3\n3,1,1\n3,2,1\n3,3,1\n3,4,2\n3,5,2\n3,6,2\n3,7,3\n3,8,3\n3,9,3\n3,10,3\n3,11,3\n3,12,3\n3,13,3\n3,14,3\n4,1,1\n4,2,1\n4,3,1\n4,4,2\n4,5,2\n4,6,2\n4,7,3\n4,8,3\n4,9,3\n4,10,3\n4,11,3\n4,12,3\n4,13,3\n4,14,3\n5,1,1\n5,2,1\n5,3,1\n5,4,2\n5,5,2\n5,6,2\n5,7,3\n5,8,3\n5,9,3\n5,10,3\n5,11,3\n5,12,3\n5,13,3\n5,14,3\n6,1,1\n6,2,1\n6,3,1\n6,4,2\n6,5,2\n6,6,2\n6,7,3\n6,8,3\n6,9,3\n6,10,3\n6,11,3\n6,12,3\n6,13,3\n6,14,3\n7,1,1\n7,2,1\n7,3,1\n7,4,2\n7,5,2\n7,6,2\n7,7,3\n7,8,3\n7,9,3\n7,10,3\n7,11,3\n7,12,3\n7,13,3\n7,14,3\n8,1,1\n8,2,1\n8,3,1\n8,4,2\n8,5,2\n8,6,2\n8,7,3\n8,8,3\n8,9,3\n8,10,3\n8,11,3\n8,12,3\n8,13,3\n8,14,3\n9,1,1\n9,2,1\n9,3,1\n9,4,2\n9,5,2\n9,6,2\n9,7,3\n9,8,3\n9,9,3\n9,10,3\n9,11,3\n9,12,3\n9,13,3\n9,14,3\n10,1,1\n10,2,1\n10,3,1\n10,4,2\n10,5,2\n10,6,2\n10,7,3\n10,8,3\n10,9,3\n10,10,3\n10,11,3\n10,12,3\n10,13,3\n10,14,3\n11,1,1\n11,2,1\n11,3,1\n11,4,2\n11,5,2\n11,6,2\n11,7,3\n11,8,3\n11,9,3\n11,10,3\n11,11,3\n11,12,3\n11,13,3\n11,14,3\n12,1,1\n12,2,1\n12,3,1\n12,4,2\n12,5,2\n12,6,2\n12,7,3\n12,8,3\n12,9,3\n12,10,3\n12,11,3\n12,12,3\n12,13,3\n12,14,3\n13,1,1\n13,2,1\n13,3,1\n13,4,2\n13,5,2\n13,6,2\n13,7,3\n13,8,3\n13,9,3\n13,10,3\n13,11,3\n13,12,3\n13,13,3\n13,14,3\n14,1,1\n14,2,1\n14,3,1\n14,4,2\n14,5,2\n14,6,2\n14,7,3\n14,8,3\n14,9,3\n14,10,3\n14,11,3\n14,12,3\n14,13,3\n14,14,3"
            ],
            "initial_code": "class Main{\n\tpublic static void main(String[] args){\n\t\tScanner sc = new Scanner(System.in);\n\t\tint[][] map = new int[14][14];\n\t\tint count = 0,max = 0;\n\t\twhile(sc.hasNext()){\n\t\t\tint[] x = new int[3];\n\t\t\tString[] code = sc.next().split(\",\",0);\n\t\t\tfor(int i = 0; i < code.length; i++)\n\t\t\t\tx[i] = Integer.parseInt(code[i]);\n\t\t\tif(x[2] >= 1){\n\t\t\t\tmap[x[0]][x[1]]++;\n\t\t\t\tmap[x[0]][x[1]-1]++;\n\t\t\t\tmap[x[0]][x[1]+1]++;\n\t\t\t\tmap[x[0]-1][x[1]]++;\n\t\t\t\tmap[x[0]+1][x[1]]++;\n\t\t\t\t}\n\t\t\tif(x[2] >= 2){\n\t\t\t\tmap[x[0]-1][x[1]-1]++;\n\t\t\t\tmap[x[0]+1][x[1]-1]++;\n\t\t\t\tmap[x[0]-1][x[1]+1]++;\n\t\t\t\tmap[x[0]+1][x[1]+1]++;\n\t\t\t}\n\t\t\tif(x[2] == 3){\n\t\t\t\tmap[x[0]][x[1]-2]++;\n\t\t\t\tmap[x[0]][x[1]+2]++;\n\t\t\t\tmap[x[0]+2][x[1]]++;\n\t\t\t\tmap[x[0]-2][x[1]]++;\n\t\t\t}\n\t\t}\n\t\tfor(int i = 2; i < 14; i++){\n\t\t\tfor(int j = 2; j < 14; j++){\n\t\t\t\tif(map[i][j] > 0)count++;\n\t\t\t\tif(max < map[i][j])max = map[i][j];\n\t\t\t}\n\t\t}\n\t\tSystem.out.println(100 - count);\n\t\tSystem.out.println(max);\n\t\tsc.close();\n\t}\n}",
            "covered_code": "To analyze the code coverage for the provided Java program based on the test case input, let's follow a structured approach to understand which parts of the code are executed. The input provided seems to be a bulk set of inputs that simulate multiple scenarios where `x[2]` takes values 1, 2, and 3, impacting different control flow decisions within the program.\n\n## PLAN\n1. **Import Statements:** `import java.util.Scanner;` will be executed.\n2. **Class Declaration:** The declaration of the class `Main` is always executed.\n3. **Main Method Declaration:** The declaration of the `main` method is always executed.\n4. **Scanner Initialization:** The statement to create a `Scanner` object `Scanner sc = new Scanner(System.in);` is executed.\n5. **Array Initialization:** The statement to initialize the `map` array is executed.\n6. **Variable Initialization:** The initialization of `count` and `max` variables is executed.\n7. **While Loop for Input Processing:** As long as there is input (`sc.hasNext()`), this loop will be executed. Given the extensive test input, this loop will run for each input set provided.\n8. **String Split and Parsing:** The input string is split by `,` and parsed to integers. These statements are executed for each input.\n9. **Conditional Checks and Array Manipulations:** The conditional blocks checking the value of `x[2]` (for values 1, 2, and 3) are executed based on the provided inputs, which cover all scenarios.\n10. **Final Loop for Counting and Max Calculation:** The final loop to calculate `count` and `max` is executed.\n11. **Output Statements:** The statements to print `100 - count` and `max` are executed.\n12. **Scanner Close:** The statement to close the scanner `sc.close();` is executed.\n\n## CODE COVERAGE\nBased on the plan and the provided input:\n\n- All import statements and class/method declarations are executed (`>`).\n- Initialization of the scanner, array, and variables are executed (`>`).\n- The while loop and all its internal logic for input processing and conditional checks are executed (`>`), since the inputs cover all branches (`x[2]` values 1, 2, and 3).\n- The final loop to calculate `count` and `max` followed by the output print statements is executed (`>`).\n- Closing the Scanner object is executed (`>`).\n\n## CONCLUSION\nGiven the comprehensive input set that covers all branches for `x[2]`, every part of the program is executed. Thus, the code coverage for this Java program based on the provided test case inputs is 100%. Every statement in the program is executed (`>`) at least once during the test.",
            "test_seed_coverage": [
                ">",
                ">",
                ">",
                ">",
                ">",
                ">",
                ">",
                ">",
                ">",
                ">",
                ">",
                ">",
                ">",
                ">",
                ">",
                ">",
                ">",
                ">",
                ">",
                ">",
                ">",
                ">",
                ">",
                ">",
                ">",
                ">",
                ">",
                ">",
                ">",
                ">",
                ">",
                ">",
                ">",
                ">",
                ">",
                ">",
                ">",
                ">",
                ">",
                ">",
                ">"
            ],
            "cumulative_coverage": [
                ">",
                ">",
                ">",
                ">",
                ">",
                ">",
                ">",
                ">",
                ">",
                ">",
                ">",
                ">",
                ">",
                ">",
                ">",
                ">",
                ">",
                ">",
                ">",
                ">",
                ">",
                ">",
                ">",
                ">",
                ">",
                ">",
                ">",
                ">",
                ">",
                ">",
                ">",
                ">",
                ">",
                ">",
                ">",
                ">",
                ">",
                ">",
                ">",
                ">",
                ">"
            ],
            "execution_error": "Exception in thread \"main\" java.lang.ArrayIndexOutOfBoundsException: Index -1 out of bounds for length 14\n\tat Main.main(Main.java:29)",
            "cerberus_output": "",
            "execution_result": "ArrayIndexOutOfBoundsException"
        },
        {
            "test_case": [
                "Test Case Input:\n1,1,1\n1,2,1\n1,3,1\n2,1,2\n2,2,2\n2,3,2\n3,1,3\n3,2,3\n3,3,3\n4,1,1\n4,2,1\n4,3,1\n5,1,2\n5,2,2\n5,3,2\n6,1,3\n6,2,3\n6,3,3\n7,1,1\n7,2,1\n7,3,1\n8,1,2\n8,2,2\n8,3,2\n9,1,3\n9,2,3\n9,3,3\n10,1,1\n10,2,1\n10,3,1\n11,1,2\n11,2,2\n11,3,2\n12,1,3\n12,2,3\n12,3,3\n13,1,1\n13,2,1\n13,3,1\n14,1,2\n14,2,2\n14,3,2\n15,1,3\n15,2,3\n15,3,3\n16,1,1\n16,2,1\n16,3,1\n17,1,2\n17,2,2\n17,3,2\n18,1,3\n18,2,3\n18,3,3\n19,1,1\n19,2,1\n19,3,1\n20,1,2\n20,2,2\n20,3,2\n21,1,3\n21,2,3\n21,3,3\n22,1,1\n22,2,1\n22,3,1\n23,1,2\n23,2,2\n23,3,2\n24,1,3\n24,2,3\n24,3,3\n25,1,1\n25,2,1\n25,3,1\n26,1,2\n26,2,2\n26,3,2\n27,1,3\n27,2,3\n27,3,3\n28,1,1\n28,2,1\n28,3,1\n29,1,2\n29,2,2\n29,3,2\n30,1,3\n30,2,3\n30,3,3\n31,1,1\n31,2,1\n31,3,1\n32,1,2\n32,2,2\n32,3,2\n33,1,3\n33,2,3\n33,3,3\n34,1,1\n34,2,1\n34,3,1\n35,1,2\n35,2,2\n35,3,2\n36,1,3\n36,2,3\n36,3,3\n37,1,1\n37,2,1\n37,3,1\n38,1,2\n38,2,2\n38,3,2\n39,1,3\n39,2,3\n39,3,3\n40,1,1\n40,2,1\n40,3,1\n41,1,2\n41,2,2\n41,3,2\n42,1,3\n42,2,3\n42,3,3\n43,1,1\n43,2,1\n43,3,1\n44,1,2\n44,2,2\n44,3,2\n45,1,3\n45,2,3\n45,3,3\n46,1,1\n46,2,1\n46,3,1\n47,1,2\n47,2,2\n47,3,2\n48,1,3\n48,2,3\n48,3,3\n49,1,1\n49,2,1\n49,3,1\n50,1,2\n50,2,2\n50,3,2\n51,1,3\n51,2,3\n51,3,3\n52,1,1\n52,2,1\n52,3,1\n53,1,2\n53,2,2\n53,3,2\n54,1,3\n54,2,3\n54,3,3\n55,1,1\n55,2,1\n55,3,1\n56,1,2\n56,2,2\n56,3,2\n57,1,3\n57,2,3\n57,3,3\n58,1,1\n58,2,1\n58,3,1\n59,1,2\n59,2,2\n59,3,2\n60,1,3\n60,2,3\n60,3,3\n61,1,1\n61,2,1\n61,3,1\n62,1,2\n62,2,2\n62,3,2\n63,1,3\n63,2,3\n63,3,3\n64,1,1\n64,2,1\n64,3,1\n65,1,2\n65,2,2\n65,3,2\n66,1,3\n66,2,3\n66,3,3\n67,1,1\n67,2,1\n67,3,1\n68,1,2\n68,2,2\n68,3,2\n69,1,3\n69,2,3\n69,3,3\n70,1,1\n70,2,1\n70,3,1\n71,1,2\n71,2,2\n71,3,2\n72,1,3\n72,2,3\n72,3,3\n73,1,1\n73,2,1\n73,3,1\n74,1,2\n74,2,2\n74,3,2\n75,1,3\n75,2,3\n75,3,3\n76,1,1\n76,2,1\n76,3,1\n77,1,2\n77,2,2\n77,3,2\n78,1,3\n78,2,3\n78,3,3\n79,1,1\n79,2,1\n79,3,1\n80,1,2\n80,2,2\n80,3,2\n81,1,3\n81,2,3\n81,3,3\n82,1,1\n82,2,1\n82,3,1\n83,1,2\n83,2,2\n83,3,2\n84,1,3\n84,2,3\n84,3,3\n85,1,1\n85,2,1\n85,3,1\n86,1,2\n86,2,2\n86,3,2\n87,1,3\n87,2,3\n87,3,3\n88,1,1\n88,2,1\n88,3,1\n89,1,2\n89,2,2\n89,3,2\n90,1,3\n90,2,3\n90,3,3\n91,1,1\n91,2,1\n91,3,1\n92,1,2\n92,2,2\n92,3,2\n93,1,3\n93,2,3\n93,3,3\n94,1,1\n94,2,1\n94,3,1\n95,1,2\n95,2,2\n95,3,2\n96,1,3\n96,2,3\n96,3,3\n97,1,1\n97,2,1\n97,3,1\n98,1,2\n98,2,2\n98,3,2\n99,1,3\n99,2,3\n99,3,3\n100,1,1\n100,2,1\n100,3,1\n101,1,2\n101,2,2\n101,3,2\n102,1,3\n102,2,3\n102,3,3\n103,1,1\n103,2,1\n103,3,1\n104,1,2\n104,2,2\n104,3,2\n105,1,3\n105,2,3\n105,3,3\n106,1,1\n106,2,1\n106,3,1\n107,1,2\n107,2,2\n107,3,2\n108,1,3\n108,2,3\n108,3,3\n109,1,1\n109,2,1\n109,3,1\n110,1,2\n110,2,2\n110,3,2\n111,1,3\n111,2,3\n111,3,3\n112,1,1\n112,2,1\n112,3,1\n113,1,2\n113,2,2\n113,3,2\n114,1,3\n114,2,3\n114,3,3\n115,1,1\n115,2,1\n115,3,1\n116,1,2\n116,2,2\n116,3,2\n117,1,3\n117,2,3\n117,3,3\n118,1,1\n118,2,1\n118,3,1\n119,1,2\n119,2,2\n119,3,2\n120,1,3\n120,2,3\n120,3,3\n121,1,1\n121,2,1\n121,3,1\n122,1,2\n122,2,2\n122,3,2\n123,1,3\n123,2,3\n123,3,3\n124,1,1\n124,2,1\n124,3,1\n125,1,2\n125,2,2\n125,3,2\n126,1,3\n126,2,3\n126,3,3\n127,1,1\n127,2,1\n127,3,1\n128,1,2\n128,2,2\n128,3,2\n129,1,3\n129,2,3\n129,3,3\n130,1,1\n130,2,1\n130,3,1\n131,1,2\n131,2,2\n131,3,2\n132,1,3\n132,2,3\n132,3,3\n133,1,1\n133,2,1\n133,3,1\n134,1,2\n134,2,2\n134,3,2\n135,1,3\n135,2,3\n135,3,3\n136,1,1\n136,2,1\n136,3,1\n137,1,2\n137,2,2\n137,3,2\n138,1,3\n138,2,3\n138,3,3\n139,1,1\n139,2,1\n139,3,1\n140,1,2\n140,2,2\n140,3,2\n141,1,3\n141,2,3\n141,3,3\n142,1,1\n142,2,1\n142,3,1\n143,1,2\n143,2,2\n143,3,2\n144,1,3\n144,2,3\n144,3,3\n145,1,1\n145,2,1\n145,3,1\n146,1,2\n146,2,2\n146,3,2\n147,1,3\n147,2,3\n147,3,3\n148,1,1\n148,2,1\n148,3,1\n149,1,2\n149,2,2\n149,3,2\n150,1,3\n150,2,3\n150,3,3\n151,1,1\n151,2,1\n151,3,1\n152,1,2\n152,2,2\n152,3,2\n153,1,3\n153,2,3\n153,3,3\n154,1,1\n154,2,1\n154,3,1\n155,1,2\n155,2,2\n155,3,2\n156,1,3\n156,2,3\n156,3,3\n157,1,1\n157,2,1\n157,3,1\n158,1,2\n158,2,2\n158,3,2\n159,1,3\n159,2,3\n159,3,3\n160,1,1\n160,2,1\n160,3,1\n161,1,2\n161,2,2\n161,3,2\n162,1,3\n162,2,3\n162,3,3\n163,1,1\n163,2,1\n163,3,1\n164,1,2\n164,2,2\n164,3,2\n165,1,3\n165,2,3\n165,3,3\n166,1,1\n166,2,1\n166,3,1\n167,1,2\n167,2,2\n167,3,2\n168,1,3\n168,2,3\n168,3,3\n169,1,1\n169,2,1\n169,3,1\n170,1,2\n170,2,2\n170,3,2\n171,1,3\n171,2,3\n171,3,3\n172,1,1\n172,2,1\n172,3,1\n173,1,2\n173,2,2\n173,3,2\n174,1,3\n174,2,3\n174,3,3\n175,1,1\n175,2,1\n175,3,1\n176,1,2\n176,2,2\n176,3,2\n177,1,3\n177,2,3\n177,3,3\n178,1,1\n178,2,1\n178,3,1\n179,1,2\n179,2,2\n179,3,2\n180,1,3\n180,2,3\n180,3,3\n181,1,1\n181,2,1\n181,3,1\n182,1,2\n182,2,2\n182,3,2\n183,1,3\n183,2,3\n183,3,3\n184,1,1\n184,2,1\n184,3,1\n185,1,2\n185,2,2\n185,3,2\n186,1,3\n186,2,3\n186,3,3\n187,1,1\n187,2,1\n187,3,1\n188,1,2\n188,2,2\n188,3,2\n189,1,3\n189,2,3\n189,3,3\n190,1,1\n190,2,1\n190,3,1\n191,1,2\n191,2,2\n191,3,2\n192,1,3\n192,2,3\n192,3,3\n193,1,1\n193,2,1\n193,3,1\n194,1,2\n194,2,2\n194,3,2\n195,1,3\n195,2,3\n195,"
            ],
            "test_mutations": [
                "Test Case Input:\n1,1,1\n1,2,1\n1,3,1\n2,1,2\n2,2,2\n2,3,2\n3,1,3\n3,2,3\n3,3,3\n4,1,1\n4,2,1\n4,3,1\n5,1,2\n5,2,2\n5,3,2\n6,1,3\n6,2,3\n6,3,3\n7,1,1\n7,2,1\n7,3,1\n8,1,2\n8,2,2\n8,3,2\n9,1,3\n9,2,3\n9,3,3\n10,1,1\n10,2,1\n10,3,1\n11,1,2\n11,2,2\n11,3,2\n12,1,3\n12,2,3\n12,3,3\n13,1,1\n13,2,1\n13,3,1\n14,1,2\n14,2,2\n14,3,2\n15,1,3\n15,2,3\n15,3,3\n16,1,1\n16,2,1\n16,3,1\n17,1,2\n17,2,2\n17,3,2\n18,1,3\n18,2,3\n18,3,3\n19,1,1\n19,2,1\n19,3,1\n20,1,2\n20,2,2\n20,3,2\n21,1,3\n21,2,3\n21,3,3\n22,1,1\n22,2,1\n22,3,1\n23,1,2\n23,2,2\n23,3,2\n24,1,3\n24,2,3\n24,3,3\n25,1,1\n25,2,1\n25,3,1\n26,1,2\n26,2,2\n26,3,2\n27,1,3\n27,2,3\n27,3,3\n28,1,1\n28,2,1\n28,3,1\n29,1,2\n29,2,2\n29,3,2\n30,1,3\n30,2,3\n30,3,3\n31,1,1\n31,2,1\n31,3,1\n32,1,2\n32,2,2\n32,3,2\n33,1,3\n33,2,3\n33,3,3\n34,1,1\n34,2,1\n34,3,1\n35,1,2\n35,2,2\n35,3,2\n36,1,3\n36,2,3\n36,3,3\n37,1,1\n37,2,1\n37,3,1\n38,1,2\n38,2,2\n38,3,2\n39,1,3\n39,2,3\n39,3,3\n40,1,1\n40,2,1\n40,3,1\n41,1,2\n41,2,2\n41,3,2\n42,1,3\n42,2,3\n42,3,3\n43,1,1\n43,2,1\n43,3,1\n44,1,2\n44,2,2\n44,3,2\n45,1,3\n45,2,3\n45,3,3\n46,1,1\n46,2,1\n46,3,1\n47,1,2\n47,2,2\n47,3,2\n48,1,3\n48,2,3\n48,3,3\n49,1,1\n49,2,1\n49,3,1\n50,1,2\n50,2,2\n50,3,2\n51,1,3\n51,2,3\n51,3,3\n52,1,1\n52,2,1\n52,3,1\n53,1,2\n53,2,2\n53,3,2\n54,1,3\n54,2,3\n54,3,3\n55,1,1\n55,2,1\n55,3,1\n56,1,2\n56,2,2\n56,3,2\n57,1,3\n57,2,3\n57,3,3\n58,1,1\n58,2,1\n58,3,1\n59,1,2\n59,2,2\n59,3,2\n60,1,3\n60,2,3\n60,3,3\n61,1,1\n61,2,1\n61,3,1\n62,1,2\n62,2,2\n62,3,2\n63,1,3\n63,2,3\n63,3,3\n64,1,1\n64,2,1\n64,3,1\n65,1,2\n65,2,2\n65,3,2\n66,1,3\n66,2,3\n66,3,3\n67,1,1\n67,2,1\n67,3,1\n68,1,2\n68,2,2\n68,3,2\n69,1,3\n69,2,3\n69,3,3\n70,1,1\n70,2,1\n70,3,1\n71,1,2\n71,2,2\n71,3,2\n72,1,3\n72,2,3\n72,3,3\n73,1,1\n73,2,1\n73,3,1\n74,1,2\n74,2,2\n74,3,2\n75,1,3\n75,2,3\n75,3,3\n76,1,1\n76,2,1\n76,3,1\n77,1,2\n77,2,2\n77,3,2\n78,1,3\n78,2,3\n78,3,3\n79,1,1\n79,2,1\n79,3,1\n80,1,2\n80,2,2\n80,3,2\n81,1,3\n81,2,3\n81,3,3\n82,1,1\n82,2,1\n82,3,1\n83,1,2\n83,2,2\n83,3,2\n84,1,3\n84,2,3\n84,3,3\n85,1,1\n85,2,1\n85,3,1\n86,1,2\n86,2,2\n86,3,2\n87,1,3\n87,2,3\n87,3,3\n88,1,1\n88,2,1\n88,3,1\n89,1,2\n89,2,2\n89,3,2\n90,1,3\n90,2,3\n90,3,3\n91,1,1\n91,2,1\n91,3,1\n92,1,2\n92,2,2\n92,3,2\n93,1,3\n93,2,3\n93,3,3\n94,1,1\n94,2,1\n94,3,1\n95,1,2\n95,2,2\n95,3,2\n96,1,3\n96,2,3\n96,3,3\n97,1,1\n97,2,1\n97,3,1\n98,1,2\n98,2,2\n98,3,2\n99,1,3\n99,2,3\n99,3,3\n100,1,1\n100,2,1\n100,3,1\n101,1,2\n101,2,2\n101,3,2\n102,1,3\n102,2,3\n102,3,3\n103,1,1\n103,2,1\n103,3,1\n104,1,2\n104,2,2\n104,3,2\n105,1,3\n105,2,3\n105,3,3\n106,1,1\n106,2,1\n106,3,1\n107,1,2\n107,2,2\n107,3,2\n108,1,3\n108,2,3\n108,3,3\n109,1,1\n109,2,1\n109,3,1\n110,1,2\n110,2,2\n110,3,2\n111,1,3\n111,2,3\n111,3,3\n112,1,1\n112,2,1\n112,3,1\n113,1,2\n113,2,2\n113,3,2\n114,1,3\n114,2,3\n114,3,3\n115,1,1\n115,2,1\n115,3,1\n116,1,2\n116,2,2\n116,3,2\n117,1,3\n117,2,3\n117,3,3\n118,1,1\n118,2,1\n118,3,1\n119,1,2\n119,2,2\n119,3,2\n120,1,3\n120,2,3\n120,3,3\n121,1,1\n121,2,1\n121,3,1\n122,1,2\n122,2,2\n122,3,2\n123,1,3\n123,2,3\n123,3,3\n124,1,1\n124,2,1\n124,3,1\n125,1,2\n125,2,2\n125,3,2\n126,1,3\n126,2,3\n126,3,3\n127,1,1\n127,2,1\n127,3,1\n128,1,2\n128,2,2\n128,3,2\n129,1,3\n129,2,3\n129,3,3\n130,1,1\n130,2,1\n130,3,1\n131,1,2\n131,2,2\n131,3,2\n132,1,3\n132,2,3\n132,3,3\n133,1,1\n133,2,1\n133,3,1\n134,1,2\n134,2,2\n134,3,2\n135,1,3\n135,2,3\n135,3,3\n136,1,1\n136,2,1\n136,3,1\n137,1,2\n137,2,2\n137,3,2\n138,1,3\n138,2,3\n138,3,3\n139,1,1\n139,2,1\n139,3,1\n140,1,2\n140,2,2\n140,3,2\n141,1,3\n141,2,3\n141,3,3\n142,1,1\n142,2,1\n142,3,1\n143,1,2\n143,2,2\n143,3,2\n144,1,3\n144,2,3\n144,3,3\n145,1,1\n145,2,1\n145,3,1\n146,1,2\n146,2,2\n146,3,2\n147,1,3\n147,2,3\n147,3,3\n148,1,1\n148,2,1\n148,3,1\n149,1,2\n149,2,2\n149,3,2\n150,1,3\n150,2,3\n150,3,3\n151,1,1\n151,2,1\n151,3,1\n152,1,2\n152,2,2\n152,3,2\n153,1,3\n153,2,3\n153,3,3\n154,1,1\n154,2,1\n154,3,1\n155,1,2\n155,2,2\n155,3,2\n156,1,3\n156,2,3\n156,3,3\n157,1,1\n157,2,1\n157,3,1\n158,1,2\n158,2,2\n158,3,2\n159,1,3\n159,2,3\n159,3,3\n160,1,1\n160,2,1\n160,3,1\n161,1,2\n161,2,2\n161,3,2\n162,1,3\n162,2,3\n162,3,3\n163,1,1\n163,2,1\n163,3,1\n164,1,2\n164,2,2\n164,3,2\n165,1,3\n165,2,3\n165,3,3\n166,1,1\n166,2,1\n166,3,1\n167,1,2\n167,2,2\n167,3,2\n168,1,3\n168,2,3\n168,3,3\n169,1,1\n169,2,1\n169,3,1\n170,1,2\n170,2,2\n170,3,2\n171,1,3\n171,2,3\n171,3,3\n172,1,1\n172,2,1\n172,3,1\n173,1,2\n173,2,2\n173,3,2\n174,1,3\n174,2,3\n174,3,3\n175,1,1\n175,2,1\n175,3,1\n176,1,2\n176,2,2\n176,3,2\n177,1,3\n177,2,3\n177,3,3\n178,1,1\n178,2,1\n178,3,1\n179,1,2\n179,2,2\n179,3,2\n180,1,3\n180,2,3\n180,3,3\n181,1,1\n181,2,1\n181,3,1\n182,1,2\n182,2,2\n182,3,2\n183,1,3\n183,2,3\n183,3,3\n184,1,1\n184,2,1\n184,3,1\n185,1,2\n185,2,2\n185,3,2\n186,1,3\n186,2,3\n186,3,3\n187,1,1\n187,2,1\n187,3,1\n188,1,2\n188,2,2\n188,3,2\n189,1,3\n189,2,3\n189,3,3\n190,1,1\n190,2,1\n190,3,1\n191,1,2\n191,2,2\n191,3,2\n192,1,3\n192,2,3\n192,3,3\n193,1,1\n193,2,1\n193,3,1\n194,1,2\n194,2,2\n194,3,2\n195,1,3\n195,2,3\n195,"
            ],
            "initial_code": "class Main{\n\tpublic static void main(String[] args){\n\t\tScanner sc = new Scanner(System.in);\n\t\tint[][] map = new int[14][14];\n\t\tint count = 0,max = 0;\n\t\twhile(sc.hasNext()){\n\t\t\tint[] x = new int[3];\n\t\t\tString[] code = sc.next().split(\",\",0);\n\t\t\tfor(int i = 0; i < code.length; i++)\n\t\t\t\tx[i] = Integer.parseInt(code[i]);\n\t\t\tif(x[2] >= 1){\n\t\t\t\tmap[x[0]][x[1]]++;\n\t\t\t\tmap[x[0]][x[1]-1]++;\n\t\t\t\tmap[x[0]][x[1]+1]++;\n\t\t\t\tmap[x[0]-1][x[1]]++;\n\t\t\t\tmap[x[0]+1][x[1]]++;\n\t\t\t\t}\n\t\t\tif(x[2] >= 2){\n\t\t\t\tmap[x[0]-1][x[1]-1]++;\n\t\t\t\tmap[x[0]+1][x[1]-1]++;\n\t\t\t\tmap[x[0]-1][x[1]+1]++;\n\t\t\t\tmap[x[0]+1][x[1]+1]++;\n\t\t\t}\n\t\t\tif(x[2] == 3){\n\t\t\t\tmap[x[0]][x[1]-2]++;\n\t\t\t\tmap[x[0]][x[1]+2]++;\n\t\t\t\tmap[x[0]+2][x[1]]++;\n\t\t\t\tmap[x[0]-2][x[1]]++;\n\t\t\t}\n\t\t}\n\t\tfor(int i = 2; i < 14; i++){\n\t\t\tfor(int j = 2; j < 14; j++){\n\t\t\t\tif(map[i][j] > 0)count++;\n\t\t\t\tif(max < map[i][j])max = map[i][j];\n\t\t\t}\n\t\t}\n\t\tSystem.out.println(100 - count);\n\t\tSystem.out.println(max);\n\t\tsc.close();\n\t}\n}",
            "covered_code": "Given the extensive nature of the input list and the complexity of the Java program, a detailed line-by-line execution plan would be too lengthy to present in a single response. However, I can outline a general plan to understand how the code will be executed and which parts of the code will be covered by the test inputs provided. \n\n### General Execution Plan:\n\n1. **Initialization**: The program initializes a 14x14 2D array `map` to store the counts, and variables `count` and `max` to track the number of cells with non-zero values and the maximum value in the `map`, respectively.\n\n2. **Input Processing**:\n   - The program enters a `while` loop that continues as long as there are more inputs (`sc.hasNext()`).\n   - For each input, the program splits it by commas and parses the three numbers, storing them in an array `x[]`.\n   - Based on the value of `x[2]`, the program increments the counts for different cells in the `map` array. This includes the cell itself, adjacent cells, diagonally adjacent cells, and cells two steps away, depending on the value of `x[2]`.\n\n3. **Output Calculation**:\n   - After processing all inputs, the program iterates through the `map` array (excluding the border to avoid `ArrayIndexOutOfBoundsException`) to count how many cells have non-zero values (`count`) and to find the maximum value (`max`) among those cells.\n   - It then prints `100 - count` and `max`.\n\n### Code Coverage:\n\n- **Import Statement**: Assuming an implicit import of `java.util.Scanner;` (not shown in the provided code snippet), this line would be executed.\n\n- **Class and Method Declarations**: The class declaration `class Main` and the `main` method declaration are always executed.\n\n- **Variable Initialization**: The initialization of the `map`, `count`, and `max` variables, and the scanner `sc` are executed.\n\n- **Input Processing Loop**:\n   - The loop checking `sc.hasNext()` and the subsequent input processing (`split`, `parseInt`, and update logic based on `x[2]`) will be executed for each input.\n   - All branches of the `if` statements that check the value of `x[2]` will be covered due to the variety of `x[2]` values in the inputs (1, 2, and 3).\n\n- **Output Calculation Loop**: The loop that calculates `count` and `max` will be executed.\n\n- **Output Statements**: The statements printing `100 - count` and `max` will be executed.\n\n- **Scanner Closing**: The statement `sc.close();` will be executed at the end.\n\n### Exceptions or Special Notes:\n\n- The inputs provided ensure that all features of the map modification logic are utilized, covering the different effects based on the value of `x[2]`.\n- The program doesn't check for bounds when updating the `map`, which might lead to `ArrayIndexOutOfBoundsException` if the inputs were to reference cells on the border of the `map`. However, the provided inputs seem to avoid this issue by not referencing cells that would cause out-of-bounds access.\n\n### Summary:\n\nVirtually all parts of the code are executed due to the comprehensive nature of the inputs, ensuring high code coverage. The crucial elements determining coverage in this program are the variety of `x[2]` values and the careful avoidance of out-of-bound errors in the input list.",
            "test_seed_coverage": [
                ">",
                ">",
                ">",
                ">",
                ">",
                ">",
                ">",
                ">",
                ">",
                ">",
                ">",
                ">",
                ">",
                ">",
                ">",
                ">",
                ">",
                ">",
                ">",
                ">",
                ">",
                ">",
                ">",
                ">",
                ">",
                ">",
                ">",
                ">",
                ">",
                ">",
                ">",
                ">",
                ">",
                ">",
                ">",
                ">",
                ">",
                ">",
                ">",
                ">",
                ">"
            ],
            "cumulative_coverage": [
                ">",
                ">",
                ">",
                ">",
                ">",
                ">",
                ">",
                ">",
                ">",
                ">",
                ">",
                ">",
                ">",
                ">",
                ">",
                ">",
                ">",
                ">",
                ">",
                ">",
                ">",
                ">",
                ">",
                ">",
                ">",
                ">",
                ">",
                ">",
                ">",
                ">",
                ">",
                ">",
                ">",
                ">",
                ">",
                ">",
                ">",
                ">",
                ">",
                ">",
                ">"
            ],
            "execution_error": "Exception in thread \"main\" java.lang.ArrayIndexOutOfBoundsException: Index -1 out of bounds for length 14\n\tat Main.main(Main.java:26)",
            "cerberus_output": "ArrayIndexOutOfBoundsException, Exceptions",
            "execution_result": "ArrayIndexOutOfBoundsException"
        },
        {
            "test_case": [
                "Test Case Input:\n1,2,3\n4,5,6\n7,8,9\n10,11,12\n13,14,15"
            ],
            "test_mutations": [
                "Test Case Input:\n1,2,3\n4,5,6\n7,8,9\n10,11,12\n13,14,15"
            ],
            "initial_code": "class Main{\n\tpublic static void main(String[] args){\n\t\tScanner sc = new Scanner(System.in);\n\t\tint[][] map = new int[14][14];\n\t\tint count = 0,max = 0;\n\t\twhile(sc.hasNext()){\n\t\t\tint[] x = new int[3];\n\t\t\tString[] code = sc.next().split(\",\",0);\n\t\t\tfor(int i = 0; i < code.length; i++)\n\t\t\t\tx[i] = Integer.parseInt(code[i]);\n\t\t\tif(x[2] >= 1){\n\t\t\t\tmap[x[0]][x[1]]++;\n\t\t\t\tmap[x[0]][x[1]-1]++;\n\t\t\t\tmap[x[0]][x[1]+1]++;\n\t\t\t\tmap[x[0]-1][x[1]]++;\n\t\t\t\tmap[x[0]+1][x[1]]++;\n\t\t\t\t}\n\t\t\tif(x[2] >= 2){\n\t\t\t\tmap[x[0]-1][x[1]-1]++;\n\t\t\t\tmap[x[0]+1][x[1]-1]++;\n\t\t\t\tmap[x[0]-1][x[1]+1]++;\n\t\t\t\tmap[x[0]+1][x[1]+1]++;\n\t\t\t}\n\t\t\tif(x[2] == 3){\n\t\t\t\tmap[x[0]][x[1]-2]++;\n\t\t\t\tmap[x[0]][x[1]+2]++;\n\t\t\t\tmap[x[0]+2][x[1]]++;\n\t\t\t\tmap[x[0]-2][x[1]]++;\n\t\t\t}\n\t\t}\n\t\tfor(int i = 2; i < 14; i++){\n\t\t\tfor(int j = 2; j < 14; j++){\n\t\t\t\tif(map[i][j] > 0)count++;\n\t\t\t\tif(max < map[i][j])max = map[i][j];\n\t\t\t}\n\t\t}\n\t\tSystem.out.println(100 - count);\n\t\tSystem.out.println(max);\n\t\tsc.close();\n\t}\n}",
            "covered_code": "For the given Java program and the provided test case input, we can develop a plan of step by step execution to predict the code coverage. The inputs are a series of coordinates and values indicating a kind of mapping operation. Based on this, let's detail the execution plan and predict which lines of the program will be executed.\n\n### Execution Plan:\n\n1. **Class Declaration**: The class declaration `class Main{` is always executed.\n\n2. **Main Method Declaration**: The declaration of the `public static void main(String[] args){` method is always executed.\n\n3. **Scanner Instance Creation**: The statement `Scanner sc = new Scanner(System.in);` is executed to read inputs.\n\n4. **Variable Initialization**: The initialization of `int[][] map = new int[14][14];`, `int count = 0,` and `max = 0;` are always executed.\n\n5. **While Loop for Input Reading**: Since the input is provided (`1,2,3` through `13,14,15`), the while loop `while(sc.hasNext()){` will execute for each line of input. \n\n6. **Splitting and Parsing Input**: The input is split and parsed within the loop, so the lines involving `String[] code = sc.next().split(\",\",0);` and the subsequent for loop to parse integers `x[i] = Integer.parseInt(code[i]);` will be executed for each input line.\n\n7. **Conditional Statements**: Based on the third value of each input (`x[2]`), different if conditions are checked and corresponding map updating operations are executed. Given that all test inputs have `x[2]` values of 1, 2, and 3, all the related conditional blocks will be executed at least once.\n\n8. **Loop for Counting and Finding Max**: The for loop to count non-zero values in `map` and find the `max` value will be executed after all inputs are processed.\n\n9. **Output Statements**: The output lines `System.out.println(100 - count);` and `System.out.println(max);` are executed to print results.\n\n10. **Scanner Close**: Finally, `sc.close();` is executed to close the scanner.\n\n### Code Coverage Prediction:\n\n- All lines are executed, except for potential exceptions (none specified in this scenario).\n- The code coverage will indicate that each statement in this program is executed due to the nature of the test case inputs provided.\n\n### Predicted Code Coverage:\n\n```\n> class Main{\n>    public static void main(String[] args){\n>        Scanner sc = new Scanner(System.in);\n>        int[][] map = new int[14][14];\n>        int count = 0,max = 0;\n>        while(sc.hasNext()){\n>            int[] x = new int[3];\n>            String[] code = sc.next().split(\",\",0);\n>            for(int i = 0; i < code.length; i++)\n>                x[i] = Integer.parseInt(code[i]);\n>            if(x[2] >= 1){\n>                map[x[0]][x[1]]++;\n>                map[x[0]][x[1]-1]++;\n>                map[x[0]][x[1]+1]++;\n>                map[x[0]-1][x[1]]++;\n>                map[x[0]+1][x[1]]++;\n>            }\n>            if(x[2] >= 2){\n>                map[x[0]-1][x[1]-1]++;\n>                map[x[0]+1][x[1]-1]++;\n>                map[x[0]-1][x[1]+1]++;\n>                map[x[0]+1][x[1]+1]++;\n>            }\n>            if(x[2] == 3){\n>                map[x[0]][x[1]-2]++;\n>                map[x[0]][x[1]+2]++;\n>                map[x[0]+2][x[1]]++;\n>                map[x[0]-2][x[1]]++;\n>            }\n>        }\n>        for(int i = 2; i < 14; i++){\n>            for(int j = 2; j < 14; j++){\n>                if(map[i][j] > 0)count++;\n>                if(max < map[i][j])max = map[i][j];\n>            }\n>        }\n>        System.out.println(100 - count);\n>        System.out.println(max);\n>        sc.close();\n>    }\n> }\n```\n\nGiven the plan and the specifics of the test case, every statement in the program is executed at least once, achieving full statement coverage as per the provided test case and execution plan.",
            "test_seed_coverage": [
                ">",
                ">",
                ">",
                ">",
                ">",
                ">",
                ">",
                ">",
                ">",
                ">",
                ">",
                ">",
                ">",
                ">",
                ">",
                ">",
                ">",
                ">",
                ">",
                ">",
                ">",
                ">",
                ">",
                ">",
                ">",
                ">",
                ">",
                ">",
                ">",
                ">",
                ">",
                ">",
                ">",
                ">",
                ">",
                ">",
                ">",
                ">",
                ">",
                ">",
                ">"
            ],
            "cumulative_coverage": [
                ">",
                ">",
                ">",
                ">",
                ">",
                ">",
                ">",
                ">",
                ">",
                ">",
                ">",
                ">",
                ">",
                ">",
                ">",
                ">",
                ">",
                ">",
                ">",
                ">",
                ">",
                ">",
                ">",
                ">",
                ">",
                ">",
                ">",
                ">",
                ">",
                ">",
                ">",
                ">",
                ">",
                ">",
                ">",
                ">",
                ">",
                ">",
                ">",
                ">",
                ">"
            ],
            "execution_error": "Exception in thread \"main\" java.lang.ArrayIndexOutOfBoundsException: Index -1 out of bounds for length 14\n\tat Main.main(Main.java:29)",
            "cerberus_output": "",
            "execution_result": "ArrayIndexOutOfBoundsException"
        },
        {
            "test_case": [
                "Test Case Input:\n1,1,0\n1,2,1\n2,2,2\n2,3,3"
            ],
            "test_mutations": [
                "Test Case Input:\n1,1,0\n1,2,1\n2,2,2\n2,3,3"
            ],
            "initial_code": "class Main{\n\tpublic static void main(String[] args){\n\t\tScanner sc = new Scanner(System.in);\n\t\tint[][] map = new int[14][14];\n\t\tint count = 0,max = 0;\n\t\twhile(sc.hasNext()){\n\t\t\tint[] x = new int[3];\n\t\t\tString[] code = sc.next().split(\",\",0);\n\t\t\tfor(int i = 0; i < code.length; i++)\n\t\t\t\tx[i] = Integer.parseInt(code[i]);\n\t\t\tif(x[2] >= 1){\n\t\t\t\tmap[x[0]][x[1]]++;\n\t\t\t\tmap[x[0]][x[1]-1]++;\n\t\t\t\tmap[x[0]][x[1]+1]++;\n\t\t\t\tmap[x[0]-1][x[1]]++;\n\t\t\t\tmap[x[0]+1][x[1]]++;\n\t\t\t\t}\n\t\t\tif(x[2] >= 2){\n\t\t\t\tmap[x[0]-1][x[1]-1]++;\n\t\t\t\tmap[x[0]+1][x[1]-1]++;\n\t\t\t\tmap[x[0]-1][x[1]+1]++;\n\t\t\t\tmap[x[0]+1][x[1]+1]++;\n\t\t\t}\n\t\t\tif(x[2] == 3){\n\t\t\t\tmap[x[0]][x[1]-2]++;\n\t\t\t\tmap[x[0]][x[1]+2]++;\n\t\t\t\tmap[x[0]+2][x[1]]++;\n\t\t\t\tmap[x[0]-2][x[1]]++;\n\t\t\t}\n\t\t}\n\t\tfor(int i = 2; i < 14; i++){\n\t\t\tfor(int j = 2; j < 14; j++){\n\t\t\t\tif(map[i][j] > 0)count++;\n\t\t\t\tif(max < map[i][j])max = map[i][j];\n\t\t\t}\n\t\t}\n\t\tSystem.out.println(100 - count);\n\t\tSystem.out.println(max);\n\t\tsc.close();\n\t}\n}",
            "covered_code": "Developing a step-by-step plan for the execution of the provided Java program with the given test case inputs and predicting the code coverage:\n\n1. **Class Declaration**: The class declaration `class Main` is always executed.\n2. **Main method declaration**: The `public static void main(String[] args)` is always executed.\n3. **Scanner and variable initialization**: The statements for initializing the Scanner, the 2D array `map`, and the variables `count` and `max` are always executed.\n4. **Input processing loop**: The `while` loop that processes input from the scanner is executed as long as there is input.\n5. **Splitting and parsing input**: The input is split by commas and parsed into an integer array. These operations are executed for each input line.\n6. **First `if` condition (`x[2] >= 1`)**: This condition is evaluated for each input. It is true for all inputs except the first one (`1,1,0`), so operations inside this block are executed for the other inputs.\n7. **Second `if` condition (`x[2] >= 2`)**: This condition is evaluated for each input. It is true for the last two inputs (`2,2,2` and `2,3,3`), so operations inside this block are executed for these inputs.\n8. **Third `if` condition (`x[2] == 3`)**: This condition is evaluated for each input. It is true only for the last input (`2,3,3`), so operations inside this block are executed only for this input.\n9. **Counting and finding max**: The loop that counts non-zero entries in the `map` array and finds the maximum value is always executed after processing all inputs.\n10. **Printing results**: The statements to print the results (`100 - count` and `max`) are always executed at the end of the main method.\n11. **Closing Scanner**: The `sc.close();` statement is executed at the end.\n\nBased on the above plan, here is the code coverage prediction:\n\n```\n> class Main{\n> \tpublic static void main(String[] args){\n> \t\tScanner sc = new Scanner(System.in);\n> \t\tint[][] map = new int[14][14];\n> \t\tint count = 0,max = 0;\n> \t\twhile(sc.hasNext()){\n> \t\t\tint[] x = new int[3];\n> \t\t\tString[] code = sc.next().split(\",\",0);\n> \t\t\tfor(int i = 0; i < code.length; i++)\n> \t\t\t\tx[i] = Integer.parseInt(code[i]);\n> \t\t\tif(x[2] >= 1){\n! \t\t\t\tmap[x[0]][x[1]]++;\n! \t\t\t\tmap[x[0]][x[1]-1]++;\n! \t\t\t\tmap[x[0]][x[1]+1]++;\n! \t\t\t\tmap[x[0]-1][x[1]]++;\n! \t\t\t\tmap[x[0]+1][x[1]]++;\n> \t\t\t\t}\n> \t\t\tif(x[2] >= 2){\n! \t\t\t\tmap[x[0]-1][x[1]-1]++;\n! \t\t\t\tmap[x[0]+1][x[1]-1]++;\n! \t\t\t\tmap[x[0]-1][x[1]+1]++;\n! \t\t\t\tmap[x[0]+1][x[1]+1]++;\n> \t\t\t}\n> \t\t\tif(x[2] == 3){\n! \t\t\t\tmap[x[0]][x[1]-2]++;\n! \t\t\t\tmap[x[0]][x[1]+2]++;\n! \t\t\t\tmap[x[0]+2][x[1]]++;\n! \t\t\t\tmap[x[0]-2][x[1]]++;\n> \t\t\t}\n> \t\t}\n> \t\tfor(int i = 2; i < 14; i++){\n> \t\t\tfor(int j = 2; j < 14; j++){\n> \t\t\t\tif(map[i][j] > 0)count++;\n> \t\t\t\tif(max < map[i][j])max = map[i][j];\n> \t\t\t}\n> \t\t}\n> \t\tSystem.out.println(100 - count);\n> \t\tSystem.out.println(max);\n> \t\tsc.close();\n> \t}\n> }\n```\nThe `!` indicates the lines that are conditionally executed based on the input. Given the specific inputs provided, the first input does not trigger the effects of `x[2] >= 1`, so lines within that block are marked accordingly for the first input scenario. The rest are marked as executed (`>`) because they are run during the program's execution as per the given inputs. Note that the specific effects within conditional blocks depend on input values, so the actual execution may vary slightly based on how the input impacts array indices and conditions.",
            "test_seed_coverage": [
                ">",
                ">",
                ">",
                ">",
                ">",
                ">",
                ">",
                ">",
                ">",
                ">",
                ">",
                ">",
                ">",
                ">",
                ">",
                ">",
                ">",
                ">",
                ">",
                ">",
                ">",
                ">",
                ">",
                ">",
                ">",
                ">",
                ">",
                ">",
                ">",
                ">",
                ">",
                ">",
                ">",
                ">",
                ">",
                ">",
                ">",
                ">",
                ">",
                ">",
                ">"
            ],
            "cumulative_coverage": [
                ">",
                ">",
                ">",
                ">",
                ">",
                ">",
                ">",
                ">",
                ">",
                ">",
                ">",
                ">",
                ">",
                ">",
                ">",
                ">",
                ">",
                ">",
                ">",
                ">",
                ">",
                ">",
                ">",
                ">",
                ">",
                ">",
                ">",
                ">",
                ">",
                ">",
                ">",
                ">",
                ">",
                ">",
                ">",
                ">",
                ">",
                ">",
                ">",
                ">",
                ">"
            ],
            "execution_output": "92\n3",
            "cerberus_output": "",
            "execution_result": ""
        },
        {
            "test_case": [
                "Test Case Input:\n1,2,3\n4,5,6\n7,8,9\n10,11,12\n13,14,15\n"
            ],
            "test_mutations": [
                "Test Case Input:\n1,2,3\n4,5,6\n7,8,9\n10,11,12\n13,14,15\n"
            ],
            "initial_code": "class Main{\n\tpublic static void main(String[] args){\n\t\tScanner sc = new Scanner(System.in);\n\t\tint[][] map = new int[14][14];\n\t\tint count = 0,max = 0;\n\t\twhile(sc.hasNext()){\n\t\t\tint[] x = new int[3];\n\t\t\tString[] code = sc.next().split(\",\",0);\n\t\t\tfor(int i = 0; i < code.length; i++)\n\t\t\t\tx[i] = Integer.parseInt(code[i]);\n\t\t\tif(x[2] >= 1){\n\t\t\t\tmap[x[0]][x[1]]++;\n\t\t\t\tmap[x[0]][x[1]-1]++;\n\t\t\t\tmap[x[0]][x[1]+1]++;\n\t\t\t\tmap[x[0]-1][x[1]]++;\n\t\t\t\tmap[x[0]+1][x[1]]++;\n\t\t\t\t}\n\t\t\tif(x[2] >= 2){\n\t\t\t\tmap[x[0]-1][x[1]-1]++;\n\t\t\t\tmap[x[0]+1][x[1]-1]++;\n\t\t\t\tmap[x[0]-1][x[1]+1]++;\n\t\t\t\tmap[x[0]+1][x[1]+1]++;\n\t\t\t}\n\t\t\tif(x[2] == 3){\n\t\t\t\tmap[x[0]][x[1]-2]++;\n\t\t\t\tmap[x[0]][x[1]+2]++;\n\t\t\t\tmap[x[0]+2][x[1]]++;\n\t\t\t\tmap[x[0]-2][x[1]]++;\n\t\t\t}\n\t\t}\n\t\tfor(int i = 2; i < 14; i++){\n\t\t\tfor(int j = 2; j < 14; j++){\n\t\t\t\tif(map[i][j] > 0)count++;\n\t\t\t\tif(max < map[i][j])max = map[i][j];\n\t\t\t}\n\t\t}\n\t\tSystem.out.println(100 - count);\n\t\tSystem.out.println(max);\n\t\tsc.close();\n\t}\n}",
            "covered_code": "Given the test case and the Java program, the plan for execution and code coverage can be outlined as follows:\n\n1. **Class Declaration**: Always executed as it's the definition of the class. Statement `class Main{` is covered.\n\n2. **Main method declaration**: Always executed as it's the entry point of the program. Statement `public static void main(String[] args){` is covered.\n\n3. **Scanner object creation**: Always executed to read input from the standard input stream. Statement `Scanner sc = new Scanner(System.in);` is covered.\n\n4. **Declaration and Initialization**: The array `map` and variables `count` and `max` are always executed since they are part of the initialization. Statements inside the main method before the loop are covered.\n   \n5. **While loop for reading inputs**: Since there are inputs provided in the test case, the while loop will execute for each line of input. Statement `while(sc.hasNext()){` is covered.\n\n6. **Splitting and parsing input**: The input is split by commas and then parsed into integers. These statements are executed for every line of input provided. Statements inside the loop for splitting and parsing are covered.\n\n7. **Conditional checks and map updates**:\n   - The conditions `if(x[2] >= 1)`, `if(x[2] >= 2)`, and `if(x[2] == 3)` are covered because the input values for `x[2]` are such that all these conditions will be evaluated during the execution with the given inputs.\n   - The updates to the `map` array inside these conditions are also executed based on the conditions being true.\n\n8. **Counting and finding max**: After the inputs are processed, the for loop to count non-zero values in the `map` and find the max value is always executed. Statements for the loop and conditions inside it are covered.\n\n9. **Printing results**: The statements to print the results (`100 - count` and `max`) are always executed after processing all inputs. Statements for printing are covered.\n\n10. **Scanner close**: The statement to close the scanner is executed at the end of the program. Statement `sc.close();` is covered.\n\n11. **End of main method and class**: Closing brackets are syntactical and considered covered as part of the structure.\n\nGiven the test case inputs and following the execution plan, here is the predicted code coverage:\n\n```\n> class Main{\n> \tpublic static void main(String[] args){\n> \t\tScanner sc = new Scanner(System.in);\n> \t\tint[][] map = new int[14][14];\n> \t\tint count = 0,max = 0;\n> \t\twhile(sc.hasNext()){\n> \t\t\tint[] x = new int[3];\n> \t\t\tString[] code = sc.next().split(\",\",0);\n> \t\t\tfor(int i = 0; i < code.length; i++)\n> \t\t\t\tx[i] = Integer.parseInt(code[i]);\n> \t\t\tif(x[2] >= 1){\n> \t\t\t\tmap[x[0]][x[1]]++;\n> \t\t\t\tmap[x[0]][x[1]-1]++;\n> \t\t\t\tmap[x[0]][x[1]+1]++;\n> \t\t\t\tmap[x[0]-1][x[1]]++;\n> \t\t\t\tmap[x[0]+1][x[1]]++;\n> \t\t\t}\n> \t\t\tif(x[2] >= 2){\n> \t\t\t\tmap[x[0]-1][x[1]-1]++;\n> \t\t\t\tmap[x[0]+1][x[1]-1]++;\n> \t\t\t\tmap[x[0]-1][x[1]+1]++;\n> \t\t\t\tmap[x[0]+1][x[1]+1]++;\n> \t\t\t}\n> \t\t\tif(x[2] == 3){\n> \t\t\t\tmap[x[0]][x[1]-2]++;\n> \t\t\t\tmap[x[0]][x[1]+2]++;\n> \t\t\t\tmap[x[0]+2][x[1]]++;\n> \t\t\t\tmap[x[0]-2][x[1]]++;\n> \t\t\t}\n> \t\t}\n> \t\tfor(int i = 2; i < 14; i++){\n> \t\t\tfor(int j = 2; j < 14; j++){\n> \t\t\t\tif(map[i][j] > 0)count++;\n> \t\t\t\tif(max < map[i][j])max = map[i][j];\n> \t\t\t}\n> \t\t}\n> \t\tSystem.out.println(100 - count);\n> \t\tSystem.out.println(max);\n> \t\tsc.close();\n> \t}\n> }\n```\n\nAll statements in the program are executed given the provided inputs, resulting in 100% code coverage for this scenario.",
            "test_seed_coverage": [
                ">",
                ">",
                ">",
                ">",
                ">",
                ">",
                ">",
                ">",
                ">",
                ">",
                ">",
                ">",
                ">",
                ">",
                ">",
                ">",
                ">",
                ">",
                ">",
                ">",
                ">",
                ">",
                ">",
                ">",
                ">",
                ">",
                ">",
                ">",
                ">",
                ">",
                ">",
                ">",
                ">",
                ">",
                ">",
                ">",
                ">",
                ">",
                ">",
                ">",
                ">"
            ],
            "cumulative_coverage": [
                ">",
                ">",
                ">",
                ">",
                ">",
                ">",
                ">",
                ">",
                ">",
                ">",
                ">",
                ">",
                ">",
                ">",
                ">",
                ">",
                ">",
                ">",
                ">",
                ">",
                ">",
                ">",
                ">",
                ">",
                ">",
                ">",
                ">",
                ">",
                ">",
                ">",
                ">",
                ">",
                ">",
                ">",
                ">",
                ">",
                ">",
                ">",
                ">",
                ">",
                ">"
            ],
            "execution_error": "Exception in thread \"main\" java.lang.ArrayIndexOutOfBoundsException: Index -1 out of bounds for length 14\n\tat Main.main(Main.java:29)",
            "cerberus_output": "",
            "execution_result": "ArrayIndexOutOfBoundsException"
        }
    ]
}