{
    "submission_id": "s884061840",
    "cycles": [
        {
            "test_case": [
                "Test Case Input:\n3\n1 2 3 4 5 6\n2 3 4 5 6 1\n3 4 5 6 1 2"
            ],
            "test_mutations": [
                "Test Case Input:\n3\n1 2 3 4 5 6\n2 3 4 5 6 1\n3 4 5 6 1 2"
            ],
            "initial_code": "class Main{\n        public static void main(String[] args){\n    \tScanner scan = new Scanner(System.in);\n    \tDice[] dice;\n    \tint dice_num = scan.nextInt();\n    \tdice = new Dice[dice_num];\n    \tfor(int i = 0; i < dice_num; i++){\n    \t\tdice[i] = new Dice();\n    \t}\n    \tfor(int i = 0; i < dice_num; i++){\n    \t\tfor(int j = 0; j < 6; j++){\n    \t\t\tdice[i].S[j] = scan.nextInt();\n    \t\t}\n    \t}\n    \tfor(int m = 1; m < dice_num; m++){\n\t\t\tfor(int i = 0; i < 4; i++){\n\t\t\t\tfor(int j = 0; j < 4; j++){\n\t\t    \t\tfor(int k = 0; k < 4; k++){\n\t\t    \t\t\tint temp3 = dice[m-1].S[0];\n\t\t        \t\tdice[m-1].S[0] = dice[m-1].S[1];\n\t\t        \t\tdice[m-1].S[1] = dice[m-1].S[5];\n\t\t        \t\tdice[m-1].S[5] = dice[m-1].S[4];\n\t\t        \t\tdice[m-1].S[4] = temp3;\n\t\t        \t\tif(dice[m-1].S[0] == dice[m].S[0] && dice[m-1].S[1] == dice[m].S[1] && dice[m-1].S[2] == dice[m].S[2] && dice[m-1].S[3] == dice[m].S[3] && dice[m-1].S[4] == dice[m].S[4] && dice[m-1].S[5] == dice[m].S[5]) {\n\t\t        \t\t\tSystem.out.println(\"No\");\n\t\t        \t\t    return;\n\t\t        \t\t}else{\n\t\t        \t\t\tif(dice_num > 2){\n\t\t        \t\t\t\tif(dice[m - 2].S[0] == dice[m].S[0] && dice[m - 2].S[1] == dice[m].S[1] && dice[m - 2].S[2] == dice[m].S[2] && dice[m - 2].S[3] == dice[m].S[3] && dice[m - 2].S[4] == dice[m].S[4] && dice[m - 2].S[5] == dice[m].S[5]) {\n\t\t\t\t        \t\t\tSystem.out.println(\"No\");\n\t\t\t\t        \t\t    return;\n\t\t\t\t        \t\t}\n\t\t        \t\t\t}\n\t\t        \t\t}\n\t\t    \t\t}\n\t\t    \t\tint temp2 = dice[m-1].S[0];\n\t\t    \t\tdice[m-1].S[0] = dice[m-1].S[3];\n\t\t    \t\tdice[m-1].S[3] = dice[m-1].S[5];\n\t\t    \t\tdice[m-1].S[5] = dice[m-1].S[2];\n\t\t    \t\tdice[m-1].S[2] = temp2;\n\t\t\t\t}\n\t\t\t\tint temp = dice[m-1].S[0];\n\t\t\t\tdice[m-1].S[0] = dice[m-1].S[1];\n\t\t\t\tdice[m-1].S[1] = dice[m-1].S[5];\n\t\t\t\tdice[m-1].S[5] = dice[m-1].S[4];\n\t\t\t\tdice[m-1].S[4] = temp;\n\t\t\t}\n    \t}\n    \tSystem.out.println(\"Yes\");\n     }\n}\nclass Dice{\n\tint[] S = new int[6];\n}",
            "covered_code": "Based on the provided test inputs and the Java program, let's develop a plan for step-by-step execution to predict the code coverage. The provided test inputs will guide the flow of execution within the program.\n\n### Test Case Input:\n3 (number of dice)  \n1 2 3 4 5 6 (sides of dice 1)  \n2 3 4 5 6 1 (sides of dice 2)  \n3 4 5 6 1 2 (sides of dice 3)  \n\n### Plan:\n1. **Initialization of Scanner and reading number of dice:** The first line of the input indicates the number of dice, which is always read. This covers the instantiation of the Scanner and the reading of `dice_num`.\n   \n2. **Dice array creation and initialization:** The program then initializes an array of Dice objects based on the number of dice. Each iteration of this loop is covered since we have 3 dice.\n\n3. **Reading dice sides:** The program reads 6 integers for each dice to set their sides. Given there are 3 dice, and each has 6 sides, all these read operations are covered.\n\n4. **Nested for-loops for comparison:** The program enters the nested for-loops for comparison between dice starting from the second dice to the last. The conditions and modifications within these loops are executed as part of the comparison logic. Given the logic and test inputs, all parts of these loops are executed until a match is found or all possibilities are exhausted.\n\n5. **Printing result:** Depending on whether a matching configuration is found, the program may print \"No\" and return early, or it may reach the end and print \"Yes\". Based on the input, the program will not find identical dice configurations and will print \"Yes\" at the end.\n\n### Predicted Code Coverage:\n- **Scanner initialization, reading inputs:** Covered\n- **Dice array creation and initialization:** Covered\n- **Reading dice sides:** Covered\n- **Nested for-loops for comparison:** Covered\n- **Comparison logic within loops:** Covered because the input does not lead to an immediate match; hence, various rotations and comparisons will be executed.\n- **System.out.println(\"Yes\");:** Covered, assuming no identical dice are found with the given inputs.\n- **System.out.println(\"No\");:** Not covered by the given inputs, as no early return due to matching dice configurations happens.\n\n### Code Coverage Output:\n```\n> class Main{\n>     public static void main(String[] args){\n>         Scanner scan = new Scanner(System.in);\n>         Dice[] dice;\n>         int dice_num = scan.nextInt();\n>         dice = new Dice[dice_num];\n>         for(int i = 0; i < dice_num; i++){\n>             dice[i] = new Dice();\n>         }\n>         for(int i = 0; i < dice_num; i++){\n>             for(int j = 0; j < 6; j++){\n>                 dice[i].S[j] = scan.nextInt();\n>             }\n>         }\n>         for(int m = 1; m < dice_num; m++){\n>             for(int i = 0; i < 4; i++){\n>                 for(int j = 0; j < 4; j++){\n>                     for(int k = 0; k < 4; k++){\n>                         int temp3 = dice[m-1].S[0];\n>                         dice[m-1].S[0] = dice[m-1].S[1];\n>                         dice[m-1].S[1] = dice[m-1].S[5];\n>                         dice[m-1].S[5] = dice[m-1].S[4];\n>                         dice[m-1].S[4] = temp3;\n>                         if(dice[m-1].S[0] == dice[m].S[0] && dice[m-1].S[1] == dice[m].S[1] && dice[m-1].S[2] == dice[m].S[2] && dice[m-1].S[3] == dice[m].S[3] && dice[m-1].S[4] == dice[m].S[4] && dice[m-1].S[5] == dice[m].S[5]) {\n!                           System.out.println(\"No\");\n!                           return;\n>                         }else{\n>                             if(dice_num > 2){\n>                                 if(dice[m - 2].S[0] == dice[m].S[0] && dice[m - 2].S[1] == dice[m].S[1] && dice[m - 2].S[2] == dice[m].S[2] && dice[m - 2].S[3] == dice[m].S[3] && dice[m - 2].S[4] == dice[m].S[4] && dice[m - 2].S[5] == dice[m].S[5]) {\n!                                     System.out.println(\"No\");\n!                                     return;\n>                                 }\n>                             }\n>                         }\n>                     }\n>                     int temp2 = dice[m-1].S[0];\n>                     dice[m-1].S[0] = dice[m-1].S[3];\n>                     dice[m-1].S[3] = dice[m-1].S[5];\n>                     dice[m-1].S[5] = dice[m-1].S[2];\n>                     dice[m-1].S[2] = temp2;\n>                 }\n>                 int temp = dice[m-1].S[0];\n>                 dice[m-1].S[0] = dice[m-1].S[1];\n>                 dice[m-1].S[1] = dice[m-1].S[5];\n>                 dice[m-1].S[5] = dice[m-1].S[4];\n>                 dice[m-1].S[4] = temp;\n>             }\n>         }\n>         System.out.println(\"Yes\");\n>     }\n> }\n> class Dice{\n>     int[] S = new int[6];\n> }\n```\nThis code coverage assumes the given inputs don't result in an immediate match (\"No\" path), leading to the program printing \"Yes\" after all rotations and comparisons are done.",
            "test_seed_coverage": [
                ">",
                ">",
                ">",
                ">",
                ">",
                ">",
                ">",
                ">",
                ">",
                ">",
                ">",
                ">",
                ">",
                ">",
                ">",
                ">",
                ">",
                ">",
                ">",
                ">",
                ">",
                ">",
                ">",
                ">",
                "!",
                "!",
                ">",
                ">",
                ">",
                "!",
                "!",
                ">",
                ">",
                ">",
                ">",
                ">",
                ">",
                ">",
                ">",
                ">",
                ">",
                ">",
                ">",
                ">",
                ">",
                ">",
                ">",
                ">",
                ">",
                ">",
                ">",
                ">",
                ">",
                ">"
            ],
            "cumulative_coverage": [
                ">",
                ">",
                ">",
                ">",
                ">",
                ">",
                ">",
                ">",
                ">",
                ">",
                ">",
                ">",
                ">",
                ">",
                ">",
                ">",
                ">",
                ">",
                ">",
                ">",
                ">",
                ">",
                ">",
                ">",
                "!",
                "!",
                ">",
                ">",
                ">",
                "!",
                "!",
                ">",
                ">",
                ">",
                ">",
                ">",
                ">",
                ">",
                ">",
                ">",
                ">",
                ">",
                ">",
                ">",
                ">",
                ">",
                ">",
                ">",
                ">",
                ">",
                ">",
                ">",
                ">",
                ">"
            ],
            "execution_error": "Exception in thread \"main\" java.lang.ArrayIndexOutOfBoundsException: Index -1 out of bounds for length 3\n\tat Main.main(Main.java:30)",
            "cerberus_output": "",
            "execution_result": "ArrayIndexOutOfBoundsException"
        },
        {
            "test_case": [
                "Test Case Input:\n3\n1 2 3 4 5 6\n2 3 4 5 6 7\n3 4 5 6 7 8"
            ],
            "test_mutations": [
                "Test Case Input:\n3\n1 2 3 4 5 6\n2 3 4 5 6 7\n3 4 5 6 7 8"
            ],
            "initial_code": "class Main{\n        public static void main(String[] args){\n    \tScanner scan = new Scanner(System.in);\n    \tDice[] dice;\n    \tint dice_num = scan.nextInt();\n    \tdice = new Dice[dice_num];\n    \tfor(int i = 0; i < dice_num; i++){\n    \t\tdice[i] = new Dice();\n    \t}\n    \tfor(int i = 0; i < dice_num; i++){\n    \t\tfor(int j = 0; j < 6; j++){\n    \t\t\tdice[i].S[j] = scan.nextInt();\n    \t\t}\n    \t}\n    \tfor(int m = 1; m < dice_num; m++){\n\t\t\tfor(int i = 0; i < 4; i++){\n\t\t\t\tfor(int j = 0; j < 4; j++){\n\t\t    \t\tfor(int k = 0; k < 4; k++){\n\t\t    \t\t\tint temp3 = dice[m-1].S[0];\n\t\t        \t\tdice[m-1].S[0] = dice[m-1].S[1];\n\t\t        \t\tdice[m-1].S[1] = dice[m-1].S[5];\n\t\t        \t\tdice[m-1].S[5] = dice[m-1].S[4];\n\t\t        \t\tdice[m-1].S[4] = temp3;\n\t\t        \t\tif(dice[m-1].S[0] == dice[m].S[0] && dice[m-1].S[1] == dice[m].S[1] && dice[m-1].S[2] == dice[m].S[2] && dice[m-1].S[3] == dice[m].S[3] && dice[m-1].S[4] == dice[m].S[4] && dice[m-1].S[5] == dice[m].S[5]) {\n\t\t        \t\t\tSystem.out.println(\"No\");\n\t\t        \t\t    return;\n\t\t        \t\t}else{\n\t\t        \t\t\tif(dice_num > 2){\n\t\t        \t\t\t\tif(dice[m - 2].S[0] == dice[m].S[0] && dice[m - 2].S[1] == dice[m].S[1] && dice[m - 2].S[2] == dice[m].S[2] && dice[m - 2].S[3] == dice[m].S[3] && dice[m - 2].S[4] == dice[m].S[4] && dice[m - 2].S[5] == dice[m].S[5]) {\n\t\t\t\t        \t\t\tSystem.out.println(\"No\");\n\t\t\t\t        \t\t    return;\n\t\t\t\t        \t\t}\n\t\t        \t\t\t}\n\t\t        \t\t}\n\t\t    \t\t}\n\t\t    \t\tint temp2 = dice[m-1].S[0];\n\t\t    \t\tdice[m-1].S[0] = dice[m-1].S[3];\n\t\t    \t\tdice[m-1].S[3] = dice[m-1].S[5];\n\t\t    \t\tdice[m-1].S[5] = dice[m-1].S[2];\n\t\t    \t\tdice[m-1].S[2] = temp2;\n\t\t\t\t}\n\t\t\t\tint temp = dice[m-1].S[0];\n\t\t\t\tdice[m-1].S[0] = dice[m-1].S[1];\n\t\t\t\tdice[m-1].S[1] = dice[m-1].S[5];\n\t\t\t\tdice[m-1].S[5] = dice[m-1].S[4];\n\t\t\t\tdice[m-1].S[4] = temp;\n\t\t\t}\n    \t}\n    \tSystem.out.println(\"Yes\");\n     }\n}\nclass Dice{\n\tint[] S = new int[6];\n}",
            "covered_code": "Let's develop a plan of step by step execution for the provided Java program with the given test case and then predict the code coverage.\n\nTest Case Input:\n3\n1 2 3 4 5 6\n2 3 4 5 6 7\n3 4 5 6 7 8\n\nPlan for step by step execution:\n1. Class Main declaration: always executed.\n2. Main method declaration: always executed.\n3. Scanner object creation: always executed.\n4. Reading the number of dice: executed for the provided input.\n5. Dice array creation: executed based on the number of dice.\n6. First for loop for creating Dice objects: executed as per the number of dice.\n7. Second for loop for filling the sides of each Dice: executed for all dice and all sides.\n8. Triple-nested for loops for checking dice equality: executed as per the logic in the code.\n9. If-else structure inside the nested loops: conditional, depending on the values of the sides of the dice.\n10. System.out.println(\"Yes\") or System.out.println(\"No\"): depending on the outcome of the dice equality checks.\n\nCode Coverage Prediction:\n\n> class Main{\n>     public static void main(String[] args){\n>         Scanner scan = new Scanner(System.in);\n>         Dice[] dice;\n>         int dice_num = scan.nextInt();\n>         dice = new Dice[dice_num];\n>         for(int i = 0; i < dice_num; i++){\n>             dice[i] = new Dice();\n>         }\n>         for(int i = 0; i < dice_num; i++){\n>             for(int j = 0; j < 6; j++){\n>                 dice[i].S[j] = scan.nextInt();\n>             }\n>         }\n>         for(int m = 1; m < dice_num; m++){\n>             for(int i = 0; i < 4; i++){\n>                 for(int j = 0; j < 4; j++){\n>                     for(int k = 0; k < 4; k++){\n>                         int temp3 = dice[m-1].S[0];\n>                         dice[m-1].S[0] = dice[m-1].S[1];\n>                         dice[m-1].S[1] = dice[m-1].S[5];\n>                         dice[m-1].S[5] = dice[m-1].S[4];\n>                         dice[m-1].S[4] = temp3;\n>                         if(dice[m-1].S[0] == dice[m].S[0] && dice[m-1].S[1] == dice[m].S[1] && dice[m-1].S[2] == dice[m].S[2] && dice[m-1].S[3] == dice[m].S[3] && dice[m-1].S[4] == dice[m].S[4] && dice[m-1].S[5] == dice[m].S[5]) {\n!                             System.out.println(\"No\");\n!                             return;\n>                         }else{\n>                             if(dice_num > 2){\n>                                 if(dice[m - 2].S[0] == dice[m].S[0] && dice[m - 2].S[1] == dice[m].S[1] && dice[m - 2].S[2] == dice[m].S[2] && dice[m - 2].S[3] == dice[m].S[3] && dice[m - 2].S[4] == dice[m].S[4] && dice[m - 2].S[5] == dice[m].S[5]) {\n!                                     System.out.println(\"No\");\n!                                     return;\n>                                 }\n>                             }\n>                         }\n>                     }\n>                     int temp2 = dice[m-1].S[0];\n>                     dice[m-1].S[0] = dice[m-1].S[3];\n>                     dice[m-1].S[3] = dice[m-1].S[5];\n>                     dice[m-1].S[5] = dice[m-1].S[2];\n>                     dice[m-1].S[2] = temp2;\n>                 }\n>                 int temp = dice[m-1].S[0];\n>                 dice[m-1].S[0] = dice[m-1].S[1];\n>                 dice[m-1].S[1] = dice[m-1].S[5];\n>                 dice[m-1].S[5] = dice[m-1].S[4];\n>                 dice[m-1].S[4] = temp;\n>             }\n>         }\n>         System.out.println(\"Yes\");\n>     }\n> }\n> class Dice{\n>     int[] S = new int[6];\n> }\n\nFrom the input provided, there are no two identical dice in the sequence given. Therefore, the condition for printing \"No\" is never met, and the program will execute the final \"System.out.println(\"Yes\");\" statement.\n\nOUTPUT:\nThe program will execute without any exceptions and will output \"Yes\".\n\nNote: The actual code coverage might differ slightly based on the specific details of how the JVM and compiler optimize or execute the code, but the above prediction is based on the logical flow of the given program and input.",
            "test_seed_coverage": [
                ">",
                ">",
                ">",
                ">",
                ">",
                ">",
                ">",
                ">",
                ">",
                ">",
                ">",
                ">",
                ">",
                ">",
                ">",
                ">",
                ">",
                ">",
                ">",
                ">",
                ">",
                ">",
                ">",
                ">",
                "!",
                "!",
                ">",
                ">",
                ">",
                "!",
                "!",
                ">",
                ">",
                ">",
                ">",
                ">",
                ">",
                ">",
                ">",
                ">",
                ">",
                ">",
                ">",
                ">",
                ">",
                ">",
                ">",
                ">",
                ">",
                ">",
                ">",
                ">",
                ">",
                ">"
            ],
            "cumulative_coverage": [
                ">",
                ">",
                ">",
                ">",
                ">",
                ">",
                ">",
                ">",
                ">",
                ">",
                ">",
                ">",
                ">",
                ">",
                ">",
                ">",
                ">",
                ">",
                ">",
                ">",
                ">",
                ">",
                ">",
                ">",
                "!",
                "!",
                ">",
                ">",
                ">",
                "!",
                "!",
                ">",
                ">",
                ">",
                ">",
                ">",
                ">",
                ">",
                ">",
                ">",
                ">",
                ">",
                ">",
                ">",
                ">",
                ">",
                ">",
                ">",
                ">",
                ">",
                ">",
                ">",
                ">",
                ">"
            ],
            "execution_error": "Exception in thread \"main\" java.lang.ArrayIndexOutOfBoundsException: Index -1 out of bounds for length 3\n\tat Main.main(Main.java:30)",
            "cerberus_output": "",
            "execution_result": "ArrayIndexOutOfBoundsException"
        },
        {
            "test_case": [
                "Test Case Input:\n3\n1 2 3 4 5 6\n7 8 9 10 11 12\n13 14 15 16 17 18"
            ],
            "test_mutations": [
                "Test Case Input:\n3\n1 2 3 4 5 6\n7 8 9 10 11 12\n13 14 15 16 17 18"
            ],
            "initial_code": "class Main{\n        public static void main(String[] args){\n    \tScanner scan = new Scanner(System.in);\n    \tDice[] dice;\n    \tint dice_num = scan.nextInt();\n    \tdice = new Dice[dice_num];\n    \tfor(int i = 0; i < dice_num; i++){\n    \t\tdice[i] = new Dice();\n    \t}\n    \tfor(int i = 0; i < dice_num; i++){\n    \t\tfor(int j = 0; j < 6; j++){\n    \t\t\tdice[i].S[j] = scan.nextInt();\n    \t\t}\n    \t}\n    \tfor(int m = 1; m < dice_num; m++){\n\t\t\tfor(int i = 0; i < 4; i++){\n\t\t\t\tfor(int j = 0; j < 4; j++){\n\t\t    \t\tfor(int k = 0; k < 4; k++){\n\t\t    \t\t\tint temp3 = dice[m-1].S[0];\n\t\t        \t\tdice[m-1].S[0] = dice[m-1].S[1];\n\t\t        \t\tdice[m-1].S[1] = dice[m-1].S[5];\n\t\t        \t\tdice[m-1].S[5] = dice[m-1].S[4];\n\t\t        \t\tdice[m-1].S[4] = temp3;\n\t\t        \t\tif(dice[m-1].S[0] == dice[m].S[0] && dice[m-1].S[1] == dice[m].S[1] && dice[m-1].S[2] == dice[m].S[2] && dice[m-1].S[3] == dice[m].S[3] && dice[m-1].S[4] == dice[m].S[4] && dice[m-1].S[5] == dice[m].S[5]) {\n\t\t        \t\t\tSystem.out.println(\"No\");\n\t\t        \t\t    return;\n\t\t        \t\t}else{\n\t\t        \t\t\tif(dice_num > 2){\n\t\t        \t\t\t\tif(dice[m - 2].S[0] == dice[m].S[0] && dice[m - 2].S[1] == dice[m].S[1] && dice[m - 2].S[2] == dice[m].S[2] && dice[m - 2].S[3] == dice[m].S[3] && dice[m - 2].S[4] == dice[m].S[4] && dice[m - 2].S[5] == dice[m].S[5]) {\n\t\t\t\t        \t\t\tSystem.out.println(\"No\");\n\t\t\t\t        \t\t    return;\n\t\t\t\t        \t\t}\n\t\t        \t\t\t}\n\t\t        \t\t}\n\t\t    \t\t}\n\t\t    \t\tint temp2 = dice[m-1].S[0];\n\t\t    \t\tdice[m-1].S[0] = dice[m-1].S[3];\n\t\t    \t\tdice[m-1].S[3] = dice[m-1].S[5];\n\t\t    \t\tdice[m-1].S[5] = dice[m-1].S[2];\n\t\t    \t\tdice[m-1].S[2] = temp2;\n\t\t\t\t}\n\t\t\t\tint temp = dice[m-1].S[0];\n\t\t\t\tdice[m-1].S[0] = dice[m-1].S[1];\n\t\t\t\tdice[m-1].S[1] = dice[m-1].S[5];\n\t\t\t\tdice[m-1].S[5] = dice[m-1].S[4];\n\t\t\t\tdice[m-1].S[4] = temp;\n\t\t\t}\n    \t}\n    \tSystem.out.println(\"Yes\");\n     }\n}\nclass Dice{\n\tint[] S = new int[6];\n}",
            "covered_code": "To determine the code coverage for the given Java program based on the provided test case input, let's follow the execution plan step by step:\n\n**Test Case Input:**\n```\n3\n1 2 3 4 5 6\n7 8 9 10 11 12\n13 14 15 16 17 18\n```\n\n**Execution Plan:**\n\n1. **Scanner object creation and input reading**:\n    - `Scanner scan = new Scanner(System.in);`\n    - `int dice_num = scan.nextInt();`\n    - These lines are executed to read the number of dice.\n\n2. **Dice array creation**:\n    - `dice = new Dice[dice_num];`\n    - This line is executed, initializing an array of Dice objects.\n\n3. **Dice object instantiation loop**:\n    - `for(int i = 0; i < dice_num; i++){ dice[i] = new Dice(); }`\n    - This loop is fully executed, creating instances of `Dice` for each dice.\n\n4. **Dice sides input loop**:\n    - Nested for loop to assign values to each side of the dice.\n    - These loops are executed to assign the values read from the input to the sides of each dice.\n\n5. **Dice comparison loop**:\n    - The nested loops for comparing dice to check if any two dice are identical.\n    - This part of the code is executed, but given the input, no two dice are identical, so the \"No\" output is never reached.\n\n6. **Output statement**:\n    - `System.out.println(\"Yes\");`\n    - This line is executed as no identical dice are found based on the given test input.\n\n**Predicted Code Coverage:**\n\n```\n> class Main{\n>         public static void main(String[] args){\n>     Scanner scan = new Scanner(System.in);\n>     Dice[] dice;\n>     int dice_num = scan.nextInt();\n>     dice = new Dice[dice_num];\n>     for(int i = 0; i < dice_num; i++){\n>         dice[i] = new Dice();\n>     }\n>     for(int i = 0; i < dice_num; i++){\n>         for(int j = 0; j < 6; j++){\n>             dice[i].S[j] = scan.nextInt();\n>         }\n>     }\n>     for(int m = 1; m < dice_num; m++){\n>         for(int i = 0; i < 4; i++){\n>             for(int j = 0; j < 4; j++){\n>                 for(int k = 0; k < 4; k++){\n>                     int temp3 = dice[m-1].S[0];\n>                     dice[m-1].S[0] = dice[m-1].S[1];\n>                     dice[m-1].S[1] = dice[m-1].S[5];\n>                     dice[m-1].S[5] = dice[m-1].S[4];\n>                     dice[m-1].S[4] = temp3;\n>                     if(dice[m-1].S[0] == dice[m].S[0] && dice[m-1].S[1] == dice[m].S[1] && dice[m-1].S[2] == dice[m].S[2] && dice[m-1].S[3] == dice[m].S[3] && dice[m-1].S[4] == dice[m].S[4] && dice[m-1].S[5] == dice[m].S[5]) {\n!                         System.out.println(\"No\");\n!                         return;\n>                     }else{\n>                         if(dice_num > 2){\n>                             if(dice[m - 2].S[0] == dice[m].S[0] && dice[m - 2].S[1] == dice[m].S[1] && dice[m - 2].S[2] == dice[m].S[2] && dice[m - 2].S[3] == dice[m].S[3] && dice[m - 2].S[4] == dice[m].S[4] && dice[m - 2].S[5] == dice[m].S[5]) {\n!                                 System.out.println(\"No\");\n!                                 return;\n>                             }\n>                         }\n>                     }\n>                 }\n>                 int temp2 = dice[m-1].S[0];\n>                 dice[m-1].S[0] = dice[m-1].S[3];\n>                 dice[m-1].S[3] = dice[m-1].S[5];\n>                 dice[m-1].S[5] = dice[m-1].S[2];\n>                 dice[m-1].S[2] = temp2;\n>             }\n>             int temp = dice[m-1].S[0];\n>             dice[m-1].S[0] = dice[m-1].S[1];\n>             dice[m-1].S[1] = dice[m-1].S[5];\n>             dice[m-1].S[5] = dice[m-1].S[4];\n>             dice[m-1].S[4] = temp;\n>         }\n>     }\n>     System.out.println(\"Yes\");\n>      }\n> }\n> class Dice{\n>     int[] S = new int[6];\n> }\n```\n\nGiven this input and plan, every part of the code that can potentially execute based on the logic and input does so, except for the sections that print \"No\" and immediately return, as the provided input does not lead to identical dice configurations that would trigger these conditions.",
            "test_seed_coverage": [
                ">",
                ">",
                ">",
                ">",
                ">",
                ">",
                ">",
                ">",
                ">",
                ">",
                ">",
                ">",
                ">",
                ">",
                ">",
                ">",
                ">",
                ">",
                ">",
                ">",
                ">",
                ">",
                ">",
                ">",
                "!",
                "!",
                ">",
                ">",
                ">",
                "!",
                "!",
                ">",
                ">",
                ">",
                ">",
                ">",
                ">",
                ">",
                ">",
                ">",
                ">",
                ">",
                ">",
                ">",
                ">",
                ">",
                ">",
                ">",
                ">",
                ">",
                ">",
                ">",
                ">",
                ">"
            ],
            "cumulative_coverage": [
                ">",
                ">",
                ">",
                ">",
                ">",
                ">",
                ">",
                ">",
                ">",
                ">",
                ">",
                ">",
                ">",
                ">",
                ">",
                ">",
                ">",
                ">",
                ">",
                ">",
                ">",
                ">",
                ">",
                ">",
                "!",
                "!",
                ">",
                ">",
                ">",
                "!",
                "!",
                ">",
                ">",
                ">",
                ">",
                ">",
                ">",
                ">",
                ">",
                ">",
                ">",
                ">",
                ">",
                ">",
                ">",
                ">",
                ">",
                ">",
                ">",
                ">",
                ">",
                ">",
                ">",
                ">"
            ],
            "execution_error": "Exception in thread \"main\" java.lang.ArrayIndexOutOfBoundsException: Index -1 out of bounds for length 3\n\tat Main.main(Main.java:30)",
            "cerberus_output": "",
            "execution_result": "ArrayIndexOutOfBoundsException"
        },
        {
            "test_case": [
                "Test Case Input:\n2\n1 2 3 4 5 6\n1 2 3 4 5 6"
            ],
            "test_mutations": [
                "Test Case Input:\n2\n1 2 3 4 5 6\n1 2 3 4 5 6"
            ],
            "initial_code": "class Main{\n        public static void main(String[] args){\n    \tScanner scan = new Scanner(System.in);\n    \tDice[] dice;\n    \tint dice_num = scan.nextInt();\n    \tdice = new Dice[dice_num];\n    \tfor(int i = 0; i < dice_num; i++){\n    \t\tdice[i] = new Dice();\n    \t}\n    \tfor(int i = 0; i < dice_num; i++){\n    \t\tfor(int j = 0; j < 6; j++){\n    \t\t\tdice[i].S[j] = scan.nextInt();\n    \t\t}\n    \t}\n    \tfor(int m = 1; m < dice_num; m++){\n\t\t\tfor(int i = 0; i < 4; i++){\n\t\t\t\tfor(int j = 0; j < 4; j++){\n\t\t    \t\tfor(int k = 0; k < 4; k++){\n\t\t    \t\t\tint temp3 = dice[m-1].S[0];\n\t\t        \t\tdice[m-1].S[0] = dice[m-1].S[1];\n\t\t        \t\tdice[m-1].S[1] = dice[m-1].S[5];\n\t\t        \t\tdice[m-1].S[5] = dice[m-1].S[4];\n\t\t        \t\tdice[m-1].S[4] = temp3;\n\t\t        \t\tif(dice[m-1].S[0] == dice[m].S[0] && dice[m-1].S[1] == dice[m].S[1] && dice[m-1].S[2] == dice[m].S[2] && dice[m-1].S[3] == dice[m].S[3] && dice[m-1].S[4] == dice[m].S[4] && dice[m-1].S[5] == dice[m].S[5]) {\n\t\t        \t\t\tSystem.out.println(\"No\");\n\t\t        \t\t    return;\n\t\t        \t\t}else{\n\t\t        \t\t\tif(dice_num > 2){\n\t\t        \t\t\t\tif(dice[m - 2].S[0] == dice[m].S[0] && dice[m - 2].S[1] == dice[m].S[1] && dice[m - 2].S[2] == dice[m].S[2] && dice[m - 2].S[3] == dice[m].S[3] && dice[m - 2].S[4] == dice[m].S[4] && dice[m - 2].S[5] == dice[m].S[5]) {\n\t\t\t\t        \t\t\tSystem.out.println(\"No\");\n\t\t\t\t        \t\t    return;\n\t\t\t\t        \t\t}\n\t\t        \t\t\t}\n\t\t        \t\t}\n\t\t    \t\t}\n\t\t    \t\tint temp2 = dice[m-1].S[0];\n\t\t    \t\tdice[m-1].S[0] = dice[m-1].S[3];\n\t\t    \t\tdice[m-1].S[3] = dice[m-1].S[5];\n\t\t    \t\tdice[m-1].S[5] = dice[m-1].S[2];\n\t\t    \t\tdice[m-1].S[2] = temp2;\n\t\t\t\t}\n\t\t\t\tint temp = dice[m-1].S[0];\n\t\t\t\tdice[m-1].S[0] = dice[m-1].S[1];\n\t\t\t\tdice[m-1].S[1] = dice[m-1].S[5];\n\t\t\t\tdice[m-1].S[5] = dice[m-1].S[4];\n\t\t\t\tdice[m-1].S[4] = temp;\n\t\t\t}\n    \t}\n    \tSystem.out.println(\"Yes\");\n     }\n}\nclass Dice{\n\tint[] S = new int[6];\n}",
            "covered_code": "To predict the code coverage for the given Java program with the specified test case input, we will follow a plan similar to the one provided in the example. \n\n### Test Case Input:\n2\n1 2 3 4 5 6\n1 2 3 4 5 6\n\n### Plan for Step by Step Execution:\n1. **Class Declarations**: Statements declaring the `Main` and `Dice` classes are always executed.\n2. **Main Method Execution**: The entry point of the program, `public static void main(String[] args)`, is always executed.\n3. **Scanner and Array Initialization**: Statements initializing the `Scanner` and the array of `Dice` objects are executed.\n4. **First For Loop for Dice Initialization**: The first for loop is executed to initialize each `Dice` object in the array.\n5. **Second For Loop for Input Assignment**: The second for loop is executed to assign input values to each `Dice` object's `S` array.\n6. **Nested For Loops for Dice Comparison**: The nested for loops are executed to compare the `S` arrays of consecutive `Dice` objects. Given the inputs are identical for both dice, the condition for printing \"No\" and returning will be met at the first comparison.\n7. **Print Statement**: Depending on the outcomes of the dice comparisons, either \"Yes\" or \"No\" is printed. In this case, \"No\" will be printed, and the program will return before printing \"Yes\".\n8. **Closing Scanner**: The scanner should ideally be closed, but given the program exits via a return statement when it prints \"No\", the `scan.close();` statement is never executed if it were present (not shown in given code).\n\n### Predicted Code Coverage:\n\n```\n> class Main{\n>     public static void main(String[] args){\n>         Scanner scan = new Scanner(System.in);\n>         Dice[] dice;\n>         int dice_num = scan.nextInt();\n>         dice = new Dice[dice_num];\n>         for(int i = 0; i < dice_num; i++){\n>             dice[i] = new Dice();\n>         }\n>         for(int i = 0; i < dice_num; i++){\n>             for(int j = 0; j < 6; j++){\n>                 dice[i].S[j] = scan.nextInt();\n>             }\n>         }\n>         for(int m = 1; m < dice_num; m++){\n>             for(int i = 0; i < 4; i++){\n>                 for(int j = 0; j < 4; j++){\n>                     for(int k = 0; k < 4; k++){\n>                         int temp3 = dice[m-1].S[0];\n>                         dice[m-1].S[0] = dice[m-1].S[1];\n>                         dice[m-1].S[1] = dice[m-1].S[5];\n>                         dice[m-1].S[5] = dice[m-1].S[4];\n>                         dice[m-1].S[4] = temp3;\n>                         if(dice[m-1].S[0] == dice[m].S[0] && dice[m-1].S[1] == dice[m].S[1] && dice[m-1].S[2] == dice[m].S[2] && dice[m-1].S[3] == dice[m].S[3] && dice[m-1].S[4] == dice[m].S[4] && dice[m-1].S[5] == dice[m].S[5]) {\n>                             System.out.println(\"No\");\n>                             return;\n!                         }else{\n!                             if(dice_num > 2){\n!                                 if(dice[m - 2].S[0] == dice[m].S[0] && dice[m - 2].S[1] == dice[m].S[1] && dice[m - 2].S[2] == dice[m].S[2] && dice[m - 2].S[3] == dice[m].S[3] && dice[m - 2].S[4] == dice[m].S[4] && dice[m - 2].S[5] == dice[m].S[5]) {\n!                                     System.out.println(\"No\");\n!                                     return;\n!                                 }\n!                             }\n!                         }\n>                     }\n>                     int temp2 = dice[m-1].S[0];\n>                     dice[m-1].S[0] = dice[m-1].S[3];\n>                     dice[m-1].S[3] = dice[m-1].S[5];\n>                     dice[m-1].S[5] = dice[m-1].S[2];\n>                     dice[m-1].S[2] = temp2;\n>                 }\n>                 int temp = dice[m-1].S[0];\n>                 dice[m-1].S[0] = dice[m-1].S[1];\n>                 dice[m-1].S[1] = dice[m-1].S[5];\n>                 dice[m-1].S[5] = dice[m-1].S[4];\n>                 dice[m-1].S[4] = temp;\n>             }\n>         }\n>         System.out.println(\"Yes\");\n!     }\n> }\n> class Dice{\n>     int[] S = new int[6];\n> }\n```\n\nThe \"else\" block and its contents, including the nested if-statement checking `dice[m - 2]`, are marked as not executed since the program will print \"No\" and return before reaching these parts due to the matching conditions of the dice being identical.",
            "test_seed_coverage": [
                ">",
                ">",
                ">",
                ">",
                ">",
                ">",
                ">",
                ">",
                ">",
                ">",
                ">",
                ">",
                ">",
                ">",
                ">",
                ">",
                ">",
                ">",
                ">",
                ">",
                ">",
                ">",
                ">",
                ">",
                ">",
                ">",
                ">",
                ">",
                ">",
                "!",
                "!",
                ">",
                ">",
                ">",
                ">",
                ">",
                ">",
                ">",
                ">",
                ">",
                ">",
                ">",
                ">",
                ">",
                ">",
                ">",
                ">",
                ">",
                ">",
                ">",
                ">",
                ">",
                ">",
                ">"
            ],
            "cumulative_coverage": [
                ">",
                ">",
                ">",
                ">",
                ">",
                ">",
                ">",
                ">",
                ">",
                ">",
                ">",
                ">",
                ">",
                ">",
                ">",
                ">",
                ">",
                ">",
                ">",
                ">",
                ">",
                ">",
                ">",
                ">",
                ">",
                ">",
                ">",
                ">",
                ">",
                "!",
                "!",
                ">",
                ">",
                ">",
                ">",
                ">",
                ">",
                ">",
                ">",
                ">",
                ">",
                ">",
                ">",
                ">",
                ">",
                ">",
                ">",
                ">",
                ">",
                ">",
                ">",
                ">",
                ">",
                ">"
            ],
            "execution_output": "No",
            "cerberus_output": "",
            "execution_result": ""
        },
        {
            "test_case": [
                "Test Case Input:\n3\n1 2 3 4 5 6\n7 8 9 10 11 12\n13 14 15 16 17 18"
            ],
            "test_mutations": [
                "Test Case Input:\n3\n1 2 3 4 5 6\n7 8 9 10 11 12\n13 14 15 16 17 18"
            ],
            "initial_code": "class Main{\n        public static void main(String[] args){\n    \tScanner scan = new Scanner(System.in);\n    \tDice[] dice;\n    \tint dice_num = scan.nextInt();\n    \tdice = new Dice[dice_num];\n    \tfor(int i = 0; i < dice_num; i++){\n    \t\tdice[i] = new Dice();\n    \t}\n    \tfor(int i = 0; i < dice_num; i++){\n    \t\tfor(int j = 0; j < 6; j++){\n    \t\t\tdice[i].S[j] = scan.nextInt();\n    \t\t}\n    \t}\n    \tfor(int m = 1; m < dice_num; m++){\n\t\t\tfor(int i = 0; i < 4; i++){\n\t\t\t\tfor(int j = 0; j < 4; j++){\n\t\t    \t\tfor(int k = 0; k < 4; k++){\n\t\t    \t\t\tint temp3 = dice[m-1].S[0];\n\t\t        \t\tdice[m-1].S[0] = dice[m-1].S[1];\n\t\t        \t\tdice[m-1].S[1] = dice[m-1].S[5];\n\t\t        \t\tdice[m-1].S[5] = dice[m-1].S[4];\n\t\t        \t\tdice[m-1].S[4] = temp3;\n\t\t        \t\tif(dice[m-1].S[0] == dice[m].S[0] && dice[m-1].S[1] == dice[m].S[1] && dice[m-1].S[2] == dice[m].S[2] && dice[m-1].S[3] == dice[m].S[3] && dice[m-1].S[4] == dice[m].S[4] && dice[m-1].S[5] == dice[m].S[5]) {\n\t\t        \t\t\tSystem.out.println(\"No\");\n\t\t        \t\t    return;\n\t\t        \t\t}else{\n\t\t        \t\t\tif(dice_num > 2){\n\t\t        \t\t\t\tif(dice[m - 2].S[0] == dice[m].S[0] && dice[m - 2].S[1] == dice[m].S[1] && dice[m - 2].S[2] == dice[m].S[2] && dice[m - 2].S[3] == dice[m].S[3] && dice[m - 2].S[4] == dice[m].S[4] && dice[m - 2].S[5] == dice[m].S[5]) {\n\t\t\t\t        \t\t\tSystem.out.println(\"No\");\n\t\t\t\t        \t\t    return;\n\t\t\t\t        \t\t}\n\t\t        \t\t\t}\n\t\t        \t\t}\n\t\t    \t\t}\n\t\t    \t\tint temp2 = dice[m-1].S[0];\n\t\t    \t\tdice[m-1].S[0] = dice[m-1].S[3];\n\t\t    \t\tdice[m-1].S[3] = dice[m-1].S[5];\n\t\t    \t\tdice[m-1].S[5] = dice[m-1].S[2];\n\t\t    \t\tdice[m-1].S[2] = temp2;\n\t\t\t\t}\n\t\t\t\tint temp = dice[m-1].S[0];\n\t\t\t\tdice[m-1].S[0] = dice[m-1].S[1];\n\t\t\t\tdice[m-1].S[1] = dice[m-1].S[5];\n\t\t\t\tdice[m-1].S[5] = dice[m-1].S[4];\n\t\t\t\tdice[m-1].S[4] = temp;\n\t\t\t}\n    \t}\n    \tSystem.out.println(\"Yes\");\n     }\n}\nclass Dice{\n\tint[] S = new int[6];\n}",
            "covered_code": "To predict the code coverage of the provided Java program with the given test case input, follow the step-by-step execution plan below:\n\n1. **Class Main Declaration**: Always executed.\n2. **Main Method Declaration**: Always executed.\n3. **Input Reading**: The statement to read the input is executed as it's the beginning of the program logic.\n4. **Dice Array Declaration and Initialization**: Executed as it's part of the setup for the dice simulations.\n5. **First For Loop (Dice Object Initialization)**: Executed to initialize each `Dice` object in the array.\n6. **Second For Loop (Setting Dice Values)**: Executed to set values for each side of all dice.\n7. **Third For Loop (Comparing Dice)**: This loop is designed to compare each dice to find if they are identical in any rotation. Given the input, this loop is fully executed.\n8. **Rotation and Comparison Logic**: This includes rotating the dice and comparing their sides. Given the logic and the input, this part is executed multiple times due to the nested loops.\n9. **Printing \"No\" or \"Yes\"**: The provided logic and test case input does not guarantee the printing of \"No\" without knowing the exact input values. However, assuming no early return (printing \"No\") is triggered, \"Yes\" is printed at the end of the program. Therefore, this part might be conditionally executed based on the specific rotations and comparisons.\n10. **Class Dice Declaration**: Always executed as part of the class definitions.\n11. **Dice Class Array Initialization**: Executed when initializing the sides of the dice.\n\nBased on the step-by-step plan, the code coverage for the given Java program using the provided test case input is predicted as follows:\n\n```plaintext\n> class Main{\n>     public static void main(String[] args){\n>     Scanner scan = new Scanner(System.in);\n>     Dice[] dice;\n>     int dice_num = scan.nextInt();\n>     dice = new Dice[dice_num];\n>     for(int i = 0; i < dice_num; i++){\n>         dice[i] = new Dice();\n>     }\n>     for(int i = 0; i < dice_num; i++){\n>         for(int j = 0; j < 6; j++){\n>             dice[i].S[j] = scan.nextInt();\n>         }\n>     }\n>     for(int m = 1; m < dice_num; m++){\n>         for(int i = 0; i < 4; i++){\n>             for(int j = 0; j < 4; j++){\n>                 for(int k = 0; k < 4; k++){\n>                     int temp3 = dice[m-1].S[0];\n>                     dice[m-1].S[0] = dice[m-1].S[1];\n>                     dice[m-1].S[1] = dice[m-1].S[5];\n>                     dice[m-1].S[5] = dice[m-1].S[4];\n>                     dice[m-1].S[4] = temp3;\n>                     if(dice[m-1].S[0] == dice[m].S[0] && dice[m-1].S[1] == dice[m].S[1] && dice[m-1].S[2] == dice[m].S[2] && dice[m-1].S[3] == dice[m].S[3] && dice[m-1].S[4] == dice[m].S[4] && dice[m-1].S[5] == dice[m].S[5]) {\n>                         System.out.println(\"No\");\n>                         return;\n>                     }else{\n>                         if(dice_num > 2){\n>                             if(dice[m - 2].S[0] == dice[m].S[0] && dice[m - 2].S[1] == dice[m].S[1] && dice[m - 2].S[2] == dice[m].S[2] && dice[m - 2].S[3] == dice[m].S[3] && dice[m - 2].S[4] == dice[m].S[4] && dice[m - 2].S[5] == dice[m].S[5]) {\n>                                 System.out.println(\"No\");\n>                                 return;\n>                             }\n>                         }\n>                     }\n>                 }\n>                 int temp2 = dice[m-1].S[0];\n>                 dice[m-1].S[0] = dice[m-1].S[3];\n>                 dice[m-1].S[3] = dice[m-1].S[5];\n>                 dice[m-1].S[5] = dice[m-1].S[2];\n>                 dice[m-1].S[2] = temp2;\n>             }\n>             int temp = dice[m-1].S[0];\n>             dice[m-1].S[0] = dice[m-1].S[1];\n>             dice[m-1].S[1] = dice[m-1].S[5];\n>             dice[m-1].S[5] = dice[m-1].S[4];\n>             dice[m-1].S[4] = temp;\n>         }\n>     }\n>     System.out.println(\"Yes\");\n>     }\n> }\n> class Dice{\n>     int[] S = new int[6];\n> }\n```\n\n**Note**: The conditional execution path that leads to printing \"No\" and exiting the program early depends on the specific values in the dice comparison logic. Without running the code with the exact input values provided, it is assumed that all parts of the code are executed under the assumption that no conditions for an early return are met.",
            "test_seed_coverage": [
                ">",
                ">",
                ">",
                ">",
                ">",
                ">",
                ">",
                ">",
                ">",
                ">",
                ">",
                ">",
                ">",
                ">",
                ">",
                ">",
                ">",
                ">",
                ">",
                ">",
                ">",
                ">",
                ">",
                ">",
                ">",
                ">",
                ">",
                ">",
                ">",
                ">",
                ">",
                ">",
                ">",
                ">",
                ">",
                ">",
                ">",
                ">",
                ">",
                ">",
                ">",
                ">",
                ">",
                ">",
                ">",
                ">",
                ">",
                ">",
                ">",
                ">",
                ">",
                ">",
                ">",
                ">"
            ],
            "cumulative_coverage": [
                ">",
                ">",
                ">",
                ">",
                ">",
                ">",
                ">",
                ">",
                ">",
                ">",
                ">",
                ">",
                ">",
                ">",
                ">",
                ">",
                ">",
                ">",
                ">",
                ">",
                ">",
                ">",
                ">",
                ">",
                ">",
                ">",
                ">",
                ">",
                ">",
                ">",
                ">",
                ">",
                ">",
                ">",
                ">",
                ">",
                ">",
                ">",
                ">",
                ">",
                ">",
                ">",
                ">",
                ">",
                ">",
                ">",
                ">",
                ">",
                ">",
                ">",
                ">",
                ">",
                ">",
                ">"
            ],
            "execution_error": "Exception in thread \"main\" java.lang.ArrayIndexOutOfBoundsException: Index -1 out of bounds for length 3\n\tat Main.main(Main.java:30)",
            "cerberus_output": "",
            "execution_result": "ArrayIndexOutOfBoundsException"
        },
        {
            "test_case": [
                "Test Case Input:\n3\n1 2 3 4 5 6\n2 3 4 5 6 1\n3 4 5 6 1 2"
            ],
            "test_mutations": [
                "Test Case Input:\n3\n1 2 3 4 5 6\n2 3 4 5 6 1\n3 4 5 6 1 2"
            ],
            "initial_code": "class Main{\n        public static void main(String[] args){\n    \tScanner scan = new Scanner(System.in);\n    \tDice[] dice;\n    \tint dice_num = scan.nextInt();\n    \tdice = new Dice[dice_num];\n    \tfor(int i = 0; i < dice_num; i++){\n    \t\tdice[i] = new Dice();\n    \t}\n    \tfor(int i = 0; i < dice_num; i++){\n    \t\tfor(int j = 0; j < 6; j++){\n    \t\t\tdice[i].S[j] = scan.nextInt();\n    \t\t}\n    \t}\n    \tfor(int m = 1; m < dice_num; m++){\n\t\t\tfor(int i = 0; i < 4; i++){\n\t\t\t\tfor(int j = 0; j < 4; j++){\n\t\t    \t\tfor(int k = 0; k < 4; k++){\n\t\t    \t\t\tint temp3 = dice[m-1].S[0];\n\t\t        \t\tdice[m-1].S[0] = dice[m-1].S[1];\n\t\t        \t\tdice[m-1].S[1] = dice[m-1].S[5];\n\t\t        \t\tdice[m-1].S[5] = dice[m-1].S[4];\n\t\t        \t\tdice[m-1].S[4] = temp3;\n\t\t        \t\tif(dice[m-1].S[0] == dice[m].S[0] && dice[m-1].S[1] == dice[m].S[1] && dice[m-1].S[2] == dice[m].S[2] && dice[m-1].S[3] == dice[m].S[3] && dice[m-1].S[4] == dice[m].S[4] && dice[m-1].S[5] == dice[m].S[5]) {\n\t\t        \t\t\tSystem.out.println(\"No\");\n\t\t        \t\t    return;\n\t\t        \t\t}else{\n\t\t        \t\t\tif(dice_num > 2){\n\t\t        \t\t\t\tif(dice[m - 2].S[0] == dice[m].S[0] && dice[m - 2].S[1] == dice[m].S[1] && dice[m - 2].S[2] == dice[m].S[2] && dice[m - 2].S[3] == dice[m].S[3] && dice[m - 2].S[4] == dice[m].S[4] && dice[m - 2].S[5] == dice[m].S[5]) {\n\t\t\t\t        \t\t\tSystem.out.println(\"No\");\n\t\t\t\t        \t\t    return;\n\t\t\t\t        \t\t}\n\t\t        \t\t\t}\n\t\t        \t\t}\n\t\t    \t\t}\n\t\t    \t\tint temp2 = dice[m-1].S[0];\n\t\t    \t\tdice[m-1].S[0] = dice[m-1].S[3];\n\t\t    \t\tdice[m-1].S[3] = dice[m-1].S[5];\n\t\t    \t\tdice[m-1].S[5] = dice[m-1].S[2];\n\t\t    \t\tdice[m-1].S[2] = temp2;\n\t\t\t\t}\n\t\t\t\tint temp = dice[m-1].S[0];\n\t\t\t\tdice[m-1].S[0] = dice[m-1].S[1];\n\t\t\t\tdice[m-1].S[1] = dice[m-1].S[5];\n\t\t\t\tdice[m-1].S[5] = dice[m-1].S[4];\n\t\t\t\tdice[m-1].S[4] = temp;\n\t\t\t}\n    \t}\n    \tSystem.out.println(\"Yes\");\n     }\n}\nclass Dice{\n\tint[] S = new int[6];\n}",
            "covered_code": "To develop a plan for step by step execution of the given Java program and predict the code coverage based on the provided test case input, we'll break down the execution into distinct steps. \n\n**Test Case Input:**\n3\n1 2 3 4 5 6\n2 3 4 5 6 1\n3 4 5 6 1 2\n\n**Java Program Execution Plan:**\n\n1. **Program and Class Declarations:** Always executed. The program starts, and class `Main` and `Dice` declarations are covered.\n\n2. **Main Method Execution:** The `main` method is the entry point of the program and is thus always executed.\n\n3. **Scanner and Array Initialization:** The statement to read the number of dice and the initialization of the `Dice[]` array are executed as they are the initial steps in the program.\n\n4. **Dice Object Instantiation in First For Loop:** The first for loop, which initializes each element of the `dice` array with a new `Dice` object, will be fully executed.\n\n5. **Dice Values Assignment in Second For Loop:** The second for loop, which assigns values to each dice's `S` array, will be fully executed since it directly follows the user input pattern provided.\n\n6. **Rotation and Comparison in Nested For Loops:** Since this section involves multiple nested loops to rotate and compare dice, it will be executed. However, the coverage will depend on the conditions being met for printing \"No\" and returning early. Given the test input, it's unlikely all rotations and comparisons will lead to an early return, meaning most of this section will be executed but might not complete all iterations if an early match is found.\n\n7. **Final Print Statement:** The final print statement \"Yes\" will be executed if no early return occurs due to matching dice configurations. Given the test input does not specify identical dice for an early match, it's planned to be executed.\n\n8. **Dice Class Array Initialization:** The `Dice` class and its array `S` initialization occur as part of the dice object instantiations and are fully covered.\n\n**Predicted Code Coverage:**\n\n> class Main{\n>     public static void main(String[] args){\n>   \tScanner scan = new Scanner(System.in);\n>   \tDice[] dice;\n>   \tint dice_num = scan.nextInt();\n>   \tdice = new Dice[dice_num];\n>   \tfor(int i = 0; i < dice_num; i++){\n>   \t\tdice[i] = new Dice();\n>   \t}\n>   \tfor(int i = 0; i < dice_num; i++){\n>   \t\tfor(int j = 0; j < 6; j++){\n>   \t\t\tdice[i].S[j] = scan.nextInt();\n>   \t\t}\n>   \t}\n>   \tfor(int m = 1; m < dice_num; m++){\n>\t\t\tfor(int i = 0; i < 4; i++){\n>\t\t\t\tfor(int j = 0; j < 4; j++){\n>\t\t    \t\tfor(int k = 0; k < 4; k++){\n>\t\t    \t\t\tint temp3 = dice[m-1].S[0];\n>\t\t        \t\tdice[m-1].S[0] = dice[m-1].S[1];\n>\t\t        \t\tdice[m-1].S[1] = dice[m-1].S[5];\n>\t\t        \t\tdice[m-1].S[5] = dice[m-1].S[4];\n>\t\t        \t\tdice[m-1].S[4] = temp3;\n>\t\t        \t\tif(dice[m-1].S[0] == dice[m].S[0] && dice[m-1].S[1] == dice[m].S[1] && dice[m-1].S[2] == dice[m].S[2] && dice[m-1].S[3] == dice[m].S[3] && dice[m-1].S[4] == dice[m].S[4] && dice[m-1].S[5] == dice[m].S[5]) {\n>\t\t        \t\t\tSystem.out.println(\"No\");\n>\t\t        \t\t    return;\n>\t\t        \t\t}\n>\t\t    \t\t}\n>\t\t    \t\tint temp2 = dice[m-1].S[0];\n>\t\t    \t\tdice[m-1].S[0] = dice[m-1].S[3];\n>\t\t    \t\tdice[m-1].S[3] = dice[m-1].S[5];\n>\t\t    \t\tdice[m-1].S[5] = dice[m-1].S[2];\n>\t\t    \t\tdice[m-1].S[2] = temp2;\n>\t\t\t\t}\n>\t\t\t\tint temp = dice[m-1].S[0];\n>\t\t\t\tdice[m-1].S[0] = dice[m-1].S[1];\n>\t\t\t\tdice[m-1].S[1] = dice[m-1].S[5];\n>\t\t\t\tdice[m-1].S[5] = dice[m-1].S[4];\n>\t\t\t\tdice[m-1].S[4] = temp;\n>\t\t\t}\n>   \t}\n>   \tSystem.out.println(\"Yes\");\n>    }\n> }\n> class Dice{\n> \tint[] S = new int[6];\n> }\n\nGiven the complexity of the nested loops and the conditionals within, the actual code coverage might slightly vary based on the specific outcomes of dice comparison. The plan assumes no early `return` occurs due to matching dice, leading to the \"Yes\" being printed, but specific inputs might lead to a \"No\" being printed and an early termination of the program.",
            "test_seed_coverage": [
                ">",
                ">",
                ">",
                ">",
                ">",
                ">",
                ">",
                ">",
                ">",
                ">",
                ">",
                ">",
                ">",
                ">",
                ">",
                ">",
                ">",
                ">",
                ">",
                ">",
                ">",
                ">",
                ">",
                ">",
                ">",
                ">",
                ">",
                ">",
                ">",
                ">",
                ">",
                ">",
                ">",
                ">",
                ">",
                ">",
                ">",
                ">",
                ">",
                ">",
                ">",
                ">",
                ">",
                ">",
                ">",
                ">",
                ">",
                ">",
                ">",
                ">",
                ">",
                ">",
                ">",
                ">"
            ],
            "cumulative_coverage": [
                ">",
                ">",
                ">",
                ">",
                ">",
                ">",
                ">",
                ">",
                ">",
                ">",
                ">",
                ">",
                ">",
                ">",
                ">",
                ">",
                ">",
                ">",
                ">",
                ">",
                ">",
                ">",
                ">",
                ">",
                ">",
                ">",
                ">",
                ">",
                ">",
                ">",
                ">",
                ">",
                ">",
                ">",
                ">",
                ">",
                ">",
                ">",
                ">",
                ">",
                ">",
                ">",
                ">",
                ">",
                ">",
                ">",
                ">",
                ">",
                ">",
                ">",
                ">",
                ">",
                ">",
                ">"
            ],
            "execution_error": "Exception in thread \"main\" java.lang.ArrayIndexOutOfBoundsException: Index -1 out of bounds for length 3\n\tat Main.main(Main.java:30)",
            "cerberus_output": "",
            "execution_result": "ArrayIndexOutOfBoundsException"
        },
        {
            "test_case": [
                "Test Case Input:\n3\n1 2 3 4 5 6\n2 3 4 5 6 1\n3 4 5 6 1 2"
            ],
            "test_mutations": [
                "Test Case Input:\n3\n1 2 3 4 5 6\n2 3 4 5 6 1\n3 4 5 6 1 2"
            ],
            "initial_code": "class Main{\n        public static void main(String[] args){\n    \tScanner scan = new Scanner(System.in);\n    \tDice[] dice;\n    \tint dice_num = scan.nextInt();\n    \tdice = new Dice[dice_num];\n    \tfor(int i = 0; i < dice_num; i++){\n    \t\tdice[i] = new Dice();\n    \t}\n    \tfor(int i = 0; i < dice_num; i++){\n    \t\tfor(int j = 0; j < 6; j++){\n    \t\t\tdice[i].S[j] = scan.nextInt();\n    \t\t}\n    \t}\n    \tfor(int m = 1; m < dice_num; m++){\n\t\t\tfor(int i = 0; i < 4; i++){\n\t\t\t\tfor(int j = 0; j < 4; j++){\n\t\t    \t\tfor(int k = 0; k < 4; k++){\n\t\t    \t\t\tint temp3 = dice[m-1].S[0];\n\t\t        \t\tdice[m-1].S[0] = dice[m-1].S[1];\n\t\t        \t\tdice[m-1].S[1] = dice[m-1].S[5];\n\t\t        \t\tdice[m-1].S[5] = dice[m-1].S[4];\n\t\t        \t\tdice[m-1].S[4] = temp3;\n\t\t        \t\tif(dice[m-1].S[0] == dice[m].S[0] && dice[m-1].S[1] == dice[m].S[1] && dice[m-1].S[2] == dice[m].S[2] && dice[m-1].S[3] == dice[m].S[3] && dice[m-1].S[4] == dice[m].S[4] && dice[m-1].S[5] == dice[m].S[5]) {\n\t\t        \t\t\tSystem.out.println(\"No\");\n\t\t        \t\t    return;\n\t\t        \t\t}else{\n\t\t        \t\t\tif(dice_num > 2){\n\t\t        \t\t\t\tif(dice[m - 2].S[0] == dice[m].S[0] && dice[m - 2].S[1] == dice[m].S[1] && dice[m - 2].S[2] == dice[m].S[2] && dice[m - 2].S[3] == dice[m].S[3] && dice[m - 2].S[4] == dice[m].S[4] && dice[m - 2].S[5] == dice[m].S[5]) {\n\t\t\t\t        \t\t\tSystem.out.println(\"No\");\n\t\t\t\t        \t\t    return;\n\t\t\t\t        \t\t}\n\t\t        \t\t\t}\n\t\t        \t\t}\n\t\t    \t\t}\n\t\t    \t\tint temp2 = dice[m-1].S[0];\n\t\t    \t\tdice[m-1].S[0] = dice[m-1].S[3];\n\t\t    \t\tdice[m-1].S[3] = dice[m-1].S[5];\n\t\t    \t\tdice[m-1].S[5] = dice[m-1].S[2];\n\t\t    \t\tdice[m-1].S[2] = temp2;\n\t\t\t\t}\n\t\t\t\tint temp = dice[m-1].S[0];\n\t\t\t\tdice[m-1].S[0] = dice[m-1].S[1];\n\t\t\t\tdice[m-1].S[1] = dice[m-1].S[5];\n\t\t\t\tdice[m-1].S[5] = dice[m-1].S[4];\n\t\t\t\tdice[m-1].S[4] = temp;\n\t\t\t}\n    \t}\n    \tSystem.out.println(\"Yes\");\n     }\n}\nclass Dice{\n\tint[] S = new int[6];\n}",
            "covered_code": "### Plan for Step by Step Execution and Code Coverage Prediction\n\n1. **Class Declarations**: Both the `Main` and `Dice` classes are always executed. Therefore, the lines declaring these classes are covered.\n2. **Main Method Declaration**: The `main` method is the entry point and thus always executed.\n3. **Scanner Object Creation**: The statement creating the Scanner object to read inputs is executed.\n4. **Read Number of Dice**: The statement reading the number of dice (`dice_num`) is executed.\n5. **Dice Array Creation**: The line creating an array of `Dice` objects based on the number read is executed.\n6. **Dice Object Initialization**: The first for-loop that initializes each `Dice` object in the array is executed.\n7. **Reading Dice Faces**: The nested for-loop that reads the values for each face of all dice is executed.\n8. **Comparisons and Rotations**: The complex nested loops performing comparisons and rotations of dice faces to check for equality are executed. This involves all operations including setting and comparing values of dice faces.\n9. **Output Statement**: The final output statement \"Yes\" will be executed unless an early return occurs due to a match (\"No\" output).\n\n### Code Coverage Prediction\n\nGiven the depth of the logic and the data provided, it's important to note that the conditions for printing \"No\" and returning early are highly dependent on the specific inputs for the dice faces. The provided inputs do not explicitly specify matching cases, so we'll assume for coverage analysis that no early return occurs due to matching, leading to the execution of the \"Yes\" statement at the end.\n\n```plaintext\n> class Main{\n>     public static void main(String[] args){\n>         Scanner scan = new Scanner(System.in);\n>         Dice[] dice;\n>         int dice_num = scan.nextInt();\n>         dice = new Dice[dice_num];\n>         for(int i = 0; i < dice_num; i++){\n>             dice[i] = new Dice();\n>         }\n>         for(int i = 0; i < dice_num; i++){\n>             for(int j = 0; j < 6; j++){\n>                 dice[i].S[j] = scan.nextInt();\n>             }\n>         }\n>         for(int m = 1; m < dice_num; m++){\n>             for(int i = 0; i < 4; i++){\n>                 for(int j = 0; j < 4; j++){\n>                     for(int k = 0; k < 4; k++){\n>                         int temp3 = dice[m-1].S[0];\n>                         dice[m-1].S[0] = dice[m-1].S[1];\n>                         dice[m-1].S[1] = dice[m-1].S[5];\n>                         dice[m-1].S[5] = dice[m-1].S[4];\n>                         dice[m-1].S[4] = temp3;\n>                         if(dice[m-1].S[0] == dice[m].S[0] && dice[m-1].S[1] == dice[m].S[1] && dice[m-1].S[2] == dice[m].S[2] && dice[m-1].S[3] == dice[m].S[3] && dice[m-1].S[4] == dice[m].S[4] && dice[m-1].S[5] == dice[m].S[5]) {\n>                             System.out.println(\"No\");\n>                             return;\n>                         }else{\n>                             if(dice_num > 2){\n>                                 if(dice[m - 2].S[0] == dice[m].S[0] && dice[m - 2].S[1] == dice[m].S[1] && dice[m - 2].S[2] == dice[m].S[2] && dice[m - 2].S[3] == dice[m].S[3] && dice[m - 2].S[4] == dice[m].S[4] && dice[m - 2].S[5] == dice[m].S[5]) {\n>                                     System.out.println(\"No\");\n>                                     return;\n>                                 }\n>                             }\n>                         }\n>                     }\n>                     int temp2 = dice[m-1].S[0];\n>                     dice[m-1].S[0] = dice[m-1].S[3];\n>                     dice[m-1].S[3] = dice[m-1].S[5];\n>                     dice[m-1].S[5] = dice[m-1].S[2];\n>                     dice[m-1].S[2] = temp2;\n>                 }\n>                 int temp = dice[m-1].S[0];\n>                 dice[m-1].S[0] = dice[m-1].S[1];\n>                 dice[m-1].S[1] = dice[m-1].S[5];\n>                 dice[m-1].S[5] = dice[m-1].S[4];\n>                 dice[m-1].S[4] = temp;\n>             }\n>         }\n>         System.out.println(\"Yes\");\n>     }\n> }\n> class Dice{\n>     int[] S = new int[6];\n> }\n```\n\n**Note**: The actual coverage might vary if there's an early match leading to \"No\" being printed and an early return, which would skip the remaining iterations and the final \"Yes\". This analysis assumes the flow reaches the final \"Yes\" based on the generic nature of the inputs without specific matching conditions being met.",
            "test_seed_coverage": [
                ">",
                ">",
                ">",
                ">",
                ">",
                ">",
                ">",
                ">",
                ">",
                ">",
                ">",
                ">",
                ">",
                ">",
                ">",
                ">",
                ">",
                ">",
                ">",
                ">",
                ">",
                ">",
                ">",
                ">",
                ">",
                ">",
                ">",
                ">",
                ">",
                ">",
                ">",
                ">",
                ">",
                ">",
                ">",
                ">",
                ">",
                ">",
                ">",
                ">",
                ">",
                ">",
                ">",
                ">",
                ">",
                ">",
                ">",
                ">",
                ">",
                ">",
                ">",
                ">",
                ">",
                ">"
            ],
            "cumulative_coverage": [
                ">",
                ">",
                ">",
                ">",
                ">",
                ">",
                ">",
                ">",
                ">",
                ">",
                ">",
                ">",
                ">",
                ">",
                ">",
                ">",
                ">",
                ">",
                ">",
                ">",
                ">",
                ">",
                ">",
                ">",
                ">",
                ">",
                ">",
                ">",
                ">",
                ">",
                ">",
                ">",
                ">",
                ">",
                ">",
                ">",
                ">",
                ">",
                ">",
                ">",
                ">",
                ">",
                ">",
                ">",
                ">",
                ">",
                ">",
                ">",
                ">",
                ">",
                ">",
                ">",
                ">",
                ">"
            ],
            "execution_error": "Exception in thread \"main\" java.lang.ArrayIndexOutOfBoundsException: Index -1 out of bounds for length 3\n\tat Main.main(Main.java:30)",
            "cerberus_output": "",
            "execution_result": "ArrayIndexOutOfBoundsException"
        },
        {
            "test_case": [
                "Test Case Input:\n3\n1 2 3 4 5 6\n7 8 9 10 11 12\n13 14 15 16 17 18"
            ],
            "test_mutations": [
                "Test Case Input:\n3\n1 2 3 4 5 6\n7 8 9 10 11 12\n13 14 15 16 17 18"
            ],
            "initial_code": "class Main{\n        public static void main(String[] args){\n    \tScanner scan = new Scanner(System.in);\n    \tDice[] dice;\n    \tint dice_num = scan.nextInt();\n    \tdice = new Dice[dice_num];\n    \tfor(int i = 0; i < dice_num; i++){\n    \t\tdice[i] = new Dice();\n    \t}\n    \tfor(int i = 0; i < dice_num; i++){\n    \t\tfor(int j = 0; j < 6; j++){\n    \t\t\tdice[i].S[j] = scan.nextInt();\n    \t\t}\n    \t}\n    \tfor(int m = 1; m < dice_num; m++){\n\t\t\tfor(int i = 0; i < 4; i++){\n\t\t\t\tfor(int j = 0; j < 4; j++){\n\t\t    \t\tfor(int k = 0; k < 4; k++){\n\t\t    \t\t\tint temp3 = dice[m-1].S[0];\n\t\t        \t\tdice[m-1].S[0] = dice[m-1].S[1];\n\t\t        \t\tdice[m-1].S[1] = dice[m-1].S[5];\n\t\t        \t\tdice[m-1].S[5] = dice[m-1].S[4];\n\t\t        \t\tdice[m-1].S[4] = temp3;\n\t\t        \t\tif(dice[m-1].S[0] == dice[m].S[0] && dice[m-1].S[1] == dice[m].S[1] && dice[m-1].S[2] == dice[m].S[2] && dice[m-1].S[3] == dice[m].S[3] && dice[m-1].S[4] == dice[m].S[4] && dice[m-1].S[5] == dice[m].S[5]) {\n\t\t        \t\t\tSystem.out.println(\"No\");\n\t\t        \t\t    return;\n\t\t        \t\t}else{\n\t\t        \t\t\tif(dice_num > 2){\n\t\t        \t\t\t\tif(dice[m - 2].S[0] == dice[m].S[0] && dice[m - 2].S[1] == dice[m].S[1] && dice[m - 2].S[2] == dice[m].S[2] && dice[m - 2].S[3] == dice[m].S[3] && dice[m - 2].S[4] == dice[m].S[4] && dice[m - 2].S[5] == dice[m].S[5]) {\n\t\t\t\t        \t\t\tSystem.out.println(\"No\");\n\t\t\t\t        \t\t    return;\n\t\t\t\t        \t\t}\n\t\t        \t\t\t}\n\t\t        \t\t}\n\t\t    \t\t}\n\t\t    \t\tint temp2 = dice[m-1].S[0];\n\t\t    \t\tdice[m-1].S[0] = dice[m-1].S[3];\n\t\t    \t\tdice[m-1].S[3] = dice[m-1].S[5];\n\t\t    \t\tdice[m-1].S[5] = dice[m-1].S[2];\n\t\t    \t\tdice[m-1].S[2] = temp2;\n\t\t\t\t}\n\t\t\t\tint temp = dice[m-1].S[0];\n\t\t\t\tdice[m-1].S[0] = dice[m-1].S[1];\n\t\t\t\tdice[m-1].S[1] = dice[m-1].S[5];\n\t\t\t\tdice[m-1].S[5] = dice[m-1].S[4];\n\t\t\t\tdice[m-1].S[4] = temp;\n\t\t\t}\n    \t}\n    \tSystem.out.println(\"Yes\");\n     }\n}\nclass Dice{\n\tint[] S = new int[6];\n}",
            "covered_code": "To determine the code coverage for the given code snippet and the test case input, let's follow a step-by-step execution plan:\n\n1. **Class Main Declaration**: Always executed. Statement `class Main{` is covered.\n\n2. **Main method declaration**: Always executed. Statement `public static void main(String[] args){` is covered.\n\n3. **Scanner and Dice Array Initialization**: Always executed. Statements involving `Scanner scan = new Scanner(System.in);`, `int dice_num = scan.nextInt();`, and `dice = new Dice[dice_num];` are covered.\n\n4. **Dice Object Creation in First For Loop**: Since `dice_num` is 3 based on the input, this loop will run 3 times, initializing the `Dice` array. Statement `dice[i] = new Dice();` within the loop is covered for each iteration.\n\n5. **Reading Dice Sides in Second For Loop**: This loop fills each `Dice` object's `S` array with integers. Given the input, this part of the code will be executed for all the provided integers, covering the statement `dice[i].S[j] = scan.nextInt();` across the iterations.\n\n6. **Comparison and Rotation in Nested For Loops**: This is the core logic for comparing dice and rotating them to check for equality. Given the input, these loops will be executed, checking dice against each other and performing rotations. Thus, all statements within these loops will be executed, including comparison checks, rotation assignments, and the `System.out.println(\"No\");` statement under certain conditions.\n\n7. **System.out.println(\"Yes\");**: The execution flow reaches this statement only if no matching dice are found after all rotations and comparisons. Since the program's logic and the provided input do not specify a condition that leads to a match that exits the program early, this line is executed.\n\n8. **Class Dice Declaration**: Always executed. Statement `class Dice{` is covered.\n\n9. **Dice S Array Initialization**: Part of the `Dice` class definition and implicitly executed when a new `Dice` object is instantiated, covering `int[] S = new int[6];`.\n\nBased on the execution plan and considering the input does not lead to an early return (i.e., no \"No\" output condition is met during comparisons), the coverage for each part of the program is as follows:\n\n```\n> class Main{\n>     public static void main(String[] args){\n>         Scanner scan = new Scanner(System.in);\n>         Dice[] dice;\n>         int dice_num = scan.nextInt();\n>         dice = new Dice[dice_num];\n>         for(int i = 0; i < dice_num; i++){\n>             dice[i] = new Dice();\n>         }\n>         for(int i = 0; i < dice_num; i++){\n>             for(int j = 0; j < 6; j++){\n>                 dice[i].S[j] = scan.nextInt();\n>             }\n>         }\n>         for(int m = 1; m < dice_num; m++){\n>             for(int i = 0; i < 4; i++){\n>                 for(int j = 0; j < 4; j++){\n>                     for(int k = 0; k < 4; k++){\n>                         int temp3 = dice[m-1].S[0];\n>                         dice[m-1].S[0] = dice[m-1].S[1];\n>                         dice[m-1].S[1] = dice[m-1].S[5];\n>                         dice[m-1].S[5] = dice[m-1].S[4];\n>                         dice[m-1].S[4] = temp3;\n>                         if(dice[m-1].S[0] == dice[m].S[0] && dice[m-1].S[1] == dice[m].S[1] && dice[m-1].S[2] == dice[m].S[2] && dice[m-1].S[3] == dice[m].S[3] && dice[m-1].S[4] == dice[m].S[4] && dice[m-1].S[5] == dice[m].S[5]) {\n>                             System.out.println(\"No\");\n>                             return;\n>                         }else{\n>                             if(dice_num > 2){\n>                                 if(dice[m - 2].S[0] == dice[m].S[0] && dice[m - 2].S[1] == dice[m].S[1] && dice[m - 2].S[2] == dice[m].S[2] && dice[m - 2].S[3] == dice[m].S[3] && dice[m - 2].S[4] == dice[m].S[4] && dice[m - 2].S[5] == dice[m].S[5]) {\n>                                     System.out.println(\"No\");\n>                                     return;\n>                                 }\n>                             }\n>                         }\n>                     }\n>                     int temp2 = dice[m-1].S[0];\n>                     dice[m-1].S[0] = dice[m-1].S[3];\n>                     dice[m-1].S[3] = dice[m-1].S[5];\n>                     dice[m-1].S[5] = dice[m-1].S[2];\n>                     dice[m-1].S[2] = temp2;\n>                 }\n>                 int temp = dice[m-1].S[0];\n>                 dice[m-1].S[0] = dice[m-1].S[1];\n>                 dice[m-1].S[1] = dice[m-1].S[5];\n>                 dice[m-1].S[5] = dice[m-1].S[4];\n>                 dice[m-1].S[4] = temp;\n>             }\n>         }\n>         System.out.println(\"Yes\");\n>     }\n> }\n> class Dice{\n>     int[] S = new int[6];\n> }\n```\n\n**Output**: Given the logic and provided input, the output will be \"Yes\" unless there's a specific condition in the input that matches dice exactly (not provided in the question), in which case \"No\" could be printed, and the program would exit early. The coverage suggests all parts are executed given the described scenario.",
            "test_seed_coverage": [
                ">",
                ">",
                ">",
                ">",
                ">",
                ">",
                ">",
                ">",
                ">",
                ">",
                ">",
                ">",
                ">",
                ">",
                ">",
                ">",
                ">",
                ">",
                ">",
                ">",
                ">",
                ">",
                ">",
                ">",
                ">",
                ">",
                ">",
                ">",
                ">",
                ">",
                ">",
                ">",
                ">",
                ">",
                ">",
                ">",
                ">",
                ">",
                ">",
                ">",
                ">",
                ">",
                ">",
                ">",
                ">",
                ">",
                ">",
                ">",
                ">",
                ">",
                ">",
                ">",
                ">",
                ">"
            ],
            "cumulative_coverage": [
                ">",
                ">",
                ">",
                ">",
                ">",
                ">",
                ">",
                ">",
                ">",
                ">",
                ">",
                ">",
                ">",
                ">",
                ">",
                ">",
                ">",
                ">",
                ">",
                ">",
                ">",
                ">",
                ">",
                ">",
                ">",
                ">",
                ">",
                ">",
                ">",
                ">",
                ">",
                ">",
                ">",
                ">",
                ">",
                ">",
                ">",
                ">",
                ">",
                ">",
                ">",
                ">",
                ">",
                ">",
                ">",
                ">",
                ">",
                ">",
                ">",
                ">",
                ">",
                ">",
                ">",
                ">"
            ],
            "execution_error": "Exception in thread \"main\" java.lang.ArrayIndexOutOfBoundsException: Index -1 out of bounds for length 3\n\tat Main.main(Main.java:30)",
            "cerberus_output": "",
            "execution_result": "ArrayIndexOutOfBoundsException"
        },
        {
            "test_case": [
                "Test Case Input:\n3\n1 2 3 4 5 6\n6 5 4 3 2 1\n2 4 6 1 3 5"
            ],
            "test_mutations": [
                "Test Case Input:\n3\n1 2 3 4 5 6\n6 5 4 3 2 1\n2 4 6 1 3 5"
            ],
            "initial_code": "class Main{\n        public static void main(String[] args){\n    \tScanner scan = new Scanner(System.in);\n    \tDice[] dice;\n    \tint dice_num = scan.nextInt();\n    \tdice = new Dice[dice_num];\n    \tfor(int i = 0; i < dice_num; i++){\n    \t\tdice[i] = new Dice();\n    \t}\n    \tfor(int i = 0; i < dice_num; i++){\n    \t\tfor(int j = 0; j < 6; j++){\n    \t\t\tdice[i].S[j] = scan.nextInt();\n    \t\t}\n    \t}\n    \tfor(int m = 1; m < dice_num; m++){\n\t\t\tfor(int i = 0; i < 4; i++){\n\t\t\t\tfor(int j = 0; j < 4; j++){\n\t\t    \t\tfor(int k = 0; k < 4; k++){\n\t\t    \t\t\tint temp3 = dice[m-1].S[0];\n\t\t        \t\tdice[m-1].S[0] = dice[m-1].S[1];\n\t\t        \t\tdice[m-1].S[1] = dice[m-1].S[5];\n\t\t        \t\tdice[m-1].S[5] = dice[m-1].S[4];\n\t\t        \t\tdice[m-1].S[4] = temp3;\n\t\t        \t\tif(dice[m-1].S[0] == dice[m].S[0] && dice[m-1].S[1] == dice[m].S[1] && dice[m-1].S[2] == dice[m].S[2] && dice[m-1].S[3] == dice[m].S[3] && dice[m-1].S[4] == dice[m].S[4] && dice[m-1].S[5] == dice[m].S[5]) {\n\t\t        \t\t\tSystem.out.println(\"No\");\n\t\t        \t\t    return;\n\t\t        \t\t}else{\n\t\t        \t\t\tif(dice_num > 2){\n\t\t        \t\t\t\tif(dice[m - 2].S[0] == dice[m].S[0] && dice[m - 2].S[1] == dice[m].S[1] && dice[m - 2].S[2] == dice[m].S[2] && dice[m - 2].S[3] == dice[m].S[3] && dice[m - 2].S[4] == dice[m].S[4] && dice[m - 2].S[5] == dice[m].S[5]) {\n\t\t\t\t        \t\t\tSystem.out.println(\"No\");\n\t\t\t\t        \t\t    return;\n\t\t\t\t        \t\t}\n\t\t        \t\t\t}\n\t\t        \t\t}\n\t\t    \t\t}\n\t\t    \t\tint temp2 = dice[m-1].S[0];\n\t\t    \t\tdice[m-1].S[0] = dice[m-1].S[3];\n\t\t    \t\tdice[m-1].S[3] = dice[m-1].S[5];\n\t\t    \t\tdice[m-1].S[5] = dice[m-1].S[2];\n\t\t    \t\tdice[m-1].S[2] = temp2;\n\t\t\t\t}\n\t\t\t\tint temp = dice[m-1].S[0];\n\t\t\t\tdice[m-1].S[0] = dice[m-1].S[1];\n\t\t\t\tdice[m-1].S[1] = dice[m-1].S[5];\n\t\t\t\tdice[m-1].S[5] = dice[m-1].S[4];\n\t\t\t\tdice[m-1].S[4] = temp;\n\t\t\t}\n    \t}\n    \tSystem.out.println(\"Yes\");\n     }\n}\nclass Dice{\n\tint[] S = new int[6];\n}",
            "covered_code": "Plan for step by step execution of the given java program and test case:\n\n1. **Class Main Declaration**: Always executed.\n\n2. **Main Method**: Execution starts here, due to the presence of `public static void main(String[] args)`.\n\n3. **Scanner Object Creation**: Statement `Scanner scan = new Scanner(System.in);` is executed to read inputs.\n\n4. **Read number of dice**: `int dice_num = scan.nextInt();` reads the number of dice from the input, which is 3 in this test case.\n\n5. **Dice Array Creation**: The statement `dice = new Dice[dice_num];` creates an array to store dice objects.\n\n6. **Dice Object Instantiation**: The loop `for(int i = 0; i < dice_num; i++){ dice[i] = new Dice(); }` creates dice objects for each element in the array.\n\n7. **Reading Dice Sides**: The nested loops fill each dice's sides with integers from the input.\n\n8. **Comparison Logic**: The nested loops and if-else statements compare the sides of the dice to check if any two dice are the same after possible rotations.\n\n9. **Output**: Depending on the comparison results, it either prints \"No\" and returns, or if it completes all comparisons without finding identical dice, it prints \"Yes\".\n\nLet's predict the code coverage based on the provided test case:\n\n```\n> class Main{\n>        public static void main(String[] args){\n>    \tScanner scan = new Scanner(System.in);\n>    \tDice[] dice;\n>    \tint dice_num = scan.nextInt();\n>    \tdice = new Dice[dice_num];\n>    \tfor(int i = 0; i < dice_num; i++){\n>    \t\tdice[i] = new Dice();\n>    \t}\n>    \tfor(int i = 0; i < dice_num; i++){\n>    \t\tfor(int j = 0; j < 6; j++){\n>    \t\t\tdice[i].S[j] = scan.nextInt();\n>    \t\t}\n>    \t}\n>    \tfor(int m = 1; m < dice_num; m++){\n>\t\t\tfor(int i = 0; i < 4; i++){\n>\t\t\t\tfor(int j = 0; j < 4; j++){\n>\t\t    \t\tfor(int k = 0; k < 4; k++){\n>\t\t    \t\t\tint temp3 = dice[m-1].S[0];\n>\t\t        \t\tdice[m-1].S[0] = dice[m-1].S[1];\n>\t\t        \t\tdice[m-1].S[1] = dice[m-1].S[5];\n>\t\t        \t\tdice[m-1].S[5] = dice[m-1].S[4];\n>\t\t        \t\tdice[m-1].S[4] = temp3;\n>\t\t        \t\tif(dice[m-1].S[0] == dice[m].S[0] && dice[m-1].S[1] == dice[m].S[1] && dice[m-1].S[2] == dice[m].S[2] && dice[m-1].S[3] == dice[m].S[3] && dice[m-1].S[4] == dice[m].S[4] && dice[m-1].S[5] == dice[m].S[5]) {\n>\t\t        \t\t\tSystem.out.println(\"No\");\n>\t\t        \t\t    return;\n>\t\t        \t\t}else{\n>\t\t        \t\t\tif(dice_num > 2){\n>\t\t        \t\t\t\tif(dice[m - 2].S[0] == dice[m].S[0] && dice[m - 2].S[1] == dice[m].S[1] && dice[m - 2].S[2] == dice[m].S[2] && dice[m - 2].S[3] == dice[m].S[3] && dice[m - 2].S[4] == dice[m].S[4] && dice[m - 2].S[5] == dice[m].S[5]) {\n>\t\t\t\t        \t\t\tSystem.out.println(\"No\");\n>\t\t\t\t        \t\t    return;\n>\t\t\t\t        \t\t}\n>\t\t        \t\t\t}\n>\t\t        \t\t}\n>\t\t    \t\t}\n>\t\t    \t\tint temp2 = dice[m-1].S[0];\n>\t\t    \t\tdice[m-1].S[0] = dice[m-1].S[3];\n>\t\t    \t\tdice[m-1].S[3] = dice[m-1].S[5];\n>\t\t    \t\tdice[m-1].S[5] = dice[m-1].S[2];\n>\t\t    \t\tdice[m-1].S[2] = temp2;\n>\t\t\t\t}\n>\t\t\t\tint temp = dice[m-1].S[0];\n>\t\t\t\tdice[m-1].S[0] = dice[m-1].S[1];\n>\t\t\t\tdice[m-1].S[1] = dice[m-1].S[5];\n>\t\t\t\tdice[m-1].S[5] = dice[m-1].S[4];\n>\t\t\t\tdice[m-1].S[4] = temp;\n>\t\t\t}\n>    \t}\n>    \tSystem.out.println(\"Yes\");\n>     }\n> }\n> class Dice{\n>\tint[] S = new int[6];\n> }\n```\n\nExplanation:\n- All parts of the code are executed. The `for` loops iterate as expected, filling in the dice sides and performing the comparison logic.\n- The given input does not lead to the printing of \"No\" and returning early, so the final statement `System.out.println(\"Yes\");` is executed. Therefore, all statements in the code are covered, and there are no unexecuted statements based on the given test case input.",
            "test_seed_coverage": [
                ">",
                ">",
                ">",
                ">",
                ">",
                ">",
                ">",
                ">",
                ">",
                ">",
                ">",
                ">",
                ">",
                ">",
                ">",
                ">",
                ">",
                ">",
                ">",
                ">",
                ">",
                ">",
                ">",
                ">",
                ">",
                ">",
                ">",
                ">",
                ">",
                ">",
                ">",
                ">",
                ">",
                ">",
                ">",
                ">",
                ">",
                ">",
                ">",
                ">",
                ">",
                ">",
                ">",
                ">",
                ">",
                ">",
                ">",
                ">",
                ">",
                ">",
                ">",
                ">",
                ">",
                ">"
            ],
            "cumulative_coverage": [
                ">",
                ">",
                ">",
                ">",
                ">",
                ">",
                ">",
                ">",
                ">",
                ">",
                ">",
                ">",
                ">",
                ">",
                ">",
                ">",
                ">",
                ">",
                ">",
                ">",
                ">",
                ">",
                ">",
                ">",
                ">",
                ">",
                ">",
                ">",
                ">",
                ">",
                ">",
                ">",
                ">",
                ">",
                ">",
                ">",
                ">",
                ">",
                ">",
                ">",
                ">",
                ">",
                ">",
                ">",
                ">",
                ">",
                ">",
                ">",
                ">",
                ">",
                ">",
                ">",
                ">",
                ">"
            ],
            "execution_error": "Exception in thread \"main\" java.lang.ArrayIndexOutOfBoundsException: Index -1 out of bounds for length 3\n\tat Main.main(Main.java:30)",
            "cerberus_output": "",
            "execution_result": "ArrayIndexOutOfBoundsException"
        }
    ]
}