{
    "submission_id": "s898025068",
    "cycles": [
        {
            "test_case": [
                "Test Case Input:\n5\n1 2 3 4 5\n3\n0 10\n1 20\n2 30"
            ],
            "test_mutations": [
                "Test Case Input:\n5\n1 2 3 4 5\n3\n0 10\n1 20\n2 30"
            ],
            "initial_code": "public class Main {\n    public static void main(String[] args) {\n    \tMain main=new Main();\n    \tmain.run();\n    }\n    void run() {\n    \tScanner sc=new Scanner(System.in);\n    \tint N=sc.nextInt();\n    \tint[] T=new int[N];\n    \tfor(int i=0;i<N;i++) {\n    \t\tT[i]=sc.nextInt();\n    \t}\n    \tint M=sc.nextInt();\n    \tint[][] P=new int[M][2];\n    \tfor(int i=0;i<M;i++) {\n    \t\tP[i][0]=sc.nextInt();\n    \t\tP[i][1]=sc.nextInt();\n    \t}\n    \tfor(int t=0;t<N;t++) {\n    \t\tint sum=0;\n\t    \tfor(int i=0;i<M;i++) {\n\t    \t\tif(P[t][0]!=i) {\n\t    \t\t\tsum+=T[i];\n\t    \t\t}else {\n\t    \t\t\tsum+=P[t][1];\n\t    \t\t}\n\t    \t}\n\t    \tSystem.out.println(sum);\n    \t}\n    }\n}",
            "covered_code": "Given the test case input `5 1 2 3 4 5 3 0 10 1 20 2 30` and the provided Java Program, let's develop a plan for step by step execution to predict the code coverage.\n\n### Plan\n\n1. **Main method invocation**: The `main` method is the entry point of the program and is always executed. It creates an instance of `Main` and calls the `run` method.\n\n2. **Method run execution**: The `run` method is called by the `main` method, so it is executed.\n\n3. **Scanner and Input Processing**: The program reads inputs using `Scanner`. It first reads `N`, then reads `N` integers into array `T`, followed by `M`, and then reads `2*M` integers into a 2D array `P`. All these operations are covered as part of the input processing.\n\n4. **First Loop (Loading Array T)**: This loop iterates `N` times to load the array `T` with `N` integers. Since `N=5`, this loop and its contents are executed 5 times.\n\n5. **Second Loop (Loading Array P)**: This loop iterates `M` times to load the 2D array `P` with pairs of integers. Since `M=3`, this loop and its contents are executed 3 times.\n\n6. **Third Loop (Calculating and Printing Results)**: This outer loop iterates over each element in `T` (i.e., `N` times). Within this loop, there is another loop that iterates `M` times for each `t` to calculate the sum according to the given logic.\n\n   - **Problem**: There's a logical error in the provided code. The condition `if(P[t][0]!=i)` will cause an `ArrayIndexOutOfBoundsException` when `t >= M` because the array `P` only has `M` rows. Hence, when `t=3` (and `N=5`, `M=3`), an exception will be thrown attempting to access `P[3][0]`.\n\n7. **Exception**: The execution will throw an `ArrayIndexOutOfBoundsException` when attempting to access `P[t][0]` for `t >= M`.\n\n### Predicted Code Coverage\n\n```\n> public class Main {\n>     public static void main(String[] args) {\n>         Main main=new Main();\n>         main.run();\n>     }\n>     void run() {\n>         Scanner sc=new Scanner(System.in);\n>         int N=sc.nextInt();\n>         int[] T=new int[N];\n>         for(int i=0;i<N;i++) {\n>             T[i]=sc.nextInt();\n>         }\n>         int M=sc.nextInt();\n>         int[][] P=new int[M][2];\n>         for(int i=0;i<M;i++) {\n>             P[i][0]=sc.nextInt();\n>             P[i][1]=sc.nextInt();\n>         }\n>         for(int t=0;t<N;t++) {\n>             int sum=0;\n>             for(int i=0;i<M;i++) {\n>                 if(P[t][0]!=i) {\n>                     sum+=T[i];\n>                 }else {\n>                     sum+=P[t][1];\n>                 }\n>             }\n!             System.out.println(sum);\n>         }\n>     }\n> }\n```\n\n**OUTPUT**: \n\nError: `ArrayIndexOutOfBoundsException`\n\nThis coverage prediction indicates that all lines up to the point where the `ArrayIndexOutOfBoundsException` occurs are executed (`>`), while the lines inside the loop that would normally execute after the exception occurs are not executed (`!`).",
            "test_seed_coverage": [
                ">",
                ">",
                ">",
                ">",
                ">",
                ">",
                ">",
                ">",
                ">",
                ">",
                ">",
                ">",
                ">",
                ">",
                ">",
                ">",
                ">",
                ">",
                ">",
                ">",
                ">",
                ">",
                ">",
                ">",
                ">",
                ">",
                ">",
                "!",
                ">",
                ">",
                ">"
            ],
            "cumulative_coverage": [
                ">",
                ">",
                ">",
                ">",
                ">",
                ">",
                ">",
                ">",
                ">",
                ">",
                ">",
                ">",
                ">",
                ">",
                ">",
                ">",
                ">",
                ">",
                ">",
                ">",
                ">",
                ">",
                ">",
                ">",
                ">",
                ">",
                ">",
                "!",
                ">",
                ">",
                ">"
            ],
            "execution_error": "Exception in thread \"main\" java.lang.ArrayIndexOutOfBoundsException: Index 3 out of bounds for length 3\n\tat Main.run(Main.java:23)\n\tat Main.main(Main.java:5)",
            "cerberus_output": "ArrayIndexOutOfBoundsException",
            "execution_result": "ArrayIndexOutOfBoundsException"
        },
        {
            "test_case": [
                "Test Case Input:\n3\n1\n2\n3\n2\n0 4\n1 5"
            ],
            "test_mutations": [
                "Test Case Input:\n3\n1\n2\n3\n2\n0 4\n1 5"
            ],
            "initial_code": "public class Main {\n    public static void main(String[] args) {\n    \tMain main=new Main();\n    \tmain.run();\n    }\n    void run() {\n    \tScanner sc=new Scanner(System.in);\n    \tint N=sc.nextInt();\n    \tint[] T=new int[N];\n    \tfor(int i=0;i<N;i++) {\n    \t\tT[i]=sc.nextInt();\n    \t}\n    \tint M=sc.nextInt();\n    \tint[][] P=new int[M][2];\n    \tfor(int i=0;i<M;i++) {\n    \t\tP[i][0]=sc.nextInt();\n    \t\tP[i][1]=sc.nextInt();\n    \t}\n    \tfor(int t=0;t<N;t++) {\n    \t\tint sum=0;\n\t    \tfor(int i=0;i<M;i++) {\n\t    \t\tif(P[t][0]!=i) {\n\t    \t\t\tsum+=T[i];\n\t    \t\t}else {\n\t    \t\t\tsum+=P[t][1];\n\t    \t\t}\n\t    \t}\n\t    \tSystem.out.println(sum);\n    \t}\n    }\n}",
            "covered_code": "Based on the provided code and test case input, here is the plan for step by step execution and the predicted code coverage:\n\n1. **Class Declaration**: Always executed. Statement `public class Main {` is covered.\n2. **Main method declaration**: Always executed. Statement `public static void main(String[] args) {` is covered.\n3. **Object creation and run method call**: Always executed. Statements `Main main=new Main();` and `main.run();` are covered.\n4. **run method declaration**: Always executed when called from main. Statement `void run() {` is covered.\n5. **Scanner and user input**: Always executed. Statements `Scanner sc=new Scanner(System.in);` and `int N=sc.nextInt();` are covered.\n6. **Array declaration and for loop for input T[]**: Since N is 3 based on the test case, the loop will execute 3 times. Statements `int[] T=new int[N];` and `for(int i=0;i<N;i++) { T[i]=sc.nextInt(); }` are covered.\n7. **Second for loop for input P[][]**: M is read as 2, so this loop will execute twice to fill the P array. Statements `int M=sc.nextInt();` and `int[][] P=new int[M][2]; for(int i=0;i<M;i++) { P[i][0]=sc.nextInt(); P[i][1]=sc.nextInt(); }` are covered.\n8. **Nested for loops for calculation and output**: The outer loop runs N times (3 times) and the inner loop M times (2 times). All statements within these loops are executed, but there's a logical error in the comparison `if(P[t][0]!=i)`. For t >= M, this will result in an `ArrayIndexOutOfBoundsException` because it attempts to access `P[t]` which doesn't exist when `t` is greater than or equal to `M`.\n9. **System.out.println within the nested loop**: Executed as part of the nested loops iteration until an exception occurs.\n\nPredicted Code Coverage:\n\n```\n> public class Main {\n>     public static void main(String[] args) {\n>     \tMain main=new Main();\n>     \tmain.run();\n>     }\n>     void run() {\n>     \tScanner sc=new Scanner(System.in);\n>     \tint N=sc.nextInt();\n>     \tint[] T=new int[N];\n>     \tfor(int i=0;i<N;i++) {\n>     \t\tT[i]=sc.nextInt();\n>     \t}\n>     \tint M=sc.nextInt();\n>     \tint[][] P=new int[M][2];\n>     \tfor(int i=0;i<M;i++) {\n>     \t\tP[i][0]=sc.nextInt();\n>     \t\tP[i][1]=sc.nextInt();\n>     \t}\n>     \tfor(int t=0;t<N;t++) {\n>     \t\tint sum=0;\n> \t    \tfor(int i=0;i<M;i++) {\n> \t    \t\tif(P[t][0]!=i) {\n> \t    \t\t\tsum+=T[i];\n> \t    \t\t}else {\n> \t    \t\t\tsum+=P[t][1];\n> \t    \t\t}\n> \t    \t}\n> \t    \tSystem.out.println(sum);\n>     \t}\n>     }\n> }\n```\n\n**OUTPUT:**\nError: ArrayIndexOutOfBoundsException\n\nThis error occurs because the code attempts to access `P[t]` when `t` is out of bounds for the array `P`, which only has `M` elements (M=2 in the test case), but `N` can be greater than `M`, leading to an attempt to access an index of `P` that does not exist.",
            "test_seed_coverage": [
                ">",
                ">",
                ">",
                ">",
                ">",
                ">",
                ">",
                ">",
                ">",
                ">",
                ">",
                ">",
                ">",
                ">",
                ">",
                ">",
                ">",
                ">",
                ">",
                ">",
                ">",
                ">",
                ">",
                ">",
                ">",
                ">",
                ">",
                ">",
                ">",
                ">",
                ">"
            ],
            "cumulative_coverage": [
                ">",
                ">",
                ">",
                ">",
                ">",
                ">",
                ">",
                ">",
                ">",
                ">",
                ">",
                ">",
                ">",
                ">",
                ">",
                ">",
                ">",
                ">",
                ">",
                ">",
                ">",
                ">",
                ">",
                ">",
                ">",
                ">",
                ">",
                ">",
                ">",
                ">",
                ">"
            ],
            "execution_error": "Exception in thread \"main\" java.lang.ArrayIndexOutOfBoundsException: Index 2 out of bounds for length 2\n\tat Main.run(Main.java:23)\n\tat Main.main(Main.java:5)",
            "cerberus_output": "ArrayIndexOutOfBoundsException",
            "execution_result": "ArrayIndexOutOfBoundsException"
        },
        {
            "test_case": [
                "Test Case Input:\n3\n1\n2\n3\n2\n0 1\n1 2"
            ],
            "test_mutations": [
                "Test Case Input:\n3\n1\n2\n3\n2\n0 1\n1 2"
            ],
            "initial_code": "public class Main {\n    public static void main(String[] args) {\n    \tMain main=new Main();\n    \tmain.run();\n    }\n    void run() {\n    \tScanner sc=new Scanner(System.in);\n    \tint N=sc.nextInt();\n    \tint[] T=new int[N];\n    \tfor(int i=0;i<N;i++) {\n    \t\tT[i]=sc.nextInt();\n    \t}\n    \tint M=sc.nextInt();\n    \tint[][] P=new int[M][2];\n    \tfor(int i=0;i<M;i++) {\n    \t\tP[i][0]=sc.nextInt();\n    \t\tP[i][1]=sc.nextInt();\n    \t}\n    \tfor(int t=0;t<N;t++) {\n    \t\tint sum=0;\n\t    \tfor(int i=0;i<M;i++) {\n\t    \t\tif(P[t][0]!=i) {\n\t    \t\t\tsum+=T[i];\n\t    \t\t}else {\n\t    \t\t\tsum+=P[t][1];\n\t    \t\t}\n\t    \t}\n\t    \tSystem.out.println(sum);\n    \t}\n    }\n}",
            "covered_code": "Plan for step by step execution of the given code snippet based on the test case input \"3\\n1\\n2\\n3\\n2\\n0 1\\n1 2\":\n\n1. **Main Method Declaration and Execution**: The `main` method will be executed, creating an instance of `Main` and calling the `run` method. Statements `Main main=new Main();` and `main.run();` are covered.\n\n2. **Run Method Execution**: Entering the `run` method, the scanner is initiated, and the input is read. Statements within the `run` method are executed in sequence, starting with `Scanner sc=new Scanner(System.in);`. This statement is covered.\n\n3. **Reading N (Number of test cases)**: The first scanner input reads `N=3`. The statement `int N=sc.nextInt();` is covered.\n\n4. **Reading Test Cases (T array)**: Reading the next `N` integers (`1`, `2`, `3`) into the array `T`. The loop for reading these values is fully executed. Thus, all statements within this loop are covered.\n\n5. **Reading M (Number of operations)**: The next input is `M=2`. The statement `int M=sc.nextInt();` is covered.\n\n6. **Reading Operations (P array)**: Reading the next `M*2` integers into the 2D array `P`. The loop for reading these values (`0 1` and `1 2`) is fully executed. Thus, all statements within this loop are covered.\n\n7. **Processing and Output**: The nested loops then process the inputs and print the output. However, there is a logical mistake in the program. The condition `if(P[t][0]!=i)` may cause an `ArrayIndexOutOfBoundsException` for `P[t]` when `t >= M` because the size of `P` is `M` and `t` iterates from `0` to `N-1`. This mistake will manifest during execution, specifically when `t >= M`.\n\nGiven the input, the expected execution and coverage are as follows:\n\n- **Reading Inputs**: All statements for reading inputs (`N`, `T[]`, `M`, `P[][]`) are executed as per the plan. These are covered.\n\n- **Processing Logic**: The first loop iteration (`for(int t=0;t<N;t++)`) will start without issues. However, when `t` exceeds the bounds of `P` (i.e., when `t >= M`), an `ArrayIndexOutOfBoundsException` will occur at the statement `if(P[t][0]!=i)`.\n\nPredicted Code Coverage based on the given test case:\n\n```\n> public class Main {\n>     public static void main(String[] args) {\n>     \tMain main=new Main();\n>     \tmain.run();\n>     }\n>     void run() {\n>     \tScanner sc=new Scanner(System.in);\n>     \tint N=sc.nextInt();\n>     \tint[] T=new int[N];\n>     \tfor(int i=0;i<N;i++) {\n>     \t\tT[i]=sc.nextInt();\n>     \t}\n>     \tint M=sc.nextInt();\n>     \tint[][] P=new int[M][2];\n>     \tfor(int i=0;i<M;i++) {\n>     \t\tP[i][0]=sc.nextInt();\n>     \t\tP[i][1]=sc.nextInt();\n>     \t}\n>     \tfor(int t=0;t<N;t++) {\n>     \t\tint sum=0;\n> \t    \tfor(int i=0;i<M;i++) {\n> \t    \t\tif(P[t][0]!=i) { // This line will cause an ArrayIndexOutOfBoundsException when t >= M\n!\t    \t\t\tsum+=T[i];\n!\t    \t\t}else {\n!\t    \t\t\tsum+=P[t][1];\n!\t    \t\t}\n> \t    \t}\n> \t    \tSystem.out.println(sum);\n>     \t}\n>     }\n> }\n```\n\n**Runtime Exception Raised**:\n`ArrayIndexOutOfBoundsException` - This exception is raised because the code attempts to access an index of `P` that does not exist when `t >= M`.",
            "test_seed_coverage": [
                ">",
                ">",
                ">",
                ">",
                ">",
                ">",
                ">",
                ">",
                ">",
                ">",
                ">",
                ">",
                ">",
                ">",
                ">",
                ">",
                ">",
                ">",
                ">",
                ">",
                ">",
                ">",
                ">",
                ">",
                ">",
                ">",
                ">",
                ">",
                ">",
                ">",
                ">"
            ],
            "cumulative_coverage": [
                ">",
                ">",
                ">",
                ">",
                ">",
                ">",
                ">",
                ">",
                ">",
                ">",
                ">",
                ">",
                ">",
                ">",
                ">",
                ">",
                ">",
                ">",
                ">",
                ">",
                ">",
                ">",
                ">",
                ">",
                ">",
                ">",
                ">",
                ">",
                ">",
                ">",
                ">"
            ],
            "execution_error": "Exception in thread \"main\" java.lang.ArrayIndexOutOfBoundsException: Index 2 out of bounds for length 2\n\tat Main.run(Main.java:23)\n\tat Main.main(Main.java:5)",
            "cerberus_output": "ArrayIndexOutOfBoundsException",
            "execution_result": "ArrayIndexOutOfBoundsException"
        },
        {
            "test_case": [
                "Test Case Input:\n4\n1\n2\n3\n4\n3\n0 1\n1 2\n2 3"
            ],
            "test_mutations": [
                "Test Case Input:\n4\n1\n2\n3\n4\n3\n0 1\n1 2\n2 3"
            ],
            "initial_code": "public class Main {\n    public static void main(String[] args) {\n    \tMain main=new Main();\n    \tmain.run();\n    }\n    void run() {\n    \tScanner sc=new Scanner(System.in);\n    \tint N=sc.nextInt();\n    \tint[] T=new int[N];\n    \tfor(int i=0;i<N;i++) {\n    \t\tT[i]=sc.nextInt();\n    \t}\n    \tint M=sc.nextInt();\n    \tint[][] P=new int[M][2];\n    \tfor(int i=0;i<M;i++) {\n    \t\tP[i][0]=sc.nextInt();\n    \t\tP[i][1]=sc.nextInt();\n    \t}\n    \tfor(int t=0;t<N;t++) {\n    \t\tint sum=0;\n\t    \tfor(int i=0;i<M;i++) {\n\t    \t\tif(P[t][0]!=i) {\n\t    \t\t\tsum+=T[i];\n\t    \t\t}else {\n\t    \t\t\tsum+=P[t][1];\n\t    \t\t}\n\t    \t}\n\t    \tSystem.out.println(sum);\n    \t}\n    }\n}",
            "covered_code": "Given the test case input: `4 1 2 3 4 3 0 1 1 2 2 3`, let's develop a plan for step-by-step execution of the Java program and predict the code coverage.\n\n**Test Case Input Explanation:**\n- First, `N=4`, indicating four numbers follow: `1 2 3 4`.\n- Next, `M=3`, indicating three pairs of modifications follow: `0 1`, `1 2`, and `2 3`.\n\n**Plan for Execution:**\n1. **Main method execution:** always covered. Statements like creating an instance of `Main` and calling the `run` method are covered.\n    ```\n    > public static void main(String[] args) {\n    >    Main main=new Main();\n    >    main.run();\n    > }\n    ```\n2. **run method execution:** \n    - Initialization of the Scanner and reading `N` and array `T` are always executed. \n    - Reading `M` and initializing and populating the 2D array `P` is also always executed.\n    - The for loop iterating over `N` and the nested for loop iterating over `M` are executed as well.\n    - Inside the nested for loop, the if condition checks and sum updates are executed for all iterations, and the sum is printed out after every outer loop iteration.\n        ```\n        > void run() {\n        >    Scanner sc=new Scanner(System.in);\n        >    int N=sc.nextInt();\n        >    int[] T=new int[N];\n        >    for(int i=0;i<N;i++) {\n        >        T[i]=sc.nextInt();\n        >    }\n        >    int M=sc.nextInt();\n        >    int[][] P=new int[M][2];\n        >    for(int i=0;i<M;i++) {\n        >        P[i][0]=sc.nextInt();\n        >        P[i][1]=sc.nextInt();\n        >    }\n        >    for(int t=0;t<N;t++) {\n        >        int sum=0;\n        >        for(int i=0;i<M;i++) {\n        >            if(P[t][0]!=i) {\n        >                sum+=T[i];\n        >            }else {\n        >                sum+=P[t][1];\n        >            }\n        >        }\n        >        System.out.println(sum);\n        >    }\n        > }\n        ```\n\n**Predicted Code Coverage:**\n- All the lines in the `run` method will be executed. There are no lines in the given code that would not be executed based on the provided test case input. The program reads inputs, processes them as per the logic in the `run` method, and prints out the results without any condition that would prevent any part of the code from being executed.\n\n**Coverage Summary:**\n- All lines of the given Java program are executed (`>`), meaning 100% code coverage for this particular test case input.\n\n**Observation:**\n- The program has a potential issue in the nested loop where it accesses `P[t][0]`. If `t` is greater than or equals to `M`, it will cause an `ArrayIndexOutOfBoundsException` because `P`'s size is based on `M` and not `N`. However, with the given test input, this scenario does not occur, but it's a logical flaw in the program.",
            "test_seed_coverage": [
                ">",
                ">",
                ">",
                ">",
                ">",
                ">",
                ">",
                ">",
                ">",
                ">",
                ">",
                ">",
                ">",
                ">",
                ">",
                ">",
                ">",
                ">",
                ">",
                ">",
                ">",
                ">",
                ">",
                ">",
                ">",
                ">",
                ">",
                ">",
                ">",
                ">",
                ">"
            ],
            "cumulative_coverage": [
                ">",
                ">",
                ">",
                ">",
                ">",
                ">",
                ">",
                ">",
                ">",
                ">",
                ">",
                ">",
                ">",
                ">",
                ">",
                ">",
                ">",
                ">",
                ">",
                ">",
                ">",
                ">",
                ">",
                ">",
                ">",
                ">",
                ">",
                ">",
                ">",
                ">",
                ">"
            ],
            "execution_error": "Exception in thread \"main\" java.lang.ArrayIndexOutOfBoundsException: Index 3 out of bounds for length 3\n\tat Main.run(Main.java:23)\n\tat Main.main(Main.java:5)",
            "cerberus_output": "ArrayIndexOutOfBoundsException",
            "execution_result": "ArrayIndexOutOfBoundsException"
        },
        {
            "test_case": [
                "Test Case Input:\n5\n1 2 3 4 5\n3\n0 10\n1 20\n2 30"
            ],
            "test_mutations": [
                "Test Case Input:\n5\n1 2 3 4 5\n3\n0 10\n1 20\n2 30"
            ],
            "initial_code": "public class Main {\n    public static void main(String[] args) {\n    \tMain main=new Main();\n    \tmain.run();\n    }\n    void run() {\n    \tScanner sc=new Scanner(System.in);\n    \tint N=sc.nextInt();\n    \tint[] T=new int[N];\n    \tfor(int i=0;i<N;i++) {\n    \t\tT[i]=sc.nextInt();\n    \t}\n    \tint M=sc.nextInt();\n    \tint[][] P=new int[M][2];\n    \tfor(int i=0;i<M;i++) {\n    \t\tP[i][0]=sc.nextInt();\n    \t\tP[i][1]=sc.nextInt();\n    \t}\n    \tfor(int t=0;t<N;t++) {\n    \t\tint sum=0;\n\t    \tfor(int i=0;i<M;i++) {\n\t    \t\tif(P[t][0]!=i) {\n\t    \t\t\tsum+=T[i];\n\t    \t\t}else {\n\t    \t\t\tsum+=P[t][1];\n\t    \t\t}\n\t    \t}\n\t    \tSystem.out.println(sum);\n    \t}\n    }\n}",
            "covered_code": "Given the provided test case input \"5\\n1 2 3 4 5\\n3\\n0 10\\n1 20\\n2 30\", let's develop a plan for step-by-step execution of the Java program and predict the code coverage based on the test case and the reasoning for execution.\n\n**PLAN for step by step execution:**\n\n1. **Main class and main method declaration:** Always executed. Statements `public class Main {` and `public static void main(String[] args) {` are covered.\n\n2. **Instantiation of Main and call to run method:** Always executed. Statements `Main main=new Main();` and `main.run();` are covered.\n\n3. **run method declaration:** Always executed when called from the main method. Statement `void run() {` is covered.\n\n4. **Scanner and user input for N:** Always executed. Statements `Scanner sc=new Scanner(System.in);` and `int N=sc.nextInt();` are covered.\n\n5. **Array T declaration and population:** Always executed given N > 0. Loop `for(int i=0;i<N;i++) {` and inside statement `T[i]=sc.nextInt();` are covered.\n\n6. **User input for M:** Always executed. Statement `int M=sc.nextInt();` is covered.\n\n7. **Array P declaration and population:** Always executed given M > 0. Loop `for(int i=0;i<M;i++) {` and inside statements `P[i][0]=sc.nextInt();` and `P[i][1]=sc.nextInt();` are covered.\n\n8. **Outer loop for printing sums:** Always executed given N > 0. Loop `for(int t=0;t<N;t++) {` is covered.\n\n9. **Inner loop and sum calculation:** This part contains a logical error. The conditional access `P[t][0]!=i` assumes that `t` will not exceed the bounds of `P`, which is incorrect given that `t` indexes `T` and not `P`. This will lead to an `ArrayIndexOutOfBoundsException` when `t >= M`. The loop `for(int i=0;i<M;i++) {` and the conditional statement inside it `if(P[t][0]!=i) {` are covered until the exception is raised.\n\n10. **Print statement inside the outer loop:** This statement is executed for each iteration of the outer loop until the exception is raised. Statement `System.out.println(sum);` is covered for `t < M`.\n\n11. **Exception:** When `t >= M`, accessing `P[t][0]` will throw an `ArrayIndexOutOfBoundsException`.\n\n**Code Coverage Prediction:**\n\n> public class Main {\n>     public static void main(String[] args) {\n>         Main main=new Main();\n>         main.run();\n>     }\n>     void run() {\n>         Scanner sc=new Scanner(System.in);\n>         int N=sc.nextInt();\n>         int[] T=new int[N];\n>         for(int i=0;i<N;i++) {\n>             T[i]=sc.nextInt();\n>         }\n>         int M=sc.nextInt();\n>         int[][] P=new int[M][2];\n>         for(int i=0;i<M;i++) {\n>             P[i][0]=sc.nextInt();\n>             P[i][1]=sc.nextInt();\n>         }\n>         for(int t=0;t<N;t++) {\n>             int sum=0;\n>             for(int i=0;i<M;i++) {\n>                 if(P[t][0]!=i) {\n>                     sum+=T[i];\n>                 }else {\n>                     sum+=P[t][1];\n>                 }\n>             }\n>             System.out.println(sum);\n>         }\n>     }\n> }\n\n**OUTPUT:**\nError: ArrayIndexOutOfBoundsException\n\nThis plan and prediction assume the program execution progresses until it reaches the point where it attempts to access an out-of-bounds index in the P array, leading to an `ArrayIndexOutOfBoundsException`.",
            "test_seed_coverage": [
                ">",
                ">",
                ">",
                ">",
                ">",
                ">",
                ">",
                ">",
                ">",
                ">",
                ">",
                ">",
                ">",
                ">",
                ">",
                ">",
                ">",
                ">",
                ">",
                ">",
                ">",
                ">",
                ">",
                ">",
                ">",
                ">",
                ">",
                ">",
                ">",
                ">",
                ">"
            ],
            "cumulative_coverage": [
                ">",
                ">",
                ">",
                ">",
                ">",
                ">",
                ">",
                ">",
                ">",
                ">",
                ">",
                ">",
                ">",
                ">",
                ">",
                ">",
                ">",
                ">",
                ">",
                ">",
                ">",
                ">",
                ">",
                ">",
                ">",
                ">",
                ">",
                ">",
                ">",
                ">",
                ">"
            ],
            "execution_error": "Exception in thread \"main\" java.lang.ArrayIndexOutOfBoundsException: Index 3 out of bounds for length 3\n\tat Main.run(Main.java:23)\n\tat Main.main(Main.java:5)",
            "cerberus_output": "ArrayIndexOutOfBoundsException",
            "execution_result": "ArrayIndexOutOfBoundsException"
        },
        {
            "test_case": [
                "Test Case Input:\n3\n1\n2\n3\n2\n0 4\n1 5"
            ],
            "test_mutations": [
                "Test Case Input:\n3\n1\n2\n3\n2\n0 4\n1 5"
            ],
            "initial_code": "public class Main {\n    public static void main(String[] args) {\n    \tMain main=new Main();\n    \tmain.run();\n    }\n    void run() {\n    \tScanner sc=new Scanner(System.in);\n    \tint N=sc.nextInt();\n    \tint[] T=new int[N];\n    \tfor(int i=0;i<N;i++) {\n    \t\tT[i]=sc.nextInt();\n    \t}\n    \tint M=sc.nextInt();\n    \tint[][] P=new int[M][2];\n    \tfor(int i=0;i<M;i++) {\n    \t\tP[i][0]=sc.nextInt();\n    \t\tP[i][1]=sc.nextInt();\n    \t}\n    \tfor(int t=0;t<N;t++) {\n    \t\tint sum=0;\n\t    \tfor(int i=0;i<M;i++) {\n\t    \t\tif(P[t][0]!=i) {\n\t    \t\t\tsum+=T[i];\n\t    \t\t}else {\n\t    \t\t\tsum+=P[t][1];\n\t    \t\t}\n\t    \t}\n\t    \tSystem.out.println(sum);\n    \t}\n    }\n}",
            "covered_code": "Given the provided test case input:\n\n```\n3\n1\n2\n3\n2\n0 4\n1 5\n```\n\nHere's the plan for step by step execution of the given Java program and the prediction of code coverage:\n\n1. **Main Class and main Method Execution:** They are always executed. The statements to create an instance of `Main` and call the `run` method are covered.\n\n2. **run Method Declaration:** Always executed since we're directly calling this method from the `main` method.\n\n3. **Scanner Input:** The input statements for reading `N`, `T[]` array, `M`, and `P[][]` array are always executed as part of the program flow.\n\n4. **First For Loop (Initialization of T[]):** This loop reads `N` integers into the array `T`. Given `N=3`, this loop will execute 3 times to read `1`, `2`, and `3` into `T`.\n\n5. **Second For Loop (Initialization of P[][]):** This loop reads `M*2` integers into the 2D array `P`. Given `M=2`, this loop will execute 2 times to read `[0, 4]` and `[1, 5]` into `P`.\n\n6. **Third For Loop (Calculation and Output):** This loop is intended to calculate and print sums based on the conditions given. \n\n   - For `t=0`: The condition `P[t][0]!=i` will result in a runtime exception (ArrayIndexOutOfBoundsException) because `P[2][0]` does not exist when `t=2` (since `P` is of size `2x2`). Therefore, parts of this loop will not be executed after the exception is raised.\n\n7. **System.out.println(sum):** This statement is intended to be executed for each iteration of the outer loop (`for(int t=0;t<N;t++)`). However, due to the runtime exception mentioned, it's not executed for all intended iterations.\n\nGiven this plan, here's the code coverage:\n\n```\n> public class Main {\n>     public static void main(String[] args) {\n>     \tMain main=new Main();\n>     \tmain.run();\n>     }\n>     void run() {\n>     \tScanner sc=new Scanner(System.in);\n>     \tint N=sc.nextInt();\n>     \tint[] T=new int[N];\n>     \tfor(int i=0;i<N;i++) {\n>     \t\tT[i]=sc.nextInt();\n>     \t}\n>     \tint M=sc.nextInt();\n>     \tint[][] P=new int[M][2];\n>     \tfor(int i=0;i<M;i++) {\n>     \t\tP[i][0]=sc.nextInt();\n>     \t\tP[i][1]=sc.nextInt();\n>     \t}\n>     \tfor(int t=0;t<N;t++) {\n>     \t\tint sum=0;\n> \t    \tfor(int i=0;i<M;i++) {\n> \t    \t\tif(P[t][0]!=i) {\n> \t    \t\t\tsum+=T[i];\n> \t    \t\t}else {\n> \t    \t\t\tsum+=P[t][1];\n> \t    \t\t}\n> \t    \t}\n! \t    \tSystem.out.println(sum);\n>     \t}\n>     }\n> }\n```\n\n**OUTPUT:**\nError: ArrayIndexOutOfBoundsException\n\nThis output indicates that an ArrayIndexOutOfBoundsException will occur, interrupting the execution flow, and therefore, not all parts of the code related to output are covered.",
            "test_seed_coverage": [
                ">",
                ">",
                ">",
                ">",
                ">",
                ">",
                ">",
                ">",
                ">",
                ">",
                ">",
                ">",
                ">",
                ">",
                ">",
                ">",
                ">",
                ">",
                ">",
                ">",
                ">",
                ">",
                ">",
                ">",
                ">",
                ">",
                ">",
                ">",
                ">",
                ">",
                ">"
            ],
            "cumulative_coverage": [
                ">",
                ">",
                ">",
                ">",
                ">",
                ">",
                ">",
                ">",
                ">",
                ">",
                ">",
                ">",
                ">",
                ">",
                ">",
                ">",
                ">",
                ">",
                ">",
                ">",
                ">",
                ">",
                ">",
                ">",
                ">",
                ">",
                ">",
                ">",
                ">",
                ">",
                ">"
            ],
            "execution_error": "Exception in thread \"main\" java.lang.ArrayIndexOutOfBoundsException: Index 2 out of bounds for length 2\n\tat Main.run(Main.java:23)\n\tat Main.main(Main.java:5)",
            "cerberus_output": "ArrayIndexOutOfBoundsException",
            "execution_result": "ArrayIndexOutOfBoundsException"
        },
        {
            "test_case": [
                "Test Case Input:\n3\n1\n2\n3\n2\n0 5\n1 3"
            ],
            "test_mutations": [
                "Test Case Input:\n3\n1\n2\n3\n2\n0 5\n1 3"
            ],
            "initial_code": "public class Main {\n    public static void main(String[] args) {\n    \tMain main=new Main();\n    \tmain.run();\n    }\n    void run() {\n    \tScanner sc=new Scanner(System.in);\n    \tint N=sc.nextInt();\n    \tint[] T=new int[N];\n    \tfor(int i=0;i<N;i++) {\n    \t\tT[i]=sc.nextInt();\n    \t}\n    \tint M=sc.nextInt();\n    \tint[][] P=new int[M][2];\n    \tfor(int i=0;i<M;i++) {\n    \t\tP[i][0]=sc.nextInt();\n    \t\tP[i][1]=sc.nextInt();\n    \t}\n    \tfor(int t=0;t<N;t++) {\n    \t\tint sum=0;\n\t    \tfor(int i=0;i<M;i++) {\n\t    \t\tif(P[t][0]!=i) {\n\t    \t\t\tsum+=T[i];\n\t    \t\t}else {\n\t    \t\t\tsum+=P[t][1];\n\t    \t\t}\n\t    \t}\n\t    \tSystem.out.println(sum);\n    \t}\n    }\n}",
            "covered_code": "### Plan for step by step execution of the given Java program and test case:\n\n1. **Class and Main Method Execution**: The class `Main` and its `main` method are always executed.\n\n2. **Instantiation of Main and run Method Invocation**: The instantiation of `Main` and call to `run` method will be executed.\n\n3. **Scanner and User Input**: The creation of `Scanner` object and subsequent user inputs are considered executed as part of the program flow.\n\n4. **First Loop for Reading N Values**: This loop runs N times to read values into the T array. Given N=3, this loop will execute 3 times to read 3 integers.\n\n5. **Second Loop for Reading M Pairs**: This loop runs M times to read pairs of integers into the P array. Given M=2, this loop will execute 2 times to read 2 pairs of integers.\n\n6. **Nested Loops for Calculation and Output**: The outer loop runs N times, and for each iteration, the inner loop runs M times to calculate the sum based on the condition and print it.\n\n### Predicted Code Coverage:\n\n```java\n> public class Main {\n>     public static void main(String[] args) {\n>     \tMain main=new Main();\n>     \tmain.run();\n>     }\n>     void run() {\n>     \tScanner sc=new Scanner(System.in);\n>     \tint N=sc.nextInt(); // 3\n>     \tint[] T=new int[N];\n>     \tfor(int i=0;i<N;i++) {\n>     \t\tT[i]=sc.nextInt(); // 1, 2, 3\n>     \t}\n>     \tint M=sc.nextInt(); // 2\n>     \tint[][] P=new int[M][2];\n>     \tfor(int i=0;i<M;i++) {\n>     \t\tP[i][0]=sc.nextInt(); // 0, 1\n>     \t\tP[i][1]=sc.nextInt(); // 5, 3\n>     \t}\n>     \tfor(int t=0;t<N;t++) {\n>     \t\tint sum=0;\n> \t    \tfor(int i=0;i<M;i++) {\n> \t    \t\tif(P[t][0]!=i) {\n> \t    \t\t\tsum+=T[i];\n> \t    \t\t}else {\n> \t    \t\t\tsum+=P[t][1];\n> \t    \t\t}\n> \t    \t}\n> \t    \tSystem.out.println(sum);\n>     \t}\n>     }\n> }\n```\n\nGiven the test case input, all lines within the `run()` method are executed. The loop constructs and conditionals within the `run()` method are designed to handle a flexible size of input based on `N` and `M`, and given the test case adheres to these constraints, every line inside the `run()` method is covered during execution.\n\n**Note:** The provided plan assumes user input is substituted directly according to the test case input, thereby bypassing the need to manually enter data during execution. This approach allows us to predict code coverage without physically running the code with live input.",
            "test_seed_coverage": [
                ">",
                ">",
                ">",
                ">",
                ">",
                ">",
                ">",
                ">",
                ">",
                ">",
                ">",
                ">",
                ">",
                ">",
                ">",
                ">",
                ">",
                ">",
                ">",
                ">",
                ">",
                ">",
                ">",
                ">",
                ">",
                ">",
                ">",
                ">",
                ">",
                ">",
                ">"
            ],
            "cumulative_coverage": [
                ">",
                ">",
                ">",
                ">",
                ">",
                ">",
                ">",
                ">",
                ">",
                ">",
                ">",
                ">",
                ">",
                ">",
                ">",
                ">",
                ">",
                ">",
                ">",
                ">",
                ">",
                ">",
                ">",
                ">",
                ">",
                ">",
                ">",
                ">",
                ">",
                ">",
                ">"
            ],
            "execution_error": "Exception in thread \"main\" java.lang.ArrayIndexOutOfBoundsException: Index 2 out of bounds for length 2\n\tat Main.run(Main.java:23)\n\tat Main.main(Main.java:5)",
            "cerberus_output": "",
            "execution_result": "ArrayIndexOutOfBoundsException"
        },
        {
            "test_case": [
                "Test Case Input:\n3\n1\n2\n3\n2\n0 10\n1 20"
            ],
            "test_mutations": [
                "Test Case Input:\n3\n1\n2\n3\n2\n0 10\n1 20"
            ],
            "initial_code": "public class Main {\n    public static void main(String[] args) {\n    \tMain main=new Main();\n    \tmain.run();\n    }\n    void run() {\n    \tScanner sc=new Scanner(System.in);\n    \tint N=sc.nextInt();\n    \tint[] T=new int[N];\n    \tfor(int i=0;i<N;i++) {\n    \t\tT[i]=sc.nextInt();\n    \t}\n    \tint M=sc.nextInt();\n    \tint[][] P=new int[M][2];\n    \tfor(int i=0;i<M;i++) {\n    \t\tP[i][0]=sc.nextInt();\n    \t\tP[i][1]=sc.nextInt();\n    \t}\n    \tfor(int t=0;t<N;t++) {\n    \t\tint sum=0;\n\t    \tfor(int i=0;i<M;i++) {\n\t    \t\tif(P[t][0]!=i) {\n\t    \t\t\tsum+=T[i];\n\t    \t\t}else {\n\t    \t\t\tsum+=P[t][1];\n\t    \t\t}\n\t    \t}\n\t    \tSystem.out.println(sum);\n    \t}\n    }\n}",
            "covered_code": "PLAN:\n1. Main class and main method execution: The main class and its main method declaration will always be executed. These include the creation of a Main object and the call to the `run` method.\n2. Execution of the `run` method: This includes initializing the Scanner, reading the integer N, and initializing the array T with size N.\n3. Reading values into the T array: For each of the N iterations, the value is read from the Scanner and stored in T.\n4. Reading the integer M and initializing the P array with dimensions Mx2.\n5. Reading values into the P array: For M iterations, each iteration reads 2 integers from the Scanner and stores them in P.\n6. Outer for-loop for printing sums: This loop iterates N times to calculate and print sums based on the logic provided.\n7. Inner for-loop for sum calculation: Inside the outer for-loop, this loop iterates M times for each value of t, calculating the sum as per the given conditions.\n8. Condition checking within the inner for-loop: Checks if `P[t][0] != i` to decide whether to add `T[i]` or `P[t][1]` to the sum.\n9. Printing the sum for each t: After calculating the sum for each t inside the outer for-loop, the sum is printed out.\n10. Closing the Scanner: The Scanner should be closed at the end of the `run` method, but it's missing in the provided code snippet, so it won't be covered.\n\nPREDICTED CODE COVERAGE:\n> public class Main {\n>     public static void main(String[] args) {\n>     \tMain main=new Main();\n>     \tmain.run();\n>     }\n>     void run() {\n>     \tScanner sc=new Scanner(System.in);\n>     \tint N=sc.nextInt();\n>     \tint[] T=new int[N];\n>     \tfor(int i=0;i<N;i++) {\n>     \t\tT[i]=sc.nextInt();\n>     \t}\n>     \tint M=sc.nextInt();\n>     \tint[][] P=new int[M][2];\n>     \tfor(int i=0;i<M;i++) {\n>     \t\tP[i][0]=sc.nextInt();\n>     \t\tP[i][1]=sc.nextInt();\n>     \t}\n>     \tfor(int t=0;t<N;t++) {\n>     \t\tint sum=0;\n> \t    \tfor(int i=0;i<M;i++) {\n> \t    \t\tif(P[t][0]!=i) {\n> \t    \t\t\tsum+=T[i];\n> \t    \t\t}else {\n> \t    \t\t\tsum+=P[t][1];\n> \t    \t\t}\n> \t    \t}\n> \t    \tSystem.out.println(sum);\n>     \t}\n>     }\n> }\n\nERRORS/EXCEPTIONS:\n- No runtime exceptions are expected given the test case input assumes correct format and valid integer inputs. However, the logic inside the nested for-loop `if(P[t][0]!=i)` can lead to `ArrayIndexOutOfBoundsException` if `t` exceeds the length of `P`, which according to the given test case should not happen. This is based on the assumption that the inputs are always correct and within expected ranges as per the problem statement.",
            "test_seed_coverage": [
                ">",
                ">",
                ">",
                ">",
                ">",
                ">",
                ">",
                ">",
                ">",
                ">",
                ">",
                ">",
                ">",
                ">",
                ">",
                ">",
                ">",
                ">",
                ">",
                ">",
                ">",
                ">",
                ">",
                ">",
                ">",
                ">",
                ">",
                ">",
                ">",
                ">",
                ">"
            ],
            "cumulative_coverage": [
                ">",
                ">",
                ">",
                ">",
                ">",
                ">",
                ">",
                ">",
                ">",
                ">",
                ">",
                ">",
                ">",
                ">",
                ">",
                ">",
                ">",
                ">",
                ">",
                ">",
                ">",
                ">",
                ">",
                ">",
                ">",
                ">",
                ">",
                ">",
                ">",
                ">",
                ">"
            ],
            "execution_error": "Exception in thread \"main\" java.lang.ArrayIndexOutOfBoundsException: Index 2 out of bounds for length 2\n\tat Main.run(Main.java:23)\n\tat Main.main(Main.java:5)",
            "cerberus_output": "ArrayIndexOutOfBoundsException",
            "execution_result": "ArrayIndexOutOfBoundsException"
        },
        {
            "test_case": [
                "Test Case Input:\n5\n1 2 3 4 5\n3\n0 10\n1 20\n2 30"
            ],
            "test_mutations": [
                "Test Case Input:\n5\n1 2 3 4 5\n3\n0 10\n1 20\n2 30"
            ],
            "initial_code": "public class Main {\n    public static void main(String[] args) {\n    \tMain main=new Main();\n    \tmain.run();\n    }\n    void run() {\n    \tScanner sc=new Scanner(System.in);\n    \tint N=sc.nextInt();\n    \tint[] T=new int[N];\n    \tfor(int i=0;i<N;i++) {\n    \t\tT[i]=sc.nextInt();\n    \t}\n    \tint M=sc.nextInt();\n    \tint[][] P=new int[M][2];\n    \tfor(int i=0;i<M;i++) {\n    \t\tP[i][0]=sc.nextInt();\n    \t\tP[i][1]=sc.nextInt();\n    \t}\n    \tfor(int t=0;t<N;t++) {\n    \t\tint sum=0;\n\t    \tfor(int i=0;i<M;i++) {\n\t    \t\tif(P[t][0]!=i) {\n\t    \t\t\tsum+=T[i];\n\t    \t\t}else {\n\t    \t\t\tsum+=P[t][1];\n\t    \t\t}\n\t    \t}\n\t    \tSystem.out.println(sum);\n    \t}\n    }\n}",
            "covered_code": "Given the test case input and the Java program, let's develop a plan for step-by-step execution to predict the code coverage:\n\n1. **Class Declaration**: The `Main` class declaration is always executed.\n2. **Main Method Declaration**: The `public static void main(String[] args)` method is always executed.\n3. **Object Creation and Method Call**: The `Main main=new Main();` and `main.run();` lines are always executed.\n4. **run Method Declaration**: The `void run()` method declaration is always executed since it is called from the `main` method.\n5. **Scanner and Variable Initialization**: The `Scanner sc=new Scanner(System.in);`, `int N=sc.nextInt();`, and array declarations `int[] T=new int[N];` and `int[][] P=new int[M][2];` are executed.\n6. **First For Loop for T Array Input**: The loop to input `T` array values `for(int i=0;i<N;i++) {` and its body `T[i]=sc.nextInt();` will be executed for N=5 times as per the input.\n7. **M Value Input and P Array Initialization**: The `int M=sc.nextInt();` and the loop to input `P` array values `for(int i=0;i<M;i++) {` and its body will be executed for M=3 times as per the input.\n8. **Nested For Loops for Calculation and Output**: The outer for loop `for(int t=0;t<N;t++) {` and the inner for loop `for(int i=0;i<M;i++) {` along with the condition check `if(P[t][0]!=i) {` will be executed. However, there's an issue with accessing `P[t][0]` when `t >= M` which may lead to an `ArrayIndexOutOfBoundsException`. Thus, the execution plan needs to account for potential runtime exceptions when t >= M, which is likely given N=5 and M=3.\n9. **Sum Calculation and Output**: Within the nested loops, the sum calculation `sum+=T[i];` or `sum+=P[t][1];` and output `System.out.println(sum);` will be executed depending on the condition.\n\nPredicted Code Coverage:\n\n```\n> public class Main {\n>     public static void main(String[] args) {\n>     \tMain main=new Main();\n>     \tmain.run();\n>     }\n>     void run() {\n>     \tScanner sc=new Scanner(System.in);\n>     \tint N=sc.nextInt();\n>     \tint[] T=new int[N];\n>     \tfor(int i=0;i<N;i++) {\n>     \t\tT[i]=sc.nextInt();\n>     \t}\n>     \tint M=sc.nextInt();\n>     \tint[][] P=new int[M][2];\n>     \tfor(int i=0;i<M;i++) {\n>     \t\tP[i][0]=sc.nextInt();\n>     \t\tP[i][1]=sc.nextInt();\n>     \t}\n>     \tfor(int t=0;t<N;t++) {\n>     \t\tint sum=0;\n> \t    \tfor(int i=0;i<M;i++) {\n> \t    \t\tif(P[t][0]!=i) {\n> \t    \t\t\tsum+=T[i];\n> \t    \t\t}else {\n> \t    \t\t\tsum+=P[t][1];\n> \t    \t\t}\n> \t    \t}\n> \t    \tSystem.out.println(sum);\n>     \t}\n>     }\n> }\n```\nOUTPUT:\nThe code will throw an `ArrayIndexOutOfBoundsException` when `t` in `P[t][0]` becomes equal or greater than `M` due to the mismatch in the dimensions of N and M, specifically when `t >= M`. This exception is a runtime error indicating that the code tried to access an index of the `P` array which is out of bounds, given the discrepancy between the sizes of N and M.\n",
            "test_seed_coverage": [
                ">",
                ">",
                ">",
                ">",
                ">",
                ">",
                ">",
                ">",
                ">",
                ">",
                ">",
                ">",
                ">",
                ">",
                ">",
                ">",
                ">",
                ">",
                ">",
                ">",
                ">",
                ">",
                ">",
                ">",
                ">",
                ">",
                ">",
                ">",
                ">",
                ">",
                ">"
            ],
            "cumulative_coverage": [
                ">",
                ">",
                ">",
                ">",
                ">",
                ">",
                ">",
                ">",
                ">",
                ">",
                ">",
                ">",
                ">",
                ">",
                ">",
                ">",
                ">",
                ">",
                ">",
                ">",
                ">",
                ">",
                ">",
                ">",
                ">",
                ">",
                ">",
                ">",
                ">",
                ">",
                ">"
            ],
            "execution_error": "Exception in thread \"main\" java.lang.ArrayIndexOutOfBoundsException: Index 3 out of bounds for length 3\n\tat Main.run(Main.java:23)\n\tat Main.main(Main.java:5)",
            "cerberus_output": "ArrayIndexOutOfBoundsException",
            "execution_result": "ArrayIndexOutOfBoundsException"
        },
        {
            "test_case": [
                "Test Case Input:\n3\n1\n2\n3\n2\n0 1\n1 2"
            ],
            "test_mutations": [
                "Test Case Input:\n3\n1\n2\n3\n2\n0 1\n1 2"
            ],
            "initial_code": "public class Main {\n    public static void main(String[] args) {\n    \tMain main=new Main();\n    \tmain.run();\n    }\n    void run() {\n    \tScanner sc=new Scanner(System.in);\n    \tint N=sc.nextInt();\n    \tint[] T=new int[N];\n    \tfor(int i=0;i<N;i++) {\n    \t\tT[i]=sc.nextInt();\n    \t}\n    \tint M=sc.nextInt();\n    \tint[][] P=new int[M][2];\n    \tfor(int i=0;i<M;i++) {\n    \t\tP[i][0]=sc.nextInt();\n    \t\tP[i][1]=sc.nextInt();\n    \t}\n    \tfor(int t=0;t<N;t++) {\n    \t\tint sum=0;\n\t    \tfor(int i=0;i<M;i++) {\n\t    \t\tif(P[t][0]!=i) {\n\t    \t\t\tsum+=T[i];\n\t    \t\t}else {\n\t    \t\t\tsum+=P[t][1];\n\t    \t\t}\n\t    \t}\n\t    \tSystem.out.println(sum);\n    \t}\n    }\n}",
            "covered_code": "Plan for step by step execution of the given Java program and test case:\n\n1. The program starts execution with the `main` method where an instance of `Main` class is created, and `run` method is called. These statements are always executed.\n\n2. The `run` method declaration is always executed.\n\n3. The first `Scanner` object creation and the first user input for `N` are always executed.\n\n4. The array `T` is initialized based on the value of `N`, and `N` input values are read into the array `T`. Since `N` is 3 in the test case, the loop will run 3 times, and these statements will be covered.\n\n5. The input for `M` is read, and since `M` is 2 in the test case, the array of arrays `P` is initialized with size `[2][2]`, and two pairs of inputs are read into `P`. These statements will be covered.\n\n6. In the final loop, for each value in `T`, a sum is calculated based on the conditions provided. The loop runs `N` times. Since `N` is 3, this loop and its contents will be executed three times.\n\n7. Inside the final loop, there is a nested loop that runs `M` times for each value of `t`. The condition `if(P[t][0]!=i)` checks if the current index does not match the stored index in `P[t][0]`, then `T[i]` is added to `sum`. Otherwise, `P[t][1]` is added. However, there is a potential issue with accessing `P[t]` when `t >= M` which will result in an `ArrayIndexOutOfBoundsException` because `P` only has `M` elements (2 in this case), and the loop is running for `N` times (3 in this case).\n\nGiven the test case and the potential issue with array index access, let's predict the code coverage and the exception:\n\n> public class Main {\n>     public static void main(String[] args) {\n>     \tMain main=new Main();\n>     \tmain.run();\n>     }\n>     void run() {\n>     \tScanner sc=new Scanner(System.in);\n>     \tint N=sc.nextInt();\n>     \tint[] T=new int[N];\n>     \tfor(int i=0;i<N;i++) {\n>     \t\tT[i]=sc.nextInt();\n>     \t}\n>     \tint M=sc.nextInt();\n>     \tint[][] P=new int[M][2];\n>     \tfor(int i=0;i<M;i++) {\n>     \t\tP[i][0]=sc.nextInt();\n>     \t\tP[i][1]=sc.nextInt();\n>     \t}\n>     \tfor(int t=0;t<N;t++) {\n>     \t\tint sum=0;\n> \t    \tfor(int i=0;i<M;i++) {\n> \t    \t\tif(P[t][0]!=i) {\n> \t    \t\t\tsum+=T[i];\n> \t    \t\t}else {\n> \t    \t\t\tsum+=P[t][1];\n> \t    \t\t}\n> \t    \t}\n> \t    \tSystem.out.println(sum);\n>     \t}\n>     }\n> }\n\nOUTPUT:\nError: ArrayIndexOutOfBoundsException\n\nThis exception occurs because when `t` is equal to or greater than `M` (in this case, when `t` reaches 2), the access to `P[t]` is invalid, leading to an `ArrayIndexOutOfBoundsException`.",
            "test_seed_coverage": [
                ">",
                ">",
                ">",
                ">",
                ">",
                ">",
                ">",
                ">",
                ">",
                ">",
                ">",
                ">",
                ">",
                ">",
                ">",
                ">",
                ">",
                ">",
                ">",
                ">",
                ">",
                ">",
                ">",
                ">",
                ">",
                ">",
                ">",
                ">",
                ">",
                ">",
                ">"
            ],
            "cumulative_coverage": [
                ">",
                ">",
                ">",
                ">",
                ">",
                ">",
                ">",
                ">",
                ">",
                ">",
                ">",
                ">",
                ">",
                ">",
                ">",
                ">",
                ">",
                ">",
                ">",
                ">",
                ">",
                ">",
                ">",
                ">",
                ">",
                ">",
                ">",
                ">",
                ">",
                ">",
                ">"
            ],
            "execution_error": "Exception in thread \"main\" java.lang.ArrayIndexOutOfBoundsException: Index 2 out of bounds for length 2\n\tat Main.run(Main.java:23)\n\tat Main.main(Main.java:5)",
            "cerberus_output": "ArrayIndexOutOfBoundsException",
            "execution_result": "ArrayIndexOutOfBoundsException"
        },
        {
            "test_case": [
                "Test Case Input:\n3\n1\n2\n3\n2\n0 2\n1 3"
            ],
            "test_mutations": [
                "Test Case Input:\n3\n1\n2\n3\n2\n0 2\n1 3"
            ],
            "initial_code": "public class Main {\n    public static void main(String[] args) {\n    \tMain main=new Main();\n    \tmain.run();\n    }\n    void run() {\n    \tScanner sc=new Scanner(System.in);\n    \tint N=sc.nextInt();\n    \tint[] T=new int[N];\n    \tfor(int i=0;i<N;i++) {\n    \t\tT[i]=sc.nextInt();\n    \t}\n    \tint M=sc.nextInt();\n    \tint[][] P=new int[M][2];\n    \tfor(int i=0;i<M;i++) {\n    \t\tP[i][0]=sc.nextInt();\n    \t\tP[i][1]=sc.nextInt();\n    \t}\n    \tfor(int t=0;t<N;t++) {\n    \t\tint sum=0;\n\t    \tfor(int i=0;i<M;i++) {\n\t    \t\tif(P[t][0]!=i) {\n\t    \t\t\tsum+=T[i];\n\t    \t\t}else {\n\t    \t\t\tsum+=P[t][1];\n\t    \t\t}\n\t    \t}\n\t    \tSystem.out.println(sum);\n    \t}\n    }\n}",
            "covered_code": "Given the test case input \"3\\n1\\n2\\n3\\n2\\n0 2\\n1 3\", let's develop a plan for step by step execution of the Java program and predict the code coverage. Here's the plan:\n\n1. **Class Declaration**: The class declaration \"public class Main\" is always executed.\n\n2. **Main method execution**: The \"public static void main(String[] args)\" method is always executed.\n\n3. **Object creation and method call**: The statement \"Main main=new Main();\" and \"main.run();\" are always executed.\n\n4. **'run' method declaration and execution**: The declaration and execution of the 'run' method are always covered.\n\n5. **Scanner object creation**: The statement \"Scanner sc=new Scanner(System.in);\" is executed.\n\n6. **Reading the first input 'N'**: The statement \"int N=sc.nextInt();\" reads the first value of 'N' which is 3.\n\n7. **Array 'T' initialization and population**: The array 'T' is initialized with size N and populated in a loop that runs N times. All these statements are executed.\n\n8. **Reading the second input 'M'**: The statement \"int M=sc.nextInt();\" reads the value of 'M', which is 2.\n\n9. **2D Array 'P' initialization and population**: The 2D array 'P' is initialized with dimensions [M][2] and populated in a loop that runs M times. All these statements are executed.\n\n10. **Nested loops for calculation**:\n    - The outer loop runs for each element in 'N'.\n    - The inner loop runs for each pair in 'M'.\n    - The condition \"if(P[t][0]!=i)\" checks if the current pair's first element matches the loop index. All statements within these loops are executed.\n\n11. **Print statements within the loop**: The \"System.out.println(sum);\" statement is executed N times.\n\n12. **Closing the Scanner**: Not explicitly mentioned, but if it were there, it would be executed unless an exception occurs before reaching that point.\n\n13. **Edge cases and exceptions**: Given the input, there doesn't seem to be any place where an unhandled exception would be thrown. The program will run through all its statements based on the given input.\n\nBased on the plan, here's the code coverage:\n\n```\n> public class Main {\n>     public static void main(String[] args) {\n>     \tMain main=new Main();\n>     \tmain.run();\n>     }\n>     void run() {\n>     \tScanner sc=new Scanner(System.in);\n>     \tint N=sc.nextInt();\n>     \tint[] T=new int[N];\n>     \tfor(int i=0;i<N;i++) {\n>     \t\tT[i]=sc.nextInt();\n>     \t}\n>     \tint M=sc.nextInt();\n>     \tint[][] P=new int[M][2];\n>     \tfor(int i=0;i<M;i++) {\n>     \t\tP[i][0]=sc.nextInt();\n>     \t\tP[i][1]=sc.nextInt();\n>     \t}\n>     \tfor(int t=0;t<N;t++) {\n>     \t\tint sum=0;\n> \t    \tfor(int i=0;i<M;i++) {\n> \t    \t\tif(P[t][0]!=i) {\n> \t    \t\t\tsum+=T[i];\n> \t    \t\t}else {\n> \t    \t\t\tsum+=P[t][1];\n> \t    \t\t}\n> \t    \t}\n> \t    \tSystem.out.println(sum);\n>     \t}\n>     }\n> }\n```\nOutput: No runtime exceptions are raised based on the given input.",
            "test_seed_coverage": [
                ">",
                ">",
                ">",
                ">",
                ">",
                ">",
                ">",
                ">",
                ">",
                ">",
                ">",
                ">",
                ">",
                ">",
                ">",
                ">",
                ">",
                ">",
                ">",
                ">",
                ">",
                ">",
                ">",
                ">",
                ">",
                ">",
                ">",
                ">",
                ">",
                ">",
                ">"
            ],
            "cumulative_coverage": [
                ">",
                ">",
                ">",
                ">",
                ">",
                ">",
                ">",
                ">",
                ">",
                ">",
                ">",
                ">",
                ">",
                ">",
                ">",
                ">",
                ">",
                ">",
                ">",
                ">",
                ">",
                ">",
                ">",
                ">",
                ">",
                ">",
                ">",
                ">",
                ">",
                ">",
                ">"
            ],
            "execution_error": "Exception in thread \"main\" java.lang.ArrayIndexOutOfBoundsException: Index 2 out of bounds for length 2\n\tat Main.run(Main.java:23)\n\tat Main.main(Main.java:5)",
            "cerberus_output": "",
            "execution_result": "ArrayIndexOutOfBoundsException"
        },
        {
            "test_case": [
                "Test Case Input:\n3\n1\n2\n3\n2\n0 5\n1 10"
            ],
            "test_mutations": [
                "Test Case Input:\n3\n1\n2\n3\n2\n0 5\n1 10"
            ],
            "initial_code": "public class Main {\n    public static void main(String[] args) {\n    \tMain main=new Main();\n    \tmain.run();\n    }\n    void run() {\n    \tScanner sc=new Scanner(System.in);\n    \tint N=sc.nextInt();\n    \tint[] T=new int[N];\n    \tfor(int i=0;i<N;i++) {\n    \t\tT[i]=sc.nextInt();\n    \t}\n    \tint M=sc.nextInt();\n    \tint[][] P=new int[M][2];\n    \tfor(int i=0;i<M;i++) {\n    \t\tP[i][0]=sc.nextInt();\n    \t\tP[i][1]=sc.nextInt();\n    \t}\n    \tfor(int t=0;t<N;t++) {\n    \t\tint sum=0;\n\t    \tfor(int i=0;i<M;i++) {\n\t    \t\tif(P[t][0]!=i) {\n\t    \t\t\tsum+=T[i];\n\t    \t\t}else {\n\t    \t\t\tsum+=P[t][1];\n\t    \t\t}\n\t    \t}\n\t    \tSystem.out.println(sum);\n    \t}\n    }\n}",
            "covered_code": "Given the test case input `3\\n1\\n2\\n3\\n2\\n0 5\\n1 10` and the Java program provided, we will develop a plan for step by step execution to predict the code coverage. The given input corresponds to `N=3` with time values `1, 2, 3`, and `M=2` with modifications `0 5` and `1 10`.\n\n**Plan:**\n\n1. **Class and Main Method Execution:** The `public class Main` and its `public static void main(String[] args)` method are always executed. The instantiation of `Main` and the call to `main.run();` are also executed.\n\n2. **Run Method Execution:** The `run()` method is invoked, thus it is executed.\n\n3. **Scanner and User Input Reading:** The creation of a `Scanner` object and reading input for `N`, the `T` array, and `M`, and the `P` matrix are executed as part of the program's input reading process.\n\n4. **For Loop for Reading `T` Array:** The loop that reads the `T` array values is executed for `N=3` times, filling the array with `1, 2, 3`.\n\n5. **For Loop for Reading `P` Matrix:** The loop that reads the `P` matrix values is executed for `M=2` times, filling the matrix with `[0, 5]` and `[1, 10]`.\n\n6. **Nested For Loops for Calculating and Printing Sums:** The outer loop runs for `N=3` times. The inner loop runs for `M=2` times for each iteration of the outer loop. The calculation of `sum` and the printing of the result are executed in each iteration.\n\n7. **Error Handling:** Given the provided inputs and operations, no exceptions or errors are expected to arise from the execution of this program.\n\n**Predicted Code Coverage:**\n\n```java\n> public class Main {\n>     public static void main(String[] args) {\n>     \tMain main=new Main();\n>     \tmain.run();\n>     }\n>     void run() {\n>     \tScanner sc=new Scanner(System.in);\n>     \tint N=sc.nextInt();\n>     \tint[] T=new int[N];\n>     \tfor(int i=0;i<N;i++) {\n>     \t\tT[i]=sc.nextInt();\n>     \t}\n>     \tint M=sc.nextInt();\n>     \tint[][] P=new int[M][2];\n>     \tfor(int i=0;i<M;i++) {\n>     \t\tP[i][0]=sc.nextInt();\n>     \t\tP[i][1]=sc.nextInt();\n>     \t}\n>     \tfor(int t=0;t<N;t++) {\n>     \t\tint sum=0;\n> \t    \tfor(int i=0;i<M;i++) {\n> \t    \t\tif(P[t][0]!=i) {\n> \t    \t\t\tsum+=T[i];\n> \t    \t\t}else {\n> \t    \t\t\tsum+=P[t][1];\n> \t    \t\t}\n> \t    \t}\n> \t    \tSystem.out.println(sum);\n>     \t}\n>     }\n> }\n```\n\n**OUTPUT:** No errors are expected from this execution.\n\nAll statements in the provided Java program are executed following the provided plan, assuming that the input is correctly parsed as described and that there are no runtime exceptions (e.g., `ArrayIndexOutOfBoundsException` or `InputMismatchException`).",
            "test_seed_coverage": [
                ">",
                ">",
                ">",
                ">",
                ">",
                ">",
                ">",
                ">",
                ">",
                ">",
                ">",
                ">",
                ">",
                ">",
                ">",
                ">",
                ">",
                ">",
                ">",
                ">",
                ">",
                ">",
                ">",
                ">",
                ">",
                ">",
                ">",
                ">",
                ">",
                ">",
                ">"
            ],
            "cumulative_coverage": [
                ">",
                ">",
                ">",
                ">",
                ">",
                ">",
                ">",
                ">",
                ">",
                ">",
                ">",
                ">",
                ">",
                ">",
                ">",
                ">",
                ">",
                ">",
                ">",
                ">",
                ">",
                ">",
                ">",
                ">",
                ">",
                ">",
                ">",
                ">",
                ">",
                ">",
                ">"
            ],
            "execution_error": "Exception in thread \"main\" java.lang.ArrayIndexOutOfBoundsException: Index 2 out of bounds for length 2\n\tat Main.run(Main.java:23)\n\tat Main.main(Main.java:5)",
            "cerberus_output": "InputMismatchException, ArrayIndexOutOfBoundsException",
            "execution_result": "ArrayIndexOutOfBoundsException"
        },
        {
            "test_case": [
                "Test Case Input:\n2\n10\n20\n2\n0 5\n1 10"
            ],
            "test_mutations": [
                "Test Case Input:\n2\n10\n20\n2\n0 5\n1 10"
            ],
            "initial_code": "public class Main {\n    public static void main(String[] args) {\n    \tMain main=new Main();\n    \tmain.run();\n    }\n    void run() {\n    \tScanner sc=new Scanner(System.in);\n    \tint N=sc.nextInt();\n    \tint[] T=new int[N];\n    \tfor(int i=0;i<N;i++) {\n    \t\tT[i]=sc.nextInt();\n    \t}\n    \tint M=sc.nextInt();\n    \tint[][] P=new int[M][2];\n    \tfor(int i=0;i<M;i++) {\n    \t\tP[i][0]=sc.nextInt();\n    \t\tP[i][1]=sc.nextInt();\n    \t}\n    \tfor(int t=0;t<N;t++) {\n    \t\tint sum=0;\n\t    \tfor(int i=0;i<M;i++) {\n\t    \t\tif(P[t][0]!=i) {\n\t    \t\t\tsum+=T[i];\n\t    \t\t}else {\n\t    \t\t\tsum+=P[t][1];\n\t    \t\t}\n\t    \t}\n\t    \tSystem.out.println(sum);\n    \t}\n    }\n}",
            "covered_code": "Given the test case input and the Java program, let's develop a plan for step by step execution to predict the code coverage.\n\n### Plan for Step by Step Execution:\n1. **Main Class and Main Method Execution**: \n    - The class `Main` and its `public static void main(String[] args)` method are always executed.\n2. **Instance Creation and Method Call**:\n    - The instance creation `Main main=new Main();` and the method call `main.run();` are executed.\n3. **Run Method Declaration**:\n    - The declaration of the `void run()` method is executed as part of the method call in the main method.\n4. **Scanner and User Input**:\n    - The `Scanner` instantiation and the reading of `N` are executed.\n5. **Array T Population**:\n    - The population of the array `T` with `N` integers is executed.\n6. **Reading M and Populating P**:\n    - The reading of `M` and the population of the 2D array `P` with `M` pairs of integers are executed.\n7. **Nested Loops for Calculation and Output**:\n    - The nested loops for calculation of `sum` and printing the result are executed.\n\n### Predicted Code Coverage:\nBased on the plan, here is the code coverage indication:\n```\n> public class Main {\n>     public static void main(String[] args) {\n>     \tMain main=new Main();\n>     \tmain.run();\n>     }\n>     void run() {\n>     \tScanner sc=new Scanner(System.in);\n>     \tint N=sc.nextInt();\n>     \tint[] T=new int[N];\n>     \tfor(int i=0;i<N;i++) {\n>     \t\tT[i]=sc.nextInt();\n>     \t}\n>     \tint M=sc.nextInt();\n>     \tint[][] P=new int[M][2];\n>     \tfor(int i=0;i<M;i++) {\n>     \t\tP[i][0]=sc.nextInt();\n>     \t\tP[i][1]=sc.nextInt();\n>     \t}\n>     \tfor(int t=0;t<N;t++) {\n>     \t\tint sum=0;\n> \t    \tfor(int i=0;i<M;i++) {\n! \t    \t\tif(P[t][0]!=i) {\n> \t    \t\t\tsum+=T[i];\n! \t    \t\t}else {\n> \t    \t\t\tsum+=P[t][1];\n> \t    \t\t}\n> \t    \t}\n> \t    \tSystem.out.println(sum);\n>     \t}\n>     }\n> }\n```\n### Explanation:\n- All the lines in the `Main` class and the `run` method are executed based on the given test case input.\n- The conditional inside the nested loop is executed for both conditions; hence, all lines are marked as executed (`>`).\n- Assuming the input is correctly formatted and matches the provided test case input, there should be no runtime errors directly related to the input processing.\n\n### Error and Misinterpretation Correction:\n- The original plan did not account for potential errors or exceptions directly. However, based on the provided test case and the structure of the code, there's no indication of exceptions like `InputMismatchException` or `NoSuchElementException` which would typically arise from incorrect input handling.\n- Important to note, there's a logical error in the program: the condition `if(P[t][0]!=i)` and accessing `P[t][1]` will cause an `ArrayIndexOutOfBoundsException` for `t >= M` since `t` is indexed based on `N` and `P` is based on `M`. This error was overlooked in the initial plan and coverage prediction. Thus, for test cases where `N > M`, the program will throw an `ArrayIndexOutOfBoundsException`.",
            "test_seed_coverage": [
                ">",
                ">",
                ">",
                ">",
                ">",
                ">",
                ">",
                ">",
                ">",
                ">",
                ">",
                ">",
                ">",
                ">",
                ">",
                ">",
                ">",
                ">",
                ">",
                ">",
                ">",
                ">",
                ">",
                ">",
                ">",
                ">",
                ">",
                ">",
                ">",
                ">",
                ">"
            ],
            "cumulative_coverage": [
                ">",
                ">",
                ">",
                ">",
                ">",
                ">",
                ">",
                ">",
                ">",
                ">",
                ">",
                ">",
                ">",
                ">",
                ">",
                ">",
                ">",
                ">",
                ">",
                ">",
                ">",
                ">",
                ">",
                ">",
                ">",
                ">",
                ">",
                ">",
                ">",
                ">",
                ">"
            ],
            "execution_output": "25\n20",
            "cerberus_output": "InputMismatchException, NoSuchElementException, ArrayIndexOutOfBoundsException",
            "execution_result": ""
        },
        {
            "test_case": [
                "Test Case Input:\n2\n1\n2\n2\n3 4\n5 6"
            ],
            "test_mutations": [
                "Test Case Input:\n2\n1\n2\n2\n3 4\n5 6"
            ],
            "initial_code": "public class Main {\n    public static void main(String[] args) {\n    \tMain main=new Main();\n    \tmain.run();\n    }\n    void run() {\n    \tScanner sc=new Scanner(System.in);\n    \tint N=sc.nextInt();\n    \tint[] T=new int[N];\n    \tfor(int i=0;i<N;i++) {\n    \t\tT[i]=sc.nextInt();\n    \t}\n    \tint M=sc.nextInt();\n    \tint[][] P=new int[M][2];\n    \tfor(int i=0;i<M;i++) {\n    \t\tP[i][0]=sc.nextInt();\n    \t\tP[i][1]=sc.nextInt();\n    \t}\n    \tfor(int t=0;t<N;t++) {\n    \t\tint sum=0;\n\t    \tfor(int i=0;i<M;i++) {\n\t    \t\tif(P[t][0]!=i) {\n\t    \t\t\tsum+=T[i];\n\t    \t\t}else {\n\t    \t\t\tsum+=P[t][1];\n\t    \t\t}\n\t    \t}\n\t    \tSystem.out.println(sum);\n    \t}\n    }\n}",
            "covered_code": "To predict the code coverage for the given Java program based on the provided test case input, let's follow the plan step by step:\n\n**Test Case Input:** `2` (N value), `1 2` (T values), `3` (M value), `4 5 6` (P values arranged in 3 rows and 2 columns)\n\n**1. Program Execution Begins:** Main class and main method execution are always covered.\n> public class Main {\n>     public static void main(String[] args) {\n\n**2. Object Creation and run Method Call:** Since an instance of Main is created and run method is called, these statements are covered.\n>     Main main=new Main();\n>     main.run();\n\n**3. Scanner and Input Reading:** The Scanner object creation and reading inputs for `N`, `T`, `M`, and `P` arrays are executed as per the test case.\n>     Scanner sc=new Scanner(System.in);\n>     int N=sc.nextInt(); // N=2\n>     int[] T=new int[N]; // T[] = {1, 2}\n>     for(int i=0;i<N;i++) {\n>         T[i]=sc.nextInt();\n>     }\n>     int M=sc.nextInt(); // M=3\n>     int[][] P=new int[M][2]; // P[][] = {{3, 4}, {5, 6}}\n>     for(int i=0;i<M;i++) {\n>         P[i][0]=sc.nextInt();\n>         P[i][1]=sc.nextInt();\n>     }\n\n**4. Processing and Output:** The process of summing T and P values based on conditions and printing the sums will be executed. Given N=2 and M=3, these loops are fully covered. However, there's an error in accessing `P[t][0]` when `t >= M` because the `P` array is indexed based on `M` not `N`. This will result in an `ArrayIndexOutOfBoundsException` for `t >= M` when `N > M`. In this case, `N=2` and `M=3`, so all iterations will be executed without error because `t` will never exceed `M-1`.\n>     for(int t=0;t<N;t++) {\n>         int sum=0;\n>         for(int i=0;i<M;i++) {\n>             if(P[t][0]!=i) {\n>                 sum+=T[i];\n>             }else {\n>                 sum+=P[t][1];\n>             }\n>         }\n>         System.out.println(sum);\n>     }\n\n**Code Coverage:**\n\nBased on the execution flow, all parts of the program are executed due to the successful completion of input operations and the for-loop iterations that follow the logic without encountering index out-of-bound issues for the given input.\n\nHence, the code coverage is:\n> All executable statements are covered, assuming no syntactical mistakes in transcription of the program or misunderstanding of the provided test case structure (especially how `P` values are read, which seems to be a point of confusion as the test case input format does not match the expected 2D array input for `P`). \n\n**Note:** There's a potential misunderstanding in interpreting the test case input for `P` values, as the format provided in the test case does not directly align with the expected input structure for a 2D array. The explanation assumes a corrected understanding of the input to match the execution plan.",
            "test_seed_coverage": [
                ">",
                ">",
                ">",
                ">",
                ">",
                ">",
                ">",
                ">",
                ">",
                ">",
                ">",
                ">",
                ">",
                ">",
                ">",
                ">",
                ">",
                ">",
                ">",
                ">",
                ">",
                ">",
                ">",
                ">",
                ">",
                ">",
                ">",
                ">",
                ">",
                ">",
                ">"
            ],
            "cumulative_coverage": [
                ">",
                ">",
                ">",
                ">",
                ">",
                ">",
                ">",
                ">",
                ">",
                ">",
                ">",
                ">",
                ">",
                ">",
                ">",
                ">",
                ">",
                ">",
                ">",
                ">",
                ">",
                ">",
                ">",
                ">",
                ">",
                ">",
                ">",
                ">",
                ">",
                ">",
                ">"
            ],
            "execution_output": "3\n3",
            "cerberus_output": "ArrayIndexOutOfBoundsException",
            "execution_result": ""
        },
        {
            "test_case": [
                "Test Case Input:\n3\n1\n2\n3\n2\n0 1\n1 2"
            ],
            "test_mutations": [
                "Test Case Input:\n3\n1\n2\n3\n2\n0 1\n1 2"
            ],
            "initial_code": "public class Main {\n    public static void main(String[] args) {\n    \tMain main=new Main();\n    \tmain.run();\n    }\n    void run() {\n    \tScanner sc=new Scanner(System.in);\n    \tint N=sc.nextInt();\n    \tint[] T=new int[N];\n    \tfor(int i=0;i<N;i++) {\n    \t\tT[i]=sc.nextInt();\n    \t}\n    \tint M=sc.nextInt();\n    \tint[][] P=new int[M][2];\n    \tfor(int i=0;i<M;i++) {\n    \t\tP[i][0]=sc.nextInt();\n    \t\tP[i][1]=sc.nextInt();\n    \t}\n    \tfor(int t=0;t<N;t++) {\n    \t\tint sum=0;\n\t    \tfor(int i=0;i<M;i++) {\n\t    \t\tif(P[t][0]!=i) {\n\t    \t\t\tsum+=T[i];\n\t    \t\t}else {\n\t    \t\t\tsum+=P[t][1];\n\t    \t\t}\n\t    \t}\n\t    \tSystem.out.println(sum);\n    \t}\n    }\n}",
            "covered_code": "The plan for step-by-step execution of the given Java program with the test case input `3 1 2 3 2 0 1 1 2` is as follows:\n\n1. **Main class and main method execution:** Always executed.\n   - `public class Main {` and `public static void main(String[] args) {` are covered.\n\n2. **Creation of Main object and call to `run` method:** Always executed.\n   - `Main main=new Main();` and `main.run();` are covered.\n\n3. **Execution of `run` method:**\n   - Execution starts with the `run` method declaration, which is always executed: `void run() {` is covered.\n\n4. **Reading the number of elements (N) and populating the array (T):** Since N=3, the loop for reading T elements will execute three times.\n   - Statements within this loop: `T[i]=sc.nextInt();` for `i=0, 1, 2` are all covered.\n\n5. **Reading the number of operations (M) and populating the operations array (P):** Since M=2, the loop for reading P elements will execute two times.\n   - Statements within this loop: `P[i][0]=sc.nextInt(); P[i][1]=sc.nextInt();` for `i=0, 1` are all covered.\n\n6. **Execution of the outer loop for calculating the sum:** Since N=3, the outer loop will execute three times.\n   - The outer for loop: `for(int t=0;t<N;t++) {` is covered.\n\n7. **Execution of the inner loop for sum calculation:**\n   - The inner for loop: `for(int i=0;i<M;i++) {` is covered for each iteration of the outer loop.\n\n8. **Condition check within inner loop and sum calculation:**\n   - The condition `if(P[t][0]!=i)` will be executed for each combination of `t` and `i`. However, there is a potential issue when `t >= M` because `P[t]` will throw an `ArrayIndexOutOfBoundsException` since `P` is of size `M` and the loop is iterating based on `N`.\n\n9. **Printing the sum:** The `System.out.println(sum);` statement is intended to be executed N times, but due to the potential `ArrayIndexOutOfBoundsException`, it might not execute for all values of `t`.\n\nGiven the test case and based on the above plan, let's predict the code coverage and identify any runtime exceptions.\n\n- Since the test case leads to an attempt to access an index of `P` that is out of bounds when `t >= M` (specifically when `t=2` and `M=2`), a runtime exception (`ArrayIndexOutOfBoundsException`) will be raised during the execution of the inner loop in the third iteration of the outer loop.\n\nPredicted Code Coverage:\n```\n> public class Main {\n>     public static void main(String[] args) {\n>     \tMain main=new Main();\n>     \tmain.run();\n>     }\n>     void run() {\n>     \tScanner sc=new Scanner(System.in);\n>     \tint N=sc.nextInt();\n>     \tint[] T=new int[N];\n>     \tfor(int i=0;i<N;i++) {\n>     \t\tT[i]=sc.nextInt();\n>     \t}\n>     \tint M=sc.nextInt();\n>     \tint[][] P=new int[M][2];\n>     \tfor(int i=0;i<M;i++) {\n>     \t\tP[i][0]=sc.nextInt();\n>     \t\tP[i][1]=sc.nextInt();\n>     \t}\n>     \tfor(int t=0;t<N;t++) {\n>     \t\tint sum=0;\n> \t    \tfor(int i=0;i<M;i++) {\n> \t    \t\tif(P[t][0]!=i) {\n> \t    \t\t\tsum+=T[i];\n> \t    \t\t}else {\n> \t    \t\t\tsum+=P[t][1];\n> \t    \t\t}\n> \t    \t}\n> \t    \tSystem.out.println(sum);\n>     \t}\n>     }\n> }\n```\nOUTPUT:\nError: `ArrayIndexOutOfBoundsException`\n\nThis analysis shows that all parts of the program except the parts after the point where the exception is raised are executed. The exception prevents further execution and printing of sums for values of `t` where `t >= M`.",
            "test_seed_coverage": [
                ">",
                ">",
                ">",
                ">",
                ">",
                ">",
                ">",
                ">",
                ">",
                ">",
                ">",
                ">",
                ">",
                ">",
                ">",
                ">",
                ">",
                ">",
                ">",
                ">",
                ">",
                ">",
                ">",
                ">",
                ">",
                ">",
                ">",
                ">",
                ">",
                ">",
                ">"
            ],
            "cumulative_coverage": [
                ">",
                ">",
                ">",
                ">",
                ">",
                ">",
                ">",
                ">",
                ">",
                ">",
                ">",
                ">",
                ">",
                ">",
                ">",
                ">",
                ">",
                ">",
                ">",
                ">",
                ">",
                ">",
                ">",
                ">",
                ">",
                ">",
                ">",
                ">",
                ">",
                ">",
                ">"
            ],
            "execution_error": "Exception in thread \"main\" java.lang.ArrayIndexOutOfBoundsException: Index 2 out of bounds for length 2\n\tat Main.run(Main.java:23)\n\tat Main.main(Main.java:5)",
            "cerberus_output": "ArrayIndexOutOfBoundsException",
            "execution_result": "ArrayIndexOutOfBoundsException"
        },
        {
            "test_case": [
                "Test Case Input:\n2\n5\n3\n1 2\n2 3"
            ],
            "test_mutations": [
                "Test Case Input:\n2\n5\n3\n1 2\n2 3"
            ],
            "initial_code": "public class Main {\n    public static void main(String[] args) {\n    \tMain main=new Main();\n    \tmain.run();\n    }\n    void run() {\n    \tScanner sc=new Scanner(System.in);\n    \tint N=sc.nextInt();\n    \tint[] T=new int[N];\n    \tfor(int i=0;i<N;i++) {\n    \t\tT[i]=sc.nextInt();\n    \t}\n    \tint M=sc.nextInt();\n    \tint[][] P=new int[M][2];\n    \tfor(int i=0;i<M;i++) {\n    \t\tP[i][0]=sc.nextInt();\n    \t\tP[i][1]=sc.nextInt();\n    \t}\n    \tfor(int t=0;t<N;t++) {\n    \t\tint sum=0;\n\t    \tfor(int i=0;i<M;i++) {\n\t    \t\tif(P[t][0]!=i) {\n\t    \t\t\tsum+=T[i];\n\t    \t\t}else {\n\t    \t\t\tsum+=P[t][1];\n\t    \t\t}\n\t    \t}\n\t    \tSystem.out.println(sum);\n    \t}\n    }\n}",
            "covered_code": "Given the test case input `2 5 3 1 2 2 3` and the Java program, the following is the step-by-step execution plan and predicted code coverage:\n\n1. **Main Class Declaration**: always executed.\n   > public class Main {\n\n2. **Main method declaration and execution**: always executed.\n   > public static void main(String[] args) {\n\n3. **Instance of Main class and run method call**: always executed.\n   > Main main=new Main();\n   > main.run();\n\n4. **run method declaration**: always executed since it is called from the main method.\n   > void run() {\n\n5. **Scanner object creation**: always executed.\n   > Scanner sc=new Scanner(System.in);\n\n6. **User input for N (number of T elements)**: always executed.\n   > int N=sc.nextInt();\n\n7. **Array T declaration and initialization**: always executed.\n   > int[] T=new int[N];\n\n8. **For loop to populate T[]**: executed N times (N=2 in the test case).\n   > for(int i=0;i<N;i++) {\n   >     T[i]=sc.nextInt();\n   > }\n\n9. **User input for M (number of P elements)**: always executed.\n   > int M=sc.nextInt();\n\n10. **Array P declaration and initialization**: always executed.\n    > int[][] P=new int[M][2];\n\n11. **For loop to populate P[][]**: executed M times (M=2 in the test case).\n    > for(int i=0;i<M;i++) {\n    >     P[i][0]=sc.nextInt();\n    >     P[i][1]=sc.nextInt();\n    > }\n\n12. **Outer for loop for printing sum**: executed N times.\n    > for(int t=0;t<N;t++) {\n\n13. **Inner for loop and if condition**: The if condition inside the inner for loop is executed M times for each value of t. However, there's a logical error in `if(P[t][0]!=i)`. Since `t` goes from `0` to `N-1`, and `P` is indexed with `t` in the condition, it will cause an `ArrayIndexOutOfBoundsException` when `t` is greater than `M-1`. Given the inputs, when `t=1`, an exception will be raised because `P[1][0]` access is valid but `P[2][...]` would cause an error when `t=2`, which is not in the bounds of the loop due to `N=2` and `M=2`, thus no exception in this specific case.\n    > if(P[t][0]!=i) {\n    >     sum+=T[i];\n    > } else {\n    >     sum+=P[t][1];\n    > }\n\n14. **Print statement within the outer for loop**: executed N times.\n    > System.out.println(sum);\n\n15. **Closing brackets and end of method and class declaration**: always executed.\n\n**Predicted Code Coverage:**\n\n```\n> public class Main {\n>     public static void main(String[] args) {\n>         Main main=new Main();\n>         main.run();\n>     }\n>     void run() {\n>         Scanner sc=new Scanner(System.in);\n>         int N=sc.nextInt();\n>         int[] T=new int[N];\n>         for(int i=0;i<N;i++) {\n>             T[i]=sc.nextInt();\n>         }\n>         int M=sc.nextInt();\n>         int[][] P=new int[M][2];\n>         for(int i=0;i<M;i++) {\n>             P[i][0]=sc.nextInt();\n>             P[i][1]=sc.nextInt();\n>         }\n>         for(int t=0;t<N;t++) {\n>             int sum=0;\n>             for(int i=0;i<M;i++) {\n>                 if(P[t][0]!=i) {\n>                     sum+=T[i];\n>                 } else {\n>                     sum+=P[t][1];\n>                 }\n>             }\n>             System.out.println(sum);\n>         }\n>     }\n> }\n```\n\nAll lines within the run method are covered since the test case fits within the bounds of the program's logic, and there's no condition causing an early exit or exception within the provided scenario.",
            "test_seed_coverage": [
                ">",
                ">",
                ">",
                ">",
                ">",
                ">",
                ">",
                ">",
                ">",
                ">",
                ">",
                ">",
                ">",
                ">",
                ">",
                ">",
                ">",
                ">",
                ">",
                ">",
                ">",
                ">",
                ">",
                ">",
                ">",
                ">",
                ">",
                ">",
                ">",
                ">",
                ">",
                ">",
                ">",
                ">",
                ">",
                ">",
                ">",
                ">",
                ">",
                ">",
                ">",
                ">",
                ">",
                ">",
                ">",
                ">",
                ">",
                ">",
                ">",
                ">",
                ">",
                ">",
                ">",
                ">",
                ">"
            ],
            "cumulative_coverage": [
                ">",
                ">",
                ">",
                ">",
                ">",
                ">",
                ">",
                ">",
                ">",
                ">",
                ">",
                ">",
                ">",
                ">",
                ">",
                ">",
                ">",
                ">",
                ">",
                ">",
                ">",
                ">",
                ">",
                ">",
                ">",
                ">",
                ">",
                ">",
                ">",
                ">",
                ">",
                ">",
                ">",
                ">",
                ">",
                ">",
                ">",
                ">",
                ">",
                ">",
                ">",
                ">",
                ">",
                ">",
                ">",
                ">",
                ">",
                ">",
                ">",
                ">",
                ">",
                ">",
                ">",
                ">",
                ">"
            ],
            "execution_error": "Exception in thread \"main\" java.lang.ArrayIndexOutOfBoundsException: Index 1 out of bounds for length 1\n\tat Main.run(Main.java:23)\n\tat Main.main(Main.java:5)",
            "cerberus_output": "ArrayIndexOutOfBoundsException",
            "execution_result": "ArrayIndexOutOfBoundsException"
        }
    ]
}