{
    "submission_id": "s901999206",
    "cycles": [
        {
            "test_case": [
                "Test Case Input:\n3 3 5\n1 2 3 4\n5 6 7 8\n9 10 11 12"
            ],
            "test_mutations": [
                "Test Case Input:\n3 3 5\n1 2 3 4\n5 6 7 8\n9 10 11 12"
            ],
            "initial_code": "public class Main\n{\n    static BufferedReader br;\n    static BufferedWriter bw;\n    static void solve()throws Exception\n    {\n        int nmx[] = Arrays.stream(br.readLine().split(\" \")).mapToInt(Integer::parseInt).toArray();\n        int n = nmx[0];\n        int m = nmx[1];\n        int x = nmx[2];\n        int A[][] = new int[n][m+1];\n        for(int i=0;i<n;i++)\n        {\n            A[i] = Arrays.stream(br.readLine().split(\" \")).mapToInt(Integer::parseInt).toArray();\n        }\n        int ans = Integer.MAX_VALUE;\n        for(int i=0;i<(1<<n);i++)\n        {\n            ArrayList<Integer> al = new ArrayList<Integer>();\n            for(int j=0;j<n;j++)\n            {\n                if(((i>>j)&1)==1)\n                al.add(j);\n            }\n            int a=0,b=0,c=0;\n            int cost = 0;\n            for(int temp:al)\n            {\n                a += A[temp][1];\n                b +=A[temp][2];\n                c +=A[temp][3];\n                cost+=A[temp][0];\n            }\n            if(a>=x && b>=x && c>=x)\n            ans = Math.min(ans,cost);\n        }\n        if(ans == Integer.MAX_VALUE)\n        ans = -1;\n        bw.write(Integer.toString(ans));\n    }\n    public static void main(String []args)throws Exception\n    {\n        br = new BufferedReader(new InputStreamReader(System.in));\n        bw = new BufferedWriter(new OutputStreamWriter(System.out));\n        solve();\n        br.close();\n        bw.close();\n    }\n}",
            "covered_code": "Given the constraints and inputs from the test case, let's develop a plan to determine the code coverage for the provided Java program. The test case input indicates that the program will read certain values and process them according to the logic defined in the `solve` method.\n\n### Plan:\n\n1. **Initialization and Reading Inputs**: The program initializes `BufferedReader` and `BufferedWriter` for reading inputs and writing outputs, respectively. It then calls the `solve` function.\n    - Coverage: All initialization lines and the call to `solve()` are executed.\n\n2. **Reading the First Line**: The first line, which contains `n`, `m`, and `x`, is read and processed.\n    - Coverage: This line is executed since it's the initial action in the `solve` method.\n\n3. **Reading Matrix A**: The program reads `n` lines of inputs, each containing `m+1` integers, to populate the matrix `A`.\n    - Coverage: Since the input has `3` lines corresponding to the matrix, all these lines are executed.\n\n4. **Processing to find the answer**: The program uses bitwise operations to generate combinations and compute the sum of abilities and costs to check if the minimum cost can be found that satisfies the conditions (`a>=x && b>=x && c>=x`).\n    - Coverage: These lines are executed as part of the core logic to process the provided input.\n\n5. **Checking for No Solution**: After the loop, it checks if `ans` is still `Integer.MAX_VALUE` to assign `-1` if no solution was found.\n    - Coverage: This condition is checked, but whether it is executed depends on the outcome of the loop logic.\n\n6. **Writing the Answer**: Finally, it writes the answer (`ans`) using `BufferedWriter`.\n    - Coverage: This line is executed to output the result.\n\n7. **Closing Resources**: The program closes `BufferedReader` and `BufferedWriter`.\n    - Coverage: These lines are executed at the end of the `main` method.\n\n### Predicted Code Coverage:\n\nFollowing the plan, here's how the code coverage would look based on the provided test case inputs:\n\n```java\n> public class Main\n> {\n>     static BufferedReader br;\n>     static BufferedWriter bw;\n>     static void solve()throws Exception\n>     {\n>         int nmx[] = Arrays.stream(br.readLine().split(\" \")).mapToInt(Integer::parseInt).toArray();\n>         int n = nmx[0];\n>         int m = nmx[1];\n>         int x = nmx[2];\n>         int A[][] = new int[n][m+1];\n>         for(int i=0;i<n;i++)\n>         {\n>             A[i] = Arrays.stream(br.readLine().split(\" \")).mapToInt(Integer::parseInt).toArray();\n>         }\n>         int ans = Integer.MAX_VALUE;\n>         for(int i=0;i<(1<<n);i++)\n>         {\n>             ArrayList<Integer> al = new ArrayList<Integer>();\n>             for(int j=0;j<n;j++)\n>             {\n>                 if(((i>>j)&1)==1)\n>                 al.add(j);\n>             }\n>             int a=0,b=0,c=0;\n>             int cost = 0;\n>             for(int temp:al)\n>             {\n>                 a += A[temp][1];\n>                 b +=A[temp][2];\n>                 c +=A[temp][3];\n>                 cost+=A[temp][0];\n>             }\n>             if(a>=x && b>=x && c>=x)\n>             ans = Math.min(ans,cost);\n>         }\n>         if(ans == Integer.MAX_VALUE)\n>         ans = -1;\n>         bw.write(Integer.toString(ans));\n>     }\n>     public static void main(String []args)throws Exception\n>     {\n>         br = new BufferedReader(new InputStreamReader(System.in));\n>         bw = new BufferedWriter(new OutputStreamWriter(System.out));\n>         solve();\n>         br.close();\n>         bw.close();\n>     }\n> }\n```\n\nAll lines are executed because the test case goes through initialization, input reading, the core logic of finding the minimum cost, and finally outputs the result. There's no condition in the provided plan that would lead to skipping any part of the code based on the given test inputs.",
            "test_seed_coverage": [
                ">",
                ">",
                ">",
                ">",
                ">",
                ">",
                ">",
                ">",
                ">",
                ">",
                ">",
                ">",
                ">",
                ">",
                ">",
                ">",
                ">",
                ">",
                ">",
                ">",
                ">",
                ">",
                ">",
                ">",
                ">",
                ">",
                ">",
                ">",
                ">",
                ">",
                ">",
                ">",
                ">",
                ">",
                ">",
                ">",
                ">",
                ">",
                ">",
                ">",
                ">",
                ">",
                ">",
                ">",
                ">",
                ">",
                ">",
                ">",
                ">"
            ],
            "cumulative_coverage": [
                ">",
                ">",
                ">",
                ">",
                ">",
                ">",
                ">",
                ">",
                ">",
                ">",
                ">",
                ">",
                ">",
                ">",
                ">",
                ">",
                ">",
                ">",
                ">",
                ">",
                ">",
                ">",
                ">",
                ">",
                ">",
                ">",
                ">",
                ">",
                ">",
                ">",
                ">",
                ">",
                ">",
                ">",
                ">",
                ">",
                ">",
                ">",
                ">",
                ">",
                ">",
                ">",
                ">",
                ">",
                ">",
                ">",
                ">",
                ">",
                ">"
            ],
            "execution_output": "5",
            "cerberus_output": "",
            "execution_result": ""
        },
        {
            "test_case": [
                "Test Case Input:\n3 4 5\n1 2 3 4\n5 6 7 8\n9 10 11 12"
            ],
            "test_mutations": [
                "Test Case Input:\n3 4 5\n1 2 3 4\n5 6 7 8\n9 10 11 12"
            ],
            "initial_code": "public class Main\n{\n    static BufferedReader br;\n    static BufferedWriter bw;\n    static void solve()throws Exception\n    {\n        int nmx[] = Arrays.stream(br.readLine().split(\" \")).mapToInt(Integer::parseInt).toArray();\n        int n = nmx[0];\n        int m = nmx[1];\n        int x = nmx[2];\n        int A[][] = new int[n][m+1];\n        for(int i=0;i<n;i++)\n        {\n            A[i] = Arrays.stream(br.readLine().split(\" \")).mapToInt(Integer::parseInt).toArray();\n        }\n        int ans = Integer.MAX_VALUE;\n        for(int i=0;i<(1<<n);i++)\n        {\n            ArrayList<Integer> al = new ArrayList<Integer>();\n            for(int j=0;j<n;j++)\n            {\n                if(((i>>j)&1)==1)\n                al.add(j);\n            }\n            int a=0,b=0,c=0;\n            int cost = 0;\n            for(int temp:al)\n            {\n                a += A[temp][1];\n                b +=A[temp][2];\n                c +=A[temp][3];\n                cost+=A[temp][0];\n            }\n            if(a>=x && b>=x && c>=x)\n            ans = Math.min(ans,cost);\n        }\n        if(ans == Integer.MAX_VALUE)\n        ans = -1;\n        bw.write(Integer.toString(ans));\n    }\n    public static void main(String []args)throws Exception\n    {\n        br = new BufferedReader(new InputStreamReader(System.in));\n        bw = new BufferedWriter(new OutputStreamWriter(System.out));\n        solve();\n        br.close();\n        bw.close();\n    }\n}",
            "covered_code": "To predict the code coverage for the given Java program based on the provided test case input, we'll follow a step-by-step execution plan. The test case input is:\n\n```\n3 4 5\n1 2 3 4\n5 6 7 8\n9 10 11 12\n```\n\n### Execution Plan:\n\n1. **Import Statements**: Execution of import statements like `import java.io.*;` and `import java.util.*;` will be covered since they are necessary for the program to compile and run.\n\n2. **Class Declaration**: The declaration of the `Main` class is always executed.\n\n3. **Static Variables Declaration**: `static BufferedReader br;` and `static BufferedWriter bw;` declarations are covered.\n\n4. **`solve` Method Declaration**: Executed when called from the `main` method.\n\n5. **Reading and Parsing Input**: The first line of input is read and parsed to obtain `n`, `m`, and `x`. This step is covered.\n\n6. **Reading Arrays**: The next `n` lines of input are read and parsed to fill the array `A`. This is fully covered due to the loop iterating `n` times based on the input provided.\n\n7. **Finding Minimum Cost**: The nested loops and if-conditions to find the minimum cost that meets the condition `a>=x && b>=x && c>=x` will be executed. Given the inputs, it's guaranteed that these parts of the code are executed.\n\n8. **Checking for `Integer.MAX_VALUE`**: After the loop, the check if `ans == Integer.MAX_VALUE` will be performed. Since the provided inputs allow for the conditions `a>=x && b>=x && c>=x` to be met, `ans` will not be `Integer.MAX_VALUE` by the end of the loop. This check is executed, but it results in `ans` not being set to `-1`.\n\n9. **Writing Output**: The result (value of `ans`) is written to `bw`, and thus this line is executed.\n\n10. **Closing Resources**: `br.close();` and `bw.close();` in the `main` method are executed after calling `solve()`.\n\n### Predicted Code Coverage:\n\n```\n> import java.io.*;\n> import java.util.*;\n> public class Main\n> {\n>     static BufferedReader br;\n>     static BufferedWriter bw;\n>     static void solve()throws Exception\n>     {\n>         int nmx[] = Arrays.stream(br.readLine().split(\" \")).mapToInt(Integer::parseInt).toArray();\n>         int n = nmx[0];\n>         int m = nmx[1];\n>         int x = nmx[2];\n>         int A[][] = new int[n][m+1];\n>         for(int i=0;i<n;i++)\n>         {\n>             A[i] = Arrays.stream(br.readLine().split(\" \")).mapToInt(Integer::parseInt).toArray();\n>         }\n>         int ans = Integer.MAX_VALUE;\n>         for(int i=0;i<(1<<n);i++)\n>         {\n>             ArrayList<Integer> al = new ArrayList<Integer>();\n>             for(int j=0;j<n;j++)\n>             {\n>                 if(((i>>j)&1)==1)\n>                 al.add(j);\n>             }\n>             int a=0,b=0,c=0;\n>             int cost = 0;\n>             for(int temp:al)\n>             {\n>                 a += A[temp][1];\n>                 b += A[temp][2];\n>                 c += A[temp][3];\n>                 cost += A[temp][0];\n>             }\n>             if(a>=x && b>=x && c>=x)\n>             ans = Math.min(ans,cost);\n>         }\n>         if(ans == Integer.MAX_VALUE)\n>         ans = -1;\n>         bw.write(Integer.toString(ans));\n>     }\n>     public static void main(String []args)throws Exception\n>     {\n>         br = new BufferedReader(new InputStreamReader(System.in));\n>         bw = new BufferedWriter(new OutputStreamWriter(System.out));\n>         solve();\n>         br.close();\n>         bw.close();\n>     }\n> }\n```\n\n**Output**: Since the code executes without any runtime exceptions and all lines are reached during execution with the given input, all statements are executed (`>`), fulfilling the expected behavior based on the provided test case input.",
            "test_seed_coverage": [
                ">",
                ">",
                ">",
                ">",
                ">",
                ">",
                ">",
                ">",
                ">",
                ">",
                ">",
                ">",
                ">",
                ">",
                ">",
                ">",
                ">",
                ">",
                ">",
                ">",
                ">",
                ">",
                ">",
                ">",
                ">",
                ">",
                ">",
                ">",
                ">",
                ">",
                ">",
                ">",
                ">",
                ">",
                ">",
                ">",
                ">",
                ">",
                ">",
                ">",
                ">",
                ">",
                ">",
                ">",
                ">",
                ">",
                ">",
                ">",
                ">",
                ">",
                ">"
            ],
            "cumulative_coverage": [
                ">",
                ">",
                ">",
                ">",
                ">",
                ">",
                ">",
                ">",
                ">",
                ">",
                ">",
                ">",
                ">",
                ">",
                ">",
                ">",
                ">",
                ">",
                ">",
                ">",
                ">",
                ">",
                ">",
                ">",
                ">",
                ">",
                ">",
                ">",
                ">",
                ">",
                ">",
                ">",
                ">",
                ">",
                ">",
                ">",
                ">",
                ">",
                ">",
                ">",
                ">",
                ">",
                ">",
                ">",
                ">",
                ">",
                ">",
                ">",
                ">",
                ">",
                ">"
            ],
            "execution_output": "5",
            "cerberus_output": "",
            "execution_result": ""
        },
        {
            "test_case": [
                "Test Case Input:\n3 4 5\n1 2 3 4\n5 6 7 8\n9 10 11 12"
            ],
            "test_mutations": [
                "Test Case Input:\n3 4 5\n1 2 3 4\n5 6 7 8\n9 10 11 12"
            ],
            "initial_code": "public class Main\n{\n    static BufferedReader br;\n    static BufferedWriter bw;\n    static void solve()throws Exception\n    {\n        int nmx[] = Arrays.stream(br.readLine().split(\" \")).mapToInt(Integer::parseInt).toArray();\n        int n = nmx[0];\n        int m = nmx[1];\n        int x = nmx[2];\n        int A[][] = new int[n][m+1];\n        for(int i=0;i<n;i++)\n        {\n            A[i] = Arrays.stream(br.readLine().split(\" \")).mapToInt(Integer::parseInt).toArray();\n        }\n        int ans = Integer.MAX_VALUE;\n        for(int i=0;i<(1<<n);i++)\n        {\n            ArrayList<Integer> al = new ArrayList<Integer>();\n            for(int j=0;j<n;j++)\n            {\n                if(((i>>j)&1)==1)\n                al.add(j);\n            }\n            int a=0,b=0,c=0;\n            int cost = 0;\n            for(int temp:al)\n            {\n                a += A[temp][1];\n                b +=A[temp][2];\n                c +=A[temp][3];\n                cost+=A[temp][0];\n            }\n            if(a>=x && b>=x && c>=x)\n            ans = Math.min(ans,cost);\n        }\n        if(ans == Integer.MAX_VALUE)\n        ans = -1;\n        bw.write(Integer.toString(ans));\n    }\n    public static void main(String []args)throws Exception\n    {\n        br = new BufferedReader(new InputStreamReader(System.in));\n        bw = new BufferedWriter(new OutputStreamWriter(System.out));\n        solve();\n        br.close();\n        bw.close();\n    }\n}",
            "covered_code": "Given the test case input and the Java program, I will develop a plan for step-by-step execution and predict the code coverage. The test case input is:\n```\n3 4 5\n1 2 3 4\n5 6 7 8\n9 10 11 12\n```\n\n### PLAN:\n1. **BufferedReader and BufferedWriter Initialization**: These are always executed since they are initialized in the `main` method before any logic is applied.\n2. **solve() Method Execution**: The `solve()` method is called directly from the `main` method, so its declaration and execution are covered.\n3. **Reading `n`, `m`, and `x`**: The first line of input is read and split into `n`, `m`, and `x`. This is covered since it's the first operation in the `solve` method.\n4. **Reading Arrays `A[][]`**: The method reads `n` lines from the input, and each line is split and parsed into an integer array. This is fully covered.\n5. **For Loop to Iterate Over Subsets of Rows**: The loop iterates over all subsets of rows, so it's covered.\n6. **ArrayList Initialization and Population**: For each subset of rows, an `ArrayList` is populated based on the condition. This is covered.\n7. **Summation and Cost Calculation**: For each subset, the method calculates the sum of `a`, `b`, `c`, and `cost`. This is covered since there is at least one subset (the empty subset) even if no subset meets the condition `a>=x && b>=x && c>=x`.\n8. **Condition Check for Minimum Requirements `a>=x && b>=x && c>=x`**: This condition is checked for every subset. This check is covered because there might be subsets that meet the requirement.\n9. **Check and Update of `ans`**: The value of `ans` is updated if a better solution is found. This is covered.\n10. **Check for `ans == Integer.MAX_VALUE`**: This check is covered to determine if no solution was found and to set `ans` to `-1` accordingly.\n11. **Writing the Answer**: The answer is written to `bw`, which is always executed after finding the result.\n12. **Closing BufferedReader and BufferedWriter**: These are executed at the end of the `main` method.\n\n### CODE COVERAGE:\n```\n> public class Main\n> {\n>     static BufferedReader br;\n>     static BufferedWriter bw;\n>     static void solve()throws Exception\n>     {\n>         int nmx[] = Arrays.stream(br.readLine().split(\" \")).mapToInt(Integer::parseInt).toArray();\n>         int n = nmx[0];\n>         int m = nmx[1];\n>         int x = nmx[2];\n>         int A[][] = new int[n][m+1];\n>         for(int i=0;i<n;i++)\n>         {\n>             A[i] = Arrays.stream(br.readLine().split(\" \")).mapToInt(Integer::parseInt).toArray();\n>         }\n>         int ans = Integer.MAX_VALUE;\n>         for(int i=0;i<(1<<n);i++)\n>         {\n>             ArrayList<Integer> al = new ArrayList<Integer>();\n>             for(int j=0;j<n;j++)\n>             {\n>                 if(((i>>j)&1)==1)\n>                 al.add(j);\n>             }\n>             int a=0,b=0,c=0;\n>             int cost = 0;\n>             for(int temp:al)\n>             {\n>                 a += A[temp][1];\n>                 b += A[temp][2];\n>                 c += A[temp][3];\n>                 cost += A[temp][0];\n>             }\n>             if(a>=x && b>=x && c>=x)\n>             ans = Math.min(ans,cost);\n>         }\n>         if(ans == Integer.MAX_VALUE)\n>         ans = -1;\n>         bw.write(Integer.toString(ans));\n>     }\n>     public static main(String []args)throws Exception\n>     {\n>         br = new BufferedReader(new InputStreamReader(System.in));\n>         bw = new BufferedWriter(new OutputStreamWriter(System.out));\n>         solve();\n>         br.close();\n>         bw.close();\n>     }\n> }\n```\nAll the lines in the given Java program are executed at least once based on the provided test case input, which means the program has a 100% code coverage for the given test.",
            "test_seed_coverage": [
                ">",
                ">",
                ">",
                ">",
                ">",
                ">",
                ">",
                ">",
                ">",
                ">",
                ">",
                ">",
                ">",
                ">",
                ">",
                ">",
                ">",
                ">",
                ">",
                ">",
                ">",
                ">",
                ">",
                ">",
                ">",
                ">",
                ">",
                ">",
                ">",
                ">",
                ">",
                ">",
                ">",
                ">",
                ">",
                ">",
                ">",
                ">",
                ">",
                ">",
                ">",
                ">",
                ">",
                ">",
                ">",
                ">",
                ">",
                ">",
                ">"
            ],
            "cumulative_coverage": [
                ">",
                ">",
                ">",
                ">",
                ">",
                ">",
                ">",
                ">",
                ">",
                ">",
                ">",
                ">",
                ">",
                ">",
                ">",
                ">",
                ">",
                ">",
                ">",
                ">",
                ">",
                ">",
                ">",
                ">",
                ">",
                ">",
                ">",
                ">",
                ">",
                ">",
                ">",
                ">",
                ">",
                ">",
                ">",
                ">",
                ">",
                ">",
                ">",
                ">",
                ">",
                ">",
                ">",
                ">",
                ">",
                ">",
                ">",
                ">",
                ">"
            ],
            "execution_output": "5",
            "cerberus_output": "",
            "execution_result": ""
        },
        {
            "test_case": [
                "Test Case Input:\n3 4 5\n1 2 3 4\n5 6 7 8\n9 10 11 12"
            ],
            "test_mutations": [
                "Test Case Input:\n3 4 5\n1 2 3 4\n5 6 7 8\n9 10 11 12"
            ],
            "initial_code": "public class Main\n{\n    static BufferedReader br;\n    static BufferedWriter bw;\n    static void solve()throws Exception\n    {\n        int nmx[] = Arrays.stream(br.readLine().split(\" \")).mapToInt(Integer::parseInt).toArray();\n        int n = nmx[0];\n        int m = nmx[1];\n        int x = nmx[2];\n        int A[][] = new int[n][m+1];\n        for(int i=0;i<n;i++)\n        {\n            A[i] = Arrays.stream(br.readLine().split(\" \")).mapToInt(Integer::parseInt).toArray();\n        }\n        int ans = Integer.MAX_VALUE;\n        for(int i=0;i<(1<<n);i++)\n        {\n            ArrayList<Integer> al = new ArrayList<Integer>();\n            for(int j=0;j<n;j++)\n            {\n                if(((i>>j)&1)==1)\n                al.add(j);\n            }\n            int a=0,b=0,c=0;\n            int cost = 0;\n            for(int temp:al)\n            {\n                a += A[temp][1];\n                b +=A[temp][2];\n                c +=A[temp][3];\n                cost+=A[temp][0];\n            }\n            if(a>=x && b>=x && c>=x)\n            ans = Math.min(ans,cost);\n        }\n        if(ans == Integer.MAX_VALUE)\n        ans = -1;\n        bw.write(Integer.toString(ans));\n    }\n    public static void main(String []args)throws Exception\n    {\n        br = new BufferedReader(new InputStreamReader(System.in));\n        bw = new BufferedWriter(new OutputStreamWriter(System.out));\n        solve();\n        br.close();\n        bw.close();\n    }\n}",
            "covered_code": "To determine the code coverage for the provided Java program and test case input, follow this plan:\n\n1. **Import Statements**: The import statements for BufferedReader, BufferedWriter, InputStreamReader, OutputStreamWriter, ArrayList, Arrays, and any other necessary imports are implicitly executed to make the APIs available for use.\n\n2. **Class Declaration**: Execution starts with the declaration of the `Main` class.\n\n3. **Static Variable Declarations**: The static variables `br` (BufferedReader) and `bw` (BufferedWriter) are declared and will be initialized in the `main` method.\n\n4. **Main Method Declaration**: Execution of the `main` method begins.\n\n5. **Initialization of `br` and `bw`**: The static variables `br` and `bw` are initialized with `System.in` and `System.out` streams respectively.\n\n6. **Call to `solve` Method**: The `solve` method is called.\n\n   - **Reading and Parsing Input**: The first line of input is read and parsed into the `nmx` array, containing `n`, `m`, and `x`.\n\n   - **Reading Arrays `A`**: For each of the next `n` lines, the array `A` is populated with the parsed integers.\n\n   - **Computation in the `solve` Method**:\n     - An outer loop iterates over all subsets of rows. This part is always executed.\n     - Inside this loop, an ArrayList `al` is created and populated based on the current subset being considered.\n     - Variables `a`, `b`, `c`, and `cost` are used to compute the required values for the current subset.\n     - If the subset satisfies the condition `(a >= x && b >= x && c >= x)`, the minimum cost is updated.\n     - After all subsets are considered, if no valid subset is found, `ans` is set to `-1`.\n\n   - **Writing the Output**: The result (either the minimum cost or `-1`) is written to the `BufferedWriter bw`.\n\n7. **Closing Resources**: The `BufferedReader` and `BufferedWriter` are closed.\n\n8. **End of Program Execution**: The program terminates after closing the resources.\n\nGiven the test case input, all parts of the code are executed since the input is processed, the computation for selecting books is performed, and the result is written out. However, specific paths within the `solve` method (such as the conditional checks for subset validity and updating the minimum cost) depend on the input values.\n\nPredicted Code Coverage based on the test case and plan:\n\n```\n> import statements\n> public class Main\n> static BufferedReader br;\n> static BufferedWriter bw;\n> static void solve()throws Exception\n> int nmx[] = Arrays.stream(br.readLine().split(\" \")).mapToInt(Integer::parseInt).toArray();\n> int n = nmx[0];\n> int m = nmx[1];\n> int x = nmx[2];\n> int A[][] = new int[n][m+1];\n> for(int i=0;i<n;i++)\n> {\n>     A[i] = Arrays.stream(br.readLine().split(\" \")).mapToInt(Integer::parseInt).toArray();\n> }\n> int ans = Integer.MAX_VALUE;\n> for(int i=0;i<(1<<n);i++)\n> {\n>     ArrayList<Integer> al = new ArrayList<Integer>();\n>     for(int j=0;j<n;j++)\n>     {\n>         if(((i>>j)&1)==1)\n>         al.add(j);\n>     }\n>     int a=0,b=0,c=0;\n>     int cost = 0;\n>     for(int temp:al)\n>     {\n>         a += A[temp][1];\n>         b +=A[temp][2];\n>         c +=A[temp][3];\n>         cost+=A[temp][0];\n>     }\n>     if(a>=x && b>=x && c>=x)\n>     ans = Math.min(ans,cost);\n> }\n> if(ans == Integer.MAX_VALUE)\n> ans = -1;\n> bw.write(Integer.toString(ans));\n> public static void main(String []args)throws Exception\n> {\n>     br = new BufferedReader(new InputStreamReader(System.in));\n>     bw = new BufferedWriter(new OutputStreamWriter(System.out));\n>     solve();\n>     br.close();\n>     bw.close();\n> }\n```\n\nAll parts of this simplified code coverage representation are marked as executed (`>`), assuming the input is provided as specified and the program runs through its computation and output phases without any unhandled exceptions interrupting the flow.",
            "test_seed_coverage": [
                ">",
                ">",
                ">",
                ">",
                ">",
                ">",
                ">",
                ">",
                ">",
                ">",
                ">",
                ">",
                ">",
                ">",
                ">",
                ">",
                ">",
                ">",
                ">",
                ">",
                ">",
                ">",
                ">",
                ">",
                ">",
                ">",
                ">",
                ">",
                ">",
                ">",
                ">",
                ">",
                ">",
                ">",
                ">",
                ">",
                ">",
                ">",
                ">",
                ">",
                ">",
                ">",
                ">",
                ">",
                ">",
                ">",
                ">",
                ">",
                ">"
            ],
            "cumulative_coverage": [
                ">",
                ">",
                ">",
                ">",
                ">",
                ">",
                ">",
                ">",
                ">",
                ">",
                ">",
                ">",
                ">",
                ">",
                ">",
                ">",
                ">",
                ">",
                ">",
                ">",
                ">",
                ">",
                ">",
                ">",
                ">",
                ">",
                ">",
                ">",
                ">",
                ">",
                ">",
                ">",
                ">",
                ">",
                ">",
                ">",
                ">",
                ">",
                ">",
                ">",
                ">",
                ">",
                ">",
                ">",
                ">",
                ">",
                ">",
                ">",
                ">"
            ],
            "execution_output": "5",
            "cerberus_output": "",
            "execution_result": ""
        },
        {
            "test_case": [
                "Test Case Input:\n2 3 5\n1 2 3 4 5\n6 7 8 9 10"
            ],
            "test_mutations": [
                "Test Case Input:\n2 3 5\n1 2 3 4 5\n6 7 8 9 10"
            ],
            "initial_code": "public class Main\n{\n    static BufferedReader br;\n    static BufferedWriter bw;\n    static void solve()throws Exception\n    {\n        int nmx[] = Arrays.stream(br.readLine().split(\" \")).mapToInt(Integer::parseInt).toArray();\n        int n = nmx[0];\n        int m = nmx[1];\n        int x = nmx[2];\n        int A[][] = new int[n][m+1];\n        for(int i=0;i<n;i++)\n        {\n            A[i] = Arrays.stream(br.readLine().split(\" \")).mapToInt(Integer::parseInt).toArray();\n        }\n        int ans = Integer.MAX_VALUE;\n        for(int i=0;i<(1<<n);i++)\n        {\n            ArrayList<Integer> al = new ArrayList<Integer>();\n            for(int j=0;j<n;j++)\n            {\n                if(((i>>j)&1)==1)\n                al.add(j);\n            }\n            int a=0,b=0,c=0;\n            int cost = 0;\n            for(int temp:al)\n            {\n                a += A[temp][1];\n                b +=A[temp][2];\n                c +=A[temp][3];\n                cost+=A[temp][0];\n            }\n            if(a>=x && b>=x && c>=x)\n            ans = Math.min(ans,cost);\n        }\n        if(ans == Integer.MAX_VALUE)\n        ans = -1;\n        bw.write(Integer.toString(ans));\n    }\n    public static void main(String []args)throws Exception\n    {\n        br = new BufferedReader(new InputStreamReader(System.in));\n        bw = new BufferedWriter(new OutputStreamWriter(System.out));\n        solve();\n        br.close();\n        bw.close();\n    }\n}",
            "covered_code": "Given the test case input \"2 3 5\\n1 2 3 4 5\\n6 7 8 9 10\", let's develop a plan for step by step execution of the provided Java program and predict the code coverage.\n\n### PLAN for Step by Step Execution\n\n1. **Initialization of BufferedReader and BufferedWriter**: These are static and will be initialized when the main method is invoked. They are always executed.\n\n2. **`main` method execution**: The `main` method is the entry point of the program, so it will always be executed.\n\n3. **`solve` method invocation**: The `solve` method is called from within the `main` method, so it will be executed.\n\n4. **Input parsing**: The input provided through `BufferedReader` is parsed and converted into integer arrays. These statements will be executed as part of the input handling process.\n\n5. **Looping through combinations**: The for-loop that iterates through all combinations of `n` items is fully covered since it's part of the logic to find the solution.\n\n6. **Condition checking and ArrayList manipulation**: The if-condition inside the loop and subsequent ArrayList operations are executed based on the combinations generated by the for-loop.\n\n7. **Summation and comparison logic**: The logic for summing up elements and comparing them against `x` to find the minimum cost will be executed.\n\n8. **Final condition for `ans`**: The check to see if `ans` is still `Integer.MAX_VALUE` and setting it to -1 if true, is executed based on the outcome of the previous steps.\n\n9. **Output writing**: The final answer is written to `BufferedWriter`, which is always executed towards the end of the `solve` method.\n\n10. **Closing BufferedReader and BufferedWriter**: These are executed at the end of the `main` method.\n\n### Predicted Code Coverage\n\nSince the provided plan does not involve any exceptional or skipped paths based on the given input, all statements in the provided code snippet are executed. Therefore, the code coverage is:\n\n```\n> public class Main\n> {\n>     static BufferedReader br;\n>     static BufferedWriter bw;\n>     static void solve()throws Exception\n>     {\n>         int nmx[] = Arrays.stream(br.readLine().split(\" \")).mapToInt(Integer::parseInt).toArray();\n>         int n = nmx[0];\n>         int m = nmx[1];\n>         int x = nmx[2];\n>         int A[][] = new int[n][m+1];\n>         for(int i=0;i<n;i++)\n>         {\n>             A[i] = Arrays.stream(br.readLine().split(\" \")).mapToInt(Integer::parseInt).toArray();\n>         }\n>         int ans = Integer.MAX_VALUE;\n>         for(int i=0;i<(1<<n);i++)\n>         {\n>             ArrayList<Integer> al = new ArrayList<Integer>();\n>             for(int j=0;j<n;j++)\n>             {\n>                 if(((i>>j)&1)==1)\n>                 al.add(j);\n>             }\n>             int a=0,b=0,c=0;\n>             int cost = 0;\n>             for(int temp:al)\n>             {\n>                 a += A[temp][1];\n>                 b +=A[temp][2];\n>                 c +=A[temp][3];\n>                 cost+=A[temp][0];\n>             }\n>             if(a>=x && b>=x && c>=x)\n>             ans = Math.min(ans,cost);\n>         }\n>         if(ans == Integer.MAX_VALUE)\n>         ans = -1;\n>         bw.write(Integer.toString(ans));\n>     }\n>     public static void main(String []args)throws Exception\n>     {\n>         br = new BufferedReader(new InputStreamReader(System.in));\n>         bw = new BufferedWriter(new OutputStreamWriter(System.out));\n>         solve();\n>         br.close();\n>         bw.close();\n>     }\n> }\n```\n\nThis indicates that every statement in the given Java program is executed with the provided test case input.",
            "test_seed_coverage": [
                ">",
                ">",
                ">",
                ">",
                ">",
                ">",
                ">",
                ">",
                ">",
                ">",
                ">",
                ">",
                ">",
                ">",
                ">",
                ">",
                ">",
                ">",
                ">",
                ">",
                ">",
                ">",
                ">",
                ">",
                ">",
                ">",
                ">",
                ">",
                ">",
                ">",
                ">",
                ">",
                ">",
                ">",
                ">",
                ">",
                ">",
                ">",
                ">",
                ">",
                ">",
                ">",
                ">",
                ">",
                ">",
                ">",
                ">",
                ">",
                ">"
            ],
            "cumulative_coverage": [
                ">",
                ">",
                ">",
                ">",
                ">",
                ">",
                ">",
                ">",
                ">",
                ">",
                ">",
                ">",
                ">",
                ">",
                ">",
                ">",
                ">",
                ">",
                ">",
                ">",
                ">",
                ">",
                ">",
                ">",
                ">",
                ">",
                ">",
                ">",
                ">",
                ">",
                ">",
                ">",
                ">",
                ">",
                ">",
                ">",
                ">",
                ">",
                ">",
                ">",
                ">",
                ">",
                ">",
                ">",
                ">",
                ">",
                ">",
                ">",
                ">"
            ],
            "execution_output": "6",
            "cerberus_output": "",
            "execution_result": ""
        },
        {
            "test_case": [
                "Test Case Input:\n3 2 5\n1 2 3 4\n5 6 7 8\n9 10 11 12"
            ],
            "test_mutations": [
                "Test Case Input:\n3 2 5\n1 2 3 4\n5 6 7 8\n9 10 11 12"
            ],
            "initial_code": "public class Main\n{\n    static BufferedReader br;\n    static BufferedWriter bw;\n    static void solve()throws Exception\n    {\n        int nmx[] = Arrays.stream(br.readLine().split(\" \")).mapToInt(Integer::parseInt).toArray();\n        int n = nmx[0];\n        int m = nmx[1];\n        int x = nmx[2];\n        int A[][] = new int[n][m+1];\n        for(int i=0;i<n;i++)\n        {\n            A[i] = Arrays.stream(br.readLine().split(\" \")).mapToInt(Integer::parseInt).toArray();\n        }\n        int ans = Integer.MAX_VALUE;\n        for(int i=0;i<(1<<n);i++)\n        {\n            ArrayList<Integer> al = new ArrayList<Integer>();\n            for(int j=0;j<n;j++)\n            {\n                if(((i>>j)&1)==1)\n                al.add(j);\n            }\n            int a=0,b=0,c=0;\n            int cost = 0;\n            for(int temp:al)\n            {\n                a += A[temp][1];\n                b +=A[temp][2];\n                c +=A[temp][3];\n                cost+=A[temp][0];\n            }\n            if(a>=x && b>=x && c>=x)\n            ans = Math.min(ans,cost);\n        }\n        if(ans == Integer.MAX_VALUE)\n        ans = -1;\n        bw.write(Integer.toString(ans));\n    }\n    public static void main(String []args)throws Exception\n    {\n        br = new BufferedReader(new InputStreamReader(System.in));\n        bw = new BufferedWriter(new OutputStreamWriter(System.out));\n        solve();\n        br.close();\n        bw.close();\n    }\n}",
            "covered_code": "To predict the code coverage, follow this plan of step-by-step execution for the provided Java program and test case input:\n\n1. **Import Statements:** Import statements for `BufferedReader`, `BufferedWriter`, `InputStreamReader`, `OutputStreamWriter`, `ArrayList`, `Arrays`, and any other required imports are always executed. These are necessary for the code to compile and run.\n\n2. **Main Class Declaration:** The declaration of the `public class Main` is always executed as it's the entry point of the program.\n\n3. **Static Field Declarations:** The declarations of `static BufferedReader br;` and `static BufferedWriter bw;` are always executed as part of class loading.\n\n4. **Main Method Declaration:** The `public static void main(String []args)` method is always executed when the program runs.\n\n5. **BufferedReader and BufferedWriter Initialization:** The statements to initialize `br` and `bw` with `System.in` and `System.out` streams respectively are always executed.\n\n6. **Solve Method Call:** The call to `solve()` from the main method is always executed.\n\n7. **Variable Initialization in Solve Method:** The first line inside `solve()` method that reads and parses the input to get `n`, `m`, and `x` is executed once. The initialization of `A[][]` and filling it with input values is executed based on the input provided, which in this case is for `n=3` times.\n\n8. **Loop for Combining Rows:** The loop `for(int i=0;i<(1<<n);i++)` to generate combinations of rows is executed. Since `n=3`, it iterates `2^3=8` times.\n\n9. **Inner Loop and Conditions:** The inner loop to check which rows to combine (`if(((i>>j)&1)==1)`) and the subsequent addition of selected rows' values are executed for each iteration of the outer loop. This process involves checking each bit of `i` from `0` to `7` (binary 000 to 111) to decide row selection.\n\n10. **Condition Check for Minimum Cost:** The condition to check if the combined attributes `a`, `b`, and `c` meet the minimum requirement `x` and updating `ans` accordingly is executed in each iteration.\n\n11. **Check for No Valid Combination:** The check `if(ans == Integer.MAX_VALUE)` to see if no valid combination was found and setting `ans` to `-1` is executed after the loop.\n\n12. **Writing Output and Closing Streams:** The statement to write the answer to `bw` and closing `br` and `bw` are always executed.\n\n13. **Closing Braces:** Always covered as part of the code structure.\n\nBased on the provided test case and the plan above, the predicted code coverage is:\n\n```\n> public class Main\n> {\n>     static BufferedReader br;\n>     static BufferedWriter bw;\n>     static void solve()throws Exception\n>     {\n>         int nmx[] = Arrays.stream(br.readLine().split(\" \")).mapToInt(Integer::parseInt).toArray();\n>         int n = nmx[0];\n>         int m = nmx[1];\n>         int x = nmx[2];\n>         int A[][] = new int[n][m+1];\n>         for(int i=0;i<n;i++)\n>         {\n>             A[i] = Arrays.stream(br.readLine().split(\" \")).mapToInt(Integer::parseInt).toArray();\n>         }\n>         int ans = Integer.MAX_VALUE;\n>         for(int i=0;i<(1<<n);i++)\n>         {\n>             ArrayList<Integer> al = new ArrayList<Integer>();\n>             for(int j=0;j<n;j++)\n>             {\n>                 if(((i>>j)&1)==1)\n>                 al.add(j);\n>             }\n>             int a=0,b=0,c=0;\n>             int cost = 0;\n>             for(int temp:al)\n>             {\n>                 a += A[temp][1];\n>                 b +=A[temp][2];\n>                 c +=A[temp][3];\n>                 cost+=A[temp][0];\n>             }\n>             if(a>=x && b>=x && c>=x)\n>             ans = Math.min(ans,cost);\n>         }\n>         if(ans == Integer.MAX_VALUE)\n>         ans = -1;\n>         bw.write(Integer.toString(ans));\n>     }\n>     public static void main(String []args)throws Exception\n>     {\n>         br = new BufferedReader(new InputStreamReader(System.in));\n>         bw = new BufferedWriter(new OutputStreamWriter(System.out));\n>         solve();\n>         br.close();\n>         bw.close();\n>     }\n> }\n```\n\nAll lines are executed given the test case and the method for solving it as per the plan.",
            "test_seed_coverage": [
                ">",
                ">",
                ">",
                ">",
                ">",
                ">",
                ">",
                ">",
                ">",
                ">",
                ">",
                ">",
                ">",
                ">",
                ">",
                ">",
                ">",
                ">",
                ">",
                ">",
                ">",
                ">",
                ">",
                ">",
                ">",
                ">",
                ">",
                ">",
                ">",
                ">",
                ">",
                ">",
                ">",
                ">",
                ">",
                ">",
                ">",
                ">",
                ">",
                ">",
                ">",
                ">",
                ">",
                ">",
                ">",
                ">",
                ">",
                ">",
                ">"
            ],
            "cumulative_coverage": [
                ">",
                ">",
                ">",
                ">",
                ">",
                ">",
                ">",
                ">",
                ">",
                ">",
                ">",
                ">",
                ">",
                ">",
                ">",
                ">",
                ">",
                ">",
                ">",
                ">",
                ">",
                ">",
                ">",
                ">",
                ">",
                ">",
                ">",
                ">",
                ">",
                ">",
                ">",
                ">",
                ">",
                ">",
                ">",
                ">",
                ">",
                ">",
                ">",
                ">",
                ">",
                ">",
                ">",
                ">",
                ">",
                ">",
                ">",
                ">",
                ">"
            ],
            "execution_output": "5",
            "cerberus_output": "",
            "execution_result": ""
        },
        {
            "test_case": [
                "Test Case Input:\n3 3 5\n1 2 3 4\n5 6 7 8\n9 10 11 12\n"
            ],
            "test_mutations": [
                "Test Case Input:\n3 3 5\n1 2 3 4\n5 6 7 8\n9 10 11 12\n"
            ],
            "initial_code": "public class Main\n{\n    static BufferedReader br;\n    static BufferedWriter bw;\n    static void solve()throws Exception\n    {\n        int nmx[] = Arrays.stream(br.readLine().split(\" \")).mapToInt(Integer::parseInt).toArray();\n        int n = nmx[0];\n        int m = nmx[1];\n        int x = nmx[2];\n        int A[][] = new int[n][m+1];\n        for(int i=0;i<n;i++)\n        {\n            A[i] = Arrays.stream(br.readLine().split(\" \")).mapToInt(Integer::parseInt).toArray();\n        }\n        int ans = Integer.MAX_VALUE;\n        for(int i=0;i<(1<<n);i++)\n        {\n            ArrayList<Integer> al = new ArrayList<Integer>();\n            for(int j=0;j<n;j++)\n            {\n                if(((i>>j)&1)==1)\n                al.add(j);\n            }\n            int a=0,b=0,c=0;\n            int cost = 0;\n            for(int temp:al)\n            {\n                a += A[temp][1];\n                b +=A[temp][2];\n                c +=A[temp][3];\n                cost+=A[temp][0];\n            }\n            if(a>=x && b>=x && c>=x)\n            ans = Math.min(ans,cost);\n        }\n        if(ans == Integer.MAX_VALUE)\n        ans = -1;\n        bw.write(Integer.toString(ans));\n    }\n    public static void main(String []args)throws Exception\n    {\n        br = new BufferedReader(new InputStreamReader(System.in));\n        bw = new BufferedWriter(new OutputStreamWriter(System.out));\n        solve();\n        br.close();\n        bw.close();\n    }\n}",
            "covered_code": "To predict the code coverage for the given Java program and the specified test case input, we'll follow a step-by-step plan similar to the illustration provided. Here's the detailed plan for execution:\n\n**Import Statements and Class Declaration**: Always executed, so coverage includes import statements for `BufferedReader`, `BufferedWriter`, `InputStreamReader`, `OutputStreamWriter`, `Arrays`, and `ArrayList`, and the class declaration `public class Main`.\n\n**main Method Declaration**: Always executed.\n\n**Static Variable Initialization**: Statements initializing `br` and `bw` are always executed.\n\n**Execution of solve Method**: The `solve()` method is called from the `main` method, so its declaration and the statements within it will be executed based on the input provided.\n\n**Reading Input**: The first line of input is read and processed to extract `n`, `m`, and `x`. Then, for each of the `n` lines following, an array of integers is read and processed to fill the matrix `A[][]`.\n\n**Loop for Combinations**: The loop iterating over combinations `(1<<n)` is executed, calculating the combination of books and their respective attributes and cost.\n\n**Conditionals and Calculations inside Loop**: The inner logic, including addition of attributes and cost, and checking if the attributes meet the required minimum `x`, will be executed.\n\n**Final Check and Output**: The check for `ans` being `Integer.MAX_VALUE` and setting it to `-1` if true, and writing the output through `bw`.\n\n**Closing Resources**: Finally, closing `br` and `bw`.\n\nGiven the test case input, let's predict the code coverage, marking executed lines with \">\" and non-executed lines with \"!\":\n\n```\n> import statements (BufferedReader, BufferedWriter, etc.)\n> public class Main\n> static BufferedReader br;\n> static BufferedWriter bw;\n> static void solve()throws Exception\n> {\n>     int nmx[] = ...\n>     int n = ...\n>     int m = ...\n>     int x = ...\n>     int A[][] = new int[n][m+1];\n>     for(int i=0;i<n;i++)\n>     {\n>         A[i] = ...\n>     }\n>     int ans = Integer.MAX_VALUE;\n>     for(int i=0;i<(1<<n);i++)\n>     {\n>         ArrayList<Integer> al = new ArrayList<Integer>();\n>         for(int j=0;j<n;j++)\n>         {\n>             if(((i>>j)&1)==1)\n>             al.add(j);\n>         }\n>         int a=0,b=0,c=0;\n>         int cost = 0;\n>         for(int temp:al)\n>         {\n>             a += A[temp][1];\n>             b +=A[temp][2];\n>             c +=A[temp][3];\n>             cost+=A[temp][0];\n>         }\n>         if(a>=x && b>=x && c>=x)\n>         ans = Math.min(ans,cost);\n>     }\n>     if(ans == Integer.MAX_VALUE)\n>     ans = -1;\n>     bw.write(Integer.toString(ans));\n> }\n> public static void main(String []args)throws Exception\n> {\n>     br = new BufferedReader(new InputStreamReader(System.in));\n>     bw = new BufferedWriter(new OutputStreamWriter(System.out));\n>     solve();\n>     br.close();\n>     bw.close();\n> }\n```\n\n**Note**: All lines within the `solve()` method and the `main` method are marked as executed (`>`) because the given input triggers a full run through the problem's logic, including reading inputs, processing combinations, calculating minimum costs, and writing the output. There are no conditional branches or exception handling paths within this code snippet that are left unexecuted given the provided test case.",
            "test_seed_coverage": [
                ">",
                ">",
                ">",
                ">",
                ">",
                ">",
                ">",
                ">",
                ">",
                ">",
                ">",
                ">",
                ">",
                ">",
                ">",
                ">",
                ">",
                ">",
                ">",
                ">",
                ">",
                ">",
                ">",
                ">",
                ">",
                ">",
                ">",
                ">",
                ">",
                ">",
                ">",
                ">",
                ">",
                ">",
                ">",
                ">",
                ">",
                ">",
                ">",
                ">",
                ">",
                ">",
                ">",
                ">",
                ">",
                ">",
                ">",
                ">",
                ">"
            ],
            "cumulative_coverage": [
                ">",
                ">",
                ">",
                ">",
                ">",
                ">",
                ">",
                ">",
                ">",
                ">",
                ">",
                ">",
                ">",
                ">",
                ">",
                ">",
                ">",
                ">",
                ">",
                ">",
                ">",
                ">",
                ">",
                ">",
                ">",
                ">",
                ">",
                ">",
                ">",
                ">",
                ">",
                ">",
                ">",
                ">",
                ">",
                ">",
                ">",
                ">",
                ">",
                ">",
                ">",
                ">",
                ">",
                ">",
                ">",
                ">",
                ">",
                ">",
                ">"
            ],
            "execution_output": "5",
            "cerberus_output": "",
            "execution_result": ""
        },
        {
            "test_case": [
                "Test Case Input:\n3 4 5\n10 20 30 40\n50 60 70 80\n90 100 110 120"
            ],
            "test_mutations": [
                "Test Case Input:\n3 4 5\n10 20 30 40\n50 60 70 80\n90 100 110 120"
            ],
            "initial_code": "public class Main\n{\n    static BufferedReader br;\n    static BufferedWriter bw;\n    static void solve()throws Exception\n    {\n        int nmx[] = Arrays.stream(br.readLine().split(\" \")).mapToInt(Integer::parseInt).toArray();\n        int n = nmx[0];\n        int m = nmx[1];\n        int x = nmx[2];\n        int A[][] = new int[n][m+1];\n        for(int i=0;i<n;i++)\n        {\n            A[i] = Arrays.stream(br.readLine().split(\" \")).mapToInt(Integer::parseInt).toArray();\n        }\n        int ans = Integer.MAX_VALUE;\n        for(int i=0;i<(1<<n);i++)\n        {\n            ArrayList<Integer> al = new ArrayList<Integer>();\n            for(int j=0;j<n;j++)\n            {\n                if(((i>>j)&1)==1)\n                al.add(j);\n            }\n            int a=0,b=0,c=0;\n            int cost = 0;\n            for(int temp:al)\n            {\n                a += A[temp][1];\n                b +=A[temp][2];\n                c +=A[temp][3];\n                cost+=A[temp][0];\n            }\n            if(a>=x && b>=x && c>=x)\n            ans = Math.min(ans,cost);\n        }\n        if(ans == Integer.MAX_VALUE)\n        ans = -1;\n        bw.write(Integer.toString(ans));\n    }\n    public static void main(String []args)throws Exception\n    {\n        br = new BufferedReader(new InputStreamReader(System.in));\n        bw = new BufferedWriter(new OutputStreamWriter(System.out));\n        solve();\n        br.close();\n        bw.close();\n    }\n}",
            "covered_code": "Given the Java program structure and the associated test case input, here's the plan for step by step execution and the prediction of code coverage:\n\n1. **Class and Method Declarations**: These are always executed as part of the program's structure.\n   - `public class Main {...}` will be covered.\n   - `static void solve() throws Exception {...}` will be covered when called from main.\n   - `public static void main(String []args) throws Exception {...}` will be covered as the entry point of the program.\n\n2. **BufferedReader and BufferedWriter Initialization**: These lines are always executed as part of setting up for input and output.\n   - Initialization of `br` and `bw` in the `main` method will be covered.\n\n3. **Reading and Parsing Input**: The first line of inputs (`3 4 5`) is read and parsed to extract `n`, `m`, and `x` values.\n   - `int nmx[] = Arrays.stream(br.readLine().split(\" \")).mapToInt(Integer::parseInt).toArray();` will be covered.\n\n4. **Reading Array Inputs**: The following lines of inputs are read and stored into the array `A[][]`.\n   - The loop to read and parse array inputs `for(int i=0;i<n;i++) {...}` will be covered for `n` iterations.\n\n5. **Initialization and Computation in the Solve Method**: The logic within the `solve` method, including the computation of minimum cost, will be executed.\n   - Initialization of `ans` will be covered.\n   - The nested loops to compute the answer will be covered.\n\n6. **Checking Conditions and Updating Answer**: The condition to check if `a`, `b`, and `c` meet the required minimum `x` and updating `ans` will be covered.\n   - `if(a>=x && b>=x && c>=x) ans = Math.min(ans,cost);` will be executed depending on the inputs.\n\n7. **Writing the Output**: Writing the final answer to `bw` and closing resources.\n   - `bw.write(Integer.toString(ans));` will be covered.\n   - Closing of `br` and `bw` in the `main` method will be covered.\n\n8. **No Exception Handling**: Since there's no explicit exception handling within the `solve` method or the `main` method apart from the method signatures, any runtime exception not related to IO operations (e.g., `NumberFormatException`, `ArrayIndexOutOfBoundsException`) would not be explicitly caught. However, for this input, no such exception is expected.\n\nBased on this plan, the predicted code coverage is as follows:\n\n```\n> public class Main\n> {\n>     static BufferedReader br;\n>     static BufferedWriter bw;\n>     static void solve()throws Exception\n>     {\n>         int nmx[] = Arrays.stream(br.readLine().split(\" \")).mapToInt(Integer::parseInt).toArray();\n>         int n = nmx[0];\n>         int m = nmx[1];\n>         int x = nmx[2];\n>         int A[][] = new int[n][m+1];\n>         for(int i=0;i<n;i++)\n>         {\n>             A[i] = Arrays.stream(br.readLine().split(\" \")).mapToInt(Integer::parseInt).toArray();\n>         }\n>         int ans = Integer.MAX_VALUE;\n>         for(int i=0;i<(1<<n);i++)\n>         {\n>             ArrayList<Integer> al = new ArrayList<Integer>();\n>             for(int j=0;j<n;j++)\n>             {\n>                 if(((i>>j)&1)==1)\n>                 al.add(j);\n>             }\n>             int a=0,b=0,c=0;\n>             int cost = 0;\n>             for(int temp:al)\n>             {\n>                 a += A[temp][1];\n>                 b +=A[temp][2];\n>                 c +=A[temp][3];\n>                 cost+=A[temp][0];\n>             }\n>             if(a>=x && b>=x && c>=x)\n>             ans = Math.min(ans,cost);\n>         }\n>         if(ans == Integer.MAX_VALUE)\n>         ans = -1;\n>         bw.write(Integer.toString(ans));\n>     }\n>     public static void main(String []args)throws Exception\n>     {\n>         br = new BufferedReader(new InputStreamReader(System.in));\n>         bw = new BufferedWriter(new OutputStreamWriter(System.out));\n>         solve();\n>         br.close();\n>         bw.close();\n>     }\n> }\n```\n\nAll statements in the given Java program are predicted to be executed based on the provided test case input, thus achieving full code coverage under the specific test case scenario.",
            "test_seed_coverage": [
                ">",
                ">",
                ">",
                ">",
                ">",
                ">",
                ">",
                ">",
                ">",
                ">",
                ">",
                ">",
                ">",
                ">",
                ">",
                ">",
                ">",
                ">",
                ">",
                ">",
                ">",
                ">",
                ">",
                ">",
                ">",
                ">",
                ">",
                ">",
                ">",
                ">",
                ">",
                ">",
                ">",
                ">",
                ">",
                ">",
                ">",
                ">",
                ">",
                ">",
                ">",
                ">",
                ">",
                ">",
                ">",
                ">",
                ">",
                ">",
                ">"
            ],
            "cumulative_coverage": [
                ">",
                ">",
                ">",
                ">",
                ">",
                ">",
                ">",
                ">",
                ">",
                ">",
                ">",
                ">",
                ">",
                ">",
                ">",
                ">",
                ">",
                ">",
                ">",
                ">",
                ">",
                ">",
                ">",
                ">",
                ">",
                ">",
                ">",
                ">",
                ">",
                ">",
                ">",
                ">",
                ">",
                ">",
                ">",
                ">",
                ">",
                ">",
                ">",
                ">",
                ">",
                ">",
                ">",
                ">",
                ">",
                ">",
                ">",
                ">",
                ">"
            ],
            "execution_output": "10",
            "cerberus_output": "NumberFormatException, ArrayIndexOutOfBoundsException",
            "execution_result": ""
        },
        {
            "test_case": [
                "Test Case Input:\n3 4 5\n1 2 3 4\n5 6 7 8\n9 10 11 12"
            ],
            "test_mutations": [
                "Test Case Input:\n3 4 5\n1 2 3 4\n5 6 7 8\n9 10 11 12"
            ],
            "initial_code": "public class Main\n{\n    static BufferedReader br;\n    static BufferedWriter bw;\n    static void solve()throws Exception\n    {\n        int nmx[] = Arrays.stream(br.readLine().split(\" \")).mapToInt(Integer::parseInt).toArray();\n        int n = nmx[0];\n        int m = nmx[1];\n        int x = nmx[2];\n        int A[][] = new int[n][m+1];\n        for(int i=0;i<n;i++)\n        {\n            A[i] = Arrays.stream(br.readLine().split(\" \")).mapToInt(Integer::parseInt).toArray();\n        }\n        int ans = Integer.MAX_VALUE;\n        for(int i=0;i<(1<<n);i++)\n        {\n            ArrayList<Integer> al = new ArrayList<Integer>();\n            for(int j=0;j<n;j++)\n            {\n                if(((i>>j)&1)==1)\n                al.add(j);\n            }\n            int a=0,b=0,c=0;\n            int cost = 0;\n            for(int temp:al)\n            {\n                a += A[temp][1];\n                b +=A[temp][2];\n                c +=A[temp][3];\n                cost+=A[temp][0];\n            }\n            if(a>=x && b>=x && c>=x)\n            ans = Math.min(ans,cost);\n        }\n        if(ans == Integer.MAX_VALUE)\n        ans = -1;\n        bw.write(Integer.toString(ans));\n    }\n    public static void main(String []args)throws Exception\n    {\n        br = new BufferedReader(new InputStreamReader(System.in));\n        bw = new BufferedWriter(new OutputStreamWriter(System.out));\n        solve();\n        br.close();\n        bw.close();\n    }\n}",
            "covered_code": "For the given Java program, the plan for step by step execution considering the test case input '3 4 5\\n1 2 3 4\\n5 6 7 8\\n9 10 11 12' will be as follows:\n\n1. **Import statements**: Import statements for BufferedReader, BufferedWriter, InputStream, OutputStream, and Arrays will be executed. So, all import statements are covered.\n\n2. **Class Declaration**: The class declaration `public class Main` is always executed.\n\n3. **Static variable declaration and initialization**: `static BufferedReader br;` and `static BufferedWriter bw;` declarations are always executed.\n\n4. **Main method declaration**: `public static void main(String []args)` is always executed.\n\n5. **BufferedReader and BufferedWriter initialization**: Statements initializing `br` and `bw` are executed.\n\n6. **Calling the solve method**: The `solve()` method is called from the main method, so it's covered.\n\n7. **Reading and parsing the first line of input**: The line `int nmx[] = Arrays.stream(br.readLine().split(\" \")).mapToInt(Integer::parseInt).toArray();` is executed to parse the first line of input '3 4 5'.\n\n8. **Reading and parsing the subsequent lines of input**: The loop that reads and parses the next 'n' lines of input is executed. All lines are parsed successfully.\n\n9. **Execution of the for loop for generating combinations**: For loop `for(int i=0;i<(1<<n);i++)` is executed to generate combinations.\n\n10. **Inner for loop for filtering indexes**: The inner for loop `for(int j=0;j<n;j++)` is executed to filter indexes based on the combination.\n\n11. **Calculation of 'a', 'b', 'c', and 'cost'**: The calculations inside the inner loop are executed for every combination.\n\n12. **Checking if 'a', 'b', 'c' are all greater than or equal to 'x'**: The condition `if(a>=x && b>=x && c>=x)` is executed.\n\n13. **Finding the minimum cost**: The statement `ans = Math.min(ans,cost);` is executed whenever the condition is true.\n\n14. **Checking for no valid combination**: The condition `if(ans == Integer.MAX_VALUE)` is executed to check if there was no valid combination and setting `ans = -1` if true.\n\n15. **Writing the result**: `bw.write(Integer.toString(ans));` is executed to write the result.\n\n16. **Closing BufferedReader and BufferedWriter**: `br.close();` and `bw.close();` are executed at the end of the main method.\n\nGiven this plan, the code coverage for the provided Java program based on the given test case input would be:\n\n> Import statements\n> Class Declaration\n> Static variable declaration and initialization\n> Main method declaration\n> BufferedReader and BufferedWriter initialization\n> Calling the solve method\n> Reading and parsing the first line of input\n> Reading and parsing the subsequent lines of input\n> Execution of the for loop for generating combinations\n> Inner for loop for filtering indexes\n> Calculation of 'a', 'b', 'c', and 'cost'\n> Checking if 'a', 'b', 'c' are all greater than or equal to 'x'\n> Finding the minimum cost\n> Checking for no valid combination\n> Writing the result\n> Closing BufferedReader and BufferedWriter\n\nOutput:\nThe final output of the program will be the minimum cost that meets the requirements or -1 if no combination does. Given the provided input, the program will calculate and output the result based on the combinations of rows in the matrix `A` that meet the condition `a>=x && b>=x && c>=x`.",
            "test_seed_coverage": [
                ">",
                ">",
                ">",
                ">",
                ">",
                ">",
                ">",
                ">",
                ">",
                ">",
                ">",
                ">",
                ">",
                ">",
                ">",
                ">",
                ">",
                ">",
                ">",
                ">",
                ">",
                ">",
                ">",
                ">",
                ">",
                ">",
                ">",
                ">",
                ">",
                ">",
                ">",
                ">",
                ">",
                ">",
                ">",
                ">",
                ">",
                ">",
                ">",
                ">",
                ">",
                ">",
                ">",
                ">",
                ">",
                ">",
                ">",
                ">",
                ">"
            ],
            "cumulative_coverage": [
                ">",
                ">",
                ">",
                ">",
                ">",
                ">",
                ">",
                ">",
                ">",
                ">",
                ">",
                ">",
                ">",
                ">",
                ">",
                ">",
                ">",
                ">",
                ">",
                ">",
                ">",
                ">",
                ">",
                ">",
                ">",
                ">",
                ">",
                ">",
                ">",
                ">",
                ">",
                ">",
                ">",
                ">",
                ">",
                ">",
                ">",
                ">",
                ">",
                ">",
                ">",
                ">",
                ">",
                ">",
                ">",
                ">",
                ">",
                ">",
                ">"
            ],
            "execution_output": "5",
            "cerberus_output": "",
            "execution_result": ""
        },
        {
            "test_case": [
                "Test Case Input:\n3 4 5\n1 2 3 4\n5 6 7 8\n9 10 11 12"
            ],
            "test_mutations": [
                "Test Case Input:\n3 4 5\n1 2 3 4\n5 6 7 8\n9 10 11 12"
            ],
            "initial_code": "public class Main\n{\n    static BufferedReader br;\n    static BufferedWriter bw;\n    static void solve()throws Exception\n    {\n        int nmx[] = Arrays.stream(br.readLine().split(\" \")).mapToInt(Integer::parseInt).toArray();\n        int n = nmx[0];\n        int m = nmx[1];\n        int x = nmx[2];\n        int A[][] = new int[n][m+1];\n        for(int i=0;i<n;i++)\n        {\n            A[i] = Arrays.stream(br.readLine().split(\" \")).mapToInt(Integer::parseInt).toArray();\n        }\n        int ans = Integer.MAX_VALUE;\n        for(int i=0;i<(1<<n);i++)\n        {\n            ArrayList<Integer> al = new ArrayList<Integer>();\n            for(int j=0;j<n;j++)\n            {\n                if(((i>>j)&1)==1)\n                al.add(j);\n            }\n            int a=0,b=0,c=0;\n            int cost = 0;\n            for(int temp:al)\n            {\n                a += A[temp][1];\n                b +=A[temp][2];\n                c +=A[temp][3];\n                cost+=A[temp][0];\n            }\n            if(a>=x && b>=x && c>=x)\n            ans = Math.min(ans,cost);\n        }\n        if(ans == Integer.MAX_VALUE)\n        ans = -1;\n        bw.write(Integer.toString(ans));\n    }\n    public static void main(String []args)throws Exception\n    {\n        br = new BufferedReader(new InputStreamReader(System.in));\n        bw = new BufferedWriter(new OutputStreamWriter(System.out));\n        solve();\n        br.close();\n        bw.close();\n    }\n}",
            "covered_code": "To predict the code coverage for the given Java program with the specified test case input, let's develop a plan of step-by-step execution. The test case input provided is:\n\n```\n3 4 5\n1 2 3 4\n5 6 7 8\n9 10 11 12\n```\n\n**Plan for Step by Step Execution:**\n\n1. **Initialization of BufferedReader and BufferedWriter:** These statements will always be executed since they are part of the main method's initialization.\n2. **Calling the `solve` method:** The `solve` method is called from the main method without any conditional statements, so it will be executed.\n3. **Reading Input and Parsing:** The first line of input is read and split into three integers `n`, `m`, and `x`. This part will be executed.\n4. **Reading Arrays:** The input for the arrays `A` is read in a loop based on the value of `n` provided in the input. This will be executed for all `n` lines of input following the first line.\n5. **Calculating Answer:** The nested loops and all calculations inside the `solve` method are executed as part of finding the answer. This includes creating the combinations of indices and calculating the sum of values for each combination to check if they meet the conditions.\n6. **Writing the Answer:** Depending on the calculations, the answer is written out using `bw.write()`. This step is executed.\n7. **Closing BufferedReader and BufferedWriter:** Both are closed in the main method, and these statements will be executed.\n\n**Predicted Code Coverage:**\n\n```\n> public class Main\n> {\n>     static BufferedReader br;\n>     static BufferedWriter bw;\n>     static void solve()throws Exception\n>     {\n>         int nmx[] = Arrays.stream(br.readLine().split(\" \")).mapToInt(Integer::parseInt).toArray();\n>         int n = nmx[0];\n>         int m = nmx[1];\n>         int x = nmx[2];\n>         int A[][] = new int[n][m+1];\n>         for(int i=0;i<n;i++)\n>         {\n>             A[i] = Arrays.stream(br.readLine().split(\" \")).mapToInt(Integer::parseInt).toArray();\n>         }\n>         int ans = Integer.MAX_VALUE;\n>         for(int i=0;i<(1<<n);i++)\n>         {\n>             ArrayList<Integer> al = new ArrayList<Integer>();\n>             for(int j=0;j<n;j++)\n>             {\n>                 if(((i>>j)&1)==1)\n>                 al.add(j);\n>             }\n>             int a=0,b=0,c=0;\n>             int cost = 0;\n>             for(int temp:al)\n>             {\n>                 a += A[temp][1];\n>                 b +=A[temp][2];\n>                 c +=A[temp][3];\n>                 cost+=A[temp][0];\n>             }\n>             if(a>=x && b>=x && c>=x)\n>             ans = Math.min(ans,cost);\n>         }\n>         if(ans == Integer.MAX_VALUE)\n>         ans = -1;\n>         bw.write(Integer.toString(ans));\n>     }\n>     public static void main(String []args)throws Exception\n>     {\n>         br = new BufferedReader(new InputStreamReader(System.in));\n>         bw = new BufferedWriter(new OutputStreamWriter(System.out));\n>         solve();\n>         br.close();\n>         bw.close();\n>     }\n> }\n```\n\n**Given the input and the process outlined above, all statements in this program are executed.**",
            "test_seed_coverage": [
                ">",
                ">",
                ">",
                ">",
                ">",
                ">",
                ">",
                ">",
                ">",
                ">",
                ">",
                ">",
                ">",
                ">",
                ">",
                ">",
                ">",
                ">",
                ">",
                ">",
                ">",
                ">",
                ">",
                ">",
                ">",
                ">",
                ">",
                ">",
                ">",
                ">",
                ">",
                ">",
                ">",
                ">",
                ">",
                ">",
                ">",
                ">",
                ">",
                ">",
                ">",
                ">",
                ">",
                ">",
                ">",
                ">",
                ">",
                ">",
                ">"
            ],
            "cumulative_coverage": [
                ">",
                ">",
                ">",
                ">",
                ">",
                ">",
                ">",
                ">",
                ">",
                ">",
                ">",
                ">",
                ">",
                ">",
                ">",
                ">",
                ">",
                ">",
                ">",
                ">",
                ">",
                ">",
                ">",
                ">",
                ">",
                ">",
                ">",
                ">",
                ">",
                ">",
                ">",
                ">",
                ">",
                ">",
                ">",
                ">",
                ">",
                ">",
                ">",
                ">",
                ">",
                ">",
                ">",
                ">",
                ">",
                ">",
                ">",
                ">",
                ">"
            ],
            "execution_output": "5",
            "cerberus_output": "",
            "execution_result": ""
        },
        {
            "test_case": [
                "Test Case Input:\n3 4 5\n1 2 3 4\n5 6 7 8\n9 10 11 12"
            ],
            "test_mutations": [
                "Test Case Input:\n3 4 5\n1 2 3 4\n5 6 7 8\n9 10 11 12"
            ],
            "initial_code": "public class Main\n{\n    static BufferedReader br;\n    static BufferedWriter bw;\n    static void solve()throws Exception\n    {\n        int nmx[] = Arrays.stream(br.readLine().split(\" \")).mapToInt(Integer::parseInt).toArray();\n        int n = nmx[0];\n        int m = nmx[1];\n        int x = nmx[2];\n        int A[][] = new int[n][m+1];\n        for(int i=0;i<n;i++)\n        {\n            A[i] = Arrays.stream(br.readLine().split(\" \")).mapToInt(Integer::parseInt).toArray();\n        }\n        int ans = Integer.MAX_VALUE;\n        for(int i=0;i<(1<<n);i++)\n        {\n            ArrayList<Integer> al = new ArrayList<Integer>();\n            for(int j=0;j<n;j++)\n            {\n                if(((i>>j)&1)==1)\n                al.add(j);\n            }\n            int a=0,b=0,c=0;\n            int cost = 0;\n            for(int temp:al)\n            {\n                a += A[temp][1];\n                b +=A[temp][2];\n                c +=A[temp][3];\n                cost+=A[temp][0];\n            }\n            if(a>=x && b>=x && c>=x)\n            ans = Math.min(ans,cost);\n        }\n        if(ans == Integer.MAX_VALUE)\n        ans = -1;\n        bw.write(Integer.toString(ans));\n    }\n    public static void main(String []args)throws Exception\n    {\n        br = new BufferedReader(new InputStreamReader(System.in));\n        bw = new BufferedWriter(new OutputStreamWriter(System.out));\n        solve();\n        br.close();\n        bw.close();\n    }\n}",
            "covered_code": "Given the provided test case input and the Java program, let's develop a plan for step-by-step execution and predict the code coverage.\n\n**Test Case Input:**\n```\n3 4 5\n1 2 3 4\n5 6 7 8\n9 10 11 12\n```\n\n**Step-by-Step Execution Plan:**\n\n1. **Class and method declarations:** These are always executed.\n    - `public class Main {}`\n    - `static void solve()throws Exception {}`\n    - `public static void main(String []args)throws Exception {}`\n\n2. **Initialization of `BufferedReader` and `BufferedWriter`:** These lines are executed as part of setting up the input and output streams.\n    - `br = new BufferedReader(new InputStreamReader(System.in));`\n    - `bw = new BufferedWriter(new OutputStreamWriter(System.out));`\n\n3. **Execution of `solve` method:**\n    - The `solve` method is called from the `main` method.\n    - The first line reads and splits the input, converting it into an array of integers (`nmx[]`). This line is executed.\n    - The variables `n`, `m`, and `x` are initialized using this array.\n\n4. **Matrix (Array `A`) Initialization:** The loop that reads and initializes the matrix `A` with input values is executed for `n` times since we have `n` lines of input after the first line.\n    - `for(int i=0;i<n;i++) {}`\n\n5. **Finding the Answer (`ans`):**\n    - The outer loop that iterates over all subsets of rows is executed. This is a bit manipulation trick to generate all possible combinations of rows.\n    - The inner loop checks if the current subset fulfills the condition (i.e., having at least `x` in each attribute).\n    - The condition to check if the obtained attributes are at least `x` and updating the `ans` variable is executed.\n\n6. **Checking if `ans` is unchanged:** If no combination meets the requirements, `ans` remains `Integer.MAX_VALUE`, which is then set to `-1`. This is executed based on the inputs and the conditions met in the previous steps.\n\n7. **Writing the output and closing streams:** The answer is written to the `BufferedWriter`, and both `br` and `bw` are closed.\n    - `bw.write(Integer.toString(ans));`\n    - `br.close();`\n    - `bw.close();`\n\n**Predicted Code Coverage:**\n\n```\n> public class Main\n> {\n>     static BufferedReader br;\n>     static BufferedWriter bw;\n>     static void solve()throws Exception\n>     {\n>         int nmx[] = Arrays.stream(br.readLine().split(\" \")).mapToInt(Integer::parseInt).toArray();\n>         int n = nmx[0];\n>         int m = nmx[1];\n>         int x = nmx[2];\n>         int A[][] = new int[n][m+1];\n>         for(int i=0;i<n;i++)\n>         {\n>             A[i] = Arrays.stream(br.readLine().split(\" \")).mapToInt(Integer::parseInt).toArray();\n>         }\n>         int ans = Integer.MAX_VALUE;\n>         for(int i=0;i<(1<<n);i++)\n>         {\n>             ArrayList<Integer> al = new ArrayList<Integer>();\n>             for(int j=0;j<n;j++)\n>             {\n>                 if(((i>>j)&1)==1)\n>                 al.add(j);\n>             }\n>             int a=0,b=0,c=0;\n>             int cost = 0;\n>             for(int temp:al)\n>             {\n>                 a += A[temp][1];\n>                 b +=A[temp][2];\n>                 c +=A[temp][3];\n>                 cost+=A[temp][0];\n>             }\n>             if(a>=x && b>=x && c>=x)\n>             ans = Math.min(ans,cost);\n>         }\n>         if(ans == Integer.MAX_VALUE)\n>         ans = -1;\n>         bw.write(Integer.toString(ans));\n>     }\n>     public static void main(String []args)throws Exception\n>     {\n>         br = new BufferedReader(new InputStreamReader(System.in));\n>         bw = new BufferedWriter(new OutputStreamWriter(System.out));\n>         solve();\n>         br.close();\n>         bw.close();\n>     }\n> }\n```\n\n**Output:**\nThe specific output depends on the logic and calculations performed in the `solve` method. Given the inputs, all statements related to reading inputs, processing them, and output are executed. Statements that are conditionally executed based on the input values (e.g., `if` statements) might vary in coverage depending on the specific conditions they check.",
            "test_seed_coverage": [
                ">",
                ">",
                ">",
                ">",
                ">",
                ">",
                ">",
                ">",
                ">",
                ">",
                ">",
                ">",
                ">",
                ">",
                ">",
                ">",
                ">",
                ">",
                ">",
                ">",
                ">",
                ">",
                ">",
                ">",
                ">",
                ">",
                ">",
                ">",
                ">",
                ">",
                ">",
                ">",
                ">",
                ">",
                ">",
                ">",
                ">",
                ">",
                ">",
                ">",
                ">",
                ">",
                ">",
                ">",
                ">",
                ">",
                ">",
                ">",
                ">"
            ],
            "cumulative_coverage": [
                ">",
                ">",
                ">",
                ">",
                ">",
                ">",
                ">",
                ">",
                ">",
                ">",
                ">",
                ">",
                ">",
                ">",
                ">",
                ">",
                ">",
                ">",
                ">",
                ">",
                ">",
                ">",
                ">",
                ">",
                ">",
                ">",
                ">",
                ">",
                ">",
                ">",
                ">",
                ">",
                ">",
                ">",
                ">",
                ">",
                ">",
                ">",
                ">",
                ">",
                ">",
                ">",
                ">",
                ">",
                ">",
                ">",
                ">",
                ">",
                ">"
            ],
            "execution_output": "5",
            "cerberus_output": "",
            "execution_result": ""
        }
    ]
}