{
    "submission_id": "s941113538",
    "cycles": [
        {
            "test_case": [
                "Test Case Input:\n5\n-2\n1\n4\n-3\n5"
            ],
            "test_mutations": [
                "Test Case Input:\n5\n-2\n1\n4\n-3\n5"
            ],
            "initial_code": "public class Main {\n    public static void main(String[] args) {\n        Scanner sc = new Scanner(System.in);\n        int n = sc.nextInt();\n        long ans = 0;\n        PriorityQueue<Integer> queue = new PriorityQueue<>();\n        for (int i = 0; i < n; i++) {\n            queue.add(sc.nextInt());\n        }\n        for (int i = 0; i <= n / 2; i++) {\n            long v1 = queue.poll();\n            if (queue.isEmpty()) {\n                ans += v1;\n            } else {\n                long v2 = queue.poll();\n                long vs = v1 + v2;\n                ans += Math.abs(vs);\n            }\n        }\n        System.out.println(ans);\n    }\n}",
            "covered_code": "To predict the code coverage for the given Java program based on the provided test case input \"5\\n-2\\n1\\n4\\n-3\\n5\", we follow the plan for step-by-step execution. \n\n**Test Case Input:**\n5\n-2\n1\n4\n-3\n5\n\n**Plan:**\n\n1. **Import statements and class declaration:** These are always executed. \n2. **Main method declaration:** Always executed.\n3. **Variable initialization and Scanner object creation:** The statements for initializing `n`, creating the `Scanner` object, and initializing `ans` are executed.\n4. **PriorityQueue creation and population:** The creation of `PriorityQueue` and the loop to add elements to the queue based on user input are executed.\n5. **Second for loop execution:** Since `n` is 5, the condition for the second loop `i <= n / 2` (i.e., `i <= 2`) is true, so this loop will be executed.\n6. **Polling from PriorityQueue and calculation:** The loop will poll elements from the queue, perform calculations, and update `ans`. This includes conditions checking if the queue is empty and adding absolute values of sums.\n7. **Output statement:** The final `System.out.println(ans);` is executed to output the result.\n\n**Step-by-Step Execution:**\n\n- Import statements and class declaration are not explicitly shown but are considered executed.\n- The main method and its internal statements, including variable declarations, Scanner object creation, and system outputs, are executed.\n- The PriorityQueue is populated with the numbers `-2`, `1`, `4`, `-3`, `5` in that order, but due to its nature, it will organize them in ascending order internally.\n\n**Code Coverage:**\n\n```\n> public class Main {\n>     public static void main(String[] args) {\n>         Scanner sc = new Scanner(System.in);\n>         int n = sc.nextInt();\n>         long ans = 0;\n>         PriorityQueue<Integer> queue = new PriorityQueue<>();\n>         for (int i = 0; i < n; i++) {\n>             queue.add(sc.nextInt());\n>         }\n>         for (int i = 0; i <= n / 2; i++) {\n>             long v1 = queue.poll();\n>             if (queue.isEmpty()) {\n>                 ans += v1;\n>             } else {\n>                 long v2 = queue.poll();\n>                 long vs = v1 + v2;\n>                 ans += Math.abs(vs);\n>             }\n>         }\n>         System.out.println(ans);\n>     }\n> }\n```\n\n**Explanation:**\n\n- All the lines in the provided Java program are executed because there are no conditional branches that are skipped, and there are no exceptions raised during the execution with the given input. The `PriorityQueue` operations, including adding and polling, as well as the calculation of `ans`, are all performed as part of the normal program flow.\n- The program calculates the sum of absolute values according to its logic flawlessly with the given input.",
            "test_seed_coverage": [
                ">",
                ">",
                ">",
                ">",
                ">",
                ">",
                ">",
                ">",
                ">",
                ">",
                ">",
                ">",
                ">",
                ">",
                ">",
                ">",
                ">",
                ">",
                ">",
                ">",
                ">",
                ">"
            ],
            "cumulative_coverage": [
                ">",
                ">",
                ">",
                ">",
                ">",
                ">",
                ">",
                ">",
                ">",
                ">",
                ">",
                ">",
                ">",
                ">",
                ">",
                ">",
                ">",
                ">",
                ">",
                ">",
                ">",
                ">"
            ],
            "execution_output": "15",
            "cerberus_output": "",
            "execution_result": ""
        },
        {
            "test_case": [
                "Test Case Input:\n-3\n5\n2\n9\n-7"
            ],
            "test_mutations": [
                "Test Case Input:\n-3\n5\n2\n9\n-7"
            ],
            "initial_code": "public class Main {\n    public static void main(String[] args) {\n        Scanner sc = new Scanner(System.in);\n        int n = sc.nextInt();\n        long ans = 0;\n        PriorityQueue<Integer> queue = new PriorityQueue<>();\n        for (int i = 0; i < n; i++) {\n            queue.add(sc.nextInt());\n        }\n        for (int i = 0; i <= n / 2; i++) {\n            long v1 = queue.poll();\n            if (queue.isEmpty()) {\n                ans += v1;\n            } else {\n                long v2 = queue.poll();\n                long vs = v1 + v2;\n                ans += Math.abs(vs);\n            }\n        }\n        System.out.println(ans);\n    }\n}",
            "covered_code": "Given the code snippet and test case input, let's develop a plan of step by step execution to predict the code coverage:\n\n**Test Case Input:**\n-3\n5\n2\n9\n-7\n\n**Plan for Step by Step Execution:**\n\n1. **Import statements**: Since the code snippet uses Scanner and PriorityQueue, any import statements associated with these classes are covered.\n2. **Main class declaration**: Always executed.\n3. **Main method declaration**: Always executed.\n4. **Variable declarations and Scanner initialization**: Executed as part of setting up for reading inputs.\n5. **Reading `n` value (-3)**: Executed to determine the number of iterations and operations in the loops.\n6. **PriorityQueue initialization**: Executed to prepare for storing the input values.\n7. **First for loop (reading inputs into the queue)**:\n   - With `n = -3`, theoretically, the loop shouldn't execute because the condition `i < n` is false from the start (assuming `n` should be positive for logical execution). However, given the input, we proceed assuming the intent was for `n = 3`, making the loop's execution valid for three iterations to read the inputs 5, 2, 9, and -7 into the PriorityQueue.\n8. **Second for loop (calculating `ans`)**:\n   - The loop iterates `n/2 + 1` times. For `n = 3`, it iterates 2 times.\n   - In each iteration, `queue.poll()` is called. Given the nature of PriorityQueue, the numbers are polled in ascending order.\n   - The calculation of `ans` involves adding absolute values and potential addition of two polled numbers.\n9. **Output statement (printing `ans`)**: Executed to display the result of the calculations.\n10. **Closing Scanner**: Ideally executed at the end of main method to close the Scanner.\n\n**Predicted Code Coverage:**\n\nGiven the plan, the coverage would be as follows:\n\n> public class Main {\n>     public static void main(String[] args) {\n>         Scanner sc = new Scanner(System.in);\n>         int n = sc.nextInt();\n>         long ans = 0;\n>         PriorityQueue<Integer> queue = new PriorityQueue<>();\n>         for (int i = 0; i < n; i++) {\n>             queue.add(sc.nextInt());\n>         }\n>         for (int i = 0; i <= n / 2; i++) {\n>             long v1 = queue.poll();\n>             if (queue.isEmpty()) { \n>                 ans += v1;\n>             } else {\n>                 long v2 = queue.poll();\n>                 long vs = v1 + v2;\n>                 ans += Math.abs(vs);\n>             }\n>         }\n>         System.out.println(ans);\n>     }\n> }\n\n**Observations:**\n\n- The loop conditions and operations inside both loops are dependent on the correct interpretation of `n`. Given the input provided, there seems to be a misunderstanding in the test case description (`-3` vs intended `3` or counting the number of inputs). \n- Assuming the logical flow of the program requires positive `n`, all statements related to the logic of adding and managing queue elements based on the provided inputs are executed. \n- The test case as given (`-3 5 2 9 -7`) might be a typographical error or misunderstanding since it starts with a negative number for `n`. Assuming the correct scenario of processing 3 positive integers (and possibly ignoring `-7` or considering an input typo), the code coverage is as described above.",
            "test_seed_coverage": [
                ">",
                ">",
                ">",
                ">",
                ">",
                ">",
                ">",
                ">",
                ">",
                ">",
                ">",
                ">",
                ">",
                ">",
                ">",
                ">",
                ">",
                ">",
                ">",
                ">",
                ">",
                ">"
            ],
            "cumulative_coverage": [
                ">",
                ">",
                ">",
                ">",
                ">",
                ">",
                ">",
                ">",
                ">",
                ">",
                ">",
                ">",
                ">",
                ">",
                ">",
                ">",
                ">",
                ">",
                ">",
                ">",
                ">",
                ">"
            ],
            "execution_output": "0",
            "cerberus_output": "",
            "execution_result": ""
        },
        {
            "test_case": [
                "Test Case Input:\n-5\n3\n2\n-4\n7\n1"
            ],
            "test_mutations": [
                "Test Case Input:\n-5\n3\n2\n-4\n7\n1"
            ],
            "initial_code": "public class Main {\n    public static void main(String[] args) {\n        Scanner sc = new Scanner(System.in);\n        int n = sc.nextInt();\n        long ans = 0;\n        PriorityQueue<Integer> queue = new PriorityQueue<>();\n        for (int i = 0; i < n; i++) {\n            queue.add(sc.nextInt());\n        }\n        for (int i = 0; i <= n / 2; i++) {\n            long v1 = queue.poll();\n            if (queue.isEmpty()) {\n                ans += v1;\n            } else {\n                long v2 = queue.poll();\n                long vs = v1 + v2;\n                ans += Math.abs(vs);\n            }\n        }\n        System.out.println(ans);\n    }\n}",
            "covered_code": "Given the test case input and the Java program, let's develop a step-by-step execution plan to predict code coverage.\n\n### Test Case Input:\n-5\n3\n2\n-4\n7\n1\n\n### Java Program:\n```java\npublic class Main {\n    public static void main(String[] args) {\n        Scanner sc = new Scanner(System.in);\n        int n = sc.nextInt();\n        long ans = 0;\n        PriorityQueue<Integer> queue = new PriorityQueue<>();\n        for (int i = 0; i < n; i++) {\n            queue.add(sc.nextInt());\n        }\n        for (int i = 0; i <= n / 2; i++) {\n            long v1 = queue.poll();\n            if (queue.isEmpty()) {\n                ans += v1;\n            } else {\n                long v2 = queue.poll();\n                long vs = v1 + v2;\n                ans += Math.abs(vs);\n            }\n        }\n        System.out.println(ans);\n    }\n}\n```\n\n### Execution Plan:\n1. **Scanner sc**: Statement executed for initializing the scanner.\n2. **int n**: Statement executed, reads the first input `-5`.\n3. **long ans = 0;**: Statement executed, initializing `ans` to `0`.\n4. **PriorityQueue<Integer> queue**: Statement executed, initializing the priority queue.\n5. **for-loop to add to queue**: Executed for `n` iterations, adding `-5`, `3`, `2`, `-4`, `7`, and `1` to the queue.\n6. **for-loop for calculation**: The loop should iterate `n / 2 + 1 = 3` times (since `n` is `-5`, this part of the execution plan is incorrect due to misunderstanding the input as the number of elements rather than a single element. A correction is needed here considering `n` as the count of subsequent inputs.)\n7. **queue.poll()**: Executed multiple times, retrieving and removing the smallest elements from the queue.\n8. **if (queue.isEmpty())**: Executed, checks if the queue is empty after polling.\n9. **long v2 = queue.poll();**: Executed, polls the second number from the queue.\n10. **ans += Math.abs(vs);**: Executed, calculates the absolute sum of `v1 + v2` and adds it to `ans`.\n11. **System.out.println(ans);**: Executed, prints the final value of `ans`.\n\n### Corrected Plan Due to Misinterpretation:\n- The first input should be considered the number of elements to read subsequently, not part of computation. Thus, `n` is `5`, leading to reading `3`, `2`, `-4`, `7`, `1` as elements to be processed. The loop conditions and calculations should be reconsidered based on this corrected understanding.\n\n### Corrected Execution Plan:\n1. **Scanner sc, int n, long ans = 0, PriorityQueue<Integer> queue**: All executed as part of setup.\n2. **for-loop to add to queue**: Correctly adds `3`, `2`, `-4`, `7`, `1` to the queue in `5` iterations.\n3. **for-loop for calculation**: Correctly iterates `(5 / 2) + 1 = 3` times.\n4. **queue.poll() inside loop**: Correctly executed to poll elements.\n5. **if (queue.isEmpty()) and associated else**: Correctly checks if queue is empty and handles two polled values.\n6. **System.out.println(ans);**: Correctly prints the result.\n\n### Predicted Code Coverage:\n- **Scanner sc = new Scanner(System.in);**: Executed\n- **int n = sc.nextInt();**: Executed\n- **long ans = 0;**: Executed\n- **PriorityQueue<Integer> queue = new PriorityQueue<>();**: Executed\n- **for (int i = 0; i < n; i++) { queue.add(sc.nextInt()); }**: Executed\n- **for (int i = 0; i <= n / 2; i++)**: Executed\n- **long v1 = queue.poll();**: Executed\n- **if (queue.isEmpty()) { ans += v1; }**: Executed at least once\n- **else { long v2 = queue.poll(); long vs = v1 + v2; ans += Math.abs(vs); }**: Executed for remaining iterations\n- **System.out.println(ans);**: Executed\n\n### Corrected Coverage Indicators:\n- Every line of code in the provided Java program is executed at least once with the given input, resulting in 100% code coverage for this specific test case.",
            "test_seed_coverage": [
                ">",
                ">",
                ">",
                ">",
                ">",
                ">",
                ">",
                ">",
                ">",
                ">",
                ">",
                ">",
                ">",
                ">",
                ">",
                ">",
                ">",
                ">",
                ">",
                ">",
                ">",
                ">"
            ],
            "cumulative_coverage": [
                ">",
                ">",
                ">",
                ">",
                ">",
                ">",
                ">",
                ">",
                ">",
                ">",
                ">",
                ">",
                ">",
                ">",
                ">",
                ">",
                ">",
                ">",
                ">",
                ">",
                ">",
                ">"
            ],
            "execution_output": "0",
            "cerberus_output": "",
            "execution_result": ""
        },
        {
            "test_case": [
                "Test Case Input:\n-1\n2\n3\n4\n5"
            ],
            "test_mutations": [
                "Test Case Input:\n-1\n2\n3\n4\n5"
            ],
            "initial_code": "public class Main {\n    public static void main(String[] args) {\n        Scanner sc = new Scanner(System.in);\n        int n = sc.nextInt();\n        long ans = 0;\n        PriorityQueue<Integer> queue = new PriorityQueue<>();\n        for (int i = 0; i < n; i++) {\n            queue.add(sc.nextInt());\n        }\n        for (int i = 0; i <= n / 2; i++) {\n            long v1 = queue.poll();\n            if (queue.isEmpty()) {\n                ans += v1;\n            } else {\n                long v2 = queue.poll();\n                long vs = v1 + v2;\n                ans += Math.abs(vs);\n            }\n        }\n        System.out.println(ans);\n    }\n}",
            "covered_code": "Given the input `-1 2 3 4 5` and the provided Java program, let's develop a plan for step-by-step execution to predict the code coverage:\n\n1. **Import Statements**: Although not explicitly mentioned, assuming necessary imports like `import java.util.Scanner;` and `import java.util.PriorityQueue;` are included and always executed.\n\n2. **Main Class Declaration**: Always executed. Statement `public class Main {` is covered.\n\n3. **Main Method Declaration**: Always executed. Statement `public static void main(String[] args) {` is covered.\n\n4. **Scanner and Variables Initialization**: Always executed. Statements `Scanner sc = new Scanner(System.in);`, `int n = sc.nextInt();`, and `long ans = 0;` are covered. Also, the PriorityQueue initialization `PriorityQueue<Integer> queue = new PriorityQueue<>();` is covered.\n\n5. **First For Loop Execution**: The condition `(i < n)` will be true since `n` is read from the input and in this case is 5. Thus, the loop will be executed 5 times to add elements to the queue. Statement `for (int i = 0; i < n; i++) {` and the nested `queue.add(sc.nextInt());` are covered.\n\n6. **Second For Loop Execution**: The condition `(i <= n / 2)` will be true for `(5 / 2) + 1 = 3` times due to the integer division and the loop starting from 0. Thus, the loop block will be executed 3 times. Statement `for (int i = 0; i <= n / 2; i++) {` is covered.\n\n7. **Polling from Queue and Calculation**: Inside the second loop, the `queue.poll()` and subsequent if-else logic is always executed. Since the queue will not be empty on the first two iterations due to the input size, both the polling operations and the if-else conditions are covered. The `Math.abs(vs)` function call is also covered.\n\n8. **Final Output**: The `System.out.println(ans);` statement after the second for loop is executed to display the final result. This statement is covered.\n\n9. **Closing Scanner**: Not shown in the provided snippet but assuming a `sc.close();` would typically be executed after use to close the scanner. If present, it would be covered.\n\n10. **Method Declarations and Closing Brackets**: Always covered.\n\nBased on this execution plan, the predicted code coverage for the provided Java program with the given test case input `-1 2 3 4 5` would be:\n\n```\n> public class Main {\n>     public static void main(String[] args) {\n>         Scanner sc = new Scanner(System.in);\n>         int n = sc.nextInt();\n>         long ans = 0;\n>         PriorityQueue<Integer> queue = new PriorityQueue<>();\n>         for (int i = 0; i < n; i++) {\n>             queue.add(sc.nextInt());\n>         }\n>         for (int i = 0; i <= n / 2; i++) {\n>             long v1 = queue.poll();\n>             if (queue.isEmpty()) {\n>                 ans += v1;\n>             } else {\n>                 long v2 = queue.poll();\n>                 long vs = v1 + v2;\n>                 ans += Math.abs(vs);\n>             }\n>         }\n>         System.out.println(ans);\n>     }\n> }\n```\n\nThere are no statements marked as not executed because with the provided input, all parts of the for loops and conditional logic are executed at least once.",
            "test_seed_coverage": [
                ">",
                ">",
                ">",
                ">",
                ">",
                ">",
                ">",
                ">",
                ">",
                ">",
                ">",
                ">",
                ">",
                ">",
                ">",
                ">",
                ">",
                ">",
                ">",
                ">",
                ">",
                ">"
            ],
            "cumulative_coverage": [
                ">",
                ">",
                ">",
                ">",
                ">",
                ">",
                ">",
                ">",
                ">",
                ">",
                ">",
                ">",
                ">",
                ">",
                ">",
                ">",
                ">",
                ">",
                ">",
                ">",
                ">",
                ">"
            ],
            "execution_error": "Exception in thread \"main\" java.lang.NullPointerException: Cannot invoke \"java.lang.Integer.intValue()\" because the return value of \"java.util.PriorityQueue.poll()\" is null\n\tat Main.main(Main.java:13)",
            "cerberus_output": "",
            "execution_result": "NullPointerException"
        },
        {
            "test_case": [
                "Test Case Input:\n5\n-2\n4\n6\n-8\n10"
            ],
            "test_mutations": [
                "Test Case Input:\n5\n-2\n4\n6\n-8\n10"
            ],
            "initial_code": "public class Main {\n    public static void main(String[] args) {\n        Scanner sc = new Scanner(System.in);\n        int n = sc.nextInt();\n        long ans = 0;\n        PriorityQueue<Integer> queue = new PriorityQueue<>();\n        for (int i = 0; i < n; i++) {\n            queue.add(sc.nextInt());\n        }\n        for (int i = 0; i <= n / 2; i++) {\n            long v1 = queue.poll();\n            if (queue.isEmpty()) {\n                ans += v1;\n            } else {\n                long v2 = queue.poll();\n                long vs = v1 + v2;\n                ans += Math.abs(vs);\n            }\n        }\n        System.out.println(ans);\n    }\n}",
            "covered_code": "Given the test case input and the Java program, let's develop a plan for step by step execution to predict the code coverage:\n\n**Test Case Input:**\n5\n-2\n4\n6\n-8\n10\n\n**Java Program:**\n```java\npublic class Main {\n    public static void main(String[] args) {\n        Scanner sc = new Scanner(System.in);\n        int n = sc.nextInt();\n        long ans = 0;\n        PriorityQueue<Integer> queue = new PriorityQueue<>();\n        for (int i = 0; i < n; i++) {\n            queue.add(sc.nextInt());\n        }\n        for (int i = 0; i <= n / 2; i++) {\n            long v1 = queue.poll();\n            if (queue.isEmpty()) {\n                ans += v1;\n            } else {\n                long v2 = queue.poll();\n                long vs = v1 + v2;\n                ans += Math.abs(vs);\n            }\n        }\n        System.out.println(ans);\n    }\n}\n```\n\n**Plan for Step by Step Execution:**\n\n1. **Import statements**: The import statement for `Scanner` and `PriorityQueue` classes are always executed. These lines will be covered.\n\n2. **Main Class Declaration**: The declaration of the `Main` class is always executed. This line will be covered.\n\n3. **Main Method Declaration**: The declaration of the `main` method is always executed. This line will be covered.\n\n4. **User Input and Variable Initialization**: The statements initializing the `Scanner`, reading `n`, and initializing `ans` and `queue` are always executed. These lines will be covered.\n\n5. **First For Loop Execution**: Since `n` is 5, the condition `(i < n)` is true for i = 0 to 4, so all iterations of this loop will be executed. These lines will be covered.\n\n6. **Second For Loop Execution**: The condition `(i <= n / 2)` is true for i = 0 to 2 (since `n / 2` is 2.5, and `i` is an integer, the condition is true until `i` is 2). All iterations of this loop will be executed. These lines will be covered.\n\n7. **Inside Second For Loop**:\n    - **Polling from Queue**: The `queue.poll()` method is called at least once per iteration of the loop, hence will be covered.\n    - **Checking if Queue is Empty**: The `isEmpty()` method is called to check if the queue is empty. This condition will only be true in the last iteration (because of the odd number of elements), so this line will also be covered.\n    - **Polling Second Element**: The second call to `queue.poll()` within the loop will be executed in the first two iterations but not in the last one because the queue will be empty after the first poll in the last iteration. Therefore, this line will be covered in the initial iterations but not in the last iteration.\n    - **Calculating Sum and Absolute Value**: The calculation of the sum of two polled numbers and taking the absolute value will be executed in the first two iterations. These lines will be covered.\n\n8. **Printing Result**: The statement to print the result will be executed once after the loop completes. This line will be covered.\n\n9. **Closing Brackets**: Always covered.\n\n**Final Code Coverage Prediction:**\n```\n> public class Main {\n>     public static void main(String[] args) {\n>         Scanner sc = new Scanner(System.in);\n>         int n = sc.nextInt();\n>         long ans = 0;\n>         PriorityQueue<Integer> queue = new PriorityQueue<>();\n>         for (int i = 0; i < n; i++) {\n>             queue.add(sc.nextInt());\n>         }\n>         for (int i = 0; i <= n / 2; i++) {\n>             long v1 = queue.poll();\n>             if (queue.isEmpty()) {\n>                 ans += v1;\n>             } else {\n>                 long v2 = queue.poll();\n>                 long vs = v1 + v2;\n>                 ans += Math.abs(vs);\n>             }\n>         }\n>         System.out.println(ans);\n>     }\n> }\n```\n\nAll lines of the given program are covered according to the plan based on the provided test case input.",
            "test_seed_coverage": [
                ">",
                ">",
                ">",
                ">",
                ">",
                ">",
                ">",
                ">",
                ">",
                ">",
                ">",
                ">",
                ">",
                ">",
                ">",
                ">",
                ">",
                ">",
                ">",
                ">",
                ">",
                ">"
            ],
            "cumulative_coverage": [
                ">",
                ">",
                ">",
                ">",
                ">",
                ">",
                ">",
                ">",
                ">",
                ">",
                ">",
                ">",
                ">",
                ">",
                ">",
                ">",
                ">",
                ">",
                ">",
                ">",
                ">",
                ">"
            ],
            "execution_output": "30",
            "cerberus_output": "",
            "execution_result": ""
        },
        {
            "test_case": [
                "Test Case Input:\n-5\n0\n10\n-3\n5\n2"
            ],
            "test_mutations": [
                "Test Case Input:\n-5\n0\n10\n-3\n5\n2"
            ],
            "initial_code": "public class Main {\n    public static void main(String[] args) {\n        Scanner sc = new Scanner(System.in);\n        int n = sc.nextInt();\n        long ans = 0;\n        PriorityQueue<Integer> queue = new PriorityQueue<>();\n        for (int i = 0; i < n; i++) {\n            queue.add(sc.nextInt());\n        }\n        for (int i = 0; i <= n / 2; i++) {\n            long v1 = queue.poll();\n            if (queue.isEmpty()) {\n                ans += v1;\n            } else {\n                long v2 = queue.poll();\n                long vs = v1 + v2;\n                ans += Math.abs(vs);\n            }\n        }\n        System.out.println(ans);\n    }\n}",
            "covered_code": "Given the input and the Java program, let's develop a plan for step-by-step execution to predict the code coverage.\n\n### Test Case Input:\n-5, 0, 10, -3, 5, 2\n\n### Plan for Step by Step Execution:\n1. **Import statements**: Not explicitly shown but assumed to be covered as Scanner and PriorityQueue classes are used.\n2. **Class Declaration**: Always executed. `public class Main {` is covered.\n3. **Main method declaration**: Always executed. `public static void main(String[] args) {` is covered.\n4. **Scanner instantiation and integer input**: Always executed. Statements `Scanner sc = new Scanner(System.in);` and `int n = sc.nextInt();` are covered since they are needed for further program execution.\n5. **Variable initialization and PriorityQueue instantiation**: Statements `long ans = 0;` and `PriorityQueue<Integer> queue = new PriorityQueue<>();` are executed as part of the setup before the loops.\n6. **First for loop for adding elements to the queue**: For `n=6`, this loop will run 6 times adding all input values into the PriorityQueue. Statement `for (int i = 0; i < n; i++) {` and the inner statement `queue.add(sc.nextInt());` are covered.\n7. **Second for loop for removing and processing elements from the queue**: Since `n=6`, the condition `i <= n / 2` means the loop will run 4 times (`n / 2` equals `3`, but the loop starts at `0` and includes the equality condition). All statements inside this loop are executed, including the condition to check if the queue is empty.\n8. **Output statement**: After the loop, the final value of `ans` is printed. So, the statement `System.out.println(ans);` is covered.\n\n### Code Coverage:\n\n```java\n> public class Main {\n>     public static void main(String[] args) {\n>         Scanner sc = new Scanner(System.in);\n>         int n = sc.nextInt();\n>         long ans = 0;\n>         PriorityQueue<Integer> queue = new PriorityQueue<>();\n>         for (int i = 0; i < n; i++) {\n>             queue.add(sc.nextInt());\n>         }\n>         for (int i = 0; i <= n / 2; i++) {\n>             long v1 = queue.poll();\n>             if (queue.isEmpty()) {\n>                 ans += v1;\n>             } else {\n>                 long v2 = queue.poll();\n>                 long vs = v1 + v2;\n>                 ans += Math.abs(vs);\n>             }\n>         }\n>         System.out.println(ans);\n>     }\n> }\n```\n\nSince all parts of the code are executed given the provided inputs without any exceptions, the entire code is covered.",
            "test_seed_coverage": [
                ">",
                ">",
                ">",
                ">",
                ">",
                ">",
                ">",
                ">",
                ">",
                ">",
                ">",
                ">",
                ">",
                ">",
                ">",
                ">",
                ">",
                ">",
                ">",
                ">",
                ">",
                ">"
            ],
            "cumulative_coverage": [
                ">",
                ">",
                ">",
                ">",
                ">",
                ">",
                ">",
                ">",
                ">",
                ">",
                ">",
                ">",
                ">",
                ">",
                ">",
                ">",
                ">",
                ">",
                ">",
                ">",
                ">",
                ">"
            ],
            "execution_output": "0",
            "cerberus_output": "",
            "execution_result": ""
        },
        {
            "test_case": [
                "Test Case Input:\n1\n-5"
            ],
            "test_mutations": [
                "Test Case Input:\n1\n-5"
            ],
            "initial_code": "public class Main {\n    public static void main(String[] args) {\n        Scanner sc = new Scanner(System.in);\n        int n = sc.nextInt();\n        long ans = 0;\n        PriorityQueue<Integer> queue = new PriorityQueue<>();\n        for (int i = 0; i < n; i++) {\n            queue.add(sc.nextInt());\n        }\n        for (int i = 0; i <= n / 2; i++) {\n            long v1 = queue.poll();\n            if (queue.isEmpty()) {\n                ans += v1;\n            } else {\n                long v2 = queue.poll();\n                long vs = v1 + v2;\n                ans += Math.abs(vs);\n            }\n        }\n        System.out.println(ans);\n    }\n}",
            "covered_code": "To predict the code coverage for the given code snippet and associated test case input, let's follow the step-by-step execution plan.\n\nTest Case Input:\n1\n-5\n\nJava Program:\n```java\npublic class Main {\n    public static void main(String[] args) {\n        Scanner sc = new Scanner(System.in);\n        int n = sc.nextInt();\n        long ans = 0;\n        PriorityQueue<Integer> queue = new PriorityQueue<>();\n        for (int i = 0; i < n; i++) {\n            queue.add(sc.nextInt());\n        }\n        for (int i = 0; i <= n / 2; i++) {\n            long v1 = queue.poll();\n            if (queue.isEmpty()) {\n                ans += v1;\n            } else {\n                long v2 = queue.poll();\n                long vs = v1 + v2;\n                ans += Math.abs(vs);\n            }\n        }\n        System.out.println(ans);\n    }\n}\n```\n\nPlan for step-by-step execution:\n\n1. **Scanner and Variable Initialization**: The statements for scanner initialization, reading `n`, and initializing `ans` and `queue` are always executed.\n2. **First For Loop Execution**: Since `n` is 1, the loop will execute once to add the input number (`-5`) to the priority queue.\n3. **Second For Loop Execution**: Since `n` is 1, `n / 2` evaluates to `0`. Therefore, the loop condition `i <= n / 2` is true only for `i = 0`, and the loop block will execute once.\n4. **Polling from Queue and Condition Check**: The variable `v1` will be assigned the polled value `-5` from the queue. Since the queue will be empty after polling once, the `if` condition `queue.isEmpty()` will be true.\n5. **Updating `ans` and Printing Output**: The value of `ans` will be updated with `v1` (which is `-5`), and the final value of `ans` will be printed.\n\nBased on the plan, here is the code coverage:\n\n```java\n> public class Main {\n>     public static void main(String[] args) {\n>         Scanner sc = new Scanner(System.in);\n>         int n = sc.nextInt();\n>         long ans = 0;\n>         PriorityQueue<Integer> queue = new PriorityQueue<>();\n>         for (int i = 0; i < n; i++) {\n>             queue.add(sc.nextInt());\n>         }\n>         for (int i = 0; i <= n / 2; i++) {\n>             long v1 = queue.poll();\n>             if (queue.isEmpty()) {\n>                 ans += v1;\n!             } else {\n!                 long v2 = queue.poll();\n!                 long vs = v1 + v2;\n!                 ans += Math.abs(vs);\n>             }\n>         }\n>         System.out.println(ans);\n>     }\n> }\n```\n\nSince there's only one element and the queue will be empty after one poll, the `else` block is never executed. The output shows the sum of absolute values of all pairs formed by two consecutive numbers in the queue, which in this case is just the single number `-5`, resulting in an output of `-5`.\n\nThere are no exceptions or errors in this execution based on the provided test case.",
            "test_seed_coverage": [
                ">",
                ">",
                ">",
                ">",
                ">",
                ">",
                ">",
                ">",
                ">",
                ">",
                ">",
                ">",
                ">",
                ">",
                ">",
                ">",
                ">",
                ">",
                ">",
                ">",
                ">",
                ">"
            ],
            "cumulative_coverage": [
                ">",
                ">",
                ">",
                ">",
                ">",
                ">",
                ">",
                ">",
                ">",
                ">",
                ">",
                ">",
                ">",
                ">",
                ">",
                ">",
                ">",
                ">",
                ">",
                ">",
                ">",
                ">"
            ],
            "execution_output": "-5",
            "cerberus_output": "",
            "execution_result": ""
        },
        {
            "test_case": [
                "Test Case Input:\n-5\n2\n3\n-4\n1"
            ],
            "test_mutations": [
                "Test Case Input:\n-5\n2\n3\n-4\n1"
            ],
            "initial_code": "public class Main {\n    public static void main(String[] args) {\n        Scanner sc = new Scanner(System.in);\n        int n = sc.nextInt();\n        long ans = 0;\n        PriorityQueue<Integer> queue = new PriorityQueue<>();\n        for (int i = 0; i < n; i++) {\n            queue.add(sc.nextInt());\n        }\n        for (int i = 0; i <= n / 2; i++) {\n            long v1 = queue.poll();\n            if (queue.isEmpty()) {\n                ans += v1;\n            } else {\n                long v2 = queue.poll();\n                long vs = v1 + v2;\n                ans += Math.abs(vs);\n            }\n        }\n        System.out.println(ans);\n    }\n}",
            "covered_code": "For the given test case input and Java program, we will follow the plan step by step to predict the code coverage. The test case input provided is `-5 2 3 -4 1`, which will be used during the execution of the program.\n\n**Plan for Execution:**\n\n1. **Import statements**: Since the program uses `Scanner` and `PriorityQueue`, the import statements for these classes will be executed. Statement `import java.util.*;` will be covered.\n   \n2. **Class Declaration**: The declaration of the class `Main` is always executed. Statement `public class Main {` is covered.\n\n3. **Main method declaration**: The declaration of the `main` method is always executed. Statement `public static void main(String[] args) {` is covered.\n\n4. **Variable Initialization and Scanner**: Statements initializing the `Scanner`, `n`, and `ans` variables are executed. Statements `Scanner sc = new Scanner(System.in);`, `int n = sc.nextInt();`, and `long ans = 0;` are covered.\n\n5. **PriorityQueue Initialization**: The initialization of the `PriorityQueue` is executed. Statement `PriorityQueue<Integer> queue = new PriorityQueue<>();` is covered.\n\n6. **First for loop Execution**: The first for loop is executed to add elements to the `PriorityQueue`. Statement `for (int i = 0; i < n; i++) {` and inside it `queue.add(sc.nextInt());` are covered.\n\n7. **Second for loop Execution**: This loop calculates the answer by polling elements from the queue. Since `n` is 5, this loop will execute three times (since it runs until `i <= n / 2`). All statements inside this loop are covered, including the branching conditions to check if the queue is empty.\n\n8. **Output Statement**: The statement printing the final answer is executed. Statement `System.out.println(ans);` is covered.\n\n9. **Closing Brackets**: Always covered.\n\nBased on the above plan, the predicted code coverage for the given Java program and test case input is as follows:\n\n```\n> import java.util.*;\n> public class Main {\n>     public static void main(String[] args) {\n>         Scanner sc = new Scanner(System.in);\n>         int n = sc.nextInt();\n>         long ans = 0;\n>         PriorityQueue<Integer> queue = new PriorityQueue<>();\n>         for (int i = 0; i < n; i++) {\n>             queue.add(sc.nextInt());\n>         }\n>         for (int i = 0; i <= n / 2; i++) {\n>             long v1 = queue.poll();\n>             if (queue.isEmpty()) {\n>                 ans += v1;\n>             } else {\n>                 long v2 = queue.poll();\n>                 long vs = v1 + v2;\n>                 ans += Math.abs(vs);\n>             }\n>         }\n>         System.out.println(ans);\n>     }\n> }\n```\n\n**Output:**\nThe program successfully executes without any runtime exceptions, and the output is based on the logic provided in the code, which calculates the sum based on the conditions given.",
            "test_seed_coverage": [
                ">",
                ">",
                ">",
                ">",
                ">",
                ">",
                ">",
                ">",
                ">",
                ">",
                ">",
                ">",
                ">",
                ">",
                ">",
                ">",
                ">",
                ">",
                ">",
                ">",
                ">",
                ">",
                ">"
            ],
            "cumulative_coverage": [
                ">",
                ">",
                ">",
                ">",
                ">",
                ">",
                ">",
                ">",
                ">",
                ">",
                ">",
                ">",
                ">",
                ">",
                ">",
                ">",
                ">",
                ">",
                ">",
                ">",
                ">",
                ">",
                ">"
            ],
            "execution_output": "0",
            "cerberus_output": "",
            "execution_result": ""
        },
        {
            "test_case": [
                "Test Case Input:\n-5\n2\n4\n-3\n0\n1"
            ],
            "test_mutations": [
                "Test Case Input:\n-5\n2\n4\n-3\n0\n1"
            ],
            "initial_code": "public class Main {\n    public static void main(String[] args) {\n        Scanner sc = new Scanner(System.in);\n        int n = sc.nextInt();\n        long ans = 0;\n        PriorityQueue<Integer> queue = new PriorityQueue<>();\n        for (int i = 0; i < n; i++) {\n            queue.add(sc.nextInt());\n        }\n        for (int i = 0; i <= n / 2; i++) {\n            long v1 = queue.poll();\n            if (queue.isEmpty()) {\n                ans += v1;\n            } else {\n                long v2 = queue.poll();\n                long vs = v1 + v2;\n                ans += Math.abs(vs);\n            }\n        }\n        System.out.println(ans);\n    }\n}",
            "covered_code": "Given the test case input: -5, 2, 4, -3, 0, 1, let's develop a plan for step by step execution of the Java program and predict the code coverage.\n\n### PLAN:\n\n1. **Scanner and Variable Initializations**: \"Scanner sc = new Scanner(System.in);\" and \"int n = sc.nextInt();\" statements are executed to read the input. \"long ans = 0;\" is also executed to initialize the variable for storing the final answer. All these statements are covered.\n\n2. **PriorityQueue Initialization**: \"PriorityQueue<Integer> queue = new PriorityQueue<>();\" is executed to initialize the priority queue. This statement is covered.\n\n3. **First for-loop for Adding Elements to Queue**: The loop \"for (int i = 0; i < n; i++) {\" is executed to read `n` integers from the input and add them to the priority queue. Given the input, this loop will execute 5 times to read and add -5, 2, 4, -3, 0 to the queue. This statement is covered.\n\n4. **Second for-loop for Processing Elements**: The loop \"for (int i = 0; i <= n / 2; i++) {\" is executed to process the elements of the queue. With `n = 5`, this loop will iterate 3 times (since `n / 2` is 2 and the condition is `i <= n / 2`), processing pairs of elements and the remaining single element. All statements inside this loop, including conditionals, are covered.\n\n5. **Polling from Queue and Calculation**: Inside the loop, \"long v1 = queue.poll();\" and the subsequent conditional checks and calculations are performed. These statements are covered since the program processes all elements in the queue, including the case where the queue becomes empty.\n\n6. **Output Statement**: \"System.out.println(ans);\" is executed to print the final result. This statement is covered.\n\n7. **Closing Scanner**: The scanner is implicitly closed at the end of the program (though not explicitly mentioned in the code snippet), and resources are cleaned up. The explicit call to close the scanner is not present, hence not covered.\n\n### Code Coverage Prediction:\n\n- **All statements in the main method are executed** because the program reads inputs, adds them to a priority queue, processes the queue as per the logic, and prints the output. There are no conditions or paths in the provided code snippet that are not taken based on the given input.\n\n- **Exceptions**: There are no exceptions expected from the provided code snippet with the given input. The code handles the case where the queue might be empty after a poll operation using a conditional check.\n\n### Final Code Coverage:\n\n```\n> public class Main {\n>     public static void main(String[] args) {\n>         Scanner sc = new Scanner(System.in);\n>         int n = sc.nextInt();\n>         long ans = 0;\n>         PriorityQueue<Integer> queue = new PriorityQueue<>();\n>         for (int i = 0; i < n; i++) {\n>             queue.add(sc.nextInt());\n>         }\n>         for (int i = 0; i <= n / 2; i++) {\n>             long v1 = queue.poll();\n>             if (queue.isEmpty()) {\n>                 ans += v1;\n>             } else {\n>                 long v2 = queue.poll();\n>                 long vs = v1 + v2;\n>                 ans += Math.abs(vs);\n>             }\n>         }\n>         System.out.println(ans);\n>     }\n> }\n```\n\n**Note**: Since there's a mention of \"Scanner is implicitly closed,\" but the explicit `sc.close();` statement is missing from the code snippet, it's marked as not covered in the prediction. However, in practice, this detail does not impact the logical flow or coverage of the relevant code execution paths with respect to the given input.",
            "test_seed_coverage": [
                ">",
                ">",
                ">",
                ">",
                ">",
                ">",
                ">",
                ">",
                ">",
                ">",
                ">",
                ">",
                ">",
                ">",
                ">",
                ">",
                ">",
                ">",
                ">",
                ">",
                ">",
                ">"
            ],
            "cumulative_coverage": [
                ">",
                ">",
                ">",
                ">",
                ">",
                ">",
                ">",
                ">",
                ">",
                ">",
                ">",
                ">",
                ">",
                ">",
                ">",
                ">",
                ">",
                ">",
                ">",
                ">",
                ">",
                ">"
            ],
            "execution_output": "0",
            "cerberus_output": "Exceptions",
            "execution_result": ""
        },
        {
            "test_case": [
                "Test Case Input:\n5\n10\n-5\n20\n-15\n25"
            ],
            "test_mutations": [
                "Test Case Input:\n5\n10\n-5\n20\n-15\n25"
            ],
            "initial_code": "public class Main {\n    public static void main(String[] args) {\n        Scanner sc = new Scanner(System.in);\n        int n = sc.nextInt();\n        long ans = 0;\n        PriorityQueue<Integer> queue = new PriorityQueue<>();\n        for (int i = 0; i < n; i++) {\n            queue.add(sc.nextInt());\n        }\n        for (int i = 0; i <= n / 2; i++) {\n            long v1 = queue.poll();\n            if (queue.isEmpty()) {\n                ans += v1;\n            } else {\n                long v2 = queue.poll();\n                long vs = v1 + v2;\n                ans += Math.abs(vs);\n            }\n        }\n        System.out.println(ans);\n    }\n}",
            "covered_code": "Given the test case input: `5 10 -5 20 -15 25`, let's develop a plan for step-by-step execution of the provided Java program to predict the code coverage.\n\n### PLAN for Step by Step Execution\n\n1. **Import Statements**: Since there's an implicit import for `java.util.Scanner` and `java.util.PriorityQueue`, these are assumed to always be executed.\n\n2. **Main Class Declaration**: The declaration of the `public class Main {` is always executed.\n\n3. **Main Method Declaration**: The declaration of the `public static void main(String[] args) {` is always executed.\n\n4. **User Input and Variable Initialization**: The statements for initializing the scanner, reading input `n`, and initializing `ans` and `queue` are always executed.\n\n5. **First For Loop Execution**: The first `for` loop reads `n` integers from the scanner and adds them to the priority queue. Given `n = 5`, this loop will execute 5 times, adding all given numbers to the queue.\n\n6. **Second For Loop Execution**: This loop processes the numbers in the queue, computing the `ans`. With `n = 5`, the condition `i <= n / 2` will be true for `i = 0, 1, 2`, hence the loop will execute 3 times.\n\n7. **Polling from Queue**: Each iteration of the second loop polls numbers from the queue. With 5 numbers in the queue and the loop running 3 times, all numbers will be polled. The condition `queue.isEmpty()` will only be true in the last iteration, after polling the last number.\n\n8. **Calculation and Accumulation in `ans`**: The `ans` variable is updated in each iteration based on the conditions. This involves arithmetic operations and a call to `Math.abs`, which are all executed.\n\n9. **Printing the Result**: The final value of `ans` is printed, which is always executed after the loop completes.\n\n10. **Closing Brackets and End of Program**: The closing brackets of the loops, methods, and class are syntactically necessary and hence considered executed.\n\n### Predicted Code Coverage\n\nGiven the plan and the input, here's the code coverage prediction:\n\n```java\n> public class Main {\n>     public static void main(String[] args) {\n>         Scanner sc = new Scanner(System.in);\n>         int n = sc.nextInt();\n>         long ans = 0;\n>         PriorityQueue<Integer> queue = new PriorityQueue<>();\n>         for (int i = 0; i < n; i++) {\n>             queue.add(sc.nextInt());\n>         }\n>         for (int i = 0; i <= n / 2; i++) {\n>             long v1 = queue.poll();\n>             if (queue.isEmpty()) {\n>                 ans += v1;\n>             } else {\n>                 long v2 = queue.poll();\n>                 long vs = v1 + v2;\n>                 ans += Math.abs(vs);\n>             }\n>         }\n>         System.out.println(ans);\n>     }\n> }\n```\n\n**Coverage**: All lines in the program are executed given the test case input provided. There are no conditional branches that are left unexecuted, and no exceptions are raised during the execution of this test case.",
            "test_seed_coverage": [
                ">",
                ">",
                ">",
                ">",
                ">",
                ">",
                ">",
                ">",
                ">",
                ">",
                ">",
                ">",
                ">",
                ">",
                ">",
                ">",
                ">",
                ">",
                ">",
                ">",
                ">",
                ">"
            ],
            "cumulative_coverage": [
                ">",
                ">",
                ">",
                ">",
                ">",
                ">",
                ">",
                ">",
                ">",
                ">",
                ">",
                ">",
                ">",
                ">",
                ">",
                ">",
                ">",
                ">",
                ">",
                ">",
                ">",
                ">"
            ],
            "execution_output": "75",
            "cerberus_output": "",
            "execution_result": ""
        },
        {
            "test_case": [
                "Test Case Input:\n-5\n0\n2\n4\n6"
            ],
            "test_mutations": [
                "Test Case Input:\n-5\n0\n2\n4\n6"
            ],
            "initial_code": "public class Main {\n    public static void main(String[] args) {\n        Scanner sc = new Scanner(System.in);\n        int n = sc.nextInt();\n        long ans = 0;\n        PriorityQueue<Integer> queue = new PriorityQueue<>();\n        for (int i = 0; i < n; i++) {\n            queue.add(sc.nextInt());\n        }\n        for (int i = 0; i <= n / 2; i++) {\n            long v1 = queue.poll();\n            if (queue.isEmpty()) {\n                ans += v1;\n            } else {\n                long v2 = queue.poll();\n                long vs = v1 + v2;\n                ans += Math.abs(vs);\n            }\n        }\n        System.out.println(ans);\n    }\n}",
            "covered_code": "Given the test case input `-5 0 2 4 6`, let's develop a plan for step-by-step execution of the provided Java program and predict the code coverage.\n\n**Plan for Execution:**\n\n1. **Import statements:** If there are any, such as `import java.util.*;` for `Scanner` and `PriorityQueue`, they are always executed. These will be covered.\n\n2. **Main class declaration:** Always executed. Statement `public class Main {` is covered.\n\n3. **Main method declaration:** Always executed. Statement `public static void main(String[] args) {` is covered.\n\n4. **Variable initialization and Scanner input:** The Scanner object initialization and the first input read (`int n = sc.nextInt();`) are always executed. These statements are covered.\n\n5. **PriorityQueue initialization:** Always executed since it is part of the setup before the loops. Statement `PriorityQueue<Integer> queue = new PriorityQueue<>();` is covered.\n\n6. **First for loop for adding elements to the queue:** The condition `i < n` will be true, and the loop will execute, adding elements to the queue. The loop and its body are covered.\n\n7. **Second for loop for calculation:** Given the input, this loop will execute as well. It involves polling from the queue and calculating the sum and absolute values. This loop and its body are covered.\n\n8. **Output statement:** The final calculated value of `ans` is printed. This statement is covered.\n\n9. **Closing the Scanner:** If present, it would be executed, but it's a good practice to close the Scanner to free resources. However, it's not explicitly mentioned in the snippet provided.\n\n10. **Closing brackets:** Always covered as part of the syntax.\n\nGiven these steps, let's predict the code coverage:\n\n```\n> public class Main {\n>     public static void main(String[] args) {\n>         Scanner sc = new Scanner(System.in);\n>         int n = sc.nextInt();\n>         long ans = 0;\n>         PriorityQueue<Integer> queue = new PriorityQueue<>();\n>         for (int i = 0; i < n; i++) {\n>             queue.add(sc.nextInt());\n>         }\n>         for (int i = 0; i <= n / 2; i++) {\n>             long v1 = queue.poll();\n>             if (queue.isEmpty()) {\n>                 ans += v1;\n>             } else {\n>                 long v2 = queue.poll();\n>                 long vs = v1 + v2;\n>                 ans += Math.abs(vs);\n>             }\n>         }\n>         System.out.println(ans);\n>     }\n> }\n```\n\n**OUTPUT:**\nIt will output the sum of the absolute values of the sums of pairs (and the last remaining number if `n` is odd) from the priority queue.\n\nGiven the input, the calculation will proceed as follows with the elements being added to the priority queue organized in ascending order due to the priority queue's nature. The loop operations will then calculate the sum based on the given logic. All statements within the provided code snippet are executed; thus, each line is marked as executed (`>`).",
            "test_seed_coverage": [
                ">",
                ">",
                ">",
                ">",
                ">",
                ">",
                ">",
                ">",
                ">",
                ">",
                ">",
                ">",
                ">",
                ">",
                ">",
                ">",
                ">",
                ">",
                ">",
                ">",
                ">",
                ">"
            ],
            "cumulative_coverage": [
                ">",
                ">",
                ">",
                ">",
                ">",
                ">",
                ">",
                ">",
                ">",
                ">",
                ">",
                ">",
                ">",
                ">",
                ">",
                ">",
                ">",
                ">",
                ">",
                ">",
                ">",
                ">"
            ],
            "execution_output": "0",
            "cerberus_output": "",
            "execution_result": ""
        },
        {
            "test_case": [
                "Test Case Input:\n-5\n0\n3\n2\n-1"
            ],
            "test_mutations": [
                "Test Case Input:\n-5\n0\n3\n2\n-1"
            ],
            "initial_code": "public class Main {\n    public static void main(String[] args) {\n        Scanner sc = new Scanner(System.in);\n        int n = sc.nextInt();\n        long ans = 0;\n        PriorityQueue<Integer> queue = new PriorityQueue<>();\n        for (int i = 0; i < n; i++) {\n            queue.add(sc.nextInt());\n        }\n        for (int i = 0; i <= n / 2; i++) {\n            long v1 = queue.poll();\n            if (queue.isEmpty()) {\n                ans += v1;\n            } else {\n                long v2 = queue.poll();\n                long vs = v1 + v2;\n                ans += Math.abs(vs);\n            }\n        }\n        System.out.println(ans);\n    }\n}",
            "covered_code": "To predict the code coverage for the provided Java program with the test case input, follow this plan for step-by-step execution:\n\n1. **Import statements**: \n   - `import java.util.Scanner;`\n   - `import java.util.PriorityQueue;`\n   - These import statements are always executed.\n\n2. **Main class declaration**: \n   - `public class Main { ... }`\n   - This is always executed.\n\n3. **Main method declaration**: \n   - `public static void main(String[] args) { ... }`\n   - This is always executed.\n\n4. **Variable initialization and Scanner object creation**: \n   - `Scanner sc = new Scanner(System.in);`\n   - `int n = sc.nextInt();`\n   - `long ans = 0;`\n   - `PriorityQueue<Integer> queue = new PriorityQueue<>();`\n   - These are executed as part of the setup for reading input and initializing variables.\n\n5. **First for loop to populate the PriorityQueue**:\n   - For the test case input `-5 0 3 2 -1`, the loop will execute 5 times, adding each number to the queue.\n\n6. **Second for loop for calculation**:\n   - This loop will run for `i = 0; i <= n / 2; i++` where `n` is 5. Thus, the loop condition will be true for `i = 0, 1, 2` (since 5/2 is 2.5, and integer division rounds down to 2; `<=` makes it iterate one more time).\n\n7. **Within the second for loop**:\n   - The poll and calculation logic inside the loop will be executed until the queue is empty or only has one element left after polling.\n   - Given the nature of the PriorityQueue (a min heap), it will arrange the input `-5 0 3 2 -1` in ascending order when polled, which means the smallest elements will be polled first for the calculation.\n   - All statements within the loop will be executed, including the condition to check if the queue is empty.\n\n8. **Output statement**:\n   - `System.out.println(ans);`\n   - This will be executed to display the final answer.\n\n**Predicted Code Coverage**:\n\n```java\n> public class Main {\n>    public static void main(String[] args) {\n>        Scanner sc = new Scanner(System.in);\n>        int n = sc.nextInt();\n>        long ans = 0;\n>        PriorityQueue<Integer> queue = new PriorityQueue<>();\n>        for (int i = 0; i < n; i++) {\n>            queue.add(sc.nextInt());\n>        }\n>        for (int i = 0; i <= n / 2; i++) {\n>            long v1 = queue.poll();\n>            if (queue.isEmpty()) {\n>                ans += v1;\n>            } else {\n>                long v2 = queue.poll();\n>                long vs = v1 + v2;\n>                ans += Math.abs(vs);\n>            }\n>        }\n>        System.out.println(ans);\n>    }\n> }\n```\n\n**Note**: The code will execute without any runtime exceptions for the given test case input. The final answer will be the result of the operations as per the logic inside the main method.",
            "test_seed_coverage": [
                ">",
                ">",
                ">",
                ">",
                ">",
                ">",
                ">",
                ">",
                ">",
                ">",
                ">",
                ">",
                ">",
                ">",
                ">",
                ">",
                ">",
                ">",
                ">",
                ">",
                ">",
                ">"
            ],
            "cumulative_coverage": [
                ">",
                ">",
                ">",
                ">",
                ">",
                ">",
                ">",
                ">",
                ">",
                ">",
                ">",
                ">",
                ">",
                ">",
                ">",
                ">",
                ">",
                ">",
                ">",
                ">",
                ">",
                ">"
            ],
            "execution_output": "0",
            "cerberus_output": "",
            "execution_result": ""
        },
        {
            "test_case": [
                "Test Case Input:\n-5\n2\n4\n1\n-3\n5"
            ],
            "test_mutations": [
                "Test Case Input:\n-5\n2\n4\n1\n-3\n5"
            ],
            "initial_code": "public class Main {\n    public static void main(String[] args) {\n        Scanner sc = new Scanner(System.in);\n        int n = sc.nextInt();\n        long ans = 0;\n        PriorityQueue<Integer> queue = new PriorityQueue<>();\n        for (int i = 0; i < n; i++) {\n            queue.add(sc.nextInt());\n        }\n        for (int i = 0; i <= n / 2; i++) {\n            long v1 = queue.poll();\n            if (queue.isEmpty()) {\n                ans += v1;\n            } else {\n                long v2 = queue.poll();\n                long vs = v1 + v2;\n                ans += Math.abs(vs);\n            }\n        }\n        System.out.println(ans);\n    }\n}",
            "covered_code": "Given the test case input and the Java program, here is the plan for step-by-step execution and the predicted code coverage:\n\nTest Case Input:\n-5\n2\n4\n1\n-3\n5\n\nPlan for Execution:\n\n1. **Import statement for Scanner class**: Always executed. Statement `import java.util.Scanner;` is covered.\n2. **Main class declaration**: Always executed. Statement `public class Main {` is covered.\n3. **Main method declaration**: Always executed. Statement `public static void main(String[] args) {` is covered.\n4. **Variable Initialization and Scanner setup**: Always executed. Statements `Scanner sc = new Scanner(System.in);`, `int n = sc.nextInt();`, and `long ans = 0;` are covered.\n5. **PriorityQueue Initialization**: Always executed. Statement `PriorityQueue<Integer> queue = new PriorityQueue<>();` is covered.\n6. **First `for` loop for adding elements to the queue**: Since `n` is given as -5, the condition `i < n` is false from the start. Therefore, the loop block will not be executed. Statement `for (int i = 0; i < n; i++) {` is covered, but the inside `queue.add(sc.nextInt());` is not executed.\n7. **Second `for` loop for processing the queue**: Since `n` is -5, the condition `i <= n / 2` is true only for the first iteration (i=0) because -5/2 evaluates to -2.5, which is truncated to -2 in integer division, making the condition true for i=0. The loop block will be executed for the first iteration. Statement `for (int i = 0; i <= n / 2; i++) {` is covered.\n8. **Polling from an empty queue**: Since the queue is empty (the first `for` loop was not executed), calling `queue.poll()` will return `null`. Attempting to assign `null` to a primitive long type will raise a `NullPointerException`.\n9. **Output statement**: Not executed because a `NullPointerException` is raised before reaching this point.\n10. **Closing the Scanner**: Not covered due to the exception raised before reaching this statement.\n\nPredicted Code Coverage:\n\n> import java.util.Scanner;\n> public class Main {\n>     public static void main(String[] args) {\n>         Scanner sc = new Scanner(System.in);\n>         int n = sc.nextInt();\n>         long ans = 0;\n>         PriorityQueue<Integer> queue = new PriorityQueue<>();\n>         for (int i = 0; i < n; i++) {\n!             queue.add(sc.nextInt());\n>         }\n>         for (int i = 0; i <= n / 2; i++) {\n!             long v1 = queue.poll();\n!             if (queue.isEmpty()) {\n!                 ans += v1;\n!             } else {\n!                 long v2 = queue.poll();\n!                 long vs = v1 + v2;\n!                 ans += Math.abs(vs);\n>             }\n>         }\n!         System.out.println(ans);\n>     }\n> }\n\nOUTPUT:\nError: `NullPointerException`\n\nThis analysis reveals that due to the negative value of `n` (-5), the first for-loop responsible for populating the queue is never executed, leading to an attempt to operate on an empty queue, which eventually results in a `NullPointerException`.",
            "test_seed_coverage": [
                ">",
                ">",
                ">",
                ">",
                ">",
                ">",
                ">",
                ">",
                ">",
                ">",
                ">",
                ">",
                ">",
                ">",
                ">",
                ">",
                ">",
                ">",
                ">",
                ">",
                ">",
                ">",
                ">"
            ],
            "cumulative_coverage": [
                ">",
                ">",
                ">",
                ">",
                ">",
                ">",
                ">",
                ">",
                ">",
                ">",
                ">",
                ">",
                ">",
                ">",
                ">",
                ">",
                ">",
                ">",
                ">",
                ">",
                ">",
                ">",
                ">"
            ],
            "execution_output": "0",
            "cerberus_output": "NullPointerException",
            "execution_result": ""
        },
        {
            "test_case": [
                "Test Case Input:\n5\n1\n2\n3\n4\n5"
            ],
            "test_mutations": [
                "Test Case Input:\n5\n1\n2\n3\n4\n5"
            ],
            "initial_code": "public class Main {\n    public static void main(String[] args) {\n        Scanner sc = new Scanner(System.in);\n        int n = sc.nextInt();\n        long ans = 0;\n        PriorityQueue<Integer> queue = new PriorityQueue<>();\n        for (int i = 0; i < n; i++) {\n            queue.add(sc.nextInt());\n        }\n        for (int i = 0; i <= n / 2; i++) {\n            long v1 = queue.poll();\n            if (queue.isEmpty()) {\n                ans += v1;\n            } else {\n                long v2 = queue.poll();\n                long vs = v1 + v2;\n                ans += Math.abs(vs);\n            }\n        }\n        System.out.println(ans);\n    }\n}",
            "covered_code": "For the given Java program and the test case input, let's develop a plan for step by step execution and predict the code coverage:\n\n**Test Case Input:**\n5\n1\n2\n3\n4\n5\n\n**Given Java Program:**\n\n```java\nimport java.util.PriorityQueue;\nimport java.util.Scanner;\n\npublic class Main {\n    public static void main(String[] args) {\n        Scanner sc = new Scanner(System.in);\n        int n = sc.nextInt();\n        long ans = 0;\n        PriorityQueue<Integer> queue = new PriorityQueue<>();\n        for (int i = 0; i < n; i++) {\n            queue.add(sc.nextInt());\n        }\n        for (int i = 0; i <= n / 2; i++) {\n            long v1 = queue.poll();\n            if (queue.isEmpty()) {\n                ans += v1;\n            } else {\n                long v2 = queue.poll();\n                long vs = v1 + v2;\n                ans += Math.abs(vs);\n            }\n        }\n        System.out.println(ans);\n    }\n}\n```\n\n**PLAN for Step by Step Execution:**\n\n1. **Import Statements:** Import statements for `java.util.PriorityQueue` and `java.util.Scanner` are always executed.\n\n2. **Main Class Declaration:** The declaration of the `Main` class is always executed.\n\n3. **Main Method Declaration:** The declaration of the `public static void main(String[] args)` method is always executed.\n\n4. **User Input and Program Output:** Execution starts with creating a `Scanner` object and reading the integer `n`. These statements are always executed since they are the first operations in the main method.\n\n5. **PriorityQueue Initialization:** The initialization of `PriorityQueue<Integer> queue = new PriorityQueue<>();` is always executed.\n\n6. **First For Loop:** This loop runs for `n` iterations to add elements to the priority queue. Since `n` is 5, all statements inside this loop are executed 5 times.\n\n7. **Second For Loop:** This loop runs until `i <= n / 2`, which evaluates to `i <= 2` (since `n` is 5). The loop body will be executed 3 times. Inside this loop, the program checks if the queue is empty and performs operations accordingly. Since the queue is initially not empty and will not be empty until the very last iteration, all statements are executed. The condition to check if the queue is empty (`if (queue.isEmpty())`) is executed every iteration but only evaluates to true in the last iteration.\n\n8. **System.out.println(ans):** The final statement to print `ans` is executed once after the loop completes.\n\n**Predicted Code Coverage:**\n\n```java\n> import java.util.PriorityQueue;\n> import java.util.Scanner;\n> public class Main {\n>     public static void main(String[] args) {\n>         Scanner sc = new Scanner(System.in);\n>         int n = sc.nextInt();\n>         long ans = 0;\n>         PriorityQueue<Integer> queue = new PriorityQueue<>();\n>         for (int i = 0; i < n; i++) {\n>             queue.add(sc.nextInt());\n>         }\n>         for (int i = 0; i <= n / 2; i++) {\n>             long v1 = queue.poll();\n>             if (queue.isEmpty()) {\n>                 ans += v1;\n>             } else {\n>                 long v2 = queue.poll();\n>                 long vs = v1 + v2;\n>                 ans += Math.abs(vs);\n>             }\n>         }\n>         System.out.println(ans);\n>     }\n> }\n```\nAll lines of the given program are covered based on the test case and the provided plan.",
            "test_seed_coverage": [
                ">",
                ">",
                ">",
                ">",
                ">",
                ">",
                ">",
                ">",
                ">",
                ">",
                ">",
                ">",
                ">",
                ">",
                ">",
                ">",
                ">",
                ">",
                ">",
                ">",
                ">",
                ">",
                ">",
                ">"
            ],
            "cumulative_coverage": [
                ">",
                ">",
                ">",
                ">",
                ">",
                ">",
                ">",
                ">",
                ">",
                ">",
                ">",
                ">",
                ">",
                ">",
                ">",
                ">",
                ">",
                ">",
                ">",
                ">",
                ">",
                ">",
                ">",
                ">"
            ],
            "execution_output": "15",
            "cerberus_output": "",
            "execution_result": ""
        },
        {
            "test_case": [
                "Test Case Input:\n5\n1\n2\n3\n4\n5"
            ],
            "test_mutations": [
                "Test Case Input:\n5\n1\n2\n3\n4\n5"
            ],
            "initial_code": "public class Main {\n    public static void main(String[] args) {\n        Scanner sc = new Scanner(System.in);\n        int n = sc.nextInt();\n        long ans = 0;\n        PriorityQueue<Integer> queue = new PriorityQueue<>();\n        for (int i = 0; i < n; i++) {\n            queue.add(sc.nextInt());\n        }\n        for (int i = 0; i <= n / 2; i++) {\n            long v1 = queue.poll();\n            if (queue.isEmpty()) {\n                ans += v1;\n            } else {\n                long v2 = queue.poll();\n                long vs = v1 + v2;\n                ans += Math.abs(vs);\n            }\n        }\n        System.out.println(ans);\n    }\n}",
            "covered_code": "For this Java program, the input and the step-by-step execution plan will be based on the provided test case input which is `5 1 2 3 4 5`. We will analyze the code to predict the code coverage.\n\n**Test Case Input:**\n`5 1 2 3 4 5`\n\n**Execution Plan:**\n\n1. **Scanner and Variable Initialization**: Statements initializing the scanner, reading `n`, and initializing `ans` and `queue` are always executed. \n\n2. **First For Loop - Queue Filling**: The loop that adds numbers to the queue will run `n` times (with `n=5` based on the input), so all statements in this loop are executed.\n\n3. **Second For Loop - Queue Processing**: This loop will run until `i` is less than or equal to `n/2`. Given `n=5`, `n/2` is `2.5`, so the loop will iterate 3 times (`i=0`, `i=1`, and `i=2`).\n\n4. **Polling from Queue**: Each iteration will execute the statement to poll an element from the queue. Given the queue will not be empty during these poll operations, these lines are executed.\n\n5. **Queue Empty Check**: The check for `queue.isEmpty()` will be false for the first two iterations and true for the last one, given an odd number of elements (`5`), and that two elements are removed per iteration except the last one where only one element is left.\n\n6. **Summation and Absolute Value Calculation**: The operations to add the polled values, calculate their absolute value, and add them to `ans` will be executed in the first two iterations.\n\n7. **Final Output**: The print statement showing `ans` is always executed after the loop finishes.\n\n**Code Coverage Prediction:**\n\n```\n> public class Main {\n>     public static void main(String[] args) {\n>         Scanner sc = new Scanner(System.in);\n>         int n = sc.nextInt();\n>         long ans = 0;\n>         PriorityQueue<Integer> queue = new PriorityQueue<>();\n>         for (int i = 0; i < n; i++) {\n>             queue.add(sc.nextInt());\n>         }\n>         for (int i = 0; i <= n / 2; i++) {\n>             long v1 = queue.poll();\n>             if (queue.isEmpty()) {\n>                 ans += v1;\n>             } else {\n>                 long v2 = queue.poll();\n>                 long vs = v1 + v2;\n>                 ans += Math.abs(vs);\n>             }\n>         }\n>         System.out.println(ans);\n>     }\n> }\n```\n\n**OUTPUT:**\nThe program does not raise any runtime exception with the given inputs, and it calculates and prints the expected result, which is the sum of absolute values of the sums of pairs of numbers from the queue, and the last number if the count is odd. Given the input `5 1 2 3 4 5`, the output will be `15` based on the logic of the code.",
            "test_seed_coverage": [
                ">",
                ">",
                ">",
                ">",
                ">",
                ">",
                ">",
                ">",
                ">",
                ">",
                ">",
                ">",
                ">",
                ">",
                ">",
                ">",
                ">",
                ">",
                ">",
                ">",
                ">",
                ">"
            ],
            "cumulative_coverage": [
                ">",
                ">",
                ">",
                ">",
                ">",
                ">",
                ">",
                ">",
                ">",
                ">",
                ">",
                ">",
                ">",
                ">",
                ">",
                ">",
                ">",
                ">",
                ">",
                ">",
                ">",
                ">"
            ],
            "execution_output": "15",
            "cerberus_output": "",
            "execution_result": ""
        },
        {
            "test_case": [
                "Test Case Input:\n-3\n5\n2\n-1"
            ],
            "test_mutations": [
                "Test Case Input:\n-3\n5\n2\n-1"
            ],
            "initial_code": "public class Main {\n    public static void main(String[] args) {\n        Scanner sc = new Scanner(System.in);\n        int n = sc.nextInt();\n        long ans = 0;\n        PriorityQueue<Integer> queue = new PriorityQueue<>();\n        for (int i = 0; i < n; i++) {\n            queue.add(sc.nextInt());\n        }\n        for (int i = 0; i <= n / 2; i++) {\n            long v1 = queue.poll();\n            if (queue.isEmpty()) {\n                ans += v1;\n            } else {\n                long v2 = queue.poll();\n                long vs = v1 + v2;\n                ans += Math.abs(vs);\n            }\n        }\n        System.out.println(ans);\n    }\n}",
            "covered_code": "Given your request, let's develop a plan for step-by-step execution of the provided Java program with the test case input and predict the code coverage accordingly. The test case input is: -3, 5, 2, -1.\n\n### Execution Plan\n\n1. **Import Statements**: Assuming implicit import of necessary classes (e.g., `Scanner`, `PriorityQueue`), these are always executed.\n2. **Class Declaration**: The statement declaring the `Main` class is always executed.\n3. **Main method declaration**: The `public static void main(String[] args)` declaration is always executed.\n4. **Variable Initialization and Scanner Input**: The creation of the `Scanner` object, reading of `n`, and the initialization of `ans` and the `PriorityQueue` are always executed.\n5. **First for-loop (Addition to Queue)**: Since `n` is -3, the condition in the first for-loop `for (int i = 0; i < n; i++)` is false. Therefore, this loop will not execute at all.\n6. **Second for-loop (Processing Queue)**: Given the value of `n` is -3, the condition `i <= n / 2` also evaluates to false (since `0 <= (-3/2)` is false). Hence, this loop will not execute either.\n7. **Output statement**: The `System.out.println(ans);` is always executed, outputting the initial value of `ans` which is 0.\n\n### Code Coverage Prediction\n\nGiven the execution plan and the peculiar scenario where `n` is negative, leading to both for-loops being skipped, the code coverage will look like this:\n\n```java\n> public class Main {\n>     public static void main(String[] args) {\n>         Scanner sc = new Scanner(System.in);\n>         int n = sc.nextInt();\n>         long ans = 0;\n>         PriorityQueue<Integer> queue = new PriorityQueue<>();\n!         for (int i = 0; i < n; i++) {\n!             queue.add(sc.nextInt());\n!         }\n!         for (int i = 0; i <= n / 2; i++) {\n!             long v1 = queue.poll();\n!             if (queue.isEmpty()) {\n!                 ans += v1;\n!             } else {\n!                 long v2 = queue.poll();\n!                 long vs = v1 + v2;\n!                 ans += Math.abs(vs);\n!             }\n>         }\n>         System.out.println(ans);\n>     }\n}\n```\n\n### Output\n\nGiven the test case and following the execution plan, the output will be `0`, and the code coverage indicates that the loops and the operations inside them were not executed due to the negative value of `n`.",
            "test_seed_coverage": [
                ">",
                ">",
                ">",
                ">",
                ">",
                ">",
                ">",
                ">",
                ">",
                ">",
                ">",
                ">",
                ">",
                ">",
                ">",
                ">",
                ">",
                ">",
                ">",
                ">",
                ">",
                ">"
            ],
            "cumulative_coverage": [
                ">",
                ">",
                ">",
                ">",
                ">",
                ">",
                ">",
                ">",
                ">",
                ">",
                ">",
                ">",
                ">",
                ">",
                ">",
                ">",
                ">",
                ">",
                ">",
                ">",
                ">",
                ">"
            ],
            "execution_output": "0",
            "cerberus_output": "",
            "execution_result": ""
        },
        {
            "test_case": [
                "Test Case Input:\n3\n5\n-2\n8"
            ],
            "test_mutations": [
                "Test Case Input:\n3\n5\n-2\n8"
            ],
            "initial_code": "public class Main {\n    public static void main(String[] args) {\n        Scanner sc = new Scanner(System.in);\n        int n = sc.nextInt();\n        long ans = 0;\n        PriorityQueue<Integer> queue = new PriorityQueue<>();\n        for (int i = 0; i < n; i++) {\n            queue.add(sc.nextInt());\n        }\n        for (int i = 0; i <= n / 2; i++) {\n            long v1 = queue.poll();\n            if (queue.isEmpty()) {\n                ans += v1;\n            } else {\n                long v2 = queue.poll();\n                long vs = v1 + v2;\n                ans += Math.abs(vs);\n            }\n        }\n        System.out.println(ans);\n    }\n}",
            "covered_code": "Given the test case input \"3\\n5\\n-2\\n8\" and the Java program provided, let's develop a plan for step-by-step execution to predict the code coverage:\n\n1. **Import statements**: Any necessary import statements for Scanner and PriorityQueue classes will be executed.\n   - Coverage: `> import java.util.Scanner;`\n   - Coverage: `> import java.util.PriorityQueue;`\n\n2. **Main Class Declaration**: Always executed.\n   - Coverage: `> public class Main {`\n\n3. **Main method declaration**: Always executed.\n   - Coverage: `> public static void main(String[] args) {`\n\n4. **User Input and Variable Initialization**: The first line of user input (`n = 3`) and variable initialization (`ans = 0`, `queue = new PriorityQueue<>()`) are always executed.\n   - Coverage: `> int n = sc.nextInt();`\n   - Coverage: `> long ans = 0;`\n   - Coverage: `> PriorityQueue<Integer> queue = new PriorityQueue<>();`\n\n5. **First for-loop Execution**: Adding elements to the PriorityQueue. Since `n = 3`, the for-loop will execute three times to read and add the numbers `5`, `-2`, and `8` into the queue.\n   - Coverage: `> for (int i = 0; i < n; i++) {`\n   - Coverage: `> queue.add(sc.nextInt());`\n\n6. **Second for-loop Execution**: Processing elements from the PriorityQueue. The loop condition `i <= n / 2` (where `n = 3`) means this loop will execute twice (`i = 0` and `i = 1`).\n   - Coverage: `> for (int i = 0; i <= n / 2; i++) {`\n   - Coverage: The `if` and `else` block within this loop will be covered in different iterations:\n     - First iteration (`i = 0`): Executes the `else` block since the queue will not be empty after polling once.\n     - Second iteration (`i = 1`): Executes the `if` block since the queue will be empty after polling twice.\n\n7. **Polling from Queue and Conditional Blocks**:\n   - Coverage: `> long v1 = queue.poll();`\n   - Coverage: During the first iteration of the loop, since the queue is not empty after polling once, the `else` block is executed:\n     - Coverage: `> long v2 = queue.poll();`\n     - Coverage: `> long vs = v1 + v2;`\n     - Coverage: `> ans += Math.abs(vs);`\n   - Coverage: During the second iteration, the `if` block is executed since the queue will be empty after polling for the second time:\n     - Coverage: `> ans += v1;`\n\n8. **Output Statement**: Always executed, prints the value of `ans`.\n   - Coverage: `> System.out.println(ans);`\n\n9. **Closing Brackets**:\n   - Coverage: Always covered as they are part of the syntax.\n\nBased on the plan above, the code coverage for the provided Java program and the test case input \"3\\n5\\n-2\\n8\" is:\n\n```\n> public class Main {\n>     public static void main(String[] args) {\n>         Scanner sc = new Scanner(System.in);\n>         int n = sc.nextInt();\n>         long ans = 0;\n>         PriorityQueue<Integer> queue = new PriorityQueue<>();\n>         for (int i = 0; i < n; i++) {\n>             queue.add(sc.nextInt());\n>         }\n>         for (int i = 0; i <= n / 2; i++) {\n>             long v1 = queue.poll();\n>             if (queue.isEmpty()) {\n>                 ans += v1;\n>             } else {\n>                 long v2 = queue.poll();\n>                 long vs = v1 + v2;\n>                 ans += Math.abs(vs);\n>             }\n>         }\n>         System.out.println(ans);\n>     }\n> }\n```\n\nAll lines of the provided code snippet are covered given the specific test case input.",
            "test_seed_coverage": [
                ">",
                ">",
                ">",
                ">",
                ">",
                ">",
                ">",
                ">",
                ">",
                ">",
                ">",
                ">",
                ">",
                ">",
                ">",
                ">",
                ">",
                ">",
                ">",
                ">",
                ">",
                ">"
            ],
            "cumulative_coverage": [
                ">",
                ">",
                ">",
                ">",
                ">",
                ">",
                ">",
                ">",
                ">",
                ">",
                ">",
                ">",
                ">",
                ">",
                ">",
                ">",
                ">",
                ">",
                ">",
                ">",
                ">",
                ">"
            ],
            "execution_output": "11",
            "cerberus_output": "",
            "execution_result": ""
        },
        {
            "test_case": [
                "Test Case Input:\n-5\n7\n3\n9\n-2"
            ],
            "test_mutations": [
                "Test Case Input:\n-5\n7\n3\n9\n-2"
            ],
            "initial_code": "public class Main {\n    public static void main(String[] args) {\n        Scanner sc = new Scanner(System.in);\n        int n = sc.nextInt();\n        long ans = 0;\n        PriorityQueue<Integer> queue = new PriorityQueue<>();\n        for (int i = 0; i < n; i++) {\n            queue.add(sc.nextInt());\n        }\n        for (int i = 0; i <= n / 2; i++) {\n            long v1 = queue.poll();\n            if (queue.isEmpty()) {\n                ans += v1;\n            } else {\n                long v2 = queue.poll();\n                long vs = v1 + v2;\n                ans += Math.abs(vs);\n            }\n        }\n        System.out.println(ans);\n    }\n}",
            "covered_code": "PLAN for step by step execution of the given java program and test case:\n1. Import statements: Required import statements like \"import java.util.Scanner;\" and \"import java.util.PriorityQueue;\" will be executed.\n2. Main Class Declaration: Statement \"public class Main {\" is always executed.\n3. Main Method Declaration: Statement \"public static void main(String[] args) {\" is always executed.\n4. User Input: Statements for creating a Scanner object and reading 'n' are always executed.\n5. PriorityQueue Initialization: The statement initializing the PriorityQueue, \"PriorityQueue<Integer> queue = new PriorityQueue<>();\", is executed.\n6. First For Loop Execution: Since 'n' is given as the input, the loop iterating 'n' times to add elements to the PriorityQueue will be executed for all 'n' inputs.\n7. Second For Loop Execution: The loop that processes elements from the queue until it reaches half of the queue size (rounded down) will be executed. This involves polling elements from the queue and calculating the 'ans'.\n8. Final Output: The statement to print the final 'ans' is executed.\n9. Closing Brackets: Always covered.\n\nGiven that the test case input is \"-5 7 3 9 -2\", let's predict the code coverage:\n\n```\npublic class Main {\n>    public static void main(String[] args) {\n>        Scanner sc = new Scanner(System.in);\n>        int n = sc.nextInt(); // -5 is read as 'n'\n>        long ans = 0;\n>        PriorityQueue<Integer> queue = new PriorityQueue<>();\n>        for (int i = 0; i < n; i++) { // This loop will not execute as n is -5, which does not satisfy the loop condition.\n!           queue.add(sc.nextInt());\n        }\n>        for (int i = 0; i <= n / 2; i++) { // This loop will not execute as n is -5, making n/2 also a nonpositive number.\n!           long v1 = queue.poll();\n!           if (queue.isEmpty()) {\n!               ans += v1;\n!           } else {\n!               long v2 = queue.poll();\n!               long vs = v1 + v2;\n!               ans += Math.abs(vs);\n            }\n        }\n!        System.out.println(ans); // This line will still execute, printing the initial value of 'ans' which is 0.\n    }\n}\n```\n\nOUTPUT:\n0\n\nAnalysis and code coverage summary:\n- The loop conditions prevent the for loops from executing due to the negative value of 'n'.\n- The final output statement is executed, printing the initial value of 'ans'.\n- The expected behavior might not match the initial plan due to the negative input for 'n', affecting the loop execution.",
            "test_seed_coverage": [
                ">",
                ">",
                ">",
                ">",
                ">",
                ">",
                ">",
                ">",
                ">",
                ">",
                ">",
                ">",
                ">",
                ">",
                ">",
                ">",
                ">",
                ">",
                ">",
                ">",
                ">",
                ">"
            ],
            "cumulative_coverage": [
                ">",
                ">",
                ">",
                ">",
                ">",
                ">",
                ">",
                ">",
                ">",
                ">",
                ">",
                ">",
                ">",
                ">",
                ">",
                ">",
                ">",
                ">",
                ">",
                ">",
                ">",
                ">"
            ],
            "execution_output": "0",
            "cerberus_output": "",
            "execution_result": ""
        }
    ]
}