{
    "submission_id": "s969240516",
    "cycles": [
        {
            "test_case": [
                "Test Case Input:\n5\n1 2 3 4 5"
            ],
            "test_mutations": [
                "Test Case Input:\n5\n1 2 3 4 5"
            ],
            "initial_code": "public class Main {\n    public static void main(String[] args) {\n        Scanner sc = new Scanner(System.in);\n        int n = sc.nextInt();\n        int[] d = new int[n];\n        int[] cnt = new int[n];\n        for (int i = 0; i < n; i++) {\n            d[i] = sc.nextInt();\n            cnt[d[i]]++;\n        }\n        Arrays.sort(d);\n        long ans = 1;\n        if (d[0] != 0 || cnt[0] != 1) {\n            System.out.println(0);\n            sc.close();\n            return;\n        } else {\n            for (int i = 1; i < n; i++) {\n                for (int j = 0; j < cnt[i]; j++) {\n                    ans *= cnt[i - 1];\n                    ans %= 998244353;\n                }\n            }\n        }\n        System.out.println(ans);\n        sc.close();\n    }\n}",
            "covered_code": "Given the test case input `5 1 2 3 4 5`, let's develop a plan for step-by-step execution of the Java program and predict its code coverage.\n\n1. **Import statements**: Statements like `import java.util.Scanner;` and `import java.util.Arrays;` are always executed. These will be covered.\n   \n2. **Class Declaration**: The statement `public class Main {` is always executed.\n\n3. **Main method declaration**: The statement `public static void main(String[] args) {` is always executed.\n\n4. **Variable Initialization and Scanner Input**: Statements initializing the Scanner and reading the first integer `n`, followed by the creation of arrays `d` and `cnt` are executed since they are at the start of the `main` method and do not depend on any conditions.\n\n5. **For loop for reading inputs and incrementing counts**: The for loop `for (int i = 0; i < n; i++) {` will be executed for each value of `i` from `0` to `n-1` (where `n` is 5 in this case). This includes reading each integer into the `d` array and incrementing the corresponding value in `cnt`. However, this will cause an `ArrayIndexOutOfBoundsException` since the program attempts to access `cnt[d[i]]++` without checking if `d[i]` is within bounds of the `cnt` array which is also of size `n=5`. \n\n6. **Sorting the array**: The statement `Arrays.sort(d);` would normally be executed if not for the runtime exception occurring before this step.\n\n7. **Checking for initial conditions and calculating answer**: The segment checking if `d[0] != 0 || cnt[0] != 1` and the nested loop for calculating `ans` would be executed if the program had not encountered an exception before reaching this point.\n\n8. **Closing the Scanner**: The statement `sc.close();` is not reached due to the premature termination of the program.\n\n9. **Closing Brackets**: Always considered covered.\n\nBased on the execution plan and the provided test case, the code coverage would look like this before encountering the runtime exception:\n\n```\n> public class Main {\n>     public static void main(String[] args) {\n>         Scanner sc = new Scanner(System.in);\n>         int n = sc.nextInt();\n>         int[] d = new int[n];\n>         int[] cnt = new int[n];\n>         for (int i = 0; i < n; i++) {\n>             d[i] = sc.nextInt();\n!             cnt[d[i]]++;\n!         }\n!         Arrays.sort(d);\n!         long ans = 1;\n!         if (d[0] != 0 || cnt[0] != 1) {\n!             System.out.println(0);\n!             sc.close();\n!             return;\n!         } else {\n!             for (int i = 1; i < n; i++) {\n!                 for (int j = 0; j < cnt[i]; j++) {\n!                     ans *= cnt[i - 1];\n!                     ans %= 998244353;\n!                 }\n!             }\n!         }\n!         System.out.println(ans);\n!         sc.close();\n>     }\n> }\n```\n\n**OUTPUT**:\n```\nError: ArrayIndexOutOfBoundsException\n```\n\nThis output is due to attempting to access an index of the `cnt` array that is out of bounds. The input values `1 2 3 4 5` as indexes exceed the array's size limit (also 5, with valid indexes 0-4).",
            "test_seed_coverage": [
                ">",
                ">",
                ">",
                ">",
                ">",
                ">",
                ">",
                ">",
                "!",
                "!",
                "!",
                "!",
                "!",
                "!",
                "!",
                "!",
                "!",
                "!",
                "!",
                "!",
                "!",
                "!",
                "!",
                "!",
                "!",
                "!",
                ">",
                ">"
            ],
            "cumulative_coverage": [
                ">",
                ">",
                ">",
                ">",
                ">",
                ">",
                ">",
                ">",
                "!",
                "!",
                "!",
                "!",
                "!",
                "!",
                "!",
                "!",
                "!",
                "!",
                "!",
                "!",
                "!",
                "!",
                "!",
                "!",
                "!",
                "!",
                ">",
                ">"
            ],
            "execution_error": "Exception in thread \"main\" java.lang.ArrayIndexOutOfBoundsException: Index 5 out of bounds for length 5\n\tat Main.main(Main.java:12)",
            "cerberus_output": "ArrayIndexOutOfBoundsException",
            "execution_result": "ArrayIndexOutOfBoundsException"
        },
        {
            "test_case": [
                "Test Case Input:\n5\n3\n4\n2\n1\n0"
            ],
            "test_mutations": [
                "Test Case Input:\n5\n3\n4\n2\n1\n0"
            ],
            "initial_code": "public class Main {\n    public static void main(String[] args) {\n        Scanner sc = new Scanner(System.in);\n        int n = sc.nextInt();\n        int[] d = new int[n];\n        int[] cnt = new int[n];\n        for (int i = 0; i < n; i++) {\n            d[i] = sc.nextInt();\n            cnt[d[i]]++;\n        }\n        Arrays.sort(d);\n        long ans = 1;\n        if (d[0] != 0 || cnt[0] != 1) {\n            System.out.println(0);\n            sc.close();\n            return;\n        } else {\n            for (int i = 1; i < n; i++) {\n                for (int j = 0; j < cnt[i]; j++) {\n                    ans *= cnt[i - 1];\n                    ans %= 998244353;\n                }\n            }\n        }\n        System.out.println(ans);\n        sc.close();\n    }\n}",
            "covered_code": "To analyze code coverage for the provided Java program given the test case input `5 3 4 2 1 0`, let's develop a plan detailing step-by-step execution:\n\n1. **Import statements**: There are implicit imports (`java.util.Scanner` and `java.util.Arrays`), which are always executed when their functionality is invoked.\n   \n2. **Main class and method declaration**: The `public class Main` and `public static void main(String[] args)` are always executed.\n\n3. **Scanner and Initial Input**: The `Scanner` object is created, and the first input `n = 5` is read, covering these statements.\n\n4. **Array Initialization**: Arrays `d` and `cnt` of size `n` are initialized, covering these lines.\n\n5. **For Loop for Input and Counting**: This loop is executed `n` times, reading inputs and incrementing the count in the `cnt` array. Given that the input includes `3 4 2 1 0`, all iterations of this loop are covered.\n\n6. **Arrays.sort(d)**: The array `d` is sorted. This statement is executed and covered.\n\n7. **Check for d[0] != 0 || cnt[0] != 1**: Given the input, after sorting, `d[0]` will be `0`, and `cnt[0]` will be `1` (because `0` appears once in the input). This condition is false, so the else block is executed.\n\n8. **Nested For Loops for Answer Calculation**: The nested loops iterate over the array to calculate the variable `ans`. Given the inputs, these loops are covered in the process of calculating `ans`.\n\n9. **Final Output and Scanner Close**: The calculated answer is printed, and the `Scanner` object is closed. These statements are covered.\n\n10. **Return Statement**: The method concludes after printing `ans`, covering the implicit return at the end of the `main` method.\n\nBased on the plan, here's the predicted code coverage:\n\n```\n> public class Main {\n>     public static void main(String[] args) {\n>         Scanner sc = new Scanner(System.in);\n>         int n = sc.nextInt();\n>         int[] d = new int[n];\n>         int[] cnt = new int[n];\n>         for (int i = 0; i < n; i++) {\n>             d[i] = sc.nextInt();\n>             cnt[d[i]]++;\n>         }\n>         Arrays.sort(d);\n>         long ans = 1;\n>         if (d[0] != 0 || cnt[0] != 1) {\n!             System.out.println(0);\n!             sc.close();\n!             return;\n>         } else {\n>             for (int i = 1; i < n; i++) {\n>                 for (int j = 0; j < cnt[i]; j++) {\n>                     ans *= cnt[i - 1];\n>                     ans %= 998244353;\n>                 }\n>             }\n>         }\n>         System.out.println(ans);\n>         sc.close();\n>     }\n> }\n```\n**Note**: The plan assumes correct handling of inputs and that the index accesses in `cnt[d[i]]++` do not exceed the array bounds given the specific inputs. This is based on the understanding that `d[i]` values are within the range `[0, n-1]` for this particular test case. In a more general application, bounds checking might be necessary to prevent `ArrayIndexOutOfBoundsException`.",
            "test_seed_coverage": [
                ">",
                ">",
                ">",
                ">",
                ">",
                ">",
                ">",
                ">",
                ">",
                ">",
                ">",
                ">",
                ">",
                "!",
                "!",
                "!",
                ">",
                ">",
                ">",
                ">",
                ">",
                ">",
                ">",
                ">",
                ">",
                ">",
                ">",
                ">"
            ],
            "cumulative_coverage": [
                ">",
                ">",
                ">",
                ">",
                ">",
                ">",
                ">",
                ">",
                ">",
                ">",
                ">",
                ">",
                ">",
                "!",
                "!",
                "!",
                ">",
                ">",
                ">",
                ">",
                ">",
                ">",
                ">",
                ">",
                ">",
                ">",
                ">",
                ">"
            ],
            "execution_output": "1",
            "cerberus_output": "ArrayIndexOutOfBoundsException",
            "execution_result": ""
        },
        {
            "test_case": [
                "Test Case Input:\n4\n1\n2\n3\n4"
            ],
            "test_mutations": [
                "Test Case Input:\n4\n1\n2\n3\n4"
            ],
            "initial_code": "public class Main {\n    public static void main(String[] args) {\n        Scanner sc = new Scanner(System.in);\n        int n = sc.nextInt();\n        int[] d = new int[n];\n        int[] cnt = new int[n];\n        for (int i = 0; i < n; i++) {\n            d[i] = sc.nextInt();\n            cnt[d[i]]++;\n        }\n        Arrays.sort(d);\n        long ans = 1;\n        if (d[0] != 0 || cnt[0] != 1) {\n            System.out.println(0);\n            sc.close();\n            return;\n        } else {\n            for (int i = 1; i < n; i++) {\n                for (int j = 0; j < cnt[i]; j++) {\n                    ans *= cnt[i - 1];\n                    ans %= 998244353;\n                }\n            }\n        }\n        System.out.println(ans);\n        sc.close();\n    }\n}",
            "covered_code": "To predict the code coverage for the given Java program based on the provided test input `4 1 2 3 4`, let's develop a plan for step by step execution:\n\n1. **Import Statements Execution**: Import statements for Scanner and Arrays would be executed as they are required for the program to run.\n    > import java.util.Scanner;\n    > import java.util.Arrays;\n\n2. **Class Declaration**: The Main class declaration is always executed.\n    > public class Main {\n\n3. **Main Method Declaration**: The declaration of the `public static void main(String[] args)` method is always executed.\n    > public static void main(String[] args) {\n\n4. **Variable Initialization and Scanner Input**: The following statements are executed as they are part of setting up the program's input.\n    > Scanner sc = new Scanner(System.in);\n    > int n = sc.nextInt();\n    > int[] d = new int[n];\n    > int[] cnt = new int[n];\n\n5. **For Loop for Input Reading**: Since `n` is 4, the for loop for reading inputs and incrementing the `cnt` array will be executed 4 times.\n    > for (int i = 0; i < n; i++) {\n    >     d[i] = sc.nextInt();\n    >     cnt[d[i]]++;\n\n6. **Arrays.sort() Method Call**: This statement is executed to sort the `d` array.\n    > Arrays.sort(d);\n\n7. **Variable Initialization for `ans` and Conditional Check**: These statements are executed as part of the program's logic.\n    > long ans = 1;\n    > if (d[0] != 0 || cnt[0] != 1) {\n\n8. **Print Statement inside the If Condition**: This statement is not executed because the condition `d[0] != 0 || cnt[0] != 1` is false for the given inputs.\n    ! System.out.println(0);\n\n9. **Else Block and Nested For Loop**: The else block and its nested for loop are executed as part of calculating the answer.\n    > } else {\n    >     for (int i = 1; i < n; i++) {\n    >         for (int j = 0; j < cnt[i]; j++) {\n    >             ans *= cnt[i - 1];\n    >             ans %= 998244353;\n\n10. **Final Print Statement and Scanner Close**: These statements are executed at the end of the program to output the result and close the scanner.\n    > System.out.println(ans);\n    > sc.close();\n\n11. **Closing Brackets**: Always covered as part of code structure.\n    > }\n\nBased on the above plan, the final code coverage prediction, indicating executed (`>`) and not executed (`!`) lines, is as follows:\n\n> public class Main {\n>    public static void main(String[] args) {\n>        Scanner sc = new Scanner(System.in);\n>        int n = sc.nextInt();\n>        int[] d = new int[n];\n>        int[] cnt = new int[n];\n>        for (int i = 0; i < n; i++) {\n>            d[i] = sc.nextInt();\n>            cnt[d[i]]++;\n>        }\n>        Arrays.sort(d);\n>        long ans = 1;\n>        if (d[0] != 0 || cnt[0] != 1) {\n!            System.out.println(0);\n>            sc.close();\n>            return;\n>        } else {\n>            for (int i = 1; i < n; i++) {\n>                for (int j = 0; j < cnt[i]; j++) {\n>                    ans *= cnt[i - 1];\n>                    ans %= 998244353;\n>                }\n>            }\n>        }\n>        System.out.println(ans);\n>        sc.close();\n>    }\n> }",
            "test_seed_coverage": [
                ">",
                ">",
                ">",
                ">",
                ">",
                ">",
                ">",
                ">",
                ">",
                ">",
                ">",
                ">",
                ">",
                ">",
                "!",
                ">",
                ">",
                ">",
                ">",
                ">",
                ">",
                ">",
                ">",
                ">",
                ">",
                ">",
                ">",
                ">",
                ">",
                ">",
                ">",
                ">",
                ">",
                ">",
                ">",
                ">",
                "!",
                ">",
                ">",
                ">",
                ">",
                ">",
                ">",
                ">",
                ">",
                ">",
                ">",
                ">",
                ">",
                ">",
                ">"
            ],
            "cumulative_coverage": [
                ">",
                ">",
                ">",
                ">",
                ">",
                ">",
                ">",
                ">",
                ">",
                ">",
                ">",
                ">",
                ">",
                ">",
                "!",
                ">",
                ">",
                ">",
                ">",
                ">",
                ">",
                ">",
                ">",
                ">",
                ">",
                ">",
                ">",
                ">",
                ">",
                ">",
                ">",
                ">",
                ">",
                ">",
                ">",
                ">",
                "!",
                ">",
                ">",
                ">",
                ">",
                ">",
                ">",
                ">",
                ">",
                ">",
                ">",
                ">",
                ">",
                ">",
                ">"
            ],
            "execution_error": "Exception in thread \"main\" java.lang.ArrayIndexOutOfBoundsException: Index 4 out of bounds for length 4\n\tat Main.main(Main.java:12)",
            "cerberus_output": "",
            "execution_result": "ArrayIndexOutOfBoundsException"
        },
        {
            "test_case": [
                "Test Case Input:\n-2\n5\n7\n3\n1\n4"
            ],
            "test_mutations": [
                "Test Case Input:\n-2\n5\n7\n3\n1\n4"
            ],
            "initial_code": "public class Main {\n    public static void main(String[] args) {\n        Scanner sc = new Scanner(System.in);\n        int n = sc.nextInt();\n        int[] d = new int[n];\n        int[] cnt = new int[n];\n        for (int i = 0; i < n; i++) {\n            d[i] = sc.nextInt();\n            cnt[d[i]]++;\n        }\n        Arrays.sort(d);\n        long ans = 1;\n        if (d[0] != 0 || cnt[0] != 1) {\n            System.out.println(0);\n            sc.close();\n            return;\n        } else {\n            for (int i = 1; i < n; i++) {\n                for (int j = 0; j < cnt[i]; j++) {\n                    ans *= cnt[i - 1];\n                    ans %= 998244353;\n                }\n            }\n        }\n        System.out.println(ans);\n        sc.close();\n    }\n}",
            "covered_code": "Given the test case input and the Java program, let's develop the plan for step by step execution and predict the code coverage:\n\nTest Case Input:\n-2\n5\n7\n3\n1\n4\n\nPLAN:\n1. **Import statements**: Always executed. Statements like \"import java.util.Scanner;\" and \"import java.util.Arrays;\" will be covered.\n2. **Class Declaration**: Always executed. Statement \"public class Main {\" is covered.\n3. **Main method declaration**: Always executed. Statement \"public static void main(String[] args) {\" is covered.\n4. **Scanner and Variable Initialization**: Always executed. Statements \"Scanner sc = new Scanner(System.in);\" , \"int n = sc.nextInt();\", \"int[] d = new int[n];\", and \"int[] cnt = new int[n];\" are covered.\n5. **For loop for input and count update**: Since n is -2 (which is an invalid array size and will cause a NegativeArraySizeException at runtime before the loop starts), the statements within the for loop are not executed.\n6. **Arrays.sort(d);**: Not executed due to the exception before it.\n7. **Long ans Initialization**: Not executed due to the exception before it.\n8. **Conditional Check and ans Calculation**: Not executed due to the exception before it.\n9. **System.out.println(ans); & Scanner Close**: Not executed due to the exception before it.\n\nCode Coverage Prediction based on the plan:\n> public class Main {\n>     public static void main(String[] args) {\n>         Scanner sc = new Scanner(System.in);\n>         int n = sc.nextInt();\n!         int[] d = new int[n];\n!         int[] cnt = new int[n];\n!         for (int i = 0; i < n; i++) {\n!             d[i] = sc.nextInt();\n!             cnt[d[i]]++;\n!         }\n!         Arrays.sort(d);\n!         long ans = 1;\n!         if (d[0] != 0 || cnt[0] != 1) {\n!             System.out.println(0);\n!             sc.close();\n!             return;\n!         } else {\n!             for (int i = 1; i < n; i++) {\n!                 for (int j = 0; j < cnt[i]; j++) {\n!                     ans *= cnt[i - 1];\n!                     ans %= 998244353;\n!                 }\n!             }\n!         }\n!         System.out.println(ans);\n!         sc.close();\n>     }\n> }\n\nOUTPUT:\nError: NegativeArraySizeException\n\nThis plan and prediction indicate that due to the NegativeArraySizeException caused by the invalid input for array size (n=-2), none of the main logic of the program is executed, only the initial part of the main method is covered before the exception is thrown.",
            "test_seed_coverage": [
                ">",
                ">",
                ">",
                ">",
                ">",
                ">",
                ">",
                ">",
                ">",
                ">",
                ">",
                ">",
                ">",
                ">",
                "!",
                ">",
                ">",
                ">",
                ">",
                ">",
                ">",
                ">",
                ">",
                ">",
                ">",
                ">",
                ">",
                ">"
            ],
            "cumulative_coverage": [
                ">",
                ">",
                ">",
                ">",
                ">",
                ">",
                ">",
                ">",
                ">",
                ">",
                ">",
                ">",
                ">",
                ">",
                "!",
                ">",
                ">",
                ">",
                ">",
                ">",
                ">",
                ">",
                ">",
                ">",
                ">",
                ">",
                ">",
                ">"
            ],
            "execution_error": "Exception in thread \"main\" java.lang.NegativeArraySizeException: -2\n\tat Main.main(Main.java:8)",
            "cerberus_output": "NegativeArraySizeException",
            "execution_result": "NegativeArraySizeException"
        },
        {
            "test_case": [
                "Test Case Input:\n4\n1 2 1 3"
            ],
            "test_mutations": [
                "Test Case Input:\n4\n1 2 1 3"
            ],
            "initial_code": "public class Main {\n    public static void main(String[] args) {\n        Scanner sc = new Scanner(System.in);\n        int n = sc.nextInt();\n        int[] d = new int[n];\n        int[] cnt = new int[n];\n        for (int i = 0; i < n; i++) {\n            d[i] = sc.nextInt();\n            cnt[d[i]]++;\n        }\n        Arrays.sort(d);\n        long ans = 1;\n        if (d[0] != 0 || cnt[0] != 1) {\n            System.out.println(0);\n            sc.close();\n            return;\n        } else {\n            for (int i = 1; i < n; i++) {\n                for (int j = 0; j < cnt[i]; j++) {\n                    ans *= cnt[i - 1];\n                    ans %= 998244353;\n                }\n            }\n        }\n        System.out.println(ans);\n        sc.close();\n    }\n}",
            "covered_code": "For the given Java program and the test case input \"4\\n1 2 1 3\", let's develop a plan for step by step execution and predict the code coverage:\n\nPLAN:\n\n1. Import Statements: Not explicitly mentioned, but typically, \"import java.util.Scanner;\" and \"import java.util.Arrays;\" would be covered for this program to work.\n\n2. Class Declaration: Always executed. The declaration \"public class Main {\" is covered.\n\n3. Main Method Declaration: Always executed. \"public static void main(String[] args) {\" is covered.\n\n4. Scanner Initialization: \"Scanner sc = new Scanner(System.in);\" is executed to read input.\n\n5. Read 'n': \"int n = sc.nextInt();\" reads the first input value (4 in this case), so it's covered.\n\n6. Array Initialization: \"int[] d = new int[n];\" and \"int[] cnt = new int[n];\" are executed to initialize the arrays with size n, so these are covered.\n\n7. For Loop for Input and Count Update: Since n is 4, the for loop \"for (int i = 0; i < n; i++) {\" will iterate 4 times, reading values into the 'd' array and updating the 'cnt' array accordingly. Therefore, \"d[i] = sc.nextInt();\" and \"cnt[d[i]]++;\" are executed 4 times and covered.\n\n8. Arrays.sort Call: \"Arrays.sort(d);\" is executed to sort the 'd' array, so it's covered.\n\n9. Check for Valid Input: The if condition \"if (d[0] != 0 || cnt[0] != 1) {\" checks whether the first element is 0 and its count is 1. For the given input, this condition is false, so the else block is executed. Thus, this if statement and the corresponding \"System.out.println(0);\" are not executed.\n\n10. Else Block and Inner For Loop: The else block is executed, and the nested for loop iterates over each element starting from index 1, updating 'ans' based on 'cnt'. Both the outer and inner loops, as well as the operations within them, are covered: \"for (int i = 1; i < n; i++) {\" and \"for (int j = 0; j < cnt[i]; j++) {\".\n\n11. Final Output: \"System.out.println(ans);\" is executed to print the final answer.\n\n12. Scanner Close: \"sc.close();\" is executed to close the scanner.\n\n13. Closing Brackets: Always covered.\n\nBased on the plan and the execution steps for the given test case input \"4\\n1 2 1 3\", the code coverage would be as follows:\n\n```\n> public class Main {\n>     public static void main(String[] args) {\n>         Scanner sc = new Scanner(System.in);\n>         int n = sc.nextInt();\n>         int[] d = new int[n];\n>         int[] cnt = new int[n];\n>         for (int i = 0; i < n; i++) {\n>             d[i] = sc.nextInt();\n>             cnt[d[i]]++;\n>         }\n>         Arrays.sort(d);\n>         long ans = 1;\n!         if (d[0] != 0 || cnt[0] != 1) {\n!             System.out.println(0);\n>             sc.close();\n!             return;\n>         } else {\n>             for (int i = 1; i < n; i++) {\n>                 for (int j = 0; j < cnt[i]; j++) {\n>                     ans *= cnt[i - 1];\n>                     ans %= 998244353;\n>                 }\n>             }\n>         }\n>         System.out.println(ans);\n>         sc.close();\n>     }\n> }\n```\n\nNote: The provided plan and code coverage are based on the logic and structure of the given Java program and the specific test case provided.",
            "test_seed_coverage": [
                ">",
                ">",
                ">",
                ">",
                ">",
                ">",
                ">",
                ">",
                ">",
                ">",
                ">",
                ">",
                ">",
                ">",
                ">",
                ">",
                ">",
                ">",
                ">",
                ">",
                ">",
                ">",
                ">",
                ">",
                ">",
                ">",
                ">",
                ">"
            ],
            "cumulative_coverage": [
                ">",
                ">",
                ">",
                ">",
                ">",
                ">",
                ">",
                ">",
                ">",
                ">",
                ">",
                ">",
                ">",
                ">",
                ">",
                ">",
                ">",
                ">",
                ">",
                ">",
                ">",
                ">",
                ">",
                ">",
                ">",
                ">",
                ">",
                ">"
            ],
            "execution_output": "0",
            "cerberus_output": "",
            "execution_result": ""
        },
        {
            "test_case": [
                "Test Case Input:\n5\n2\n3\n4\n5\n6"
            ],
            "test_mutations": [
                "Test Case Input:\n5\n2\n3\n4\n5\n6"
            ],
            "initial_code": "public class Main {\n    public static void main(String[] args) {\n        Scanner sc = new Scanner(System.in);\n        int n = sc.nextInt();\n        int[] d = new int[n];\n        int[] cnt = new int[n];\n        for (int i = 0; i < n; i++) {\n            d[i] = sc.nextInt();\n            cnt[d[i]]++;\n        }\n        Arrays.sort(d);\n        long ans = 1;\n        if (d[0] != 0 || cnt[0] != 1) {\n            System.out.println(0);\n            sc.close();\n            return;\n        } else {\n            for (int i = 1; i < n; i++) {\n                for (int j = 0; j < cnt[i]; j++) {\n                    ans *= cnt[i - 1];\n                    ans %= 998244353;\n                }\n            }\n        }\n        System.out.println(ans);\n        sc.close();\n    }\n}",
            "covered_code": "To predict the code coverage for the given Java program according to the test case input `5 2 3 4 5 6`, let's follow the plan step by step:\n\n1. **Import Statements**: The code snippet provided doesn't explicitly include import statements, but we can assume `import java.util.Scanner;` and `import java.util.Arrays;` are implicitly covered as they are needed for the program to compile and run.\n\n2. **Class Declaration**: The statement `public class Main {` is always executed.\n\n3. **Main Method Declaration**: The statement `public static void main(String[] args) {` is always executed.\n\n4. **Scanner Object Creation**: The statement `Scanner sc = new Scanner(System.in);` is always executed.\n\n5. **Read `n` (number of elements)**: The statement `int n = sc.nextInt();` is always executed. Given the test case, `n = 5`.\n\n6. **Array Declarations and Initialization**: The statements to declare and initialize `d` and `cnt` arrays `int[] d = new int[n];` and `int[] cnt = new int[n];` are always executed.\n\n7. **For Loop for Input and Counting**: The loop `for (int i = 0; i < n; i++) {` and its body are executed for `i = 0` to `i = 4` (since `n = 5`). Statements within the loop are executed, including reading `d[i]` and incrementing `cnt[d[i]]++`. However, this approach will lead to an `ArrayIndexOutOfBoundsException` because the input values (`2, 3, 4, 5, 6`) are used as indexes to increment the `cnt` array, exceeding its bounds (`cnt[6]++` when `cnt`'s size is 5).\n\n8. **Sorting the Array**: If the code execution were to proceed without errors, the statement `Arrays.sort(d);` would be executed.\n\n9. **Checking the First Element and Count**: The condition `if (d[0] != 0 || cnt[0] != 1) {` would be executed. Given the correct execution path, this would evaluate to true based on the provided inputs, leading to printing `0` and closing the scanner.\n\n10. **Calculating the Answer**: The nested loops within the else block would not be reached due to the above condition being true in the correct scenario, and hence not executed.\n\n11. **Printing the Answer and Closing Scanner**: The `System.out.println(ans);` and `sc.close();` statements would also be executed provided the program didn't terminate prematurely due to an exception.\n\n12. **Return Statement**: The `return;` statement inside the if condition would be executed given the condition is met.\n\nGiven the plan and the input, the actual execution of the program will result in an `ArrayIndexOutOfBoundsException` at runtime due to attempting to access an index of the `cnt` array that is out of bounds. Therefore, the program will not execute beyond the for loop that causes the exception. The correct execution path cannot proceed due to this flaw in handling array indices with input values directly.\n\nPredicted Code Coverage based on the test case and plan:\n\n```\n> public class Main {\n>     public static void main(String[] args) {\n>         Scanner sc = new Scanner(System.in);\n>         int n = sc.nextInt();\n>         int[] d = new int[n];\n>         int[] cnt = new int[n];\n>         for (int i = 0; i < n; i++) {\n>             d[i] = sc.nextInt();\n!             cnt[d[i]]++;\n>         }\n!         Arrays.sort(d);\n!         long ans = 1;\n!         if (d[0] != 0 || cnt[0] != 1) {\n!             System.out.println(0);\n!             sc.close();\n!             return;\n!         } else {\n!             for (int i = 1; i < n; i++) {\n!                 for (int j = 0; j < cnt[i]; j++) {\n!                     ans *= cnt[i - 1];\n!                     ans %= 998244353;\n!                 }\n!             }\n!         }\n!         System.out.println(ans);\n!         sc.close();\n>     }\n> }\n```\n\n**Output**: `ArrayIndexOutOfBoundsException`\n\nThis analysis assumes the reader understands that the actual program execution will halt due to the runtime exception before many of the later program statements have a chance to execute, and thus, these statements will not be covered.",
            "test_seed_coverage": [
                ">",
                ">",
                ">",
                ">",
                ">",
                ">",
                ">",
                ">",
                ">",
                ">",
                ">",
                ">",
                ">",
                ">",
                ">",
                ">",
                ">",
                ">",
                ">",
                ">",
                ">",
                ">",
                ">",
                ">",
                ">",
                ">",
                ">",
                ">"
            ],
            "cumulative_coverage": [
                ">",
                ">",
                ">",
                ">",
                ">",
                ">",
                ">",
                ">",
                ">",
                ">",
                ">",
                ">",
                ">",
                ">",
                ">",
                ">",
                ">",
                ">",
                ">",
                ">",
                ">",
                ">",
                ">",
                ">",
                ">",
                ">",
                ">",
                ">"
            ],
            "execution_error": "Exception in thread \"main\" java.lang.ArrayIndexOutOfBoundsException: Index 5 out of bounds for length 5\n\tat Main.main(Main.java:12)",
            "cerberus_output": "ArrayIndexOutOfBoundsException",
            "execution_result": "ArrayIndexOutOfBoundsException"
        },
        {
            "test_case": [
                "Test Case Input:\n5\n1\n2\n3\n4\n5"
            ],
            "test_mutations": [
                "Test Case Input:\n5\n1\n2\n3\n4\n5"
            ],
            "initial_code": "public class Main {\n    public static void main(String[] args) {\n        Scanner sc = new Scanner(System.in);\n        int n = sc.nextInt();\n        int[] d = new int[n];\n        int[] cnt = new int[n];\n        for (int i = 0; i < n; i++) {\n            d[i] = sc.nextInt();\n            cnt[d[i]]++;\n        }\n        Arrays.sort(d);\n        long ans = 1;\n        if (d[0] != 0 || cnt[0] != 1) {\n            System.out.println(0);\n            sc.close();\n            return;\n        } else {\n            for (int i = 1; i < n; i++) {\n                for (int j = 0; j < cnt[i]; j++) {\n                    ans *= cnt[i - 1];\n                    ans %= 998244353;\n                }\n            }\n        }\n        System.out.println(ans);\n        sc.close();\n    }\n}",
            "covered_code": "To predict the code coverage for the given Java program with the test case input `5 1 2 3 4 5`, let's follow the step-by-step execution plan as illustrated:\n\n1. **Import Statements Execution**: These are always executed, including the import for `java.util.Scanner` and `java.util.Arrays`. \n\n2. **Class Declaration**: The class declaration `public class Main {` is always executed.\n\n3. **Main Method Declaration**: The `public static void main(String[] args) {` is always executed.\n\n4. **User Input and Program Output**: Statements for initializing the Scanner and reading the first input (number of elements, `n`) are executed, i.e., `Scanner sc = new Scanner(System.in);` and `int n = sc.nextInt();`.\n\n5. **Array Declarations and For Loop Execution**: Since `n` is 5, the for loop to read `d[i]` and increment `cnt[d[i]]` is executed. Statements within this for loop are covered. This includes the array declarations `int[] d = new int[n];` and `int[] cnt = new int[n];`, and the loop itself `for (int i = 0; i < n; i++) {`.\n\n6. **Arrays.sort() Execution**: The statement `Arrays.sort(d);` is executed after input collection.\n\n7. **Check for Zero Conditions and First Loop**: The if-condition to check if `d[0] != 0 || cnt[0] != 1` is executed but not satisfied with the given inputs. Therefore, the `else` block is executed.\n\n8. **Nested Loops Execution**: The nested loops to calculate `ans` are executed since the condition in the else block is met.\n\n9. **Final Output and Scanner Close**: The `System.out.println(ans);` and `sc.close();` statements are executed.\n\n10. **Closing Brackets**: Always covered.\n\nGiven the test case input and following the execution plan, the code coverage is:\n\n```\n> public class Main {\n>     public static void main(String[] args) {\n>         Scanner sc = new Scanner(System.in);\n>         int n = sc.nextInt();\n>         int[] d = new int[n];\n>         int[] cnt = new int[n];\n>         for (int i = 0; i < n; i++) {\n>             d[i] = sc.nextInt();\n>             cnt[d[i]]++;\n>         }\n>         Arrays.sort(d);\n>         long ans = 1;\n!         if (d[0] != 0 || cnt[0] != 1) {\n!             System.out.println(0);\n>             sc.close();\n!             return;\n>         } else {\n>             for (int i = 1; i < n; i++) {\n>                 for (int j = 0; j < cnt[i]; j++) {\n>                     ans *= cnt[i - 1];\n>                     ans %= 998244353;\n>                 }\n>             }\n>         }\n>         System.out.println(ans);\n>         sc.close();\n>     }\n> }\n```\n\nEvery statement in the program is executed except for the lines within the `if` block that checks for `d[0] != 0 || cnt[0] != 1`, because this condition is not met with the given input. Thus, those specific lines related to printing `0` and the `return;` statement are not executed.",
            "test_seed_coverage": [
                ">",
                ">",
                ">",
                ">",
                ">",
                ">",
                ">",
                ">",
                ">",
                ">",
                ">",
                ">",
                ">",
                ">",
                ">",
                ">",
                ">",
                ">",
                ">",
                ">",
                ">",
                ">",
                ">",
                ">",
                ">",
                ">",
                ">",
                ">"
            ],
            "cumulative_coverage": [
                ">",
                ">",
                ">",
                ">",
                ">",
                ">",
                ">",
                ">",
                ">",
                ">",
                ">",
                ">",
                ">",
                ">",
                ">",
                ">",
                ">",
                ">",
                ">",
                ">",
                ">",
                ">",
                ">",
                ">",
                ">",
                ">",
                ">",
                ">"
            ],
            "execution_error": "Exception in thread \"main\" java.lang.ArrayIndexOutOfBoundsException: Index 5 out of bounds for length 5\n\tat Main.main(Main.java:12)",
            "cerberus_output": "",
            "execution_result": "ArrayIndexOutOfBoundsException"
        },
        {
            "test_case": [
                "Test Case Input:\n4\n5\n2\n7\n3"
            ],
            "test_mutations": [
                "Test Case Input:\n4\n5\n2\n7\n3"
            ],
            "initial_code": "public class Main {\n    public static void main(String[] args) {\n        Scanner sc = new Scanner(System.in);\n        int n = sc.nextInt();\n        int[] d = new int[n];\n        int[] cnt = new int[n];\n        for (int i = 0; i < n; i++) {\n            d[i] = sc.nextInt();\n            cnt[d[i]]++;\n        }\n        Arrays.sort(d);\n        long ans = 1;\n        if (d[0] != 0 || cnt[0] != 1) {\n            System.out.println(0);\n            sc.close();\n            return;\n        } else {\n            for (int i = 1; i < n; i++) {\n                for (int j = 0; j < cnt[i]; j++) {\n                    ans *= cnt[i - 1];\n                    ans %= 998244353;\n                }\n            }\n        }\n        System.out.println(ans);\n        sc.close();\n    }\n}",
            "covered_code": "To predict the code coverage for the given Java Program based on the provided test case input `4 5 2 7 3`, we'll follow a similar plan to the example provided. This detailed plan will take into account the program's structure and the input provided.\n\n**Step-by-Step Execution Plan:**\n\n1. **Import Statements:** Always executed. Statements such as `import java.util.Scanner;` and `import java.util.Arrays;` will be covered.\n\n2. **Class Declaration:** Always executed. The statement `public class Main {` is covered.\n\n3. **Main Method Declaration:** Always executed. The statement `public static void main(String[] args) {` is covered.\n\n4. **User Input Handling:** The statements initializing the `Scanner` and reading the first integer `n` are always executed. The statements:\n    - `Scanner sc = new Scanner(System.in);`\n    - `int n = sc.nextInt();`\n   are covered.\n\n5. **Array Declarations and Loop Execution:** The initialization of arrays `d[]` and `cnt[]` and the for loop that follows to fill these arrays will be executed. The statements:\n    - `int[] d = new int[n];`\n    - `int[] cnt = new int[n];`\n    - `for (int i = 0; i < n; i++) { /* loop content */ }`\n   are covered.\n\n6. **Array Sorting:** The `Arrays.sort(d);` call is always executed since it comes right after the for loop that fills the `d[]` array.\n\n7. **Condition Check and Early Exit:** The condition `if (d[0] != 0 || cnt[0] != 1) {` will be false because the input does not lead to `d[0]` being 0 or `cnt[0]` being anything other than 1 due to how the input is structured and how the `cnt[]` array is incremented. This path of execution will not be taken, so:\n    - `System.out.println(0);` and `sc.close();` within this block will not be executed.\n\n8. **Else Block and Nested Loops:** Since the early exit condition is not met, the program will proceed to the else block and execute the nested loops to calculate `ans`. All statements within this block will be covered.\n\n9. **Print Final Answer and Scanner Close:** The final print statement and `sc.close();` after the else block will be executed.\n\n**Predicted Code Coverage:**\n\n```\n> public class Main {\n>     public static void main(String[] args) {\n>         Scanner sc = new Scanner(System.in);\n>         int n = sc.nextInt();\n>         int[] d = new int[n];\n>         int[] cnt = new int[n];\n>         for (int i = 0; i < n; i++) {\n>             d[i] = sc.nextInt();\n>             cnt[d[i]]++;\n>         }\n>         Arrays.sort(d);\n>         long ans = 1;\n!         if (d[0] != 0 || cnt[0] != 1) {\n!             System.out.println(0);\n!             sc.close();\n!             return;\n>         } else {\n>             for (int i = 1; i < n; i++) {\n>                 for (int j = 0; j < cnt[i]; j++) {\n>                     ans *= cnt[i - 1];\n>                     ans %= 998244353;\n>                 }\n>             }\n>         }\n>         System.out.println(ans);\n>         sc.close();\n>     }\n> }\n```\n\n**Note:** The prediction assumes that the input `4 5 2 7 3` does not cause any index out of bounds exceptions. However, given this input, an `ArrayIndexOutOfBoundsException` would actually occur at `cnt[d[i]]++` because the input values `5, 2, 7, 3` exceed the bounds of the `cnt` array, which is only of size 4. This would result in a runtime exception, and the execution would stop at the point of exception, not covering any code after the exception occurs.",
            "test_seed_coverage": [
                ">",
                ">",
                ">",
                ">",
                ">",
                ">",
                ">",
                ">",
                ">",
                ">",
                ">",
                ">",
                ">",
                ">",
                ">",
                ">",
                ">",
                ">",
                ">",
                ">",
                ">",
                ">",
                ">",
                ">",
                ">",
                ">",
                ">",
                ">"
            ],
            "cumulative_coverage": [
                ">",
                ">",
                ">",
                ">",
                ">",
                ">",
                ">",
                ">",
                ">",
                ">",
                ">",
                ">",
                ">",
                ">",
                ">",
                ">",
                ">",
                ">",
                ">",
                ">",
                ">",
                ">",
                ">",
                ">",
                ">",
                ">",
                ">",
                ">"
            ],
            "execution_error": "Exception in thread \"main\" java.lang.ArrayIndexOutOfBoundsException: Index 5 out of bounds for length 4\n\tat Main.main(Main.java:12)",
            "cerberus_output": "ArrayIndexOutOfBoundsException",
            "execution_result": "ArrayIndexOutOfBoundsException"
        },
        {
            "test_case": [
                "Test Case Input:\n5\n0\n1\n2\n3\n4"
            ],
            "test_mutations": [
                "Test Case Input:\n5\n0\n1\n2\n3\n4"
            ],
            "initial_code": "public class Main {\n    public static void main(String[] args) {\n        Scanner sc = new Scanner(System.in);\n        int n = sc.nextInt();\n        int[] d = new int[n];\n        int[] cnt = new int[n];\n        for (int i = 0; i < n; i++) {\n            d[i] = sc.nextInt();\n            cnt[d[i]]++;\n        }\n        Arrays.sort(d);\n        long ans = 1;\n        if (d[0] != 0 || cnt[0] != 1) {\n            System.out.println(0);\n            sc.close();\n            return;\n        } else {\n            for (int i = 1; i < n; i++) {\n                for (int j = 0; j < cnt[i]; j++) {\n                    ans *= cnt[i - 1];\n                    ans %= 998244353;\n                }\n            }\n        }\n        System.out.println(ans);\n        sc.close();\n    }\n}",
            "covered_code": "Given the test case input `5 0 1 2 3 4`, let's develop a plan for step-by-step execution of the provided Java program and predict the code coverage.\n\n### Plan for step-by-step execution:\n1. **Import statements:** These are always executed. Statements like `import java.util.Scanner;` and `import java.util.Arrays;` will be covered.\n2. **Main class declaration:** Always executed. Statement `public class Main {` is covered.\n3. **Main method declaration:** Always executed. Statement `public static void main(String[] args) {` is covered.\n4. **Scanner and variable initialization:** These are always executed. Statements `Scanner sc = new Scanner(System.in);`, `int n = sc.nextInt();`, and array initializations `int[] d = new int[n];` and `int[] cnt = new int[n];` are covered.\n5. **For loop for input and counting:** Since `n` is 5, the for loop will execute 5 times to read inputs and increment the count of each number in `cnt` array. Statements inside the for loop are covered.\n6. **Arrays.sort call:** The statement to sort the array `d` is executed. `Arrays.sort(d);` is covered.\n7. **First if condition check:** Since `d[0]` is 0 and `cnt[0]` is 1, the if condition `if (d[0] != 0 || cnt[0] != 1) {` is not satisfied. The inside block of this if statement is not executed.\n8. **Else block execution:** The else block is executed, including the nested for loops that calculate the value of `ans`. Statements inside the else block are covered.\n9. **Output statement and Scanner closing:** The final value of `ans` is printed, and the scanner is closed. Statements `System.out.println(ans);` and `sc.close();` are covered.\n10. **Closing brackets:** Always covered.\n\n### Predicted code coverage:\n```\n> public class Main {\n>     public static void main(String[] args) {\n>         Scanner sc = new Scanner(System.in);\n>         int n = sc.nextInt();\n>         int[] d = new int[n];\n>         int[] cnt = new int[n];\n>         for (int i = 0; i < n; i++) {\n>             d[i] = sc.nextInt();\n>             cnt[d[i]]++;\n>         }\n>         Arrays.sort(d);\n>         long ans = 1;\n!         if (d[0] != 0 || cnt[0] != 1) {\n!             System.out.println(0);\n!             sc.close();\n!             return;\n>         } else {\n>             for (int i = 1; i < n; i++) {\n>                 for (int j = 0; j < cnt[i]; j++) {\n>                     ans *= cnt[i - 1];\n>                     ans %= 998244353;\n>                 }\n>             }\n>         }\n>         System.out.println(ans);\n>         sc.close();\n>     }\n> }\n```\n\n**OUTPUT:**\nGiven the inputs and the operations performed, the output would be a calculated long value according to the logic in the nested for loops, modulo 998244353. The exact output value depends on the calculations performed inside the nested for loops. Given the input `5 0 1 2 3 4`, the output will be `1` because the sequence follows the pattern where each number can form a pair with any of the previous numbers (since each of them is unique and in ascending order), but since there's only one of each, the multiplication does not change the initial value of `ans`, which is 1.",
            "test_seed_coverage": [
                ">",
                ">",
                ">",
                ">",
                ">",
                ">",
                ">",
                ">",
                ">",
                ">",
                ">",
                ">",
                ">",
                ">",
                ">",
                ">",
                ">",
                ">",
                ">",
                ">",
                ">",
                ">",
                ">",
                ">",
                ">",
                ">",
                ">",
                ">"
            ],
            "cumulative_coverage": [
                ">",
                ">",
                ">",
                ">",
                ">",
                ">",
                ">",
                ">",
                ">",
                ">",
                ">",
                ">",
                ">",
                ">",
                ">",
                ">",
                ">",
                ">",
                ">",
                ">",
                ">",
                ">",
                ">",
                ">",
                ">",
                ">",
                ">",
                ">"
            ],
            "execution_output": "1",
            "cerberus_output": "",
            "execution_result": ""
        },
        {
            "test_case": [
                "Test Case Input:\n5\n1\n2\n3\n4\n5"
            ],
            "test_mutations": [
                "Test Case Input:\n5\n1\n2\n3\n4\n5"
            ],
            "initial_code": "public class Main {\n    public static void main(String[] args) {\n        Scanner sc = new Scanner(System.in);\n        int n = sc.nextInt();\n        int[] d = new int[n];\n        int[] cnt = new int[n];\n        for (int i = 0; i < n; i++) {\n            d[i] = sc.nextInt();\n            cnt[d[i]]++;\n        }\n        Arrays.sort(d);\n        long ans = 1;\n        if (d[0] != 0 || cnt[0] != 1) {\n            System.out.println(0);\n            sc.close();\n            return;\n        } else {\n            for (int i = 1; i < n; i++) {\n                for (int j = 0; j < cnt[i]; j++) {\n                    ans *= cnt[i - 1];\n                    ans %= 998244353;\n                }\n            }\n        }\n        System.out.println(ans);\n        sc.close();\n    }\n}",
            "covered_code": "To predict code coverage for the given Java program based on the provided test case input, let's develop a plan for step-by-step execution and analyze the code coverage.\n\nTest Case Input:\n5\n1\n2\n3\n4\n5\n\n**Plan for Step by Step Execution:**\n\n1. Import statements: Import statements for Scanner and Arrays are always executed. Statement \"import java.util.Scanner;\" and \"import java.util.Arrays;\" will be covered.\n\n2. Main Class Declaration: always executed. Statement \"public class Main {\" is covered.\n\n3. Main method declaration: always executed. Statement \"public static void main(String[] args) {\" is covered.\n\n4. Scanner initialization for user input: always executed. Statement \"Scanner sc = new Scanner(System.in);\" is covered.\n\n5. Reading the first input (n): always executed. Statement \"int n = sc.nextInt();\" is covered.\n\n6. Declaration and Initialization of arrays 'd' and 'cnt': always executed. Statements \"int[] d = new int[n];\" and \"int[] cnt = new int[n];\" are covered.\n\n7. For loop for reading array 'd' and incrementing 'cnt': Since n is 5, the loop will execute 5 times, covering \"for (int i = 0; i < n; i++) {\" and its block.\n\n8. Arrays.sort(d): Sorting the 'd' array is always executed after the for loop. Statement \"Arrays.sort(d);\" is covered.\n\n9. Check if d[0] != 0 || cnt[0] != 1: This condition will be false because d[0] is 0 and cnt[0] is 1. So, the if block is not executed, but the condition check is covered.\n\n10. Else block execution: Since the condition is false, the else block is executed. Statement \"else {\" and its block are covered.\n\n11. Nested for loop inside else: Executes, as it iterates over elements in 'd' array starting from index 1, calculating 'ans'. Both for loops and their contents are covered.\n\n12. Final output (System.out.println(ans)): The final result is always printed. Statement \"System.out.println(ans);\" is covered.\n\n13. Scanner close: always executed. Statement \"sc.close();\" is covered.\n\nBased on the plan for step by step execution, here's the code coverage:\n\n> import java.util.Scanner;\n> import java.util.Arrays;\n> public class Main {\n>     public static void main(String[] args) {\n>         Scanner sc = new Scanner(System.in);\n>         int n = sc.nextInt();\n>         int[] d = new int[n];\n>         int[] cnt = new int[n];\n>         for (int i = 0; i < n; i++) {\n>             d[i] = sc.nextInt();\n>             cnt[d[i]]++;\n>         }\n>         Arrays.sort(d);\n>         long ans = 1;\n!        if (d[0] != 0 || cnt[0] != 1) {\n!            System.out.println(0);\n!            sc.close();\n!            return;\n>        } else {\n>            for (int i = 1; i < n; i++) {\n>                for (int j = 0; j < cnt[i]; j++) {\n>                    ans *= cnt[i - 1];\n>                    ans %= 998244353;\n>                }\n>            }\n>        }\n>        System.out.println(ans);\n>        sc.close();\n>    }\n> }\n\nGiven the test case does not trigger the if condition block, statements within that block are not executed, as indicated by '!' before the respective lines.",
            "test_seed_coverage": [
                ">",
                ">",
                ">",
                ">",
                ">",
                ">",
                ">",
                ">",
                ">",
                ">",
                ">",
                ">",
                ">",
                ">",
                ">",
                ">",
                ">",
                ">",
                ">",
                ">",
                ">",
                ">",
                ">",
                ">",
                ">",
                ">",
                ">",
                ">",
                ">",
                ">"
            ],
            "cumulative_coverage": [
                ">",
                ">",
                ">",
                ">",
                ">",
                ">",
                ">",
                ">",
                ">",
                ">",
                ">",
                ">",
                ">",
                ">",
                ">",
                ">",
                ">",
                ">",
                ">",
                ">",
                ">",
                ">",
                ">",
                ">",
                ">",
                ">",
                ">",
                ">",
                ">",
                ">"
            ],
            "execution_error": "Exception in thread \"main\" java.lang.ArrayIndexOutOfBoundsException: Index 5 out of bounds for length 5\n\tat Main.main(Main.java:12)",
            "cerberus_output": "",
            "execution_result": "ArrayIndexOutOfBoundsException"
        },
        {
            "test_case": [
                "Test Case Input:\n5\n1\n2\n3\n4\n5"
            ],
            "test_mutations": [
                "Test Case Input:\n5\n1\n2\n3\n4\n5"
            ],
            "initial_code": "public class Main {\n    public static void main(String[] args) {\n        Scanner sc = new Scanner(System.in);\n        int n = sc.nextInt();\n        int[] d = new int[n];\n        int[] cnt = new int[n];\n        for (int i = 0; i < n; i++) {\n            d[i] = sc.nextInt();\n            cnt[d[i]]++;\n        }\n        Arrays.sort(d);\n        long ans = 1;\n        if (d[0] != 0 || cnt[0] != 1) {\n            System.out.println(0);\n            sc.close();\n            return;\n        } else {\n            for (int i = 1; i < n; i++) {\n                for (int j = 0; j < cnt[i]; j++) {\n                    ans *= cnt[i - 1];\n                    ans %= 998244353;\n                }\n            }\n        }\n        System.out.println(ans);\n        sc.close();\n    }\n}",
            "covered_code": "To predict the code coverage for the provided Java program based on the given input, let's follow the planned steps:\n\n**Test Case Input:**\n5\n1\n2\n3\n4\n5\n\n**Plan for Step by Step Execution:**\n1. **Scanner and Variable Initialization**: Statements initializing the scanner, and reading the first input `n`, are always executed. Statements initializing arrays `d` and `cnt` of size `n` are also executed. \n   \n   > `Scanner sc = new Scanner(System.in);`  \n   > `int n = sc.nextInt();`  \n   > `int[] d = new int[n];`  \n   > `int[] cnt = new int[n];`\n\n2. **For Loop for Input and Counting**: The for loop reads `n` numbers and increments the count of each number in the `cnt` array. This loop executes `n` times according to the input size.\n\n   > For all iterations, `for (int i = 0; i < n; i++) {`  \n   > `d[i] = sc.nextInt();`  \n   > `cnt[d[i]]++;`  \n   > `}`\n\n3. **Sort and Calculate Answer**: The array `d` is sorted, and then the program calculates the answer based on the given logic. The sorting statement is executed, and the calculation of `ans` in the nested loop is executed as well.\n\n   > `Arrays.sort(d);`  \n   > `long ans = 1;`  \n   > `if (d[0] != 0 || cnt[0] != 1) {`  \n   ! `System.out.println(0);`  \n   ! `sc.close();`  \n   ! `return;`  \n   > `} else {`  \n   > For all iterations, `for (int i = 1; i < n; i++) {`  \n   > For all iterations, `for (int j = 0; j < cnt[i]; j++) {`  \n   > `ans *= cnt[i - 1];`  \n   > `ans %= 998244353;`  \n   > `}`  \n   > `}`  \n   > `}`  \n   > `System.out.println(ans);`  \n   > `sc.close();`\n\n**Error/Exception:**\nNo runtime exceptions are raised because the input provided does not lead to any out-of-bound access or arithmetic errors based on the given logic.\n\n**Final Code Coverage:**\n> public class Main {  \n>     public static void main(String[] args) {  \n>         Scanner sc = new Scanner(System.in);  \n>         int n = sc.nextInt();  \n>         int[] d = new int[n];  \n>         int[] cnt = new int[n];  \n>         for (int i = 0; i < n; i++) {  \n>             d[i] = sc.nextInt();  \n>             cnt[d[i]]++;  \n>         }  \n>         Arrays.sort(d);  \n>         long ans = 1;  \n!         if (d[0] != 0 || cnt[0] != 1) {  \n!             System.out.println(0);  \n!             sc.close();  \n!             return;  \n>         } else {  \n>             for (int i = 1; i < n; i++) {  \n>                 for (int j = 0; j < cnt[i]; j++) {  \n>                     ans *= cnt[i - 1];  \n>                     ans %= 998244353;  \n>                 }  \n>             }  \n>         }  \n>         System.out.println(ans);  \n>         sc.close();  \n>     }  \n> }  \n\n**Coverage Explanation:**\n- All statements are executed except the block inside the `if` condition because the condition `(d[0] != 0 || cnt[0] != 1)` is `false` for the given inputs. The given input starts with `1`, and there's exactly one `0` in the input, meeting the else condition criteria for processing and calculating `ans`.",
            "test_seed_coverage": [
                ">",
                ">",
                ">",
                ">",
                ">",
                ">",
                ">",
                ">",
                ">",
                ">",
                ">",
                ">",
                ">",
                ">",
                ">",
                ">",
                ">",
                ">",
                ">",
                ">",
                ">",
                ">",
                ">",
                ">",
                ">",
                ">",
                ">",
                ">",
                ">",
                ">",
                ">",
                ">",
                ">",
                ">",
                ">",
                ">",
                "!",
                "!",
                "!",
                "!",
                ">",
                ">",
                ">",
                ">",
                ">",
                ">",
                ">",
                ">",
                ">",
                ">",
                ">",
                ">"
            ],
            "cumulative_coverage": [
                ">",
                ">",
                ">",
                ">",
                ">",
                ">",
                ">",
                ">",
                ">",
                ">",
                ">",
                ">",
                ">",
                ">",
                ">",
                ">",
                ">",
                ">",
                ">",
                ">",
                ">",
                ">",
                ">",
                ">",
                ">",
                ">",
                ">",
                ">",
                ">",
                ">",
                ">",
                ">",
                ">",
                ">",
                ">",
                ">",
                "!",
                "!",
                "!",
                "!",
                ">",
                ">",
                ">",
                ">",
                ">",
                ">",
                ">",
                ">",
                ">",
                ">",
                ">",
                ">"
            ],
            "execution_error": "Exception in thread \"main\" java.lang.ArrayIndexOutOfBoundsException: Index 5 out of bounds for length 5\n\tat Main.main(Main.java:12)",
            "cerberus_output": "",
            "execution_result": "ArrayIndexOutOfBoundsException"
        },
        {
            "test_case": [
                "Test Case Input:\n-5\n0\n2\n4\n6"
            ],
            "test_mutations": [
                "Test Case Input:\n-5\n0\n2\n4\n6"
            ],
            "initial_code": "public class Main {\n    public static void main(String[] args) {\n        Scanner sc = new Scanner(System.in);\n        int n = sc.nextInt();\n        int[] d = new int[n];\n        int[] cnt = new int[n];\n        for (int i = 0; i < n; i++) {\n            d[i] = sc.nextInt();\n            cnt[d[i]]++;\n        }\n        Arrays.sort(d);\n        long ans = 1;\n        if (d[0] != 0 || cnt[0] != 1) {\n            System.out.println(0);\n            sc.close();\n            return;\n        } else {\n            for (int i = 1; i < n; i++) {\n                for (int j = 0; j < cnt[i]; j++) {\n                    ans *= cnt[i - 1];\n                    ans %= 998244353;\n                }\n            }\n        }\n        System.out.println(ans);\n        sc.close();\n    }\n}",
            "covered_code": "To predict the code coverage for the provided Java program based on the given test case input, we will follow a step-by-step plan similar to the example provided.\n\n**Test Case Input:**\n```\n-5\n0\n2\n4\n6\n```\n\n**Java Program:**\n```java\npublic class Main {\n    public static void main(String[] args) {\n        Scanner sc = new Scanner(System.in);\n        int n = sc.nextInt(); // Input: -5\n        int[] d = new int[n]; // This line will throw NegativeArraySizeException\n        int[] cnt = new int[n]; // Not executed due to exception\n        for (int i = 0; i < n; i++) { // Not executed due to exception\n            d[i] = sc.nextInt();\n            cnt[d[i]]++;\n        }\n        Arrays.sort(d); // Not executed due to exception\n        long ans = 1; // Not executed due to exception\n        if (d[0] != 0 || cnt[0] != 1) { // Not executed due to exception\n            System.out.println(0);\n            sc.close();\n            return;\n        } else { // Not executed due to exception\n            for (int i = 1; i < n; i++) { // Not executed due to exception\n                for (int j = 0; j < cnt[i]; j++) { // Not executed due to exception\n                    ans *= cnt[i - 1]; // Not executed due to exception\n                    ans %= 998244353; // Not executed due to exception\n                }\n            }\n        }\n        System.out.println(ans); // Not executed due to exception\n        sc.close(); // Not executed due to exception\n    }\n}\n```\n\n**Execution Plan:**\n\n1. Import statements: Always executed.\n2. Main class and method declaration: Always executed.\n3. Scanner object creation: Executed.\n4. Reading `n` from input: Executed.\n5. Creating array `d`: Throws `NegativeArraySizeException` because `n` is -5.\n6. Since an exception is thrown at the array creation step, all subsequent lines will not be executed.\n\n**Predicted Code Coverage:**\n\n```java\n> public class Main {\n>     public static void main(String[] args) {\n>         Scanner sc = new Scanner(System.in);\n>         int n = sc.nextInt(); // Input: -5\n!         int[] d = new int[n]; // Runtime exception: NegativeArraySizeException\n!         int[] cnt = new int[n]; // Not executed due to exception\n!         for (int i = 0; i < n; i++) { // Not executed due to exception\n!             d[i] = sc.nextInt();\n!             cnt[d[i]]++;\n!         }\n!         Arrays.sort(d); // Not executed due to exception\n!         long ans = 1; // Not executed due to exception\n!         if (d[0] != 0 || cnt[0] != 1) { // Not executed due to exception\n!             System.out.println(0);\n!             sc.close();\n!             return;\n!         } else { // Not executed due to exception\n!             for (int i = 1; i < n; i++) { // Not executed due to exception\n!                 for (int j = 0; j < cnt[i]; j++) { // Not executed due to exception\n!                     ans *= cnt[i - 1]; // Not executed due to exception\n!                     ans %= 998244353; // Not executed due to exception\n!                 }\n!             }\n!         }\n!         System.out.println(ans); // Not executed due to exception\n!         sc.close(); // Not executed due to exception\n>     }\n> }\n```\n\n**OUTPUT:**\n```\nError: NegativeArraySizeException\n```",
            "test_seed_coverage": [
                ">",
                ">",
                ">",
                ">",
                ">",
                ">",
                ">",
                ">",
                ">",
                ">",
                ">",
                ">",
                ">",
                ">",
                ">",
                ">",
                ">",
                ">",
                ">",
                ">",
                ">",
                ">",
                ">",
                ">",
                ">",
                ">",
                ">",
                ">"
            ],
            "cumulative_coverage": [
                ">",
                ">",
                ">",
                ">",
                ">",
                ">",
                ">",
                ">",
                ">",
                ">",
                ">",
                ">",
                ">",
                ">",
                ">",
                ">",
                ">",
                ">",
                ">",
                ">",
                ">",
                ">",
                ">",
                ">",
                ">",
                ">",
                ">",
                ">"
            ],
            "execution_error": "Exception in thread \"main\" java.lang.NegativeArraySizeException: -5\n\tat Main.main(Main.java:8)",
            "cerberus_output": "NegativeArraySizeException",
            "execution_result": "NegativeArraySizeException"
        },
        {
            "test_case": [
                "Test Case Input:\n5\n0 1 2 3 4"
            ],
            "test_mutations": [
                "Test Case Input:\n5\n0 1 2 3 4"
            ],
            "initial_code": "public class Main {\n    public static void main(String[] args) {\n        Scanner sc = new Scanner(System.in);\n        int n = sc.nextInt();\n        int[] d = new int[n];\n        int[] cnt = new int[n];\n        for (int i = 0; i < n; i++) {\n            d[i] = sc.nextInt();\n            cnt[d[i]]++;\n        }\n        Arrays.sort(d);\n        long ans = 1;\n        if (d[0] != 0 || cnt[0] != 1) {\n            System.out.println(0);\n            sc.close();\n            return;\n        } else {\n            for (int i = 1; i < n; i++) {\n                for (int j = 0; j < cnt[i]; j++) {\n                    ans *= cnt[i - 1];\n                    ans %= 998244353;\n                }\n            }\n        }\n        System.out.println(ans);\n        sc.close();\n    }\n}",
            "covered_code": "To predict the code coverage for the given Java program and test case input \"5\\n0 1 2 3 4\", let's follow the plan step by step:\n\n1. **Import Statements Execution**: Import statements for `Scanner` and `Arrays` classes will be executed since they are required for the program to run. Statements like `import java.util.Scanner;` and `import java.util.Arrays;` will be covered.\n\n2. **Class Declaration**: The class declaration `public class Main {` is always executed.\n\n3. **Main Method Declaration**: The declaration of the `public static void main(String[] args) {` is always executed.\n\n4. **Variable Initialization and Scanner Input**: The statements initializing the scanner, reading `n`, and initializing the arrays `d` and `cnt` are executed. These include:\n   - `Scanner sc = new Scanner(System.in);`\n   - `int n = sc.nextInt();`\n   - `int[] d = new int[n];`\n   - `int[] cnt = new int[n];`\n   All these statements are executed.\n\n5. **For Loop for Input and Counting**: The for loop that reads input into `d[i]` and increments `cnt[d[i]]` will be executed for each input value. Since `n=5`, this loop runs 5 times without any exceptions.\n   - `for (int i = 0; i < n; i++) { ... }`\n\n6. **Sorting the Array**: The statement to sort the array `d`, `Arrays.sort(d);` is executed.\n\n7. **Conditional Check and Output**: The program checks if `d[0] != 0 || cnt[0] != 1`. For the given test case, `d[0]` is `0` and `cnt[0]` is `1`, so the condition is false. The `else` block is executed.\n\n8. **Nested For Loop for Answer Calculation**: The nested for loop calculates the variable `ans` based on `cnt`. Given the inputs and the logic, this part of the code is executed without exceptions.\n\n9. **Final Output**: The final output `System.out.println(ans);` is executed to display the calculated answer.\n\n10. **Scanner Close**: The statement to close the scanner `sc.close();` is executed at the end.\n\nBased on the above steps, the code coverage for the program with the given input is:\n\n```\n> import java.util.Scanner;\n> import java.util.Arrays;\n> public class Main {\n>     public static void main(String[] args) {\n>         Scanner sc = new Scanner(System.in);\n>         int n = sc.nextInt();\n>         int[] d = new int[n];\n>         int[] cnt = new int[n];\n>         for (int i = 0; i < n; i++) {\n>             d[i] = sc.nextInt();\n>             cnt[d[i]]++;\n>         }\n>         Arrays.sort(d);\n>         long ans = 1;\n>         if (d[0] != 0 || cnt[0] != 1) {\n!             System.out.println(0);\n>             sc.close();\n>             return;\n>         } else {\n>             for (int i = 1; i < n; i++) {\n>                 for (int j = 0; j < cnt[i]; j++) {\n>                     ans *= cnt[i - 1];\n>                     ans %= 998244353;\n>                 }\n>             }\n>         }\n>         System.out.println(ans);\n>         sc.close();\n>     }\n> }\n```\n\nNo exceptions are raised in the execution with the given test inputs.",
            "test_seed_coverage": [
                ">",
                ">",
                ">",
                ">",
                ">",
                ">",
                ">",
                ">",
                ">",
                ">",
                ">",
                ">",
                ">",
                ">",
                ">",
                ">",
                ">",
                ">",
                ">",
                ">",
                ">",
                ">",
                ">",
                ">",
                ">",
                ">",
                ">",
                ">",
                ">",
                ">"
            ],
            "cumulative_coverage": [
                ">",
                ">",
                ">",
                ">",
                ">",
                ">",
                ">",
                ">",
                ">",
                ">",
                ">",
                ">",
                ">",
                ">",
                ">",
                ">",
                ">",
                ">",
                ">",
                ">",
                ">",
                ">",
                ">",
                ">",
                ">",
                ">",
                ">",
                ">",
                ">",
                ">"
            ],
            "execution_output": "1",
            "cerberus_output": "",
            "execution_result": ""
        },
        {
            "test_case": [
                "Test Case Input:\n-5\n3\n10\n7\n2\n0\n4"
            ],
            "test_mutations": [
                "Test Case Input:\n-5\n3\n10\n7\n2\n0\n4"
            ],
            "initial_code": "public class Main {\n    public static void main(String[] args) {\n        Scanner sc = new Scanner(System.in);\n        int n = sc.nextInt();\n        int[] d = new int[n];\n        int[] cnt = new int[n];\n        for (int i = 0; i < n; i++) {\n            d[i] = sc.nextInt();\n            cnt[d[i]]++;\n        }\n        Arrays.sort(d);\n        long ans = 1;\n        if (d[0] != 0 || cnt[0] != 1) {\n            System.out.println(0);\n            sc.close();\n            return;\n        } else {\n            for (int i = 1; i < n; i++) {\n                for (int j = 0; j < cnt[i]; j++) {\n                    ans *= cnt[i - 1];\n                    ans %= 998244353;\n                }\n            }\n        }\n        System.out.println(ans);\n        sc.close();\n    }\n}",
            "covered_code": "Given the test case input and the Java program, let's develop a plan for step-by-step execution and predict the code coverage.\n\nTest Case Input:\n-5\n3\n10\n7\n2\n0\n4\n\nJava Program Steps and Plan:\n1. **Scanner creation**: Always executed. Statement \"`Scanner sc = new Scanner(System.in);`\" will be covered.\n2. **Reading n**: Always executed. Statement \"`int n = sc.nextInt();`\" will be covered.\n3. **Array declarations**: Always executed. Statements \"`int[] d = new int[n];`\" and \"`int[] cnt = new int[n];`\" will be covered.\n4. **For loop for reading and counting**: The loop will be executed `n` times. Statement \"`for (int i = 0; i < n; i++) {`\" will be covered.\n5. **Reading d[i] and incrementing cnt**: For each iteration, statements inside the loop \"`d[i] = sc.nextInt();`\" and \"`cnt[d[i]]++;`\" will be executed. However, since the input includes a negative value (`-5`), attempting to increment `cnt[-5]` will raise an `ArrayIndexOutOfBoundsException`. This means the loop will not complete all iterations and any subsequent statements are not executed after this exception.\n6. **Arrays.sort call**: Not executed due to the exception raised before it could be reached.\n7. **Conditional check and calculations**: Neither the if condition nor the else block will be executed due to the exception.\n8. **Printing ans and closing scanner**: These statements are not executed because of the premature termination of the program due to the exception.\n\nFinal code coverage based on the given plan (noting that execution will stop with an exception before reaching many statements):\n```\n> public class Main {\n>     public static void main(String[] args) {\n>         Scanner sc = new Scanner(System.in);\n>         int n = sc.nextInt();\n>         int[] d = new int[n];\n>         int[] cnt = new int[n];\n>         for (int i = 0; i < n; i++) {\n>             d[i] = sc.nextInt();\n!             cnt[d[i]]++;\n!         }\n!         Arrays.sort(d);\n!         long ans = 1;\n!         if (d[0] != 0 || cnt[0] != 1) {\n!             System.out.println(0);\n!             sc.close();\n!             return;\n!         } else {\n!             for (int i = 1; i < n; i++) {\n!                 for (int j = 0; j < cnt[i]; j++) {\n!                     ans *= cnt[i - 1];\n!                     ans %= 998244353;\n!                 }\n!             }\n!         }\n!         System.out.println(ans);\n!         sc.close();\n>     }\n> }\n```\nOUTPUT:\n```\nError: ArrayIndexOutOfBoundsException\n```\nThis plan and the corresponding code coverage prediction assume that the input provided is exactly as listed at the beginning and processed in order.",
            "test_seed_coverage": [
                ">",
                ">",
                ">",
                ">",
                ">",
                ">",
                ">",
                ">",
                ">",
                ">",
                ">",
                ">",
                ">",
                ">",
                ">",
                ">",
                ">",
                ">",
                ">",
                ">",
                ">",
                ">",
                ">",
                ">",
                ">",
                ">",
                ">",
                ">"
            ],
            "cumulative_coverage": [
                ">",
                ">",
                ">",
                ">",
                ">",
                ">",
                ">",
                ">",
                ">",
                ">",
                ">",
                ">",
                ">",
                ">",
                ">",
                ">",
                ">",
                ">",
                ">",
                ">",
                ">",
                ">",
                ">",
                ">",
                ">",
                ">",
                ">",
                ">"
            ],
            "execution_error": "Exception in thread \"main\" java.lang.NegativeArraySizeException: -5\n\tat Main.main(Main.java:8)",
            "cerberus_output": "ArrayIndexOutOfBoundsException",
            "execution_result": "NegativeArraySizeException"
        },
        {
            "test_case": [
                "Test Case Input:\n5\n1\n2\n3\n4\n5"
            ],
            "test_mutations": [
                "Test Case Input:\n5\n1\n2\n3\n4\n5"
            ],
            "initial_code": "public class Main {\n    public static void main(String[] args) {\n        Scanner sc = new Scanner(System.in);\n        int n = sc.nextInt();\n        int[] d = new int[n];\n        int[] cnt = new int[n];\n        for (int i = 0; i < n; i++) {\n            d[i] = sc.nextInt();\n            cnt[d[i]]++;\n        }\n        Arrays.sort(d);\n        long ans = 1;\n        if (d[0] != 0 || cnt[0] != 1) {\n            System.out.println(0);\n            sc.close();\n            return;\n        } else {\n            for (int i = 1; i < n; i++) {\n                for (int j = 0; j < cnt[i]; j++) {\n                    ans *= cnt[i - 1];\n                    ans %= 998244353;\n                }\n            }\n        }\n        System.out.println(ans);\n        sc.close();\n    }\n}",
            "covered_code": "Given the provided test case input and the Java program, let's develop a plan for a step-by-step execution to predict the code coverage:\n\n1. **Import statements:** Import statements for Scanner and Arrays classes are always executed. Statements `import java.util.Scanner;` and `import java.util.Arrays;` will be covered.\n\n2. **Class Declaration:** Always executed. Statement `public class Main {` is covered.\n\n3. **Main method declaration:** Always executed. Statement `public static void main(String[] args) {` is covered.\n\n4. **Reading user input for `n`:** Always executed. Statements `Scanner sc = new Scanner(System.in);` and `int n = sc.nextInt();` are covered.\n\n5. **Creating arrays `d` and `cnt`:** Always executed. Statements `int[] d = new int[n];` and `int[] cnt = new int[n];` are covered since they are directly within the `main` method and do not depend on any conditions.\n\n6. **For loop for reading `d[i]` and incrementing `cnt[d[i]]`:** This loop is executed `n` times, where `n` is the first input from the user. All statements within the loop are executed since there are no conditional statements inside this loop. Statements within the loop include `d[i] = sc.nextInt();` and `cnt[d[i]]++;`.\n\n7. **Sorting the array `d`:** Always executed after the loop. Statement `Arrays.sort(d);` is covered.\n\n8. **Checking condition `if (d[0] != 0 || cnt[0] != 1)`:** This condition is checked to determine the execution path. Since the first input after `n` is `1`, and `cnt[0]` will be `1` (as there's no `0` in the input), this condition will be false. Thus, the `if` branch is not executed, and the `else` branch is executed.\n\n9. **Execution inside the `else` block:** The nested for loops inside the `else` block are executed to calculate `ans`. All statements within these loops are executed, including the multiplication and modulo operation on `ans`.\n\n10. **Printing `ans` and closing scanner:** Finally, the calculated `ans` is printed, and the `Scanner` object is closed. Statements `System.out.println(ans);` and `sc.close();` are executed.\n\nBased on the above plan, here's the code coverage:\n\n```\n> public class Main {\n>     public static void main(String[] args) {\n>         Scanner sc = new Scanner(System.in);\n>         int n = sc.nextInt();\n>         int[] d = new int[n];\n>         int[] cnt = new int[n];\n>         for (int i = 0; i < n; i++) {\n>             d[i] = sc.nextInt();\n>             cnt[d[i]]++;\n>         }\n>         Arrays.sort(d);\n>         long ans = 1;\n!         if (d[0] != 0 || cnt[0] != 1) {\n!             System.out.println(0);\n!             sc.close();\n!             return;\n>         } else {\n>             for (int i = 1; i < n; i++) {\n>                 for (int j = 0; j < cnt[i]; j++) {\n>                     ans *= cnt[i - 1];\n>                     ans %= 998244353;\n>                 }\n>             }\n>         }\n>         System.out.println(ans);\n>         sc.close();\n>     }\n> }\n```\n\n**Note:** The specific details of inputs and the corresponding updates to the `cnt` array would require actual execution to track accurately, especially to understand how the condition `if (d[0] != 0 || cnt[0] != 1)` evaluates based on varied inputs. Given the input `5 1 2 3 4 5`, the condition is false, leading to the execution of the `else` block as outlined.",
            "test_seed_coverage": [
                ">",
                ">",
                ">",
                ">",
                ">",
                ">",
                ">",
                ">",
                ">",
                ">",
                ">",
                ">",
                ">",
                ">",
                ">",
                ">",
                ">",
                ">",
                ">",
                ">",
                ">",
                ">",
                ">",
                ">",
                ">",
                ">",
                ">",
                ">"
            ],
            "cumulative_coverage": [
                ">",
                ">",
                ">",
                ">",
                ">",
                ">",
                ">",
                ">",
                ">",
                ">",
                ">",
                ">",
                ">",
                ">",
                ">",
                ">",
                ">",
                ">",
                ">",
                ">",
                ">",
                ">",
                ">",
                ">",
                ">",
                ">",
                ">",
                ">"
            ],
            "execution_error": "Exception in thread \"main\" java.lang.ArrayIndexOutOfBoundsException: Index 5 out of bounds for length 5\n\tat Main.main(Main.java:12)",
            "cerberus_output": "",
            "execution_result": "ArrayIndexOutOfBoundsException"
        },
        {
            "test_case": [
                "Test Case Input:\n5\n2\n4\n6\n8\n10"
            ],
            "test_mutations": [
                "Test Case Input:\n5\n2\n4\n6\n8\n10"
            ],
            "initial_code": "public class Main {\n    public static void main(String[] args) {\n        Scanner sc = new Scanner(System.in);\n        int n = sc.nextInt();\n        int[] d = new int[n];\n        int[] cnt = new int[n];\n        for (int i = 0; i < n; i++) {\n            d[i] = sc.nextInt();\n            cnt[d[i]]++;\n        }\n        Arrays.sort(d);\n        long ans = 1;\n        if (d[0] != 0 || cnt[0] != 1) {\n            System.out.println(0);\n            sc.close();\n            return;\n        } else {\n            for (int i = 1; i < n; i++) {\n                for (int j = 0; j < cnt[i]; j++) {\n                    ans *= cnt[i - 1];\n                    ans %= 998244353;\n                }\n            }\n        }\n        System.out.println(ans);\n        sc.close();\n    }\n}",
            "covered_code": "To predict the code coverage for the given Java program based on the provided test case input (`5 2 4 6 8 10`), let's follow the step-by-step execution plan:\n\n1. **Import Statements**: Import statements for `Scanner` and `Arrays` classes are always executed.\n2. **Main Class Declaration**: Always executed.\n3. **Main Method Declaration**: Always executed.\n4. **User Input and Program Output**: The first input statement `int n = sc.nextInt();` is executed to read `n=5`. The array initialization statements `int[] d = new int[n];` and `int[] cnt = new int[n];` are executed.\n5. **For Loop Execution for Reading Inputs and Counting**: This for loop reads the inputs `2 4 6 8 10` into array `d` and attempts to increment counts in array `cnt` based on the values read. However, since the inputs contain values larger than `n-1`, an `ArrayIndexOutOfBoundsException` will be thrown when trying to increment `cnt[d[i]]` for `d[i]` values such as `4, 6, 8, 10` which are out of bounds for `cnt` array of size `5`.\n6. **Sorting and Further Logic**: These steps are not reached due to the exception thrown in step 5. Therefore, the sorting operation, the if condition checking `d[0] != 0 || cnt[0] != 1`, and the nested loops for calculating `ans` are not executed.\n\nBased on the execution plan, the code coverage would look something like this:\n\n```\n> public class Main {\n>     public static void main(String[] args) {\n>         Scanner sc = new Scanner(System.in);\n>         int n = sc.nextInt();\n>         int[] d = new int[n];\n>         int[] cnt = new int[n];\n>         for (int i = 0; i < n; i++) {\n>             d[i] = sc.nextInt();\n!             cnt[d[i]]++;  // ArrayIndexOutOfBoundsException occurs here\n!         }\n!         Arrays.sort(d);\n!         long ans = 1;\n!         if (d[0] != 0 || cnt[0] != 1) {\n!             System.out.println(0);\n!             sc.close();\n!             return;\n!         } else {\n!             for (int i = 1; i < n; i++) {\n!                 for (int j = 0; j < cnt[i]; j++) {\n!                     ans *= cnt[i - 1];\n!                     ans %= 998244353;\n!                 }\n!             }\n!         }\n!         System.out.println(ans);\n!         sc.close();\n>     }\n> }\n```\n\n**Output/Error**:\n```\nArrayIndexOutOfBoundsException\n```\n\nNote: This analysis assumes execution is stopped at the first occurrence of an exception, which is common behavior in Java when an unhandled exception is thrown.",
            "test_seed_coverage": [
                ">",
                ">",
                ">",
                ">",
                ">",
                ">",
                ">",
                ">",
                ">",
                ">",
                ">",
                ">",
                ">",
                ">",
                ">",
                ">",
                ">",
                ">",
                ">",
                ">",
                ">",
                ">",
                ">",
                ">",
                ">",
                ">",
                ">",
                ">"
            ],
            "cumulative_coverage": [
                ">",
                ">",
                ">",
                ">",
                ">",
                ">",
                ">",
                ">",
                ">",
                ">",
                ">",
                ">",
                ">",
                ">",
                ">",
                ">",
                ">",
                ">",
                ">",
                ">",
                ">",
                ">",
                ">",
                ">",
                ">",
                ">",
                ">",
                ">"
            ],
            "execution_error": "Exception in thread \"main\" java.lang.ArrayIndexOutOfBoundsException: Index 6 out of bounds for length 5\n\tat Main.main(Main.java:12)",
            "cerberus_output": "ArrayIndexOutOfBoundsException",
            "execution_result": "ArrayIndexOutOfBoundsException"
        }
    ]
}